         1   5.90961923239564160000E+017   1.84622192734523264711E-019
         2   6.61427169730531200000E+015   3.20123346756675673419E-018
         3   5.68456440261999100000E+015   2.92904767926932046300E-018
         4   6.77846798582148400000E+015   2.84922033548127079078E-018
         5   4.69145420371424100000E+015   5.79059670801232083462E-018
         6   4.50841518991359100000E+015   5.87867653316314168470E-018
         7   3.37429971641392850000E+015   7.93605131792086693779E-018
         8   4.92245806298701840000E+016   1.07358645452852771048E-018
         9   2.58741662825992560000E+016   2.18729605637955680177E-018
        10   8.35246620835983000000E+015   4.88797361988776040443E-018
        11   4.44672627031588800000E+015   4.70215576603857598287E-018
        12   2.90433198141268720000E+016   2.01654820843149648434E-018
        13   1.37447687365665360000E+016   3.29847458375877796558E-018
        14   1.07586576237076260000E+016   3.26773604031441541336E-018
        15   5.68614835820784100000E+015   5.36236838418107280602E-018
        16   4.62091297758490240000E+017   1.90372264411412631964E-019
        17   3.24187896218796736000E+017   4.87971512545251385770E-019
        18   3.21746945854473360000E+016   9.06655091396970124387E-019
        19   3.96185028865662320000E+016   1.43376495466798344784E-018
        20   1.26176540874661220000E+016   2.60470779261087931969E-018
        21   8.07480330355312400000E+015   4.42481576071985872577E-018
        22   1.05160546617544243200E+018   7.20925891195943570849E-020
        23   7.97576677855453312000E+017   1.79418457898156985855E-019
        24   6.87351097562366464000E+017   1.59264754625505164823E-019
        25   5.34100864040817024000E+017   1.58439886171947272629E-019
        26   4.72974495211929280000E+017   3.61616487831762182226E-019
        27   6.02802057412177152000E+017   2.51540905080975673340E-019
        28   2.88476385914112256000E+017   2.25413335115465045034E-019
        29   5.86756959167324160000E+017   1.07819920272483807537E-019
        30   1.42123208201381939200E+018   9.34349745573293657463E-020
        31   9.47798174372469888000E+017   1.29512759928390562515E-019
        32   5.01813101949384192000E+017   2.59318067970998661008E-019
        33   4.72714687012976832000E+017   7.80952450485527868852E-020
        34   2.20996475475443008000E+017   2.28242485222683768767E-019
        35   4.51612068274286400000E+017   3.27622742357514067554E-019
        36   2.99840087636127350000E+015   7.74543967013545412147E-019
        37   3.72467967125316650000E+015   8.52489774996786386610E-019
        38   3.71039898757311550000E+015   3.34756402443676194591E-018
        39   4.24794552594964050000E+015   3.65611268059780759273E-018
        40   4.34746352444376150000E+015   3.32632395272990419005E-018
        41   4.03168945715701650000E+015   3.04958379855435652539E-018
        42   3.84140728326998650000E+015   2.80479867875685049557E-018
        43   6.68400606273622144000E+017   1.46639918820272562885E-019
        44   5.83518739542320640000E+017   1.19912851286185560409E-019
        45   1.37443258603606080000E+016   7.16943083106506201821E-019
        46   1.09278356252673800000E+016   8.85604091126541953223E-019
        47   1.10885909666509700000E+016   6.58129032281134148204E-019
        48   3.02564379760959720000E+016   4.20430896545954853924E-019
        49   1.27877637303156200000E+016   1.12725759616466780473E-018
        50   1.30918432724462120000E+016   9.33525113486234337602E-019
        51   1.68717012542354800000E+016   1.00962330007653398401E-018
        52   8.24861068472742400000E+015   1.33883309285627599067E-018
        53   5.25676984995119700000E+015   2.21513487785454362910E-018
        54   4.75174182337784000000E+015   2.20417406273350267161E-018
        55   6.73159342015702272000E+017   1.59640228723112184017E-019
        56   1.01851899092606496000E+017   5.46555927092614297064E-019
        57   3.22246556846007920000E+016   1.07596698871550135222E-018
        58   6.53862692265773600000E+016   4.21219835959914359743E-019
        59   1.15931394596072592000E+017   4.89096591979300912612E-019
        60   2.78997115964131320000E+016   1.45158222176542100989E-018
        61   7.82014308736814600000E+015   6.09082139616853093974E-018
        62   2.02659596774723560000E+016   2.88799201830407634171E-018
        63   1.81035040599558120000E+016   2.16056990060123552431E-018
        64   3.87845355939079100000E+015   5.39285136257357843363E-018
        65   6.76513402708394800000E+015   5.39304808246440690767E-018
        66   5.37746352910148500000E+015   4.97538497798683348147E-018
        67   3.22220666326234950000E+015   5.18365759664072286764E-018
        68   1.97913249731089760000E+016   3.06707311018267564584E-018
        69   2.51925099122884320000E+016   1.48283633733915048780E-018
        70   2.97318492942650480000E+016   1.37663615910961401885E-018
        71   5.05072998013769000000E+015   5.61108523038869758566E-018
        72   7.31282009450914100000E+015   3.91575439204771260877E-018
        73   5.57167727060298100000E+015   4.38540829644563024341E-018
        74   5.88493730807278000000E+015   5.86705954380158948488E-018
        75   3.59136061829861000000E+015   5.81277089064070025277E-018
        76   8.22878677050618500000E+015   2.74122079046154402009E-018
        77   1.57316002964563900000E+016   2.44706340603480974579E-018
        78   9.01612447140008400000E+015   2.30079402908846468456E-018
        79   4.94487092945201360000E+016   1.09698832588855753269E-018
        80   6.16864644059746960000E+016   7.18314615855070780597E-019
        81   8.26727281832770720000E+016   7.66130993925004119511E-019
        82   1.07572539145792660000E+016   3.52793122837065355394E-018
        83   7.19682829929318300000E+015   5.88235925087476879229E-018
        84   6.96079420136171700000E+015   5.73612443425655501530E-018
        85   3.18953012905067850000E+015   5.87379408347655392084E-018
        86   3.48067892614055800000E+015   6.93034802307292161413E-018
        87   4.29028802778492050000E+015   4.94438775398683124042E-018
        88   3.78020695787064050000E+015   6.30373902776497109998E-018
        89   4.47974480629371850000E+015   5.78001276325976920500E-018
        90   2.79219270576739100000E+015   6.45735278815669312444E-018
        91   2.34330752656698150000E+015   7.08121290187361696810E-018
        92   2.43031838002825550000E+015   5.01935221829334854189E-018
        93   2.68987282281333800000E+015   7.38748438217919497219E-018
        94   2.64552423349685700000E+015   7.41365218366658457028E-018
        95   2.73395164212583450000E+015   6.97570995134537078300E-018
        96   2.87251833982753550000E+015   6.32687049154813768527E-018
        97   4.86675017912343800000E+015   6.61786496649099545264E-018
        98   1.70537934373595440000E+016   2.00661807171989341125E-018
        99   1.89108811881102360000E+016   2.27603568647539281957E-018
       100   1.41147108058565760000E+016   3.54403737113722993867E-018
       101   2.05572690190340120000E+016   1.99599825562158237186E-018
       102   1.47988174759331580000E+016   5.09770488646846674278E-018
       103   2.71734453286398760000E+016   2.62738621197693185959E-018
       104   2.40636444338241560000E+016   3.34469486740799533383E-018
       105   7.59343172397387100000E+015   5.88074566939858636635E-018
       106   2.81237250327213240000E+016   2.30380507834347968118E-018
       107   1.38359560446445400000E+016   3.44837996494309476962E-018
       108   1.66217121243803360000E+016   2.30822753983213533335E-018
       109   4.44562597849079750000E+015   4.94791726088670047016E-018
       110   3.03606177248967950000E+015   7.04692886047870796626E-018
       111   3.68938613573132350000E+015   6.42380272639585292789E-018
       112   6.04821499463813000000E+015   3.99724748073249351361E-018
       113   6.46986103854511000000E+015   4.97962174589663199697E-018
       114   3.64205859655543050000E+015   7.51662796827587004063E-018
       115   2.94647640691200750000E+015   7.39395715209357073145E-018
       116   3.31968594552574250000E+015   7.98087358524211874074E-018
       117   2.66779704326927150000E+015   6.20264056745570698929E-018
       118   3.30961523301863450000E+015   8.73927488663210679957E-018
       119   3.00518261175223150000E+015   5.88682296956627444655E-018
       120   3.07372982420276850000E+015   5.89983038986566351362E-018
       121   2.80268340879643800000E+015   6.26936758913494637481E-018
       122   2.42212515066473000000E+016   1.21147926067255290587E-018
       123   2.53258171278673120000E+016   1.61057164013606515352E-018
       124   3.13572364496587680000E+016   1.26945378286110082109E-018
       125   2.88344088934232240000E+016   7.42460906838427321275E-019
       126   2.78338542561006200000E+015   6.24516061421880119299E-018
       127   2.57773530819086850000E+015   6.48771865674856235584E-018
       128   2.15696545184653750000E+015   6.58246677484889807603E-018
       129   1.92448597345544425000E+015   6.34085184581873404982E-018
       130   1.71166590721871875000E+015   7.90285945275170790712E-018
       131   2.33712065993668550000E+015   5.88530328273383193417E-018
       132   4.67705529116395040000E+016   8.36818261790222544617E-019
       133   1.39832380880088440000E+016   2.21766658306401683794E-018
       134   4.07577283898479360000E+016   7.65225567024586756534E-019
       135   1.47147535164155296000E+017   3.56154182514582673188E-019
       136   1.19876702127210100000E+016   3.75954245754549899486E-018
       137   3.97479623290946560000E+016   1.19512303333951619418E-018
       138   2.05928420341903520000E+016   1.72482681593056614954E-018
       139   7.13501370640610400000E+016   7.18433287493658173385E-019
       140   5.52204376175788800000E+016   1.11917788267030238954E-018
       141   7.12822620734624080000E+016   9.96209485949655354453E-019
       142   1.10817775690160640000E+017   2.45929790565816817426E-019
       143   1.58643528257236192000E+017   5.05555963206213257522E-019
       144   2.25558448386325088000E+017   2.96958946248514630095E-019
       145   5.26619519440979680000E+016   2.05855049684721518662E-018
       146   8.85227433343416960000E+016   1.39716332908962337493E-018
       147   2.15684633627893600000E+016   3.14199652883548197306E-018
       148   1.40512941639119920000E+016   3.74069967871711746066E-018
       149   3.68053942438157550000E+015   7.64612479218852267132E-018
       150   5.40611659146095900000E+015   4.92117136114679781880E-018
       151   4.20786752177781750000E+015   7.14684722472287978865E-018
       152   5.10577449759872200000E+015   4.94933475283675142893E-018
       153   2.54376197718032150000E+015   6.65726797801647518105E-018
       154   3.52789982448848100000E+015   6.87461009908325865286E-018
       155   3.02136731766042700000E+015   7.49578385565398959254E-018
       156   2.07298980681535600000E+015   8.00681801960945363700E-018
       157   3.27844358140854100000E+015   5.19089989911765158883E-018
       158   1.94933120010410900000E+015   7.16695984488915365139E-018
       159   2.44236523314963950000E+015   7.75658820830088877847E-018
       160   2.41180529863148550000E+015   6.47469297412353523628E-018
       161   2.68957677497646900000E+015   7.25337124934180884922E-018
       162   4.30282410934633750000E+015   5.81864285251691151321E-018
       163   6.97882283080198400000E+017   6.29021177783481345625E-020
       164   1.64978598725176128000E+017   8.69984458512531305311E-020
       165   2.26629006642639392000E+017   2.27534713491542464650E-019
       166   9.28356829595927520000E+016   1.60939668546860156957E-018
       167   1.73322629615597120000E+017   4.68621068436513882637E-019
       168   1.02708319578460848000E+017   8.19539994872835016949E-019
       169   2.35215201357476960000E+016   2.52757051994120122260E-018
       170   3.91485274941075680000E+016   1.69260639513673090061E-018
       171   5.37708429652229360000E+016   1.78123462758154351048E-018
       172   4.24712521192721840000E+016   1.41306391746845195038E-018
       173   1.88536312249934440000E+016   3.74916336481838108506E-018
       174   3.54463533796394480000E+016   1.78469088335902923969E-018
       175   5.88151826738443000000E+015   5.01163581021690010324E-018
       176   9.69631043958861000000E+015   5.04489621130771142884E-018
       177   7.05801831572955300000E+015   5.73409395522873321203E-018
       178   9.51860680946079600000E+015   5.11223565156026661255E-018
       179   3.13686357980937050000E+015   4.85292555517651439603E-018
       180   2.08968839090431425000E+015   7.79239890188175249643E-018
       181   2.94966759260138000000E+015   6.27088410279795869224E-018
       182   8.01916923919427600000E+015   4.68029201718138638051E-018
       183   1.34550901169052940000E+016   3.57999379777461876526E-018
       184   1.93927871561551600000E+016   1.22469292968808340518E-018
       185   6.81711942095548000000E+015   4.54218513123148974968E-018
       186   1.05652502023212320000E+016   3.27081737838249434277E-018
       187   5.95643096454156200000E+015   6.66373889453206920818E-018
       188   5.42159547283181687500E+014   9.32872363536383243920E-018
       189   8.81665662896220625000E+014   6.83576424846599485738E-018
       190   4.78408805716986240000E+016   1.35305001903230038066E-018
       191   5.05514468421526000000E+016   1.26296745557483668643E-018
       192   7.67385136132401600000E+016   7.75865733417251693227E-019
       193   9.05915062352169000000E+015   7.29074070376380595595E-018
       194   2.18941620556785680000E+016   1.70853142390507214530E-018
       195   5.12039212229123456000E+017   2.24742327277613321713E-019
       196   2.05301882892730688000E+017   7.99361463595015122320E-019
       197   1.20047627750840192000E+017   3.31136243227352648856E-019
       198   1.34747737820371536000E+017   4.55072415963565405790E-019
       199   1.90883743057879936000E+017   4.69806318979362292955E-019
       200   1.08558007231848192000E+017   9.30923584228622381880E-019
       201   1.14245441529223712000E+017   8.00924953636930268600E-019
       202   2.99109577119870840000E+016   2.80161518622586366650E-018
       203   4.55133119059957200000E+015   4.35540135899470850707E-018
       204   6.24054107304615500000E+015   5.16709467913905145336E-018
       205   4.83074824385727400000E+015   5.67197776212097878946E-018
       206   4.11513002931191250000E+015   5.11644071346532901696E-018
       207   5.13523593238306900000E+015   5.17020996678067840636E-018
       208   6.23397480713216400000E+015   5.02774604677420131146E-018
       209   3.34543000562537050000E+015   5.01162965609636990366E-018
       210   2.75931040621795450000E+015   6.42170034675113894122E-018
       211   2.98493098746973050000E+015   5.00044067698585391073E-018
       212   3.02939977698148550000E+015   5.91203303499926840895E-018
       213   5.37172300014561100000E+015   3.56275318134350652818E-018
       214   2.90754635755981760000E+017   5.75126976861054927546E-019
       215   2.40223096735141088000E+017   5.26802279501763338153E-019
       216   2.03989187912951648000E+017   7.23693087789914446004E-019
       217   1.41890104721732944000E+017   1.09446731200452207331E-018
       218   5.58718416604200640000E+017   2.32700095549036944093E-019
       219   8.48294163651896400000E+015   6.02421668261427792153E-018
       220   6.17694836394773920000E+016   1.79558643645575142198E-018
       221   2.41216300034753600000E+016   2.17738536981791308556E-018
       222   2.12789235936132680000E+016   3.27897304428211731932E-018
       223   1.24369758331076680000E+016   3.81879375962463808530E-018
       224   8.36276320768137600000E+015   5.92743538333989527658E-018
       225   9.25932756593722400000E+015   4.10121538683075672107E-018
       226   1.44928259651204720000E+016   3.75312347685615510532E-018
       227   9.20763163769755600000E+015   4.27319573515267467373E-018
       228   1.37322241357993520000E+016   3.57867494249418467422E-018
       229   5.07894571002461300000E+015   4.30317082215822440444E-018
       230   6.31548207856982300000E+015   3.72459703586321077023E-018
       231   4.42216432144533450000E+015   4.96818775193865541625E-018
       232   4.28495159913466150000E+015   4.76987341841535900705E-018
       233   5.91627640584024200000E+015   4.04893867525696692942E-018
       234   1.84187472341686400000E+015   4.68971238846610419376E-018
       235   2.85018147708077100000E+015   4.67718325911276183996E-018
       236   2.97038808059124050000E+015   4.32880526349879884825E-018
       237   2.92880174282510750000E+015   5.40365318194187597879E-018
       238   3.16882912988180600000E+015   5.77676188036878613748E-018
       239   1.60448579328558820000E+016   2.94646211979996014548E-018
       240   7.55749014691659360000E+016   3.80414205298573131529E-019
       241   2.04347126081829840000E+016   2.22115465205248577196E-018
       242   4.82325282700408320000E+016   6.40496534400175518128E-019
       243   6.46138648064567600000E+016   8.05557465645734485662E-019
       244   1.32437276590603600000E+017   2.22424685422010858180E-019
       245   5.73675286081604864000E+017   3.52829023577188985531E-019
       246   1.10505095852452262400E+018   1.56776242664029608133E-019
       247   1.95148851574232544000E+017   6.67101277673250342820E-019
       248   2.85641390465089440000E+017   5.45185090641494760788E-019
       249   1.05071635230933408000E+017   1.01370270965207297548E-018
       250   5.79896166677925632000E+017   1.61970063872553034765E-019
       251   1.51744246384628864000E+017   3.44174076981006985138E-019
       252   8.27658560509282176000E+017   1.58915731484479647830E-019
       253   8.50940074228143488000E+017   1.15780944475259820947E-019
       254   7.56873989281825664000E+017   2.35716716999086627963E-019
       255   2.03630171647670400000E+017   3.19126846613922530742E-019
       256   1.67320244498749664000E+017   4.30880907825459550389E-019
       257   1.41492542930158912000E+017   5.30358293958882162082E-019
       258   4.96683107689386560000E+016   1.13977922577103671826E-018
       259   7.82135867913638100000E+015   4.69857517326871763822E-018
       260   9.34450217340745400000E+015   3.40648754963985734850E-018
       261   8.76339460715908600000E+015   4.14970646736678905252E-018
       262   7.84769379343012500000E+015   3.89712986135411121330E-018
       263   6.78769631225400800000E+015   3.83479759365448598107E-018
       264   7.65207258793684300000E+015   3.28377946147797584535E-018
       265   3.89301168714350200000E+015   3.35037943550324651176E-018
       266   2.96927587301326800000E+015   4.08861781332894935009E-018
       267   3.43971846829471600000E+015   5.45656238650544114920E-018
       268   3.40291186718044350000E+015   6.07844840307003684331E-018
       269   1.19757086692017180000E+016   5.30154941930256270731E-018
       270   3.72604698575526976000E+017   3.21210211589592130419E-019
       271   3.87653813280823552000E+017   4.66145230939082923210E-019
       272   2.67073257384141536000E+017   5.51156710216268062947E-019
       273   5.00747654983745536000E+017   2.21377039849545365260E-019
       274   3.51850444266686592000E+017   4.59016977916207875310E-019
       275   1.82849240438500704000E+017   6.36253934162382269024E-019
       276   1.52231893246696352000E+017   8.62302952338546463925E-019
       277   2.35719727893568192000E+017   3.87669199873767079050E-019
       278   1.03182890555709200000E+017   8.29502844721964462206E-019
       279   1.44491819858053056000E+017   7.04273745666902688245E-019
       280   5.89379569283192640000E+016   1.12971249022916604356E-018
       281   1.05574575737738128000E+017   8.25912719300407738544E-019
       282   4.44812077357065360000E+016   1.28288763127146461211E-018
       283   6.75222489345555040000E+016   1.06991549808613035034E-018
       284   1.25429604397924520000E+016   3.18390887035863879904E-018
       285   1.49152246301391800000E+016   2.29118992154021682243E-018
       286   9.08085256369050800000E+015   4.23314194346523219015E-018
       287   8.92056852939055300000E+015   4.94567051801096284032E-018
       288   3.54139844349512064000E+017   5.63430747864537865620E-019
       289   3.56010618306455616000E+017   3.65832507115732387460E-019
       290   1.64869422049636704000E+017   8.52219894470624517373E-019
       291   3.33652011536683456000E+017   3.63307792175922707053E-019
       292   3.47842590474884288000E+017   4.39565145044670020269E-019
       293   4.27922662861158016000E+017   3.30954888476185654531E-019
       294   1.24911231698522032000E+017   8.59340095809048245765E-019
       295   1.44730929793359936000E+017   8.08550396995318215033E-019
       296   1.44952045672228512000E+017   7.34402665832061843149E-019
       297   8.46252486048411040000E+016   9.60070182300996231132E-019
       298   1.17669836807152800000E+017   5.95094527354859302073E-019
       299   1.40784351463502288000E+017   6.01647473525823936726E-019
       300   4.19251485445129440000E+016   8.41894219624204836064E-019
       301   5.57551822217763600000E+016   8.38373202349783550909E-019
       302   7.23604932250533600000E+016   1.24940525939801139699E-018
       303   7.47853424779924000000E+016   1.24547253304992444998E-018
       304   5.81685308844124640000E+016   1.06869936807128142275E-018
       305   4.50223249327900640000E+016   1.78909942113287202182E-018
       306   9.13589090989224000000E+015   3.18499768908420282758E-018
       307   9.08661656608695600000E+015   3.42316304234711185460E-018
       308   8.64579283095969700000E+015   3.01792538476481425465E-018
       309   9.13357053375853200000E+015   4.19281867655375661311E-018
       310   7.56712647552022200000E+015   3.01105163656724389733E-018
       311   3.73465927284012300000E+015   3.25390048335012245192E-018
       312   3.09367273516405500000E+015   4.34926815839753190495E-018
       313   6.00038992493604960000E+016   1.07412233585727326270E-018
       314   7.62453119188506560000E+016   1.08585140426647225195E-018
       315   4.46291198330414240000E+016   1.94626945655021932532E-018
       316   3.99330372536829952000E+017   2.69683509685979092388E-019
       317   3.58660850030431872000E+017   4.02868280450831007351E-019
       318   1.71171453816230688000E+017   2.80927655352933766773E-019
       319   3.72139543144913536000E+017   4.40996378986177460279E-019
       320   3.21174465897925824000E+017   4.87058931686246130770E-019
       321   4.46466742323358912000E+017   3.72850297853971547596E-019
       322   4.21439709027092672000E+017   2.84192244933762199310E-019
       323   3.71608410886610112000E+017   2.79617102226510264048E-019
       324   4.08862920985804352000E+017   2.81994853962295372095E-019
       325   5.68308970819195968000E+017   1.96655838114245734920E-019
       326   1.51343830083671136000E+017   5.65797831063291198245E-019
       327   2.27226303124797120000E+017   5.00135570480482951404E-019
       328   2.65057379556431008000E+017   3.86805654388937655606E-019
       329   2.30691809503004096000E+017   4.49612305717306488560E-019
       330   9.58632930569282048000E+017   1.28815587456596191181E-019
       331   4.84260578929570752000E+017   2.35131159279613430702E-019
       332   4.15485867995714560000E+017   2.82258108316187700009E-019
       333   1.20872547555189536000E+017   4.35030587066923749987E-019
       334   8.43361843857086400000E+015   3.04376710607775062172E-018
       335   8.22967877394477300000E+015   3.14329452663567396565E-018
       336   6.83928096873173900000E+015   2.42866857546712305972E-018
       337   4.51110941810721900000E+015   3.38901072417297320702E-018
       338   1.29345542143814704000E+017   6.22533612260343594645E-019
       339   2.88117879317061088000E+017   2.64943880608672180939E-019
       340   1.26902294221303024000E+017   6.18615622505327058410E-019
       341   6.51756095898839168000E+017   1.16332726903139716159E-019
       342   1.78315512590094976000E+017   2.69969605143610809763E-019
       343   3.48336270143883392000E+017   2.51707835974324398885E-019
       344   1.40083847985643104000E+017   8.00841828449789140323E-019
       345   2.91637845700436288000E+017   2.43700164183885423586E-019
       346   3.08015594147620352000E+017   2.38510760250056682278E-019
       347   5.45882694495658688000E+017   3.53927816780503187301E-019
       348   4.48856872920340416000E+017   2.66789225031393804306E-019
       349   7.66557472059277440000E+017   1.45249996948678009039E-019
       350   6.85655370506593280000E+017   1.43655524662677844414E-019
       351   8.67899500917089920000E+017   1.90744332005501862863E-019
       352   1.13565759573105548800E+018   1.16795891645199936342E-019
       353   1.24058574248191206400E+018   7.39294533399173063598E-020
       354   5.70634306324058496000E+017   2.06791736226344570670E-019
       355   8.26261095287795072000E+017   8.06540617090989531486E-020
       356   7.07841017555135488000E+017   1.53269442086286097274E-019
       357   2.70824813814160288000E+017   5.37871710522645130435E-019
       358   3.48485245822851520000E+017   3.73560420902747586312E-019
       359   5.62754936745223104000E+017   2.44582221890999961829E-019
       360   6.21792738158758912000E+017   1.61780679553533815461E-019
       361   1.92206651921140352000E+017   5.18663202400768548171E-019
       362   4.96320326975720512000E+017   3.06217619568357334994E-019
       363   2.63490894260748224000E+017   4.95808592392818050683E-019
       364   4.61505577142915584000E+017   2.62096171371460128526E-019
       365   2.56536527923035712000E+017   4.69900912410526607331E-019
       366   2.20933847825468704000E+017   2.81994992610253898708E-019
       367   2.15906460837584800000E+017   4.61571091784692701710E-019
       368   7.57023222238821500000E+015   9.35244817493040424339E-019
       369   1.05879451671401680000E+016   9.52147547187092318851E-019
       370   1.00749247682638420000E+016   7.90361746881727250664E-019
       371   1.22781515548779600000E+016   9.13245201162285747491E-019
       372   4.80514651380071600000E+016   2.41957303388088861314E-019
       373   3.07670092670870650000E+015   3.53577836516683230864E-018
       374   5.57333819050830000000E+015   2.07103141245897677853E-018
       375   2.88016311721970100000E+015   3.16410923606274919978E-018
       376   2.15488700815894700000E+015   2.70963272974197068779E-018
       377   2.46537966055344350000E+015   2.09690446747998659140E-018
       378   1.26425608202822992000E+017   6.52967490894836072051E-019
       379   5.11336184727868352000E+017   1.19069322572305713992E-019
       380   4.79102131559876608000E+017   1.58588397530105580962E-019
       381   6.23307897608990848000E+017   3.22735551611214302472E-019
       382   9.24994217001700736000E+017   1.03297934541675484002E-019
       383   3.12793261354369152000E+017   1.61483797123478697438E-019
       384   3.65236477802554624000E+017   1.51670485998901535390E-019
       385   2.79758081049357728000E+017   2.65249493794200930925E-019
       386   3.45413518394628288000E+017   1.89245707208859290187E-019
       387   5.03003120726811800000E+015   1.61469657137900177855E-018
       388   1.20068306802130520000E+016   6.40161129358353539906E-019
       389   4.60392031498386800000E+015   1.19659892881172027021E-018
       390   6.35410179795880704000E+017   9.39002596997299531687E-020
       391   8.92030897121918208000E+017   6.65755927388707401632E-020
       392   1.50648253363941640000E+016   6.74017911276899510996E-019
       393   2.59361294241451550000E+015   3.44170043009873868827E-018
       394   1.18440643837498620000E+016   6.66728533697038024679E-019
       395   6.28874790101472900000E+015   1.33043673312998462560E-018
       396   3.77372897311586304000E+017   3.55574880080442085949E-019
       397   4.34326476245059392000E+017   2.78784055180239529921E-019
       398   4.27635971155550144000E+017   2.43579556091659411754E-019
       399   4.19625181767752192000E+017   1.65223709072297527234E-019
       400   3.40556732965182784000E+017   2.12988905099083733664E-019
       401   3.60326938325082624000E+017   2.39873767880580535093E-019
       402   4.54466971468483456000E+017   2.57956854925671084775E-019
       403   7.32680484549259776000E+017   9.86538930145010686817E-020
       404   1.10206928464752220000E+016   1.23060481208072840636E-018
       405   3.09808607091781360000E+016   9.11273874962789262484E-019
       406   1.12000926059651800000E+016   1.78557811876656869860E-018
       407   1.40447317996095400000E+016   8.60473718613351937448E-019
       408   1.84417577292947000000E+016   3.85981839320565287722E-019
       409   1.61036267876535880000E+016   7.25810155271084979227E-019
       410   4.00355740455791350000E+015   1.09910905972338188451E-018
       411   5.14736470884867700000E+015   1.93278037792596211648E-018
       412   2.23929370324738600000E+015   1.81674989583567834626E-018
       413   9.09398119915579000000E+015   1.75020880344256233129E-018
       414   3.41579733822644700000E+015   2.65657344465618670614E-018
       415   1.88921336226183480000E+016   1.36294665930386726559E-018
       416   2.91085773613331520000E+016   5.78937294215984778709E-019
       417   1.24945515296232380000E+016   9.22293251738085058341E-019
       418   5.31333699223752500000E+015   1.35213793074949534733E-018
       419   4.51416444437898500000E+015   2.24500362300669944404E-018
       420   2.88749514020708240000E+016   1.93489300408105889218E-019
       421   2.08876770409179080000E+016   3.51183290623301111628E-019
       422   1.32296045045570720000E+016   4.42822372979255967726E-019
       423   7.69156337883794600000E+015   5.87972295695292788564E-019
       424   1.75135864916510060000E+016   2.02102639490946802025E-019
       425   5.76447231412206200000E+015   1.13384140071454679769E-018
       426   2.83653806161036900000E+015   1.82291654064524903741E-018
       427   1.57971613856376120000E+016   2.98266125914242321853E-019
       428   1.13760694758646780000E+016   8.73239072278483854328E-019
       429   2.22404794000379960000E+016   9.92735072117879061302E-019
       430   1.11577255060778580000E+016   1.66680116041264443593E-018
       431   4.91749897165445200000E+015   2.37875758424445899090E-018
       432   1.71557305530040240000E+016   9.35748349580332282552E-019
       433   4.80819640833203520000E+016   5.87439987667829597060E-019
       434   2.68545363405223000000E+016   8.95185836282724511759E-019
       435   3.28722988388351440000E+016   7.13735888132960699751E-019
       436   2.51089900162746640000E+016   1.17183755212254158465E-018
       437   5.03938682821649440000E+016   4.37801391277481292295E-019
       438   9.40522444148931400000E+015   1.42796382050096884046E-018
       439   1.32765401450197620000E+016   1.30187771343312971839E-018
       440   1.65482605706531900000E+016   9.53178473477115436812E-019
       441   1.85102389086272000000E+016   7.42783383875793976087E-019
       442   2.77905770916627000000E+016   5.17373722449194417566E-019
       443   3.89899454743394080000E+016   5.42051315184235173127E-019
       444   2.05868118916297360000E+016   7.11107249918306615414E-019
       445   1.69776330366438940000E+016   4.02089446114994010051E-019
       446   3.15165866074438700000E+015   2.21105881446917314482E-018
       447   2.45158633392297440000E+016   2.48560889196169399582E-019
       448   9.01945302679280400000E+015   9.18144567739437389115E-019
       449   7.61361926922256100000E+015   6.64624478926666073543E-019
       450   1.51709249947528650000E+015   6.29424534841904443494E-018
       451   2.37349851201240150000E+015   5.36960404640805061645E-018
       452   9.07693190703185400000E+015   9.45042639141046023461E-019
       453   4.69304566667056400000E+015   1.34045843373538828483E-018
       454   7.64380271608818200000E+015   1.06714500851594652137E-018
       455   1.60114817331731660000E+016   1.36962009520346733852E-018
       456   1.09842865644668580000E+016   2.07786315435606886419E-018
       457   3.72623196317794400000E+015   3.79721539127470902729E-018
       458   4.21650841280947900000E+015   2.35225866562553983237E-018
       459   4.94559871813974300000E+015   2.68604754236151833729E-018
       460   5.98303124799247360000E+016   3.06294794006809959187E-019
       461   2.35254482880731200000E+016   7.71228701748896631054E-019
       462   3.19654550044887440000E+016   5.35203446218235739032E-019
       463   3.95589357537976640000E+016   3.55859858107873772883E-019
       464   3.55226404989433760000E+016   5.72481921807097754229E-019
       465   2.46434824620524400000E+016   8.01423909817479921689E-019
       466   8.79809800498568300000E+015   1.38659041216374827275E-018
       467   7.47905482741941900000E+015   1.41668946319858284459E-018
       468   4.52674234502623300000E+015   2.06539267389102792594E-018
       469   4.00621580882258200000E+015   2.50348434964238391052E-018
       470   4.69495444345287900000E+015   2.28802868249139676708E-018
       471   2.33953112885102320000E+016   8.66852713880186089073E-019
       472   9.17247266785142400000E+015   1.26178023114575897603E-018
       473   3.05829275445632800000E+016   4.33789009969930180852E-019
       474   5.16080890010031200000E+016   6.23800907250995439926E-019
       475   8.22469016392353000000E+015   1.06168447444819608392E-018
       476   2.85195755504787600000E+016   6.56094508014761803549E-019
       477   2.04215122675157760000E+016   8.57632071428921210785E-019
       478   3.03688422311383480000E+016   5.37126010676905651893E-019
       479   4.35972780225787040000E+016   3.14138555351585556708E-019
       480   2.79129191561972240000E+016   4.70775581789844518944E-019
       481   3.95892373843268450000E+015   1.51835314150603073821E-018
       482   2.70802125583586350000E+015   1.80083976702227858984E-018
       483   1.06806953624551740000E+016   2.24383120179559359461E-019
       484   2.76166726746762480000E+016   3.04563835134287712238E-019
       485   1.52005024443260040000E+016   2.24695348653768068039E-019
       486   5.00876372036457920000E+016   5.31985949814477790794E-019
       487   6.70160444712140700000E+015   1.73372195800080843465E-018
       488   1.08018819409341600000E+016   1.58441796447480613164E-018
       489   2.34468329870139040000E+016   5.92554351993533698906E-019
       490   9.54846899638342800000E+015   8.39224103345512292164E-019
       491   7.73086707643074400000E+015   1.46677469312813072778E-018
       492   8.38931195130853600000E+015   1.35431044011023615457E-018
       493   8.23418898015865600000E+015   8.95016030466985233171E-019
       494   1.30321076175192420000E+016   9.86201397912988365023E-019
       495   1.09736396105209280000E+016   1.44207403736160282584E-018
       496   4.22829890044522160000E+016   3.20102884120236944973E-019
       497   1.39617220835394020000E+016   6.66350394315619058705E-019
       498   1.09649985416220760000E+016   6.87523184333943297385E-019
       499   1.67247700935225240000E+016   3.44424615369966622150E-019
       500   9.79877319816385000000E+015   1.01568613074658490479E-018
       501   1.42849006576168800000E+016   9.12002875970081844776E-019
       502   7.88204095065957400000E+015   1.77501371836202159272E-018
       503   1.17211461658445220000E+016   7.86530388029738941749E-019
       504   8.80504857496791300000E+015   1.39797528905935739767E-018
       505   9.93922506044273600000E+015   1.13125283042802995518E-018
       506   7.41315649843683300000E+015   1.29247249024232812906E-018
       507   6.32157086868508200000E+015   2.10663314095393588011E-018
       508   3.16433469645081100000E+015   3.62829769030948155983E-018
       509   1.59149178495109100000E+016   1.63444081045124094046E-018
       510   7.80749233369278800000E+015   3.71396481805230116215E-018
       511   8.37080328657120000000E+015   1.95285076882886680560E-018
       512   1.27726700153838040000E+016   2.29689690793163199255E-018
       513   3.16157960156471100000E+015   2.15198602002825979798E-018
       514   1.81468685225121440000E+016   7.33989788073657359881E-019
       515   1.83120284703602400000E+016   1.35816123413331577429E-018
       516   1.71004828625043960000E+016   1.35471808963406312559E-018
       517   2.11880706899012600000E+016   9.61799521586103242549E-019
       518   3.28341632749438240000E+016   7.66992657002370902607E-019
       519   1.87244975651067440000E+016   6.86635549621071537996E-019
       520   2.29302763923387850000E+015   3.42521758411085150677E-018
       521   3.20647757357811050000E+015   2.78829111963981795758E-018
       522   4.34810368516260200000E+015   3.22017813240832536505E-018
       523   7.63884259169317400000E+015   2.16491341006471639124E-018
       524   6.69558803765672900000E+015   2.31847497547355862816E-018
       525   6.80582859800984200000E+015   2.67068542589296300345E-018
       526   5.32404922278680600000E+015   3.16808510040407218927E-018
       527   6.92813918787725600000E+015   2.48981619416830606595E-018
       528   1.45044819493684200000E+016   3.35877533837771119423E-019
       529   2.21504047291971040000E+016   2.27898128443250746897E-019
       530   4.65834508844348240000E+016   1.79273516594451295192E-019
       531   3.47532570334791440000E+016   3.72178529506733451424E-019
       532   4.41023894249292640000E+016   3.74347410745871044738E-019
       533   1.28437216443759250000E+015   2.88477535211045871206E-018
       534   1.59413373646807975000E+015   4.46098309986121964288E-018
       535   4.20499677335832800000E+015   9.62438532971063666754E-019
       536   5.25588775807934100000E+015   7.00960460030355506201E-019
       537   4.69805012850468700000E+015   4.84816830430860558533E-019
       538   3.83069595126061000000E+015   4.00841709780153334396E-019
       539   7.71927249386383200000E+015   2.01344418128431418036E-019
       540   5.46814510125761300000E+015   2.68739932366691101328E-019
       541   8.19889871587182800000E+015   3.78765795224014392817E-019
       542   5.57176989474848300000E+015   2.37703513755041515665E-019
       543   3.24669233469769280000E+016   3.03412233516826640323E-019
       544   1.73809763093523460000E+016   3.40723716761516593276E-019
       545   8.30293554919983000000E+015   5.45161881084430354805E-019
       546   4.58456108036191400000E+015   1.19001078270029747886E-018
       547   2.31281630388547000000E+015   1.16749012932949259019E-018
       548   2.35501663945261600000E+015   1.02240624219853241952E-018
       549   3.58466012540600350000E+015   4.87657394971170454583E-019
       550   9.11739904010066000000E+015   2.51723652959376255995E-019
       551   8.51735846332729500000E+014   2.95390203025266002275E-018
       552   6.84142263963453750000E+014   5.27935604596736609118E-018
       553   1.50984428020947775000E+015   1.92013973330530714043E-018
       554   8.76799659854806000000E+014   4.32727285179898990334E-018
       555   1.02093381408481720000E+016   2.37285726768543187842E-019
       556   7.21713704969280800000E+015   3.58970275571464403895E-019
       557   8.34085725838119375000E+014   4.12451695244510351135E-018
       558   2.19670351428317300000E+015   1.46065763002693844506E-018
       559   1.54446367296833900000E+015   2.43695273702864936364E-018
       560   7.04086706154476800000E+015   5.41799102618926833864E-019
       561   9.45376596250854200000E+015   4.19203352978477413329E-019
       562   9.97911538426971400000E+015   8.57164090957681326388E-019
       563   1.37503025069604560000E+016   6.71542934262460034602E-019
       564   4.40750962483866350000E+015   6.44764326832127502391E-019
       565   1.23985486000092080000E+016   4.51409920393517107873E-019
       566   5.61155845947031800000E+015   5.41233218220314633139E-019
       567   4.80916809164797700000E+015   5.92323392487627887603E-019
       568   1.60646042802449500000E+015   1.97879501572579110699E-018
       569   2.59640966586806400000E+015   1.83991249490103479050E-018
       570   9.80197821947905000000E+014   4.19937930002272453423E-018
       571   1.43963454844422350000E+015   2.57597748890590493824E-018
       572   7.26900021079360700000E+015   2.87457400452704064212E-019
       573   1.15921991949866720000E+016   2.44685179573193107996E-019
       574   1.82387565469693375000E+015   2.08506357618114337642E-018
       575   1.88997492245316275000E+015   2.27319466457534171448E-018
       576   2.34683667568270650000E+015   1.71788688805698994755E-018
       577   4.62280237308794300000E+015   5.13306707086271027522E-019
       578   3.13141436523024500000E+015   1.02454006508964489308E-018
       579   5.75139598744420125000E+014   3.80511488957597952257E-018
       580   5.01900922389618200000E+015   9.06812717265549400701E-019
       581   9.53699443383053800000E+015   4.56705922220737663895E-019
       582   7.48236300234226800000E+015   5.48670097258245894584E-019
       583   4.26292408548783650000E+015   1.36519049668213565846E-018
       584   1.70084297354059500000E+015   4.09428248511763820418E-018
       585   1.22478468237526850000E+015   3.97861028630365904548E-018
       586   1.30573414579769525000E+015   4.49602594809294416971E-018
       587   6.31944696883439100000E+015   3.55311499945821316731E-018
       588   1.31522268526265881600E+018   4.26825223893545897527E-020
       589   7.88465354081158016000E+017   1.75270128240565789692E-019
       590   4.17162843680143488000E+017   2.14102803431071328853E-019
       591   5.75406062520098688000E+017   1.71693365348046952822E-019
       592   6.82500512896038784000E+017   1.73134102814706780653E-019
       593   7.40198245175492864000E+017   2.48745753261704475271E-019
       594   2.45007722123701088000E+017   4.24826885556524904736E-019
       595   8.58261848553945728000E+017   1.23771302189651583663E-019
       596   7.29948875524488576000E+017   1.18677570209355811367E-019
       597   9.38621300596760960000E+017   1.52504560402059757890E-019
       598   7.33795867435798400000E+017   1.46364796456308481546E-019
       599   5.16534761750159168000E+017   2.65750363037303415974E-019
       600   1.21444814041932697600E+018   1.21183779148613480871E-019
       601   8.57854928793272448000E+017   9.87259840784694337022E-020
       602   9.50086191608041088000E+017   2.29248219643508529601E-019
       603   1.14975419107778227200E+018   1.80107585165231053965E-019
       604   9.88751205531208000000E+016   1.29032095981131009922E-018
       605   8.79374143856147840000E+016   1.39919513333625502716E-019
       606   4.95560044694622592000E+017   1.72874008765196828786E-019
       607   2.90624049451366400000E+017   1.38935603020997336034E-019
       608   5.39495911747001600000E+016   1.51464875932686493481E-018
       609   1.35348516971135184000E+017   5.19255821010532279672E-019
       610   1.02210786146460464000E+017   7.88835106753298848183E-019
       611   2.02619520091394752000E+017   4.89822725341084451032E-019
       612   6.72342735816302240000E+016   5.34821061349708064028E-019
       613   4.92058796945629200000E+016   8.45790346387488069698E-019
       614   7.36857398674313760000E+016   5.92472158504556177766E-019
       615   1.17693323225993088000E+017   3.03674451345606068840E-019
       616   8.98030008896323200000E+015   4.78651902186684284195E-018
       617   1.15932632546134140000E+016   3.68979168875339705420E-018
       618   1.41305003198944080000E+016   3.71477780393452654101E-018
       619   1.69184539507179340000E+016   3.73777299666015431281E-018
       620   9.74245016787762000000E+015   4.54374772359234976937E-018
       621   1.55074123516741540000E+016   2.45866018311486931645E-018
       622   2.21404771418164200000E+016   1.88776661216275363037E-018
       623   2.79243050156036640000E+016   1.52767427750616191540E-018
       624   4.76345112206844880000E+016   8.34058091285800128838E-019
       625   2.77692722644201760000E+016   1.32214407502050931846E-018
       626   3.55062440290113800000E+016   1.14702192352399316241E-018
       627   2.64864475632801960000E+016   1.82517683979012260842E-018
       628   7.63670544105409120000E+016   4.24467913833957754473E-019
       629   4.64346959200523600000E+016   1.35059873237857416104E-018
       630   6.71301619342033600000E+016   9.12489891148520729563E-019
       631   5.98520357529091000000E+015   5.99405597457859934592E-018
       632   3.99957917578463440000E+016   1.40801022999844440476E-018
       633   3.43700787991133600000E+016   1.86853398079374151266E-018
       634   4.46814116703054320000E+016   1.54360531790763035537E-018
       635   2.90057093334786880000E+016   1.57674386873627263164E-018
       636   1.06993628889407440000E+016   3.65319469315593021236E-018
       637   4.31136484535405400000E+015   5.84024521472040832643E-018
       638   1.23671620536042700000E+016   3.49664697610993577555E-018
       639   4.41150860438391850000E+015   5.39028022897971701602E-018
       640   7.87206401103899300000E+015   4.19033551326098558649E-018
       641   4.71649254642825500000E+015   4.87044606755295632594E-018
       642   7.01275473202217300000E+015   4.92061745013840536431E-018
       643   1.65674707845636060000E+016   3.18699316750022538909E-018
       644   1.46687650002509120000E+016   4.52864943535806387479E-018
       645   2.05228508242492575000E+015   8.70503381701381516183E-018
       646   4.61269547593988200000E+015   7.00257263050902831997E-018
       647   4.19784109927001300000E+015   5.31304950482087446416E-018
       648   4.38817178049050950000E+015   6.46919156897088830021E-018
       649   7.71537718560528300000E+015   7.24120450624879810487E-018
       650   1.78729275810435700000E+016   3.62524666815952415670E-018
       651   1.39435930382243980000E+016   3.43717743470143142262E-018
       652   9.37697399929184600000E+015   1.91321324931763111742E-018
       653   8.33225945744986800000E+015   3.64435763884806234368E-018
       654   8.53355825062386300000E+015   4.16587165854617874395E-018
       655   7.37262586499931100000E+015   3.44060234465754284639E-018
       656   7.43661274553534300000E+015   3.80742832059979536334E-018
       657   5.41196735136092200000E+015   4.03047575118014375521E-018
       658   1.76833057933111320000E+016   3.06485687781794579825E-018
       659   1.12175474292877720000E+016   4.02529852712523917380E-018
       660   2.62939417196551080000E+016   1.58996306325043536743E-018
       661   8.59400832744888500000E+015   4.50058135734068861778E-018
       662   6.34006356634062700000E+015   5.29618705158799008694E-018
       663   8.83966179765686200000E+015   3.42929007234204884575E-018
       664   4.16027376227477000000E+015   4.83696118041500074852E-018
       665   5.69779463755322100000E+015   6.65020590589579309183E-018
       666   5.15648425892365000000E+015   7.42128780883145303411E-018
       667   5.03630412059686600000E+015   6.48227338965250994429E-018
       668   9.25906299377381200000E+015   3.28541262785578477329E-018
       669   2.99429943646201080000E+016   2.18637590846147028171E-018
       670   2.90858742266061360000E+016   1.88927203461917760752E-018
       671   3.12647099718569120000E+016   2.42731238637860336927E-018
       672   2.06596307588249600000E+016   4.10480163039728547786E-018
       673   5.23250168492463680000E+016   1.14608813458663603261E-018
       674   7.06175754678472960000E+016   1.12026828896123365058E-018
       675   1.18972090358554380000E+016   3.96294082129416294605E-018
       676   9.67205943500408600000E+015   3.25551608528440306147E-018
       677   2.70147214725138000000E+016   1.68502600995524580908E-018
       678   2.07823125658247480000E+016   1.71268832666427562795E-018
       679   3.26726602436936500000E+015   7.92817626087483311067E-018
       680   2.73895599642931850000E+015   8.53507428162422035051E-018
       681   2.78696284650254950000E+015   6.85377664600760369120E-018
       682   2.64726185675340700000E+015   6.02248433072472856434E-018
       683   2.84900805462871850000E+015   5.34284793069042766037E-018
       684   3.51951026646632750000E+015   7.41260067951627282658E-018
       685   2.77204752402959150000E+015   7.21455092249586682611E-018
       686   2.50365392754394500000E+015   7.16733381404472537832E-018
       687   3.29785734631847700000E+015   4.53661756503682393772E-018
       688   5.63425371415107600000E+015   4.17694814989413856940E-018
       689   3.52245763511658250000E+015   5.54177079262760131445E-018
       690   8.00365274974469500000E+015   4.52412553422501650605E-018
       691   6.16859733602152500000E+015   4.51517558129030829606E-018
       692   4.88547404249937600000E+015   6.75723967348151370470E-018
       693   3.67714578623671500000E+015   6.08177006686356401271E-018
       694   4.14168123876862250000E+015   7.94875442793633632408E-018
       695   2.17782572725901825000E+015   6.18471355917120259421E-018
       696   4.07554741801958550000E+015   5.75198635032365069388E-018
       697   3.89486903346596950000E+015   6.73365368986001839375E-018
       698   2.68860011275025450000E+015   8.14294939292744068427E-018
       699   3.06715802907512900000E+015   7.04560838249717153927E-018
       700   2.50246376146359650000E+015   8.60052639991966207827E-018
       701   2.79915350577927200000E+015   6.45654325581970303478E-018
       702   2.90656648860401650000E+015   6.70628842531623057390E-018
       703   2.60754969659340400000E+015   9.06056496303926225315E-018
       704   1.02435288951204840000E+016   3.98103811988634006243E-018
       705   3.35825872207193650000E+015   6.56572393918462614913E-018
       706   5.58958935276725600000E+015   6.94589530588663412772E-018
       707   8.30310998602697800000E+015   3.73337787930042623199E-018
       708   9.21086564929459600000E+015   3.06281861061881527458E-018
       709   2.00147810937683040000E+016   1.29287586507225262872E-018
       710   8.61517731716222000000E+015   3.11262059626335496166E-018
       711   2.83981291238461824000E+017   3.06234196393544057447E-019
       712   4.48610623085803904000E+017   1.92026518111561532313E-019
       713   6.93883020186441920000E+016   7.50650124280508746323E-019
       714   6.15664844813006240000E+016   8.00816662763476113901E-019
       715   1.70833931245460896000E+017   3.38957576152237475436E-019
       716   8.70305926325005600000E+016   9.16425402073726612702E-019
       717   9.42280847736698240000E+016   4.88636397647650590904E-019
       718   1.13610556157337520000E+017   3.56688541678713444456E-019
       719   3.64068607400176960000E+017   9.51147193605380806226E-020
       720   3.36643589585911280000E+016   1.82235928182761423826E-018
       721   3.29872141141869480000E+016   2.46732907346367988478E-018
       722   4.33387668359009200000E+016   2.12403840144792229421E-018
       723   4.20987492135048064000E+017   9.73064757031761994181E-020
       724   3.33196179251079808000E+017   1.12488644209518964908E-019
       725   1.68461377713257664000E+017   4.78582729842586213999E-019
       726   1.83828787680344864000E+017   4.12425190038767880414E-019
       727   3.15464305410875648000E+017   1.72798900388163967510E-019
       728   4.36589201872129728000E+017   1.24996311800230571290E-019
       729   4.69622699601311872000E+017   2.40849201225900601786E-019
       730   3.06369836528285952000E+017   2.85337381703059625951E-019
       731   2.24459859126399648000E+017   3.92608695865431057804E-019
       732   2.83554869702176832000E+017   3.66211117305326444914E-019
       733   3.74963818870461520000E+016   3.75111917077770167615E-018
       734   5.26962269878477280000E+016   9.42018233006816002508E-019
       735   6.49449302588680400000E+016   1.42036107179909235773E-018
       736   5.94560436889009360000E+016   9.33074019461393290570E-019
       737   9.08996434219826560000E+016   9.81459288095428548482E-019
       738   2.20043276491217050000E+015   6.37130323679605050024E-018
       739   2.47204898361235700000E+015   6.59997254750433769094E-018
       740   8.55972841904626720000E+016   6.83005201459397171438E-019
       741   3.85692570627801520000E+016   1.07467159596882411897E-018
       742   2.06588904889174040000E+016   1.93413298573626204674E-018
       743   3.62620279754398400000E+016   1.09761032464292658381E-018
       744   3.63061450628664080000E+016   8.85531241113838184620E-019
       745   1.78761287736683552000E+017   5.70769268057909127723E-019
       746   1.29455575391461248000E+017   7.97040229163891608216E-019
       747   1.34631344122564240000E+017   7.41202993191967099369E-019
       748   3.08866431726471000000E+016   1.84783918599357451266E-018
       749   6.81031154124185200000E+015   5.77324724118248322794E-018
       750   7.14611748041261300000E+015   4.17711440271887085734E-018
       751   8.30406224543712000000E+015   5.04170486290887818580E-018
       752   6.84650630108760800000E+015   3.88965126707332399542E-018
       753   3.37470155225877600000E+015   6.56953529524679557863E-018
       754   2.70401446130387000000E+015   8.18654918133252991204E-018
       755   4.35838415170736550000E+015   3.98177419514990087454E-018
       756   2.95261647444796700000E+015   5.35170942179461918996E-018
       757   3.10845062622806900000E+015   4.79518598892787305444E-018
       758   1.27993528660688025000E+015   8.67620062824212740599E-018
       759   2.63894360017663350000E+015   6.45057661101406413625E-018
       760   2.53898894295246050000E+015   8.90234169769665617633E-018
       761   1.09101978159825537500E+015   6.73832809250254080254E-018
       762   2.42038638490842400000E+015   6.75561849548344613944E-018
       763   2.30196989443518000000E+015   6.82200869830290763897E-018
       764   3.29819164216894600000E+015   7.49353384622334069631E-018
       765   3.03949428919944200000E+015   8.63354933817797273595E-018
       766   2.66683162539690100000E+015   6.22377594253308709264E-018
       767   3.32592325252132150000E+015   7.95550967180301493241E-018
       768   1.27931559393956800000E+015   7.32633522659881044593E-018
       769   1.62870169742197850000E+015   8.02360412955895189133E-018
       770   1.42510410814204100000E+015   7.91790339892255646186E-018
       771   1.72879872599560800000E+015   7.98897497876139104559E-018
       772   4.65355181145755120000E+016   8.03837598711267760754E-019
       773   8.34227669894536160000E+016   4.15916627156541382910E-019
       774   8.72748036143967360000E+016   5.33375014808194313322E-019
       775   4.53990129702717440000E+016   2.98907431749876664530E-019
       776   8.68891293796640640000E+016   2.05684689119941376721E-019
       777   1.24323539106115568000E+017   2.84126983293535918112E-019
       778   1.95954405787277152000E+017   5.97139556492614018237E-020
       779   9.45344227656190720000E+016   1.11457204482205437038E-018
       780   5.75678998130778240000E+016   1.23971299083218697606E-018
       781   6.04738631923122480000E+016   1.46995399021974871710E-018
       782   1.06442186225656752000E+017   8.30216492386225922950E-019
       783   9.03771654607732480000E+016   1.73376880361707364890E-018
       784   1.95774863202099500000E+015   5.61327881664047017441E-018
       785   2.31449418773959150000E+015   7.47825070831379358474E-018
       786   1.41568666585525775000E+015   7.05742623277319508460E-018
       787   1.80074177049053950000E+015   6.45687558561573918061E-018
       788   2.28600486950763200000E+015   6.77316132371130429530E-018
       789   2.52951113759849500000E+015   6.38358914339185422532E-018
       790   2.04608773447217825000E+015   8.83956732595486341698E-018
       791   1.96919095795873250000E+015   7.45031180099931324220E-018
       792   2.27110222117353300000E+015   6.17923027175759158561E-018
       793   1.11611474354920920000E+016   3.37612130138251141009E-018
       794   1.03594538120304180000E+016   3.77255604068802970573E-018
       795   1.53641180373682840000E+016   2.33714394804506935315E-018
       796   8.85630106535356500000E+015   4.83669218254984899981E-018
       797   8.84982893379639800000E+015   5.57525185685512846133E-018
       798   7.08189783381438300000E+015   5.80873983511660254330E-018
       799   9.48488380939387200000E+015   3.95052096655348518981E-018
       800   1.10911295857578180000E+016   5.09053183885833881354E-018
       801   9.78594929620008400000E+015   5.09627966303650137592E-018
       802   8.00393313329304400000E+015   5.77732891182464607821E-018
       803   1.34729558646574880000E+016   3.90378911871793939778E-018
       804   4.50063310328577520000E+016   1.36857995506533625628E-018
       805   1.36937535045154580000E+016   2.56915861645727594681E-018
       806   1.59810367084133300000E+016   2.02993702677003826924E-018
       807   6.79571034645932625000E+014   8.53969890675818618330E-018
       808   2.17254271400433600000E+016   3.14953742437468901135E-018
       809   1.42330163185211120000E+017   3.11987275448582958378E-019
       810   1.07387445380123520000E+017   8.05574040489087969307E-019
       811   1.74587474186552832000E+017   5.21496351514396760832E-019
       812   1.36201001107559216000E+017   6.78053943633559773887E-019
       813   1.24150756135256304000E+017   7.86338071185409325101E-019
       814   4.23347878143158800000E+016   1.35526849288156435487E-018
       815   4.08775427774348400000E+016   1.70930217621718884599E-018
       816   2.81597234984988600000E+016   2.57134454363857057720E-018
       817   3.09001871270671360000E+016   2.18266666177219129358E-018
       818   1.08804579195558160000E+016   7.04876142422906892343E-018
       819   1.62712900275674600000E+016   4.31036895081094448393E-018
       820   2.65818733859960250000E+015   6.00659060844700520575E-018
       821   2.23820177993270625000E+015   5.22912771758288054791E-018
       822   2.36290364305501400000E+015   6.13027950112682658796E-018
       823   2.13609172105576000000E+015   6.60600704855061831216E-018
       824   4.03389945365900400000E+015   4.77092292876748354131E-018
       825   3.92910953094422150000E+015   6.94672211240097110152E-018
       826   1.08386946969843575000E+015   8.33068376460916444738E-018
       827   8.22490652344264250000E+014   1.08318184534619973810E-017
       828   7.34625833481489375000E+014   7.43030598719610323744E-018
       829   1.00532480779334537500E+015   7.07069366868166644279E-018
       830   1.18156810103952350000E+015   5.78077080301967204286E-018
       831   9.77770273551644250000E+014   8.75642014326499522735E-018
       832   9.35325278046368750000E+014   6.99136803123593655201E-018
       833   2.95833615411520600000E+015   6.12975166900089583657E-018
       834   2.15051508040320600000E+015   8.76671700642954677794E-018
       835   2.52179142289069500000E+015   6.36770036071375754088E-018
       836   7.12314315703968250000E+014   5.85041194116656687806E-018
       837   6.99686988876508000000E+014   6.72691143757057927224E-018
       838   5.77673459086603250000E+014   7.09657204051330094518E-018
       839   5.89570234894434875000E+014   5.28776235011856146112E-018
       840   5.10098477359764562500E+014   7.90068781099080792855E-018
       841   6.87158241276297125000E+014   6.71718444955627076175E-018
       842   1.13393989756257625000E+015   5.63997973490265625591E-018
       843   1.14857706286800800000E+015   6.39632207687736297613E-018
       844   9.07356243854098625000E+014   7.56372526759430956100E-018
       845   6.30408900747010625000E+014   5.23062453823217468328E-018
       846   8.58698387948764625000E+014   5.77471408266679257762E-018
       847   7.17798388855444750000E+014   6.93626390598838261268E-018
       848   6.43475050769299500000E+014   8.65083642201482727157E-018
       849   4.65593896219342400000E+017   2.68684023274028366621E-019
       850   2.43942716115491552000E+017   4.59643787847291512271E-019
       851   3.48692541446625664000E+017   2.48891805073032389423E-019
       852   4.92374205799506240000E+016   1.17919130156229829196E-018
       853   2.78958913824458528000E+017   4.42349008547264773661E-019
       854   1.90695437297137408000E+017   1.23292050459548282830E-018
       855   3.08379720076249600000E+017   4.84359693803825758378E-019
       856   1.02460886518714016000E+017   4.24138933254274081831E-019
       857   1.89341789817707808000E+017   7.73050763615386124243E-019
       858   1.73537761858833056000E+017   3.21435070962477439165E-019
       859   5.39773426368690688000E+017   1.91377662992709143624E-019
       860   4.42584519948913152000E+017   3.87664411891256384309E-019
       861   6.60441293202056192000E+017   2.22063397577629913257E-019
       862   7.44064537501478912000E+017   1.09384811603565985020E-019
       863   3.57137449670126400000E+017   2.26743020972996497691E-019
       864   2.63425369803433024000E+017   3.14601536888407557243E-019
       865   2.84803685746525088000E+017   4.75372066473163192361E-019
       866   2.75318981676941056000E+017   3.45874225159739491225E-019
       867   3.36784814314686400000E+017   1.71367405007520224332E-019
       868   6.95305883456784000000E+017   1.03375592570859924238E-019
       869   2.38483439538637024000E+017   3.01145657132935538015E-019
       870   1.83519852324559840000E+017   7.31266745486492240288E-019
       871   7.33950673321350912000E+017   2.45207917296092805774E-019
       872   5.10159017738693824000E+017   5.06096978754857885871E-019
       873   1.14066567476870560000E+016   3.68795761856738091240E-018
       874   1.65395650586645320000E+016   3.79451756720064389818E-018
       875   1.40741365932615720000E+016   4.13301243227107928238E-018
       876   2.51026336224188320000E+016   2.83776301591041579385E-018
       877   1.42571447894658780000E+016   5.45375214362896172344E-018
       878   3.54759714513333700000E+015   3.04978416907822437246E-018
       879   4.55655139864959900000E+015   4.49339361659085805452E-018
       880   4.06897588682577750000E+015   5.13239236718663568399E-018
       881   3.32124863858943600000E+015   5.33100385161782440066E-018
       882   3.99282148690423650000E+015   5.33593186528591740517E-018
       883   2.96856032532779450000E+015   3.98627427539079784691E-018
       884   1.50784469162123825000E+015   6.75284360704952449154E-018
       885   1.81790419453242300000E+015   5.48696296356064713478E-018
       886   8.76387357008744750000E+014   6.00414063234928770404E-018
       887   1.19805943307410175000E+015   4.22172955470224202538E-018
       888   1.10637665812464875000E+015   4.24231458679586554372E-018
       889   1.47948353630596375000E+015   6.52253339596864955132E-018
       890   1.10818773120908150000E+015   4.91901616474512641394E-018
       891   1.31646544035705400000E+015   5.39954139953932504491E-018
       892   1.07584608053909587500E+015   5.22517344323827812980E-018
       893   1.23632816180043875000E+015   5.62291085420036820291E-018
       894   1.33478756947986150000E+015   4.04187278490803477162E-018
       895   1.27858642045110300000E+015   5.15507806778326036576E-018
       896   1.00099855464121362500E+015   5.79666697062288543571E-018
       897   1.19362846267521950000E+015   3.67153396608845013689E-018
       898   1.06896703182300512500E+015   5.51041513176245088698E-018
       899   1.03820961442341187500E+015   6.98234249779143777921E-018
       900   1.45917147806367450000E+015   6.01646084133937599992E-018
       901   2.11454554150948250000E+015   5.15486603399715001881E-018
       902   2.11759768850145975000E+015   4.39074116668443657663E-018
       903   1.79423231136441400000E+015   5.40511488538017855063E-018
       904   3.05916419167542650000E+015   5.92723239057340052355E-018
       905   2.84907143096608050000E+015   5.97557414405977360461E-018
       906   3.32601740604742050000E+015   6.63843687916036879006E-018
       907   5.42256823117155700000E+015   4.75585537408886823486E-018
       908   5.19384787994550700000E+015   5.70881540834279236687E-018
       909   3.61011555785253440000E+016   9.52063197144650294966E-019
       910   6.70009319401261760000E+016   9.07549495055520081704E-019
       911   5.30468642877677120000E+016   1.47150289343814105113E-018
       912   4.07462849522892400000E+016   6.91231072312416796110E-019
       913   4.26465488500804000000E+016   9.62385387757319307211E-019
       914   4.40076395303289840000E+016   9.13977196564709733596E-019
       915   5.28237607019665280000E+016   1.07608230061754540288E-018
       916   2.66898183002577088000E+017   2.07755040386168125450E-019
       917   5.10612302412696256000E+017   3.52956042352031744502E-019
       918   3.79643640858321344000E+017   4.61400979149071797643E-019
       919   2.94377149002877696000E+017   2.78341596670789696002E-020
       920   8.43275359685999488000E+017   1.03491992979025853268E-019
       921   4.47180027418628928000E+017   9.71090647437871346366E-020
       922   4.04953577636776960000E+017   4.66337524589198248732E-019
       923   2.42122813734918272000E+017   7.02718599056752000935E-019
       924   3.63520818798560000000E+017   3.84992253245981540949E-019
       925   1.51095832292424320000E+018   6.33661912066554863046E-020
       926   1.29714986413306112000E+018   7.33400630676364985666E-020
       927   8.01257156897929728000E+017   2.07272373541356272739E-019
       928   4.16616735580173312000E+017   2.84952675826055963949E-019
       929   1.15999305289462016000E+018   1.32258116826496547556E-019
       930   8.95746341961942880000E+016   9.84969087575903642356E-019
       931   5.15620342258043600000E+016   1.95242634111105063672E-018
       932   1.77893016804447104000E+017   3.09395622846762544014E-019
       933   1.38669198659464288000E+017   9.24325689811195321939E-019
       934   4.67848444587488560000E+016   1.48792140062292438478E-018
       935   1.35144179579515280000E+016   4.77515559407897838220E-018
       936   2.59769192333730560000E+016   2.52863974580331855158E-018
       937   9.21423057186222400000E+016   1.48930395900464558828E-018
       938   6.84073179346212320000E+016   1.35875782097177113614E-018
       939   4.65064082128899200000E+016   2.30753595246991943441E-018
       940   6.21948145146822400000E+016   1.15265484552315505194E-018
       941   5.31575816083500880000E+016   1.45148631531167338663E-018
       942   2.62986151201852760000E+016   2.93656245725400611618E-018
       943   2.43415306832766720000E+016   2.64119513542925628102E-018
       944   2.54807694668738160000E+016   2.56666941335457948203E-018
       945   1.83278746995892800000E+016   3.75106242859965464957E-018
       946   3.08174965856349200000E+015   5.50588944013038751564E-018
       947   3.53253746469645150000E+015   4.74307694372655058357E-018
       948   2.87546133836543200000E+015   5.66807076656771136285E-018
       949   2.51383840060110500000E+015   5.30250279030103078274E-018
       950   3.94610344238029050000E+015   4.03730853476299059685E-018
       951   2.17162497754751175000E+015   4.85034991422315685669E-018
       952   1.82659184962797850000E+015   4.59486744685978544642E-018
       953   1.90266289986879625000E+015   4.81663459552029387103E-018
       954   2.23842605608444600000E+015   3.70226120109638084595E-018
       955   2.13236512850876600000E+015   2.78135465233762963080E-018
       956   1.42079997383902600000E+015   2.98244613635043041017E-018
       957   4.96223355429106900000E+015   2.25124041155152890325E-018
       958   5.18579616397675800000E+015   1.74818729564609056766E-018
       959   4.52923350281601500000E+015   5.03092747729744865601E-018
       960   3.58956218968708250000E+015   5.77017766110909168771E-018
       961   4.80083296480178900000E+015   3.37600956019398011334E-018
       962   2.05869417018857850000E+015   4.48722302611512455058E-018
       963   2.43333598369432850000E+015   3.41324676735807337112E-018
       964   2.39421282898709850000E+015   4.93056519088415755439E-018
       965   3.11172465530717100000E+015   3.57872417072645106429E-018
       966   3.37466635131992250000E+015   3.34030050447850857502E-018
       967   3.17248651980910800000E+015   3.57838652084182895983E-018
       968   2.64875754873618250000E+015   5.45025372196528400553E-018
       969   6.10650126594845300000E+015   3.88914288440707080506E-018
       970   2.26028295729652560000E+016   2.02207697509711594512E-018
       971   1.31293984463891360000E+016   3.44082050631193747675E-018
       972   2.81168766627223680000E+016   2.03658861534277402068E-018
       973   1.68386810020339060000E+016   3.28580512679740327671E-018
       974   6.62128605011849000000E+015   4.71963275959763046423E-018
       975   3.41073608175583640000E+016   1.99562815552692479089E-018
       976   7.46694403820909800000E+015   6.02802837112947440833E-018
       977   9.04282315868625400000E+015   5.32639082184350620350E-018
       978   2.32723681486101600000E+016   1.93063698351242304886E-018
       979   1.59919601068129160000E+016   2.64003309458580215885E-018
       980   7.59293815206477280000E+016   5.87797048186827764512E-019
       981   2.77745770800603280000E+016   1.57735683365126597415E-018
       982   5.63020303333054880000E+016   7.25766299863359648259E-019
       983   6.85599342553928800000E+016   9.93964755711547413004E-019
       984   1.54215104877571600000E+015   3.99427081248652397710E-018
       985   1.13308122179786875000E+015   5.75369804035300851471E-018
       986   5.99157784227756000000E+014   8.25343355804303200395E-018
       987   4.33535209270650350000E+015   1.63896815204279476696E-018
       988   1.40034908473943300000E+015   5.99511807347546946015E-018
       989   1.14494825276094250000E+015   6.11700102804245381735E-018
       990   2.61117361633923174400E+018   1.06388700590735466874E-019
       991   2.85582039652215104000E+017   2.11212331136768602844E-019
       992   1.38344832262159360000E+016   2.19698706621403167420E-018
       993   8.68083312684618880000E+016   4.39504788436136001890E-019
       994   9.65186329446748480000E+016   6.14203835691527080851E-019
       995   5.90958511890858800000E+016   9.98073238190940287128E-019
       996   3.22391529757569840000E+016   9.95707274525892918362E-019
       997   7.21700107909383200000E+016   7.14073786072043978345E-019
       998   3.26292510729652032000E+017   1.08974985091286582820E-019
       999   3.92923807750942016000E+017   1.60482166751782882814E-019
      1000   1.08289589982295840000E+017   6.93361456399106492797E-019
      1001   1.50043781361080480000E+017   2.52445833287491368555E-019
      1002   1.17532984098373328000E+017   5.92417603261223570463E-019
      1003   1.77927214066163616000E+017   3.26903292887173523989E-019
      1004   9.72329481961115520000E+017   2.89686987904375821561E-020
      1005   7.85659325704284672000E+017   6.32057043826372129425E-020
      1006   3.74638546517574272000E+017   4.96075809974895112397E-019
      1007   3.82485508823098816000E+017   9.66289978394961489003E-020
      1008   3.76135175549895488000E+017   3.55763116577783129526E-019
      1009   7.26644070984358720000E+016   1.13837933015919238924E-018
      1010   3.42079742334999616000E+017   1.06179006946982728932E-019
      1011   3.22519980270360192000E+017   3.65686948587111920961E-019
      1012   6.15681060798479232000E+017   2.57049307336500650931E-019
      1013   1.54806835820003552000E+017   8.48990994098888473064E-019
      1014   3.21799572963144320000E+017   2.50184381366579932672E-019
      1015   4.01295084975498752000E+017   3.92831980721868397714E-019
      1016   2.14605317450270208000E+017   4.44828680421076539254E-019
      1017   2.46322602079339232000E+017   4.50208991520578096485E-019
      1018   2.64102958132965216000E+017   4.87443272023840122814E-019
      1019   1.91558425696753280000E+017   6.59053235036385918679E-019
      1020   9.74349446564520000000E+016   9.67328783173587152571E-019
      1021   1.53700015896205984000E+017   1.01815786869949242059E-018
      1022   1.49194650048982040000E+016   3.03346256479594803827E-018
      1023   2.55873552717758640000E+016   1.92945034246305118500E-018
      1024   2.57055481732857520000E+016   1.57346119893445824210E-018
      1025   1.94556266160024160000E+016   1.88673856238345571285E-018
      1026   4.43368920021697600000E+016   1.42471559636767993442E-018
      1027   2.22353846188037000000E+016   2.51771066748459603855E-018
      1028   5.89347513782813696000E+017   1.07917898629380348249E-019
      1029   9.05690719041183360000E+017   1.03436331329986806142E-019
      1030   7.19096233517030784000E+017   1.88177885465500216739E-019
      1031   1.99007130181718688000E+017   8.48523848132395197608E-020
      1032   1.68761035852646720000E+017   1.54166038280621924977E-018
      1033   6.17491077524702848000E+017   3.26675446053210946031E-019
      1034   3.70210854844248000000E+017   5.10924571175979442283E-019
      1035   1.73644563119084160000E+017   7.31146248464648703224E-019
      1036   2.93549419061905760000E+016   1.71409255680257369883E-018
      1037   2.28986185797312800000E+016   2.10097747704596577177E-018
      1038   3.00525881569724520000E+016   1.91762302087305467913E-018
      1039   3.33640958191203440000E+016   1.84686860154021140631E-018
      1040   5.90903876520764700000E+015   4.56961029319241403119E-018
      1041   5.96675842141375300000E+015   3.94027835247613692449E-018
      1042   4.74758890277399800000E+015   5.29700806401721065441E-018
      1043   5.26277825395663300000E+015   3.70797629172135747583E-018
      1044   4.92141551080999300000E+015   4.75613827202822035700E-018
      1045   2.28633873195791750000E+015   2.87906343885518637436E-018
      1046   1.91264794820855975000E+015   3.52896343396703626136E-018
      1047   1.81687135317943050000E+015   3.85106918026535026804E-018
      1048   5.47245933652364100000E+015   6.69870244544384269812E-018
      1049   3.96841633177878800000E+016   1.69890623344452121233E-018
      1050   7.22830499263429280000E+016   8.43557705357132439386E-019
      1051   5.93411154130162480000E+016   9.99791417886983981636E-019
      1052   1.27522483915061600000E+017   3.90216648828034728883E-019
      1053   1.42502068398520352000E+017   4.97640550740278780183E-019
      1054   3.42905845137923520000E+017   2.32669274537285478462E-019
      1055   1.42584104611697536000E+017   4.19546635516599803753E-019
      1056   2.62706663382241800000E+016   2.15851195922716985911E-018
      1057   1.82775371391545800000E+016   2.84783243432047477373E-018
      1058   4.24416394229206640000E+016   1.34030811688147919611E-018
      1059   3.27837923957958600000E+016   1.58961393644990059775E-018
      1060   2.06946524741964120000E+016   2.58589212954899071464E-018
      1061   1.20658435491963040000E+017   5.30506979978558596886E-019
      1062   2.54822647281223840000E+017   4.43101241073060043833E-019
      1063   1.58771304318248160000E+017   3.39125942388000801101E-019
      1064   1.86460132707879840000E+017   2.69044428498612454784E-019
      1065   1.12461949210304848000E+017   6.00996602346527066079E-019
      1066   2.82805817649179648000E+017   3.34161730292589729707E-019
      1067   3.20985580082665920000E+017   1.51797461549179161671E-019
      1068   1.99357101704660896000E+017   3.34708551187076767351E-019
      1069   6.05793489552551920000E+016   5.24633336514000717172E-019
      1070   4.37416578816318960000E+016   9.42521075301772872643E-019
      1071   5.33964050299264240000E+016   1.00755273488626927813E-018
      1072   4.40510571248722960000E+016   4.80166933699162248005E-019
      1073   7.58378120471658240000E+016   5.27729194247544955476E-019
      1074   7.06033612271323520000E+016   8.69854146679874205598E-019
      1075   2.48126284005286432000E+017   3.07649813394129203674E-019
      1076   1.74101659953627264000E+017   2.77318906207768809941E-019
      1077   1.78703993282333344000E+017   2.55515114041415369996E-019
      1078   4.83528278690693696000E+017   3.95404322840091425240E-019
      1079   1.32095900416825856000E+018   8.32998455899707325875E-020
      1080   4.01417974682116416000E+017   4.33881900715329626475E-019
      1081   1.71461201957266784000E+017   7.89532546694193304231E-019
      1082   2.33865532291359392000E+017   2.46950515503239075671E-019
      1083   1.04510748151951961600E+018   2.64016640950095809416E-019
      1084   5.70677551179524224000E+017   7.66008927953497393548E-020
      1085   7.83680982897182976000E+017   2.82200541310858945446E-019
      1086   1.14960457795845824000E+018   2.35558948704140822852E-019
      1087   4.32330013438144128000E+017   3.09489049518462346667E-019
      1088   4.25791441973694720000E+017   2.99905711900590091284E-019
      1089   6.49528100267200384000E+017   1.11677471512805509309E-019
      1090   2.46286352882699104000E+017   5.05445466980219469482E-019
      1091   2.33904895194261024000E+017   3.76673458358847628418E-019
      1092   4.02279702305026176000E+017   2.91219034013666175990E-019
      1093   6.88944441714712192000E+017   1.13189322702181914223E-019
      1094   5.08642531034437696000E+017   1.63737471913886101463E-019
      1095   2.17566811455134272000E+017   5.33813150346783962467E-019
      1096   2.14594475229929216000E+017   6.77936488260499576330E-019
      1097   1.02189780887007888000E+017   9.39759824636649363472E-019
      1098   7.43886532861161280000E+016   8.87989963736449837926E-019
      1099   9.08527292005415680000E+016   8.49203940168246399317E-019
      1100   8.83683183997293900000E+015   3.44798854150449586354E-018
      1101   5.86614682093590000000E+015   3.25336965779384758382E-018
      1102   3.96966080762209350000E+015   2.99274584265857991091E-018
      1103   5.17233122543372800000E+015   2.76293672245955030966E-018
      1104   5.74754282511864800000E+015   3.74970989513878205712E-018
      1105   7.11628749217968600000E+015   2.37116168914185206953E-018
      1106   8.53066228678937100000E+015   2.15940565895520301786E-018
      1107   4.38600821101316750000E+015   4.51057989464062904927E-018
      1108   8.26403729765128000000E+015   2.24688778057150759633E-018
      1109   8.04968997708582200000E+015   2.79062113607972349020E-018
      1110   7.96210777906967200000E+015   3.00569412920864081627E-018
      1111   2.31437235172670300000E+015   2.58176395606152326546E-018
      1112   2.92193504511727400000E+015   2.16250036206614037545E-018
      1113   3.95439801621009400000E+015   3.19551715319369305965E-018
      1114   2.47177563465603560000E+016   1.50162642076589810853E-018
      1115   2.14725188639445960000E+016   8.75352805845535909211E-019
      1116   3.13670008747033840000E+016   4.31926465222361626171E-019
      1117   7.31164104941144160000E+016   1.52814795723649555863E-019
      1118   1.03161644437112740000E+016   6.71098501085669046728E-019
      1119   1.27870450443566520000E+016   1.67397227796019600703E-018
      1120   5.80101133438360960000E+016   9.95999492222924044833E-019
      1121   4.33271891611718800000E+016   1.66758569311711743781E-018
      1122   2.71935689998992760000E+016   1.88737549637089132686E-018
      1123   1.73054176479809120000E+017   4.60881834388382953562E-019
      1124   7.97590325096370688000E+017   1.02087838146884773825E-019
      1125   5.83377283666615808000E+017   1.24972291563781938462E-019
      1126   7.49825794126917376000E+017   1.24763344052097312995E-019
      1127   3.01815782982725632000E+017   2.30314872134915546295E-019
      1128   1.99434159285237504000E+017   3.19562610635552203011E-019
      1129   1.29705200137492288000E+017   7.08343259853068083987E-019
      1130   7.94391780458746240000E+016   1.33269882006495069518E-018
      1131   3.55796195936732224000E+017   2.96050279717050199708E-019
      1132   2.72055172896616384000E+017   4.55876377113235003392E-019
      1133   2.74943784339929160000E+016   2.44109678613578568910E-018
      1134   4.63718944235048080000E+016   1.14237844992391254428E-018
      1135   6.66831367892879200000E+016   1.01531953873254044576E-018
      1136   1.29307221975291904000E+017   6.43785009318500427346E-019
      1137   1.52230432513988960000E+017   5.38743122033101076914E-019
      1138   1.40696434571192720000E+017   2.02298704771712912619E-019
      1139   4.67942482763370048000E+017   3.22044114804865787163E-019
      1140   3.23755157861239296000E+017   3.32770953057179603642E-019
      1141   2.29969374616278272000E+017   2.78476880295735465923E-019
      1142   4.27490072169990592000E+017   2.27107612317156313154E-019
      1143   3.05673906246494848000E+017   2.71497247587056495089E-019
      1144   2.32497115364535000000E+016   3.00877033838692558343E-018
      1145   3.96788659311423440000E+016   2.11498367851399190836E-018
      1146   2.64531558721318720000E+016   3.32833423368647673242E-018
      1147   1.11894422969232512000E+017   1.08369042315300367230E-018
      1148   1.13534399000725376000E+017   6.50590746121500569663E-019
      1149   2.11016479948971872000E+017   4.25857427983937591671E-019
      1150   1.48950945580882944000E+017   4.81959431237651277670E-019
      1151   2.67042931606791936000E+017   3.22294842578295590521E-019
      1152   1.02009209413227648000E+017   1.19483983878539069512E-018
      1153   4.09502344849546560000E+017   2.86805248252626512139E-019
      1154   4.07017524365156672000E+017   1.10316080511277348902E-019
      1155   2.49369229869522656000E+017   2.50724075633547845429E-019
      1156   4.09862009591582336000E+017   1.31574122055318649180E-019
      1157   6.20431866221561344000E+017   1.53217822419573414997E-019
      1158   3.00939108509443904000E+017   2.53034292655400890278E-019
      1159   4.58618617111776256000E+017   1.01656247061956216248E-019
      1160   7.50814253606788992000E+017   3.04339801935618819632E-019
      1161   7.40636795412634240000E+017   1.10809594436374499062E-019
      1162   4.23734324115604352000E+017   1.39210016372544961696E-019
      1163   2.39632205447330176000E+017   3.61865664684414697367E-019
      1164   2.12456391908398016000E+017   7.66868122732222495843E-019
      1165   7.55819597195490880000E+016   1.37048266423817576856E-018
      1166   2.11649957264805280000E+017   5.07581079734088773635E-019
      1167   6.68575254301627904000E+017   2.25329205742028755409E-019
      1168   6.52483548396574336000E+017   1.53615602796082346309E-019
      1169   8.91969176845893632000E+017   1.38584479843085503201E-019
      1170   7.61273176610129408000E+017   2.19102867155224820382E-019
      1171   5.88320212872779392000E+017   3.03439123681809791677E-019
      1172   6.52430762827677600000E+016   1.35932013951940458050E-018
      1173   7.02482435667050880000E+016   1.24508802855565823320E-018
      1174   1.12847635968415296000E+017   7.51739867346711274934E-019
      1175   1.35388409119005584000E+017   5.55606745319024026805E-019
      1176   1.05861425034275392000E+017   7.56812082431557592717E-019
      1177   6.22911802929260720000E+016   1.27741018326031614986E-018
      1178   7.19858586704996240000E+016   9.45944228036538216706E-019
      1179   5.53870523346793500000E+015   2.21886233762639984979E-018
      1180   5.59588604092507600000E+015   2.51438625916274388020E-018
      1181   5.07639249798348100000E+015   2.69195284244693800694E-018
      1182   7.70106646281914500000E+015   2.95350217804430769591E-018
      1183   8.78194078942453600000E+015   1.75256640317097891685E-018
      1184   4.01262983934875350000E+015   2.06899109008360215021E-018
      1185   3.75240560555384900000E+015   2.92389587191994169775E-018
      1186   3.58266064417304750000E+015   4.06861553489515987956E-018
      1187   5.32838581687066500000E+015   2.09581231672566855167E-018
      1188   6.23330921212233500000E+015   3.34838949433829016009E-018
      1189   3.94742577900924900000E+015   4.52876134940573024288E-018
      1190   6.35662908706642900000E+015   1.68532206964306338476E-018
      1191   1.61533124491346680000E+016   9.98953379803393385422E-019
      1192   1.20373765517910160000E+016   9.12632206583233473750E-019
      1193   9.46259678024440200000E+015   1.00255411058601406387E-018
      1194   4.63544845726381840000E+016   2.59354521501277486534E-019
      1195   5.29925355406394900000E+015   2.34568450632856152428E-018
      1196   1.89285219838207720000E+016   7.42759773085805729175E-019
      1197   8.20137784956646600000E+015   1.22932813480777226181E-018
      1198   4.16290817730809440000E+016   4.13137097511726305823E-019
      1199   8.90734008529563776000E+017   5.40597354734024839297E-020
      1200   6.43750585969995648000E+017   1.11280446795744174020E-019
      1201   6.97887672875476608000E+017   8.46489400972142896322E-020
      1202   1.31125441046715424000E+017   4.08876547162618244490E-019
      1203   7.06228705926472560000E+016   8.52654246902605727550E-019
      1204   5.51806941424356160000E+016   9.12483356109202007914E-019
      1205   2.00250067753697248000E+017   4.75991029557433356300E-019
      1206   2.67225740141558880000E+017   2.97391932345816210279E-019
      1207   5.35973659922185792000E+017   9.71962539595844590080E-020
      1208   6.06423608294775424000E+017   2.22171677630655550343E-019
      1209   6.62349735633412864000E+017   2.15076686988452311743E-019
      1210   5.59090271575551744000E+017   2.09783383464587951631E-019
      1211   5.65627643075605440000E+017   2.04358913721373113911E-019
      1212   9.54140663426619392000E+017   1.02363357110089057521E-019
      1213   7.44128406428455552000E+017   1.89905582874505520514E-019
      1214   1.00897623313914931200E+018   1.05108221799437975527E-019
      1215   4.12360977143542272000E+017   1.35357317453232402781E-019
      1216   4.31721660488468608000E+017   2.16065853607398368036E-019
      1217   1.21973775324527560000E+016   5.36735140658674319112E-019
      1218   1.55062089504075100000E+015   3.92586051777700136446E-018
      1219   4.95194684426413500000E+015   7.03842093099297868090E-019
      1220   7.29575490871257125000E+014   5.92180933043887313871E-018
      1221   7.28133731733852625000E+014   3.46341568100812459454E-018
      1222   1.17771560989671050000E+015   3.47866827215701234807E-018
      1223   1.51419271945729400000E+015   2.81927635811521951914E-018
      1224   5.47049669039124864000E+017   2.97876393090223275729E-019
      1225   6.76081584556510080000E+017   1.58851999782433363456E-019
      1226   7.40895110387869440000E+017   8.75352768573171886556E-020
      1227   1.85990295075484000000E+017   4.55624130261816133416E-019
      1228   9.67222894316310720000E+016   1.06604098460149711037E-018
      1229   2.22543917563649824000E+017   7.05462059916577751163E-019
      1230   3.09238950250116800000E+017   3.45392027037003447707E-019
      1231   6.06652397383618432000E+017   2.10598108185248826393E-019
      1232   1.16469212676954400000E+017   7.68883565219946988285E-019
      1233   2.84520565685757920000E+017   4.61937262096365039840E-019
      1234   2.98409917346239808000E+017   1.82337813109446317567E-019
      1235   1.70236942774964896000E+017   3.63532608126245825543E-019
      1236   3.95805775969387008000E+017   4.44940931408834289886E-019
      1237   5.69655516009167488000E+017   1.99352403868689002372E-019
      1238   4.67112875123960512000E+017   1.93596801046430237060E-019
      1239   1.25932472358853555200E+018   5.40747168008299076339E-020
      1240   6.28997831261838336000E+017   2.37245755239597938902E-019
      1241   9.28335698505314176000E+017   1.52920544084260901874E-019
      1242   8.93034331491056384000E+017   1.30815055783302778167E-019
      1243   1.01624589419794240000E+018   1.40322591702608690878E-019
      1244   2.04578352774422758400E+018   6.68492741308220789035E-020
      1245   4.69958253998612864000E+017   2.19743337122774672473E-019
      1246   1.43002827166446816000E+017   6.93906265082266172275E-019
      1247   7.95252251439692160000E+017   1.22360208828191556317E-019
      1248   2.46017707126793344000E+017   4.50050255750047138194E-019
      1249   3.32468099819759360000E+017   3.06877808650511343577E-019
      1250   1.73223784395453520000E+016   1.15675747342904139933E-018
      1251   5.36411122323353100000E+015   2.16399519703227021860E-018
      1252   5.47113906705222000000E+015   1.87250360122504562306E-018
      1253   4.69222729642437300000E+015   2.03330220254985001185E-018
      1254   7.01292375073834700000E+015   1.69737679593690576956E-018
      1255   1.01284401531121020000E+016   1.17921040724403236622E-018
      1256   3.07263583135225350000E+015   2.70689537635172853308E-018
      1257   2.26316394973773650000E+015   4.58088617192660973085E-018
      1258   2.43173164849917900000E+015   3.53183638373101438772E-018
      1259   2.19705902848832350000E+015   2.05006980771214796102E-018
      1260   2.07173608413039440000E+016   5.99497880644507916574E-019
      1261   6.30587760697348800000E+015   1.82247604682156011231E-018
      1262   2.23779704062282280000E+016   5.47378304501377848511E-019
      1263   1.34513215324481860000E+016   3.30352735583808896669E-019
      1264   1.35358640084727040000E+016   6.96811641113151062144E-019
      1265   1.35249659121523620000E+016   7.83578556951105767963E-019
      1266   8.37830483624260300000E+015   1.04860309311753108829E-018
      1267   1.29285903672571060000E+016   8.62742588987907579898E-019
      1268   9.00427536722877600000E+015   1.10726565967291343439E-018
      1269   1.22184632128304500000E+016   8.40436677487169541347E-019
      1270   1.26802894100089020000E+016   8.44110505623263206739E-019
      1271   1.07849572765038580000E+016   9.18276879086475404759E-019
      1272   1.91388222068539520000E+016   8.59956498772216290936E-019
      1273   8.51689075371364600000E+015   5.23232501897765106912E-019
      1274   4.93602240299567400000E+015   6.54495027661405136184E-019
      1275   9.86662905513463125000E+014   2.19606196875451711416E-018
      1276   2.18814060214938075000E+015   2.81441932225774922906E-018
      1277   1.77439883239410580000E+016   5.64450269637248637618E-019
      1278   1.28668522963753940000E+016   6.05254156800554768022E-019
      1279   2.63891290149619100000E+015   1.54622623612499420174E-018
      1280   1.78144556308698675000E+015   3.28816554797777438976E-018
      1281   1.08686045001042687500E+015   6.02591011253087347741E-018
      1282   1.20876496081019325000E+015   2.90667085110727621687E-018
      1283   1.49390479560443175000E+015   4.71446513099176229615E-018
      1284   1.27285076798209320000E+016   1.00189470440664431502E-018
      1285   2.57283062967172840000E+016   4.34930200445470429672E-019
      1286   1.53948557400762560000E+016   4.95900993699896221834E-019
      1287   1.24741656821473740000E+016   6.95330549240027969007E-019
      1288   2.03629029850845520000E+016   6.95752857872987228378E-019
      1289   2.40374882991867640000E+016   5.96564867771114470148E-019
      1290   2.89343696195541800000E+016   5.28147589173470284924E-019
      1291   6.96980562602139800000E+015   1.88865812304042949136E-018
      1292   3.75875293692394400000E+016   4.17325075299510450227E-019
      1293   7.29489544019459700000E+015   3.06226528206233079004E-018
      1294   6.79162337739129000000E+015   2.02958050987128907894E-018
      1295   6.26649003964479488000E+017   2.18964354461950875916E-019
      1296   4.08783438353035072000E+017   2.26296744282798670236E-019
      1297   6.00670114996694528000E+017   1.38854609342478746922E-019
      1298   4.34923329611038144000E+017   2.63865967447791616690E-019
      1299   2.20731051460068288000E+017   4.91519042023761160764E-019
      1300   3.04339622703230272000E+017   2.86811662591080553866E-019
      1301   3.40661923479849664000E+017   1.75403425824200588635E-019
      1302   3.55515615137275264000E+017   2.83210438610264304103E-019
      1303   5.77061365191317760000E+017   1.65006881066012859527E-019
      1304   8.27438000591568384000E+017   1.73873165522858299798E-019
      1305   3.05129534229254848000E+017   2.37899220004234862709E-019
      1306   9.39130229162412928000E+017   8.12496506080263375508E-020
      1307   8.18645000244700928000E+017   7.21607976145486497604E-020
      1308   5.35362710208581120000E+017   1.05295259889963529673E-019
      1309   5.14394074892073984000E+017   2.06664341440863924958E-019
      1310   1.38372033925172825000E+015   3.11790375093827559636E-018
      1311   2.94802207566880750000E+015   3.42603562118853519015E-018
      1312   2.04633121293713875000E+015   3.25530670278429986408E-018
      1313   1.89981691783135525000E+015   2.93178297952208214473E-018
      1314   1.13144791485322425000E+015   3.63250648672768685717E-018
      1315   1.73691889952563825000E+015   4.99256471834058499654E-018
      1316   8.72653787133629375000E+014   5.62892892974024431046E-018
      1317   3.00463485491138050000E+015   3.25259035102153491240E-018
      1318   1.77799635100448280000E+016   3.54974724049929881753E-019
      1319   2.19361372763901000000E+015   2.52520256731880446335E-018
      1320   6.27779340286101500000E+015   1.00070144031853931835E-018
      1321   6.86180836439146800000E+015   1.11427502291517322409E-018
      1322   6.16074148835737300000E+015   2.20241362041352612246E-018
      1323   1.39409768065852980000E+016   6.61217208491497765677E-019
      1324   7.83442580469207100000E+015   2.24711768238266999697E-018
      1325   6.52097740037831920000E+016   2.54931035055488556791E-019
      1326   7.91316139260927300000E+015   1.58835307870070858141E-018
      1327   1.28859714639744400000E+016   1.51400586176418456145E-018
      1328   1.31533733856686100000E+016   1.43299125068385461864E-018
      1329   1.79446027307405780000E+016   9.87182558753426823651E-019
      1330   1.64382589492125380000E+016   1.06540129000972539437E-018
      1331   2.51417228813909050000E+015   3.29079032110579345010E-018
      1332   1.40298063730259940000E+016   1.92720278096695347055E-018
      1333   1.60165730477237800000E+016   1.40218906527922628793E-018
      1334   5.66455086075132200000E+015   2.88078338260934414686E-018
      1335   2.72304253907953400000E+016   6.39062596920791978879E-019
      1336   5.35025942258304080000E+016   3.65791458689925047735E-019
      1337   6.88243139187221400000E+015   5.56795332999549940693E-018
      1338   6.66931795162961500000E+015   5.32768709720300929378E-018
      1339   1.33560539847513880000E+016   1.35864157386313926911E-018
      1340   1.08995918827024340000E+016   1.67781836828067436760E-018
      1341   3.48870629139508320000E+016   5.08365269320560813856E-019
      1342   6.21985105272001280000E+016   4.53751990839144813549E-019
      1343   1.10298780703859480000E+016   1.64157657962335856315E-018
      1344   8.62797296977150600000E+015   2.24228649785921219951E-018
      1345   1.88200881657706800000E+016   1.12366504819032457697E-018
      1346   3.82309418658291440000E+016   6.08908849663346082887E-019
      1347   3.28909821691225640000E+016   7.16574319137239081994E-019
      1348   3.29467712927613240000E+016   5.90955124896631415211E-019
      1349   1.82144008747320000000E+016   1.33362884131487392115E-018
      1350   3.19164316869977760000E+016   2.33939973829122394638E-019
      1351   5.06650367413694300000E+015   2.68363175280817150725E-018
      1352   1.17216254194549320000E+016   8.80871367399542404117E-019
      1353   2.50568799659930720000E+016   6.32685717864139635043E-019
      1354   2.77896765696863400000E+016   3.81383164312588499667E-019
      1355   3.36996399610787750000E+015   3.00067111445612769004E-018
      1356   4.15824012491447700000E+015   3.40564196184234283354E-018
      1357   5.98184559129778700000E+015   9.02816524806367606002E-018
      1358   4.28846835538798160000E+016   1.32172224425550428082E-018
      1359   1.10311600932583792000E+017   1.07329211453948916795E-018
      1360   4.77756218627994176000E+017   2.99140317867947053192E-019
      1361   3.63660611145350144000E+017   2.85882420970802221176E-019
      1362   7.15013745406353024000E+017   1.47496415490863382158E-019
      1363   5.29543126739154800000E+016   1.90077478106821278582E-018
      1364   2.49117795196498840000E+016   1.64434679472894939461E-018
      1365   1.65200082845323136000E+017   4.04660844022079544288E-019
      1366   6.13470690561594080000E+016   9.38472064615348541622E-019
      1367   2.67802154934332640000E+017   1.52197795864098187464E-019
      1368   1.62462618352278800000E+016   4.19064401875760698223E-018
      1369   1.63227790766445520000E+016   1.14086583339530149643E-018
      1370   2.23634440314526912000E+017   1.49223042345391097078E-019
      1371   3.09843689056189248000E+017   3.10701531698228161403E-019
      1372   1.84713152239654240000E+016   1.03679872237171467172E-018
      1373   2.57264978922680576000E+017   1.42608871577625249370E-019
      1374   2.44443091387962720000E+017   5.22571562276078897993E-019
      1375   8.19860065717683500000E+015   5.45121708707208714312E-018
      1376   1.00235658150621776000E+017   3.29297154923376355911E-019
      1377   7.12221327443144880000E+016   1.22193069851486979489E-018
      1378   3.38854499629689880000E+016   1.36603645366680649887E-018
      1379   4.14688673747100992000E+017   2.83569648138623022382E-019
      1380   3.21593202125116672000E+017   3.32997827203059315483E-019
      1381   4.07362183583924000000E+016   1.20979687857780380484E-018
      1382   8.30278944897892960000E+016   5.88833466933352213446E-019
      1383   1.18558964866300704000E+017   5.14065047355055871078E-019
      1384   9.15825937525391200000E+016   7.48434864430209906220E-019
      1385   5.42720477252751200000E+016   1.12531328331445554751E-018
      1386   1.01266694372518448000E+017   7.56636521801821617531E-019
      1387   4.40433524925660640000E+016   1.21260847432321491610E-018
      1388   1.02526463339907488000E+017   4.64590853135061827349E-019
      1389   9.36174415627213120000E+016   5.67805810318153281713E-019
      1390   1.05614909130282000000E+017   4.52448436056377070864E-019
      1391   5.19235954929078080000E+016   9.71080211269507401785E-019
      1392   1.71999027793519008000E+017   4.30607657997558318236E-019
      1393   5.79778993163446640000E+016   8.91235757160088494604E-019
      1394   2.53611132899567120000E+016   2.14158568415897895629E-018
      1395   7.74352072892327800000E+015   5.47926776118957800490E-018
      1396   1.62591295116934976000E+017   1.93931125766306248414E-019
      1397   3.48221760847004480000E+017   9.35556183662343329934E-020
      1398   2.22198900357191520000E+017   1.31125566153146659978E-019
      1399   5.35213155530963072000E+017   3.34622624084936001459E-020
      1400   2.74039057677300600000E+016   3.64679392664235105112E-018
      1401   2.35012424096686016000E+017   2.13338482945124771041E-019
      1402   5.46942753485608400000E+016   5.39541150802505499931E-019
      1403   3.89543469194670450000E+015   1.45239022966298618702E-018
      1404   4.70329834681766200000E+015   9.63744427659045424565E-019
      1405   7.81671553710252900000E+015   6.01700411810594708425E-019
      1406   7.06604076817448500000E+015   4.50542936374055192703E-019
      1407   1.26617987444606000000E+016   2.25394027846077083176E-019
      1408   1.71258478761858780000E+016   2.29575741353853713093E-019
      1409   3.12095317339376350000E+015   1.39636164753176660753E-018
      1410   1.24811506314566220000E+016   7.10209619445233243533E-019
      1411   9.42898586442048625000E+014   6.21841042812178407568E-018
      1412   5.26853754246379687500E+014   7.03278597279477346790E-018
      1413   6.33987101561978375000E+014   6.69510759445450787870E-018
      1414   7.93372688839607875000E+014   7.14157481803103186056E-018
      1415   4.34678573989426687500E+014   6.26207995493984882403E-018
      1416   7.11765737785557125000E+014   6.26586220068265052547E-018
      1417   4.52799273504582900000E+015   8.67532789898274243723E-019
      1418   8.93013143175149800000E+015   7.22937914572212105515E-019
      1419   1.57027164357036860000E+016   4.70740098385325639162E-019
      1420   1.54954116736541980000E+016   8.84182673116086822505E-019
      1421   1.48556074857135400000E+016   7.28156817611534782559E-019
      1422   7.53414554365243100000E+015   4.72317023445793092294E-019
      1423   2.73436563931497550000E+015   1.57360386267963209315E-018
      1424   2.88806476028316200000E+015   1.20508817830580124112E-018
      1425   2.43754361891398500000E+015   8.99290302999696420648E-019
      1426   3.89628589396938250000E+015   4.32640264914876864906E-019
      1427   1.27323418550295420000E+016   4.05515139223869189213E-019
      1428   4.41082632904233900000E+015   1.90250580909471130432E-018
      1429   7.53169886476148125000E+014   5.33224187034203846858E-018
      1430   3.91211814754028300000E+015   7.29783392893149211123E-019
      1431   1.41190780683737050000E+015   2.80251908342573339144E-018
      1432   3.11011472181631000000E+015   1.23108523538516422072E-018
      1433   2.40554433304775150000E+015   2.06689197050375794769E-018
      1434   1.39360013727059300000E+015   2.59705667389160481971E-018
      1435   2.34942546236994000000E+015   1.09517820423736304759E-018
      1436   2.51381719062044650000E+015   5.91515857117239284954E-019
      1437   1.09485584567359300000E+016   1.97200484132847751119E-019
      1438   1.35126215527420840000E+016   5.62357319979011833335E-019
      1439   1.99827642892595475000E+015   1.76478338436789106400E-018
      1440   3.55092538386478100000E+015   1.23084382500557072655E-018
      1441   4.41524914549308125000E+014   7.16719454029118501159E-018
      1442   1.07206992765488600000E+015   3.96897067262459607764E-018
      1443   6.49242432016132375000E+014   4.65650575177584117852E-018
      1444   5.71683760155877625000E+014   4.97406615602660597986E-018
      1445   1.00975265709958425000E+015   4.24928447176857415016E-018
      1446   1.40298663361973625000E+015   3.82435358720620708399E-018
      1447   8.82318054475614875000E+014   5.91442070018761173127E-018
      1448   1.39365615646035275000E+015   2.96723570347330598743E-018
      1449   1.53182680463319620000E+016   2.63677069727900121942E-019
      1450   1.84470548802196720000E+016   4.04958093626539182581E-019
      1451   7.47976801621567500000E+015   4.02432800853468761642E-019
      1452   5.57425301254490800000E+015   5.70688264746843399518E-019
      1453   1.50254387599962860000E+016   3.24819993765075920672E-019
      1454   6.90887546951661600000E+015   3.87582295821612484135E-019
      1455   5.24204460503294800000E+015   7.38093744150682008864E-019
      1456   1.17062436513971120000E+016   2.91413380702144567690E-019
      1457   1.19535556312035920000E+016   1.87821868830401756530E-019
      1458   1.37023551604125680000E+016   2.89792238241182358155E-019
      1459   5.06339877892355875000E+014   7.77653005586978341292E-018
      1460   5.13077179460104187500E+014   6.81466410809687672057E-018
      1461   3.84749443640165500000E+014   7.13897899778004503156E-018
      1462   6.33886370335126125000E+014   7.72917932883524460247E-018
      1463   6.98383681662073625000E+014   5.24196319776864985521E-018
      1464   5.52685473268733200000E+015   1.13591896399574196963E-018
      1465   1.15297156313341760000E+016   3.40506736095226373868E-019
      1466   8.69501584130567100000E+015   5.32755232093094393455E-019
      1467   8.67391148408029700000E+015   3.08594767752208370014E-019
      1468   6.09051641591744900000E+015   5.02284234056581268422E-019
      1469   3.04203587994545550000E+015   1.46227617763587493627E-018
      1470   1.50794883768912550000E+015   2.24107455553508944039E-018
      1471   1.23700545828353300000E+015   1.19181500747711031700E-018
      1472   8.59542779637749750000E+014   9.28423991657305815443E-019
      1473   9.12367410480771625000E+014   1.82058455298997141449E-018
      1474   1.05695601700555800000E+016   3.17405999632020558470E-019
      1475   5.75403502251812500000E+015   7.58229945856382538939E-019
      1476   3.38181963538144450000E+015   1.33650979836180634532E-018
      1477   6.57208024773304000000E+015   5.03215972579467680880E-019
      1478   1.47677056304103750000E+015   3.48184951690223846596E-018
      1479   2.52558613488536200000E+015   1.63825696929322100601E-018
      1480   3.45434909570040350000E+015   1.52244823837044557885E-018
      1481   2.08510368646632550000E+015   2.07502583569298511267E-018
      1482   7.71430361275366400000E+015   8.08259547727576877857E-019
      1483   5.05754505993281600000E+015   6.87595694749985407169E-019
      1484   3.23102138375176600000E+015   5.76363045552604480761E-019
      1485   3.70097326966023900000E+015   6.77807627833074727063E-019
      1486   1.25475878982801500000E+015   2.23382760647950481237E-018
      1487   3.78780425627326750000E+015   6.68999030165706260396E-019
      1488   5.80840589283480375000E+014   5.93640340723946324174E-018
      1489   1.10630604626808975000E+015   4.80174276416516077876E-018
      1490   6.55171901788084625000E+014   5.47127976758372015579E-018
      1491   1.03954843765750800000E+015   3.79882948541368183751E-018
      1492   1.03916608624622387500E+015   4.44539197817741212639E-018
      1493   1.97689651866801250000E+015   2.19285345218264895063E-018
      1494   1.68647215188194275000E+015   2.77192160423837225486E-018
      1495   3.15206106395868450000E+015   8.57204283913922447319E-019
      1496   1.85716296893931300000E+015   1.75772051189048916028E-018
      1497   5.80022055566236240000E+016   8.47333822943890597732E-019
      1498   1.11038137707771568000E+017   7.30667511507639289829E-019
      1499   1.37431073520632752000E+017   3.71937413752701039236E-019
      1500   1.91439073636634464000E+017   2.23990686086177758473E-019
      1501   5.71957274844536960000E+016   5.69251668704814253898E-019
      1502   3.65947661803291840000E+017   4.88650004257983940041E-021
      1503   1.94729051685278496000E+017   1.09996698115472686597E-019
      1504   3.80352560780109632000E+017   1.43758810042063674809E-019
      1505   4.91813907945223700000E+015   1.01614011381796618237E-018
      1506   1.57450981789694200000E+016   1.00000000000000008334E-030
      1507   3.50464854715052160000E+017   1.66446124073330004783E-020
      1508   5.29189036900605120000E+017   1.68909757544265542056E-019
      1509   3.00173590373788352000E+017   2.12135485049619457179E-019
      1510   9.82755023083743744000E+017   8.76582468904349570404E-020
      1511   4.82273957393091072000E+017   8.23702569253197995459E-020
      1512   1.00000000000000008334E-030   1.00000000000000008334E-030
      1513   6.86398428789295872000E+017   1.11435997518373961673E-020
      1514   2.86517981962418160000E+016   2.28220551347021411722E-018
      1515   1.32689481408136144000E+017   1.01709577616798654697E-019
      1516   4.02408270499438320000E+016   2.16900089431398692871E-018
      1517   6.84535930698011776000E+017   9.08615400095934144165E-022
      1518   1.03895548901780096000E+018   3.59508138402071012453E-021
      1519   8.37530128464357504000E+017   8.65421557244375810010E-022
      1520   1.32535494455662160000E+016   5.96001800115822994542E-019
      1521   1.15868245923619520000E+016   4.81040402659849673452E-019
      1522   1.29551486814806240000E+016   6.55280167062489450257E-019
      1523   6.93370648337961300000E+015   6.64413016629695281947E-019
      1524   2.57874757396822750000E+015   1.51389338662845131768E-018
      1525   2.81525205961523600000E+016   3.06950119754031327647E-019
      1526   3.73488209105291300000E+015   1.21245906750684484694E-018
      1527   2.90884148781198100000E+015   1.84079838169365858067E-018
      1528   2.35314038131477320000E+016   4.71619502035041649030E-019
      1529   2.41203596444055880000E+016   8.32172617672940762425E-019
      1530   4.10787896134414960000E+016   3.16100704102826233293E-019
      1531   8.08880770188463300000E+015   1.34522259162311435612E-018
      1532   1.45975600125440475000E+015   5.02740721515739648056E-018
      1533   1.23760433476161100000E+015   4.99349893670910038819E-018
      1534   1.81340517640179275000E+015   1.86082950875870375105E-018
      1535   3.58446582534256800000E+015   1.42547834391846010238E-018
      1536   5.04400478213001300000E+015   1.10430884581532204814E-018
      1537   3.86817459764289000000E+015   1.31427023426471814554E-018
      1538   2.85904382789426950000E+015   1.01996442428527433895E-018
      1539   2.62348554757479150000E+015   2.05104841466173054476E-018
      1540   1.76272719996736525000E+015   4.79971860282140013999E-018
      1541   1.30963576924741325000E+015   5.25376203992465002996E-018
      1542   1.47608161359275000000E+015   4.18253323563920113374E-018
      1543   1.00872880753277360000E+016   5.87476280996017149106E-019
      1544   8.00972340496207800000E+015   1.00440323353398997830E-018
      1545   9.79228979637590000000E+015   9.54183112643185377110E-019
      1546   1.87723682496175500000E+015   2.76265497871998477119E-018
      1547   9.66543320824186200000E+015   9.83129864796192280013E-019
      1548   9.36929228238556800000E+015   7.90255892608507769381E-019
      1549   1.12983622200721500000E+016   9.58840311944070611886E-019
      1550   2.29466614743993600000E+015   2.06390644911562523922E-018
      1551   1.33337297336811700000E+015   6.35128998931719451332E-018
      1552   2.26046315565745900000E+015   3.89990648625105137671E-018
      1553   1.39950880802105300000E+015   1.60151220515740743598E-018
      1554   2.00329391102899300000E+015   2.13344086542299328629E-018
      1555   1.80967414781200975000E+015   1.43463571477524912018E-018
      1556   4.98754370862897600000E+015   8.85769242011725157967E-019
      1557   9.22760397092098800000E+015   9.07736791418091581796E-019
      1558   1.10212069738508512500E+015   2.90576312751075597254E-018
      1559   7.59931578754495100000E+015   1.16175397905863356830E-018
      1560   1.57193814357510125000E+015   1.91093295326868929579E-018
      1561   8.77849812728362000000E+014   2.94212534255528925311E-018
      1562   7.80488670318843500000E+015   7.74134227247901053480E-019
      1563   7.44190060997093700000E+015   1.05936741075574824924E-018
      1564   1.48335285465660480000E+016   5.02183787769271499480E-019
      1565   1.10129826439022020000E+016   7.69094732475697538038E-019
      1566   3.48969851269179950000E+015   2.73802130593817842109E-018
      1567   1.92282286606645225000E+015   3.68438046512394756710E-018
      1568   2.70768593298644850000E+015   2.72791529867466324476E-018
      1569   2.34026064967999850000E+015   4.15447743059278963283E-018
      1570   1.46783019029080225000E+015   7.30125270888766744091E-018
      1571   1.30864090296807725000E+015   5.51707751485906711929E-018
      1572   1.97414946812262825000E+015   5.16909567549810011618E-018
      1573   1.51549971551888375000E+015   4.47106537648352591702E-018
      1574   1.63933834278426525000E+015   4.87962932848404705333E-018
      1575   1.79580715200212225000E+015   3.61070984263042469856E-018
      1576   2.07406876935396975000E+015   2.86417265520994472599E-018
      1577   1.52412172544117950000E+015   4.46604315200551977610E-018
      1578   2.01943795120186175000E+015   2.33432161348690212104E-018
      1579   2.41895703810327450000E+015   2.20315455735344669556E-018
      1580   2.34618018056238750000E+015   3.08534285934553655586E-018
      1581   3.14873578967483600000E+015   2.25663965179305523571E-018
      1582   6.05752724639588200000E+015   1.33133754723396034627E-018
      1583   2.96627552288220250000E+015   2.45043628535696388194E-018
      1584   2.17455417874001000000E+015   3.58979262916692420771E-018
      1585   5.83242557227783100000E+015   1.81934937589366691942E-018
      1586   6.32013005228636700000E+015   5.29278162592436007338E-018
      1587   2.97411737091657080000E+016   1.22203435447719585378E-018
      1588   4.17983997074046800000E+015   2.76418999349065392381E-018
      1589   7.52054779604639800000E+015   4.64599423627685848320E-018
      1590   6.38409086852302300000E+015   4.23221196318483609172E-018
      1591   7.29575039760680000000E+015   3.86240799314468115348E-018
      1592   4.03983262178120240000E+016   3.83813643279741163707E-019
      1593   1.58293338380200760000E+016   1.87848313119848112538E-018
      1594   3.32139054309219560000E+016   7.26841771543150266276E-019
      1595   6.95269148777471600000E+016   4.13296197820692627016E-019
      1596   5.09215253931773280000E+016   3.91118381721182751649E-019
      1597   1.67836119939410800000E+016   1.30437760377883421462E-018
      1598   2.35801390506390920000E+016   9.59094468211512990506E-019
      1599   2.90185145035627160000E+016   6.26467490407287471342E-019
      1600   3.27153189380784320000E+016   6.87471643110446685372E-019
      1601   5.10201629518462800000E+015   1.95070154887013336414E-018
      1602   1.10643081692906200000E+015   7.33969003354597546110E-018
      1603   2.61836471581783640000E+016   1.07100055597152190263E-018
      1604   4.37790682686880500000E+015   4.71592227428330956837E-018
      1605   3.98532329213190880000E+016   3.12683381939766691659E-019
      1606   5.72393169189732960000E+016   3.23669598988711665057E-019
      1607   4.81127808190347280000E+016   4.57497971765717164375E-019
      1608   9.15300197033522600000E+015   3.24900323310361144720E-018
      1609   6.38250992531519200000E+015   4.10460337385462037300E-018
      1610   3.31467420653886700000E+015   3.16035106286497245103E-018
      1611   3.40901383088695600000E+015   5.11597822234867633212E-018
      1612   7.27053778560324000000E+015   4.02274969988487170543E-018
      1613   6.13585052165437700000E+015   5.01218410953549479411E-018
      1614   1.40837424959597080000E+016   2.78127473712331596200E-018
      1615   8.92653599747371700000E+015   2.92930147713438395200E-018
      1616   1.48885916563177540000E+016   2.67907593816017138235E-018
      1617   2.17631635035915400000E+016   1.91744663253147313880E-018
      1618   1.01761622403383580000E+016   2.99516551898553230379E-018
      1619   1.19514062949585940000E+016   3.01126040462365118857E-018
      1620   1.35049270182200360000E+016   2.64491194044243993786E-018
      1621   3.20393020018175480000E+016   8.77591071179641140730E-019
      1622   1.30665584482612520000E+016   2.27658544074234077769E-018
      1623   2.42795683228544560000E+016   8.62668643514296342103E-019
      1624   2.89897255985750280000E+016   1.70180461876861045057E-018
      1625   1.74280396432072800000E+016   1.60371573181452109461E-018
      1626   1.81526036030998920000E+016   1.39378002689212573014E-018
      1627   7.82986317609969600000E+016   5.99926092815791956879E-019
      1628   4.01872488906353200000E+016   9.73992868064932720410E-019
      1629   9.84775036080800960000E+016   3.92890535332501646946E-019
      1630   3.42518502531840440000E+016   1.02632768909004924925E-018
      1631   7.18754634629825360000E+016   4.42417281207989151276E-019
      1632   1.42019559159979560000E+016   2.79578694652667486168E-018
      1633   4.06428062744812160000E+016   9.35025398155872077776E-019
      1634   1.19718049506399680000E+017   3.87712015376718788574E-019
      1635   2.68619389397774656000E+017   2.39043865562420619647E-019
      1636   3.58546154034823296000E+017   1.48192920452387481115E-019
      1637   3.47324597630883520000E+017   1.70648432195736010573E-019
      1638   1.27035315934337945600E+018   1.22117587749553083265E-019
      1639   6.57807989028839520000E+016   6.63925271753110234320E-018
      1640   1.27948919164303795200E+018   2.72142782681587029151E-020
      1641   1.49898176412917324800E+018   5.88223062704004741696E-020
      1642   1.74494320821496499200E+018   5.03193129542724237828E-020
      1643   9.15399235980843520000E+017   1.61532456527362467176E-019
      1644   1.27034366385301555200E+018   3.90861509702479924768E-020
      1645   8.65222515563419008000E+017   2.17431942331694433796E-020
      1646   7.68008011655138560000E+017   8.64722086777151987713E-020
      1647   1.11439435514177344000E+018   3.19041224379816856681E-020
      1648   9.17465997947119872000E+017   2.80893416456006299227E-020
      1649   1.22996699867894118400E+018   2.59901545388161127040E-020
      1650   1.04240852136397849600E+018   3.62504949892057028805E-020
      1651   2.03638379067770470400E+018   2.99380316772895140032E-020
      1652   1.63276597377006438400E+018   6.97334271078754568294E-020
      1653   1.04553107319365811200E+018   4.79753142893519198764E-020
      1654   4.92646914099731200000E+017   2.62445370760723840096E-019
      1655   3.64960154524577024000E+017   4.08704655968676600285E-019
      1656   5.49459528614698304000E+017   3.19901664259199459574E-019
      1657   2.55431239020304704000E+017   2.14712982160769555703E-019
      1658   2.98577805219018944000E+017   2.84277290152487541201E-019
      1659   4.55756726359561408000E+017   2.48662126018823994373E-019
      1660   3.72280751250777664000E+017   2.54010280728613491755E-019
      1661   1.30081014786329792000E+017   6.72478753318592571720E-019
      1662   1.79969633188810816000E+017   4.58461779325483815354E-019
      1663   1.25402302116533648000E+017   7.74085998737893314230E-019
      1664   2.00514938303178272000E+017   3.16377008198706612738E-019
      1665   3.78161836956708096000E+017   1.82270682890411521790E-019
      1666   1.02262674211444377600E+018   1.26948064728252733618E-019
      1667   7.46273786816297728000E+017   2.22173738376841876706E-019
      1668   1.72310463194531232000E+017   4.66292202969516645245E-019
      1669   2.44972260452497792000E+017   4.17121656540144716746E-019
      1670   2.16913546422782816000E+017   3.62875554024321615162E-019
      1671   3.32289243632071808000E+017   3.01941608289515634948E-019
      1672   2.47649127954241856000E+017   3.71850772289591167148E-019
      1673   2.66759671908995872000E+017   2.82621543427838027545E-019
      1674   3.17712578841661632000E+017   3.03292999210501231415E-019
      1675   2.62414401923702688000E+017   2.73896864623260411709E-019
      1676   2.33994847095931360000E+017   3.68026342071228382804E-019
      1677   5.44408678151116416000E+017   2.15890484473355067975E-019
      1678   6.90220554585603456000E+017   2.06748436536441138124E-019
      1679   6.53161115379441152000E+017   8.95235983668101804028E-020
      1680   3.85529739273268544000E+017   2.93830149536882039331E-019
      1681   5.57287110617243904000E+017   1.27130799989802496714E-019
      1682   6.08611278702170752000E+017   2.14910344444562839195E-019
      1683   4.55296236961321024000E+017   1.62125179345200388542E-019
      1684   2.46285659817651712000E+017   3.76696387001340075280E-019
      1685   1.05731461351061043200E+018   1.50038858894044973904E-019
      1686   7.61849754536423936000E+017   1.89129753378563338590E-019
      1687   1.24927744169101280000E+017   5.21179168542837575418E-019
      1688   1.20526434017639472000E+017   2.83218842214708121040E-019
      1689   2.24106884591547008000E+017   3.88164097343576251344E-019
      1690   1.28904354073818896000E+017   5.52913686606515186311E-019
      1691   3.32195451017192064000E+017   2.32204869734974265253E-019
      1692   2.93736242423109520000E+016   1.47917859495925385318E-018
      1693   1.31912563004369940000E+016   2.32554109192945692951E-018
      1694   5.40651530660471424000E+017   2.21405208598728943733E-019
      1695   3.29786872268265408000E+017   2.49737441460966929258E-019
      1696   4.74720908643335104000E+017   3.33153261091821501442E-019
      1697   4.47202899184983808000E+017   3.60343470804360856144E-019
      1698   9.98653571188981440000E+016   5.27277150150726149450E-019
      1699   8.72646720327527840000E+016   5.54404027173384875233E-019
      1700   5.86439504324963280000E+016   1.11341556334943678882E-018
      1701   1.34238680888008624000E+017   4.69200336099726464626E-019
      1702   3.18785696052503296000E+017   8.76188967349446361807E-020
      1703   1.97907234712307424000E+017   2.93544320028378833391E-019
      1704   2.94382554014526656000E+017   2.18155753946686617868E-019
      1705   1.68100516034643008000E+017   3.95505438399479174060E-019
      1706   2.47046522594419008000E+017   3.83455792117265292934E-019
      1707   1.09351491041841632000E+017   6.79552757044607504313E-019
      1708   2.15262430624476480000E+017   4.47984711731078261667E-019
      1709   3.70253368207212672000E+017   1.76326262677408022553E-019
      1710   3.13633061743207680000E+017   2.01631979650351040558E-019
      1711   3.86817472893641472000E+017   3.18517677839962727284E-019
      1712   3.56076352893289408000E+017   2.97660528988254868993E-019
      1713   2.37542624766824768000E+017   4.87374466547271548519E-019
      1714   4.12539556507967872000E+017   2.61131350532909137273E-019
      1715   1.52361198303333920000E+017   7.43886149260184525238E-019
      1716   4.66694632645258112000E+017   1.44900037545544325183E-019
      1717   2.52578814957157728000E+017   2.96368233682494619110E-019
      1718   4.35169761574562560000E+017   1.78058365050014339315E-019
      1719   2.18181748111109960000E+016   2.58270861602069595608E-018
      1720   1.84138102558883400000E+016   5.00405333687560396817E-019
      1721   4.70760774012295040000E+017   1.62003857248707742552E-019
      1722   2.19636201412428736000E+017   2.65738816831739551665E-019
      1723   3.56112806037075648000E+017   1.65622161326781066381E-019
      1724   1.98978044450234368000E+017   1.00702837726722823214E-019
      1725   4.10612950989069824000E+017   5.97078490415981224879E-019
      1726   8.37765150028354048000E+017   2.36322177573211352431E-019
      1727   7.91622875564714400000E+016   6.28706666487314563423E-019
      1728   1.17707326557430048000E+017   5.97349637306361213078E-019
      1729   9.04411272430167840000E+016   7.66222100319662376122E-019
      1730   1.21563318154537744000E+017   3.89850532601328380013E-019
      1731   9.10376589476540640000E+016   6.84186686011372417807E-019
      1732   8.71737219288892700000E+015   2.01444137799001535728E-018
      1733   1.09189759077679980000E+016   4.23835849838593815921E-018
      1734   1.77763515199822688000E+017   1.14020625765282297563E-019
      1735   7.01537736622740240000E+016   2.98168709044860409720E-019
      1736   7.64603275038672900000E+015   7.74890700788625642199E-019
      1737   9.11880804057058560000E+016   1.81730491030837842833E-019
      1738   1.02891086284750176000E+017   4.89802752693076077456E-019
      1739   2.00292370617990048000E+017   2.50412358322463195775E-019
      1740   8.59709065948579840000E+016   6.95616927701391615655E-019
      1741   3.06937835108653520000E+016   1.69170817923224117906E-018
      1742   1.16379455545984016000E+017   3.22613010667814151117E-019
      1743   1.72291075352468192000E+017   2.24737683591472164946E-019
      1744   9.31248336404378560000E+016   3.10988814358419641406E-019
      1745   1.76873292783556160000E+016   1.63130781165745079048E-018
      1746   1.61468435834853320000E+016   2.24070219314422537584E-018
      1747   8.91477287565162720000E+016   3.92182056220240951971E-019
      1748   2.71890546824345240000E+016   1.95276232268461580281E-018
      1749   9.89965815599490080000E+016   5.67184309544362854453E-019
      1750   1.11957018637609536000E+017   4.35186881190872683413E-019
      1751   7.51366247231521024000E+017   1.67884601711995479978E-019
      1752   8.00332852399557376000E+017   1.45930440856035868122E-019
      1753   5.24354773796520768000E+017   1.85907881195127047525E-019
      1754   4.57757639728195200000E+017   2.84511441190955577028E-019
      1755   5.24218288335196608000E+017   2.33528166747894209939E-019
      1756   9.53736604985598720000E+017   9.92267151366058553959E-020
      1757   9.51939256381266176000E+017   1.39628936853965763147E-019
      1758   8.53580573858754048000E+017   1.11540547857176232219E-019
      1759   2.86538306855561088000E+017   5.85086305738422820088E-019
      1760   5.51330363724617856000E+017   1.21160378909907192728E-019
      1761   3.30141047304292480000E+017   3.74306556474509264674E-019
      1762   2.90806846593963008000E+017   2.71264553789428861656E-019
      1763   7.15552228332308992000E+017   2.41870844967318852318E-019
      1764   4.01329171035887936000E+017   2.27858252965304619901E-019
      1765   2.27550941365749312000E+017   2.02275814425480106257E-019
      1766   1.98756031504018976000E+017   5.36596025619274043468E-019
      1767   3.82903354566449664000E+017   2.74759071179240828288E-019
      1768   5.29667387442816704000E+017   1.34657209206490318535E-019
      1769   2.39212026998564896000E+017   4.30557122309737438615E-019
      1770   1.49961436884959385600E+018   6.20891760196803409987E-020
      1771   8.96673904794169344000E+017   1.41111375701567141132E-019
      1772   5.51550360253279104000E+017   1.35273517700851617087E-019
      1773   2.09211926129586368000E+017   3.39549828430837403498E-019
      1774   7.31460860338734976000E+017   1.06411488723313021587E-019
      1775   4.75679428466495616000E+017   2.63331736924231906392E-019
      1776   5.73518436044505024000E+017   2.25184120812032895266E-019
      1777   5.57497103130425536000E+017   2.38908795112343945585E-019
      1778   4.50282069267956928000E+017   6.62626194249531717342E-019
      1779   2.77322383977277880000E+016   1.31822960326157595580E-018
      1780   4.38764934240102640000E+016   1.40875210730556431742E-018
      1781   2.75461203108232040000E+016   1.66224437836969794093E-018
      1782   4.35150868290612960000E+016   1.12643341358644353703E-018
      1783   3.23080567423114720000E+016   1.85983240472595148479E-018
      1784   3.10647527727276720000E+016   2.13260011475367199393E-018
      1785   1.96156443715832416000E+017   3.54449652907026696566E-019
      1786   1.56288497250601632000E+017   3.28354275294457809990E-019
      1787   1.14175162210894192000E+017   3.28217976117513225241E-019
      1788   9.05696971255547040000E+016   5.84404086325805381832E-019
      1789   7.45645011852822880000E+016   1.17652473934567572903E-018
      1790   1.04318505343146832000E+017   6.07183559440393990821E-019
      1791   5.35845375734885056000E+017   1.92352089733888446716E-019
      1792   4.81600724238719424000E+017   2.27422825569668197027E-019
      1793   6.87452798089215872000E+017   2.62063846990517257939E-019
      1794   7.92123130262098048000E+017   1.76024831603025312185E-019
      1795   4.96749560810921280000E+017   2.09842947176807695766E-019
      1796   3.03708502833263296000E+017   3.71513273135457047699E-019
      1797   6.37296312601303040000E+017   1.02792747505515236206E-019
      1798   4.59387300847994048000E+017   3.76716359800673049780E-019
      1799   2.96941257421327296000E+017   4.79428024503147282609E-019
      1800   5.35263107798809728000E+017   2.76382361010459213096E-019
      1801   6.51220174556210432000E+017   1.03422889573395351452E-019
      1802   1.10367442845680217600E+018   1.27755073586954604351E-019
      1803   5.39371491323201088000E+017   1.91951215926256187372E-019
      1804   8.26303167853613952000E+017   1.48606016981496254495E-019
      1805   3.96567438179433856000E+017   1.47603149867923563239E-019
      1806   8.02950516385597440000E+017   3.42779073263736730504E-019
      1807   9.77212795458639872000E+017   1.41990641516448491344E-019
      1808   4.92431020673203072000E+017   4.99164511407295296851E-019
      1809   1.08649097456405184000E+018   1.48463302198908356245E-019
      1810   5.41353150867943872000E+017   6.75617782774968396813E-021
      1811   9.93310939900751744000E+017   1.13109981281868653623E-020
      1812   7.13188792475715328000E+017   2.54715589541499557939E-019
      1813   4.18871677294986496000E+017   7.79146815399882589194E-020
      1814   6.21684264719916032000E+017   1.00181439958182341477E-019
      1815   4.65648509189810240000E+017   1.29597285983171349883E-019
      1816   2.71368518342407040000E+016   5.33335133428483035971E-018
      1817   1.27750676053421670400E+018   8.51375133597787867719E-020
      1818   9.75459572518417760000E+016   3.66542717545798539476E-018
      1819   7.44900792859657088000E+017   1.21606028240108375233E-019
      1820   2.95113501923977344000E+017   3.52535430555216544921E-019
      1821   4.48683682825185664000E+017   1.03883687444468363600E-019
      1822   6.83396808018952704000E+017   1.19944999163620211205E-019
      1823   3.88097978650641536000E+017   9.21680218781642141487E-020
      1824   8.47465810988160896000E+017   1.43019792838960944741E-019
      1825   5.57627720380812032000E+017   1.68028219752742561836E-019
      1826   3.15993699327931392000E+017   1.68778626138550782883E-019
      1827   1.20550132931079808000E+018   3.16544047081800404732E-020
      1828   6.30637106855510784000E+017   9.68024315595738825326E-020
      1829   3.01707794171610432000E+017   8.30225421310213202909E-020
      1830   3.40703413973550208000E+017   1.09507076754993428542E-019
      1831   2.02510614990124200000E+016   4.26838808362408390703E-018
      1832   2.44324208065731040000E+017   3.92244894932103734320E-019
      1833   2.92763436709119360000E+017   3.85080864494518730857E-019
      1834   3.49044779696354944000E+017   5.30148414711317624858E-019
      1835   2.16043886204183616000E+017   3.44235632997353754682E-019
      1836   2.91768134157383744000E+017   3.22308622511480004013E-019
      1837   1.76910997584563808000E+017   7.55784874954416390506E-020
      1838   1.55868845039984820000E+016   4.49564640590055802507E-018
      1839   2.63949419567955936000E+017   2.09516673087001335430E-019
      1840   5.09755593462035600000E+016   1.14300924340631355268E-018
      1841   3.79919624580447488000E+017   1.24676309033330970482E-019
      1842   2.65680533800331648000E+017   1.78930343680110635272E-019
      1843   2.77436864417708096000E+017   2.15197704846649283559E-019
      1844   8.63781756803114080000E+016   6.61328651202939496068E-019
      1845   6.29620497922452000000E+016   6.21292067715791287063E-019
      1846   1.03243649498478176000E+017   6.84132584913082408358E-019
      1847   8.32716457135605920000E+016   8.28466671414510182232E-019
      1848   1.41966075762404624000E+017   6.38153000106059352802E-019
      1849   3.83642268955149440000E+016   1.28728121261806703923E-018
      1850   5.39366360340981840000E+016   9.05221547421857848348E-019
      1851   8.51080898202930720000E+016   8.02058826579476511864E-019
      1852   7.64009214255899520000E+016   9.47534101117142170870E-019
      1853   4.65960924398831440000E+016   1.06160495611720980282E-018
      1854   6.27198026119406560000E+016   7.51543924765724853897E-019
      1855   7.72708920655606560000E+016   3.86441836404674366381E-019
      1856   4.90267188831839200000E+016   8.70158873299311846347E-019
      1857   4.42437801861419280000E+016   1.18830742521190423774E-018
      1858   6.53023643869737840000E+016   6.24400663408238680859E-019
      1859   7.14862202559372700000E+015   5.90010883738709355251E-018
      1860   1.02663011305718800000E+016   1.90391664972473204715E-018
      1861   1.13220742958056496000E+017   4.40976772529338968414E-019
      1862   1.99444785825859968000E+017   2.06672859403955596162E-019
      1863   2.27117909667524832000E+017   1.43608320851514077149E-019
      1864   3.42053646839747440000E+016   1.41806870063170349644E-018
      1865   2.17730110864139904000E+017   2.41458488869238267465E-019
      1866   3.83257662420089920000E+016   1.32602339512217312676E-018
      1867   3.36987964834779700000E+015   9.60940251479610953350E-018
      1868   1.04355900448503180000E+016   2.56952740810317123626E-018
      1869   4.04592927277073850000E+015   4.87595778275029880085E-018
      1870   4.61366599292975000000E+015   6.55273771456825414579E-018
      1871   3.86332949241659000000E+015   6.42997706877916929240E-018
      1872   4.19246075904968400000E+015   5.42603289842240135119E-018
      1873   1.11185271198407480000E+016   3.30639234999046004478E-018
      1874   8.35601292842627900000E+015   3.53172885475978650834E-018
      1875   9.09379598970670200000E+015   4.16841478828458012715E-018
      1876   1.11077911545555600000E+016   3.35912926701209287063E-018
      1877   1.48330057198377740000E+016   2.75572611642834222871E-018
      1878   7.51127641210904100000E+015   4.04107505666480393112E-018
      1879   4.83850462270419000000E+015   5.35606304161698866895E-018
      1880   1.00631134954447620000E+016   2.27091193542361124279E-018
      1881   2.10510780517583760000E+016   2.25165784024608694225E-018
      1882   1.44402731448021660000E+016   3.02676566067148930713E-018
      1883   1.58256374991247500000E+016   2.59419662769578918588E-018
      1884   1.91899504288217880000E+016   1.44726121890941288597E-018
      1885   1.67053406493156880000E+016   2.76079474025124329596E-018
      1886   1.40750901819035080000E+016   2.65982289849202671048E-018
      1887   1.32697060170555300000E+016   2.39174680770412101249E-018
      1888   1.44942737721602540000E+016   3.83674035980426010767E-018
      1889   2.71889819379759880000E+016   1.82933036591167098840E-018
      1890   1.76572165178426620000E+016   2.48841934105103483377E-018
      1891   1.28311451829449600000E+016   3.50582165256739288682E-018
      1892   3.34875930242551950000E+015   6.69411294713954189084E-018
      1893   2.37634894495195650000E+015   9.88812235663732594878E-018
      1894   3.88877591407688150000E+015   6.75417410900788081994E-018
      1895   3.64932702358709400000E+015   6.80838150377876593014E-018
      1896   3.57820812228495800000E+015   6.05663901143010304374E-018
      1897   3.74661192335356850000E+015   8.15130917943626069967E-018
      1898   3.03891923461072450000E+015   7.74973511472341544360E-018
      1899   4.02595862769539800000E+015   5.98638809464089509727E-018
      1900   3.68066279750289200000E+015   8.02057589916171746211E-018
      1901   4.73368026144511760000E+016   4.74472312053888656638E-019
      1902   2.46677886156712920000E+016   1.41615838022479325890E-018
      1903   2.43492128795912640000E+016   1.81732966320514601940E-018
      1904   7.12968576446793900000E+015   5.88022649850803819480E-018
      1905   8.32209819288084400000E+015   5.45183914325288714066E-018
      1906   5.42295965957556200000E+015   4.76254981198850414001E-018
      1907   2.07651990043706040000E+016   2.66870986545920257000E-018
      1908   9.34414821465774000000E+015   3.64648056052108749621E-018
      1909   1.48610351783825380000E+016   3.40492973229154331722E-018
      1910   1.19904347727225580000E+016   3.43748778666690527635E-018
      1911   4.62777500715953360000E+016   1.64421149161114090275E-018
      1912   2.77763849635210960000E+016   1.86508855237235457629E-018
      1913   3.02593465008765480000E+016   2.03035859372850020669E-018
      1914   3.47092434095638200000E+016   1.47712914194704379978E-018
      1915   2.65791486268989760000E+016   2.17197286877760811213E-018
      1916   2.54790243645409800000E+016   2.28136154722739329437E-018
      1917   4.19098939200330800000E+016   1.51592053477932324634E-018
      1918   2.23915934168562600000E+016   3.20296489672078411816E-018
      1919   6.62644568745648640000E+016   8.03913548553945338247E-019
      1920   2.95991504822741360000E+016   2.39233083100760788107E-018
      1921   2.18977723075920075000E+015   7.28930035573415990868E-018
      1922   2.38394949482792750000E+015   7.44475242393997895644E-018
      1923   2.60719576244410150000E+015   6.69520332486586811467E-018
      1924   4.20649012759970200000E+015   4.93827869405870555428E-018
      1925   6.07696552838061100000E+015   5.18857337683691959768E-018
      1926   4.89255653566742200000E+015   5.36012720984481967686E-018
      1927   4.81407997721384600000E+015   5.37541562413966878960E-018
      1928   3.95147375488600300000E+015   9.08553319860811198354E-018
      1929   4.82696372400616600000E+015   6.98961900711948211997E-018
      1930   3.83737340604226200000E+015   5.46521521564551036439E-018
      1931   4.12816252396521300000E+015   5.76975215202474410205E-018
      1932   4.62806799293328800000E+015   5.63376471098132790541E-018
      1933   4.50874659371481500000E+015   6.74075091114811143483E-018
      1934   4.27236714335420100000E+015   6.09619918644760897183E-018
      1935   6.84945917877222500000E+015   3.61135506021254602492E-018
      1936   6.39126619113500500000E+015   2.69246113131877588002E-018
      1937   4.37035654061208800000E+015   4.95674431068712754926E-018
      1938   4.25340139595406800000E+015   9.18003369449109112346E-018
      1939   1.97528625300941600000E+015   5.81065177072744766652E-018
      1940   2.42660626421780000000E+015   6.87175267951289791424E-018
      1941   2.81428417566170000000E+015   6.54072337255583941610E-018
      1942   2.23233801131939400000E+015   8.06072363479534287717E-018
      1943   1.90836607342743750000E+015   7.30188793332833524844E-018
      1944   3.18331711589475400000E+015   3.65874454340765166098E-018
      1945   2.57777650565784150000E+015   5.03782493953110337256E-018
      1946   1.68789522190813000000E+015   7.44443389163613631661E-018
      1947   2.25680541730989650000E+015   8.25295173112015572613E-018
      1948   2.06754052960671050000E+015   8.79479304334094791720E-018
      1949   1.04833789329164740000E+016   3.46105748130861258146E-018
      1950   1.97155018781786440000E+016   1.91964811214688279146E-018
      1951   1.33695105903281640000E+016   3.77393493466800994849E-018
      1952   7.35815369089664200000E+015   5.25665673725118024506E-018
      1953   2.05982807449432160000E+016   2.24651537717243390870E-018
      1954   1.15932233758268980000E+016   3.23078192244384278348E-018
      1955   1.16193858673776580000E+016   3.56535333029735845922E-018
      1956   2.49981207876444064000E+017   2.29303418236763967129E-019
      1957   5.45005390622762560000E+017   8.26726342061208552539E-020
      1958   1.72187634189996576000E+017   3.29551091659091099134E-019
      1959   1.43875300802652112000E+017   1.74674538985427358350E-019
      1960   1.32098758052815888000E+017   3.84102877794066732992E-019
      1961   9.78119575333307200000E+016   3.99311886906459927311E-019
      1962   1.17977129196701824000E+017   6.19338463179920746065E-019
      1963   4.00455889771911600000E+016   7.61754350334994988703E-019
      1964   7.67688205950978400000E+016   6.98939984924594537768E-019
      1965   1.06929828507905488000E+017   9.45314240303480318968E-019
      1966   3.77625231284373504000E+017   2.22144120464451579486E-019
      1967   1.15957752758275920000E+017   6.48672818849138759046E-019
      1968   4.19515324464972352000E+017   9.76189049599968168000E-020
      1969   1.28313119394162976000E+017   6.12748300635109272384E-019
      1970   3.70138766477070464000E+017   1.27665610957308520677E-019
      1971   2.75673686986092640000E+017   1.42772027272402165730E-019
      1972   3.03281750151704576000E+017   9.52827387012068535163E-020
      1973   1.82836305792155520000E+017   2.24357734638065696829E-019
      1974   1.82287493115842912000E+017   2.60697678297362756248E-019
      1975   2.72689481236868928000E+017   2.52213755250215725512E-019
      1976   1.79514296044538336000E+017   3.22290812245183549401E-019
      1977   9.65470297604712000000E+016   4.98596845548840079725E-019
      1978   6.30912971695373360000E+016   1.19105280736567047253E-018
      1979   3.14574743144040600000E+016   2.24966923409344996633E-018
      1980   1.47725005196212864000E+017   5.94211248431384449775E-019
      1981   1.90346111854562848000E+017   6.06510153204011320626E-019
      1982   2.18782901571927744000E+017   3.76860782508020979452E-019
      1983   3.67673246752892864000E+017   2.68039050209947676382E-019
      1984   4.47220876710337280000E+017   2.45669825547236650274E-019
      1985   1.78641014614974368000E+017   8.31326132284645812933E-019
      1986   2.73581949587498496000E+017   3.97587707833210498437E-019
      1987   6.82502543825420000000E+016   9.33226904283389774534E-019
      1988   8.19970193493783360000E+016   6.37956977282570653578E-019
      1989   3.02187855274871160000E+016   1.85249545798861068266E-018
      1990   4.30223854930016000000E+016   1.27527693525573777219E-018
      1991   6.57140843703283360000E+016   8.64800698751903717354E-019
      1992   6.42495583537134640000E+016   1.35649903614039103875E-018
      1993   6.77984084661628640000E+016   1.06748591932461540266E-018
      1994   1.21739593824023312000E+017   9.00608318828130221018E-019
      1995   1.33793547331716032000E+017   5.17995801480865471330E-019
      1996   2.41844810648919680000E+017   4.47931529396029448359E-019
      1997   6.54875227587791760000E+016   1.11690173210717280898E-018
      1998   1.05340149036850896000E+017   1.02713641027774399826E-018
      1999   7.62569131515059840000E+016   5.84015486954834927523E-019
      2000   1.21980401525024864000E+017   4.99431646788715187273E-019
      2001   1.15444294650654368000E+017   4.23254136522304748759E-019
      2002   1.13074008625828656000E+017   4.39660534537893403119E-019
      2003   1.14336307056817328000E+017   6.06318952654247753802E-019
      2004   1.67943944979074496000E+017   4.94190476940842079098E-019
      2005   2.52975058215609550000E+015   6.14978967155587130993E-018
      2006   4.25834700258179550000E+015   5.22744723285817199190E-018
      2007   5.06509156381381900000E+015   5.37323872974316744519E-018
      2008   1.22482177409913680000E+016   3.31277801054055619113E-018
      2009   3.21746891959243840000E+016   1.69919400421919503053E-018
      2010   2.37455008645119600000E+016   1.69011360772288947337E-018
      2011   5.71099517817105920000E+016   7.35995942669122142741E-019
      2012   1.04936188510106640000E+017   5.97358188666065351646E-019
      2013   1.27662525672656768000E+017   4.54013002029101781145E-019
      2014   3.75069536863564480000E+016   1.34347247951356131799E-018
      2015   4.02787500387265360000E+016   8.16981421524439303114E-019
      2016   4.59326656810259360000E+016   6.34553103792444501316E-019
      2017   3.24391351922957080000E+016   1.13875214683401021557E-018
      2018   7.07708309331767600000E+016   4.94722011145713367839E-019
      2019   3.80481955238212880000E+016   7.16149249003227945925E-019
      2020   7.63549506352948800000E+016   4.55269083154667543840E-019
      2021   9.82105120898476800000E+015   4.05579439084391678750E-018
      2022   1.57284093730995380000E+016   2.27957971023495124468E-018
      2023   7.37583836262036800000E+015   4.58366158001452835022E-018
      2024   7.29062795023299800000E+015   5.50187240239220903008E-018
      2025   1.24395999016220420000E+016   3.54501048267083238684E-018
      2026   8.05202092882813700000E+015   3.91115110253417339009E-018
      2027   3.34164417532389500000E+015   7.13199785132203827905E-018
      2028   2.32774161376408600000E+015   5.04786026987142745965E-018
      2029   2.30154490873699900000E+015   7.82165093078576613647E-018
      2030   2.53674703223551600000E+015   5.61724494369341049103E-018
      2031   2.26087683227129500000E+015   5.35494911107285947594E-018
      2032   2.55502930927689950000E+015   5.71401062860080047567E-018
      2033   2.75654611660778150000E+015   5.75266094393225734737E-018
      2034   2.05230764541717375000E+015   6.28493045112747472100E-018
      2035   2.12795605547617800000E+015   5.36346734908275875720E-018
      2036   9.53662656818359125000E+014   7.74865641432842830452E-018
      2037   8.93132551682758375000E+014   7.96302891923098595054E-018
      2038   9.79004374783433000000E+014   7.03680995517571611451E-018
      2039   9.05298161829537125000E+014   5.60823233755599464584E-018
      2040   1.81697767900697800000E+015   6.04145679878539294169E-018
      2041   1.98792274204662100000E+015   7.25507390844306345066E-018
      2042   1.41311686045493725000E+015   7.52125405032693096699E-018
      2043   1.43115011229404600000E+015   7.22502328791614593944E-018
      2044   1.07590436601492812500E+015   7.51251899316926483840E-018
      2045   1.26037641979005875000E+015   7.72563425108975796441E-018
      2046   1.83946664024925425000E+015   7.14407795333607825282E-018
      2047   1.77448577080187200000E+015   7.33783014762129644468E-018
      2048   1.77934737128966325000E+015   5.98363028633089398833E-018
      2049   2.04588370888288000000E+015   8.23504555411246213370E-018
      2050   1.91911066417212025000E+015   6.24359845865548218292E-018
      2051   1.57906033286734425000E+015   8.61788681488789176465E-018
      2052   1.76332161120423525000E+015   7.20906687044864179870E-018
      2053   9.36573876280398720000E+016   4.42799636892959312437E-019
      2054   1.82690045629847168000E+017   1.99419657116455499991E-019
      2055   2.36002000898238816000E+017   1.55010555541210823270E-019
      2056   6.98538185407833200000E+016   4.66778287617290366294E-019
      2057   1.35998171093350304000E+017   4.29295578148994840079E-019
      2058   2.83672434405444250000E+015   5.25810860661165653317E-018
      2059   2.84726419077947250000E+015   5.63172244785887610717E-018
      2060   3.88616215081644550000E+015   5.63099181988059396867E-018
      2061   4.33693956790393900000E+015   5.40535866403592613008E-018
      2062   3.82305225029040350000E+015   5.52298558395070614002E-018
      2063   4.18055120574926400000E+015   4.59483274617470349937E-018
      2064   2.49495118448274750000E+015   6.32114739704341375469E-018
      2065   1.05275747253936940000E+016   3.21109644131071076470E-018
      2066   1.65064396485829080000E+016   2.16484651444167645327E-018
      2067   1.01648070088576740000E+016   3.92990961230315459781E-018
      2068   9.68321799756217200000E+015   4.84247845507140777036E-018
      2069   9.44512547374485400000E+015   3.60219632388007232128E-018
      2070   9.54057462082687800000E+015   3.02507371500233066968E-018
      2071   5.24956558978307100000E+015   4.47813469217305252972E-018
      2072   1.19605832782346860000E+016   3.62730482918175730396E-018
      2073   5.51897732691995400000E+015   4.70600733980124471046E-018
      2074   1.21561756109332260000E+016   2.85659371391759603401E-018
      2075   7.85142335652394600000E+015   5.50464744023988592673E-018
      2076   7.29562939547961600000E+015   4.28175489624112458304E-018
      2077   9.35393076369709800000E+015   5.79407708649494622025E-018
      2078   3.12370072960067560000E+016   1.16747316526015779964E-018
      2079   9.84552651860771800000E+015   3.44603617058223689241E-018
      2080   1.93997869297446280000E+016   4.55275287309963084888E-018
      2081   2.08077757201437240000E+016   1.42300630080590741038E-018
      2082   3.40349514289259800000E+016   1.41216545861524370044E-018
      2083   3.73825157785454800000E+016   1.01230157201888497086E-018
      2084   4.84549731712151760000E+016   1.46547249360553121548E-018
      2085   1.73226115670556960000E+016   3.35817937462887968200E-018
      2086   4.84303035899833100000E+015   5.28666136122221065838E-018
      2087   5.60292493116280000000E+016   1.30171082595593941788E-018
      2088   1.08186840495127472000E+017   6.40258907543648354097E-019
      2089   9.47572541929291840000E+016   7.11268472264732551185E-019
      2090   9.26974869102681600000E+016   5.99290789256712935110E-019
      2091   6.50902319650683840000E+016   1.18033338299328822695E-018
      2092   2.88677147346062320000E+016   1.42698691945272863479E-018
      2093   5.71652749074407680000E+016   1.68856039284157128010E-018
      2094   1.19179089934950912000E+017   8.15920693764755576362E-019
      2095   1.42709095606935312000E+017   9.32327014470051657019E-019
      2096   1.37557285525209488000E+017   8.61930093189919067663E-019
      2097   1.14922572781630625000E+015   6.14773365445268040735E-018
      2098   1.05496278337697100000E+015   6.04631422417360407827E-018
      2099   1.20988122620166575000E+015   8.00822311352883225758E-018
      2100   7.20306446944267750000E+014   6.40660997399138460059E-018
      2101   1.00749190535858150000E+015   6.47853040570478548450E-018
      2102   1.05802534483920975000E+015   5.88019600060648703335E-018
      2103   1.15799108693209675000E+015   7.53164131803840367691E-018
      2104   1.32972923751375225000E+015   4.53993087157430772966E-018
      2105   9.00915030661653000000E+014   5.21922829356338710883E-018
      2106   7.51384829555578625000E+014   6.07492069567105182082E-018
      2107   7.07422476361721250000E+014   5.53730198094253298818E-018
      2108   7.70859829410667250000E+014   6.01396776820408596917E-018
      2109   5.36629285710403250000E+014   6.18221536023819314913E-018
      2110   6.62637696716542300000E+015   7.45138895528739457057E-019
      2111   6.33363762673936500000E+015   8.40180259972370186085E-019
      2112   8.32027217509141700000E+015   4.80579601535280468240E-019
      2113   7.28539741616590000000E+015   7.79031700538479848035E-019
      2114   1.54489509193709280000E+016   5.37738122863371209616E-019
      2115   2.41883844411104500000E+015   1.69002224012426918391E-018
      2116   1.22112713688627825000E+015   3.73924615372918183930E-018
      2117   1.51502259736759700000E+015   3.68068752683932206302E-018
      2118   1.74746264987100500000E+015   2.50097711315406503315E-018
      2119   1.71361175020461050000E+015   2.49434576290955107230E-018
      2120   9.42896893854046500000E+014   5.35885588634600133155E-018
      2121   5.85494253683524375000E+014   8.46905532612383373555E-018
      2122   7.42934313643399875000E+014   7.15149646731611702159E-018
      2123   6.80408927774949875000E+014   8.11073659354643662827E-018
      2124   7.32912365749559625000E+014   7.69903989866482567531E-018
      2125   1.13455885891804500000E+015   7.26292548221556919082E-018
      2126   1.05042168937886687500E+015   7.11261643604617958823E-018
      2127   9.90920125531152250000E+014   6.73131224813191993219E-018
      2128   8.34340929661929250000E+014   8.19133524257292909922E-018
      2129   8.31775482872594125000E+014   5.56125590121928554315E-018
      2130   2.73103794063104448000E+017   7.76839112647044742532E-019
      2131   8.25826044809788416000E+017   1.65544772442870398944E-019
      2132   7.22394250957394560000E+017   2.76189302035738319600E-019
      2133   5.26380847774156096000E+017   2.66359285435248932570E-019
      2134   5.95684907409329792000E+017   3.52871993254207357701E-019
      2135   4.32039902614086208000E+017   3.59403020224638528363E-019
      2136   2.40269283254850400000E+017   5.31081854780000957151E-019
      2137   4.85389463411600128000E+017   1.67039607039161724119E-019
      2138   7.64935817198840320000E+017   4.78421979155139622691E-020
      2139   2.29802742781426636800E+018   3.45569637933175509137E-020
      2140   5.90350396994618368000E+017   1.75062304389455753629E-019
      2141   6.82080919931069952000E+017   8.22976565695134754183E-020
      2142   2.05049928893032928000E+017   5.64231749088519809684E-019
      2143   2.02687029228636448000E+017   7.10667878813669937456E-019
      2144   1.52257884360459904000E+017   5.35403035771257931430E-019
      2145   2.53969352240374944000E+017   3.88014598268607424944E-019
      2146   2.53950523450871680000E+017   2.59191849641848576240E-019
      2147   2.74817023104677504000E+017   2.79321553581586574205E-019
      2148   5.34726055597308096000E+017   1.45873787202272414511E-019
      2149   4.03408072657061248000E+017   1.37455893893099763565E-019
      2150   2.13865102944816896000E+017   6.40190346635250109404E-019
      2151   3.13234169703999040000E+017   4.05500586693137188277E-019
      2152   4.53195161009902016000E+017   4.11863612155288812848E-019
      2153   7.16284785441426000000E+016   1.01836451060958069817E-018
      2154   1.21395279986930128000E+017   7.82822592362477139663E-019
      2155   1.42299296590089184000E+017   5.96289959246888971921E-019
      2156   2.99658525395678336000E+017   2.81235917382545437900E-019
      2157   1.25966887290938400000E+017   9.86163199085027675605E-019
      2158   4.32812650646785344000E+017   3.54146169319314532172E-019
      2159   1.70888299611936416000E+017   5.25853614908074071096E-019
      2160   2.58148577820807840000E+017   3.85889983762692661728E-019
      2161   8.52100361865417088000E+017   3.20628462885049000324E-019
      2162   5.51789548736989504000E+017   2.23857327550898461433E-019
      2163   6.55524900281918464000E+017   1.35819347839571908831E-019
      2164   3.20879942024425216000E+017   2.29915656853470251736E-019
      2165   3.42204944075049024000E+017   2.97441060874322760608E-019
      2166   5.94133452963878912000E+017   2.23929419616602477691E-019
      2167   1.90504348545146656000E+017   7.38491052331233173454E-019
      2168   5.07283045465652800000E+017   2.61526151061466637898E-019
      2169   4.67703554265541696000E+017   5.43683228873450745992E-019
      2170   5.18803487806821440000E+017   3.99094332386015577203E-019
      2171   3.83892265404073700000E+015   4.34044051593782515816E-018
      2172   2.59036184923323650000E+015   4.71507730808146146735E-018
      2173   3.07492362869014000000E+015   5.65855065947753767084E-018
      2174   4.28362019269554650000E+015   3.16143543935023542932E-018
      2175   3.31541886513515150000E+015   3.91206052617305918030E-018
      2176   4.69669460570587100000E+015   4.65207608160515409066E-018
      2177   4.26640105700050650000E+015   4.70772269898547927614E-018
      2178   1.08745030079114562500E+015   6.82555170123175233334E-018
      2179   1.46039126880863525000E+015   4.95714185405792828379E-018
      2180   1.40113322189766600000E+015   5.51510842336895515785E-018
      2181   1.03587750253398025000E+015   7.40049383409707570167E-018
      2182   1.00068432478994300000E+015   5.06495704761030769124E-018
      2183   1.30217835480831825000E+015   6.47147409514402399690E-018
      2184   1.34598533168699350000E+015   7.06042573220608898576E-018
      2185   1.43341694670655175000E+015   7.44006260746298819564E-018
      2186   1.62836234221930675000E+015   6.73879467425664636858E-018
      2187   1.18736012635265425000E+015   5.37301999997861764308E-018
      2188   7.23149994865826500000E+014   9.06782123067209241511E-018
      2189   1.66715525977745050000E+015   3.46008308883458257137E-018
      2190   1.04593294786169850000E+015   5.60038773732749891004E-018
      2191   1.21934840135143375000E+015   5.12071644732897268527E-018
      2192   1.63457915634358425000E+015   5.10837209968218528700E-018
      2193   1.46308955034361925000E+015   4.11312744155258655371E-018
      2194   1.62620875092780200000E+015   3.68685545670863794810E-018
      2195   1.51752536273778700000E+015   2.93183541045480212414E-018
      2196   1.19018130630152300000E+015   5.64725206646963049461E-018
      2197   8.27017271990670500000E+015   1.30233760423837632351E-018
      2198   1.29567113451398360000E+016   1.32589401756808147561E-018
      2199   1.20925141012696940000E+016   9.30193423421541561112E-019
      2200   4.91715718151533000000E+015   1.32142448229029621439E-018
      2201   2.75348907030266500000E+015   2.94710347231119458441E-018
      2202   4.38476110197667800000E+015   1.21212092966583599710E-018
      2203   1.49433853073925400000E+015   5.25484606815276260521E-018
      2204   1.40633207234255225000E+015   4.33849733278345383852E-018
      2205   1.44581192039062100000E+015   3.94132174704570565151E-018
      2206   1.45853006244429925000E+015   6.63531104324821875009E-018
      2207   9.80289385325396250000E+014   6.53729761081494940631E-018
      2208   8.96795224687881750000E+014   6.42173728065799227829E-018
      2209   9.65472866356266375000E+014   4.64292744200986632547E-018
      2210   1.05865282223309537500E+015   6.77816681517504581716E-018
      2211   1.05035705080243762500E+015   4.03572719002100045135E-018
      2212   1.26230099752596900000E+015   4.93679421943212747931E-018
      2213   1.28391853507719675000E+015   4.26335900004473084317E-018
      2214   9.56649402154607875000E+014   5.64066322580123970709E-018
      2215   7.04735573820131375000E+014   7.83504023347195993710E-018
      2216   1.64459941817738050000E+015   4.51442678974636773857E-018
      2217   1.22327366790906600000E+015   5.34244023885302194262E-018
      2218   1.38469059242133150000E+015   6.00438327511322849950E-018
      2219   1.01731755314424062500E+015   5.94148815436510621413E-018
      2220   1.42424948515354775000E+015   5.36855885096306302160E-018
      2221   1.56835419988005075000E+015   5.46028749529479221232E-018
      2222   1.14845841988637025000E+015   5.17614590873895333792E-018
      2223   2.03552061320539325000E+015   6.29930199362143158367E-018
      2224   2.18153446348856175000E+015   5.92100533403935564400E-018
      2225   2.22451002651798825000E+015   5.59796687775094323203E-018
      2226   1.52983186995746550000E+015   4.75306617922530054369E-018
      2227   9.08365217678276625000E+014   6.95776471863808430879E-018
      2228   1.76827259544690725000E+015   7.08463977149479901945E-018
      2229   1.76936548942574250000E+015   5.48089381766831378601E-018
      2230   1.80614646926328275000E+015   6.05537484317429106299E-018
      2231   2.46054102472084150000E+015   6.37164243470237070694E-018
      2232   2.85127472752213650000E+015   6.37898380429889958721E-018
      2233   3.63497937838822200000E+015   4.15407338944534414761E-018
      2234   4.35012951519629950000E+015   3.71548335632122612503E-018
      2235   5.26133122478433900000E+015   4.39801706543943273181E-018
      2236   5.95585431774490200000E+015   3.81414264113742919133E-018
      2237   4.16627603653121550000E+015   3.93459583630175049588E-018
      2238   1.07122141581160720000E+016   2.69655338631597876702E-018
      2239   2.44345556033141080000E+016   1.36260084670289462493E-018
      2240   3.95808286904840720000E+016   9.28619859451222355893E-019
      2241   2.13823078325176000000E+016   1.82546856898922765219E-018
      2242   1.12706636894827740000E+016   3.81023286466598212225E-018
      2243   1.14815072015100560000E+016   3.64880171928572348001E-018
      2244   2.69014183671186520000E+016   1.25221803463031566100E-018
      2245   2.39532947655869680000E+016   1.57197876206795557732E-018
      2246   1.34850011355048720000E+016   2.45233764107162342740E-018
      2247   7.85809472883536700000E+015   4.18875407773438107034E-018
      2248   4.13263672760798080000E+016   1.20449817302132383174E-018
      2249   3.09403804766612600000E+016   1.80783959882198581231E-018
      2250   2.40871699968050680000E+016   1.94768958763330742457E-018
      2251   5.59830999387279200000E+016   1.48356683920118410642E-018
      2252   3.93131790724060320000E+016   9.68084013838773646378E-019
      2253   3.98222585105757360000E+016   3.48877645609919467773E-019
      2254   8.79984401532499600000E+015   3.48228343434738542234E-018
      2255   1.82351092825201320000E+016   1.24819109808075035818E-018
      2256   6.52035157282066560000E+016   6.10559517478099843495E-019
      2257   7.60374214720551040000E+016   2.08599758736069402664E-019
      2258   2.58197111334962400000E+017   2.01986889167350758794E-019
      2259   1.09802403369017760000E+017   7.94219440483323286157E-019
      2260   1.00338378615602384000E+017   3.65060708187905181436E-019
      2261   2.39684002057754944000E+017   1.61780152087105784065E-019
      2262   2.40666885700885632000E+017   3.37363490470361784241E-019
      2263   8.13199177902815360000E+016   6.90649399228310478019E-019
      2264   2.31902806002491296000E+017   2.59049542259171643772E-019
      2265   1.40630574358595481600E+018   2.16234126536316053002E-020
      2266   7.78077260469024512000E+017   8.55504564093700786298E-021
      2267   5.51145699183829376000E+017   2.83494560999054597244E-019
      2268   5.64414958874307520000E+017   1.67656919851638772027E-019
      2269   5.83950534046646400000E+017   1.41824017715281909434E-019
      2270   3.13317152424223872000E+017   1.02294604132742537900E-019
      2271   3.24883634258846720000E+017   2.32607221650085348657E-019
      2272   6.13785095255264128000E+017   9.88084772609961151325E-021
      2273   3.23285444617290944000E+017   1.61593209083282153741E-019
      2274   2.13874262300105184000E+017   5.70075402896103812134E-019
      2275   2.85621606015475776000E+017   6.00575095162202366146E-019
      2276   1.57012263958337996800E+018   2.99982329729907793436E-020
      2277   9.62981619030806272000E+017   6.02311867145799028284E-020
      2278   6.18264444460863616000E+017   4.98565368154134948727E-020
      2279   1.56596321647031168000E+018   1.04922201641744172347E-019
      2280   4.34475991527429824000E+017   1.80426921761891117265E-019
      2281   3.83552667182584960000E+017   2.88417874140616769479E-019
      2282   6.70432326727351296000E+017   1.26761175259919359034E-019
      2283   5.00792527194525312000E+017   2.30261229456825325203E-019
      2284   8.81508500596171680000E+016   7.35775063216506903313E-019
      2285   2.44136090033247320000E+016   1.37114921777797580531E-018
      2286   5.61008994127356000000E+016   1.66743676082766390078E-018
      2287   3.11594114226179400000E+016   2.67859905432018525394E-018
      2288   2.94532612094483550000E+015   4.14600380327813425994E-018
      2289   2.63485929525254550000E+015   3.93169408171501533554E-018
      2290   4.55163768981941600000E+015   3.73524451715647573109E-018
      2291   4.47429681832767650000E+015   3.58048285003054246563E-018
      2292   2.23810298055403675000E+015   4.51544504693699684337E-018
      2293   3.54973378967844700000E+015   4.37502456902430750522E-018
      2294   3.88763494072772350000E+015   5.01259390022256356352E-018
      2295   1.98407051200103350000E+015   4.80505865520282890468E-018
      2296   2.84615233725234450000E+015   3.89086341847107439498E-018
      2297   5.22307249929588500000E+015   3.68736102110813353837E-018
      2298   3.20249100897298600000E+015   4.16969149578756804309E-018
      2299   1.31169788007505125000E+015   6.73670915118536425957E-018
      2300   1.57745019167779100000E+015   4.07768567396588961384E-018
      2301   3.04622010387853750000E+015   4.39612003039974136036E-018
      2302   2.82223672669156500000E+015   4.42784791483313464282E-018
      2303   4.09052277492782550000E+015   3.20331575884270256207E-018
      2304   6.75355331138691900000E+015   3.62510592526880002877E-018
      2305   4.83139751513953400000E+015   2.77260367752353479754E-018
      2306   1.28632518047476500000E+016   2.24963432827879954146E-018
      2307   8.51934605117764800000E+015   2.72311296755885292053E-018
      2308   1.72797075700142360000E+016   1.98115017398355657551E-018
      2309   5.41962271381034300000E+015   3.74263885800032378178E-018
      2310   1.22252038183225700000E+016   2.70274608456939399459E-018
      2311   1.99336239416291225000E+015   5.88181633697407716996E-018
      2312   2.10628820033907600000E+015   5.95227498265117546688E-018
      2313   2.82092872140944150000E+015   5.37732654080874996041E-018
      2314   3.23835183539895950000E+015   4.42219212663039334104E-018
      2315   3.34501035043852950000E+015   4.55106255938939344906E-018
      2316   1.49969236405797650000E+015   4.21822057861463495917E-018
      2317   2.01549575123395400000E+015   3.18544522165929324958E-018
      2318   1.33217677828124150000E+015   4.12714952779065437739E-018
      2319   2.09831820628849000000E+015   3.25840133832245285299E-018
      2320   1.46805119100425200000E+015   5.51261632398657058534E-018
      2321   1.67400675886343525000E+015   8.60476819659927622562E-018
      2322   2.63762987382242350000E+015   4.54269450491032873660E-018
      2323   3.81439969772038500000E+015   5.25806838189708600761E-018
      2324   2.53144615957377750000E+015   3.73052137434103504800E-018
      2325   3.54529473906637900000E+015   5.24493982021369188714E-018
      2326   3.09460044293101500000E+015   5.52475915294911170967E-018
      2327   3.06879704860702000000E+015   6.52982852077472094673E-018
      2328   2.82748092571735080000E+016   2.37795110970459771952E-018
      2329   3.56531345768821240000E+016   1.91501214441869544513E-018
      2330   3.29833175063806760000E+016   1.87926159924123293944E-018
      2331   1.79282393685011740000E+016   2.02105138296743700583E-018
      2332   2.30939987005582360000E+016   2.52075665256941857568E-018
      2333   2.55323207502539680000E+016   2.29158070999191689962E-018
      2334   1.25678815672764260000E+016   3.19602565903375996382E-018
      2335   1.26551319519560740000E+016   3.35353889010861650319E-018
      2336   7.96376517947726000000E+015   3.40234105032888703233E-018
      2337   1.11446023004507080000E+016   2.59722608414205768292E-018
      2338   1.13455707699531620000E+016   3.00295948284378471899E-018
      2339   1.42383718862493900000E+016   2.63194540429421358038E-018
      2340   1.28144981694215780000E+016   3.20049524085868064214E-018
      2341   8.78477183087045000000E+015   3.62978409948570378485E-018
      2342   8.18027736824779700000E+015   3.03454049402506098081E-018
      2343   1.11697662177163280000E+016   3.67192795637467604110E-018
      2344   1.45896724190094400000E+016   3.06236411610739014916E-018
      2345   1.27838447622242600000E+016   3.06664047135945091011E-018
      2346   1.91490472327505320000E+016   2.44344521616734572105E-018
      2347   7.10684069486119800000E+015   5.57692236056860981568E-018
      2348   7.31154255404532100000E+015   6.74154511288437341782E-018
      2349   6.54011004680809900000E+015   6.45082462551297385075E-018
      2350   6.47756252432087800000E+015   6.17499872550315652146E-018
      2351   7.43280826072513500000E+015   4.29723190175997938921E-018
      2352   5.57418565162840500000E+015   4.86344570113820153793E-018
      2353   8.54579343811684900000E+015   4.96196369437254019279E-018
      2354   1.05698848721851680000E+016   3.62556245958027868746E-018
      2355   1.92594379312117560000E+016   3.10043501879065861598E-018
      2356   8.76296404198928300000E+015   4.47736964630669716805E-018
      2357   1.75919967770715160000E+016   3.33512165715724044860E-018
      2358   7.64650268966129600000E+016   5.00599983925250330468E-019
      2359   6.65939152056630880000E+016   1.11787668488077606437E-018
      2360   5.61169899894413840000E+016   1.10771366453871253748E-018
      2361   7.96892319138722560000E+016   3.67267307324257344492E-019
      2362   1.31309407428437808000E+017   8.82714152214935836263E-019
      2363   5.63221904217439920000E+016   1.58986368341355338904E-018
      2364   2.75471324372944560000E+016   1.68930190503405124612E-018
      2365   6.12122264726690800000E+016   1.24767096604138770835E-018
      2366   1.97636391823500875000E+015   4.92365936767185412277E-018
      2367   1.58996354580109175000E+015   6.30014834596964536667E-018
      2368   1.47458774681061200000E+015   5.41121309723929150041E-018
      2369   1.04561159251000812500E+015   5.27351057413458328226E-018
      2370   1.40109739303719200000E+015   4.95821919363069964651E-018
      2371   1.43552239589132160000E+016   7.41743138312363664234E-019
      2372   4.92749256056466200000E+015   1.36119633849200222102E-018
      2373   2.96071095932071100000E+015   2.08206782046312973062E-018
      2374   2.76450216055181550000E+015   2.45424842184801255382E-018
      2375   9.19428062576357750000E+014   7.14944881345127537117E-018
      2376   1.49228375466379550000E+015   3.94374717787069312618E-018
      2377   1.07378743181646987500E+015   4.54236696177888846160E-018
      2378   1.50354036801588025000E+015   3.95788313586727031246E-018
      2379   1.32558543622440225000E+015   3.37145923265786596786E-018
      2380   8.96779228901718125000E+014   3.80459930049842061218E-018
      2381   6.56314919309522000000E+014   5.65843251427515933396E-018
      2382   4.23001941978146312500E+014   7.39548213823557540249E-018
      2383   4.41560564276433750000E+014   8.03810541985614627977E-018
      2384   4.30449590423891187500E+014   5.52767280838778726480E-018
      2385   3.97686156481750812500E+014   4.64889444156022999302E-018
      2386   6.70126660341666125000E+014   7.46956151558308458496E-018
      2387   5.88279053477945375000E+014   6.25090465158695044108E-018
      2388   7.13254837255719125000E+014   5.52369198444785086578E-018
      2389   5.77896949105090500000E+014   7.96918647650530980011E-018
      2390   7.64453167229176875000E+014   8.28889998982989644682E-018
      2391   4.36089398871750000000E+014   7.32600875521289081713E-018
      2392   7.59079764374744125000E+014   6.09006573954204846100E-018
      2393   1.08728866589285520000E+016   6.17403737002088108171E-019
      2394   2.46158470307225550000E+015   2.22908433386190187509E-018
      2395   1.80190376161099360000E+016   3.98079282960446432766E-019
      2396   6.63481592119232700000E+015   1.05971704407230928906E-018
      2397   4.89480011730343000000E+015   1.24621023937607388877E-018
      2398   4.70002817352735200000E+015   9.52996372124701466809E-019
      2399   1.38045757439472800000E+016   7.67902234268299258537E-019
      2400   4.21937200851658050000E+015   1.69822776371713450141E-018
      2401   1.00557148827922440000E+016   9.67969204845490042989E-019
      2402   1.58977753945597580000E+016   8.10779588996542053096E-019
      2403   8.90823061134907300000E+015   9.15062028094221022976E-019
      2404   1.97542739784586450000E+015   4.58871634641258635803E-018
      2405   2.17610858656084225000E+015   3.50816296944741165232E-018
      2406   1.13786381993362025000E+015   5.38340205793867648003E-018
      2407   3.00750469443081100000E+015   2.99063339894242360968E-018
      2408   2.59961077362986900000E+015   3.43064657288767279282E-018
      2409   2.61312520214236400000E+015   3.93639111240332809114E-018
      2410   2.12283645544561950000E+015   4.12671370676242862357E-018
      2411   1.02371443545668062500E+015   4.77820199969980636956E-018
      2412   1.04606549487248412500E+015   5.57092282781088410475E-018
      2413   1.37277902615528450000E+015   4.67633043398529377454E-018
      2414   1.94862808368521525000E+015   2.93368321572286327140E-018
      2415   1.87739709865849400000E+015   2.65558047732629238491E-018
      2416   4.15713725971535350000E+015   1.36155945370988347028E-018
      2417   1.34845396736317875000E+015   3.96787826034993261160E-018
      2418   1.37742174544756275000E+015   5.75611812707247274893E-018
      2419   1.66628162858410675000E+015   6.18167287542546716147E-018
      2420   1.29251188665998525000E+015   6.50197655607811461109E-018
      2421   1.27260922149143125000E+015   6.14260068163255997033E-018
      2422   1.06998038271861437500E+015   5.95367054454800675451E-018
      2423   1.18510402175817175000E+015   6.40065390683620760151E-018
      2424   1.28183192510698275000E+015   6.30304974431100658242E-018
      2425   3.38144656684994752000E+017   2.24478346284726143522E-019
      2426   6.11465949726463616000E+017   1.63369095028140929405E-019
      2427   4.27852487765996032000E+017   3.02079464101207993102E-019
      2428   2.48113031736086432000E+017   1.39073903500899766737E-019
      2429   2.47839192207874880000E+017   2.14757847591241155431E-019
      2430   3.02403012025003648000E+017   2.07009658714325384812E-019
      2431   3.13107539152040896000E+017   9.62672892107821041318E-020
      2432   1.46232203217546368000E+017   3.29486644344201359485E-019
      2433   4.68571621516607760000E+016   1.69295457792357624824E-018
      2434   4.59255749402623920000E+016   1.77907595062198214329E-018
      2435   1.27506733550443968000E+017   5.12204769426622455616E-019
      2436   6.30154565717451680000E+016   3.99649941750061321207E-019
      2437   1.20884604003380000000E+017   1.41876604467306879103E-018
      2438   1.16555579722894656000E+017   5.38987266714281481156E-019
      2439   1.59207263334624512000E+017   5.19604834732924948350E-019
      2440   2.32138610301182112000E+017   2.27775916665790701725E-019
      2441   1.48239732172605952000E+017   2.44408164209444313159E-019
      2442   7.39258849368680900000E+015   6.31014904348534803119E-018
      2443   1.24193014867828832000E+017   3.43667630097502180680E-019
      2444   5.18907732373017700000E+015   2.83214953003900459638E-018
      2445   9.51538618799033120000E+016   2.29433998741052260643E-019
      2446   6.04446076284133040000E+016   1.05422851608944803187E-018
      2447   8.17999460080370600000E+015   7.14140566907261120655E-018
      2448   5.17009066855342400000E+015   8.10634693815640802312E-018
      2449   1.08816404811434352000E+017   3.63424793422924920443E-019
      2450   1.00602492514746400000E+017   3.01471652512651777780E-019
      2451   2.30940894833348032000E+017   1.84660982654625976041E-019
      2452   6.14926276838345984000E+017   2.50679772173661590542E-020
      2453   5.10608119912492600000E+015   5.60011001310894201615E-018
      2454   9.66999649781363328000E+017   2.04720006903105829546E-019
      2455   9.38937582894981760000E+017   1.43161422612639878235E-019
      2456   1.12932192970405516800E+018   1.89238885751377707632E-019
      2457   1.38652200605817907200E+018   3.69612343208332295916E-020
      2458   4.34140315569847552000E+017   3.84619195972469141426E-019
      2459   9.10844101727357184000E+017   9.78376061686551508053E-020
      2460   1.02601363987213811200E+018   1.77058098044724952109E-019
      2461   5.51098755171551360000E+017   1.78536382635034700258E-019
      2462   3.32879757653135808000E+017   2.56772638710020650858E-019
      2463   3.40210875205564288000E+017   3.14998144169806737110E-019
      2464   5.18924201420760448000E+017   2.68070475648803081827E-019
      2465   9.68614279808895520000E+016   2.99546300324098902390E-020
      2466   8.72640617172805632000E+017   1.56289490494933789099E-021
      2467   1.61207643034939232000E+017   9.22521781390674266296E-019
      2468   4.28216120977628544000E+017   1.69101059527253840491E-019
      2469   2.04406881037571200000E+017   4.96793200157504991193E-019
      2470   3.38132969244633664000E+017   2.76135525643172132295E-019
      2471   5.57376370252654912000E+017   3.06044440842661172336E-019
      2472   1.96962508450751424000E+017   2.95199777724880181136E-019
      2473   4.10699382752855040000E+017   2.48835946046236617368E-019
      2474   1.02602281230922816000E+017   7.85530639403500956568E-019
      2475   1.42452870498721184000E+017   7.27381484830051541986E-019
      2476   5.88342844766749920000E+016   1.45437973240670565233E-018
      2477   3.18280431048706560000E+017   7.13970239863459500753E-020
      2478   7.14390003403285248000E+017   1.85982577744170459369E-019
      2479   5.47154909922847744000E+017   6.93514683941651316547E-020
      2480   1.05825917962299280000E+017   1.20558882478991049781E-018
      2481   2.72900208923190560000E+017   5.93426099311905897118E-020
      2482   6.04741090500057472000E+017   2.14267354827189591467E-019
      2483   4.44654463086809600000E+015   4.92192411841337346663E-019
      2484   3.41796912883885184000E+017   4.66642506685787743683E-019
      2485   2.45772213148291296000E+017   5.76111612731711052025E-019
      2486   1.93586765874608120000E+016   2.59618822801018647127E-018
      2487   1.41779180142329560000E+016   1.79771258271435096799E-018
      2488   1.77598368339583540000E+016   2.06163137951742176341E-018
      2489   1.03730726432096180000E+016   2.05100296063308846939E-018
      2490   2.28940104128637320000E+016   1.41519781561856668180E-018
      2491   1.88311035867075000000E+016   1.91795212906473888885E-018
      2492   7.94817468217093900000E+015   3.99165145606029032592E-018
      2493   4.89635473808340900000E+015   2.94103692266912490103E-018
      2494   4.13126584403855550000E+015   3.41046011325705671073E-018
      2495   4.59206452959374400000E+015   4.28004496888160582503E-018
      2496   7.08728527968144400000E+015   3.69083078593529093699E-018
      2497   5.72936304845545500000E+015   3.49213339666940410073E-018
      2498   3.98787211637539400000E+015   3.52707502351023220898E-018
      2499   7.86125751399922600000E+015   3.19004513036406974403E-018
      2500   6.87578520954090200000E+015   4.44398847154549655846E-018
      2501   4.67568270616278600000E+015   4.70611297841809043118E-018
      2502   5.91235899785646000000E+015   4.41017290352769843203E-018
      2503   1.71943436589286525000E+015   3.05596196504334596914E-018
      2504   1.82790144689933050000E+015   4.10140993892270029541E-018
      2505   1.52679604819139350000E+015   3.59899536619347850146E-018
      2506   1.19250545583880300000E+015   3.47835072355491927294E-018
      2507   2.07118648756802320000E+016   4.88398633074604902972E-019
      2508   2.04184584825755880000E+016   8.85896742576738463139E-019
      2509   1.52484112488069840000E+016   3.92471965311837366739E-019
      2510   8.20217201533992100000E+015   5.02593681993821685483E-019
      2511   6.04224193041889100000E+015   9.83714723277497010052E-019
      2512   5.39520909911765000000E+015   1.87467264085512486644E-018
      2513   5.69771691045725000000E+015   1.19972999453777325845E-018
      2514   6.15574083205057700000E+015   1.24074071763482972729E-018
      2515   1.40149585439127140000E+016   5.82366578242355334149E-019
      2516   1.89618627069663920000E+016   7.07296578641243637495E-019
      2517   1.33240605433725675000E+015   4.06353095065963028923E-018
      2518   2.60756660829683350000E+015   2.94421408485334390777E-018
      2519   1.70500908416010150000E+015   4.00401121875088833283E-018
      2520   1.54877951996217275000E+015   3.90753449857577973457E-018
      2521   1.27873462814376100000E+015   3.90403544821032225726E-018
      2522   1.46553061534852750000E+015   6.77432403345333541064E-018
      2523   1.76173102191675100000E+015   4.64013276368666993460E-018
      2524   5.28052557009375000000E+015   2.38211630385532983452E-018
      2525   2.17842078926449475000E+015   4.25210903641989928146E-018
      2526   3.14608068774959750000E+015   3.24195245294301935650E-018
      2527   3.18741567989235400000E+015   3.16923604964548754607E-018
      2528   4.25045314508242450000E+015   6.64209321175888380592E-018
      2529   1.23901546124003600000E+016   3.28475198769416043356E-018
      2530   8.88209113353562600000E+015   3.40321477050723102452E-018
      2531   7.15990372204920500000E+015   3.73249914957332286091E-018
      2532   5.85588234770888200000E+015   5.67897942714411898144E-018
      2533   7.79019247443188800000E+015   3.91118661344799969039E-018
      2534   4.11485119576344480000E+016   1.22349884838949784339E-018
      2535   2.11182724917201600000E+016   2.98718547434123973132E-018
      2536   2.46686310401062760000E+016   2.47835990586936788908E-018
      2537   3.79911961037757040000E+016   1.87403299056511097884E-018
      2538   4.86229507465406640000E+016   1.16001363891951064876E-018
      2539   1.94236046366773880000E+016   1.85959780696856406797E-018
      2540   7.67018396201475040000E+016   8.87007703311254468638E-019
      2541   5.14363268062641520000E+016   1.32761451436664468880E-018
      2542   6.59907852430857440000E+016   8.28534323240797349023E-019
      2543   1.27536108689547696000E+017   5.10402143984111613315E-019
      2544   4.96053427358685840000E+016   1.46957852822841967808E-018
      2545   3.95616353839231840000E+016   8.80298963322345694944E-019
      2546   5.44136198638164000000E+016   1.40840987953547637552E-018
      2547   8.91421759718498720000E+016   9.93251495871277600578E-019
      2548   9.05332711905574600000E+015   4.99629565552654829411E-018
      2549   1.66881228039415300000E+016   3.23712701486302288678E-018
      2550   2.15123214974159072000E+017   1.39579762587774721679E-019
      2551   1.86989672335389696000E+017   5.26019642346278511282E-019
      2552   5.66288776702914000000E+016   1.21261563903566309795E-018
      2553   2.31301640780886144000E+017   2.26334022205709190915E-019
      2554   1.51481999731374208000E+017   2.31947916169516100894E-019
      2555   7.76859753287466560000E+016   7.28973828649036124884E-019
      2556   3.57110764202082120000E+016   1.32982899605654995308E-018
      2557   4.72764593425730240000E+016   1.14681994094625512081E-018
      2558   2.47849045432711776000E+017   4.76009995583130756139E-019
      2559   1.98585588575414496000E+017   4.67513244640425083350E-019
      2560   1.78087974598809120000E+017   4.06644006395129113090E-019
      2561   1.65164915148460736000E+017   3.68179735669595849425E-019
      2562   4.65609270494599360000E+017   1.73131137274866220568E-019
      2563   3.97093511949715008000E+017   1.09825246673154521276E-019
      2564   6.66418205005363328000E+017   8.45442701199878388205E-020
      2565   3.95276006822236480000E+017   2.59736086769845510761E-019
      2566   2.58659233531167360000E+017   7.66094489837564965506E-019
      2567   3.48278468670906304000E+017   5.78231077398216152635E-019
      2568   2.79563287393863776000E+017   2.03084034118872729645E-019
      2569   4.61734231164562560000E+017   2.49409965425668254359E-019
      2570   1.22557015227988592000E+017   9.83149184725795709318E-019
      2571   1.44587697932166304000E+017   5.20262867215107723819E-019
      2572   1.43595334914405008000E+017   5.78774985568706797352E-019
      2573   9.25976030555526080000E+016   6.59710434145525435401E-019
      2574   1.09027293618455568000E+017   8.49000345018556074794E-019
      2575   1.05741774503391360000E+017   7.93482448232177842080E-019
      2576   8.95185429855649440000E+016   8.23104853417523009278E-019
      2577   8.54772525722500640000E+016   7.70700159303219053638E-019
      2578   8.33661200729156800000E+016   5.64088422035249015217E-019
      2579   6.06580030554276960000E+016   7.74606113695564582291E-019
      2580   4.53926330648907520000E+016   8.62259765023504103874E-019
      2581   2.58483833699171760000E+016   2.33013998542774280597E-018
      2582   3.43846440848654464000E+017   2.61763743598095863681E-019
      2583   1.79233652760643424000E+017   6.79902669353425433080E-019
      2584   1.05681896666869520000E+017   7.85730466256657573038E-019
      2585   7.98227156854024192000E+017   2.94698041002107818158E-019
      2586   7.78416022675462016000E+017   8.81355644815187784780E-020
      2587   3.31814481253712192000E+017   4.09454870419632933604E-019
      2588   9.18957826290254080000E+017   3.21997017802545988131E-019
      2589   7.27294307214875136000E+017   3.09373205770943020305E-019
      2590   1.50723898456391080000E+016   1.00000000000000008334E-030
      2591   1.84795891861692640000E+016   1.00000000000000008334E-030
      2592   5.31409156783542960000E+016   1.00000000000000008334E-030
      2593   1.00000000000000008334E-030   1.00000000000000008334E-030
      2594   1.00000000000000008334E-030   1.00000000000000008334E-030
      2595   1.00000000000000008334E-030   1.00000000000000008334E-030
      2596   2.42154503486326656000E+017   4.61134760824529668954E-019
      2597   1.32158959930592336000E+017   4.96090848274285359742E-020
      2598   3.93723978868251584000E+017   7.70244697175585266820E-019
      2599   5.76062525754148992000E+017   4.77187451176811637360E-019
      2600   9.99741591683254912000E+017   2.45652809565423944106E-019
      2601   8.28200967249559424000E+017   2.24018968209914167524E-019
      2602   2.84427892470676320000E+017   5.03869334262643339578E-019
      2603   8.41203421743924352000E+017   1.25666935846018484854E-019
      2604   6.36333547877824768000E+017   1.10764069711757814381E-019
      2605   3.80648563266601152000E+017   3.89753778867402906634E-019
      2606   3.68808620915279872000E+017   2.85764313749283005606E-019
      2607   2.38701192341369472000E+017   3.75482513873991712658E-019
      2608   1.42046567261228896000E+017   5.36051634903396595306E-019
      2609   2.47788729720789344000E+017   4.85314902811118543608E-019
      2610   1.94748793341168256000E+017   3.70992045711669266039E-019
      2611   1.13359113650610448000E+017   5.52705764375971603349E-019
      2612   1.98154631689471480000E+016   1.72495041698614930371E-018
      2613   1.09303808868155900000E+016   2.60568577068664228877E-018
      2614   1.13718041379077860000E+016   3.09499326547141116705E-018
      2615   2.27116688030868680000E+016   2.07628243952190123154E-018
      2616   2.57988816209893800000E+016   1.61862908144012987150E-018
      2617   1.49331269254809280000E+016   2.57375374586870883947E-018
      2618   1.39395157998557520000E+016   2.48393940304778209190E-018
      2619   9.17921205048732400000E+015   2.32177837898114275646E-018
      2620   3.26035094742335800000E+015   3.85606941950416725132E-018
      2621   4.03395945400796650000E+015   2.96640756499937802223E-018
      2622   4.26459188892715250000E+015   3.65779069392522481185E-018
      2623   5.55950418844902100000E+015   3.24645800540105069698E-018
      2624   3.13932068608171350000E+015   3.01006246367163343549E-018
      2625   5.83418431190066200000E+015   1.80956024482918946110E-018
      2626   4.80382134170423500000E+015   2.76494529222789882064E-018
      2627   5.17969385400523900000E+015   2.61825995502729020533E-018
      2628   4.56316686457270100000E+015   3.02693299195982422895E-018
      2629   6.48226815606182600000E+015   2.54885160426775385673E-018
      2630   1.13899631719393680000E+016   2.84288860948095557190E-018
      2631   7.40586809578511900000E+015   2.32049133937470782414E-018
      2632   5.22303215589868700000E+015   2.01285772373632764990E-018
      2633   1.57183732511564020000E+016   1.63502461428614385725E-018
      2634   2.25784847808628600000E+016   1.15966955455339831848E-018
      2635   1.27771687098705540000E+016   1.36779358778984400647E-018
      2636   2.15260275467150080000E+016   8.26937942011104142754E-019
      2637   2.85162720213844992000E+017   4.72513840416785939338E-019
      2638   2.41473602935255552000E+017   2.90428778745932579922E-019
      2639   1.47194978000386848000E+017   7.95049216076467389300E-019
      2640   3.37529613665156160000E+017   2.57851958494457126536E-019
      2641   1.79286361232534080000E+017   8.09327851238822428788E-019
      2642   4.10605473953549056000E+017   8.76751320201029479660E-020
      2643   7.68189195057205440000E+016   7.85863504254183185162E-019
      2644   1.79520178276009440000E+017   3.66917646014809686275E-019
      2645   3.91607165755157120000E+016   2.22102310793890272563E-018
      2646   1.78648591789719488000E+017   3.22879006543249657285E-019
      2647   6.06053217798409472000E+017   1.76063223684200540100E-019
      2648   3.10660777689327872000E+017   4.44181245176047982811E-019
      2649   4.85614302963875584000E+017   4.17632131996982268314E-019
      2650   2.34717462271416256000E+017   4.27529606147971057439E-019
      2651   2.83827919310091424000E+017   2.30292058344703361444E-019
      2652   2.60546033644374976000E+017   3.49092853560066566401E-019
      2653   3.19237910820752832000E+017   2.98357723425550728850E-019
      2654   3.87279452438445952000E+017   2.11627181480157930407E-019
      2655   2.08980715884191360000E+017   3.94859068588409272485E-019
      2656   4.34984254444418048000E+017   4.88255954632253178785E-019
      2657   2.93898082620232192000E+017   5.49487607309267667853E-019
      2658   2.18783051388399616000E+017   7.38424079705765428830E-019
      2659   1.37490686652457040000E+017   1.03034398161909843787E-018
      2660   9.69709451486361920000E+016   1.94338952812752710052E-018
      2661   1.21029563570261024000E+017   1.61076345069162553717E-018
      2662   4.25998854526304640000E+016   1.62237600458786027463E-018
      2663   2.98025014581572800000E+017   2.04711040658343966664E-019
      2664   2.75966284133766848000E+017   2.76441948895569379259E-019
      2665   2.57851137103551232000E+017   2.55129262042024663031E-019
      2666   3.83869778099539520000E+017   1.60945966065713875185E-019
      2667   1.09580300212540608000E+017   1.03778344651730210075E-018
      2668   5.98637260101149920000E+016   8.66397056105091905190E-019
      2669   2.48231349998472992000E+017   3.54379331495080831246E-019
      2670   3.13315391328542720000E+017   3.09146499156282429757E-019
      2671   4.32449783190670528000E+017   2.32846698832541818481E-019
      2672   3.99237445526907520000E+017   2.65529999710451593743E-019
      2673   8.90687142141768640000E+016   7.19604742158761505518E-019
      2674   1.83983933102384992000E+017   4.47325026850255008418E-019
      2675   5.46842790389971840000E+016   1.54792281385409996377E-018
      2676   1.17534578047707808000E+017   4.41891992743710909268E-019
      2677   4.17940865221240000000E+016   1.96150956302759230491E-018
      2678   4.30255516973801280000E+016   1.53933009926640113794E-018
      2679   1.77688420217358848000E+017   3.92096637185700975069E-019
      2680   2.64836793195816288000E+017   2.19108557640305412932E-019
      2681   1.44266723782379008000E+017   6.62352456257806784777E-019
      2682   6.99819152074780032000E+017   1.98317332833677329815E-019
      2683   8.32183687860093056000E+017   4.11912958294764789978E-020
      2684   2.59362546019554624000E+017   2.95950555501367284543E-019
      2685   5.39064704151541248000E+017   1.83019554067851283075E-019
      2686   3.46045003815305728000E+017   3.28657419470308515967E-019
      2687   4.85651197329541312000E+017   1.12232728323720601506E-019
      2688   2.41090736421897920000E+017   6.46822929682734682047E-019
      2689   7.17904545864676864000E+017   3.59929190495126429578E-019
      2690   3.81395613837845312000E+017   5.41493761522950596224E-019
      2691   6.09054096451579904000E+017   1.64628812581858756193E-019
      2692   3.71367362010859712000E+017   5.62487028681794583242E-019
      2693   8.14226315174522880000E+017   1.24677153740582500326E-019
      2694   5.68671879663535488000E+017   1.99183024692787974501E-019
      2695   7.45070387850292992000E+017   2.79925893813507936770E-019
      2696   8.07805837416771200000E+017   2.07005605953249179128E-019
      2697   6.41478366276628992000E+017   2.79695745984641993184E-019
      2698   5.10705736856061504000E+017   1.24297862809247590751E-019
      2699   6.16999340259696768000E+017   1.61942836224528925412E-019
      2700   6.84977756043172224000E+017   2.34403474668281725491E-019
      2701   6.57654250864945536000E+017   8.53182042734528497635E-020
      2702   2.55847008837361472000E+017   3.91860420481680204156E-019
      2703   7.57727439283270880000E+016   8.96619016093810824621E-019
      2704   1.06289994175574960000E+017   6.01679032303779621457E-019
      2705   1.58731824974765600000E+017   3.89326353929553821247E-019
      2706   9.52120220655678720000E+016   7.05903178834925539015E-019
      2707   1.25357766845567824000E+017   6.37551730262879592089E-019
      2708   1.10228042416819328000E+017   6.43938060453892028645E-019
      2709   2.02318681402549280000E+017   5.62114138996231449307E-019
      2710   2.14837496666828960000E+017   4.77787045665317348353E-019
      2711   2.04442772953524000000E+017   5.90173179014087502746E-019
      2712   2.18084510666295424000E+017   4.22495355575885836786E-019
      2713   1.84198158857528640000E+017   4.35912793210786946604E-019
      2714   4.42046571943604736000E+017   3.38992392011522341370E-019
      2715   3.12488453972099392000E+017   4.24692551821736371849E-019
      2716   4.90318952854481200000E+015   3.15525400008190536816E-018
      2717   9.73823575756186000000E+015   2.37934681339175803849E-018
      2718   3.29984098520403350000E+015   2.87561818607546609289E-018
      2719   2.93320771042424750000E+015   2.12539859414550602149E-018
      2720   9.90522103878968200000E+015   1.67159230842275086457E-018
      2721   3.14500238097023050000E+015   3.43059877832904387281E-018
      2722   1.07279900182640020000E+016   1.81944968694999835056E-018
      2723   2.25307976647353960000E+016   8.22179231923621041770E-019
      2724   1.64517751303364960000E+016   1.84242087993650081284E-018
      2725   1.77309419576892480000E+016   8.20543488468864942536E-019
      2726   7.68212222748183040000E+016   3.14787270124670050371E-019
      2727   8.11227595798861700000E+015   2.64573068529772149862E-018
      2728   2.79743441495366040000E+016   5.43152469654731180380E-019
      2729   8.39311320414607100000E+015   1.60294299737891985490E-018
      2730   7.80427357749277500000E+015   1.69297149597793048019E-018
      2731   2.08763506405244520000E+016   6.20394923111139489190E-019
      2732   2.02978660246830760000E+016   9.25908377188114658908E-019
      2733   1.35232510056927680000E+016   6.84274337067103450086E-019
      2734   1.97419635858085632000E+017   2.98817875401892409353E-019
      2735   4.67204900135964544000E+017   2.36444985214002413511E-019
      2736   1.91938952006194624000E+017   5.80463836387603919802E-019
      2737   1.87796876653303808000E+017   5.09090579067632017293E-019
      2738   1.25129166007162016000E+017   9.78523192379398766949E-019
      2739   2.62064748618949088000E+017   4.85491802396875219389E-019
      2740   1.58007857565618720000E+017   5.25759252529161040852E-019
      2741   4.57036777206561984000E+017   3.07993605305525562936E-019
      2742   1.63675158785049728000E+017   8.81036303820056245902E-019
      2743   5.86652123018425472000E+017   1.38448959785895955251E-019
      2744   3.97098703453377664000E+017   2.68624683781060905091E-019
      2745   1.94139293640779904000E+017   2.96819384257884296148E-019
      2746   4.25833380790309376000E+017   2.70803402139715999003E-019
      2747   3.64363222703254272000E+017   2.76294446917229225991E-019
      2748   2.67842547773422592000E+017   2.06300186146534812721E-019
      2749   2.80162293838700400000E+015   1.25109837748717910876E-018
      2750   5.53165278587993400000E+015   6.93327313391750394635E-019
      2751   8.55076966813454125000E+014   2.15958472941402080762E-018
      2752   1.64460523704837700000E+015   1.29320995320272914710E-018
      2753   7.47872399263825000000E+014   8.17291550031763206725E-018
      2754   7.46137613697673000000E+014   5.98252205057553701200E-018
      2755   6.17163768360882500000E+014   8.82982933296815967942E-018
      2756   5.13166064204811750000E+014   7.46234629508040563341E-018
      2757   1.52898059282928350000E+015   2.84380057457775325116E-018
      2758   5.93533854929847750000E+014   4.59587016091855541223E-018
      2759   8.59063773333168375000E+014   3.16437224528699978584E-018
      2760   1.17606896394923150000E+015   2.59434979189900356295E-018
      2761   1.34921854258050525000E+015   2.08947700862309170509E-018
      2762   5.45581075979886937500E+014   4.76810128419822634447E-018
      2763   7.27153895352532250000E+014   4.39583804631952966859E-018
      2764   1.93792177679457150000E+015   1.96068762390280461268E-018
      2765   1.59942406754105625000E+015   3.34371390456505586452E-018
      2766   6.75289221616044250000E+014   3.63670171116371548727E-018
      2767   5.76870454382468375000E+014   7.03510402264704719606E-018
      2768   6.35902646691271250000E+014   5.89153444943657121732E-018
      2769   5.39960035668131625000E+014   7.14305829614844241847E-018
      2770   8.30310048881219000000E+014   4.56977280258031950319E-018
      2771   7.91591920161727750000E+014   5.12386326194694170213E-018
      2772   4.38995860921879625000E+014   8.18811532757821715771E-018
      2773   4.42576025938028750000E+014   7.32576020927333755309E-018
      2774   5.13469506992276625000E+014   7.87575735035818696894E-018
      2775   7.31404647810075375000E+014   5.83453211031040841692E-018
      2776   3.68862418434262562500E+014   7.65137204655102461273E-018
      2777   5.95440172234055250000E+014   6.63217820084395795940E-018
      2778   3.74203722527604800000E+017   2.87697100065022494181E-019
      2779   4.66136085965857600000E+017   2.99242579426035640755E-019
      2780   4.05847388363084096000E+017   3.17450977208405828919E-019
      2781   3.92640773255326656000E+017   1.92620433311301756361E-019
      2782   6.86626703736279680000E+017   5.93280722036936804198E-020
      2783   8.97385692470363904000E+017   1.03781816693568549734E-019
      2784   8.79568442454910592000E+017   1.19178835282976104090E-019
      2785   2.47246955973694656000E+017   3.12564371017281922267E-019
      2786   3.19495162228033408000E+017   9.11686834747946737526E-020
      2787   1.89817295747996544000E+017   3.22864470662263203523E-019
      2788   8.37821007692223200000E+016   1.72225750117357236529E-018
      2789   3.72236223024028224000E+017   3.01539090537310976163E-019
      2790   3.15128256694630784000E+017   2.56001795631755492117E-019
      2791   2.26657589114447040000E+017   6.38640201276603718344E-019
      2792   2.77035403052814016000E+017   2.44280740931879594514E-019
      2793   2.18457092029360128000E+017   2.90500801546304499684E-019
      2794   4.31048781864366592000E+017   2.51102077526062680940E-019
      2795   5.34986300513368448000E+017   1.87947019826403575613E-019
      2796   3.16103869799362176000E+017   2.89731117930247786169E-019
      2797   5.47059290474371776000E+017   1.78959738728420083013E-019
      2798   7.13585726566327552000E+017   1.89441471503161037494E-019
      2799   2.01426220440287552000E+017   6.94079097200732185569E-019
      2800   1.41188144654754736000E+017   6.92156055854417563056E-019
      2801   5.51569769455994112000E+017   1.55108244304178144418E-019
      2802   4.77313108202786624000E+017   1.68851484499503949774E-019
      2803   5.33515915634133760000E+017   2.15582056445075806565E-019
      2804   5.82763560707732992000E+017   1.74755725195135199822E-019
      2805   1.86375501703364960000E+017   3.21756537656714804884E-019
      2806   3.53580690899627456000E+017   9.19083876270811161320E-020
      2807   5.23742816966834496000E+017   5.35391602891037630208E-020
      2808   4.06372123210894592000E+017   1.02223687805865904031E-019
      2809   1.02915661631204057600E+018   1.63160291367135560125E-019
      2810   4.12724503533202112000E+017   3.52527869840967614680E-019
      2811   1.39406280667792944000E+017   2.79990637238294488800E-019
      2812   6.91877952725039744000E+017   1.01977707283723165092E-019
      2813   1.43543237494952704000E+018   2.69829869038758887115E-021
      2814   6.85720125312802176000E+017   6.38989347843757923757E-020
      2815   1.66921229432641049600E+018   1.22525269647231430017E-020
      2816   3.92060436952297472000E+017   5.44804457837327205417E-019
      2817   2.21097014864696192000E+017   5.89974160362989210837E-019
      2818   3.38461425034285248000E+017   4.92717131217816680769E-019
      2819   2.03926169532661760000E+017   3.96687285868552063367E-019
      2820   6.67971614632027264000E+017   1.36950842285940213050E-019
      2821   4.29315481923343744000E+017   1.94840257614278637818E-019
      2822   3.78216101457889472000E+017   3.02949386953519992252E-019
      2823   7.63088656893836288000E+017   2.50385403909630809520E-019
      2824   5.61895906004062336000E+017   1.49994568327533597026E-019
      2825   5.47812650050554304000E+017   1.39686997967532263761E-019
      2826   7.13880343891424384000E+017   1.59469914382674960852E-019
      2827   1.10978462149101555200E+018   1.25334805254069649600E-019
      2828   5.60941317874719616000E+017   2.54117221268351032171E-019
      2829   8.24022546463845120000E+017   1.37906079534985371116E-019
      2830   9.26249709568559104000E+017   1.04272767477696376456E-019
      2831   6.37370091937727872000E+017   2.24702044100023727616E-019
      2832   7.94288219991107072000E+017   1.79100870372726319230E-019
      2833   4.13779696606202800000E+015   2.65293622576657237993E-018
      2834   3.89037601966243650000E+015   3.17392762595554659149E-018
      2835   4.27750119990180000000E+015   3.34645626660249685034E-018
      2836   2.53801823902985550000E+015   4.46619421882413101762E-018
      2837   5.39558326516943700000E+015   2.71566349053129121676E-018
      2838   9.63855659224595000000E+015   1.43556720042924075020E-018
      2839   2.66222138097344950000E+015   2.85779047778315580583E-018
      2840   1.20281561413615260000E+016   9.12202093055082621748E-019
      2841   4.86406214537270000000E+015   2.06161200545462243680E-018
      2842   4.04238865447088350000E+015   2.44387223897971967727E-018
      2843   1.60133564812835500000E+015   3.42095609497472113996E-018
      2844   9.20000129714610000000E+014   5.26905425879508913975E-018
      2845   3.39936512736103650000E+015   2.29994046408572972540E-018
      2846   6.92493528454517120000E+016   3.23546500946364253925E-019
      2847   1.37424729368669100000E+016   1.32545014155034077292E-018
      2848   1.36984120648075500000E+016   1.48711584660088619271E-018
      2849   1.52921998256065800000E+016   1.34096534815805107476E-018
      2850   1.51209417522304460000E+016   8.71280719311591217019E-019
      2851   1.66268555055494480000E+016   8.88185934609033215431E-019
      2852   6.02139246616344064000E+017   2.02380164743882623636E-019
      2853   1.08596323587697036800E+018   1.12469987351774349067E-019
      2854   1.14176926172361139200E+018   9.09496518835733960008E-020
      2855   8.93080982011724032000E+017   1.21349597531713369253E-019
      2856   3.51868042481839552000E+017   2.18186216819515143577E-019
      2857   4.81492333040227840000E+017   2.01234770296304548276E-019
      2858   5.67385189214601664000E+017   2.04931434815883750595E-019
      2859   3.37806440655731100000E+015   2.64622952035183796902E-018
      2860   3.58254586060770550000E+015   1.88982407765146348460E-018
      2861   5.32918492289634300000E+015   1.21648027511509815514E-018
      2862   7.27344878498656400000E+015   7.65527060503146790159E-019
      2863   7.13851169966458700000E+015   1.18780123252551425742E-018
      2864   6.98399470595767400000E+015   1.77093514246327341969E-018
      2865   3.52868609515917500000E+015   2.96689679527355090661E-018
      2866   4.68747962392527900000E+015   2.74776976497467410652E-018
      2867   5.48731761141616300000E+015   3.24644458246062473934E-018
      2868   4.90922495358233700000E+015   2.46887109813192956030E-018
      2869   7.25930628470137000000E+015   2.65536153257143782680E-018
      2870   8.41759393798727400000E+015   2.33986566869842386684E-018
      2871   3.65542940548653800000E+015   4.50533509026286153031E-018
      2872   4.94357078976182800000E+015   1.78940935753827587429E-018
      2873   1.73088292660429400000E+016   5.68109149567376301733E-019
      2874   1.35239671002265300000E+016   1.01567176231862293880E-018
      2875   1.87253848333603120000E+016   4.90333756019113759246E-019
      2876   3.14447231687707904000E+017   1.42294508873389725258E-019
      2877   4.60920856442333680000E+016   1.56816010691021850832E-018
      2878   1.62962702501115545600E+018   1.19260999794965242394E-019
      2879   6.82252548230300800000E+017   1.21561313143682938895E-019
      2880   4.55132256082096080000E+016   1.23188229809814628127E-018
      2881   7.32853241948069248000E+017   3.97367128900718532606E-019
      2882   1.90345320189525984000E+017   8.99846583111803501955E-019
      2883   2.12505831733087360000E+016   2.76873145881993250237E-018
      2884   1.99859444313952000000E+017   5.78011071703677946616E-019
      2885   3.57994136508185600000E+017   1.92141422354902523514E-019
      2886   1.85556255571248064000E+017   6.19231916753433372829E-019
      2887   4.17047808149674880000E+016   1.01965393199387270196E-018
      2888   1.09415463769806000000E+017   5.57877806239514038178E-019
      2889   1.02779068873267440000E+017   5.28711578521635913808E-019
      2890   8.32415543255357760000E+016   9.12224867374064331184E-019
      2891   2.00863031222777920000E+017   3.77337969909114878346E-019
      2892   1.13738257815046208000E+017   3.57567519794838646983E-019
      2893   6.01137656893704064000E+017   9.01178563966141384814E-020
      2894   6.84334029901612672000E+017   2.02272823261795904596E-020
      2895   1.06046870913854566400E+018   6.64557943881342704780E-020
      2896   8.95233783206083840000E+017   1.58471325129853935634E-019
      2897   1.23134433004968601600E+018   1.03917981257048146230E-019
      2898   3.18999453202474300000E+015   1.64283160785501549363E-017
      2899   6.54207624967232600000E+015   8.74241488843383133422E-018
      2900   3.57912081834568832000E+017   5.16178779566548658691E-020
      2901   1.62372140503073504000E+017   3.85079625726451872867E-019
      2902   3.42823346109016448000E+017   1.82563259144223004488E-019
      2903   1.97697282717211776000E+017   5.24970236793042758883E-019
      2904   1.21189342109137472000E+017   3.25651219682556424521E-019
      2905   2.88960890186256192000E+017   3.68268204194569255248E-020
      2906   6.69174825857317120000E+017   1.20229874907012128336E-019
      2907   2.78278880626634496000E+017   5.08480306924679436981E-019
      2908   8.48688994355511040000E+016   6.64958618892601509801E-019
      2909   3.53994700209195840000E+017   5.17701835365152720840E-019
      2910   2.80986178070899750000E+015   1.05348874101835090319E-018
      2911   1.20394230935118675000E+015   2.57566057852926011591E-018
      2912   9.93402256137256625000E+014   5.37015306192318824716E-018
      2913   7.32725613121231250000E+014   5.20745765570615064616E-018
      2914   4.54030135663264375000E+014   6.35833853925096146297E-018
      2915   4.11176332232956850000E+015   7.98282419366140083424E-019
      2916   3.35174211105633400000E+015   8.62690271230230748121E-019
      2917   1.65498590649562200000E+015   2.01776840671975379342E-018
      2918   4.86223912476890700000E+015   8.82501349245112228560E-019
      2919   1.59646767896092300000E+016   1.65923649229879596411E-019
      2920   1.28810892721478700000E+015   4.08462404178946700167E-018
      2921   2.83487959339539150000E+015   1.51253790664095017703E-018
      2922   8.22234886317928500000E+015   6.35127763789092781544E-019
      2923   2.59761618793777600000E+015   1.30082831509758182573E-018
      2924   1.12764063969580700000E+016   3.73083258370302479666E-019
      2925   3.48523316082343650000E+015   9.05163076660079472343E-019
      2926   4.38164280168485650000E+015   9.08687275903982595279E-019
      2927   5.89337887940444600000E+015   7.00699561682488265603E-019
      2928   6.32774140374968200000E+015   5.35544004452084964000E-019
      2929   4.71245619362811600000E+015   7.01064050509250000285E-019
      2930   3.96855258263162550000E+015   8.70190784476882258870E-019
      2931   4.23302985161785350000E+015   5.00422113998866708770E-019
      2932   1.16830662037115000000E+016   4.14798856866696865787E-019
      2933   6.07972570680211125000E+014   3.89415165542700180202E-018
      2934   2.45945737468771250000E+015   1.03615224644797112855E-018
      2935   5.58572503422124300000E+015   5.88278927614775194394E-019
      2936   4.82159242609006200000E+015   9.03334606218169680542E-019
      2937   4.07698565763737000000E+014   7.37193682979455341990E-018
      2938   5.72151481827975250000E+014   5.62020174358302085154E-018
      2939   6.25840219456354875000E+014   5.84257903047764055878E-018
      2940   8.17322856697296000000E+014   3.48358880257982207649E-018
      2941   6.98438840221705400000E+015   4.07390187595753114793E-019
      2942   7.15218969084036375000E+014   3.49048162509063190201E-018
      2943   2.16069247578627900000E+015   2.29293423164741352747E-018
      2944   1.05189592081538340000E+016   2.89858191784371264598E-019
      2945   9.19968311913744600000E+015   3.74225013731737624654E-019
      2946   2.11573113540255875000E+015   2.28845985581574242925E-018
      2947   1.51760905924573750000E+015   2.19291276302069585317E-018
      2948   4.41847313150375700000E+015   1.08127737341406703264E-018
      2949   5.99986562031823900000E+015   7.79607961044569405668E-019
      2950   1.28562060008380220000E+016   2.75461305454870129317E-019
      2951   6.54755820621114400000E+015   8.10391062259699476141E-019
      2952   7.20553261970962900000E+015   5.33015264764951389837E-019
      2953   5.86787269073347200000E+015   9.30075679173714499155E-019
      2954   2.93353368480349850000E+015   1.19436564612017706286E-018
      2955   6.76217280220252500000E+014   5.86849787637170825215E-018
      2956   7.12314536725773375000E+014   6.51698349663076855829E-018
      2957   3.00609598800847550000E+015   7.70170872894990076564E-019
      2958   2.67289654048200200000E+015   1.13395861178678058642E-018
      2959   8.61861336308133440000E+016   5.31645876331353933682E-019
      2960   1.63398214605109504000E+017   4.63256077344502988498E-019
      2961   1.63048407166596000000E+017   7.88805760017035270405E-020
      2962   2.58554436754024960000E+017   1.45917149792470990651E-019
      2963   4.68440421505626400000E+015   3.29980215852652980900E-018
      2964   2.21218889578606912000E+017   2.25416195890380838568E-019
      2965   1.89577351590379360000E+016   9.37436615098558565168E-019
      2966   7.15996723172209152000E+017   6.92878621818750553579E-020
      2967   2.55812951254553700000E+015   2.86886474343815183163E-019
      2968   1.15627428747803700000E+016   2.04938297618830124348E-018
      2969   6.17502271865562624000E+017   1.26810711555373863192E-019
      2970   3.83884953226578432000E+017   9.66472514499321587524E-020
      2971   9.82038072275135488000E+017   2.78205266934590939049E-020
      2972   4.82983529703523712000E+017   5.34431891170949288977E-021
      2973   8.89346538128293376000E+017   7.22064631358933491003E-020
      2974   1.32646438805224729600E+018   3.32096858442619051570E-020
      2975   1.18333430426807193600E+018   4.98602612745590522252E-020
      2976   8.43974219103391360000E+017   1.14638236316689574894E-020
      2977   1.18839741258680012800E+018   3.29782483363438229574E-020
      2978   1.27962508254995046400E+018   6.92205075907616622696E-021
      2979   8.14775771440954900000E+015   1.94322057402939998634E-018
      2980   3.37043972924087552000E+017   1.39969648596716677707E-019
      2981   8.92401707618454656000E+017   5.83837453080974987952E-020
      2982   1.06255562801407280000E+016   1.00000000000000008334E-030
      2983   5.46482758918706112000E+017   5.15049977507393723915E-020
      2984   4.32066025695227584000E+017   5.84872814855720371726E-020
      2985   3.79791222490234150000E+015   6.59014376819661050219E-018
      2986   6.45046540055744560000E+016   3.89008772635760016219E-019
      2987   1.77183333799928180000E+016   8.51830013418196547577E-019
      2988   1.61584148214369203200E+018   7.19192364345603191689E-020
      2989   2.28108588185687500800E+018   5.32319514877288604892E-020
      2990   1.07122080673279500800E+018   5.07709517389961336901E-020
      2991   1.83191258485037542400E+018   5.63663411495432761587E-020
      2992   1.21980465929772680000E+016   6.73622446465947152599E-019
      2993   3.26190652563742360000E+016   3.73718056166172242050E-018
      2994   1.83477769302748040000E+016   2.02155868773248260242E-018
      2995   1.00285549654949184000E+018   7.23094331124058113066E-020
      2996   7.31982140352769792000E+017   1.67319023010613016016E-019
      2997   9.55935622010606000000E+015   1.70990808496138336818E-018
      2998   1.27604467586991580000E+016   4.27551442640281965916E-018
      2999   1.00000000000000008334E-030   1.00000000000000008334E-030
      3000   1.00000000000000008334E-030   1.00000000000000008334E-030
      3001   1.00000000000000008334E-030   1.00000000000000008334E-030
      3002   8.88572218425824100000E+015   2.37179834324881174133E-018
      3003   1.79812711892639760000E+016   1.27676789593179732907E-018
      3004   1.62456477497003550000E+015   6.09184427202540378607E-018
      3005   1.65021470062884400000E+015   3.68133108623435382656E-018
      3006   1.57556926951998150000E+015   3.66424162218079372049E-018
      3007   1.63396789203456500000E+015   2.86378127237867813248E-018
      3008   1.44258338279478475000E+015   5.79531221750546430528E-018
      3009   1.46556117960256450000E+015   3.62519912879089844732E-018
      3010   1.60768960518033320000E+016   4.77814716169832674169E-019
      3011   2.82619650882893520000E+016   3.28728952919386639137E-019
      3012   3.07370277506214920000E+016   3.40391016282672927247E-019
      3013   6.21650320112143100000E+015   1.53368916992362797958E-018
      3014   5.55962104260909600000E+015   1.80888357215372201063E-018
      3015   6.49334890819146400000E+015   1.39573516290558791328E-018
      3016   1.19685477645911280000E+016   1.38558438378499394148E-018
      3017   1.95004188487493600000E+016   4.12661316798055092356E-019
      3018   8.92175562005156900000E+015   6.93265152099595755193E-019
      3019   8.59327417022962600000E+015   1.53460239824563979863E-018
      3020   6.88147798661196100000E+015   8.27020638222333899791E-019
      3021   1.64397382031138200000E+016   6.71254489162321129641E-019
      3022   8.51653201454777100000E+015   9.70553142115396816674E-019
      3023   9.18611250457487000000E+015   2.46388914192236964993E-018
      3024   1.01933579166650864000E+017   3.29608805313252874170E-019
      3025   5.59004829563485600000E+016   6.50123638487246507926E-019
      3026   2.41022977771740360000E+016   6.87627999548570696859E-019
      3027   6.85646669539395600000E+016   4.25963883982676987012E-019
      3028   3.67978366281853760000E+016   8.93109249051264375592E-019
      3029   3.19683901344081880000E+016   1.61872246820522708663E-018
      3030   1.32625504401835180000E+016   2.07406803073835481263E-018
      3031   3.17550610937735400000E+016   6.45151403051909672816E-019
      3032   4.65644301379610600000E+015   1.92721840168517390124E-018
      3033   5.70199698950424900000E+015   1.50648222592572261663E-018
      3034   1.05560742382653600000E+016   1.00147604498797917957E-018
      3035   6.39514990594071200000E+015   1.40783204377698593570E-018
      3036   1.85100721943266160000E+016   1.06381800812475998412E-018
      3037   9.59917492983422800000E+015   2.86781459593552952449E-018
      3038   2.15959670645210960000E+016   1.36554501305119519401E-018
      3039   4.68476364005723900000E+015   4.35639321685201854591E-018
      3040   6.61850165958843000000E+015   3.85564153167519998972E-018
      3041   4.93391564479494000000E+015   5.45304762216378104319E-018
      3042   3.01924230576360680000E+016   1.88921764667867343386E-018
      3043   1.17531499458568352000E+017   6.02025504673476168766E-019
      3044   1.33384353373839056000E+017   6.19654955936112216296E-019
      3045   1.15698632850857136000E+017   3.21445513777940238132E-019
      3046   2.43485432748272000000E+016   1.05483803050213861206E-018
      3047   4.77550223158456880000E+016   6.79970768866405855683E-019
      3048   4.31892436041529840000E+016   6.53728082835900647142E-019
      3049   3.74888073305979040000E+016   1.02991637513132040331E-018
      3050   1.00227950177103888000E+017   4.19814969132947994407E-019
      3051   3.81872156127861760000E+016   7.68717464747449376539E-019
      3052   7.39476288147310080000E+016   3.23073181585488575016E-019
      3053   2.07616253847629000000E+016   1.34060455558670017105E-018
      3054   7.51028987773356032000E+017   3.79871626534240493985E-020
      3055   2.28601853902427776000E+017   2.43034788227414467788E-019
      3056   4.72015441401445504000E+017   7.39624601269866897795E-020
      3057   6.54921347563531648000E+017   9.72087330805413637261E-020
      3058   3.88696209464998336000E+017   5.85965693812054376683E-020
      3059   3.68982800128443008000E+017   8.31585798475547445188E-020
      3060   3.71209745521284864000E+017   1.36864667689015416720E-019
      3061   5.35894722862059584000E+017   1.20171622528648649177E-019
      3062   2.01947906628526848000E+017   3.00943927507990505756E-019
      3063   2.35440276156987040000E+017   3.20448052390770109561E-019
      3064   8.75450486135305600000E+016   5.12370831202510267455E-019
      3065   7.10565889452435520000E+016   5.02445846196912992376E-019
      3066   4.65263213711783520000E+016   5.85647916264464344652E-019
      3067   4.02665341857964240000E+016   7.26643590271447444238E-019
      3068   5.86535364755613280000E+016   7.37166720847583012146E-019
      3069   6.98577135902607120000E+016   5.88485114783464274268E-019
      3070   2.04391023457321080000E+016   1.42487428176607576140E-018
      3071   2.96130715952550120000E+016   1.34194658285348924699E-018
      3072   3.11312698191506560000E+016   1.88654197197253840663E-018
      3073   2.15077606792252320000E+016   3.10235872288530249543E-018
      3074   2.41878754827599560000E+016   2.21189344558164133264E-018
      3075   7.45020936073240000000E+016   8.84010423510969218470E-019
      3076   1.51427211964892768000E+017   3.93818363011620599994E-019
      3077   4.72399381579392560000E+016   9.38340438105027085247E-019
      3078   1.23063168325726672000E+017   3.91974943056386727256E-019
      3079   1.58782700872635712000E+017   1.13334573512877605546E-019
      3080   1.83452075039079776000E+017   4.20679441967142243792E-019
      3081   4.39399556124432320000E+017   2.08613454273318295888E-019
      3082   1.28683368588896520000E+016   1.00000000000000008334E-030
      3083   1.04754166941446822400E+018   4.35029114536784138996E-019
      3084   7.93595471670706176000E+017   6.98865695631950531158E-020
      3085   8.60718258277814912000E+017   1.64199566101507564354E-019
      3086   1.61203257412994560000E+018   4.03173222991060444634E-020
      3087   8.05413581079126912000E+017   7.23103343333657720674E-020
      3088   1.07447574434960102400E+018   1.38531196614541451096E-019
      3089   7.87259328677374720000E+017   1.05830998219225535987E-019
      3090   6.93541034863266560000E+016   9.62637673032811749185E-019
      3091   3.70620869427627680000E+016   1.43807586940319106329E-018
      3092   7.00770577243564240000E+016   6.30431033878568844570E-019
      3093   2.27794076256612352000E+017   3.18961059723997595600E-019
      3094   5.39446852154489088000E+017   1.87606420495390597528E-019
      3095   7.75087362115373952000E+017   1.85927212810198397500E-019
      3096   1.92081361063571360000E+016   2.89998298532398337252E-018
      3097   2.41049030536491000000E+016   1.90619119938611997621E-018
      3098   2.07197061550619776000E+017   3.29619437799925704434E-019
      3099   1.06498930678831216000E+017   7.53361510801156113280E-019
      3100   1.25817333772171024000E+017   6.68833863907266060766E-019
      3101   5.80280213147441360000E+016   8.29127393928218320324E-019
      3102   2.38813810793305216000E+017   1.10221157914064835524E-019
      3103   1.82582492173032384000E+017   2.54810527110025801622E-019
      3104   2.80383172513010240000E+017   2.80643679027850762127E-019
      3105   3.86155476632512512000E+017   1.31952845962217343105E-019
      3106   2.80241338093432672000E+017   4.06268834710860671400E-019
      3107   9.93090204840988640000E+016   4.96744419269626698269E-019
      3108   3.11185167665620352000E+017   2.79053842793621054751E-019
      3109   3.82739076203971200000E+017   2.11061764897497283428E-019
      3110   2.52344682555109536000E+017   4.53034025562534080070E-019
      3111   3.02859654428264832000E+017   1.82491002536964397478E-019
      3112   2.04052467647986592000E+017   3.49214128537299221921E-019
      3113   1.08808412358273680000E+017   3.62848782015883190552E-019
      3114   1.60479810642866680000E+016   2.48780471638367663286E-018
      3115   6.87441571013268864000E+017   1.55743675084760673673E-019
      3116   2.83409577802840448000E+017   1.79510437335344373622E-019
      3117   3.84260949400739280000E+016   5.85159633351630000540E-019
      3118   4.57487937513282800000E+016   1.13724822068795247436E-018
      3119   1.32477077971223536000E+017   2.81153030451044434769E-019
      3120   4.04556204329273440000E+016   7.47093089406458773529E-019
      3121   1.43592509519950560000E+016   3.70744998775377594467E-018
      3122   1.17894671986472580000E+016   2.10977428898336775726E-018
      3123   1.20462607144070460000E+016   1.33112637421381653946E-018
      3124   9.92053542592683520000E+016   6.63343877429864463103E-019
      3125   1.51685565098879488000E+017   3.70393415284172850365E-019
      3126   1.24004672928233088000E+017   3.80704047108817185682E-019
      3127   1.05508753395825152000E+017   5.38167199142795393138E-019
      3128   3.27614957103358784000E+017   2.59567475367320888013E-019
      3129   5.90342225567058688000E+017   1.44757381029848395504E-019
      3130   7.29607894669379328000E+017   1.48274686540773445705E-019
      3131   2.21856224466187328000E+017   2.06730440256561857945E-019
      3132   3.37500612454114304000E+017   2.26851416636005559221E-019
      3133   2.73471432994019744000E+017   4.71364555824701406630E-019
      3134   3.19341937762686208000E+017   3.54612999719263869237E-019
      3135   1.99597040640477664000E+017   3.48314521184296810992E-019
      3136   1.11982115088264832000E+017   3.18460203206087120980E-019
      3137   1.77835156201800928000E+017   2.63494325847756585372E-019
      3138   2.26318084396734016000E+017   3.79325388812257612228E-019
      3139   4.52964518960172080000E+016   7.60239015078562977350E-019
      3140   3.17307504568522640000E+016   1.36939330656232629936E-018
      3141   2.33120106658568480000E+016   1.57582863060143494410E-018
      3142   4.44289765281356160000E+017   3.38756916586943523647E-019
      3143   9.52819410444850560000E+017   1.02897621857561776165E-019
      3144   8.22220589430667136000E+017   8.68642739958992607227E-020
      3145   5.80741456574002432000E+017   1.53406712008607189118E-019
      3146   3.40750163694014336000E+017   3.26410529533318794032E-019
      3147   6.45919098368154752000E+017   2.78417848778105618513E-019
      3148   5.36538062706922176000E+017   1.77542211771953283206E-019
      3149   2.71022688089661376000E+017   4.18835474150574504116E-019
      3150   2.77910724207651392000E+017   4.00425830182578989370E-019
      3151   3.37640554976407552000E+017   2.48787369391552302347E-019
      3152   3.70349594069054016000E+017   1.98595272910677685515E-019
      3153   2.86532472701231680000E+017   2.53574991817883766397E-019
      3154   1.72241756604482585600E+018   6.41743501130840190911E-020
      3155   1.23727025208546201600E+018   6.80163812903604085676E-020
      3156   7.45602597221533056000E+017   2.06341107554556412610E-019
      3157   9.50933734098704640000E+017   1.56061953206856326985E-019
      3158   1.07709126464260019200E+018   1.21562560763515956874E-019
      3159   6.65151396869892352000E+017   2.27194636273923348831E-019
      3160   6.11688746292336512000E+017   1.20444633357184102545E-019
      3161   6.10572855177259776000E+017   1.35107209311195416756E-019
      3162   6.42574536471585920000E+017   1.87802934010464695424E-019
      3163   4.68316574968590144000E+017   2.57391557310944659359E-019
      3164   5.13599467958258240000E+017   1.40837070844368783853E-019
      3165   6.51779225665246976000E+017   1.69862895345766458391E-019
      3166   5.27193826742061952000E+017   2.60605337632008051357E-019
      3167   6.20405774896128000000E+017   1.35368647169698233856E-019
      3168   4.14060067697965760000E+017   3.14009716939357471875E-019
      3169   3.69752042308433984000E+017   4.69381617722095819838E-019
      3170   7.86202878957348736000E+017   2.14335534413941642052E-019
      3171   5.65856194663279424000E+017   2.17075938551065947272E-019
      3172   3.11415369750075904000E+017   5.44990859638437362044E-019
      3173   4.52008255159307520000E+017   3.83453897607499864040E-019
      3174   9.24655949082432600000E+015   3.06942504720850278492E-018
      3175   1.44186814730308400000E+016   2.40910139017433929942E-018
      3176   1.02302413209626840000E+016   3.02803334005156607893E-018
      3177   1.15662547966709920000E+016   2.41728551553385642733E-018
      3178   1.10893078716894608000E+017   6.38827011018041673891E-019
      3179   8.74065469957771520000E+016   9.22766618396685268606E-019
      3180   2.93023793866183800000E+016   9.21113167969567241713E-019
      3181   2.31553322787480768000E+017   3.77125206443295440366E-019
      3182   2.90618575354237888000E+017   3.25906132947624004242E-019
      3183   1.27794342810791600000E+017   5.96097624313290760082E-019
      3184   1.55692370973392224000E+017   3.86734011579285210375E-019
      3185   2.82089656655951168000E+017   3.16387713021030838324E-019
      3186   2.83220310269858944000E+017   3.76811809320720782567E-019
      3187   5.42855873636502656000E+017   2.43903505886890282335E-019
      3188   3.38706830047463616000E+017   6.37461329794507305635E-019
      3189   2.85241627528594240000E+017   3.62662069004129165620E-019
      3190   1.20848836403175264000E+017   7.25551627506359237460E-019
      3191   3.49336506945621056000E+017   2.37496349563877996318E-019
      3192   2.64126158873898048000E+017   3.60095828821594324149E-019
      3193   4.21180054946658112000E+017   2.43125890020636616075E-019
      3194   3.61826577000898624000E+017   4.62552995377087871121E-019
      3195   1.75724360451199385600E+018   9.15784110782875977039E-020
      3196   3.13460012100449740800E+018   1.32572651049053982555E-021
      3197   1.31284489134263270400E+018   1.42779014811506076470E-019
      3198   1.71426515416796416000E+018   1.56636829751938068417E-020
      3199   7.76641724270893056000E+017   3.07573289000817232549E-022
      3200   1.37380467645988787200E+018   1.42693323484418709854E-021
      3201   3.98875803769549440000E+017   1.00000000000000008334E-030
      3202   8.39665997510736896000E+017   1.14499062469053168291E-019
      3203   1.26253067043863904000E+017   8.59869124329392634929E-019
      3204   6.13005832868928384000E+017   4.06562061852266799671E-020
      3205   2.55760574366937728000E+017   1.79488787510353079552E-019
      3206   7.01372373022784896000E+017   1.61895892053635659825E-019
      3207   7.12557513792061952000E+017   1.86211738787514389136E-019
      3208   4.35792673136050112000E+017   2.10386026376835119591E-019
      3209   4.77812402282560880000E+016   2.70191958469346895652E-019
      3210   3.02585808232280256000E+017   3.33805214105860499116E-019
      3211   5.09857242640721920000E+017   1.87551911238518439326E-019
      3212   4.02293456587221840000E+016   2.80538066007827376700E-018
      3213   4.37100031604417728000E+017   1.11742986982216404366E-019
      3214   7.47449422096472704000E+017   1.35847120729164418969E-019
      3215   5.13904770195582528000E+017   1.01073086188096243284E-019
      3216   4.93302652568735680000E+017   1.13026485139210584980E-019
      3217   8.39775062537196160000E+017   1.07019100290408711621E-019
      3218   4.47779109781994944000E+017   8.58286200833575625581E-020
      3219   3.84678874928705408000E+017   3.63354137273248364115E-019
      3220   4.73434268749030200000E+015   1.01939285452496455415E-018
      3221   8.76775787817538432000E+017   9.77464540133249486104E-020
      3222   2.80238326528025056000E+017   2.75054082365758097687E-019
      3223   1.69952783585613984000E+017   2.99347290507476228839E-019
      3224   1.55852212363358848000E+017   3.68592569049307188206E-019
      3225   4.35883177985373376000E+017   2.02488502020105738658E-019
      3226   2.02313074445564896000E+017   2.74288290999188290977E-019
      3227   2.78478962253454752000E+017   1.86936904153801534024E-019
      3228   1.94044646084423168000E+017   3.74114303584869508286E-019
      3229   2.06229638735640864000E+017   3.55972570198566357559E-019
      3230   1.10588955488082048000E+017   4.42199381024291399194E-019
      3231   3.31422844518083200000E+017   2.33673922811269370611E-019
      3232   2.88433353162295488000E+017   9.18768222027600313226E-020
      3233   3.23467085553094272000E+017   2.92427970659967549170E-019
      3234   1.00710546090539264000E+017   5.61404915582676733071E-019
      3235   1.33882424757273152000E+017   2.66551000470401101349E-019
      3236   1.30617879479637472000E+017   3.45338185496976518828E-019
      3237   1.88141595302444576000E+017   3.63317675047676255080E-019
      3238   3.77416985157077568000E+017   1.50093329200315835579E-019
      3239   7.95557419271515520000E+016   4.34444874853270355494E-019
      3240   1.53125509550758304000E+017   2.54901381486291109635E-019
      3241   1.34236856748222448000E+017   3.88075403449023446086E-019
      3242   2.74347784855485600000E+017   5.01726946885200234988E-019
      3243   9.36017987582554880000E+016   8.10816710674425449320E-019
      3244   2.87979336756710160000E+016   2.49446594769905482410E-018
      3245   1.71682944369379680000E+017   5.80627857182657964292E-019
      3246   1.51780472238118496000E+017   1.30071238759157909618E-019
      3247   1.27160124041109216000E+017   1.14351594436006264249E-018
      3248   1.64928372375526048000E+017   2.48854202722653564217E-019
      3249   7.26179435799834880000E+017   1.27945477528745785874E-019
      3250   3.81716907268609024000E+017   2.36695029696081941273E-019
      3251   9.84945216251700480000E+016   4.87423796202805299424E-019
      3252   2.19481282409835616000E+017   3.07805464818991216700E-019
      3253   1.76757525690621824000E+017   1.94869685546377938472E-019
      3254   1.13278798687952496000E+017   7.88337049013268771120E-020
      3255   3.26790787691583360000E+017   8.57969630796148089191E-020
      3256   5.26134746235837120000E+017   1.27000560748221445638E-019
      3257   9.68096154295968128000E+017   1.11135333147312944588E-019
      3258   4.43251609182063552000E+017   1.62034207822512611410E-019
      3259   1.80583818847861880000E+016   3.55576619881515757439E-018
      3260   5.46771422180372320000E+016   4.10015216599251649345E-019
      3261   3.06532778807270144000E+017   1.54053791577866632059E-019
      3262   3.26343981143973184000E+017   2.13283907175248944274E-019
      3263   1.66872840005974720000E+017   2.57482289439504704403E-019
      3264   1.81073042754524096000E+017   6.24248546296685302189E-019
      3265   1.11990343203863248000E+017   5.89735872328059398861E-019
      3266   2.18292272211801792000E+017   4.67559269976342979048E-019
      3267   2.40677901511264560000E+016   2.65857204570434332002E-018
      3268   8.63286936580607900000E+015   5.29778243617707105744E-018
      3269   5.51437606269984960000E+016   1.03164888491884542273E-018
      3270   1.50484857169563776000E+017   2.04849527472026800286E-019
      3271   4.34280678745427904000E+017   1.17163033149602368677E-019
      3272   2.82778973299436544000E+017   1.85629198598868805457E-019
      3273   1.04054316793049008000E+017   4.95118476008097293507E-019
      3274   2.26187794413960224000E+017   2.86395956527976367053E-019
      3275   3.70464668560635360000E+016   1.31069174914244720945E-018
      3276   2.44689563032805240000E+016   1.90304538171329008237E-018
      3277   3.70462400888570960000E+016   1.41070875298319239187E-018
      3278   3.53432114929063640000E+016   1.42117474574405747142E-018
      3279   2.51386817592736800000E+016   2.48441201045755265947E-018
      3280   3.98827544553719920000E+016   1.26551581118353733769E-018
      3281   7.35944131365091680000E+016   7.34257269145527334950E-019
      3282   1.43081289982684640000E+016   2.50296242289945444083E-018
      3283   4.79924087016526700000E+015   7.05845507919139534085E-018
      3284   4.77281527177743400000E+015   5.76026203641715600756E-018
      3285   4.47444043771513050000E+015   6.18328587583734255714E-018
      3286   1.80588445500896800000E+016   1.84507957469451113317E-018
      3287   1.16858392117602840000E+016   1.85852441256444351700E-018
      3288   1.14052149418640520000E+016   4.21631724806468934082E-018
      3289   1.69244088627302220000E+016   4.39319027729220956309E-018
      3290   8.97498146469652700000E+015   3.40579230471672776965E-018
      3291   1.21831475932078460000E+016   2.98955131040731133834E-018
      3292   3.59847033638385280000E+016   1.29248492605022591181E-018
      3293   2.43409221779625480000E+016   2.33799395608757203245E-018
      3294   3.06362230993033920000E+016   8.22698440930583276724E-019
      3295   3.39724677241686320000E+016   1.08293228560992301681E-018
      3296   1.89567596649167000000E+016   2.02018219457145852343E-018
      3297   2.16975851185962360000E+016   1.87634603466665354902E-018
      3298   4.49154138470040650000E+015   7.04907570041722286284E-018
      3299   4.36162342424530450000E+015   6.30653263424967912476E-018
      3300   4.32419481924424550000E+015   6.04046363047545637101E-018
      3301   3.82552024043203050000E+015   7.32056143247967766514E-018
      3302   3.67094964679180850000E+015   6.35252073564958954813E-018
      3303   3.07039506265181850000E+015   7.41129487751499641555E-018
      3304   2.85605057719124950000E+015   8.52086087166548677078E-018
      3305   2.67211325724757200000E+015   6.91473344046379435883E-018
      3306   4.72132925561061400000E+015   7.91382119233476495867E-018
      3307   3.66698157448570300000E+015   7.44488594719302724894E-018
      3308   2.96814052592473000000E+015   7.91788693438972231196E-018
      3309   3.76469071127721450000E+015   5.61876178731156803169E-018
      3310   3.53152094808207900000E+015   6.05358774793857482111E-018
      3311   2.56822107945074300000E+015   9.89328135611155069939E-018
      3312   3.85171799658733200000E+015   7.29319421782264018466E-018
      3313   4.65704831265396900000E+015   5.97667775410006105053E-018
      3314   3.51557300433024300000E+015   5.52829918384849421445E-018
      3315   8.94919421472163600000E+015   3.92280170515797062442E-018
      3316   1.31732010761594340000E+016   2.21771910576109717298E-018
      3317   2.51936761495569360000E+016   1.09170590714262961708E-018
      3318   1.75090747019918800000E+016   2.35268617455769213891E-018
      3319   7.25091803472456800000E+015   4.96293733573877874649E-018
      3320   3.65224840951939350000E+015   7.50351596868166899960E-018
      3321   6.56165537867994500000E+015   6.52040414092514194154E-018
      3322   3.91889035677582800000E+015   6.10555554884711412718E-018
      3323   4.79593712538596600000E+015   6.54863598898866666916E-018
      3324   3.35187795742959800000E+015   7.18064716498802763666E-018
      3325   4.29848633578455950000E+015   7.43808460080000511638E-018
      3326   6.17061872354906800000E+015   9.10912787898692111692E-018
      3327   4.68384534465404700000E+015   5.50799787406184828715E-018
      3328   5.23639643223834400000E+015   8.24300272234011439914E-018
      3329   6.08500822503078400000E+015   6.83301052591134595423E-018
      3330   6.62977656972499000000E+015   7.97333891009864098553E-018
      3331   5.17300573955555600000E+015   6.64845535428288148726E-018
      3332   5.01725492035684500000E+015   6.87321338893460771052E-018
      3333   1.28767724329516540000E+016   2.67338935056661999380E-018
      3334   5.56290073038724300000E+015   5.90280465345642011162E-018
      3335   8.62684256567705800000E+015   4.48325557300915614440E-018
      3336   5.94168213677464900000E+015   4.55706600481740160081E-018
      3337   3.40402509520695600000E+015   6.71190134624667288622E-018
      3338   4.78365169860165500000E+015   6.66423045931166777434E-018
      3339   3.78341428857887350000E+015   4.90391959450198683397E-018
      3340   4.68656255567164200000E+015   6.11468658212516875245E-018
      3341   4.22406906800222900000E+015   5.21968880665238308951E-018
      3342   3.32505301413784300000E+015   6.68803869602355854452E-018
      3343   3.74819950629783050000E+015   6.38768827292323967298E-018
      3344   3.18799161453553100000E+015   5.85510030991456894594E-018
      3345   4.66954707920850400000E+015   7.51063245933861862661E-018
      3346   4.12513832495986550000E+015   5.20656766665928016592E-018
      3347   2.40699528777356350000E+015   7.05614617313476610849E-018
      3348   2.58031988973200650000E+015   6.53313150446016751429E-018
      3349   2.86848524513483400000E+015   6.96426461369294823016E-018
      3350   3.50900853329718350000E+015   7.24037085094351853565E-018
      3351   4.03757061484216500000E+015   5.63729797501791783969E-018
      3352   1.28812329389598784000E+017   4.72673152010686777848E-019
      3353   1.21833490723817216000E+017   3.90605588815921681888E-019
      3354   7.41218418993538560000E+016   1.16982380932733640444E-018
      3355   2.52148127640600560000E+016   2.93764983867146713577E-018
      3356   1.59417320299141600000E+017   6.36076405539086718462E-019
      3357   3.37727786063208448000E+017   9.37543018177657869373E-020
      3358   4.14122685309485696000E+017   1.57207540466175169707E-019
      3359   3.40653474081640832000E+017   1.37782321075822208501E-019
      3360   5.77230985654492720000E+016   8.84305221736625932985E-019
      3361   8.84802144861877920000E+016   6.99231257349354408742E-019
      3362   1.74093398369588920000E+016   2.91031624747765307048E-018
      3363   2.46353672270736736000E+017   2.68864463005960772988E-019
      3364   2.08021613952310784000E+017   2.70991497371429328263E-019
      3365   1.25749934583730608000E+017   8.13447307550782934370E-019
      3366   1.90916513570227104000E+017   3.25842476490875686181E-019
      3367   1.14395717160022560000E+017   2.76195841568123623459E-019
      3368   2.11324253783644064000E+017   3.95496161253432993908E-019
      3369   3.04137022279184448000E+017   3.72850299516193486199E-019
      3370   3.59781576961556224000E+017   3.14877239907239805298E-019
      3371   2.35049739270148416000E+017   3.68369956500830921818E-019
      3372   1.06332164484897328000E+017   6.73165298114414185523E-019
      3373   3.65812075936292672000E+017   2.48897724628433141908E-019
      3374   2.70419381468202656000E+017   1.90805424870887358480E-019
      3375   3.34881209916480448000E+017   2.10129883968607319846E-019
      3376   2.97355432336199424000E+017   2.37913430436143761833E-019
      3377   1.09260022413940192000E+017   6.27272778479062875539E-019
      3378   1.48126367686401312000E+017   4.44263685673559480938E-019
      3379   1.67956446005870464000E+017   4.77176032548922797765E-019
      3380   1.56991668449930304000E+017   5.68075643219598915103E-019
      3381   2.27711471465162360000E+016   1.54977960365381059070E-018
      3382   1.88646079920842800000E+015   4.87337247722485703745E-018
      3383   1.80946019772091850000E+015   6.56419549735380536074E-018
      3384   1.98743192731603625000E+015   5.62771088007807675621E-018
      3385   1.12042333763970562500E+015   8.06773880132186355615E-018
      3386   1.06737790668801887500E+015   8.13247040532834999532E-018
      3387   1.05881911809400412500E+015   7.28164351821566976080E-018
      3388   1.13977874785056150000E+015   7.57892962727861563277E-018
      3389   1.45674752048812675000E+015   8.54529464298968792339E-018
      3390   1.37192337245341825000E+015   9.59042660108158840643E-018
      3391   3.86117054349975840000E+016   1.62900468407201445260E-018
      3392   1.79879101781729940000E+016   3.14811558863288490455E-018
      3393   3.26523615953508680000E+016   2.05802616009616889847E-018
      3394   1.81006889939195880000E+016   2.53111918335604522742E-018
      3395   1.68574992513653376000E+017   1.65159297836590705848E-019
      3396   9.40532792061898720000E+016   2.23836378686304759505E-019
      3397   1.45289837521595936000E+017   2.38363188499993220373E-019
      3398   4.88976538172274800000E+016   5.15410811067067952723E-019
      3399   8.84674546042527040000E+016   1.31961020851641322924E-019
      3400   5.94927101955601040000E+016   1.35689823621017766819E-018
      3401   1.67795469577113664000E+017   1.23897965446997766775E-019
      3402   3.87736932203362240000E+016   6.13008201446968246004E-019
      3403   8.16417688640625440000E+016   5.60503309812836657351E-019
      3404   9.75102669299713760000E+016   6.47970761959327255788E-019
      3405   2.23334504432899080000E+016   1.97693428146358940837E-018
      3406   5.43094291178049920000E+016   1.05435518773497690399E-018
      3407   1.28628888599206368000E+017   5.47446429641885957879E-019
      3408   1.26633880366421744000E+017   2.89856227407115805026E-019
      3409   1.16893601177816528000E+017   3.75659742120572055510E-019
      3410   8.96587228137228160000E+016   4.53511616908853549494E-019
      3411   1.14309947285484384000E+017   3.55248418186301161782E-019
      3412   1.59569490503637600000E+017   2.01477816311869248540E-019
      3413   2.96187587750275400000E+015   6.38816615146499781399E-018
      3414   4.44795458647080650000E+015   4.72225071535499210253E-018
      3415   2.92976764493754700000E+015   5.38365528506533329860E-018
      3416   2.89760949482699650000E+015   5.22028528367859032021E-018
      3417   4.69913318881143700000E+015   5.70437772107050070195E-018
      3418   3.35690243459171650000E+015   4.30214460828655613850E-018
      3419   5.33547464117898800000E+015   4.19340919012383804412E-018
      3420   3.99055699035604150000E+015   4.12985296350079306913E-018
      3421   3.09017936789909100000E+015   4.39778012676201066391E-018
      3422   4.58765456438982300000E+015   5.43319351859413543475E-018
      3423   3.60401436689308450000E+015   7.26161226787521422017E-018
      3424   3.01859057481566300000E+015   6.71321282724125329734E-018
      3425   4.53842846416829800000E+015   5.60001076099040551525E-018
      3426   4.84235117847972800000E+015   3.88413260998402849164E-018
      3427   3.46019781160475300000E+015   5.16265081273768567508E-018
      3428   3.93358576447327850000E+015   5.08110086015009638662E-018
      3429   4.30122038454396600000E+015   6.46253817269384947690E-018
      3430   2.79486943244671480000E+016   1.51064819272273580964E-018
      3431   5.31669337787097440000E+016   7.83629416230714352902E-019
      3432   5.93448301538859800000E+015   6.48007190650200888601E-018
      3433   6.63328257678055100000E+015   5.71204240448876005054E-018
      3434   6.02180841420666300000E+015   4.73989756710959992355E-018
      3435   5.83209187972004200000E+015   5.21827994293584045943E-018
      3436   5.61423439461687300000E+015   5.66915833557369255709E-018
      3437   1.32332212117762400000E+016   3.46589183096954725220E-018
      3438   6.91595326847372700000E+015   5.73926026707978741724E-018
      3439   1.55936084342249440000E+017   4.59552697480527512748E-019
      3440   1.30303168840662576000E+017   6.39990284998908861230E-019
      3441   2.16376444983699712000E+017   3.33011675366672603177E-019
      3442   1.33958354199270784000E+017   7.23420275499724201174E-019
      3443   1.00247935456350416000E+017   8.45684869248018709275E-019
      3444   1.24429767292259200000E+017   6.19955320696189433096E-019
      3445   1.04192876258189387500E+015   7.23767822934081126001E-018
      3446   7.66050760020865125000E+014   4.75940280881765483266E-018
      3447   6.20892267678800250000E+014   5.33912253869085190009E-018
      3448   6.47728265701681875000E+014   7.45002222316884222375E-018
      3449   9.01376964655448750000E+014   5.88910031398233633985E-018
      3450   6.73037742374375500000E+014   6.16991941722198130719E-018
      3451   7.94351042442131250000E+014   7.22667956142108470101E-018
      3452   2.26920569722602550000E+015   2.93831879476223389829E-018
      3453   5.73538657304584900000E+015   8.26792877815042644057E-019
      3454   1.71135813464861600000E+015   2.66399132012170438192E-018
      3455   8.18998469393405000000E+015   5.00753106635942829503E-019
      3456   1.16990158913482060000E+016   3.98316890551544688284E-019
      3457   1.34913321985483420000E+016   5.66592115139515946897E-019
      3458   6.20643927955244300000E+015   9.80100867583630168718E-019
      3459   3.78998865510559450000E+015   1.63284002018979517373E-018
      3460   1.04330659230069325000E+015   5.28182766528084065787E-018
      3461   1.15384156185050100000E+015   4.58765451541608286354E-018
      3462   1.12081745365838462500E+015   5.00783366615866326421E-018
      3463   1.00958780479153437500E+015   4.54309904255310610226E-018
      3464   1.15135946497144450000E+015   4.57207353976926577938E-018
      3465   1.08675196464800812500E+015   4.52419093354583573619E-018
      3466   8.53426288688077000000E+014   4.88575436632177928119E-018
      3467   6.76204278409556750000E+014   6.57132121647566088708E-018
      3468   6.26324053675496625000E+014   7.44815030523034155751E-018
      3469   6.76133470353426000000E+014   7.79510991014258989670E-018
      3470   7.14355515387508500000E+014   5.92746342065015821088E-018
      3471   1.12766538763308150000E+015   8.42487317602343626605E-018
      3472   1.01814415614667262500E+015   7.58726856901744872157E-018
      3473   8.96361681531799875000E+014   6.85046755300320941016E-018
      3474   1.17949334601237150000E+015   7.81210057587277818451E-018
      3475   9.68671992779424125000E+014   6.47237189549851825675E-018
      3476   5.94913157790182250000E+014   6.70528844726891893767E-018
      3477   4.78208462154238125000E+014   8.38569431678995018566E-018
      3478   6.95784188452290000000E+014   6.35830227329538797215E-018
      3479   9.77289851360104576000E+017   1.06566751114814323126E-019
      3480   2.89339664739904000000E+017   4.36097406727176105953E-019
      3481   3.55636696931387968000E+017   1.73138565753536594396E-019
      3482   1.99216789529635520000E+017   1.37533999298227387159E-019
      3483   1.18818855975858992000E+017   3.81939635165870966980E-019
      3484   2.90536863616174080000E+017   3.38511251696408655151E-019
      3485   5.23446918896507008000E+017   3.25674861282936364858E-019
      3486   4.34736620584377024000E+017   3.16429767328059686980E-019
      3487   2.97034377469039744000E+017   2.62338093774718666025E-019
      3488   3.51373824166703040000E+017   2.54330150659586711299E-019
      3489   3.43801549669079104000E+017   5.17635830606480812325E-019
      3490   3.31825387882691200000E+015   5.41350900427572313840E-018
      3491   3.86731204235983450000E+015   4.19718140302457402826E-018
      3492   4.79181454339060500000E+015   5.29337617067343035488E-018
      3493   5.16020704417222100000E+015   4.02950466539497722525E-018
      3494   4.93063948210270900000E+015   4.21500077243842307535E-018
      3495   3.61296308324392800000E+015   5.97128403881543868350E-018
      3496   3.57409777626224100000E+015   4.46657130611406237526E-018
      3497   4.64651271920860000000E+015   4.93290675331572830872E-018
      3498   2.96849617914174500000E+015   5.50538014774690576665E-018
      3499   3.23957846061157000000E+015   5.10431836647270785009E-018
      3500   4.88714135021867900000E+015   5.03447634473465133215E-018
      3501   4.42090294088049950000E+015   5.35217772149458167242E-018
      3502   2.85057084812417650000E+015   4.89462473683459403227E-018
      3503   4.50226957807912450000E+015   4.72322595905789488689E-018
      3504   9.97110396400435000000E+014   4.70803672141283026103E-018
      3505   1.06354791373563250000E+015   5.36966253649019466745E-018
      3506   1.05877200636524650000E+015   7.40302732435070807967E-018
      3507   1.47442384978381775000E+015   5.28149700016784469535E-018
      3508   5.10556125282477700000E+015   1.72778994924481188029E-018
      3509   7.04513972234230300000E+015   1.31328032444736086360E-018
      3510   3.49563691250135900000E+015   1.38653222474783764730E-018
      3511   6.41119427870460800000E+015   9.24012951180816970267E-019
      3512   2.27467931546499600000E+016   2.60754635314619556902E-019
      3513   7.97533878555906600000E+015   8.49881134699695956443E-019
      3514   1.76588363736105575000E+015   3.96738856630025659092E-018
      3515   1.00547646541382480000E+016   7.86927882615142885329E-019
      3516   8.17610318077463400000E+015   6.78004730901056627845E-019
      3517   4.95303834429968800000E+015   1.27525641641274810853E-018
      3518   1.42553589266987550000E+015   3.62871154338358841397E-018
      3519   1.33347936797400925000E+015   4.14407340280569432911E-018
      3520   1.50344870861781975000E+015   4.72178163109220838925E-018
      3521   8.36489789714074000000E+014   6.36055334239536277680E-018
      3522   2.76011306238970200000E+015   1.83595449110781655031E-018
      3523   1.41259494321716350000E+015   3.71880471538391237589E-018
      3524   1.69213068620855800000E+015   3.97943178142215495365E-018
      3525   1.73915346146228600000E+015   3.90972583618595841903E-018
      3526   1.20627071522850400000E+015   3.69616377639713555315E-018
      3527   1.14545646729807800000E+015   5.52131113004783792775E-018
      3528   5.46082585531118400000E+015   1.53856735850905843341E-018
      3529   2.16326615830145700000E+015   2.58380657919909456276E-018
      3530   1.98149286955288350000E+015   3.02306893153454578780E-018
      3531   1.60830548641604775000E+015   3.85811111394223515375E-018
      3532   6.30057973210545200000E+015   1.06359944440444638218E-018
      3533   7.29879569986028000000E+015   8.44572026648212887266E-019
      3534   1.84123960593260040000E+016   4.04559884380853845325E-019
      3535   2.17203852310761200000E+016   3.16215764573691786505E-019
      3536   7.64969698112415100000E+015   1.27064929671366810937E-018
      3537   5.17026071393981400000E+015   1.56674396682563176354E-018
      3538   1.07871076029731080000E+016   6.86020942114363994711E-019
      3539   1.13878933665705020000E+016   7.76668976352855704389E-019
      3540   1.27362326223478100000E+016   7.57700484669159462502E-019
      3541   4.27258147339260160000E+016   1.94634537482252800517E-019
      3542   8.04624782506311625000E+014   7.60150642384148066483E-018
      3543   1.17719215306497725000E+015   4.63111833315164083872E-018
      3544   9.56632709147219500000E+014   5.05561107240132600280E-018
      3545   1.18902520676000850000E+015   4.17237937412469343717E-018
      3546   1.25424293153388525000E+015   5.90097117118947392481E-018
      3547   1.55801266483570325000E+015   4.56764320376172956815E-018
      3548   1.44411331161559100000E+015   7.68582822290017353978E-018
      3549   1.00186533643595525000E+015   8.00554106948023799889E-018
      3550   2.40298634338162250000E+015   5.59944241052359789681E-018
      3551   1.74787652966710200000E+015   7.96992071647201073873E-018
      3552   2.25557563477017050000E+015   4.88096842594699026583E-018
      3553   1.54757553139968275000E+015   4.86877761403595988595E-018
      3554   2.31867310920652450000E+015   5.58077209361776843457E-018
      3555   2.08996431430347600000E+015   5.26933160333427605318E-018
      3556   1.05680558231722075000E+015   8.46327036096832836040E-018
      3557   2.22574365240852375000E+015   5.14589246667644258474E-018
      3558   2.95324258542206200000E+015   6.67853040977345779849E-018
      3559   2.50438595195719150000E+015   5.89576080342231623443E-018
      3560   3.38525781846362350000E+015   4.47443055602819828540E-018
      3561   2.78725461776047300000E+015   6.18193665441614884636E-018
      3562   1.28148393283309875000E+015   6.08583871416015661732E-018
      3563   1.28689227483054350000E+015   5.35458595818425516730E-018
      3564   2.07644048062194500000E+015   7.29317950100274295662E-018
      3565   2.41002820582914450000E+015   6.49295319637435900238E-018
      3566   2.57623540845815500000E+015   7.92811112244316196022E-018
      3567   3.79919866308827850000E+015   4.06967247063561224520E-018
      3568   4.40868145345067650000E+015   3.81812701528635290964E-018
      3569   5.04578838943990100000E+015   5.91052013495381980196E-018
      3570   5.17277166316099700000E+015   5.39224929732321250417E-018
      3571   4.56029708855027300000E+015   6.04427938848909635830E-018
      3572   5.04121159636842300000E+015   5.82186210253239478745E-018
      3573   5.17924415041602600000E+015   5.34295397867251306421E-018
      3574   4.76570093872503200000E+015   5.35291840566128265530E-018
      3575   3.49447114541312950000E+015   5.18516145715513563850E-018
      3576   5.64762798374666200000E+015   4.54409263712021099373E-018
      3577   4.44223491598399450000E+015   4.64849096515569884638E-018
      3578   1.16157497399903000000E+016   4.02619266709846906905E-018
      3579   3.57551909339085640000E+016   1.88567935086472873324E-018
      3580   2.73954931958463560000E+016   2.65940918284979546781E-018
      3581   1.06528777259355504000E+017   2.42662940887870871191E-019
      3582   7.89263174010376640000E+016   1.95211137421874861784E-019
      3583   9.44971228253032160000E+016   6.58413749637530380912E-019
      3584   1.33933521305989232000E+017   7.78080806345228111674E-019
      3585   1.07223876287631872000E+017   5.09807548477863019334E-019
      3586   9.74987652701276640000E+016   8.52299667252085991992E-019
      3587   8.52439186992764320000E+016   7.82802858385703339854E-019
      3588   2.41350489473209280000E+017   2.30889233933054489575E-019
      3589   1.24317097460535712000E+017   3.59893436775197387354E-019
      3590   9.06890263619774880000E+016   5.86336723048405665886E-019
      3591   2.15348620915086816000E+017   2.19540383280814861576E-019
      3592   1.34233171721141168000E+017   4.33399382302409188669E-019
      3593   7.08100191029863360000E+016   3.52997970444402204977E-019
      3594   4.21774739330724416000E+017   1.14729903814286214608E-019
      3595   1.28403137923346099200E+018   8.80842844989750813542E-021
      3596   3.29320006176053440000E+017   5.96792322312109318304E-021
      3597   3.14303157890345280000E+017   5.27319916657738936139E-020
      3598   3.32507687348656192000E+017   4.88761905976376212215E-019
      3599   1.54907460556773664000E+017   1.36038293204369452918E-018
      3600   2.52967494929499584000E+017   1.02951672828363042907E-018
      3601   1.66920330415017088000E+017   8.42537404940949298428E-019
      3602   1.86967855142603744000E+017   8.25794205174866745570E-019
      3603   6.34504692910710400000E+017   2.13602036332355075924E-019
      3604   6.43412044528242176000E+017   1.44180583771049260239E-019
      3605   6.62300679515009024000E+017   2.48747252229623500657E-019
      3606   1.28665992508824576000E+017   4.50043982037834410036E-019
      3607   1.20044234321837184000E+017   6.26875683648716963388E-019
      3608   2.53220013696055712000E+017   3.33253993861047901350E-019
      3609   6.04267467766884720000E+016   2.24347859742732869417E-018
      3610   1.10666945156489296000E+017   1.10371959140007481220E-018
      3611   2.07636540763090375000E+015   5.08039917785589873061E-018
      3612   3.15580600609211300000E+015   3.36013269264206006621E-018
      3613   2.14622510162783025000E+015   3.80903117165126017752E-018
      3614   2.95127197939043800000E+015   2.98111332337564129136E-018
      3615   3.16917065683611000000E+015   4.65190914870935803144E-018
      3616   3.09211625457922150000E+015   5.09380670186548787682E-018
      3617   2.06067483723062500000E+015   4.35139233762821870522E-018
      3618   2.24673708949185675000E+015   3.95949225866172579787E-018
      3619   2.83515243026672100000E+015   3.53732684266910685818E-018
      3620   2.19114681190233950000E+015   4.89877614734569384099E-018
      3621   2.30758061842280700000E+015   4.26769297356841839640E-018
      3622   1.78310845778259800000E+015   3.91521089507818064777E-018
      3623   2.07481377238128550000E+015   5.06920443052299638294E-018
      3624   1.99301401506701725000E+015   4.59379811686657570672E-018
      3625   2.10165029125167675000E+015   3.46900415251951196041E-018
      3626   1.49726567522826700000E+015   4.36844751733834659997E-018
      3627   1.75801988189800575000E+015   4.94443106953806562511E-018
      3628   1.37053681031640075000E+015   4.36887101001745672500E-018
      3629   1.96441576205075400000E+015   4.76707194250261840826E-018
      3630   1.38267287043580100000E+015   3.74323038862479094569E-018
      3631   1.57099281142359950000E+015   6.69831873824597762898E-018
      3632   1.84292182088835425000E+015   4.79669390887030357307E-018
      3633   1.41295839875192050000E+015   5.37811521112684643727E-018
      3634   2.39981896260841050000E+015   4.12125215751227305541E-018
      3635   2.03047868781409500000E+015   8.08030810371133444526E-018
      3636   2.43864700624084500000E+015   7.92402063075638246522E-018
      3637   1.71344074463686350000E+015   4.60716750565170392434E-018
      3638   1.96970205051848250000E+015   3.59575068141994457403E-018
      3639   2.87755354435254500000E+015   4.24999446162232689910E-018
      3640   2.72807750534550600000E+015   4.20741987824833023141E-018
      3641   3.11569130744288250000E+015   4.27248930165206718981E-018
      3642   1.51215723052908850000E+015   7.08128625549634097308E-018
      3643   2.04607619544629375000E+015   6.51113049700164495434E-018
      3644   3.93121713180875250000E+015   3.44071074809159858520E-018
      3645   3.00433850379620350000E+015   2.94238763629122836225E-018
      3646   3.24921601831042000000E+015   4.14542849075142504324E-018
      3647   4.36389615351708200000E+015   3.08019898103641370876E-018
      3648   2.55956829507390900000E+015   3.17135243190991471228E-018
      3649   7.89645768526843100000E+015   3.34488018074867661298E-018
      3650   1.12143545897359840000E+016   2.46152721621108305984E-018
      3651   9.19864930838513800000E+015   3.03949017485467636139E-018
      3652   3.56742714522608650000E+015   5.12331472291962505055E-018
      3653   2.48603964042860450000E+015   6.31122289824407101036E-018
      3654   2.60951029243289250000E+015   5.89834116730352865761E-018
      3655   8.26986868796073600000E+015   2.01865072431836481493E-018
      3656   5.70653124137011400000E+015   3.35446425542033980471E-018
      3657   1.66698087038768600000E+015   4.20228071308853353927E-018
      3658   1.46625115488804475000E+015   4.93141713171068422570E-018
      3659   2.13564320730682825000E+015   3.55748831774693051641E-018
      3660   1.74619776161408825000E+015   5.75133196474398435953E-018
      3661   1.31942542552942950000E+015   4.74685579275805697267E-018
      3662   1.73147510384879350000E+015   3.04823200493491994128E-018
      3663   2.55538263369694300000E+015   3.44407525238994480471E-018
      3664   1.92934178919947675000E+015   6.49885463959344232566E-018
      3665   2.43554698431054300000E+015   8.50460656939978323499E-018
      3666   2.62379472019915150000E+015   5.64309717996163533639E-018
      3667   1.77541456658953150000E+015   6.56304551815533770654E-018
      3668   1.67263440494667350000E+015   5.98582906548609537073E-018
      3669   1.95354868602869680000E+016   2.87878625405826701573E-018
      3670   1.21407283546575940000E+016   2.96113712460792395894E-018
      3671   7.80628743965298700000E+015   3.36685414830728373972E-018
      3672   9.49975278130243200000E+015   3.50171100656448179654E-018
      3673   2.19568685575918960000E+016   2.54254055135364239732E-018
      3674   1.56447734126572400000E+016   2.78327953963699338322E-018
      3675   3.97132489622209200000E+016   1.31517387643209895888E-018
      3676   2.38647774567969240000E+016   2.25817345822376252982E-018
      3677   3.90186692703366560000E+016   1.38452455791325481530E-018
      3678   1.56694549924674760000E+016   2.78624633351095629535E-018
      3679   2.23998944430194320000E+016   2.24262141713799178656E-018
      3680   1.66037310737085740000E+016   1.94603613868773642967E-018
      3681   1.08271163524790120000E+016   4.74805172354311232575E-018
      3682   1.32208276772317760000E+016   3.46127106524836924193E-018
      3683   9.04386578764946600000E+015   5.92524964564049523063E-018
      3684   2.21366321665802720000E+016   2.40534558445578627686E-018
      3685   1.79071685972856440000E+016   2.93690917648833818467E-018
      3686   7.30633828308553900000E+015   7.44936585339012936047E-018
      3687   6.03348512953354900000E+015   5.21648070700702490424E-018
      3688   7.20163018634429500000E+015   4.69492502263432958440E-018
      3689   6.37287861444163900000E+015   6.19477186665755636063E-018
      3690   6.26489699348626700000E+015   4.04909019304133220927E-018
      3691   5.05671918962497200000E+015   4.67960499468853095345E-018
      3692   9.00977272526008200000E+015   4.26460524272558286986E-018
      3693   7.85719305221859300000E+015   5.98493838123425754226E-018
      3694   9.77771819918925600000E+015   4.35753518472137206738E-018
      3695   1.37953936723873780000E+016   3.28977856536782965491E-018
      3696   7.03975686526803600000E+015   3.90079654193392311548E-018
      3697   7.85026301998046900000E+015   3.83079211058469310271E-018
      3698   9.71475351063845800000E+015   3.43463051164886780604E-018
      3699   8.39715083820040100000E+015   4.04576767473762873766E-018
      3700   4.89818317565703700000E+015   4.62613929968971063193E-018
      3701   7.08173580372795400000E+015   3.61276062110684577591E-018
      3702   7.44036348411064800000E+015   5.61974246999517192509E-018
      3703   3.42182615161735800000E+016   1.61214552605473776466E-018
      3704   1.62404447732673600000E+016   2.84220782167544834374E-018
      3705   1.82823773732030760000E+016   2.56111790013228503798E-018
      3706   1.66114671238700740000E+016   2.62660578493195595654E-018
      3707   2.92919452902647080000E+016   1.29297252379556272500E-018
      3708   4.61359979558390400000E+016   1.32713455815025643349E-018
      3709   4.83916088551991760000E+016   1.35783741311329141967E-018
      3710   1.10738658840361552000E+017   9.31562263199623045117E-019
      3711   5.27875833752420720000E+016   1.29170101993468255715E-018
      3712   1.83568065528936325000E+015   3.95007391316112445135E-018
      3713   1.71615624009318125000E+015   6.68547779523609313734E-018
      3714   1.78222599010126000000E+015   5.58400873629877613016E-018
      3715   1.05207783143716000000E+016   7.18146255587609555969E-019
      3716   7.88737482528942200000E+015   9.37435444253762777531E-019
      3717   1.68174311457724240000E+016   4.33821937556480527780E-019
      3718   1.07766460466520420000E+016   7.28824159721851019605E-019
      3719   6.42922439250048000000E+015   1.96909210929372311648E-018
      3720   1.19997841069143100000E+016   1.27797916298632427594E-018
      3721   1.08052956217513780000E+016   9.33100522626776795184E-019
      3722   2.21151287189315825000E+015   2.92649882080539694284E-018
      3723   2.97651729108626800000E+015   2.74673775118197503536E-018
      3724   1.31807429698417300000E+015   3.75456384093628329384E-018
      3725   1.32958018888412700000E+015   4.17069562120097809546E-018
      3726   1.64190231449067650000E+015   4.53778382005727913655E-018
      3727   1.50795619764189225000E+015   4.16860578296396905564E-018
      3728   1.70770834735840425000E+015   3.29476352202696717210E-018
      3729   1.87873534601250700000E+015   3.10449694977789832266E-018
      3730   1.60899143238323050000E+015   2.42948962666293411386E-018
      3731   2.39911096555149000000E+015   2.78567122052598289003E-018
      3732   1.40214588727550275000E+015   3.60968069945153413872E-018
      3733   1.69468813008250375000E+015   3.48571941345053521830E-018
      3734   1.49143852944606375000E+015   3.25557989306432485303E-018
      3735   1.15948751593000975000E+015   3.42191878232502269858E-018
      3736   7.41320835306092625000E+014   7.31145479290636813817E-018
      3737   7.14347959515443125000E+014   5.24392996720818564790E-018
      3738   7.19600709379299875000E+014   5.89956873982373440820E-018
      3739   6.10062213644738750000E+014   7.03903537535877025216E-018
      3740   7.02986924451028125000E+014   8.10931269500755719740E-018
      3741   6.83527535903654625000E+014   6.84836137941000890364E-018
      3742   8.13973343596675500000E+014   9.73374129709624515181E-018
      3743   6.27866485356328875000E+014   9.15914633466811605910E-018
      3744   1.45451991436296725000E+015   6.12171195322859317793E-018
      3745   1.15681793272708200000E+015   4.83582589596442575050E-018
      3746   1.12048521432955425000E+015   5.42552283648586420785E-018
      3747   2.07272059865508400000E+015   4.58191198165278301211E-018
      3748   1.60717667267065950000E+015   6.18796590482462065533E-018
      3749   1.80275103516570225000E+015   5.91666695057639923677E-018
      3750   2.74360532511500400000E+015   5.48610848023383057727E-018
      3751   2.84191794621672500000E+015   2.61293531973652535709E-018
      3752   4.31423145420319850000E+015   1.62675226339098463479E-018
      3753   7.54411502749239100000E+015   1.38656062004497241166E-018
      3754   6.39044489762098900000E+015   1.40382397731434621902E-018
      3755   9.39958347688064200000E+015   5.36507601784151959142E-019
      3756   9.38394532402890600000E+015   8.55087494240380849825E-019
      3757   6.11631947184042700000E+015   1.10879394561329978632E-018
      3758   6.98780170558432300000E+015   9.35919210501320983630E-019
      3759   1.18532254445352440000E+016   4.37609896835068465312E-019
      3760   9.60048251557373400000E+015   1.04725474774310452702E-018
      3761   1.39802339777752000000E+015   4.11950798398978391274E-018
      3762   1.56898357770123800000E+015   3.95497664550990301252E-018
      3763   1.68087617970822000000E+015   5.95444057979669941774E-018
      3764   1.42090919477314775000E+015   5.31591643532137911893E-018
      3765   1.27223097921003875000E+015   4.98474510325616451832E-018
      3766   1.27503835296929325000E+015   6.31877297873921630707E-018
      3767   9.49527982348111375000E+014   7.02388211633757589456E-018
      3768   1.16610663334189800000E+015   6.66152609818203036852E-018
      3769   9.51618474628438750000E+014   5.48537426098825536227E-018
      3770   1.19661255689012325000E+015   6.54183935038246605083E-018
      3771   1.11067693239749737500E+015   7.32631475417757103405E-018
      3772   1.14342399819400475000E+015   5.03672844246453338504E-018
      3773   9.67514583503312500000E+014   5.24589744149714583053E-018
      3774   9.60197603567798250000E+014   6.25090691416564346963E-018
      3775   1.14851381764033750000E+015   5.98311749481637042776E-018
      3776   4.60502630592712880000E+016   1.63353216217641554338E-018
      3777   8.05512036925562752000E+017   3.67089776277305841591E-020
      3778   2.38007509367971456000E+017   1.87981142641729180052E-019
      3779   1.36494573711366944000E+017   3.28664210377358551209E-019
      3780   2.55994700056808960000E+017   2.22004289932064150499E-019
      3781   1.73103376880035616000E+017   5.75194961132732069033E-019
      3782   6.67311927747211776000E+017   8.10963591528961775035E-020
      3783   2.42511685445631200000E+017   3.99957062457957004732E-019
      3784   2.22700549541475968000E+017   2.29887744704980027294E-019
      3785   1.39407674227597136000E+017   4.70204129854278613032E-019
      3786   1.36192174083744256000E+017   4.36111177996017170884E-019
      3787   4.88751934578640320000E+016   5.83701730470255248207E-019
      3788   1.33751748662780752000E+017   5.35160236907886656047E-019
      3789   4.78443739532892960000E+016   1.91656343773026674502E-019
      3790   2.18835676909778784000E+017   4.01866565581254494934E-019
      3791   8.01390967922122560000E+016   3.60439947140525763799E-019
      3792   6.68235107437872000000E+017   6.37372416416302506030E-019
      3793   7.74220213258152064000E+017   1.95885264608975054381E-019
      3794   1.12006949368704012800E+018   1.82168031201867677166E-019
      3795   1.14098765273084224000E+018   2.82044752447068035860E-019
      3796   6.65677526562745984000E+017   4.65754587155729430498E-019
      3797   4.76869645054481728000E+017   6.14608790551999865659E-020
      3798   2.10428314248428768000E+017   1.52507810257321454464E-019
      3799   1.43267865279678540800E+018   6.06095577091577491974E-020
      3800   1.32928518002166732800E+018   8.46596563468088767863E-020
      3801   3.23777505532194240000E+017   1.15546691803512886096E-019
      3802   3.29589245187754944000E+017   5.21751308483899281901E-019
      3803   2.29646315496953312000E+017   6.15195278707467758988E-021
      3804   3.51449829688781632000E+017   1.05765603975647058977E-018
      3805   2.57716678855999680000E+016   7.46007539206251630873E-018
      3806   2.36663735292133440000E+017   3.14528854564920521077E-019
      3807   5.11069279901370496000E+017   4.00224295465851663594E-019
      3808   4.11880302092727168000E+017   2.15554287106574894684E-019
      3809   1.99346095240103456000E+017   3.65700106119564433327E-019
      3810   1.22279114082340448000E+017   1.08034796658054485587E-018
      3811   4.04763685335654208000E+017   1.67257116094238423500E-019
      3812   1.75241520282306848000E+017   6.90635506765102421988E-019
      3813   3.78053704652617856000E+017   2.31545007827557908201E-019
      3814   2.64714889501813536000E+017   3.46655527299968525108E-019
      3815   4.52482461001000384000E+017   1.88062877489267371588E-019
      3816   4.37996815684949120000E+017   1.54275972251751249470E-019
      3817   1.66199693896585088000E+017   8.32897441902483079549E-019
      3818   2.77024700100344704000E+017   4.15336723605664399990E-019
      3819   9.54107296780802432000E+017   1.25950801228761794857E-019
      3820   5.62741039494452960000E+016   4.01079165581440756102E-018
      3821   5.88088008711015808000E+017   1.30777874378340220389E-019
      3822   6.00697007379483264000E+017   4.43501755684649166829E-019
      3823   1.94085888217707008000E+018   1.22258530225389201969E-019
      3824   4.31536852407484608000E+017   3.08737994500022650778E-019
      3825   2.06272764927425824000E+017   8.91591046393115332744E-020
      3826   1.00237530210582732800E+018   3.25445334133533586521E-020
      3827   1.02566559092874256000E+017   3.58282959911109125997E-019
      3828   8.74495502390120192000E+017   1.39442621663872633751E-019
      3829   4.58184729187424512000E+017   3.69637186444192867864E-019
      3830   7.97957766434427900000E+015   2.74030921284973474108E-018
      3831   8.60070013664708100000E+015   3.57345655141576204289E-018
      3832   7.09649579510886600000E+015   2.76065864597635597729E-018
      3833   7.95367213608561100000E+015   2.29377997459639567777E-018
      3834   4.90404172235001000000E+015   3.71535222263029996071E-018
      3835   3.97510254820703500000E+015   4.45976260735426613408E-018
      3836   5.62734739225267600000E+015   3.55077643179921487100E-018
      3837   1.42543472772205950000E+015   2.49256900597694239723E-018
      3838   1.28858694274606675000E+015   4.56476135163278361067E-018
      3839   1.36490001030741550000E+015   3.41299492252175617410E-018
      3840   1.26605539950711275000E+015   4.54262956937989931086E-018
      3841   1.16475604799569675000E+015   3.95276940899000842738E-018
      3842   2.96790841036148400000E+015   3.17892992832623716777E-018
      3843   2.87364344258487600000E+015   2.62744080420997763868E-018
      3844   3.61130449000669800000E+015   1.32421455858624319588E-018
      3845   1.57951485404982750000E+015   3.08365072629943655560E-018
      3846   1.72530871590507025000E+015   3.24828056201766686627E-018
      3847   2.25894058563681300000E+015   4.38168934224841646759E-018
      3848   4.55787441552559000000E+015   2.48778987773705315356E-018
      3849   1.24799912431113575000E+015   3.59760695813661669538E-018
      3850   4.39094308662980320000E+016   2.03584659488965904068E-019
      3851   4.17840856366922150000E+015   2.55369243342311317668E-018
      3852   4.66756041093251600000E+016   4.22584671918964661412E-019
      3853   1.80254437552011080000E+016   6.67272700463252119401E-019
      3854   1.98911852132033280000E+016   7.36564573550189898612E-019
      3855   2.55233832241299960000E+016   3.77501610058864571400E-019
      3856   8.50138685249411000000E+015   1.44368402968296037554E-018
      3857   7.91847321895693300000E+015   1.00494292906528318463E-018
      3858   1.36474506411334600000E+016   4.94086318800723216628E-019
      3859   1.28880839989331040000E+017   6.50626470417155603195E-019
      3860   1.04513869960210928000E+017   5.38163628171591094144E-019
      3861   9.40511559615648000000E+016   7.52825808043861454885E-019
      3862   6.37441453507872320000E+016   1.11410099261727901155E-018
      3863   4.47584198197231200000E+016   1.47650785311796647017E-018
      3864   1.49938091756567328000E+017   5.69379375244091480835E-019
      3865   2.18523275393027200000E+017   5.45469961610895263261E-019
      3866   1.79176164429323136000E+017   4.42489013336494531058E-019
      3867   3.18574171928999840000E+016   1.47349851690432474933E-018
      3868   2.25613807342588400000E+016   2.14487754659815797232E-018
      3869   2.40839200000566920000E+016   2.02202329685856996031E-018
      3870   3.77718498923847168000E+017   2.23096083494119877367E-019
      3871   4.35288517410532608000E+017   2.14862837839915097547E-019
      3872   3.88346769669384960000E+017   2.58452264402898877617E-019
      3873   2.61290473364902976000E+017   1.89411761192724616160E-019
      3874   2.60552224133049120000E+017   4.18804628560608670747E-019
      3875   3.07780141420989888000E+017   2.20082316542852151109E-019
      3876   2.93463268861991104000E+017   2.11873792726033749415E-019
      3877   1.89268356830359744000E+017   4.40085890923136507348E-019
      3878   3.87401786184430720000E+016   1.10423203204135043716E-018
      3879   8.55279037958010752000E+017   6.99167094906456111313E-020
      3880   1.25489868276530739200E+018   4.63484228345821103723E-020
      3881   1.95570734931721408000E+017   5.23277475339998703287E-019
      3882   2.72456774563275104000E+017   3.02398455873360130399E-019
      3883   2.91323496942326848000E+017   2.30425113550537056556E-019
      3884   1.79366317734395360000E+017   4.42372200178087087572E-019
      3885   3.85405655143595136000E+017   3.14263379524856129094E-019
      3886   1.52998806143388576000E+017   8.55999910563788704280E-019
      3887   4.79946393530923520000E+017   2.57581245968163340915E-019
      3888   2.55954925893234464000E+017   1.67145745612302337328E-019
      3889   2.44691754569997536000E+017   4.49163478035935029010E-019
      3890   1.61178540428446720000E+017   4.31726337315859190199E-019
      3891   8.49271793374586880000E+016   1.19836486168483557897E-018
      3892   2.47965630365823808000E+017   2.28203352108295527345E-019
      3893   2.09215921489947712000E+017   4.52753780817987616127E-019
      3894   2.11706879790525600000E+017   2.66385487115517294572E-019
      3895   1.15478345075150784000E+017   6.64049990909708637105E-019
      3896   1.39713040039819056000E+017   6.47771776637263727280E-019
      3897   4.54801280795649360000E+016   1.15312462263530697626E-018
      3898   1.23232293806032288000E+017   4.64036793797782565463E-019
      3899   1.42443789250176400000E+017   3.74586738003369069549E-019
      3900   1.22038489334548944000E+017   4.21087513354059130305E-019
      3901   6.26806636699403600000E+016   1.14483730404465683569E-018
      3902   1.51243731306306528000E+017   4.12026360715877941932E-019
      3903   1.27326195008074976000E+017   2.84682607753143488702E-019
      3904   1.19584197416835264000E+017   2.83326687052389890506E-019
      3905   4.95201791132731760000E+016   1.71699939857765433709E-018
      3906   9.91445145494129760000E+016   5.26861444997396457182E-019
      3907   4.05791162058793040000E+016   1.81591037498487089787E-018
      3908   1.66536166296280992000E+017   4.07550872444581689090E-019
      3909   1.01450283672231056000E+017   4.50273477035723118912E-019
      3910   8.92745269388263680000E+016   8.81500046858761753099E-019
      3911   7.55235302279408640000E+016   4.60108654042179223123E-019
      3912   8.90389266974490080000E+016   1.08418773100179867392E-018
      3913   2.74667439606268320000E+017   2.89871449311456864354E-019
      3914   4.43038810334805056000E+017   2.45418728316154286712E-019
      3915   2.70746611466160760000E+016   1.52243953455474122165E-018
      3916   5.56645391995385360000E+016   6.54495655245901319924E-019
      3917   4.93776988704996560000E+016   8.90605245698639079716E-019
      3918   1.13947245362368464000E+017   2.43820327118918342604E-019
      3919   7.73493263411058400000E+016   6.29677099961151294768E-019
      3920   5.70537891717207920000E+016   7.83922915145073426451E-019
      3921   2.41568565596753640000E+016   2.12767874199368911047E-018
      3922   3.13663317872262784000E+017   1.14388668134800075965E-019
      3923   3.26331583101402368000E+017   1.89946639003971296919E-019
      3924   9.24810439146426080000E+016   1.12939538709729799957E-018
      3925   2.28787666213931360000E+017   1.00637737284306454735E-018
      3926   2.11181924754998976000E+017   2.22140809539421119830E-019
      3927   1.60142897443966048000E+017   6.19658814081549350037E-019
      3928   1.09809535508653568000E+017   1.08199630179537213275E-018
      3929   1.13405423542374048000E+017   2.64153688472800587556E-019
      3930   1.28671031867676108800E+018   2.67627500334440993294E-019
      3931   9.30462782673216960000E+016   5.43115675623272834681E-018
      3932   2.75357402930347640000E+016   4.79360945912727496462E-018
      3933   7.35378249501795328000E+017   4.39683068736971634653E-019
      3934   2.01385380433959776000E+017   1.51997757580647269643E-018
      3935   7.56839279410609500000E+015   1.00000000000000008334E-030
      3936   2.38461638168225680000E+016   6.90214963567769485159E-018
      3937   3.40260850413376921600E+018   1.15927517314473747262E-019
      3938   1.00000000000000008334E-030   1.00000000000000008334E-030
      3939   1.00000000000000008334E-030   1.00000000000000008334E-030
      3940   1.00000000000000008334E-030   1.00000000000000008334E-030
      3941   9.18657557472284774400E+018   6.52991657789135507131E-020
      3942   2.97496805508026112000E+017   1.72577078217698759803E-019
      3943   3.01558524702036280000E+016   3.39095186735462752202E-018
      3944   2.21940231078133120000E+017   3.00601813033239343960E-019
      3945   4.87775635228251776000E+017   2.12597553845284365566E-019
      3946   4.56853516500510976000E+017   2.62660786711120765494E-019
      3947   7.41971798187764096000E+017   2.25980597251767838556E-019
      3948   6.13414003555440640000E+017   1.71753166524447307757E-019
      3949   4.97449145026600000000E+017   3.82197362722187222228E-019
      3950   6.41689838644256768000E+017   2.62247670915376319972E-019
      3951   3.28726123126354688000E+017   5.07736735177462934267E-019
      3952   2.58232692969691200000E+017   5.19280208155073978963E-019
      3953   3.43529220093643456000E+017   5.35822682952032444283E-019
      3954   2.27200944848952680000E+016   2.33011800972617280787E-018
      3955   2.32267568510320120000E+016   2.49881419041041800396E-018
      3956   3.02950195498969600000E+016   1.77811981732150577182E-018
      3957   1.50730302237263560000E+016   2.28216691567559677471E-018
      3958   3.06689259409622760000E+016   1.24252424422447664010E-018
      3959   1.72492743218629120000E+016   2.34226567123033388120E-018
      3960   1.70253871809881960000E+016   2.91970601900213513444E-018
      3961   5.77913392918780500000E+015   2.13089667605554990094E-018
      3962   8.53141637190897300000E+015   1.58428253436926967191E-018
      3963   3.99713948577877500000E+015   3.23442586721103296436E-018
      3964   3.14278544882652850000E+015   3.14009453729026574953E-018
      3965   3.06889524605353200000E+015   4.68382366978315970821E-018
      3966   4.98938289701738080000E+016   2.01644326146424858985E-018
      3967   2.33849797274306144000E+017   4.30331538837176748264E-019
      3968   3.08577825186973504000E+017   2.86149222036591516119E-019
      3969   2.63824777221687456000E+017   1.91975944880323007076E-019
      3970   7.09767801681788672000E+017   1.49960216794568938893E-019
      3971   1.48548280174510848000E+018   7.00557620817840752396E-020
      3972   7.84934514652439168000E+017   1.55400894679731962087E-019
      3973   6.67411201719189888000E+017   9.48386297228254737188E-020
      3974   3.63345883907925056000E+017   1.95962544785546175698E-019
      3975   5.68705062386741696000E+017   2.39520067476486443666E-019
      3976   4.05424987379165632000E+017   1.42187966037107131889E-019
      3977   2.68319311024652896000E+017   1.95439472449246818551E-019
      3978   5.83233230619824768000E+017   2.47191532892008548304E-019
      3979   3.89388746332037696000E+017   1.76808678289206809810E-019
      3980   3.11432945655675264000E+017   1.07143814252069717739E-019
      3981   1.79364835980537160000E+016   2.59595381977795464768E-018
      3982   4.33717845692069952000E+017   8.67302174296583421560E-020
      3983   1.13191798929119072000E+017   4.77636343671687730574E-019
      3984   5.25448146780086016000E+017   1.02950938577403499676E-019
      3985   1.50180419119655648000E+017   4.14790429120241157917E-019
      3986   1.61437059583882144000E+017   1.24523697008845894541E-019
      3987   1.98613926921932032000E+017   1.53013970211134599227E-019
      3988   3.30648192209297856000E+017   2.68463551824990535861E-019
      3989   5.07512804167926720000E+017   7.89009585059339961324E-020
      3990   5.20279649099525312000E+017   1.44210941723588443377E-019
      3991   3.50751971161777152000E+017   2.49816902207005229481E-019
      3992   1.11058093096360473600E+018   8.83025813727263472676E-020
      3993   3.87244949708832896000E+017   2.94028704016992440133E-019
      3994   3.73259154990185536000E+017   1.51327091697256962848E-019
      3995   4.98914901892380672000E+017   1.64381490500152680650E-019
      3996   9.71846712152647808000E+017   1.35462022541629214130E-019
      3997   1.12362404059337968000E+017   9.32708967660975071837E-019
      3998   2.18751348470909248000E+017   1.43703655877066561111E-019
      3999   6.08441212925657800000E+015   8.07392268589456737047E-019
      4000   8.25684837061198200000E+015   7.52248603458571486659E-018
      4001   3.51409020281726350000E+015   3.46690689363906635242E-018
      4002   4.99166206139850600000E+015   3.74805815686495846043E-018
      4003   3.71676563733841800000E+015   2.59077879253402231463E-018
      4004   3.82890721420794000000E+015   2.85335732676750002332E-018
      4005   1.04970531029538288000E+017   7.44478766658536684679E-019
      4006   1.06098882464744064000E+017   4.75020830322396165242E-019
      4007   1.08697440299284160000E+017   4.98878549836632042633E-019
      4008   1.68756631968988256000E+017   4.61579786826436181634E-019
      4009   2.19163215702005952000E+017   3.40604625242613822065E-019
      4010   2.69156879808510656000E+017   2.23960002060399240604E-019
      4011   1.65447884174392992000E+017   3.95554998548219613019E-019
      4012   2.10772887530702944000E+017   4.62988916874157031403E-019
      4013   2.23093988974164512000E+017   4.04602752698519201129E-019
      4014   1.27956852989055025000E+015   3.23617382073549825335E-018
      4015   7.22409282704341250000E+014   4.07981454024173485818E-018
      4016   3.37723989890306750000E+015   9.36035044046447430062E-019
      4017   3.79329848167478650000E+015   1.03263145696989541554E-018
      4018   3.80344471637894200000E+015   5.39348707028334243610E-019
      4019   4.46551081046386150000E+015   7.91478074383193646445E-019
      4020   2.13317480678719675000E+015   1.24535665537684495260E-018
      4021   3.98834823678519900000E+015   8.47031472833068737861E-019
      4022   3.44489174515020300000E+015   9.78080820098234520950E-019
      4023   7.16906463166477750000E+014   3.26347118235012083101E-018
      4024   9.41627523488251375000E+014   2.99901644478985818937E-018
      4025   5.47079982495450875000E+014   9.10169787549495162352E-018
      4026   7.09449454040122000000E+014   5.93203264726536347181E-018
      4027   6.32426564645874250000E+014   7.31713609730202861476E-018
      4028   5.50724473360337937500E+014   7.17882328058334737247E-018
      4029   6.22811408381528625000E+014   5.09981830817413026047E-018
      4030   5.19033481988150250000E+014   7.62048086441607924934E-018
      4031   6.00387503833627500000E+014   6.15494358097838136373E-018
      4032   4.57351598139955250000E+014   7.97972950126576530084E-018
      4033   1.05786137420148850000E+015   5.14110999801211449373E-018
      4034   1.01457531579374162500E+015   4.22753133003581657777E-018
      4035   7.69943714282615625000E+014   5.94625851275445019268E-018
      4036   9.18755569453784125000E+014   4.54416748591046403531E-018
      4037   4.27235902164843312500E+014   7.67083377759310890346E-018
      4038   6.55086860145537000000E+014   7.02336997825097227718E-018
      4039   7.51667540254485000000E+014   4.41052302248948849128E-018
      4040   4.37345270650589812500E+014   6.60744363211437334032E-018
      4041   5.28540907066978625000E+014   5.80964321752625768212E-018
      4042   8.77265293445922375000E+014   4.13015213545909021828E-018
      4043   5.99696878938785500000E+014   4.91313284809975724431E-018
      4044   5.91854228272285500000E+014   5.18207942054255957810E-018
      4045   3.83520192289470375000E+014   7.60862431470186512618E-018
      4046   4.13723102394326812500E+014   6.73529185939693046483E-018
      4047   6.65024168535759625000E+014   6.77475447907460805048E-018
      4048   4.84346999293431500000E+014   5.23454772313806701358E-018
      4049   4.49146728074650187500E+014   8.19169367887471273240E-018
      4050   2.38610981251906450000E+015   1.72667489379142015175E-018
      4051   3.68283275232141450000E+015   9.23715556333661075040E-019
      4052   1.16688781361944200000E+015   2.25217490057454543153E-018
      4053   3.56078396681857312500E+014   5.56304154317227516348E-018
      4054   8.12174859767604125000E+014   4.13910416863530816505E-018
      4055   1.12853217125242425000E+015   3.44755648052742356190E-018
      4056   8.89129344588312875000E+014   3.81816023140500616155E-018
      4057   7.02594262122687500000E+014   3.52887059823967147037E-018
      4058   1.66465005645181700000E+015   2.13489708900205798918E-018
      4059   1.13540429462485475000E+015   1.92007035736564107756E-018
      4060   6.97203121762458000000E+014   4.25282795297620830126E-018
      4061   6.90312883356566000000E+016   1.19676359154989319111E-018
      4062   4.82283960869776880000E+016   2.08875472344665472605E-018
      4063   7.76716001659904480000E+016   7.35450087637476808096E-019
      4064   8.52604279105644640000E+016   9.16619733758781833026E-019
      4065   1.85136221467922080000E+017   5.93633008660557243848E-019
      4066   1.29295106318657280000E+017   8.91424797848144989354E-019
      4067   2.08453724749814528000E+017   7.39949487886334574086E-019
      4068   1.97816333861906464000E+017   5.51865999678204226459E-019
      4069   3.82851777247309632000E+017   9.22921896790428969079E-020
      4070   4.29729314038003200000E+017   7.16396083303138844085E-020
      4071   4.59689637258013888000E+017   2.16052094168105872547E-019
      4072   1.51654561092516192000E+017   6.04340007869940776557E-019
      4073   1.72114983409739200000E+017   1.96830796472296712027E-019
      4074   2.64657916719754112000E+017   6.03905229324221411522E-019
      4075   1.11482563845654000000E+017   1.30428599053212315712E-018
      4076   9.92699404351555072000E+017   6.01021805303056895861E-020
      4077   7.76658152915035008000E+017   1.69310673323812675986E-019
      4078   9.64681019211110144000E+017   1.17883133011349910481E-019
      4079   1.31208027940857472000E+017   1.47310613359528646195E-018
      4080   3.07046928471919872000E+017   4.31218049914661230062E-019
      4081   4.74941196086732224000E+017   4.00401288671226736382E-019
      4082   4.53098504129442880000E+017   4.21818373892836681377E-019
      4083   4.43871445414309632000E+017   2.15352385765302523699E-019
      4084   5.26442671312333312000E+017   8.21134794576179339304E-019
      4085   5.61158445742048640000E+017   1.57930494848061811833E-019
      4086   3.28546250261594176000E+017   8.47106441868381626839E-019
      4087   5.42520073520629696000E+017   2.05972447648550474939E-019
      4088   3.26424255923465024000E+017   2.46866749508491862465E-019
      4089   7.07012594266806528000E+017   1.26417978988764594648E-019
      4090   5.17607872987379840000E+017   1.38146679701785641607E-019
      4091   4.17486542393510450000E+015   1.54983354391284771205E-018
      4092   3.23138677666863150000E+015   2.89368940896024958281E-018
      4093   5.16487632185483300000E+015   1.38220425849514630627E-018
      4094   4.20140473485383150000E+015   1.84958983905713509815E-018
      4095   9.98711319361317800000E+015   1.45386858897530390593E-018
      4096   3.11542016131181150000E+015   2.50538384616338195874E-018
      4097   1.34023427325247600000E+015   4.85584494368631108115E-018
      4098   1.16620485071127225000E+015   3.00161145776876558976E-018
      4099   1.82542192842597475000E+015   2.94777845046495926715E-018
      4100   6.62500819777599000000E+015   1.54101901577650925872E-018
      4101   7.99703799010158900000E+015   7.13678446666961265032E-019
      4102   7.54813138253883300000E+015   6.25943447289010464065E-019
      4103   7.17456323980633600000E+015   1.14939819864357052275E-018
      4104   6.97179509177364000000E+015   1.22550841072258011542E-018
      4105   2.19689856088568000000E+017   3.65781536972816159815E-019
      4106   5.69480653826691904000E+017   1.88965356786719975777E-019
      4107   5.70582704029032320000E+017   2.44974915059002275006E-019
      4108   6.67446426718046100000E+015   8.89201553451775203158E-019
      4109   2.48574860542015400000E+016   3.60032307638852796639E-019
      4110   1.65207774051736700000E+015   3.08669316705406854329E-018
      4111   2.24314472930572875000E+015   2.77155946595683405425E-018
      4112   1.31202676192220775000E+015   3.55246375660542639829E-018
      4113   2.79318437917374550000E+015   3.15310743458359772932E-018
      4114   3.93166266190935700000E+015   3.54782804717367019601E-018
      4115   2.67458876613799750000E+015   3.14487000890873959948E-018
      4116   2.13254004240958150000E+015   4.31504570317352574212E-018
      4117   2.90882101646492050000E+015   3.25061837504632164527E-018
      4118   3.33925780880313150000E+015   3.05315117805999843237E-018
      4119   1.83562242304752325000E+015   4.99036258920621680119E-018
      4120   2.89609856499240800000E+015   3.84582271289194146432E-018
      4121   2.09443612326836000000E+015   4.45927841925885638530E-018
      4122   3.47047770224306750000E+015   3.73801594247935463440E-018
      4123   3.11244670073875150000E+015   3.96113879637918682562E-018
      4124   2.98780533708259904000E+017   2.27838195476064850648E-019
      4125   1.62136107512934220800E+018   7.97288459237341501419E-020
      4126   1.14834733943976768000E+018   3.93110279306685939887E-020
      4127   2.07573648420952160000E+016   5.12112016674924549273E-018
      4128   3.07507637855319360000E+016   2.84712765104724862984E-018
      4129   4.85538420017868352000E+017   1.23047839616642083707E-019
      4130   2.33464831602319080000E+016   1.34750889285158385573E-019
      4131   2.87716552896697160000E+016   7.47389714834781376675E-019
      4132   3.20845223977639600000E+016   1.14643901637474995456E-018
      4133   4.64148885977968000000E+015   6.24104236116492438700E-018
      4134   5.06240056210935800000E+015   4.57216948529760611714E-018
      4135   2.73771374171529824000E+017   1.17677465388524298673E-019
      4136   5.15558611315663296000E+017   9.99530990848379250261E-020
      4137   1.09431697071733222400E+018   9.10185028873479694925E-021
      4138   1.07649938249085344000E+017   4.26936205069557238691E-019
      4139   9.36845507587577600000E+016   5.05970768152695316090E-019
      4140   2.05609475871369504000E+017   2.25289974522438254087E-019
      4141   2.94989964546666176000E+017   1.43809124720600462029E-019
      4142   4.11328605895145280000E+017   3.02834025270893514930E-019
      4143   1.49227887332288352000E+017   3.39817722600373293851E-019
      4144   4.09012766188393536000E+017   1.92426420977399104364E-019
      4145   2.73067041313443200000E+017   4.02246358586159305446E-019
      4146   4.74883219859009600000E+017   7.81367106510933389975E-020
      4147   3.48008155882469248000E+017   5.65885738157768419458E-019
      4148   6.15714479688675625000E+014   7.64402410492030552455E-018
      4149   7.41091058910279250000E+014   6.25560955690438283020E-018
      4150   4.36497487390709562500E+014   8.22475078267224759738E-018
      4151   5.42525450065069312500E+014   6.48767258531457976521E-018
      4152   2.11365387315418400000E+015   2.48583235706631590584E-018
      4153   2.16057005062918875000E+015   2.66106254731744273248E-018
      4154   1.21158370361036125000E+015   3.66968733430029431987E-018
      4155   7.91492803881976125000E+014   4.55372375113852527829E-018
      4156   6.67536866269600000000E+014   5.25726871419612492446E-018
      4157   6.13586543986128250000E+014   7.94843680848228966788E-018
      4158   7.84169430277632500000E+014   5.89430985095424531303E-018
      4159   7.04910798454752875000E+014   5.03003132961204204564E-018
      4160   6.48162073447749375000E+014   5.71693754542378821941E-018
      4161   5.85960934233170625000E+014   5.37045058216810889648E-018
      4162   5.28028019300937250000E+014   7.80549177596437328814E-018
      4163   6.31264262269810000000E+014   5.00379731670145562148E-018
      4164   4.38603739326461300000E+015   1.27036944666995142008E-018
      4165   4.20091230322905900000E+015   1.20738236769487719293E-018
      4166   2.53903051085510050000E+015   1.73683409317995607192E-018
      4167   2.81367293120218700000E+015   1.69326658505952015578E-018
      4168   2.32183577095576500000E+015   2.47694330240016186062E-018
      4169   6.06522122287393600000E+015   7.26476677857544446508E-019
      4170   1.76375258390144992000E+017   2.66549197743400647969E-019
      4171   3.26451764323956928000E+017   6.38236814121877499220E-020
      4172   6.56350958354662784000E+017   8.88254692074616012740E-020
      4173   8.13728136293779072000E+017   2.53248984503442460423E-020
      4174   9.84981099532194880000E+016   8.68503700276840994443E-019
      4175   2.03960484465757504000E+017   3.59866579823698884230E-019
      4176   2.24417340207699776000E+017   1.81213348133472243539E-019
      4177   3.48445843172480720000E+016   1.39757233749917360773E-018
      4178   4.74958578054730240000E+016   1.28429526224747113844E-018
      4179   2.20398017990837568000E+017   3.41479955005960550084E-019
      4180   1.37775546104197952000E+017   3.83525412601633506814E-019
      4181   1.89801086325908800000E+017   2.12994604268212514037E-019
      4182   2.58627934199838624000E+017   3.03574820620226874383E-020
      4183   5.07295164483529920000E+017   2.76872936553940001332E-020
      4184   3.56188895921804000000E+015   1.00000000000000008334E-030
      4185   4.01492743912068100000E+015   4.28181665640009948596E-018
      4186   1.58302584483708800000E+018   1.88254098636270363717E-020
      4187   1.00000000000000008334E-030   1.00000000000000008334E-030
      4188   3.57700483849022150000E+015   1.00000000000000008334E-030
      4189   3.88755079120351400000E+015   1.00000000000000008334E-030
      4190   1.03909224670492880000E+016   1.00000000000000008334E-030
      4191   2.00545877439260520000E+016   1.00000000000000008334E-030
      4192   3.82960391299663600000E+015   1.00000000000000008334E-030
      4193   5.15370862351886300000E+015   6.17545207325742422190E-018
      4194   1.00000000000000008334E-030   1.00000000000000008334E-030
      4195   7.37832442604226000000E+014   1.00000000000000008334E-030
      4196   1.00000000000000008334E-030   1.00000000000000008334E-030
      4197   2.32155929987149700000E+015   1.00000000000000008334E-030
      4198   4.62514314988469400000E+015   1.65743064572532580307E-019
      4199   6.35188731090863488000E+017   6.53399997108170905560E-020
      4200   3.48601955578805200000E+016   2.27426156034142801375E-018
      4201   7.26048602206708160000E+016   9.25306639580842402653E-019
      4202   6.27333083924058624000E+017   9.01789002172991502624E-020
      4203   1.00000000000000008334E-030   1.00000000000000008334E-030
      4204   1.71324795423881000000E+015   3.83929449675674210634E-018
      4205   2.84329071228044192000E+017   1.83591816480698492292E-019
      4206   1.40466575742074976000E+017   2.72644707653439954294E-019
      4207   4.52545023275740288000E+017   4.92155247944276477532E-020
      4208   8.75703498985884672000E+017   2.14377336334988775135E-019
      4209   5.47678501814182400000E+017   2.65012451532753978955E-019
      4210   3.50254489251681024000E+017   4.14377410098625665374E-019
      4211   1.10738311569411545600E+018   4.05189059928840420890E-020
      4212   4.04852153517578720000E+016   8.92427380329295143807E-019
      4213   8.22625149050295680000E+017   8.79557569624292981032E-020
      4214   1.04602937987091801600E+018   5.98139934605635800734E-020
      4215   2.81365727950825760000E+016   5.81289693844124043254E-019
      4216   8.62662995121321856000E+017   8.00506879902435280560E-020
      4217   2.69025432782404096000E+017   2.44629804964184738750E-019
      4218   4.90227034565709440000E+017   7.93414762826631919426E-020
      4219   4.77812408958271296000E+017   2.01171540905597457242E-019
      4220   4.46776887635309888000E+017   1.51675132226794947386E-019
      4221   1.00000000000000008334E-030   1.00000000000000008334E-030
      4222   1.31366347204346393600E+018   4.07775531253572426405E-021
      4223   2.08948833582119680000E+017   2.53545890558464175283E-019
      4224   8.77995466391056500000E+015   8.99848911787679212942E-019
      4225   2.82371603659637850000E+015   2.89295503376227332799E-018
      4226   6.74900037447630400000E+015   1.10457816753336603585E-018
      4227   5.60899438245538800000E+015   1.03402317372608298548E-018
      4228   2.37032984056032050000E+015   2.00890771928912710263E-018
      4229   3.81836756235976640000E+016   4.75660337904777344588E-019
      4230   7.76863367330213200000E+015   2.70814386693011261528E-018
      4231   1.36422128806016080000E+016   2.16516392403827241134E-018
      4232   1.68854062445456760000E+016   1.66011778124036145854E-018
      4233   2.47882782287877280000E+016   1.43984951243086816201E-018
      4234   1.61828477112546200000E+016   2.56504418184293027245E-018
      4235   2.03686534807616880000E+016   1.36276771396484803514E-018
      4236   4.12017759311499040000E+016   8.46479344716295294583E-019
      4237   9.38600967254396400000E+015   2.82071263962934935647E-018
      4238   4.20733803496563100000E+015   4.05478327111130553139E-018
      4239   5.16936494834959100000E+015   2.16591991774012397710E-018
      4240   3.47109141710892150000E+015   3.15790171725464987145E-018
      4241   7.62529221598264000000E+015   3.67647694785882956013E-018
      4242   6.92072836715096700000E+015   3.92693746022488480584E-018
      4243   4.97790275358870000000E+015   4.77563996301165718208E-018
      4244   4.02926286656539850000E+015   4.78230773065771304124E-018
      4245   4.03125318577808080000E+016   1.44429610175204673188E-018
      4246   5.08953002828623520000E+016   8.83752256786030987810E-019
      4247   1.46896171816529420000E+016   2.43320406016222719652E-018
      4248   1.72959154678510660000E+016   2.48046616356585407007E-018
      4249   2.01720529736255000000E+016   2.29582664287709654699E-018
      4250   1.07536014615209536000E+017   1.06522274202935556560E-018
      4251   1.07344221805488816000E+017   8.73279968330178579611E-019
      4252   5.75874778068788960000E+016   9.13701513351451021067E-019
      4253   1.31333820956661312000E+017   5.48123843890055703058E-019
      4254   1.90385868479314784000E+017   5.07625733271529605770E-019
      4255   6.17183899408848720000E+016   7.15871621766372160341E-019
      4256   9.33493650625872800000E+016   5.90973199867751996122E-019
      4257   5.27139959847368080000E+016   9.51084894729371908578E-019
      4258   4.53408771331768320000E+016   9.20375349358971269078E-019
      4259   2.91190231614802360000E+016   1.49271947160181464050E-018
      4260   2.47145383072434600000E+016   1.33476936988621567432E-018
      4261   6.77248623760062080000E+016   1.95997588258327789677E-019
      4262   6.17236676726544080000E+016   9.85916520396782676686E-019
      4263   1.13719318881070656000E+017   4.86017876163871139717E-019
      4264   8.40950061372626080000E+016   4.23925091715714340330E-019
      4265   9.23117972308140480000E+016   4.16229067702644284133E-019
      4266   4.64698162162126000000E+016   2.49075547373645371736E-019
      4267   3.65632470373404800000E+016   8.22121186118966481416E-019
      4268   9.53820704328845600000E+016   2.18477633691411452285E-019
      4269   3.00270916857460800000E+017   1.95111946931713306159E-019
      4270   2.13493876314409184000E+017   2.44258012066256182970E-019
      4271   4.98828334870626720000E+016   1.54737864871454141863E-018
      4272   4.10114846584046144000E+017   1.28095864167119533893E-019
      4273   9.60713684898927104000E+017   1.01446040648380151256E-019
      4274   9.16481296425439360000E+017   3.54922482983807356130E-020
      4275   3.41430449627367872000E+017   2.52822945723488775052E-019
      4276   2.19821175941630368000E+017   2.52608667374315004060E-019
      4277   1.19951517105800816000E+017   4.79961971418654599013E-019
      4278   2.27389164836718016000E+017   3.33561602087214442042E-019
      4279   2.78073917122512352000E+017   8.10033170694315106374E-020
      4280   1.24825526184900208000E+017   2.28512105308632791316E-019
      4281   3.32444346266922560000E+016   1.06067285476829353743E-018
      4282   9.30349400433402080000E+016   4.91165455558157465462E-019
      4283   7.40198526524442880000E+016   7.88337562938028338505E-019
      4284   6.82950479127252640000E+016   6.81147419823192347369E-019
      4285   5.74968024503514720000E+016   9.24744011807319386739E-019
      4286   5.67569002306849840000E+016   1.26372823189566566701E-018
      4287   5.50472696626298640000E+016   9.67777379449213864498E-019
      4288   7.13900612392777200000E+016   9.89044277294996255136E-019
      4289   1.69571058397472064000E+017   5.69958302376291839664E-019
      4290   2.32349631931316224000E+017   4.14304098961946085491E-019
      4291   6.26440352688391600000E+016   9.08048585610501611341E-019
      4292   3.55162363429776000000E+016   1.72420726896108899543E-018
      4293   7.50086371738475680000E+016   8.95179753757156258339E-019
      4294   1.80233665705739264000E+017   1.83338475647094134781E-019
      4295   1.38618371645193072000E+017   3.74085842843021400647E-019
      4296   1.10925754669826864000E+017   3.71406799995762228420E-019
      4297   4.07705209243053120000E+016   1.25795468629496358398E-018
      4298   1.61209122518407712000E+017   2.86319212641987451731E-019
      4299   5.31759929476741056000E+017   1.33937004141937374318E-019
      4300   1.98039037338701248000E+017   5.66060864647553537502E-019
      4301   3.36715635307780480000E+017   1.83771438824650948373E-019
      4302   2.35513171352617888000E+017   5.05158117969858182892E-019
      4303   4.19749573363582560000E+016   4.41163611565782899972E-019
      4304   2.01330330910589320000E+016   7.02456579430777860482E-019
      4305   3.64914987557212864000E+017   2.86374727718458606956E-019
      4306   2.31767715773766112000E+017   2.64688804867294408496E-019
      4307   8.24746034164904448000E+017   9.38622418642164728816E-020
      4308   3.73235291079445312000E+017   3.46083691766269265928E-019
      4309   8.79085421568431744000E+017   1.59341399705460406106E-019
      4310   5.75722133582663104000E+017   2.32825825125576307349E-019
      4311   1.07714667383895398400E+018   1.03972114791822942881E-019
      4312   9.49624155326387200000E+016   7.18959057866319482319E-019
      4313   1.26300889297532624000E+017   8.37836738809511796963E-019
      4314   2.33645589324726592000E+017   2.71145596151507511481E-019
      4315   9.35880960271436672000E+017   6.61395367739819019984E-020
      4316   9.37686842853342080000E+017   8.53985623702709698590E-020
      4317   1.64785433541323488000E+017   4.99556147130020386541E-019
      4318   2.00732090408514016000E+017   2.62994604053126775133E-019
      4319   1.65906982059892128000E+017   3.16441509172020281295E-019
      4320   1.60289794656730960000E+016   2.59750015725387347466E-018
      4321   2.56462028888311760000E+016   1.11500794125531544233E-018
      4322   8.00973715687186400000E+015   3.45019250366516731338E-018
      4323   1.03355015601379072000E+017   3.81507510218044960449E-019
      4324   1.56508699263247456000E+017   2.29149995581689880969E-019
      4325   1.64766444917129984000E+017   4.76653838178476381347E-019
      4326   1.46318346899829760000E+017   4.82462275697606568787E-019
      4327   1.58608031327521792000E+017   5.92089804512258400226E-019
      4328   1.56374866531512064000E+017   1.71141698463937853160E-019
      4329   2.04398284616854176000E+017   2.08172188901303115147E-019
      4330   1.34300796328690224000E+017   3.47012529218468677919E-019
      4331   7.81048692989712000000E+016   1.01025740302410506532E-018
      4332   6.76621215082721200000E+016   5.44000089106449491533E-019
      4333   7.85879397370344640000E+016   6.88463512088779091240E-019
      4334   1.11010507752346768000E+017   5.59533831768008351358E-019
      4335   3.18802826698887360000E+017   3.58330087763616686673E-019
      4336   1.33756191662819424000E+017   3.95056450266541731611E-019
      4337   1.11539065167047664000E+017   4.44165956175533786282E-019
      4338   6.47240147976987136000E+017   1.37419054191636753126E-019
      4339   3.78903982319308096000E+017   2.59901725575679349276E-019
      4340   6.24341715717172352000E+017   1.73943714473861217103E-019
      4341   4.87905981565536832000E+017   3.03530131007011646838E-019
      4342   4.35915688233876800000E+017   3.83592145573291790486E-019
      4343   1.46836469898317209600E+018   1.42866762250476238728E-019
      4344   6.10212513766566016000E+017   3.85542679118523036733E-019
      4345   7.86613760937755520000E+017   2.15924593461914945029E-019
      4346   6.56808706666934912000E+017   1.41868777814735194788E-019
      4347   4.12129379359051392000E+017   3.02740210719975830211E-019
      4348   5.32115676224650176000E+017   2.56601715872914620789E-019
      4349   9.18572737936148736000E+017   1.24371618101529201402E-019
      4350   8.93574220444620416000E+017   1.41851016252105588369E-019
      4351   9.90703457600537600000E+016   8.97241977614311358177E-019
      4352   2.17711517004905536000E+017   4.82573116546892659288E-019
      4353   8.39154290579744896000E+017   1.31221610864721779174E-019
      4354   5.44405139536449984000E+017   3.06067931408884531092E-019
      4355   1.01260167582265880000E+016   2.38912960383292735836E-018
      4356   1.73865658182811200000E+017   5.95139171810429858919E-019
      4357   1.17389281675597280000E+017   6.74368745292438933044E-019
      4358   1.94361906081597472000E+017   3.58304845990368482304E-019
      4359   4.41161753015779280000E+016   8.91061156512144258988E-019
      4360   2.88347157061919480000E+016   1.71129897484658032000E-018
      4361   3.59102166409885520000E+016   1.19529509524487788037E-018
      4362   1.00079966326318620000E+016   2.37022186647909256733E-018
      4363   3.53232764601505440000E+016   1.25837532770692482384E-018
      4364   1.76724877329035100000E+016   2.78793639208888633827E-018
      4365   1.01532390832646720000E+016   2.83972159475982535084E-018
      4366   1.95444705375908440000E+016   1.79865446083405193089E-018
      4367   2.38925234584769520000E+016   2.24070099103791596091E-018
      4368   1.56280058583670840000E+016   1.83282924735669924212E-018
      4369   3.41635599474761560000E+016   1.96694119665880619500E-018
      4370   3.80139621558546816000E+017   2.78349391156349030001E-019
      4371   6.86015117563438592000E+017   1.26479758881679248452E-019
      4372   7.59951337360438880000E+016   1.37794182907256795357E-018
      4373   4.09178587177550720000E+016   1.72543973393883831727E-018
      4374   5.02384169659932080000E+016   1.44164203721474027632E-018
      4375   9.42596874423725440000E+016   9.93532282346539610267E-019
      4376   2.29520653535438304000E+017   5.77075648178507708814E-019
      4377   1.54703755323015392000E+017   4.81716056377155996565E-019
      4378   1.68113233338063936000E+017   7.43482785830311989608E-019
      4379   2.84959077147112768000E+017   5.81611896728351291148E-019
      4380   4.27958479162683456000E+017   2.46822971554975999305E-019
      4381   5.55645628340753984000E+017   2.42568714803704805721E-019
      4382   3.26109323432337536000E+017   3.53488006969905821498E-019
      4383   3.81563607031439744000E+017   2.37688437510505809496E-019
      4384   5.77494367599023872000E+017   1.78340310966824693715E-019
      4385   2.89768185526026368000E+017   5.89995517121889989737E-019
      4386   3.23476496673877568000E+017   4.05714662809581136824E-019
      4387   4.26422631539511104000E+017   1.19806283824050505461E-019
      4388   3.28296643367725248000E+017   5.07510773494589976804E-019
      4389   2.62005400599316320000E+017   4.09356053811848631501E-019
      4390   3.33226894171286144000E+017   3.19892293985507379290E-019
      4391   3.99784276233924352000E+017   3.04628067860505211677E-019
      4392   4.65789707812221824000E+017   2.46216525444756330916E-019
      4393   4.13391526504484096000E+017   3.19315075395477508631E-019
      4394   6.23641775464496128000E+017   2.13453839170874282935E-019
      4395   1.08324420832348019200E+018   1.11217218820225043190E-019
      4396   2.73758046263743328000E+017   6.60372334876461551149E-019
      4397   2.75578810069349184000E+017   1.05169514179057409768E-018
      4398   4.89227184041617664000E+017   6.84062250042735058320E-019
      4399   1.52742705764269248000E+017   1.96842457701183928562E-018
      4400   4.46617659426372032000E+017   5.35196534308400497612E-020
      4401   7.71754185828373280000E+016   3.00829639210531151312E-019
      4402   4.95969940779491456000E+017   1.79523667825498832924E-019
      4403   2.22943900536863539200E+018   3.59184540269472155558E-020
      4404   4.54369715691647232000E+017   2.43704591827969892836E-019
      4405   3.80627894141370432000E+017   2.27480020862597057216E-019
      4406   1.91280232196625600000E+017   7.02852633524239070540E-019
      4407   1.12290029198370803200E+018   1.93052470706830171327E-021
      4408   3.28124019218223680000E+017   3.06285089092733991009E-019
      4409   1.93941550498343488000E+017   4.98962106034187727890E-019
      4410   1.26207123957883056000E+017   7.64958726237111930268E-019
      4411   2.41658206439014360000E+016   1.73321932901408820346E-018
      4412   3.94448866059652560000E+016   1.88146249000367803668E-018
      4413   5.50031839913349184000E+017   2.24689126773063886551E-019
      4414   2.62498355355884480000E+017   1.83286532065178903859E-019
      4415   1.87341980352024640000E+017   2.75571694150570973446E-019
      4416   3.01927943082110400000E+017   5.94946597827106531739E-020
      4417   2.30788526382094528000E+017   1.87334909110732607080E-019
      4418   1.01565592035267840000E+017   4.64902595715529916498E-019
      4419   1.63946267496103744000E+017   7.05372788499998191801E-019
      4420   2.58956983395794944000E+017   3.50135478162357771831E-019
      4421   1.25405361746637392000E+017   6.58601937110241875125E-019
      4422   1.86671609012808000000E+016   4.82427480413116559660E-018
      4423   3.45168995145350144000E+017   3.50722998810769343781E-019
      4424   2.46421485588271296000E+017   3.87113571059457174207E-019
      4425   1.81833545362335480000E+016   1.82196224623386859761E-018
      4426   8.92978361192671200000E+016   3.79731257185249322707E-019
      4427   2.86714107115093520000E+016   9.33240211784023992467E-019
      4428   1.39849290735626880000E+016   5.66959338817797940579E-018
      4429   2.39440079722637840000E+016   1.75290311322856243843E-018
      4430   1.50635226014480608000E+017   6.62905209212009768918E-019
      4431   9.51391064050831680000E+016   1.06668620761028504838E-018
      4432   2.90524271285507240000E+016   2.79964192010707415357E-018
      4433   6.88351875902510800000E+016   1.12464857841669496237E-018
      4434   1.12822693810712336000E+017   8.02590279364086590945E-019
      4435   6.93604888408102320000E+016   1.54634475620668896300E-018
      4436   1.24864020924887840000E+017   7.94891867736872830286E-019
      4437   2.31640894661673504000E+017   4.73370218581398573144E-019
      4438   8.80891106143363040000E+016   8.79431130664923152191E-019
      4439   1.40641416585554160000E+017   2.38368712249325003234E-019
      4440   2.35843666765484704000E+017   2.68621797471629874419E-019
      4441   8.68085214351241280000E+016   6.24282942766005798004E-019
      4442   8.00686771887279360000E+016   1.49100497948105634732E-018
      4443   3.13759381034131720000E+016   2.80690412462371698308E-018
      4444   1.89689800302991264000E+017   4.16053164429498759742E-019
      4445   4.36093110781822208000E+017   2.07904562968480681508E-019
      4446   8.88615796451348900000E+015   6.70095775901164290728E-018
      4447   2.61455784727755720000E+016   1.74354706959557489452E-018
      4448   8.42985616534601200000E+015   3.30101341637599966800E-018
      4449   1.04603139780134500000E+016   5.24851892200414845226E-018
      4450   1.42296549139635440000E+016   2.17388830165382359865E-018
      4451   7.43967635596359800000E+015   4.15043426846456341091E-018
      4452   1.08349736123271104000E+017   7.16500514107289554591E-019
      4453   8.88819244518580960000E+016   4.37601518540682043106E-019
      4454   4.42232569169251280000E+016   6.67989998393721558144E-019
      4455   8.26303573999890880000E+016   6.00899581231503289750E-019
      4456   5.78986771515408720000E+016   9.45713211533463991670E-019
      4457   2.23280751075986688000E+017   2.72974836173018897472E-019
      4458   2.32454492020427552000E+017   1.86017955001637294341E-019
      4459   3.53659989340569984000E+017   1.20615540454536180438E-019
      4460   4.05898858893315136000E+017   1.19024996442959977697E-019
      4461   3.86562485393435136000E+017   1.35343312237269241334E-019
      4462   1.55722877953498272000E+017   5.25941109382319943565E-019
      4463   1.73815909373742112000E+017   4.93557874459975476321E-019
      4464   2.18134526791571392000E+017   1.45434448917540783948E-019
      4465   4.15485177968893632000E+017   2.37817663995067275628E-019
      4466   4.93637292013782592000E+017   1.22269980882288449865E-019
      4467   1.15266211746532774400E+018   8.95398982844516395988E-020
      4468   8.15543825057207040000E+017   1.83435654944843687841E-019
      4469   5.19920557291183808000E+017   1.83172074093686360835E-019
      4470   2.69536142537494144000E+017   1.02771645451680809808E-019
      4471   1.87934404978938496000E+017   2.59239647184572640632E-020
      4472   1.31716740463968192000E+017   5.52038635810234279858E-020
      4473   2.49679104811783136000E+017   2.14338651847709035039E-019
      4474   1.80805512992296320000E+017   1.69919712268668233038E-019
      4475   3.49807040925947968000E+017   2.56065320081083265003E-019
      4476   7.71632609630462880000E+016   7.25056380733339383220E-019
      4477   2.57018517763195456000E+017   1.54652084608484800994E-019
      4478   4.36353106210248704000E+017   1.74095949068678360305E-019
      4479   1.09108689502178608000E+017   3.84881383417150877093E-019
      4480   8.54133787060388480000E+016   9.68060815054837400056E-019
      4481   7.49493722992604320000E+016   1.02072752065544857196E-018
      4482   2.18693632269693536000E+017   5.03609818117566026744E-019
      4483   3.87401823524652160000E+017   3.44186969467099188216E-019
      4484   1.07362890907810080000E+017   8.21488216574289213197E-019
      4485   3.98081898914249920000E+016   2.13359417473781405417E-018
      4486   6.38386625445949600000E+016   1.47743286405933843565E-018
      4487   1.44334319882949088000E+017   5.75207149509158192340E-019
      4488   8.85327578548880000000E+016   7.31157651010793514115E-019
      4489   1.05708536528097632000E+017   8.85835846008675476084E-019
      4490   2.70584589394132864000E+017   2.75563800674242596623E-019
      4491   9.51321701638739040000E+016   2.51791823518057415766E-019
      4492   2.31340332817396560000E+016   2.22491438296443302412E-018
      4493   2.46985548059097160000E+016   1.85611531383883680258E-018
      4494   6.70979996758827360000E+016   1.03591500323056202182E-018
      4495   1.44440960022932850000E+015   9.16793282583274829935E-018
      4496   1.74030246830591750000E+015   5.64398320043142915567E-018
      4497   2.00610390546627775000E+015   7.45112932239249911058E-018
      4498   1.67998942220261984000E+017   6.12362060396875203362E-019
      4499   4.93392574805609440000E+016   1.89903862097558207021E-018
      4500   8.09168606615015680000E+016   7.94205645167154342667E-019
      4501   4.00337665730404320000E+016   2.35043424379659897084E-018
      4502   7.57288456685624250000E+014   5.58957404392214767502E-018
      4503   1.04900020226397412500E+015   5.23391898117378163269E-018
      4504   1.36087103183361150000E+015   6.29971805422445064921E-018
      4505   1.16036439626657200000E+015   5.11950621589845058726E-018
      4506   1.24920188398339225000E+015   3.94820441525578335792E-018
      4507   9.74470821026318000000E+014   6.54187465135326757815E-018
      4508   8.78606003638999750000E+014   6.66216235497933071122E-018
      4509   9.49705870459092250000E+014   5.71426447902578174969E-018
      4510   5.53443005083871750000E+014   6.22273203145919030669E-018
      4511   8.26474217379335500000E+014   5.51628772492841643258E-018
      4512   7.22339488574938125000E+014   5.11140862667787270913E-018
      4513   6.26262498276519125000E+014   7.37906073513759687394E-018
      4514   7.19160863910219000000E+014   6.16873474017458926804E-018
      4515   7.84688699294408125000E+014   6.10294794029994477370E-018
      4516   9.06780727067663625000E+014   4.72777816944742368839E-018
      4517   8.40526060971933875000E+014   5.39961018812316976506E-018
      4518   6.48464138053353625000E+014   7.57478628852054649081E-018
      4519   8.00184448033802375000E+014   3.52344559476110060815E-018
      4520   6.44361699255259625000E+014   8.13846307744443472504E-018
      4521   7.16131736947044125000E+014   7.33651472065752932924E-018
      4522   8.06038524859365125000E+014   6.10364619811787683008E-018
      4523   6.83593194569543750000E+014   5.59164548206777616166E-018
      4524   5.90951742895755375000E+014   6.43871990781715098558E-018
      4525   1.18836591752873104000E+017   1.22095462035325075319E-018
      4526   9.16921282824570400000E+016   9.01702196929133814247E-019
      4527   2.42150766852539936000E+017   3.04571679495169361316E-019
      4528   3.46960033037469320000E+016   3.73857828403733094921E-018
      4529   1.77302678577981568000E+017   8.27164964161567170514E-019
      4530   2.36835621549382016000E+017   3.19349857776947259993E-019
      4531   4.13038564178127424000E+017   2.37803421044073306771E-019
      4532   3.39848768677101824000E+017   2.94623861513184358235E-019
      4533   7.79578991477618688000E+017   1.45294419638305694714E-019
      4534   1.39163508512242278400E+018   9.98263626823006713731E-020
      4535   1.16298775161439950000E+015   6.04031000866005479891E-018
      4536   1.74511171097621250000E+015   5.97295019549451292402E-018
      4537   2.46271304051754150000E+015   4.86531143617818336660E-018
      4538   1.37746260465929475000E+015   4.58046359151429887674E-018
      4539   9.01100800537859625000E+014   5.59564372627721416305E-018
      4540   9.84312463198596375000E+014   5.52742949569209280194E-018
      4541   1.37975640596268075000E+015   4.15121829685041512755E-018
      4542   1.28270274584787925000E+015   5.72078685686137499575E-018
      4543   1.24539146489158300000E+015   6.29751539150266257321E-018
      4544   1.18572938287255875000E+015   6.13914435467150094591E-018
      4545   1.04912929121307762500E+015   4.04231721405969293881E-018
      4546   1.23301973699025075000E+015   4.68429990158653810011E-018
      4547   1.42303169937043325000E+015   5.77451346025347587323E-018
      4548   5.94638682939093000000E+015   7.76824656498114405611E-019
      4549   2.29683497107052450000E+015   2.44408045609121184915E-018
      4550   9.91320338498726375000E+014   4.04915254699581688396E-018
      4551   2.60775894253602350000E+015   2.13432998169328849213E-018
      4552   3.30239974834139900000E+015   1.59230928318457634731E-018
      4553   1.84536803427913000000E+016   2.34087122493160470874E-019
      4554   1.51013643924861920000E+016   5.24166203657365776975E-019
      4555   2.11097210448971350000E+015   1.91253415430099353032E-018
      4556   3.03918593463935950000E+015   2.12696380878818754746E-018
      4557   1.62298105118219725000E+015   4.49881069382055423023E-018
      4558   3.09345182756422600000E+015   1.97986541445570431127E-018
      4559   1.37092998971455450000E+015   4.78419043994650946295E-018
      4560   1.03828887955104437500E+015   4.78178127951412504892E-018
      4561   1.95357649422433225000E+015   3.53218132506139922217E-018
      4562   1.68341830905657625000E+015   3.34480956644041854043E-018
      4563   1.09193276710074100000E+015   3.39325439283150666885E-018
      4564   1.22778082152618725000E+015   4.17956993915114445122E-018
      4565   1.57786935156450025000E+015   3.40603746417485767343E-018
      4566   1.06225079922945350000E+015   4.95160215420475143458E-018
      4567   1.18730890015137150000E+015   5.33982515749011397804E-018
      4568   8.50137723328856375000E+014   4.67848713848967913125E-018
      4569   7.45349132530291000000E+014   5.19836441372862412105E-018
      4570   1.39611981617918250000E+015   4.40327928619528798552E-018
      4571   5.19353130041689125000E+014   6.18418007326214891795E-018
      4572   4.09175414167296250000E+015   1.97163557018588840162E-018
      4573   1.47209392299406075000E+015   4.35908447213907529422E-018
      4574   1.07432606416221575000E+015   4.34491846936913127452E-018
      4575   3.22118996922104950000E+015   2.27479304241911236111E-018
      4576   2.27702585701454500000E+015   3.13802569099714467085E-018
      4577   1.71166342792378500000E+015   3.20486645758422136671E-018
      4578   6.42052108017312900000E+015   1.23553870596362939384E-018
      4579   4.76622582007263500000E+015   2.18488391666767441906E-018
      4580   2.49355353441809960000E+016   7.66865036764418447468E-019
      4581   3.65750386023086050000E+015   1.34849431757142187305E-018
      4582   4.00405777088574750000E+015   1.73841710908926010797E-018
      4583   1.06881966753990740000E+016   7.60017165597111227742E-019
      4584   8.34735930185465400000E+015   1.10210401657714045949E-018
      4585   9.49094521251507625000E+014   3.46547370242121755782E-018
      4586   1.19446460513432900000E+015   3.40266179598544757569E-018
      4587   1.07187002279868537500E+015   5.21179370965871934934E-018
      4588   1.42347948598569475000E+015   5.35332751626645006046E-018
      4589   1.20051924050707525000E+015   7.09103220138633145615E-018
      4590   9.82858537215481750000E+014   7.00992287598602082317E-018
      4591   1.42434998680893050000E+015   5.94111931261142027084E-018
      4592   1.15931986830186950000E+015   6.62622542927835340025E-018
      4593   1.39291492724242250000E+015   5.82215558209209122555E-018
      4594   1.62503970617474100000E+015   4.08113251934419840002E-018
      4595   1.88627572125519575000E+015   6.13231639204310682474E-018
      4596   2.51616852595621850000E+015   6.34732261477385746546E-018
      4597   3.10934600416207050000E+015   5.85007336569410052307E-018
      4598   2.36170977144553950000E+015   6.46042737804304195777E-018
      4599   2.33069710435395300000E+015   5.85286203787192856148E-018
      4600   2.93546475782148750000E+015   5.79533947818589542023E-018
      4601   7.96067391509457000000E+014   9.14800201421018131182E-018
      4602   1.40211147084981900000E+015   6.42422358255455734888E-018
      4603   1.30678142909878400000E+015   5.15739075079146118717E-018
      4604   1.31648941452880625000E+015   6.84897000052665663993E-018
      4605   8.47140382340393250000E+014   6.83781367374122897819E-018
      4606   1.40118306608088975000E+015   5.34324524097620861013E-018
      4607   1.85119697039725075000E+015   4.78139468820742414066E-018
      4608   1.23778782769367800000E+015   6.30299577494063066088E-018
      4609   1.36102636236623450000E+015   7.07183994337193742433E-018
      4610   1.55351922809232600000E+015   6.67569270987230736243E-018
      4611   1.64873558054333275000E+015   4.56935985568113526850E-018
      4612   1.95378455434978975000E+015   9.00270843365338546251E-018
      4613   2.04398808247552600000E+015   4.68655341040565091541E-018
      4614   2.12371219296714150000E+015   3.14057973552340276994E-018
      4615   1.87124435969656025000E+015   3.55406607183341967370E-018
      4616   1.28965863805220725000E+015   8.43486970231313508619E-018
      4617   1.43101428536595275000E+015   8.89545379888167741199E-018
      4618   1.44510764036908800000E+015   4.18707315534445461282E-018
      4619   1.14266478497404225000E+015   1.04336315015220891300E-017
      4620   1.38331272740740075000E+015   5.32456107142217052899E-018
      4621   2.14021369070506925000E+015   4.14977363050862805854E-018
      4622   5.08620767873528800000E+015   2.69314919921300451202E-018
      4623   5.00685897308107100000E+015   3.51487551217431171483E-018
      4624   5.65531477671416100000E+015   4.77000125493522303164E-018
      4625   4.15066574550560128000E+017   3.33729205316911016078E-020
      4626   4.84310601539983424000E+017   3.01286334561074402976E-020
      4627   3.15661881079250368000E+017   1.45841633793254072042E-019
      4628   6.05587718010671360000E+017   4.25573406684815390160E-020
      4629   5.44469924700518848000E+017   9.51100932850961223602E-020
      4630   5.81239013778693888000E+017   3.69549470028284539066E-019
      4631   7.81618461059478200000E+015   3.04221784354749961896E-019
      4632   1.37333675113005872000E+017   5.17370026021774738811E-019
      4633   1.76090195880320288000E+017   2.90803410466505159057E-019
      4634   5.69530195325111120000E+016   8.99583357745110452256E-019
      4635   6.32796040842955280000E+016   7.04813310150668752225E-019
      4636   2.74620363431854520000E+016   1.07203309297953165743E-018
      4637   1.04010426112258160000E+017   2.16884415308161531641E-019
      4638   2.31675642510782624000E+017   1.56319957563436879056E-019
      4639   5.87679484716861375000E+014   1.00000000000000008334E-030
      4640   1.63025878493994944000E+017   2.74533829355607882521E-019
      4641   7.78118176062969600000E+016   8.28845402797929370394E-020
      4642   6.38170847225195360000E+016   3.40520705350113548668E-019
      4643   7.74210120050760320000E+016   2.41025363857688349496E-019
      4644   4.98634950985070144000E+017   1.09152200155232801530E-019
      4645   7.37682588097091968000E+017   9.58917098123365020524E-020
      4646   5.03642286104543616000E+017   2.61590967038592952418E-021
      4647   2.51330919931170688000E+017   8.56144176631853473916E-020
      4648   2.69591693035685920000E+017   1.39880948530493945233E-019
      4649   1.22513716684561024000E+017   1.36634892697829543929E-018
      4650   4.45572402949878336000E+017   3.08182919812315892791E-019
      4651   4.16657852840569984000E+017   3.03114198025157078239E-019
      4652   4.13486734697966528000E+017   2.96828633890787566302E-019
      4653   1.37189636511777568000E+017   9.44044609877573733299E-019
      4654   1.39362343305152592000E+017   1.31103096423625677422E-018
      4655   1.36367025581763616000E+017   7.99426629165660765026E-019
      4656   9.96640884934369600000E+016   1.34227193459567713422E-018
      4657   1.00771415197742704000E+017   1.16551529312791214446E-018
      4658   3.46390829973897550000E+015   4.55988211632380612652E-018
      4659   3.32506473677258400000E+015   4.67385624474246355745E-018
      4660   3.20840545343213750000E+015   5.29576322339223069013E-018
      4661   2.80718741424896000000E+015   4.48943183373089178233E-018
      4662   1.78135951173627750000E+015   4.69427270004438973165E-018
      4663   2.01425671320473625000E+015   3.62925364021377817806E-018
      4664   1.26581867758003750000E+015   3.39421687300238122076E-018
      4665   2.36902542075242400000E+015   4.35640583432474572869E-018
      4666   1.73942880013799700000E+015   4.62314787347018300749E-018
      4667   2.99243295958108450000E+015   3.67503681198826262816E-018
      4668   2.01523210408655700000E+015   3.30584561426850614592E-018
      4669   2.87737348915710300000E+015   5.71390378667950159565E-018
      4670   2.20398880134969375000E+015   4.90616294083777759788E-018
      4671   1.82801465588433900000E+015   5.33538232037690286588E-018
      4672   1.79486457473304925000E+015   5.95001536086182832708E-018
      4673   1.61716232884672450000E+015   5.85630519860835240763E-018
      4674   1.55572294745082025000E+015   6.21294526638159046818E-018
      4675   1.35514498214760750000E+015   4.99541933247759920835E-018
      4676   2.28202908216750550000E+015   4.63762077253120266033E-018
      4677   2.16272432956409225000E+015   5.51911252876059694171E-018
      4678   2.61140930177983950000E+015   3.35308894048585875244E-018
      4679   3.03535284310458350000E+015   4.21307021159840889242E-018
      4680   2.09446026944138175000E+015   8.15239724461650507480E-018
      4681   2.09863936868300325000E+015   6.84708078322849776136E-018
      4682   1.59917921874196175000E+015   8.07583944625102364295E-018
      4683   2.10750403217825275000E+015   4.34445880475505420345E-018
      4684   2.03548669580228625000E+015   6.18077872196075441988E-018
      4685   2.30433398996007850000E+015   4.99633800656847813700E-018
      4686   2.42018856378662600000E+015   6.88718483841108902669E-018
      4687   2.23880129167734100000E+015   4.72330562322472157363E-018
      4688   2.28470684274958400000E+015   5.50712539438194294116E-018
      4689   2.24427966508188175000E+015   4.00499387965884800747E-018
      4690   2.65645318029617500000E+015   5.24315912825763276831E-018
      4691   1.72203347329388425000E+015   5.81121573063753537643E-018
      4692   2.20279187043791325000E+015   8.24602529758165800259E-018
      4693   1.96767006643077550000E+015   6.79425312153418284301E-018
      4694   2.28088835398177800000E+015   5.82913173751236148918E-018
      4695   2.83384507957012800000E+015   6.58487305393386195339E-018
      4696   2.53896220633611500000E+015   6.35346886422087257986E-018
      4697   2.29961152360431400000E+015   5.68067750330776344114E-018
      4698   1.93075425817356575000E+015   4.28100767143502618651E-018
      4699   6.53472386552152500000E+015   3.63014551506246060690E-018
      4700   9.35991298068983600000E+015   3.31654208810213325058E-018
      4701   7.20417145549674700000E+015   2.99424595904642833780E-018
      4702   4.62376556848954800000E+015   2.75685098159204362027E-018
      4703   8.12058365513352200000E+015   3.28696104279626926146E-018
      4704   5.39317198189142900000E+015   5.45513571643907473625E-018
      4705   2.67293559505911850000E+015   3.53092826796428787854E-018
      4706   2.94187347385319900000E+015   3.59051872411485980288E-018
      4707   2.14529702473020650000E+015   4.50034066954246965209E-018
      4708   3.19453084457342400000E+015   3.67467706818416913750E-018
      4709   3.00055622228638700000E+015   2.93915719523513220657E-018
      4710   2.56758468690677800000E+015   6.38998958935082694796E-018
      4711   6.36792845749266100000E+015   3.41494964738809981549E-018
      4712   4.57404900890047600000E+015   3.31255923933923459768E-018
      4713   3.16624456484400350000E+015   3.46555858793070331012E-018
      4714   6.44776982189765600000E+015   3.98148963863729559866E-018
      4715   6.45414038931283600000E+015   3.71218068780778928377E-018
      4716   1.74702122118767250000E+015   5.85991217965641768504E-018
      4717   2.83885391766891100000E+015   4.85374087923105055949E-018
      4718   2.37013169955579500000E+015   3.41473516308706810281E-018
      4719   2.41288898816386900000E+015   3.03853812389621230339E-018
      4720   2.41139494637977500000E+015   4.03615139015355325888E-018
      4721   3.07364547408157200000E+015   3.87711651906325325257E-018
      4722   1.61560504091951425000E+015   4.60856063245321218227E-018
      4723   1.74284958236882325000E+015   5.98185865114877080154E-018
      4724   1.45354337016856875000E+015   8.11669018585600789553E-018
      4725   1.55156477949104575000E+015   5.32021140289411471707E-018
      4726   1.91531316443216975000E+015   5.38884694673656191153E-018
      4727   1.62293367782482880000E+016   2.91676578425326602785E-018
      4728   4.13831537196935680000E+016   1.15325996007127790275E-018
      4729   3.23600613320418720000E+016   1.61901779952565542425E-018
      4730   3.03489086992755640000E+016   1.82065326669945540525E-018
      4731   2.21952569582987720000E+016   1.38748784951554385179E-018
      4732   2.01736654554738160000E+016   2.70913622654306586578E-018
      4733   1.36318222060482624000E+017   3.47703299679659835197E-019
      4734   1.06031211876090064000E+017   4.33421451673152724206E-019
      4735   1.44423681882348032000E+017   4.01598792798481182300E-019
      4736   6.47469670396439120000E+016   1.04252821530772867589E-018
      4737   6.07893459586851680000E+016   1.30746590657263477862E-018
      4738   1.11973896877253920000E+017   6.30307249109286341331E-019
      4739   2.07619541813281440000E+016   2.05151578866864100162E-018
      4740   5.70986966108226720000E+016   1.54792895015256171828E-019
      4741   1.97601107825679240000E+016   2.76750995030991575797E-019
      4742   1.55448627319194480000E+016   7.39550999424373858248E-019
      4743   1.14712869649639860000E+016   4.13789320240205108308E-019
      4744   2.35332725941733400000E+015   2.86414771074842051569E-018
      4745   2.10046946078873050000E+015   2.82913828030322042168E-018
      4746   2.28924072708731000000E+015   3.54245968849118577989E-018
      4747   1.64837347319011625000E+015   2.35047137148103887755E-018
      4748   2.51044333377251800000E+015   3.46621071373349292118E-018
      4749   1.65914919961804000000E+015   3.67308165938887126063E-018
      4750   1.80714448594388250000E+015   4.01620213897313190453E-018
      4751   2.94359886824595050000E+015   2.56419478772418674036E-018
      4752   2.75435680759397950000E+015   2.17201794201235725936E-018
      4753   2.59248490104251350000E+015   3.15270663295760994951E-018
      4754   8.15916844988904750000E+014   6.75144220476472806795E-018
      4755   1.05079413251455937500E+015   6.46652201863581763721E-018
      4756   1.02768202122280450000E+015   4.92790466331035813733E-018
      4757   6.56029521738287500000E+014   8.14418536908303724971E-018
      4758   6.52315795711070000000E+014   8.22895705766763892751E-018
      4759   7.05243330848785750000E+014   7.28291698984369717975E-018
      4760   1.66894670751843450000E+015   4.83258514559460728486E-018
      4761   1.71233557299635425000E+015   3.79709746535568428536E-018
      4762   2.08818092548482650000E+015   3.74213375003527186250E-018
      4763   1.75150010025410625000E+015   4.12771303773501638738E-018
      4764   8.32749406461319875000E+014   4.06538800691754480830E-018
      4765   1.09538527173527412500E+015   4.16630714747279648482E-018
      4766   7.85781603121534875000E+014   5.04230547966145500342E-018
      4767   1.00418646170321137500E+015   3.76415314673158290733E-018
      4768   6.78533359583431500000E+014   5.88302769796280131095E-018
      4769   2.86040653536386500000E+015   2.44982792084824791479E-018
      4770   3.10676297451068600000E+015   2.25997116599695944826E-018
      4771   5.84920092980376900000E+015   1.45388217408124908190E-018
      4772   1.04104882514208275000E+015   4.34177668771749911964E-018
      4773   5.30261501729300200000E+015   1.03771157753752090611E-018
      4774   2.88345651854438050000E+015   1.73348957670565777975E-018
      4775   1.33911002180780975000E+015   2.72615946351107851067E-018
      4776   2.12599169871988675000E+015   1.57763570564462646077E-018
      4777   1.77374096795929100000E+015   1.87179868549774554280E-018
      4778   1.82749863126806975000E+015   2.54521685019610173219E-018
      4779   1.80433199133124975000E+015   3.05860670467873596096E-018
      4780   3.57813119402585150000E+015   1.74221857694978682787E-018
      4781   1.17294057174793400000E+015   5.82294107494960840581E-018
      4782   9.46186455591621875000E+014   6.02253945340992279344E-018
      4783   1.38355428854736300000E+015   5.07606054445155658254E-018
      4784   1.18376036347434525000E+015   5.88417648692310416502E-018
      4785   1.55238210279362275000E+015   5.34409380601116450709E-018
      4786   1.27853325079862500000E+015   5.85328387169894400282E-018
      4787   1.00731679350447737500E+015   5.42804800235589495244E-018
      4788   8.92139318981326500000E+014   5.89621711753658985068E-018
      4789   1.31170297408999350000E+015   6.05244434247945719931E-018
      4790   1.06668608086077437500E+015   7.00397386481228367155E-018
      4791   1.56889637547272225000E+015   5.40257383566683703035E-018
      4792   9.80218135703740000000E+014   5.09675590615616726079E-018
      4793   7.00461032472230375000E+014   7.99204477327477211951E-018
      4794   5.79927716144855750000E+014   5.66246477069108235395E-018
      4795   8.74920734742812250000E+014   5.03119690362029390951E-018
      4796   1.12974822508906175000E+015   5.68156989339780299742E-018
      4797   1.19984011045125150000E+015   5.18024266277720731611E-018
      4798   9.68108774945859500000E+014   4.84308262639614924809E-018
      4799   1.38220300152497375000E+015   5.58121951970135556528E-018
      4800   1.54161116398847000000E+015   5.93203043900041784320E-018
      4801   1.22398770477573350000E+015   6.03517091045484361522E-018
      4802   7.81247412944267750000E+014   5.88510227399519550104E-018
      4803   9.09109012421096375000E+014   7.28074797543745501047E-018
      4804   6.33645778821644160000E+017   8.70997013208643396862E-020
      4805   6.25216002190832128000E+017   9.32035787983940735387E-020
      4806   2.26682693895966944000E+017   1.48676305869565167861E-019
      4807   1.61689370257680128000E+017   2.85031675710494148488E-019
      4808   1.29471859698104880000E+016   1.50287919121526250112E-018
      4809   2.22659644542675776000E+017   1.01492784904567224484E-019
      4810   4.10784761334839936000E+017   1.04524342931727302454E-019
      4811   2.18957549138147680000E+017   2.56877614084759058442E-019
      4812   5.04375367406248640000E+016   4.67404543004557085881E-019
      4813   1.44322065264869440000E+017   1.47481482845135402942E-019
      4814   2.22728819759892416000E+017   1.08127142844774015830E-019
      4815   3.14707170024115968000E+017   1.52898039634257758584E-019
      4816   1.92184529681505760000E+017   1.58351846861392209765E-019
      4817   1.58876140106809024000E+017   4.43069184167905458952E-019
      4818   6.63416699599812352000E+017   4.56917306452503201726E-020
      4819   1.64812501588156448000E+017   7.60744064395512877111E-020
      4820   2.97537149314185472000E+017   5.72645750208225234611E-020
      4821   2.08580912656670880000E+017   1.15596350905368511536E-019
      4822   3.31671278863775872000E+017   2.33048277242888448222E-019
      4823   2.31548154344004256000E+017   1.18472858439890252915E-019
      4824   1.59124922915543744000E+017   8.61976816647826616485E-020
      4825   4.67765164773313280000E+017   1.18853356029896811122E-019
      4826   5.88488295370138160000E+016   1.62512419297078288928E-018
      4827   3.94523428735555360000E+016   1.37116369440347930372E-018
      4828   6.13756354293028400000E+016   1.20095107078813755044E-018
      4829   3.36337632991118720000E+016   1.39819432353077837941E-018
      4830   2.21036106484220384000E+017   1.45030765087874101255E-019
      4831   1.96907432137872352000E+017   1.74004321089433255898E-019
      4832   2.04305132447186906250E+014   1.00000000000000008334E-030
      4833   1.12910513904635800000E+015   1.00000000000000008334E-030
      4834   4.17747134177043008000E+017   9.98628838361174014869E-019
      4835   1.14273246479648832000E+018   4.71912152945999080118E-020
      4836   1.89269801488739456000E+017   3.70602859897147342825E-019
      4837   2.51243630166977504000E+017   1.11062422927914885934E-019
      4838   2.60120054730753280000E+017   5.18590647730782517153E-019
      4839   4.80261085375344064000E+017   2.39697343570378827553E-019
      4840   6.02855018883429376000E+017   1.57572860675374722692E-019
      4841   2.23499635416013152000E+017   2.97141079016913412652E-019
      4842   3.07108147552063296000E+017   2.08230275798666463767E-019
      4843   3.42365608769903168000E+017   2.37550793686489568266E-019
      4844   3.38238828743591104000E+017   2.62467069572437495178E-019
      4845   5.35953315990068672000E+017   1.36513577768882718982E-019
      4846   5.52187787762621632000E+017   2.36778196871777352927E-019
      4847   3.22830533381371584000E+017   3.40422756875662636515E-019
      4848   2.38735076008600320000E+017   5.70871790156970835175E-019
      4849   5.27933574002310400000E+017   2.42810465559797545097E-019
      4850   3.14221886024614720000E+017   7.47484692873517524592E-019
      4851   2.78558456140686496000E+017   5.89888925431515765795E-019
      4852   1.58448411118022720000E+017   4.72046356743153603115E-019
      4853   3.69011121167599840000E+016   4.40663903884262922724E-018
      4854   6.59041831723925376000E+017   6.06863971144869367843E-019
      4855   8.10987395658823936000E+017   2.12839584926204422447E-019
      4856   8.14414611288265856000E+017   1.73638912847946195379E-019
      4857   9.31787207142098816000E+017   6.56841985526421100972E-019
      4858   1.58376089271997875200E+018   4.49948329497655563740E-019
      4859   1.47054928796642995200E+018   2.26970825795490944461E-019
      4860   1.88722729001692864000E+017   9.93477680601064679743E-019
      4861   4.75423926937600576000E+017   2.17295298297713869063E-019
      4862   1.20580988131233894400E+018   1.86191872043332295471E-019
      4863   1.19170115834876339200E+018   1.81864153300133889644E-019
      4864   1.16527859784441523200E+018   1.69065635259502727613E-019
      4865   3.50061791240810920000E+016   3.52056375236067468260E-018
      4866   1.04882868247339504000E+017   1.00000000000000008334E-030
      4867   5.89114754509813360000E+016   6.59237027949340589051E-019
      4868   2.86451072309411560000E+016   3.84531313786004419039E-018
      4869   1.26062983501330464000E+017   8.52713524540449387352E-019
      4870   4.73830661791518560000E+016   2.69926877442580970447E-018
      4871   4.05569930139474048000E+017   3.21000438999277185868E-019
      4872   6.62613337638732672000E+017   1.91888023428784227939E-019
      4873   1.01725634102425881600E+018   1.24764446204143034018E-019
      4874   4.66795196219816768000E+017   3.98257970437063391441E-019
      4875   2.14234073535504160000E+016   2.59576123833441172879E-019
      4876   7.73928217112898560000E+017   6.39797768424934300391E-019
      4877   1.22589451271532288000E+018   3.40408835106208636577E-019
      4878   9.16777928493910720000E+016   1.92910065861056545730E-018
      4879   5.30349276342015840000E+016   1.44119957347032615482E-018
      4880   6.86341590303120896000E+017   8.61956965755161224857E-020
      4881   5.54003266556058176000E+017   2.65742717296143895228E-019
      4882   3.49101420071530112000E+017   1.00000000000000008334E-030
      4883   1.68801875822284569600E+018   3.79346248662799964650E-020
      4884   3.81037931582713440000E+016   2.03285151509592228423E-018
      4885   1.05081061007116748800E+018   4.39147013901058629337E-019
      4886   3.85215182452588750000E+015   4.67652757516346301462E-018
      4887   6.30606592451547200000E+015   3.55750930724187067151E-018
      4888   5.29492605667826900000E+015   3.74625924294815445878E-018
      4889   3.91032954599469400000E+015   4.11765980464968587734E-018
      4890   5.70169247870112200000E+015   4.61504892381089516060E-018
      4891   1.25613933301571700000E+015   3.39165428412969249040E-018
      4892   1.96708535917617250000E+015   3.91403282179930997850E-018
      4893   2.76052694039599400000E+015   3.30425803840487956732E-018
      4894   2.12450700632301000000E+015   3.76847273373513049331E-018
      4895   2.28818837669232600000E+015   4.41584283483784764155E-018
      4896   1.85647218720746925000E+015   3.98562123577077103365E-018
      4897   1.00209419431412350000E+015   4.43438854862820836207E-018
      4898   1.08885696075071437500E+015   2.95775464667469964148E-018
      4899   1.12577908562483362500E+015   5.64727275867000486181E-018
      4900   1.39081039667412900000E+015   3.84174296103157084219E-018
      4901   7.82957184811084375000E+014   4.43408181677885770398E-018
      4902   1.28509274980738125000E+015   5.90026645646175388291E-018
      4903   1.86883548583822200000E+015   4.54901197116872833377E-018
      4904   2.90021818454238800000E+015   2.38662477521220862586E-018
      4905   3.27475173290388050000E+015   3.12899332499008205211E-018
      4906   4.36828219230852150000E+015   1.78704891482319381417E-018
      4907   6.84902330659364100000E+015   2.01550875908823282270E-018
      4908   2.02712431445792400000E+016   8.89315736937087962893E-019
      4909   2.20686908082064200000E+016   5.39477832273323065520E-019
      4910   1.98625688270059440000E+016   7.00136041590068866827E-019
      4911   6.27664346191557700000E+015   1.50565697570848713024E-018
      4912   1.08942364059659080000E+016   7.64315334021620676461E-019
      4913   1.57466875181027220000E+016   5.41952073487246009415E-019
      4914   3.58474588722066050000E+015   1.51735083701711125281E-018
      4915   2.40084022475781100000E+015   3.15051553208669280776E-018
      4916   3.55281312876614050000E+015   2.02194207955006441440E-018
      4917   3.20290824329093400000E+015   2.19349553132239535500E-018
      4918   2.23956718594320925000E+015   2.49851950934924544254E-018
      4919   1.83030038813504250000E+015   3.01162556038724768990E-018
      4920   2.00269551903958050000E+015   3.33402440214277048093E-018
      4921   2.56826183651743600000E+015   2.05603193344787015582E-018
      4922   2.75683790435109920000E+016   3.57578682709481513839E-019
      4923   2.98036379666675560000E+016   3.39359673661450843517E-019
      4924   3.18928918425301480000E+016   2.91063723475771380678E-019
      4925   6.75392082545558880000E+016   1.17652119211200423258E-018
      4926   2.48152303045840200000E+016   1.21158248354344038423E-018
      4927   5.23135176660196400000E+016   8.75897625612368588895E-019
      4928   4.69213517870441024000E+017   1.76601885081559999204E-019
      4929   2.56894730572556192000E+017   3.24458998866168711473E-019
      4930   5.01076711591939200000E+017   9.91753308537431673732E-020
      4931   5.03779650073174400000E+017   1.98999644788112934759E-019
      4932   3.81593363405964736000E+017   2.22988937731322430726E-019
      4933   2.95797229737851840000E+017   3.23845266430950730927E-019
      4934   8.05268001388325632000E+017   1.50734234259492702710E-019
      4935   5.51262846269272960000E+017   9.40462517312315049677E-020
      4936   1.88503165073806208000E+017   6.34780788871222065256E-019
      4937   2.50281078929043200000E+017   4.80386440050908787906E-019
      4938   1.54461931651251808000E+017   7.30920203419035268295E-019
      4939   1.80493536913389344000E+017   5.75820939074530290020E-019
      4940   1.66175879154098592000E+017   4.31638937035048723118E-019
      4941   2.51813411285296704000E+017   4.90391437386975209515E-019
      4942   1.83858730296725344000E+017   5.81012429740182721281E-019
      4943   4.52076118614696384000E+017   1.43075404371493674482E-019
      4944   4.73211276539646464000E+017   2.72209463493271893773E-019
      4945   4.35444906006590144000E+017   1.52916275072234641334E-019
      4946   2.17047808595329952000E+017   5.28322253108224279859E-019
      4947   3.61304908763769856000E+017   1.26173479464778116736E-019
      4948   4.15246661013229696000E+017   3.47064327962301892433E-019
      4949   6.47510437852061568000E+017   2.26807756912274697842E-019
      4950   2.90840645291465088000E+017   3.88886836975882817525E-019
      4951   2.80231866995066528000E+017   1.55512152607991915630E-019
      4952   9.57963331503847040000E+017   1.38234321114841839587E-019
      4953   4.47482409831134144000E+017   1.15329768459577394108E-019
      4954   3.86993915845757376000E+017   2.48379279153501675453E-019
      4955   1.33925686652503440000E+017   6.91599525055813549195E-019
      4956   2.08737966359264768000E+017   3.29840462435934351133E-019
      4957   1.55799143004033312000E+017   1.12786295703559727582E-018
      4958   2.66725864812392960000E+017   3.67620792648450878166E-019
      4959   9.97653336160777760000E+016   9.29776590810510393756E-019
      4960   5.03492072919411040000E+016   2.52508885832904600734E-018
      4961   1.58047071433472736000E+017   5.16627028653897718155E-019
      4962   1.32035216740974064000E+017   3.70303128537872286255E-019
      4963   1.03624354848787536000E+017   9.34616746924122253577E-019
      4964   1.35499608987507520000E+017   7.04099891055003778642E-019
      4965   1.28343279760313648000E+017   7.41815011575901567327E-019
      4966   1.48857175947025344000E+017   7.74677470799238263703E-019
      4967   3.25887669217933504000E+017   2.49077712197768971988E-019
      4968   1.60798519842236736000E+017   3.58405150904928483788E-019
      4969   3.44214988952122944000E+017   3.15210762981138775087E-019
      4970   3.02767757281361984000E+017   2.57131048589151364169E-019
      4971   1.76726128963238880000E+017   2.58363755313445557902E-019
      4972   5.17587398642062480000E+016   1.09778362697210464197E-018
      4973   1.00614980220569024000E+017   7.99781716156578550041E-019
      4974   1.20304459810244224000E+017   3.58557181137331788729E-019
      4975   1.34363554612159664000E+017   5.46222115752160413395E-019
      4976   5.41732577299209680000E+016   5.02147094772031013973E-019
      4977   9.18350846273402240000E+016   9.29886303479521145959E-019
      4978   1.78266632615598500000E+016   3.42658794827561188214E-018
      4979   1.88560531844512120000E+016   1.11466210609015277323E-018
      4980   1.07744843242950992000E+017   4.64853011112965387861E-019
      4981   1.69966233880512064000E+017   1.55199058319819828701E-019
      4982   1.22135108836648240000E+017   2.26851760873292100724E-019
      4983   1.87836095202159872000E+017   2.78772988334035032508E-019
      4984   2.61578592620233376000E+017   1.65500246365650477936E-019
      4985   1.39630121720186672000E+017   1.46908394656531506750E-018
      4986   1.32193983849335180000E+016   2.45730937584909538582E-018
      4987   1.13053732351721360000E+017   3.48428171891506667609E-019
      4988   3.19238261220546560000E+017   2.72986947064782989432E-019
      4989   1.71957189790158899200E+018   1.19206106294959918462E-019
      4990   6.68965998568627584000E+017   1.84557524860070204340E-019
      4991   5.22147613580435712000E+017   2.79332060672441187764E-019
      4992   1.04889653683292800000E+018   6.04088756655691852366E-020
      4993   7.44818507356675584000E+017   3.22621794591946691944E-019
      4994   2.31980399404881510400E+018   6.21209551082202871416E-020
      4995   6.08915226982298496000E+017   4.47019578347499818838E-020
      4996   1.00000000000000008334E-030   1.00000000000000008334E-030
      4997   1.36468257279131238400E+018   1.00000000000000008334E-030
      4998   1.99731948000684620800E+018   1.00000000000000008334E-030
      4999   1.04012831635895820800E+018   2.23920012857531111243E-019
      5000   1.40350856174067720000E+016   1.24025636501191100224E-018
      5001   7.40941520275885600000E+015   2.13877671656508725771E-018
      5002   4.39597002839373800000E+015   2.73818409400777013403E-018
      5003   3.28113467817733650000E+015   4.75993226851126174821E-018
      5004   3.35209574817381500000E+015   2.97594968577136809903E-018
      5005   4.14546711551376850000E+015   3.14384245839704417638E-018
      5006   9.54476505834488960000E+016   7.69961232360392800183E-019
      5007   2.20420231998072160000E+017   4.07806896740043460843E-019
      5008   1.24481783472590560000E+017   6.11463997077976037500E-019
      5009   8.56942386880932160000E+016   8.64476814285839493404E-019
      5010   1.04256286429461552000E+017   7.49380591188464566705E-019
      5011   1.41927047917377056000E+017   5.23729886483190034668E-019
      5012   1.28841181601302000000E+017   9.45172734486440356732E-019
      5013   2.46135444287206016000E+017   3.25888549858259288632E-019
      5014   8.14743558674101248000E+017   4.93609337519943669233E-020
      5015   2.67253592530858656000E+017   3.11292519936867486744E-019
      5016   2.78467252647126912000E+017   3.62281714406472304173E-019
      5017   5.72517257448302528000E+017   1.34181526826477582383E-019
      5018   6.33256803106350720000E+017   1.33872920128974126849E-019
      5019   4.36526845705568448000E+017   3.44438160327639765611E-019
      5020   9.35915218687294464000E+017   1.83973499860879827291E-019
      5021   5.76694583749640576000E+017   2.34484602162479710496E-019
      5022   5.07700434803863424000E+017   7.07290259895950512431E-020
      5023   8.44802626675740416000E+017   3.17356965609662080820E-020
      5024   2.81789515621966656000E+017   1.23266811941698283826E-019
      5025   2.99203956971872896000E+017   2.59000998056511710414E-019
      5026   1.07942734969736080000E+017   8.58042758616926718528E-019
      5027   5.25760134203006208000E+017   2.42724969679302806550E-019
      5028   2.60134783430203296000E+017   3.14177863809159733941E-019
      5029   9.70008865056951168000E+017   3.26594073603377761866E-020
      5030   9.34344563517872128000E+017   3.24945533183012725500E-020
      5031   7.76961078462965120000E+017   9.40795380798469123769E-020
      5032   4.15941453633907072000E+017   3.03897958853331653125E-019
      5033   8.60817877450077440000E+017   1.17092570533027058905E-019
      5034   1.40731847376730760000E+016   7.69039234595233801618E-018
      5035   7.47423955128511488000E+017   6.58397330577346352499E-020
      5036   5.07952150066261056000E+017   1.51121132645917828608E-019
      5037   6.39946251633028608000E+017   1.50835390194343365482E-019
      5038   6.39049536174458496000E+017   1.79824786741278826696E-019
      5039   2.47830813558621024000E+017   4.62361792126246461079E-019
      5040   4.38957388623530496000E+017   1.94841983990800381884E-019
      5041   6.97507677456625280000E+017   2.10885391790605617376E-019
      5042   7.60516276410434304000E+017   1.60256953381699449948E-019
      5043   1.93217957809948211200E+018   1.36078266541804130926E-020
      5044   5.08762703475237376000E+017   3.74672776662595944236E-019
      5045   6.77224628578231552000E+017   3.16619340203507144917E-019
      5046   2.77526054351154336000E+017   6.18612311905744477802E-019
      5047   8.18141643977814016000E+017   3.23501433814136517409E-019
      5048   4.02174439538062208000E+017   9.61193915766734809536E-020
      5049   2.34646595035630880000E+017   3.65957346040881432298E-019
      5050   1.71356700077847808000E+017   8.68591982939901663381E-019
      5051   2.73195841007376480000E+017   5.35964729359848988592E-019
      5052   2.94333065479548096000E+017   1.47191193455135810546E-019
      5053   1.43412324040817936000E+017   7.71075676465988652558E-019
      5054   3.35988468631961152000E+017   3.17833634971283125111E-019
      5055   2.91811178253471840000E+016   2.55523970967284575195E-018
      5056   2.63118589556172864000E+017   9.68242454947300931841E-020
      5057   4.53421390367748992000E+017   7.62885659478601439375E-020
      5058   1.60414894597209696000E+017   5.53769702215666087290E-019
      5059   1.64636402803954144000E+017   3.66147334385660628085E-019
      5060   6.78063767284670880000E+016   1.14035697509064659556E-018
      5061   1.19016840378647808000E+017   6.60828031495222997331E-019
      5062   2.52631764987874406400E+018   2.59156549765331590479E-020
      5063   6.06717534934277376000E+017   6.31254848755924712046E-020
      5064   3.95746369974809152000E+017   2.40812905898324092821E-019
      5065   4.22778321089299456000E+017   5.85707218184322002316E-019
      5066   5.22528089167056640000E+016   5.53408710648201488420E-019
      5067   1.06052076979343500000E+016   7.88335521562995884954E-018
      5068   3.00219447929145088000E+017   1.36098389701161770707E-019
      5069   6.25287839498412800000E+017   1.91874961269124502066E-019
      5070   1.17675698370315984000E+017   4.83060017570194492213E-019
      5071   1.35756999741265184000E+017   4.11808697072675554857E-019
      5072   2.29672576466484960000E+017   3.36605166704239795786E-019
      5073   2.02789573673500512000E+017   3.32061252951508048687E-019
      5074   1.43416661216557184000E+017   4.65284219341730411589E-019
      5075   5.01069932561102800000E+015   5.04527358444075180679E-019
      5076   9.83862558061101200000E+015   5.95586523828012969107E-019
      5077   6.26703363610987100000E+015   7.03782088031592548605E-019
      5078   3.42674664417580450000E+015   1.83580308532256300154E-018
      5079   5.68633962605066125000E+014   8.15859748901025501667E-018
      5080   4.44435869181090000000E+014   6.23195129347914573119E-018
      5081   5.26953578865028687500E+014   9.46441064262174119717E-018
      5082   6.10428192929878750000E+014   6.49003700675784221477E-018
      5083   5.62571801172930125000E+014   7.09184867657466502090E-018
      5084   6.72916320358419875000E+014   1.02623957112914924247E-017
      5085   5.16448107803920062500E+014   8.12069653817943148282E-018
      5086   8.80806816424090000000E+014   5.62758646893602462713E-018
      5087   5.69866280304915750000E+014   7.56729970577725682186E-018
      5088   6.34469263812822625000E+014   8.04757091092557264843E-018
      5089   5.66213158911119750000E+014   6.96298718796119227488E-018
      5090   6.22961515690697500000E+014   8.03317523897561019177E-018
      5091   8.08119298612532000000E+014   3.68235936775445062042E-018
      5092   6.07777700781695375000E+014   6.08022255755323167399E-018
      5093   3.03771122137063687500E+014   6.13142718863689271312E-018
      5094   5.23042628112350937500E+014   6.92417925506460740760E-018
      5095   4.64591522567733562500E+014   7.33099560453565365196E-018
      5096   4.64634283029282187500E+014   6.65211889402999596893E-018
      5097   4.01789578595891312500E+014   9.23123488005487388500E-018
      5098   8.23040738455041250000E+014   6.13670801001266461256E-018
      5099   7.87150408158466250000E+014   8.53473218895491075623E-018
      5100   7.12287190691637750000E+014   5.55938972782551886516E-018
      5101   7.46056125791613750000E+014   5.74966151686370050880E-018
      5102   7.50778928541149625000E+014   4.13921416497121280429E-018
      5103   4.19287837804752125000E+014   5.19158893274745247680E-018
      5104   4.69149349224808125000E+014   6.11062427379516005916E-018
      5105   3.93069646290134875000E+014   9.05272141885734116318E-018
      5106   3.69801176718573900000E+015   6.55819488038743819926E-019
      5107   3.16570296350539000000E+015   1.48948745112783880023E-018
      5108   1.96826547940047425000E+015   1.82745361947890871428E-018
      5109   6.51187001928716375000E+014   4.66872891198452944613E-018
      5110   1.01962679337374200000E+015   3.23614160382212724025E-018
      5111   1.08048323007293862500E+015   2.96442448677341126742E-018
      5112   7.40056798361301375000E+014   4.18158793684271340255E-018
      5113   6.85284040490784625000E+014   5.14751040942734657774E-018
      5114   6.70348097190564125000E+014   3.76142190345568636274E-018
      5115   1.77210589856616400000E+015   2.43304457157913881003E-018
      5116   8.66001944168499250000E+014   4.59476467557326417120E-018
      5117   6.26525654260944625000E+014   4.16501003471431131342E-018
      5118   1.13974163252955025000E+015   3.48989015423451628947E-018
      5119   2.00287035081586784000E+017   4.39793738730977457081E-019
      5120   2.49869063011094800000E+016   2.75501016718694215417E-018
      5121   1.08895968170957132800E+018   1.07991039843470145011E-019
      5122   1.92234014767060300800E+018   3.76765465994811466018E-020
      5123   6.18674087009306112000E+017   1.96669498241247581544E-019
      5124   5.53961146900881536000E+017   2.47325756836440562389E-019
      5125   1.97872608298198348800E+018   6.10119212231973180760E-020
      5126   7.83780815678531328000E+017   1.69016110572721998708E-019
      5127   2.15162030954168544000E+017   4.50502151047320184425E-019
      5128   4.27148230506719232000E+017   3.29552860190366129834E-020
      5129   1.73418091719971993600E+018   3.45542128064356829112E-020
      5130   1.03745659726487014400E+018   5.58410036216237876471E-020
      5131   6.81137869216302208000E+017   1.75347079388990496036E-019
      5132   1.23941194371594640000E+017   8.89573172509144832440E-019
      5133   7.34104124446066560000E+016   1.23783419728332491111E-018
      5134   4.57796470987220480000E+017   2.42789756309356047300E-019
      5135   5.01819572828337088000E+017   3.74630341281169308097E-019
      5136   3.24436274226012096000E+017   3.80051127096994731763E-019
      5137   4.95909245207424064000E+017   4.75819975768955991913E-019
      5138   2.88853586327208576000E+017   5.08590565559288600661E-019
      5139   4.50721784283023168000E+017   4.27307331281735910978E-019
      5140   1.93643710097955776000E+017   4.26549554966897996853E-019
      5141   2.48559951624974432000E+017   4.11525899328904294937E-019
      5142   5.59951824912634240000E+017   9.47423832846061232130E-020
      5143   4.62515821555985216000E+017   1.96264171794150309238E-019
      5144   8.84688021844325888000E+017   1.34451668064077690147E-019
      5145   1.63727802507675725000E+015   6.03530171567115161580E-018
      5146   2.93054418918844350000E+015   4.00088101876839844828E-018
      5147   1.63553344601786900000E+015   4.63915249375748097363E-018
      5148   2.12279944322425025000E+015   4.28897156890567359525E-018
      5149   2.73282337894234750000E+015   5.00318772196527230523E-018
      5150   2.12365428936591275000E+015   4.04033562822439935261E-018
      5151   3.15176310640012000000E+015   3.53472087309026998971E-018
      5152   2.26953078433054000000E+015   3.89326579563640694430E-018
      5153   3.29152150847386500000E+015   4.73464758503415670079E-018
      5154   3.07084991031507450000E+015   3.51377365822605221452E-018
      5155   2.23006106364226675000E+015   2.89226563526136248299E-018
      5156   2.66185099102394150000E+015   3.04089198926278320059E-018
      5157   2.10450988196175275000E+015   4.11772435855194919720E-018
      5158   2.59643785485150950000E+015   3.99222997410735892682E-018
      5159   4.91885647134649400000E+015   2.64448321962093549293E-018
      5160   3.37641113310771750000E+015   3.48462514472390018297E-018
      5161   4.15286928680964200000E+015   2.61377838997367455645E-018
      5162   3.51722641056841250000E+015   2.87637088577992729636E-018
      5163   2.05477342518603100000E+015   3.24112428924517034665E-018
      5164   3.94880592291190650000E+015   1.62353834351949987023E-018
      5165   7.40078037176801800000E+015   1.13290623395026530002E-018
      5166   4.14666563968297350000E+015   1.43704806035917948546E-018
      5167   9.25016315386312400000E+015   7.68234576051709430889E-019
      5168   1.74821450485686050000E+015   3.57150877739313310085E-018
      5169   3.34071473987015400000E+015   2.46665773305377088173E-018
      5170   1.78514691972903350000E+015   3.69448803819572785372E-018
      5171   3.66352551972490250000E+015   1.90657512095689405389E-018
      5172   1.63835054174345525000E+015   3.75757395728510051830E-018
      5173   3.32463981938483750000E+015   1.55882208962259566525E-018
      5174   3.12315223393630912000E+017   2.74370036860755809630E-019
      5175   3.28072948366021632000E+017   3.34084362403752840806E-019
      5176   2.95691026621516672000E+017   3.90764729873098191068E-019
      5177   2.46096292258784576000E+017   4.77047079751554633019E-019
      5178   3.23643311806381700000E+015   2.79323420200367118066E-018
      5179   6.77724920368890000000E+015   1.41057367164958179445E-018
      5180   2.32966638198383480000E+016   4.95690123268776464646E-019
      5181   1.50721467417650500000E+016   1.00107776315494054403E-018
      5182   1.66193081979511120000E+016   6.83928700968907705465E-019
      5183   1.75375513830298980000E+016   5.29110864346849213064E-019
      5184   4.80135442441459700000E+015   2.38783811707606880487E-018
      5185   1.61367772016946420000E+016   1.08961665835607157933E-018
      5186   1.84664820638262550000E+015   4.85803829342747700428E-018
      5187   2.10488984777195625000E+015   4.62723777496948834780E-018
      5188   2.45243752974753000000E+015   5.12861701767193487434E-018
      5189   1.99085519855724825000E+015   5.12924226777447698884E-018
      5190   2.04428935650662125000E+015   5.88295324030996882377E-018
      5191   1.58922613600615100000E+015   7.86254337411762341363E-018
      5192   1.94956544542192725000E+015   7.90826399753156831550E-018
      5193   1.85640876572093700000E+015   4.23427089169494147987E-018
      5194   1.91998485226085950000E+015   4.55199439050657369695E-018
      5195   1.97726981589789400000E+015   5.46404597073915708139E-018
      5196   1.85461815055369475000E+015   3.93734266775822014418E-018
      5197   1.46739944867707725000E+015   5.28529166672926619324E-018
      5198   2.19307685925911050000E+015   4.62654932131352910373E-018
      5199   2.05000291575530875000E+015   5.49651954134634832324E-018
      5200   1.47804185475346175000E+015   9.07871205733127170909E-018
      5201   2.87037819632370350000E+015   5.19078756898560428847E-018
      5202   1.43847337931974600000E+015   5.93374804589132134022E-018
      5203   1.62174667911693900000E+015   5.09230680622710143725E-018
      5204   2.33371602228565400000E+015   5.11154723401025221480E-018
      5205   2.49953529005391300000E+015   4.73579878722159994910E-018
      5206   2.31793326439126500000E+015   4.25599799253769990950E-018
      5207   1.56516247497543075000E+015   6.20656354212739627982E-018
      5208   1.99925483786008250000E+015   3.87746906277798310284E-018
      5209   1.57418806933099150000E+015   6.36889764035066763485E-018
      5210   2.03568199429098725000E+015   3.35243820809747727705E-018
      5211   1.49344069315051875000E+015   5.36144239519033148437E-018
      5212   1.93064992530175600000E+015   4.63134014972880568895E-018
      5213   2.17081503667977600000E+015   3.67601851649763275811E-018
      5214   1.33333255601514275000E+015   6.42909210064413152978E-018
      5215   1.31387483369183325000E+015   6.33858821888732077088E-018
      5216   2.03336194589089400000E+015   5.73987272612840301548E-018
      5217   6.76895326592997376000E+017   3.36185487897773806900E-019
      5218   2.51451605851328032000E+017   3.45131352912991269689E-019
      5219   8.13247254538864896000E+017   1.39846313432669675919E-019
      5220   2.04439572936205568000E+017   1.07316384836929412790E-018
      5221   2.88634494218081344000E+017   9.24238912266576485554E-020
      5222   4.59361748943626496000E+017   2.41068521235314105181E-020
      5223   4.12107654021231488000E+017   1.75362281622216265198E-019
      5224   1.15987179446467824000E+017   2.52643863564133697994E-019
      5225   3.76527565946394720000E+016   1.83935067987194780646E-018
      5226   1.28817606191761184000E+017   8.86293206288725625537E-019
      5227   8.31422055509399424000E+017   1.11908659317649713649E-019
      5228   4.05713098861506944000E+017   2.43860491193345145946E-019
      5229   5.22491111072365920000E+016   9.81062062087696008211E-019
      5230   6.28476756813847840000E+016   1.02230595895378147663E-018
      5231   6.87436265795889360000E+016   9.69384638095699826582E-019
      5232   8.16952539958062900000E+015   3.72523052405432551505E-018
      5233   1.60324887112570598400E+018   2.61861042065496485114E-020
      5234   6.90398879279399168000E+017   2.75529830661627151823E-020
      5235   1.30258361138914608000E+017   9.72879106255972927416E-019
      5236   3.91087310550389440000E+016   1.28199108422466409540E-018
      5237   6.47641634881408512000E+017   1.16999730238882904817E-020
      5238   1.42329856862645104000E+017   3.26899427045192868413E-019
      5239   9.25578633815578600000E+015   4.44114771567703448501E-018
      5240   1.78840434031262432000E+017   8.87612008043601072295E-019
      5241   6.92514341427600640000E+017   2.49633667533418457638E-019
      5242   3.96141153789044416000E+017   1.47613642779892799899E-019
      5243   4.03981360652577088000E+017   1.11468327133667476441E-019
      5244   5.36844350365749504000E+017   8.45667813094263569357E-021
      5245   1.69186264660443776000E+017   3.89489344848855151370E-019
      5246   9.99778875955808000000E+017   1.27042992077902351866E-019
      5247   3.09512061171446720000E+017   1.11761699172635788743E-019
      5248   8.14236330293493625000E+014   5.87282837429975486348E-018
      5249   8.79178176430106375000E+014   5.55744681061860579421E-018
      5250   1.03289996705989637500E+015   5.33758495158814975795E-018
      5251   6.02824852827605625000E+014   5.98034240991097116719E-018
      5252   9.22581236549766000000E+014   3.90834110945242091028E-018
      5253   1.83781922182229575000E+015   2.55733974516131258702E-018
      5254   1.48991047163675575000E+015   3.36096778381740236983E-018
      5255   8.45389830270520500000E+014   5.88373368021745120893E-018
      5256   7.13058446036158375000E+014   5.50594390929800514040E-018
      5257   4.54609254852647750000E+014   7.42827429087021466232E-018
      5258   8.89751700769012375000E+014   5.82105280204780851810E-018
      5259   1.06060497015710237500E+015   5.23168643729505913191E-018
      5260   5.92442326038428500000E+014   5.43628489450753831338E-018
      5261   9.03535490533188000000E+014   7.05218754118996931616E-018
      5262   8.91961429642051375000E+014   5.75189306305121136692E-018
      5263   8.11857102024821000000E+014   7.18283796268905775385E-018
      5264   8.57217233304371500000E+014   8.58401554948172019952E-018
      5265   6.73614320713002875000E+014   4.55636223910791496370E-018
      5266   4.21325388643715062500E+014   4.88973269069633072603E-018
      5267   4.88072267242317937500E+014   8.68964698666606798801E-018
      5268   8.10687524555806750000E+014   8.51684306595938722047E-018
      5269   4.65002115519165312500E+014   9.25310281780100966704E-018
      5270   4.78839936480287000000E+014   6.44938855688396405101E-018
      5271   1.02438963099851537500E+015   5.40182688597837056427E-018
      5272   1.00402034489804175000E+015   4.88549912374254933046E-018
      5273   6.70906868221217750000E+014   4.71402479034575516956E-018
      5274   7.03686023340698625000E+014   4.37446993435979091682E-018
      5275   6.64004685606432750000E+014   6.93946895132318266182E-018
      5276   5.35753180626042062500E+014   8.26063991087485498047E-018
      5277   1.24701105082481325000E+015   3.98225464266561243545E-018
      5278   1.13599100801655650000E+015   4.54814742721384769817E-018
      5279   1.30213083277275000000E+015   4.41357210290544749490E-018
      5280   5.47301322274342375000E+014   4.27845629377488250049E-018
      5281   6.83361709903048125000E+014   6.53630688329883978491E-018
      5282   1.95557888587933975000E+015   2.02410740119301812052E-018
      5283   2.09421718738366675000E+015   2.32627368106160130566E-018
      5284   4.35202238885176000000E+015   1.12131529000894571013E-018
      5285   1.75888627103792875000E+015   1.46860087725547522529E-018
      5286   3.15792093083086450000E+015   1.42766990121764676892E-018
      5287   2.27491957522061400000E+015   2.63071684475910948553E-018
      5288   7.58400429107364400000E+015   6.13945114434659735397E-019
      5289   9.30354428322980160000E+016   6.74441160973618629972E-019
      5290   3.66154636050257216000E+017   1.91389862637872849573E-019
      5291   3.12604748324057320000E+016   1.94815001652356479088E-018
      5292   1.41605318554586816000E+017   2.59504375231860855287E-019
      5293   8.33406824962210000000E+015   1.72075531218389738630E-018
      5294   3.67559588415308352000E+017   2.38486882696636223263E-021
      5295   3.09582317866458624000E+017   9.48852562637487606135E-022
      5296   4.62021125579251264000E+017   4.92553504387914231487E-022
      5297   1.06337725150937472000E+017   1.27410600275408028453E-019
      5298   1.02089897451403760000E+016   2.48869575650502622907E-018
      5299   3.27228316744489088000E+017   6.00682195852088030921E-020
      5300   2.46065674013200768000E+017   1.17632053653465893129E-019
      5301   1.00000000000000008334E-030   1.00000000000000008334E-030
      5302   6.58287729508427008000E+017   1.04923349548710819547E-019
      5303   3.74124952047677760000E+017   2.93290181908748505446E-019
      5304   5.02882126237457187500E+014   1.00000000000000008334E-030
      5305   1.40490071772524979200E+018   1.00000000000000008334E-030
      5306   8.58865592913971712000E+017   1.00000000000000008334E-030
      5307   2.42656451334264000000E+015   3.77356609795251205815E-018
      5308   2.57105273756726750000E+015   2.27900079387804590929E-018
      5309   2.82175112531172550000E+015   2.12225801682644851924E-018
      5310   2.09468311146484100000E+015   3.24288121200057077549E-018
      5311   1.70864383955053300000E+015   4.04724823276821893637E-018
      5312   4.07544292804103250000E+015   3.31625051711195662155E-018
      5313   3.48552531906818000000E+015   3.51394893527794265883E-018
      5314   3.97049232219354850000E+015   2.18519412472899480132E-018
      5315   2.29597096069861950000E+015   5.40814882929362367880E-018
      5316   4.04549347881568250000E+015   3.33136729114941307770E-018
      5317   2.89990302473228150000E+015   5.31204740068054681438E-018
      5318   4.62177318874794100000E+015   2.77436075191722122032E-018
      5319   7.19192876172830700000E+015   2.16870221552394609582E-018
      5320   4.11590987824762080000E+016   5.10337077634737699933E-019
      5321   2.74570365522969440000E+016   6.10543501666846330936E-019
      5322   3.60527337411334800000E+016   5.99973339824998153347E-019
      5323   6.55829934720465200000E+016   4.10460791489128678452E-019
      5324   5.59800312363619400000E+015   1.68238882921536147119E-018
      5325   2.61644583901184440000E+016   7.73976914911486704149E-019
      5326   5.51777104458653400000E+015   4.26314729801500556664E-018
      5327   3.40213681093733400000E+015   4.06149720889361504983E-018
      5328   1.18202260566202180000E+016   2.49279733859401940824E-018
      5329   1.93564489213641240000E+016   2.08357408926971313222E-018
      5330   2.38473594553323200000E+017   3.81535517218852854855E-020
      5331   1.06595139838844320000E+017   4.01495145745343871734E-019
      5332   6.26471370750781680000E+016   2.71784984178832390527E-019
      5333   5.93685439850998080000E+016   1.97231239564581205975E-018
      5334   7.98001154209974272000E+017   7.87888687165347689929E-020
      5335   7.75537125877998336000E+017   1.20790137269076689863E-019
      5336   1.97942209905456384000E+017   3.11345503400312194315E-019
      5337   1.77569373292631776000E+017   2.68501351371308537188E-019
      5338   3.47640295002789056000E+017   2.48978689998648006360E-019
      5339   1.75312854190022016000E+017   3.50762241340092531798E-019
      5340   4.97787329882951360000E+017   1.74190367674196894646E-019
      5341   2.80728111943083456000E+017   2.96408418387642453728E-019
      5342   4.66641612591316672000E+017   3.01294245843789496792E-019
      5343   5.26096265200476992000E+017   3.05232521906222876858E-019
      5344   7.32792771702084960000E+016   8.76372557132780705036E-019
      5345   1.24761066283795904000E+017   4.37640570318489912432E-019
      5346   1.13235616607432400000E+017   5.45386197290622225335E-019
      5347   3.77337158691173040000E+016   1.11556230612933080055E-018
      5348   2.01839075403702080000E+017   5.07245807058948579078E-019
      5349   1.46426993530263808000E+017   3.63471469700027004084E-019
      5350   7.27516412226566560000E+016   8.46535074373308617499E-019
      5351   5.48622242231983120000E+016   9.49416630967423348885E-019
      5352   3.69577342577400880000E+016   1.01160725776983252164E-018
      5353   1.25848067234275984000E+017   6.73297094714084548888E-019
      5354   1.05507437916091584000E+017   7.76276422526690773014E-019
      5355   4.74758561140726240000E+016   7.63414017052350628846E-019
      5356   1.56936519013473568000E+017   3.54989110747773575342E-019
      5357   1.67637551581021248000E+017   2.78770525953139623185E-019
      5358   9.27088243381844960000E+016   5.44794497248470081793E-019
      5359   3.62531314637647040000E+017   1.61636671078014563805E-019
      5360   2.42315334490021120000E+017   3.68967479487267934622E-019
      5361   3.11888580460848192000E+017   3.56980292868527101563E-019
      5362   5.14096075889160704000E+017   1.36357949396431278986E-019
      5363   3.30066465406840320000E+017   1.87727754024917383779E-019
      5364   2.44024265748858432000E+017   2.54440666497472360379E-019
      5365   2.51885946049985952000E+017   1.25815144437345185526E-019
      5366   3.82163053003934720000E+017   1.86670552007256386987E-019
      5367   4.10660179920717888000E+017   2.15704450761209404668E-019
      5368   1.01600406527922032000E+017   6.27470821597344284300E-019
      5369   1.86779060290839936000E+017   5.56562662912188583280E-019
      5370   2.52511589534662816000E+017   5.25346815791711327526E-019
      5371   3.37441612311203712000E+017   2.30479067181032492321E-019
      5372   3.90476536412626752000E+017   7.34948472954605261539E-020
      5373   4.01037507159479680000E+017   1.46659935619742201272E-019
      5374   1.75248287358244544000E+017   2.56440224428429614436E-019
      5375   4.05907031530561536000E+017   1.60689841928435105263E-019
      5376   2.29946337861371488000E+017   2.04763246644245934289E-019
      5377   2.80659982677350304000E+017   1.94694030451073884537E-019
      5378   2.53073823572151392000E+017   4.18122791145946191426E-019
      5379   9.52706178927253760000E+016   2.41711526481299992633E-019
      5380   9.89408302889378720000E+016   1.55847138366380027491E-019
      5381   6.91376462948667648000E+017   1.57426403566144413793E-019
      5382   4.17440571276428160000E+017   3.37871880862179805131E-019
      5383   5.14162631026530496000E+017   2.04974401345430937034E-019
      5384   5.65559350793772032000E+017   2.13024832113704367136E-019
      5385   6.39645038103341696000E+017   1.96857710763213272617E-019
      5386   4.86500053099143744000E+017   1.71692497601415956767E-019
      5387   2.02978371576085024000E+017   4.58120700152787834373E-019
      5388   1.52627749155302912000E+017   5.75148765440019078687E-019
      5389   8.25683350179877920000E+016   1.02444011950807399701E-018
      5390   9.69215596031376640000E+016   5.19838126156706101754E-019
      5391   1.56960688099902624000E+017   5.21537351220415413170E-019
      5392   9.36245127152909760000E+016   1.00816378697251407282E-018
      5393   1.08687323244956336000E+017   2.42308862596462705108E-019
      5394   4.79033206997790144000E+017   1.87077358430648927092E-019
      5395   5.25498987282024896000E+017   1.74153916129873448009E-019
      5396   1.03760247663291040000E+016   2.39560121257797819937E-018
      5397   1.09466828409716400000E+016   2.30516813853138756557E-018
      5398   1.91915386752872080000E+016   1.54816515097323014110E-018
      5399   4.83532374104620560000E+016   7.26124016566145709037E-019
      5400   3.35701100039722880000E+016   7.97502369044400600259E-019
      5401   5.86096599464848400000E+016   7.78538045521846074578E-019
      5402   2.20083017580722720000E+016   1.61750734921107632484E-018
      5403   1.12010476839196192000E+017   4.98874406004293251544E-019
      5404   9.48157322782073280000E+016   5.24015810296141462809E-019
      5405   1.42878277290639616000E+017   3.24332772437617312454E-019
      5406   3.18171235041703680000E+016   1.08147528834930072024E-018
      5407   6.52072612961442240000E+016   2.70730872755106955665E-019
      5408   1.58563672685458816000E+017   4.78545595471334103377E-019
      5409   2.61519908368214528000E+017   3.36710122285217503601E-019
      5410   2.09505909766616224000E+017   3.74295095616118640580E-019
      5411   7.36226482866206240000E+016   4.34848691517222166026E-019
      5412   1.10418809223947584000E+017   1.95158099049234134081E-019
      5413   1.69096242813128360000E+016   1.39528672100368247317E-018
      5414   1.67651650626450700000E+016   1.29913165995508157734E-018
      5415   2.47639635019815680000E+016   8.08053138760229443736E-019
      5416   2.49231713438300040000E+016   2.22855141368001211697E-018
      5417   1.15326777003385120000E+016   2.53696665161727009678E-018
      5418   5.35211165262144576000E+017   1.45104501143487317104E-019
      5419   4.76921349905265600000E+017   2.14516401274005908702E-019
      5420   7.29501254807309312000E+017   1.36225030419199206933E-019
      5421   3.95481872501317760000E+017   2.83182686785935944879E-019
      5422   1.23700333498235596800E+018   1.54071976739413692448E-019
      5423   5.26289619193720576000E+017   2.90017775269318149417E-019
      5424   8.06963512836456320000E+017   9.92935749787346428269E-020
      5425   6.17144407592886016000E+017   1.23086560405010558777E-019
      5426   8.66788854653258112000E+017   2.04404273580737975036E-019
      5427   1.07465927209825164800E+018   3.28655466271998585018E-019
      5428   1.74706396306337480000E+016   2.83571473201150961902E-018
      5429   2.22770618420587760000E+016   2.20085851162861768361E-018
      5430   1.87975777614519200000E+016   2.14168659900242568820E-018
      5431   1.86034381925850760000E+016   1.58924401207708363154E-018
      5432   1.08697025395247880000E+016   2.83700006052671458899E-018
      5433   1.58733162426202620000E+016   1.97284129347190225108E-018
      5434   4.92597365842220880000E+016   1.38142521380765372042E-018
      5435   5.71791870092731200000E+016   1.21452818717471310841E-018
      5436   2.43575031349347072000E+017   2.21927349613533955593E-019
      5437   1.52591235823166432000E+017   5.48759462635174080404E-019
      5438   1.81089883657682784000E+017   4.00329422113490706455E-019
      5439   2.86666982862721536000E+017   3.64168074543419258850E-019
      5440   1.74008688938081184000E+017   4.93962161227315441125E-019
      5441   2.20081899239515776000E+017   2.00910420627747153202E-019
      5442   2.20317707722865184000E+017   2.08987000414313460306E-019
      5443   1.05492703799289936000E+017   6.38158803859206761153E-019
      5444   3.90309503596358640000E+016   1.26921287206172715511E-018
      5445   1.75158395246500900000E+016   2.38755557807716573207E-018
      5446   1.07590034824825904000E+017   9.83394575270668087714E-019
      5447   1.02736655691619504000E+017   9.16389502163924344664E-019
      5448   2.01802168442126368000E+017   3.52088841639493546421E-019
      5449   1.48927764447202112000E+017   2.62611496891731092139E-019
      5450   1.93788726555794880000E+017   4.50146666392220967641E-019
      5451   5.57261113103152832000E+017   1.68024109039360599522E-019
      5452   6.10335683137732224000E+017   1.75319653549430461023E-019
      5453   6.72543339015086080000E+016   9.88716988290176038672E-019
      5454   6.55123456772223360000E+016   1.33688148643437228623E-018
      5455   5.45709682985856320000E+016   1.69472404566831697851E-018
      5456   7.26808975628771840000E+016   8.34233300980016401442E-019
      5457   1.04220885325038656000E+017   5.69705724401958902493E-019
      5458   2.64779893769397536000E+017   3.31113711573540098401E-019
      5459   2.82231446719506848000E+017   3.28917659003010002487E-019
      5460   2.56357171523952224000E+017   3.57550134169455707508E-019
      5461   1.08664935855766384000E+017   3.75257249939255843088E-019
      5462   2.38934921472146144000E+017   3.88772705497024013930E-019
      5463   2.00955477830565216000E+017   3.24463155854543908246E-019
      5464   1.52716762635798208000E+017   5.72423767789823748509E-019
      5465   1.52176592531703872000E+017   6.81449397354976989809E-019
      5466   2.62633399312222432000E+017   4.80594323058730510264E-019
      5467   4.87140604227734784000E+017   2.40638554697427577716E-019
      5468   8.16751985232358784000E+017   3.20777789244012331795E-019
      5469   4.49157015315855040000E+017   4.87719219508342638456E-019
      5470   7.37633880258065408000E+017   2.87270520039199873310E-019
      5471   9.22647109974231360000E+016   1.94703050502764576184E-018
      5472   2.35078712329245798400E+018   1.95681945362510466118E-019
      5473   1.82158575091898598400E+018   1.06927655803694806855E-019
      5474   1.04062731780567641600E+018   1.45847861470891758116E-019
      5475   1.13596183131914636800E+018   5.54136400965980996457E-020
      5476   3.43900445426689126400E+018   1.06257035818694190215E-019
      5477   4.26278097577133120000E+017   8.57595947742958669839E-020
      5478   3.85980613756572480000E+017   2.74482089893420900163E-019
      5479   2.43238819956340128000E+017   1.40302970563338449240E-019
      5480   1.08345959810948560000E+017   7.98600047730740442639E-019
      5481   1.16718691348458464000E+017   3.99209190407840534415E-019
      5482   1.36159838204968768000E+017   3.42608705622698267622E-019
      5483   3.62230970093082112000E+017   3.09282260078440617598E-019
      5484   9.13092410549528800000E+016   1.18419481312286534453E-018
      5485   1.28984098863945104000E+017   7.45747924909117341118E-019
      5486   2.01646969174517280000E+016   2.79092201792809778438E-018
      5487   2.57585595438889960000E+016   3.22966920832567460194E-018
      5488   1.64688558304448736000E+017   4.93830477101731577658E-019
      5489   7.85280175642031040000E+016   8.96736870098741058220E-019
      5490   4.76753949415073760000E+016   2.61974963826773933533E-018
      5491   4.04093623627074000000E+016   1.39580776092639259597E-018
      5492   4.55788749861291520000E+016   1.25579457286608715057E-018
      5493   2.57271171356798040000E+016   2.14046003810088372144E-018
      5494   6.69991903232080880000E+016   1.47775140245046746552E-018
      5495   1.25965505656531360000E+017   7.31742036269105906742E-019
      5496   1.22620284277044880000E+017   8.53171535518679273274E-019
      5497   7.09028285852391680000E+016   1.28404324054813916780E-018
      5498   1.82684499453114464000E+017   6.97047305516182669426E-019
      5499   1.92551744958939840000E+017   4.97571635368812524515E-019
      5500   1.99586303985340192000E+017   5.02546371571159272856E-019
      5501   1.61123296467969408000E+017   5.06688411812077586398E-019
      5502   3.50570463137446920000E+016   2.08041687850103380482E-018
      5503   1.48536883342060192000E+017   5.91471808363224469434E-019
      5504   2.34065829604606080000E+017   3.65137648711998112657E-019
      5505   2.73116312964356384000E+017   2.26823298185056965273E-019
      5506   2.87790431591079008000E+017   4.86961433736151584114E-019
      5507   1.62686583469849088000E+017   3.87156277012892311885E-019
      5508   1.11393355716746208000E+017   5.46897145084129990790E-019
      5509   1.37953620147011872000E+017   5.42754754665816771312E-019
      5510   2.75999737383602120000E+016   2.74743445051827546111E-018
      5511   1.80966374249059808000E+017   2.91977821649804579425E-019
      5512   2.49628644343906880000E+017   3.76469201036576955669E-019
      5513   1.13692681718322480000E+017   6.27669281403892263112E-019
      5514   1.91260479908454752000E+017   3.56916967904509485284E-019
      5515   8.40998109526458240000E+017   1.72312967754275624102E-019
      5516   6.77502787528458240000E+017   9.51094974567232386513E-020
      5517   3.35483784618622720000E+017   5.29284157785801301362E-020
      5518   4.64273356530811648000E+017   1.73603040728263561548E-019
      5519   1.06712376946996240000E+017   6.08967022242746759307E-019
      5520   6.27887786784601680000E+016   8.38872854246709004465E-019
      5521   1.27720214070588000000E+017   4.30014241684730105408E-019
      5522   5.50569662660188608000E+017   2.87484529265551303533E-019
      5523   2.51431840929890176000E+017   5.76215976849014701613E-019
      5524   3.78118531029408000000E+017   2.44850951542724215373E-019
      5525   2.99023192690908096000E+017   4.88654176180387555526E-019
      5526   8.22998004437230080000E+016   9.71901585636105627262E-019
      5527   1.17127797531147088000E+017   5.31486889550372360425E-020
      5528   1.25773011836359200000E+016   8.82963828304655948782E-019
      5529   3.06193167012994048000E+017   5.16926330442634950759E-020
      5530   3.85378285559273728000E+017   2.81753782735984322750E-019
      5531   1.74502107316033536000E+017   4.54071839640616872222E-019
      5532   3.83526857753439920000E+016   1.88160963164756000607E-018
      5533   1.03131009319620656000E+017   7.61837574715020505592E-019
      5534   4.31608365631806000000E+016   1.66813058371207320439E-018
      5535   8.44263454516840960000E+016   7.59661825834323544219E-019
      5536   8.64411375711239360000E+016   5.46863137880287676887E-019
      5537   1.15864077818493184000E+017   5.23583694142829954220E-019
      5538   1.20490593904196768000E+017   7.79491502342653018693E-019
      5539   1.83050585308465856000E+017   3.88180728653195915066E-019
      5540   1.00627056204239328000E+017   8.09511214755036072081E-019
      5541   1.69726791143953376000E+017   4.74792591776684545662E-019
      5542   1.63017598127259525000E+015   5.99900410628124045143E-018
      5543   1.97202231206806575000E+015   6.65864747577692588110E-018
      5544   1.48956025947689800000E+015   5.75959793695974535786E-018
      5545   1.46598405704390475000E+015   7.98739323950716097819E-018
      5546   1.52679678780696125000E+015   8.47690252683569779135E-018
      5547   1.41518357734865650000E+015   8.20009382188439643863E-018
      5548   1.22348257599062050000E+015   6.06941677981008308079E-018
      5549   1.09835646709256725000E+015   6.54844629876100778125E-018
      5550   7.19068323386403000000E+014   7.35112374457878577648E-018
      5551   1.22555131138780600000E+015   7.55896266515637074995E-018
      5552   1.27397490807927375000E+015   5.23856617493228582959E-018
      5553   1.24901346842288325000E+015   5.99405467393086675351E-018
      5554   1.13789255572374125000E+015   7.21363392086656330331E-018
      5555   1.07725488793422775000E+015   5.94500875734097887835E-018
      5556   1.00937196871572150000E+015   5.54186022038358424704E-018
      5557   1.11425158487284487500E+015   7.55694672102968580042E-018
      5558   1.49090339273587375000E+015   6.57805990813524010167E-018
      5559   1.25665205243723900000E+015   5.86161745950978772693E-018
      5560   1.18527525720479975000E+015   8.49556703586302230434E-018
      5561   8.42595692866312375000E+014   6.85551703070074197289E-018
      5562   8.90852716647030125000E+014   5.33747538374435730273E-018
      5563   1.73031132763644288000E+017   5.49803347035089529495E-019
      5564   3.79657862159857984000E+017   4.18150635673565957957E-019
      5565   1.20306171726014745600E+018   6.92088897371256673685E-020
      5566   6.55766734576065152000E+017   2.91331500360969993782E-019
      5567   1.30449077568716625000E+015   6.17342026178704366396E-018
      5568   2.06146714460137800000E+015   5.50610048351997545514E-018
      5569   1.29475206034809275000E+015   4.27778670325441116798E-018
      5570   1.46270774896088025000E+015   3.97902968877380334630E-018
      5571   3.37232079755993650000E+015   1.60781154797532763923E-018
      5572   2.94072812070867000000E+015   2.64915576084285208387E-018
      5573   2.36341291454631750000E+015   1.79808452870639753310E-018
      5574   5.60013761331585300000E+015   1.02818864208729344320E-018
      5575   6.94878982786188125000E+014   4.91812193938968204239E-018
      5576   1.18509869034428100000E+015   4.13088652983101139814E-018
      5577   8.91434883467795125000E+014   5.75840871604747987279E-018
      5578   1.49329418137335950000E+015   3.70632106329889990568E-018
      5579   1.59177938733043900000E+015   3.17917951496773317951E-018
      5580   5.55948052719455500000E+015   1.38687094966693583815E-018
      5581   6.80540068042426100000E+015   1.29991697755700575270E-018
      5582   6.38255407886917800000E+015   1.26112373456711095153E-018
      5583   1.74698577298278075000E+015   3.23510555824265665787E-018
      5584   2.37078906419727100000E+015   3.40101632828340079907E-018
      5585   4.34151121475108600000E+015   2.64757812784053574399E-018
      5586   1.37346840251087900000E+015   3.26393806439845580673E-018
      5587   1.40783285661335600000E+015   3.90766344108101872104E-018
      5588   1.62929165007029625000E+015   3.78425401692457399907E-018
      5589   1.90876120903206150000E+015   4.94185686704440549752E-018
      5590   1.76292551184629500000E+015   4.22421512266940979351E-018
      5591   1.64971459122438950000E+015   3.20888463348507872260E-018
      5592   1.29398530340902350000E+015   5.75993947786994062283E-018
      5593   1.24281554065039275000E+015   4.65235345569129106874E-018
      5594   1.11074929821687925000E+015   5.90060095061015087799E-018
      5595   1.14635964574340125000E+015   5.47249893174501394700E-018
      5596   1.20870291945959425000E+015   5.74697966098258946979E-018
      5597   1.50761941386497100000E+015   5.07158424100746680141E-018
      5598   1.87244951047601975000E+015   3.23110050852151762265E-018
      5599   5.58789820745968937500E+014   6.73811919108318665633E-018
      5600   1.11796954625325475000E+015   5.19890792164962236936E-018
      5601   1.12161440354772100000E+015   4.41954231269933038673E-018
      5602   1.01851861675706912500E+015   3.75195658727964008025E-018
      5603   1.12030841731635600000E+015   5.82586446211501390346E-018
      5604   9.90179375899384000000E+014   8.25168332465834444323E-018
      5605   1.64702605590020100000E+015   5.12816461365017506111E-018
      5606   1.32288687709514100000E+015   6.16417055798306193043E-018
      5607   1.28988723692775975000E+015   4.77073828374111142883E-018
      5608   1.26263736744428100000E+015   3.92660769596229540499E-018
      5609   1.62750007462634900000E+015   3.49833609304881103999E-018
      5610   1.26124679074290175000E+015   3.73485061863083998205E-018
      5611   3.31136463148795550000E+015   4.58990282534636873737E-018
      5612   2.53443289078942500000E+015   5.28037795753676839931E-018
      5613   2.37313733152812250000E+015   7.90896827723420917937E-018
      5614   2.04346728056071625000E+015   5.79622061190867085737E-018
      5615   2.24298626470453350000E+015   5.41724639115894150585E-018
      5616   1.61421372118322200000E+015   4.95255443194185355609E-018
      5617   1.61563826973041375000E+015   6.01752723986063667716E-018
      5618   2.14233064603056925000E+015   3.66021081862807970598E-018
      5619   1.64827623530923150000E+015   7.83401599868228947890E-018
      5620   1.17135846204161025000E+015   5.00419156813990855430E-018
      5621   1.34044171047055050000E+015   5.08231965468045722274E-018
      5622   1.19217589039586550000E+015   8.46568656481380497576E-018
      5623   1.86615122593838325000E+015   4.99398605461260672040E-018
      5624   1.64447510367416275000E+015   4.72897096953046047718E-018
      5625   1.71973860070286336000E+017   1.46536706570808898025E-019
      5626   4.23544861641905088000E+017   1.29928666821822138245E-019
      5627   4.08461024729403904000E+017   4.07671966533292445838E-019
      5628   3.13164160007209472000E+017   5.99505311216344676322E-020
      5629   4.57533368461318592000E+017   1.01101355146852432621E-019
      5630   7.18126479360420992000E+017   5.96067723548183276460E-020
      5631   2.51323052003790272000E+017   1.81733952385119514525E-019
      5632   7.89935839983973120000E+017   1.53332122362461966754E-020
      5633   3.05565243672754944000E+017   2.72920532852071486595E-019
      5634   2.50754592424441984000E+017   4.98105463134426382289E-019
      5635   1.08176561603574560000E+017   5.77225216624365722324E-019
      5636   3.14723010535965824000E+017   4.28264694530528363916E-020
      5637   2.00712206563703640000E+016   3.12434584607555146849E-018
      5638   1.63564800329365056000E+017   3.76964345395127840187E-019
      5639   1.23516678947612464000E+017   1.03779781832784550970E-019
      5640   1.35152992394705648000E+017   5.14919963770022291143E-019
      5641   2.85215222141044160000E+017   2.20610887429844964047E-019
      5642   8.10914654561438208000E+017   6.58310732169855884669E-020
      5643   2.20636138389736864000E+017   1.96886157528101645046E-019
      5644   4.29268727158073728000E+017   6.88048456375668438479E-020
      5645   2.50790903102548928000E+017   1.60612905590616782796E-019
      5646   1.83644439896107808000E+017   2.38971357097587006994E-019
      5647   1.36500394608325888000E+017   4.80803444377600825930E-019
      5648   1.08204780762736576000E+017   4.57912371965964992217E-019
      5649   3.68285380315289856000E+017   7.98204968349787856004E-020
      5650   6.21481695765109760000E+017   1.56001464991052595106E-020
      5651   2.57365977273346784000E+017   1.38901436078161187128E-019
      5652   1.04541667958644288000E+017   2.84349021697325117972E-019
      5653   2.89512325672433984000E+017   2.77773675700515766573E-019
      5654   2.74803724868839104000E+017   8.11633135085000021608E-019
      5655   4.23894344352036352000E+017   2.74968873664200229628E-019
      5656   2.98887851788759350000E+015   3.31205074562525672798E-018
      5657   3.25423293779232150000E+015   4.29929694151893986575E-018
      5658   3.21376028338533050000E+015   5.04153063910858737040E-018
      5659   2.99675907598553700000E+015   4.16700555455974861389E-018
      5660   2.88473569259189550000E+015   4.36498338359942329175E-018
      5661   4.20991993995453150000E+015   4.10650410428986765540E-018
      5662   3.39750606989841000000E+015   3.62131750675160479157E-018
      5663   1.97715706631442250000E+015   4.38342349615637327004E-018
      5664   2.41555307773894900000E+015   4.52461566336129361091E-018
      5665   2.42849804689203900000E+015   4.04189863762298256039E-018
      5666   2.79147087443082400000E+015   3.56453957050354876969E-018
      5667   2.53556893687915950000E+015   4.01628982448849677032E-018
      5668   2.56658655912898850000E+015   4.25578374902002362939E-018
      5669   2.05862802143064625000E+015   4.57825849251032419835E-018
      5670   2.20568158826848975000E+015   4.41202378405796300150E-018
      5671   2.32736423612834050000E+015   4.07284157395276335327E-018
      5672   2.81995401910271850000E+015   4.71477702182702724551E-018
      5673   2.14133932085389400000E+015   3.84194175031199023265E-018
      5674   2.38267700102656450000E+015   5.30968415960604119463E-018
      5675   1.29427473991675825000E+015   7.27241414832114438927E-018
      5676   1.73607102918007425000E+015   6.54238144209404786085E-018
      5677   1.47088352256339650000E+015   7.52222627116393766909E-018
      5678   2.25676089300298200000E+015   4.60857771482053835025E-018
      5679   2.19873863390948725000E+015   3.20264720523325744527E-018
      5680   1.92180703930934525000E+015   4.48205912452117485373E-018
      5681   1.90717771086391600000E+015   5.34245041173116029025E-018
      5682   2.47791083956852050000E+015   4.51185697685247530059E-018
      5683   2.03595179059359775000E+015   4.70047093057788690078E-018
      5684   2.29088669391133200000E+015   4.29452836575716749562E-018
      5685   2.43074252937348050000E+015   5.42483380033155126729E-018
      5686   2.24082485002547450000E+015   4.11071072543032675948E-018
      5687   1.83443972533586000000E+015   6.47463748700429196208E-018
      5688   1.83796819312828450000E+015   4.49542023514242086819E-018
      5689   4.64017534426543300000E+015   3.26270945149833473590E-018
      5690   4.89525017312915300000E+015   3.54671782586326872071E-018
      5691   4.27657297594400450000E+015   2.75135619528555828401E-018
      5692   2.39488461078176450000E+015   4.42515335626219885223E-018
      5693   8.60517541586743900000E+015   2.35332082303890818968E-018
      5694   4.66541737680916000000E+015   2.54556839351184794928E-018
      5695   5.61538060122510400000E+015   2.33377604754267000559E-018
      5696   6.51523920079050800000E+015   3.27638884796100013785E-018
      5697   4.29741329818025850000E+015   2.20720945656061859179E-018
      5698   1.51313365570996975000E+015   3.67670206133451204067E-018
      5699   1.85926460131176900000E+015   4.58379885608520762434E-018
      5700   1.49608089148890775000E+015   4.59192949271273527001E-018
      5701   2.02158482102828425000E+015   3.87596725732093371452E-018
      5702   1.85715066772802850000E+015   4.52230308587173914722E-018
      5703   1.24647610702933025000E+015   6.06934836063294607751E-018
      5704   1.01218011789830225000E+015   4.26114399768726907041E-018
      5705   1.19389349397958600000E+015   4.63420178944578766356E-018
      5706   1.12327893897375425000E+015   4.94881651152446650058E-018
      5707   2.01889325037997250000E+015   2.85521941272710254822E-018
      5708   9.29226149961369750000E+014   5.29815131481996291836E-018
      5709   7.62560409190719000000E+014   9.70383485961557882374E-018
      5710   6.87301222989042125000E+014   9.66716360933203904502E-018
      5711   1.06638808717196450000E+015   5.64475413861697534136E-018
      5712   1.11827621018862975000E+015   6.59411614595526126973E-018
      5713   1.10963534626314612500E+015   8.21984050953037134561E-018
      5714   1.42647669714699950000E+015   2.84570586369079706448E-018
      5715   9.39989728235410000000E+014   5.32818398263731707387E-018
      5716   9.61924709843189000000E+014   4.92354232978395426169E-018
      5717   7.56946946901364750000E+014   7.54031154412439510377E-018
      5718   1.25989867859433125000E+015   4.36732667553750969127E-018
      5719   9.07076941544777000000E+014   3.54007504163005428467E-018
      5720   7.94156338492209375000E+014   4.38430561773172026593E-018
      5721   1.25532961624054625000E+015   4.06451154491892707751E-018
      5722   1.03408998623899225000E+015   5.74957029069172203258E-018
      5723   1.37929795049077300000E+015   4.21324431477047812021E-018
      5724   1.21692022201961250000E+015   4.55348176232350237235E-018
      5725   7.06305810206015625000E+014   5.32736129610475980834E-018
      5726   1.34923350527469350000E+015   4.45909424975641968524E-018
      5727   1.02978958213070237500E+015   4.78459830853298577583E-018
      5728   1.62560817831072900000E+015   3.25517455350144209977E-018
      5729   1.10399092712485912500E+015   5.06997616687830152372E-018
      5730   5.03982233995942100000E+015   1.29414870639922789954E-018
      5731   3.90894243936696200000E+015   1.64963880968525251209E-018
      5732   1.11150836134166920000E+016   7.48483140666541708136E-019
      5733   4.55038163969911700000E+015   1.22714878616888605579E-018
      5734   1.52800059165369625000E+015   2.67541866893803246755E-018
      5735   9.34432625418495375000E+014   6.66792888574519623639E-018
      5736   1.60256987503388950000E+015   4.85350484467830315912E-018
      5737   1.23695563600820275000E+015   5.98250539657008317110E-018
      5738   2.71844188131317750000E+015   4.69294690017987610572E-018
      5739   9.59892942170065750000E+014   6.63880654919629613308E-018
      5740   1.31624859780754550000E+015   5.22444948545714989074E-018
      5741   1.66428281880894150000E+015   6.03317870571390610970E-018
      5742   1.09300616964955012500E+015   6.42019055551939259142E-018
      5743   1.31022989197249600000E+015   5.44232828905296471157E-018
      5744   1.20552640139534275000E+015   5.73507922126127118687E-018
      5745   3.72197372976291050000E+015   9.81404725286426070931E-018
      5746   4.64684625092740300000E+015   1.22389785510686808512E-017
      5747   1.63293614671668975000E+015   2.92486168683242632123E-018
      5748   2.52770205779788128000E+017   1.20625732784547776288E-020
      5749   3.68379064194167168000E+017   2.46486502251558419762E-019
      5750   4.84656452962439936000E+017   1.82225682675515934508E-019
      5751   7.46514636854844288000E+017   5.65821498254504611746E-020
      5752   3.18385645056767488000E+017   1.60193672100488629890E-019
      5753   1.73588484429233216000E+017   3.16739642000147632624E-019
      5754   3.73011056266879808000E+017   7.72463225376337091943E-020
      5755   4.29847771998210240000E+017   5.91130316871592966512E-020
      5756   1.40009615376175480000E+016   6.62002266715307612639E-018
      5757   5.58033720149866800000E+015   4.88237442096822178013E-018
      5758   8.42254207920801664000E+017   4.32552322709268343422E-019
      5759   3.45606345810668288000E+017   5.07369490735886489732E-020
      5760   5.26432284562277056000E+017   5.81196984038807444726E-020
      5761   6.91935239046345216000E+017   6.09758307216344285640E-020
      5762   4.03349933222608896000E+017   2.00947204050596076954E-019
      5763   6.07444102866837632000E+017   2.02829789639329790533E-019
      5764   1.05976408399753497600E+018   2.51724227698769352270E-019
      5765   4.70830724413816240000E+016   1.76053727646539696816E-018
      5766   2.35201062504379680000E+017   1.21758081436554299194E-018
      5767   6.55958594385305856000E+017   9.15960394978590431380E-019
      5768   1.31249133975631667200E+018   6.67365142894989438075E-020
      5769   2.94333431416405632000E+017   2.28482542090182745837E-018
      5770   1.02596885136693555200E+018   2.96614583650163637396E-019
      5771   8.97280905852562944000E+017   1.34428643643950354680E-019
      5772   1.21766101765570099200E+018   5.75510203809391813187E-019
      5773   2.43118762504503560000E+016   3.89551551188784026895E-018
      5774   7.79786563670690944000E+017   3.01996380230344101049E-019
      5775   1.00000000000000008334E-030   1.00000000000000008334E-030
      5776   3.33391632101034400000E+016   2.26421646463756068967E-018
      5777   1.00000000000000008334E-030   1.00000000000000008334E-030
      5778   9.16767809654487200000E+015   1.16162710813499672374E-019
      5779   6.28747368505181600000E+016   7.01297738446272228461E-019
      5780   4.17398387708605600000E+016   1.32291262688011082455E-018
      5781   7.13164034076552064000E+017   4.11776651602528418058E-019
      5782   1.20571643220909619200E+018   1.26662591375047945425E-019
      5783   6.11441212323514880000E+017   3.03709378202070690137E-019
      5784   3.14332960145413760000E+016   1.28638547585016324708E-018
      5785   2.22319210362902374400E+018   2.91414733152533783605E-019
      5786   1.58035757407963920000E+016   1.00000000000000008334E-030
      5787   1.28052848503032678400E+018   4.74094306734584678523E-019
      5788   1.81004071335512857600E+018   3.54041376463461469565E-019
      5789   1.53632671028952900000E+016   7.34645552380411155107E-019
      5790   1.96905156612476800000E+016   3.63520014541666148453E-019
      5791   8.72755906532011392000E+017   1.21610423495507026458E-019
      5792   5.25609392749950144000E+017   1.66749810151486834438E-019
      5793   6.21254692755449040000E+016   5.79429997773337120778E-019
      5794   1.26112596169400736000E+017   8.60652161941421482808E-019
      5795   4.06003415241662450000E+015   2.47365936526340355632E-018
      5796   3.55354673202679400000E+015   2.94087891699760682347E-018
      5797   1.41959711397522475000E+015   5.22794304666713638395E-018
      5798   3.80264690824837200000E+015   2.00912478941937424824E-018
      5799   2.52465656029024500000E+015   4.50619087862858487947E-018
      5800   2.68934753994663800000E+015   4.00550589888541399322E-018
      5801   2.74670349556358600000E+016   2.29929673187706105952E-018
      5802   2.92010413307166760000E+016   1.48143061810239548050E-018
      5803   4.68886462030840640000E+016   1.08359544618974079799E-018
      5804   3.31737213532215680000E+017   2.49615097125542075383E-019
      5805   4.33950707517487040000E+017   3.76997680382184626363E-019
      5806   8.46105775198959232000E+017   5.81906557909491867232E-020
      5807   3.95228394391196288000E+017   3.39332696057429946523E-019
      5808   1.85947044272368480000E+017   6.24810784190832744180E-019
      5809   3.72393142520046592000E+017   3.35242519910777997758E-019
      5810   2.97005681132387584000E+017   2.88917293765555160586E-019
      5811   2.47124445312045472000E+017   1.74338067407257617713E-019
      5812   3.93727950054187136000E+017   2.64808441183001285823E-019
      5813   3.63819451115213824000E+017   2.52254989261496556811E-019
      5814   5.06467264984283456000E+017   2.02071925870062315319E-019
      5815   2.50073008900875520000E+017   2.12717837409060751062E-019
      5816   7.43934470962480768000E+017   6.04126354963832397127E-020
      5817   1.55571690687638528000E+018   2.92271699824720967908E-020
      5818   1.03892284345180659200E+018   6.95864948082754213172E-020
      5819   2.17763108240855040000E+017   1.97823040471328950236E-019
      5820   3.24812042213192384000E+017   1.97830762248455092584E-019
      5821   2.88669557391470976000E+017   2.37453962417619643810E-019
      5822   2.62711906189022912000E+017   1.50641239293247142425E-019
      5823   3.48936748455278016000E+017   1.67947603870703800446E-019
      5824   2.65422844069024672000E+017   4.57448688796305972419E-019
      5825   1.90476096854811296000E+017   3.32215388883945680095E-019
      5826   2.32185789183535424000E+017   2.70188387573323535004E-019
      5827   1.41818956280988288000E+017   1.00108560672115634244E-018
      5828   2.14168226751613024000E+017   4.75299079698169276045E-019
      5829   2.34839599216203616000E+017   5.02748023482994289702E-019
      5830   6.25603301264123200000E+016   1.38598318899788835953E-018
      5831   7.60694040050899520000E+016   9.38367625326937550892E-019
      5832   9.35515437208286720000E+016   8.26993485637199103932E-019
      5833   7.06534905209969920000E+016   8.03839994520332212102E-019
      5834   1.77079598822462816000E+017   6.83567995704216041555E-019
      5835   2.41978521051162240000E+017   2.60276115679364897416E-019
      5836   8.58226107422000320000E+016   5.32674542340143572304E-019
      5837   5.37433191878828000000E+016   8.93606198224920274033E-019
      5838   1.10901372446000440000E+016   5.59068888842623202727E-018
      5839   7.25016771278953120000E+016   3.33593513877931085750E-019
      5840   1.53498452587797120000E+017   4.13365130526744655077E-019
      5841   1.75583705818981568000E+017   5.45414946536067645148E-019
      5842   1.32796016384635872000E+017   1.19082264295852764200E-019
      5843   4.35944166214264256000E+017   2.20441814345108824516E-019
      5844   1.82871889781656224000E+017   5.20277203205747905493E-019
      5845   2.59504229143698048000E+017   2.12986549140829292317E-019
      5846   1.22067819763043104000E+017   7.23518895828019817111E-019
      5847   5.47721542286750560000E+016   6.77137971827091825407E-019
      5848   1.98501143095639360000E+017   3.60826342487561138388E-019
      5849   1.09966236700214176000E+017   1.05818098403481971596E-018
      5850   4.42908477891706304000E+017   3.79909763265920149795E-019
      5851   1.48402659610088294400E+018   1.82641409433325745360E-019
      5852   1.10563493942499468800E+018   4.90684547399458457958E-020
      5853   1.41393992626485712000E+017   1.86810100238330218966E-019
      5854   6.49579027169013964800E+018   8.09182351618557302610E-020
      5855   4.99600327228681300000E+015   2.89692591159546178334E-018
      5856   3.33775633581321400000E+015   3.26452386401453212973E-018
      5857   3.80489162713544250000E+015   4.09560969541383698351E-018
      5858   2.38044324841867300000E+015   2.91720062460389981578E-018
      5859   2.37144554084069216000E+017   3.30936842379096672191E-020
      5860   1.41145987642994880000E+017   5.62187979369304742515E-019
      5861   2.65730074290443360000E+017   2.08168937738213941637E-019
      5862   3.56692121733157248000E+017   2.57488987311593592160E-019
      5863   3.11280008687320512000E+017   8.89083186058230811585E-020
      5864   3.88781265120731712000E+017   2.10934519466829787562E-019
      5865   2.61714688033598976000E+017   1.68525142331629659064E-019
      5866   4.95734562221038464000E+017   1.89052707269009639877E-019
      5867   2.68695240550908192000E+017   6.91985381879032309988E-019
      5868   2.21401360793760288000E+017   5.98775822091158380192E-019
      5869   4.86753532843347008000E+017   2.55361302441751389977E-019
      5870   2.65119131815761088000E+017   1.79003416788914423111E-020
      5871   4.69693659331828352000E+017   1.28844260426491639501E-019
      5872   2.12460763057095552000E+017   2.47154234861450950709E-019
      5873   1.95312382576551744000E+017   4.32058718231281896853E-019
      5874   7.23219712019864704000E+017   1.15712695718522639477E-019
      5875   4.35728294591233280000E+016   1.45628938517587801635E-018
      5876   1.12361541968811424000E+017   6.30048254102778956788E-019
      5877   7.22157343394356992000E+017   6.57168904175412236886E-020
      5878   5.66579938269981504000E+017   1.22769813789400191231E-019
      5879   6.26645198773473152000E+017   1.61330620755110926613E-019
      5880   1.28371910125765939200E+018   8.93488859730467301612E-020
      5881   9.05948883494814848000E+017   1.72708531870087358451E-019
      5882   1.64596755865943936000E+018   2.01652540332786596389E-020
      5883   4.53841327239089600000E+016   5.65749443521369356725E-019
      5884   3.20182996529519744000E+017   1.40384402228450127085E-019
      5885   3.48874542243381696000E+017   1.49910331112770457108E-019
      5886   1.77821419568956096000E+017   2.29164513364207235158E-019
      5887   1.31694380917481984000E+017   3.20130221763991351643E-019
      5888   3.89923769503906240000E+017   6.71706664152024557211E-020
      5889   7.00427021632141056000E+017   2.78451348237606780872E-019
      5890   4.32355866081251264000E+017   8.54992983836205553108E-020
      5891   2.89864583043199360000E+017   2.34938121841916044671E-019
      5892   2.01355525253564864000E+017   4.86419728049199164332E-019
      5893   7.48559221099842080000E+016   1.18503726447474708892E-018
      5894   1.87179168775172896000E+017   2.55050375353977741038E-019
      5895   3.43780564358732736000E+017   2.04269165247107767884E-019
      5896   1.43792074132024217600E+018   3.23983954958287205791E-020
      5897   4.23010982402018048000E+017   6.51788887470631941093E-020
      5898   7.03892075419468160000E+017   1.58851209780384942926E-019
      5899   8.67789737321305984000E+017   8.95415486574042500319E-020
      5900   3.37617549208406336000E+017   2.77290474388859883475E-019
      5901   2.64783587872695648000E+017   1.61575217400320557644E-019
      5902   5.41076243109004000000E+014   5.46016488838223990493E-018
      5903   8.76917024841514125000E+014   3.61702132341723383476E-018
      5904   5.79588227620006375000E+014   6.86637595602721689200E-018
      5905   4.88297928915659187500E+014   6.60908964567017987284E-018
      5906   8.47724316767575500000E+014   6.16573068708509749048E-018
      5907   7.59254798077787500000E+014   7.70182409605996600808E-018
      5908   4.83509833707730812500E+014   7.45015927921118738557E-018
      5909   5.95276669597076250000E+014   7.90459231427242822680E-018
      5910   5.39930793085289625000E+014   8.24414097157547798183E-018
      5911   1.01959108584931050000E+015   2.76072626691016773865E-018
      5912   5.49493509006952687500E+014   4.77944861012820519943E-018
      5913   4.50777859940586687500E+014   6.01189874703234667215E-018
      5914   6.10216030882434000000E+014   4.04282059938888722264E-018
      5915   5.61308566346948687500E+014   5.48358761946534795712E-018
      5916   3.42017148166233125000E+014   7.67463943257754597213E-018
      5917   6.13309600261375375000E+014   5.38314928604550272293E-018
      5918   5.39583854014187125000E+014   4.92485240649677292904E-018
      5919   7.19303045281198250000E+014   4.53527602561778355826E-018
      5920   4.62133426131360687500E+014   5.50350006748889011813E-018
      5921   7.30153913898338125000E+014   4.59324998945296262968E-018
      5922   5.25434152623847812500E+014   4.83844958489170718419E-018
      5923   6.47418592835146000000E+014   4.42416497214584843364E-018
      5924   8.57764403997344125000E+014   3.27297237713657356247E-018
      5925   1.21041795346942925000E+015   3.33312474074124226418E-018
      5926   1.35390606289977175000E+015   2.37151849229814555968E-018
      5927   5.92991040408541125000E+014   5.19475868024829090661E-018
      5928   4.20384106197664250000E+014   7.82524521151240283359E-018
      5929   4.92771955361530375000E+014   4.92454096489053157949E-018
      5930   3.94300318510102687500E+014   4.20110633369067825789E-018
      5931   4.95436536379693750000E+014   9.24944629466653437114E-018
      5932   4.69667098085012812500E+014   5.96854175449731710383E-018
      5933   7.11992096922738875000E+014   7.14133354851188470197E-018
      5934   6.68814312566501250000E+014   7.11544185811616726808E-018
      5935   5.98944641163952125000E+014   6.73617540713805991746E-018
      5936   5.39798475347112875000E+014   5.23683934202210085456E-018
      5937   8.70455881637138625000E+014   4.81408237087251603788E-018
      5938   7.04080968829380875000E+014   5.66424884369089268731E-018
      5939   3.86905023651783875000E+014   9.10227268221788660434E-018
      5940   5.04552219621713812500E+014   7.29810591398164841238E-018
      5941   7.09327204846133875000E+014   6.48113595538294498392E-018
      5942   4.19436272554616062500E+014   7.47913505186048820030E-018
      5943   6.18307300722519000000E+014   6.09019593343513391076E-018
      5944   2.93871272717038062500E+014   8.88941930514444344854E-018
      5945   6.15355398853545750000E+014   4.82390084115565423106E-018
      5946   5.35124575025562562500E+014   5.19743539236847770283E-018
      5947   3.49161810906559875000E+014   5.95087728719402938514E-018
      5948   4.16241025824648875000E+014   5.85433755598567329224E-018
      5949   5.77796280399431500000E+014   5.33880113773052489217E-018
      5950   6.30171947652529125000E+014   4.97509941700710814349E-018
      5951   4.89013785783958312500E+014   8.92051771411724561795E-018
      5952   4.67725189787725000000E+014   6.68084729275158448305E-018
      5953   5.90807466953705000000E+014   6.67319767093950264947E-018
      5954   4.96073923574156812500E+014   7.95846821381287659005E-018
      5955   4.02913494462286250000E+014   8.43201560971069368078E-018
      5956   4.30210187209466187500E+014   7.59294506257139799279E-018
      5957   5.20764906949311250000E+014   7.90322155632998338811E-018
      5958   3.46213520434721625000E+014   5.65051508292646630071E-018
      5959   5.74843501596002875000E+014   6.50723273570151642275E-018
      5960   9.45136500906802875000E+014   3.78686724142450924051E-018
      5961   3.55818571110874200000E+015   1.30282296501984927211E-018
      5962   4.04105022150477200000E+015   8.39584599861769201545E-019
      5963   1.61423950876844225000E+015   2.73493441809627817528E-018
      5964   2.13763272636842425000E+015   1.95521639144816250683E-018
      5965   2.37352502869392100000E+015   1.53810365280150160300E-018
      5966   1.19143772169284050000E+015   4.06873232191360764858E-018
      5967   1.87577410385291875000E+015   2.35156153913964676453E-018
      5968   1.05603885361061875000E+015   3.70166145644642361502E-018
      5969   1.24806735060995850000E+015   3.02751204506735483586E-018
      5970   9.46580523685909625000E+014   4.45597997018427924403E-018
      5971   1.89236621107660750000E+015   1.92709231552132102439E-018
      5972   1.34053505319788950000E+015   1.82455131311269790809E-018
      5973   1.65990811543263425000E+015   1.91461671820685759432E-018
      5974   9.90980551589032625000E+014   3.52879185586426203140E-018
      5975   1.79146139644999756800E+018   2.89114847086288313864E-020
      5976   2.89667913695169216000E+017   5.64625364124703567844E-019
      5977   5.84879127235109504000E+017   2.99258231024831155750E-019
      5978   1.87109804991607136000E+017   4.63735704663531360982E-019
      5979   5.41689718170791872000E+017   3.85016498724930335838E-019
      5980   1.30824815301618662400E+018   1.06969338655750394555E-019
      5981   6.36874795392033408000E+017   1.03665335469802163413E-019
      5982   4.11599881570189248000E+017   2.86695400019386397167E-019
      5983   7.67058008348369280000E+017   1.49638705534194167213E-019
      5984   6.04951684051319936000E+017   1.78162192776320203020E-019
      5985   3.19937793600536448000E+017   3.96034121838301682442E-019
      5986   3.47202005531823936000E+017   1.29016070477109148174E-019
      5987   3.88104205413070912000E+017   2.20188343841225139026E-019
      5988   3.31214213948645568000E+017   3.45972453047250899960E-019
      5989   5.84541463657895168000E+017   1.38729827184299726247E-019
      5990   5.63393183205640384000E+017   2.81234128756275739089E-019
      5991   3.40069497488999296000E+017   3.55003687681949697876E-019
      5992   3.18065697209332992000E+017   3.34909285144132356396E-019
      5993   3.70128192250178176000E+017   3.77528413618004971133E-019
      5994   5.63184524940054464000E+017   4.75045727992684857456E-020
      5995   5.77145657468710400000E+017   1.25556749574200054603E-019
      5996   4.06408479837877350000E+015   2.25123959057566482238E-018
      5997   3.46884332635594500000E+015   2.78914961236694678353E-018
      5998   3.80325157330683050000E+015   2.27613499777002621388E-018
      5999   3.45890064185158600000E+015   2.10769675491037564688E-018
      6000   9.28667296063351000000E+015   1.31365025533796021437E-018
      6001   8.33258238593877800000E+015   1.51252067182327061701E-018
      6002   5.34704894988490100000E+015   2.00823216767535558196E-018
      6003   1.62345795482594000000E+015   4.28556741653993315297E-018
      6004   3.19260800463177000000E+015   2.92597816502470553406E-018
      6005   2.43966362967702750000E+015   2.77837715763670751462E-018
      6006   3.28505809334688300000E+015   2.70544705285596098878E-018
      6007   3.45714230232894250000E+015   2.29139074796260867414E-018
      6008   2.86262090050005750000E+015   3.10156512715912462922E-018
      6009   3.65573173608470800000E+015   2.77690128517974895629E-018
      6010   3.59298836742166650000E+015   2.47810365927849799698E-018
      6011   2.56200451100625550000E+015   3.00075706861609610480E-018
      6012   3.31665509634381400000E+015   3.13098987101205031146E-018
      6013   4.60819494833037600000E+015   2.79144109192099204522E-018
      6014   5.04082495915276000000E+015   3.15086565031834818802E-018
      6015   2.62627243159813300000E+015   4.45021347347372080503E-018
      6016   1.69045174377904375000E+015   5.02101073899128529635E-018
      6017   2.06183990371176400000E+015   4.05699912955869996919E-018
      6018   2.15743916891596700000E+015   4.37567340690043592430E-018
      6019   1.70867235774569550000E+015   3.39721916501801394699E-018
      6020   9.71904142449251800000E+015   1.08888109234523245120E-018
      6021   1.04413129560484760000E+016   1.24127061162955278441E-018
      6022   1.18746946286278740000E+016   1.19686705441954093905E-018
      6023   1.24126621356817040000E+016   1.16215983067805747053E-018
      6024   1.98941055675742000000E+016   7.20542543263428514150E-019
      6025   1.41887068643907150000E+015   6.42306468276702671298E-018
      6026   2.05937080869490575000E+015   3.75436893073845658925E-018
      6027   2.15421354518289100000E+015   4.89680511120479955713E-018
      6028   2.48442691904565750000E+015   4.73940158342027929761E-018
      6029   1.37209474224448600000E+015   7.19646803252291898684E-018
      6030   1.18769272771591225000E+015   5.18339682278446494970E-018
      6031   8.51109915518590300000E+015   1.00000000000000008334E-030
      6032   6.34838519241121600000E+015   1.00000000000000008334E-030
      6033   1.20970357357702480000E+016   1.65996501666945038270E-018
      6034   8.22348442021989632000E+017   1.95656465145175597111E-019
      6035   2.34965048390128416000E+017   3.23267979750987516248E-019
      6036   4.40363854219534784000E+017   1.29253337148948214897E-019
      6037   2.83777808907040992000E+017   2.85118821093818096767E-019
      6038   2.09758035480150816000E+017   4.35670146105446552058E-019
      6039   3.57064592324461000000E+016   1.58306137452268008195E-018
      6040   1.22702071636892864000E+017   6.79529556292237965661E-019
      6041   4.97692598999820160000E+016   1.33453540081039769325E-018
      6042   7.30587986188654240000E+016   9.00713990408216808571E-019
      6043   1.09827798401842608000E+017   6.65512858665074102364E-019
      6044   6.73444690320804500000E+014   7.80459645208865486402E-018
      6045   8.59290748408672000000E+014   8.22123896389421235618E-018
      6046   6.80876618788381500000E+014   4.88398877053301944857E-018
      6047   6.11106389691628625000E+014   5.60751329465240351299E-018
      6048   2.07527557998583475000E+015   3.35453512732014482463E-018
      6049   5.41818078259107000000E+015   9.38644337788589528058E-019
      6050   7.65266573100109250000E+014   5.50049084489768083396E-018
      6051   7.28214498142551250000E+014   5.29139253059300583642E-018
      6052   6.83154659778173000000E+014   7.10630612424444225565E-018
      6053   1.24374983911535740000E+016   1.53064980071306781916E-018
      6054   7.10464336731153000000E+015   1.06471797240970450919E-019
      6055   5.11795398305991500000E+015   4.57981592394475530010E-018
      6056   4.36743720166970550000E+015   4.96111212071576824501E-019
      6057   1.52735644326445248000E+017   1.23379193718658530408E-019
      6058   2.85940070283922592000E+017   4.16639090624264262879E-020
      6059   1.29075959617473040000E+016   3.26519237847411360460E-018
      6060   4.73490677983030080000E+017   1.63819386462567818003E-019
      6061   3.94648677166340950000E+015   4.45310125655307253146E-018
      6062   7.72143922683172600000E+015   4.34046488202017733333E-018
      6063   4.55424357743170400000E+015   3.61024885059625979668E-018
      6064   1.63910491655283820000E+016   2.28954649207933505239E-018
      6065   2.44340364986709440000E+016   1.63034123371011358771E-018
      6066   1.67133572331732840000E+016   2.57127514312250153185E-018
      6067   1.32310219682125760000E+017   8.69416500302220424381E-020
      6068   1.44085917916331560000E+016   5.15567323858694107592E-019
      6069   1.14809476409834032000E+017   7.40934521164479372522E-019
      6070   1.81447827902798592000E+017   2.96580440976805391677E-019
      6071   8.17314124331983680000E+016   6.61009893765227617131E-019
      6072   1.80587153708096704000E+017   7.04291074447200101682E-019
      6073   4.42933027612488704000E+017   2.41918349244007512595E-019
      6074   3.72211527034136192000E+017   3.28027913513691643191E-019
      6075   5.24407007334064768000E+017   1.13508057544185391560E-019
      6076   1.92093212164721000000E+016   2.91894581966937205682E-018
      6077   2.25456987905614240000E+016   2.14083540020109306313E-018
      6078   2.48945630132981840000E+016   2.22745425318619791521E-018
      6079   1.71964804463667300000E+016   4.04167384710253043106E-018
      6080   2.74808887795513240000E+016   2.57124625464755899426E-018
      6081   3.32937742714851136000E+017   3.24686882623199003648E-019
      6082   2.29654201338888320000E+017   4.94426845821543041399E-019
      6083   2.78968331615511616000E+017   3.99476780539034240020E-019
      6084   2.83811390820364704000E+017   2.86602920239849052143E-019
      6085   1.39843275778526352000E+017   3.47679016442986984575E-019
      6086   7.31807969149697920000E+016   6.07493821672898082979E-019
      6087   1.59167248073850144000E+017   4.24465129820190419710E-019
      6088   9.18030017294951360000E+016   5.23089734635213562690E-019
      6089   1.28809395165842816000E+017   5.14232047438376932175E-019
      6090   1.06772678174119536000E+017   7.58998764919550655341E-019
      6091   2.97878115606334272000E+017   3.96828646929846740252E-019
      6092   2.28538768963581440000E+017   2.75599420819083696801E-019
      6093   1.60198253576659008000E+017   4.76228776580918612181E-019
      6094   2.51989078534345600000E+017   3.30168499702563185822E-019
      6095   2.50298259488488576000E+017   2.23952457235135859097E-019
      6096   4.12831119831985792000E+017   1.94832884089902413404E-019
      6097   5.42091527298674960000E+016   1.16595135212783937543E-018
      6098   2.34223035556866016000E+017   3.47753456575203985285E-019
      6099   1.37229701206512688000E+017   4.25557939030532045644E-019
      6100   1.24944548708337088000E+017   4.81578039599452204342E-019
      6101   5.43866030678358640000E+016   1.22607266256458260181E-018
      6102   1.46330132373611840000E+017   6.25337047139188718174E-019
      6103   8.01009707981146240000E+016   5.86721799603821394472E-019
      6104   2.08943746243248608000E+017   2.63296370547135341879E-019
      6105   7.39905301285639296000E+017   1.04872780492899692468E-019
      6106   1.05696786898836876800E+018   8.61142257464553696289E-020
      6107   8.95444332262945024000E+017   8.40434204067245824970E-020
      6108   1.36998796542455526400E+018   7.32968451602582074717E-020
      6109   6.71832991219589120000E+017   1.52109630305681752325E-019
      6110   1.01387546834600704000E+018   6.84751332996548849950E-020
      6111   5.96955897440044416000E+017   2.00506381750694366278E-019
      6112   6.50970933981997696000E+017   1.40389936082562401022E-019
      6113   7.36675128353428992000E+017   9.57720678606577856159E-020
      6114   6.43305367188147968000E+017   1.34978474608324346027E-019
      6115   1.07804037500585766400E+018   1.56196144828976039312E-019
      6116   1.23208409293160729600E+018   1.47668255295466546726E-019
      6117   7.48780026074049408000E+017   1.17895785313116688277E-019
      6118   5.92891960817539840000E+017   4.10930582577251709985E-020
      6119   1.10423945908738777600E+018   5.45850285201993031238E-020
      6120   6.06155208035399680000E+017   1.99099820267492045095E-019
      6121   8.54538730533813248000E+017   2.36492697370515727069E-019
      6122   7.38362012681316224000E+017   1.54947940073023976871E-019
      6123   9.53093839669575808000E+017   1.06452942982030181614E-019
      6124   6.11400729246851360000E+016   9.86416235974450778170E-019
      6125   1.44839238757515872000E+017   3.65863689638855292604E-019
      6126   1.63739312367449984000E+017   2.39778808460944158232E-019
      6127   7.29578111195098400000E+016   1.48834288574304992174E-018
      6128   1.56679651153509040000E+016   1.42887878279764896084E-018
      6129   8.80238191733897100000E+015   1.90967609207049087108E-018
      6130   3.99212900993835760000E+016   1.74365334741378340799E-018
      6131   1.49477159623365500000E+016   2.43179156387014432233E-018
      6132   1.48144835755923456000E+017   3.85597398589012426944E-019
      6133   2.18259181806591872000E+017   4.05109965750825720166E-019
      6134   1.71638309375272544000E+017   4.32960666039914849132E-019
      6135   8.16389327213812640000E+016   5.29568461306852181466E-019
      6136   9.35775144940126560000E+016   3.72733861855699561504E-019
      6137   1.05013311768546048000E+017   5.74270009154230744653E-019
      6138   4.81452274634966240000E+016   7.29314679930153631305E-019
      6139   1.07652379555099456000E+018   1.01363486574712966721E-019
      6140   1.50393091046305049600E+018   2.58434164722726534215E-020
      6141   9.13599182067958784000E+017   4.78078600580977771167E-020
      6142   1.02005118536074739200E+018   7.54492325934300621911E-020
      6143   8.71860165229606784000E+017   2.27734951117924468671E-019
      6144   5.65897107338713984000E+017   1.96832603310476997106E-019
      6145   9.77697055327040480000E+016   6.65951590181387254247E-019
      6146   1.68444770531147104000E+017   4.75694326931310835160E-019
      6147   1.63602061171121888000E+017   4.38397498966531240128E-019
      6148   1.17881301905965488000E+017   5.12331361357931440711E-019
      6149   5.86051042273331120000E+016   1.36966312669870970580E-018
      6150   3.01323724951212224000E+017   3.83290507922419696253E-019
      6151   2.84465445020023840000E+017   2.83358248154639298960E-019
      6152   2.51853529460291008000E+017   3.83172639524506157557E-019
      6153   6.23372284541821360000E+016   9.17448403498574627541E-019
      6154   7.79937828905091680000E+016   4.86909528167102022760E-019
      6155   4.14622213930667440000E+016   1.76182789488784767882E-018
      6156   4.15084442759093120000E+016   1.78494226971309458186E-018
      6157   4.25438623151628240000E+016   2.07202206021834920196E-018
      6158   5.83020110040880960000E+016   1.64705648680430622734E-018
      6159   9.85305669889268640000E+016   6.53489918960190360590E-019
      6160   7.48341336898271200000E+016   1.10248482737612797220E-018
      6161   1.36673057506383280000E+017   5.78715958064391494111E-019
      6162   1.97805415597773056000E+017   2.98690200900916252695E-019
      6163   1.55073990884101472000E+017   4.99283312651736194304E-019
      6164   1.78960353817944352000E+017   4.48508253532873581009E-019
      6165   4.22234154776389952000E+017   2.28752273061247649927E-019
      6166   5.72535967875638464000E+017   2.57965831666382786392E-019
      6167   6.97861961846037376000E+017   1.46664013930043656267E-019
      6168   1.00144412165416592000E+017   7.77888967312757696018E-019
      6169   9.29184751365011040000E+016   8.92838441303826032856E-019
      6170   9.74548186341574880000E+016   8.46782964420621937263E-019
      6171   6.14828742517311200000E+016   1.27782029909367431621E-018
      6172   1.10471074297069136000E+017   8.05582965628203585448E-019
      6173   8.58416837023279040000E+016   1.29000468295598534413E-018
      6174   1.60776063675668608000E+017   6.40917383010799182615E-019
      6175   2.34062615161322080000E+017   6.36677347611209783421E-019
      6176   2.43753850654123808000E+017   4.98647093891410119622E-019
      6177   1.53210825512348940000E+016   1.20921627196147877277E-018
      6178   8.76087063913046700000E+015   3.66129725345445745171E-018
      6179   2.27108184914758016000E+017   4.74437802045346779255E-019
      6180   2.14143181756563712000E+017   3.49173962346987763035E-019
      6181   1.20859664851986112000E+017   2.03158715356865094914E-019
      6182   1.15714606108067900000E+016   3.86524869032629994694E-018
      6183   3.40330488722731640000E+016   1.16676785347602718209E-018
      6184   6.79162856237580480000E+016   6.48918222648153258935E-019
      6185   1.08794760949014600000E+016   2.82895969947254779875E-018
      6186   3.20480562329322600000E+016   1.98890126906484372101E-018
      6187   4.60937887419325680000E+016   1.53974806259545150898E-018
      6188   2.71736692113658624000E+017   5.20493728151342165365E-019
      6189   1.47951161899020220000E+016   6.51655850710522153806E-018
      6190   4.14964800839337856000E+017   1.94889740446439235022E-019
      6191   2.45459537691649344000E+017   3.29284906714939763221E-019
      6192   4.10299118557594432000E+017   2.92614302459440347072E-019
      6193   2.65394113756667520000E+017   2.36908025933681803043E-019
      6194   1.52585788524749984000E+017   3.92779713417328325517E-019
      6195   1.66514103548546144000E+017   2.81838617264530902174E-020
      6196   1.83519707268971520000E+017   3.11703535044575876318E-020
      6197   1.50552490586519584000E+017   1.39436692366195461371E-019
      6198   3.47007011395453120000E+017   2.85287915436616445041E-020
      6199   2.53956963922295808000E+017   5.15614520316587628523E-020
      6200   3.50405688636144320000E+017   3.97691362495661871055E-019
      6201   1.01536824752459568000E+017   2.02531187781873723741E-018
      6202   5.32275352610406240000E+016   2.89321481638460679494E-018
      6203   1.47069930089896928000E+017   4.86508881949878415139E-019
      6204   5.58198726669608896000E+017   2.93622780229386260520E-020
      6205   7.76626302609214720000E+016   1.89897395446374726776E-019
      6206   1.53792954051310784000E+017   1.14656603694777394323E-019
      6207   1.13091602017828848000E+017   5.75297196330595504019E-019
      6208   1.97282127820779680000E+017   4.39121319330797550895E-019
      6209   8.99352006344717184000E+017   7.53378129832022464736E-020
      6210   2.32106488867539712000E+017   1.35158051987279352813E-019
      6211   2.77116601349709856000E+017   4.99635664986937471087E-019
      6212   6.79019170035286784000E+017   1.06036180173471262979E-019
      6213   2.18016992051598624000E+017   3.64406321097272561119E-019
      6214   1.34730873894558880000E+017   6.32546598495184229467E-019
      6215   3.00777908003810752000E+017   1.87039868019630915707E-019
      6216   2.73547349336904576000E+017   1.78523434831147535616E-019
      6217   1.09243044568576368000E+017   5.68131650094828706900E-019
      6218   2.29702970531728608000E+017   3.87662097655933581377E-019
      6219   1.41259566310413696000E+017   5.67013787410458641526E-019
      6220   2.05872669286892640000E+017   4.97280846986807907178E-019
      6221   1.37700117400286304000E+017   7.95318423659590233997E-019
      6222   1.80726708584171968000E+017   3.36179507961144420567E-019
      6223   1.47598701116484448000E+017   6.58035213694427135385E-019
      6224   1.12815326136324250000E+015   4.74158547329298734133E-018
      6225   1.03720798136234325000E+015   6.77513668054047415872E-018
      6226   1.26029242365846025000E+015   6.92954995644798959798E-018
      6227   9.99795502749523375000E+014   6.70055634038822772999E-018
      6228   1.14193876003571600000E+015   5.22922586292552642272E-018
      6229   9.84284254889897125000E+014   6.15240746047799305318E-018
      6230   8.96727403241650750000E+014   6.75043126097545150357E-018
      6231   1.35442319387398400000E+015   7.35338083314775388894E-018
      6232   1.44789095747728100000E+015   6.03390303690255029482E-018
      6233   1.08787060591582225000E+015   5.46443680104766849300E-018
      6234   9.66715482879996125000E+014   5.31154246452334107663E-018
      6235   1.23756361612530550000E+015   5.86944874913629536640E-018
      6236   9.57993565712833024000E+017   2.95981569836517630482E-020
      6237   1.12114564113455948800E+018   2.03237114233569655652E-019
      6238   8.66347203170883328000E+017   2.06050189992217874752E-019
      6239   6.32597678593340416000E+017   2.02348069646559302479E-019
      6240   6.20036929094007680000E+017   2.60814715428260445247E-019
      6241   9.06686458278012125000E+014   6.15991973028119201168E-018
      6242   2.36286224758951000000E+015   2.72147497574435255693E-018
      6243   1.33729434546223700000E+015   2.52966198169340241550E-018
      6244   2.44302412385483200000E+015   3.31995496694830431789E-018
      6245   1.79527772688086700000E+015   5.39269494918622115287E-018
      6246   2.02367396804043175000E+015   6.92791640115532371599E-018
      6247   4.11877394697571648000E+017   1.70516250099356284404E-019
      6248   2.48903879063520640000E+017   2.26609821011220091353E-020
      6249   1.97570312624104960000E+017   1.94688599269832552812E-020
      6250   3.11177234302379520000E+017   2.16033221469962807542E-020
      6251   3.53821201658169728000E+017   1.22841086304834282033E-021
      6252   4.89194025683134336000E+017   1.00804218101231473955E-021
      6253   3.33231215402681600000E+017   1.61171078670116169272E-019
      6254   2.12893424412114784000E+017   2.25328143729494276394E-019
      6255   3.06088175617763584000E+017   1.57122215529023051493E-019
      6256   2.43250495018306752000E+017   2.68665345426429796098E-019
      6257   3.55646325113341376000E+017   1.37217973146222201579E-019
      6258   1.55058494387704064000E+017   5.65472601927247344091E-019
      6259   2.62926170185429632000E+017   1.91359247049379011585E-019
      6260   4.09796991435737344000E+017   8.21912934380459156414E-020
      6261   2.11206890181527008000E+017   3.69123379666536752591E-019
      6262   4.70424881707508352000E+017   1.40823204852938439081E-019
      6263   6.08812985744886640000E+016   2.12211029109292286646E-018
      6264   3.10785455330836864000E+017   2.40370340356110384569E-019
      6265   4.21660402316592950000E+015   4.45296643802437509247E-018
      6266   3.89156696991821100000E+015   4.22804373989848355340E-018
      6267   3.61923763870029000000E+015   4.06493495537521450352E-018
      6268   2.33016388789466050000E+015   3.47472931254107789728E-018
      6269   5.18060161740425200000E+015   5.68476319087143757139E-018
      6270   5.15211083433184300000E+015   3.21870836337292520787E-018
      6271   3.14060292774098350000E+015   4.11616903792467620017E-018
      6272   3.89280198390094200000E+015   4.05657804388079268499E-018
      6273   4.87140710180418000000E+015   1.41551778460815365424E-018
      6274   1.09456028515555000000E+016   8.38996837118045285549E-019
      6275   8.12775966490870750000E+014   5.00272008850353276139E-018
      6276   1.02035466611547225000E+015   5.30926210028413670905E-018
      6277   1.01782905693136412500E+015   3.63039131259812233633E-018
      6278   2.34622682308228300000E+015   2.45114904079667044556E-018
      6279   1.93259788510472525000E+015   3.29390038973790336121E-018
      6280   1.50414395458566950000E+015   3.86862685330022312726E-018
      6281   1.16582998125371325000E+015   4.47041400484574818569E-018
      6282   1.02641658810500175000E+015   6.83702028497398610308E-018
      6283   1.04805000500294412500E+015   4.77533183277822375240E-018
      6284   1.34738097413642575000E+015   5.60724385114048867591E-018
      6285   7.91803166259729125000E+014   6.17877169072204965778E-018
      6286   1.05547028715583662500E+015   5.20772555836666465297E-018
      6287   7.71133338975871375000E+014   6.09332513191878856358E-018
      6288   1.44213619005118100000E+015   5.25947688880356972229E-018
      6289   2.05582927010384300000E+015   6.14637574214403371422E-018
      6290   1.73004549248953000000E+015   6.98579438624454937800E-018
      6291   1.53010354318809225000E+015   6.58772828737552911746E-018
      6292   1.25596399119508475000E+015   6.90243155301675413209E-018
      6293   8.18060394450761625000E+014   8.66455369871115895528E-018
      6294   1.17157675126527500000E+015   5.46523537885430762537E-018
      6295   1.68571820581671000000E+015   6.00469634943716742541E-018
      6296   1.30031546617896000000E+015   6.25572102734874015137E-018
      6297   2.61120152692578528000E+017   1.33860107802775794409E-019
      6298   1.96325301895756704000E+017   2.36479715449906025884E-019
      6299   4.70855933554619840000E+016   1.78384481175606438567E-020
      6300   2.02441559676069440000E+017   1.20655729727258471245E-019
      6301   1.84863384313734304000E+017   1.54595519177875782790E-019
      6302   3.50147467675343552000E+017   1.04927470623920365749E-019
      6303   7.22256554222448128000E+017   1.82018962306558470668E-019
      6304   4.39120823292916096000E+017   4.13346115433217026845E-019
      6305   2.80574053397537728000E+017   3.86889811532436294997E-019
      6306   8.45047202627770240000E+016   8.87803899530225385625E-019
      6307   2.06886830527074880000E+017   1.80497257769456934558E-019
      6308   9.54253953937275136000E+017   1.17476929135355851139E-019
      6309   7.67438199432779200000E+016   2.09717978411907478605E-018
      6310   3.68673678709794624000E+017   1.14797612876616715766E-019
      6311   1.38613328287068108800E+018   3.15736479008711014976E-019
      6312   5.82735526366641408000E+017   2.71621675356407024506E-019
      6313   3.44745657901494912000E+017   6.22671999167778190107E-019
      6314   1.12084550769558580000E+016   1.51137825538241714913E-018
      6315   5.88565466332595200000E+017   4.35991039365403507589E-019
      6316   2.93571373677343744000E+018   1.89422469369182084604E-019
      6317   1.32605285758749952000E+017   1.25024196376249604168E-018
      6318   6.82828315529396880000E+016   3.70851193751300522330E-018
      6319   1.19853858695788860000E+016   1.00000000000000008334E-030
      6320   1.86996197035360080000E+016   1.00000000000000008334E-030
      6321   1.73258607244729241600E+018   4.18921888099143955002E-020
      6322   9.95310514335350720000E+016   6.13144156192791310738E-019
      6323   6.78697622277319920000E+016   1.68803059715605779003E-018
      6324   1.06807007086484288000E+018   2.35695549278141207219E-019
      6325   8.91217896726421800000E+015   1.00000000000000008334E-030
      6326   6.89712315079987120000E+016   1.00000000000000008334E-030
      6327   4.76967105249569360000E+016   1.00000000000000008334E-030
      6328   4.09806231245457254400E+018   6.79306568388552102308E-020
      6329   1.63439811300518835200E+018   1.66613251268847667057E-019
      6330   4.01485130148098252800E+018   1.57988231589266858086E-019
      6331   2.19418421584899625000E+015   4.30075048356277780025E-018
      6332   1.61326995111978225000E+015   4.40086132277573444073E-018
      6333   2.28554145238957050000E+015   3.42074329933872281950E-018
      6334   1.95494516509812975000E+015   5.42450647484030738100E-018
      6335   4.07213102043358080000E+016   1.49850077087454123879E-018
      6336   3.93122318749139280000E+016   4.91837871267952553126E-019
      6337   3.11969011046532560000E+016   1.28154986497932062668E-018
      6338   3.05042723920155720000E+016   1.78670664630073119781E-018
      6339   6.19138606081673216000E+017   1.37857107766483964191E-019
      6340   6.72138781125250688000E+017   1.34902274778923384950E-019
      6341   4.38864001983152384000E+017   2.17471586902633945454E-019
      6342   6.44622949979146496000E+017   1.58984701049015423872E-019
      6343   9.60792566960188160000E+017   2.19153555459480120050E-019
      6344   1.04692780873104204800E+018   1.00000000000000008334E-030
      6345   4.38292870113957440000E+017   1.19966201286371468875E-019
      6346   4.50851716180545600000E+017   6.07034392306712220637E-019
      6347   5.82846365020960128000E+017   5.27801816766202773417E-020
      6348   4.49930569048082624000E+017   7.92310056104241635915E-020
      6349   3.48557858516644416000E+017   3.43150928860262962740E-019
      6350   6.10631793659389184000E+017   3.91489042349051846890E-020
      6351   4.01569165269406784000E+017   3.03406340575081706237E-019
      6352   5.84634657727079808000E+017   1.86198079406752329174E-019
      6353   9.28345952882574464000E+017   3.78445946990439431101E-020
      6354   1.14564861385211417600E+018   4.79176402801035224601E-020
      6355   7.32831197607150848000E+017   1.73432344662685922289E-020
      6356   3.68082707453739264000E+017   3.37601700220846133155E-019
      6357   5.70985679711746240000E+016   1.41074880793440384618E-018
      6358   4.44298311017595712000E+017   1.86247326543515982080E-019
      6359   1.13289754465452624000E+017   1.48000541396589158852E-018
      6360   2.20017866105488672000E+017   3.89751870913754712205E-019
      6361   3.54565827304989248000E+017   1.67488710406691857757E-019
      6362   5.19083053270736000000E+017   6.06420753362917130727E-020
      6363   7.67715767251130750000E+014   5.19323089956511739830E-018
      6364   8.36405882951662875000E+014   3.94379094431719020212E-018
      6365   9.23226725835488625000E+014   4.73012323792393216166E-018
      6366   7.80370877349548375000E+014   4.75394277806874809811E-018
      6367   5.95896120006951375000E+014   7.25925715585063197295E-018
      6368   6.55859066210473000000E+014   6.28927196262511991972E-018
      6369   1.16326275290216725000E+015   3.40314547324690883015E-018
      6370   6.98966535122669875000E+014   4.99982482722390129270E-018
      6371   2.03705328770069450000E+015   1.35764686141520126250E-018
      6372   1.51940544455159125000E+015   1.71469859392556168393E-018
      6373   2.05450067555809825000E+015   1.62859597464615338391E-018
      6374   1.71151525647349975000E+015   1.81724128595121306767E-018
      6375   1.37478238450926325000E+015   2.41439309665078280194E-018
      6376   8.05189454398204875000E+014   2.80928560534197993689E-018
      6377   8.06186590661868500000E+014   4.43269819522405329627E-018
      6378   8.77472266880840500000E+014   3.62314024022299853209E-018
      6379   5.78791207664911375000E+014   4.82425695581831505769E-018
      6380   9.77993669195807625000E+014   3.45903020813314004027E-018
      6381   6.55956850724608375000E+014   5.07919361115712520112E-018
      6382   3.11896006197052562500E+014   5.75843818307591074996E-018
      6383   1.55758372124451550000E+015   1.80645540550339422435E-018
      6384   3.21222048348145875000E+014   6.68268604123194815845E-018
      6385   8.42091851050871750000E+014   3.33986226937733678070E-018
      6386   6.60182095877414375000E+014   7.11822784023117637487E-018
      6387   4.11793813286846125000E+014   9.85861989636836625188E-018
      6388   5.80789943187999000000E+014   8.11594364516196949442E-018
      6389   4.42712991685860937500E+014   7.40594934819941561844E-018
      6390   4.25184583465924812500E+014   5.75464013306019866721E-018
      6391   5.78212034824960125000E+014   7.06658880120064218979E-018
      6392   5.07141122574404937500E+014   7.77009624340803240196E-018
      6393   5.51436024451911000000E+014   6.38715195929129340712E-018
      6394   3.34879855579134848000E+017   1.97561991397052603508E-019
      6395   1.20539680819038745600E+018   1.98263233041079067382E-020
      6396   4.78211572708708032000E+017   3.04867370861476658472E-020
      6397   7.94102247390937472000E+017   1.97351034388577993029E-019
      6398   1.67786620576641740800E+018   3.78295262514801521170E-020
      6399   6.65650633518226816000E+017   1.02387228674721843359E-019
      6400   1.87131822939857175000E+015   5.50132304534504880612E-018
      6401   2.11155285840301850000E+015   4.91415951183470560382E-018
      6402   3.21355182116335250000E+015   3.29188609851826703175E-018
      6403   3.98115984077905600000E+015   2.56905923565152563576E-018
      6404   2.17979469008601475000E+015   4.28731219153355637892E-018
      6405   6.73454040051064500000E+015   1.65576301254359486289E-018
      6406   5.03455942351519300000E+015   2.32595332792071148131E-018
      6407   3.73274811120084900000E+015   2.63830670209049297065E-018
      6408   3.30564660908347600000E+015   2.08159929437690004777E-018
      6409   7.74314728801305600000E+015   1.82658122297421036557E-018
      6410   5.46697451125588600000E+015   2.05315594430360119354E-018
      6411   2.38559526441346200000E+015   5.09578208535945210238E-018
      6412   2.67783306811043250000E+015   4.69246690276429858442E-018
      6413   2.54637648833606100000E+015   3.99863135608867097530E-018
      6414   1.23113184438182550000E+015   4.91788770958667821587E-018
      6415   3.00411482254705450000E+015   1.93815423630888123733E-018
      6416   2.63087448187948000000E+015   2.75588156583231135388E-018
      6417   2.01863037003886600000E+015   4.39703746637391487898E-018
      6418   2.21081689114577625000E+015   4.85394314181063972988E-018
      6419   2.61990559676293850000E+015   3.76184787812544207588E-018
      6420   2.11090209434323825000E+015   2.96703074294777349650E-018
      6421   1.28038798841890300000E+015   5.44244006925275393881E-018
      6422   9.81407284928504375000E+014   6.19574770463170750939E-018
      6423   2.02112676341520300000E+015   3.42129527697377983016E-018
      6424   2.62617944718120250000E+015   6.19711474780940959360E-018
      6425   5.04004956275178112000E+017   1.77788679267937515580E-019
      6426   1.90183069649762176000E+017   1.61521660380844119183E-019
      6427   1.53595990558622496000E+017   7.84980378576406851059E-019
      6428   4.99138065634718784000E+017   6.75505752844123037263E-020
      6429   2.48168475803522848000E+017   3.07948325162378933755E-019
      6430   7.62576293558299360000E+016   6.26076797055754324776E-019
      6431   7.98285198008632000000E+016   1.40538757301575743171E-018
      6432   5.55703652554918240000E+016   5.98150320537132736982E-019
      6433   5.21351151074287440000E+016   3.25503868713625038235E-019
      6434   9.90401214378064320000E+016   1.12882506721234218891E-018
      6435   3.74701572007172480000E+016   1.31098523423496462885E-018
      6436   3.78393060312858800000E+016   2.62053767550273067410E-018
      6437   3.18887924423458320000E+016   5.92289873591398770425E-018
      6438   1.54667330351166080000E+016   3.31119798663835253181E-018
      6439   3.75743673379250000000E+016   2.28543632545916724816E-018
      6440   6.89747530142101600000E+016   7.64603890168173087660E-019
      6441   7.61983990521734560000E+016   7.50304882256669254396E-019
      6442   4.89514710065056640000E+016   1.27354737612934527577E-018
      6443   6.14890968091310320000E+016   7.80827634529923540811E-019
      6444   1.79211318360715040000E+016   2.22558333585915062917E-018
      6445   2.20519310360353560000E+016   1.90397678075461852061E-018
      6446   8.06276360005066400000E+016   7.35598038578637031672E-019
      6447   1.31441830919570650000E+015   4.74145594996533504412E-018
      6448   3.79052865943153200000E+015   9.69777609454665379021E-019
      6449   2.13395945279705400000E+015   1.45767989498392168366E-018
      6450   1.40154475942963025000E+015   4.08245142247850501985E-018
      6451   1.09313982720808450000E+015   4.21425944366513907355E-018
      6452   2.09114713406607840000E+017   9.37655155292074980185E-020
      6453   6.33874098380833700000E+015   1.00000000000000008334E-030
      6454   7.68594540968177792000E+017   2.69352351200174703016E-020
      6455   4.18591924411103680000E+016   6.03204995478066939475E-020
      6456   5.76798502301988720000E+016   9.19554354410445223301E-020
      6457   1.64607227850447257600E+018   1.03972200635800970608E-020
      6458   6.27511385625058688000E+017   4.66275230532855253634E-020
      6459   8.73929497944211072000E+017   9.56119685215946029393E-021
      6460   2.75902022778658160000E+016   1.33425510080199338028E-019
      6461   9.11622825629212672000E+017   4.27213993178256342418E-020
      6462   6.35275475488230800000E+015   5.14748066990240432058E-018
      6463   6.17405230625572500000E+015   3.93980808025619897782E-018
      6464   6.36888058823321700000E+015   4.70337771656999039206E-018
      6465   8.14199542731976500000E+015   3.81034639081913245183E-018
      6466   4.95412222285023000000E+015   4.30409340611917453866E-018
      6467   5.32083219402549500000E+015   5.39846721276783874188E-018
      6468   3.25507238128461250000E+015   3.80793067459905649865E-018
      6469   3.82467576465728300000E+015   5.76950128819723413977E-018
      6470   4.24288904549025000000E+015   4.05812763373239343038E-018
      6471   3.57810131627639500000E+015   4.29918621738271275682E-018
      6472   1.65691704698601900000E+016   2.82593107463446767068E-018
      6473   9.85929104491621120000E+016   4.98710913950317635050E-019
      6474   6.78295178137677040000E+016   7.89373480442695010762E-019
      6475   6.00193701732503040000E+016   7.19511552944827859540E-019
      6476   1.81278367325187136000E+017   3.75578570076457520611E-019
      6477   1.00032460447161952000E+017   2.56625605665133714491E-019
      6478   3.91149682366972608000E+017   1.82185242938509039609E-019
      6479   1.58253692204458680000E+016   2.80504871510805410267E-018
      6480   4.03533859056099280000E+016   9.99712881419076584396E-019
      6481   2.53671140735098976000E+017   3.34984494375258914998E-019
      6482   2.90729996181782912000E+017   3.90388473092619102467E-019
      6483   1.74428804715513568000E+017   4.14820180530591776997E-019
      6484   2.08858136572201600000E+017   4.17750130717065539605E-019
      6485   3.85597730322174144000E+017   3.08559851101419039199E-019
      6486   3.80866095818092736000E+017   2.57975531409857432754E-019
      6487   1.09590269381543616000E+017   5.21523384895580037121E-019
      6488   1.26736948362685392000E+017   5.01612771590291290493E-019
      6489   1.85448300092717088000E+017   3.79917457591879013309E-019
      6490   2.04610422471508992000E+017   4.55882882619659963787E-019
      6491   2.31536553585842752000E+017   2.77271859868086696504E-019
      6492   2.06798064403508960000E+017   2.62189420064409596251E-019
      6493   3.51117004068862400000E+017   1.53612356834453718263E-019
      6494   2.63333028072113056000E+017   3.52546977301156725617E-019
      6495   1.47246567416747008000E+018   1.24269972694374663623E-019
      6496   3.59196260083486272000E+017   2.79023842133631256683E-019
      6497   3.53163791495279360000E+017   1.79488464326506586515E-019
      6498   3.09636991849751040000E+017   4.41079903639699462103E-019
      6499   3.46168263179337344000E+017   2.27673389225872191293E-019
      6500   5.82497191273119360000E+017   2.68155599048413455886E-019
      6501   3.66059874114686528000E+017   3.31219381702059546142E-019
      6502   1.73065110589243552000E+017   5.38487323264301041608E-019
      6503   1.91443960717390848000E+017   6.25667007760069117757E-019
      6504   3.86095863971657216000E+017   3.69766811621302044790E-019
      6505   6.08468532164589184000E+017   1.29701221655941999918E-019
      6506   5.98801576492832512000E+017   2.07180741645083997289E-019
      6507   7.35426785044292608000E+017   1.62023540206856915850E-019
      6508   9.47844172964616400000E+015   4.08173870156315268405E-018
      6509   3.96901093396577600000E+015   4.15217499397502400945E-018
      6510   9.51843669256373800000E+015   4.89109366076723111283E-018
      6511   2.88374335851437840000E+016   2.27126740180043408484E-018
      6512   1.16674857309080384000E+017   5.23735891426343997224E-019
      6513   1.02810235044506406400E+018   2.13804833366794259089E-019
      6514   1.28306154912036428800E+018   5.72557349356408227275E-020
      6515   1.29225288246714444800E+018   7.10747801390279482533E-020
      6516   8.22330789986285312000E+017   2.20525887976206388988E-019
      6517   1.30610753014900684800E+018   5.50278377535147841177E-020
      6518   1.23398170497846451200E+018   8.80108657497996876638E-020
      6519   7.24195539853849344000E+017   1.55424802508927956688E-019
      6520   6.11486965348387712000E+017   2.45112190575357166605E-019
      6521   9.65000617779140800000E+016   9.30603023022592902775E-019
      6522   8.41649023871190240000E+016   9.65861833975812406419E-019
      6523   1.37277274498940240000E+017   3.82464128082380843214E-019
      6524   1.28594832847821728000E+017   5.94479222778167489566E-019
      6525   1.88136876539213280000E+017   3.38830904974372638349E-019
      6526   1.70572364984076096000E+017   5.73025837620853620727E-019
      6527   6.51423377584533040000E+016   9.72777458602891140537E-019
      6528   7.85299645015200640000E+016   7.22013142279236169849E-019
      6529   1.07118715862694752000E+017   6.70602260200732706930E-019
      6530   1.40330206720548336000E+017   6.52034903415262648468E-019
      6531   1.52197764469973248000E+017   6.97037843588129818582E-019
      6532   4.55592952594563584000E+017   2.29992446140087332705E-019
      6533   1.03315614045819488000E+017   6.56032032187337995994E-019
      6534   1.51344216392666592000E+017   5.31647610338846436840E-019
      6535   7.88387000922628320000E+016   4.92660980710487296259E-019
      6536   6.19076909144949840000E+016   9.17630023579869075086E-019
      6537   5.85951340645166160000E+016   9.39856138851767664109E-019
      6538   2.79726525549478280000E+016   2.05358514428055336880E-018
      6539   2.45025528510139800000E+016   1.85030622255391567809E-018
      6540   7.84522028357548160000E+016   6.32710284455824455293E-019
      6541   1.16275550846092592000E+017   4.36385407969313477017E-019
      6542   4.47858087557323760000E+016   1.67991631042871149791E-018
      6543   8.34569183009372320000E+016   9.81527313733195081979E-019
      6544   4.96500512518016704000E+017   1.89127059402246671068E-019
      6545   2.70359369470131936000E+017   6.16138949147785584293E-019
      6546   3.89547693294380096000E+017   3.71930127847752044254E-019
      6547   4.19961499112627776000E+017   3.42933792972503813795E-019
      6548   2.76531376006463488000E+017   4.83737915867880660691E-019
      6549   3.31054319302474368000E+017   3.27762756837841256579E-019
      6550   1.17425225974397542400E+018   1.50333365874325181436E-019
      6551   2.93478053836739328000E+017   5.24402887320841016402E-019
      6552   9.56080436328576640000E+017   6.68199370511986988222E-020
      6553   5.80033329352987008000E+017   6.56243713512584131792E-020
      6554   1.03069389591653056000E+018   8.96810481878110382250E-020
      6555   7.42342784491368320000E+017   2.15504965012762997270E-019
      6556   3.25127378876232768000E+017   1.96826096698859810351E-019
      6557   1.35689942764612368000E+017   1.19989370093386351552E-019
      6558   1.61480751594160224000E+017   7.17360963625571470941E-019
      6559   1.45760483983535520000E+017   7.67675941699698788027E-019
      6560   1.03889909977737520000E+017   1.05459980396532094579E-018
      6561   2.58698866245922784000E+017   1.09830794563731771248E-019
      6562   3.08295369728854016000E+017   1.96372476414975294182E-019
      6563   2.60800363625893280000E+017   2.90672156459416317502E-020
      6564   1.78512040760147168000E+017   3.60078675664678353375E-019
      6565   1.97803565165340576000E+017   4.60072120379461308317E-019
      6566   4.56851620886535360000E+016   1.08819338881553950444E-018
      6567   6.44000266037034480000E+016   1.02363802211612880478E-018
      6568   8.11059093416044800000E+016   2.72553975105681082737E-019
      6569   1.50794646378939616000E+017   1.53091951803549512975E-019
      6570   9.79625086233547520000E+016   1.28401023642593502889E-019
      6571   3.22129079385150208000E+017   3.67323077100556057954E-019
      6572   1.11155276969327248000E+017   4.03967127517649043707E-019
      6573   3.61693631223439808000E+017   1.40427330935414148390E-019
      6574   3.43769575720959360000E+017   1.01884574441532104744E-019
      6575   6.49474299594164800000E+016   1.72835316593610526091E-018
      6576   2.81838747754749800000E+015   7.35506023102491390313E-018
      6577   2.31987977447596150000E+015   6.90734479734437039821E-018
      6578   2.40721172967243850000E+015   7.03774098942454527827E-018
      6579   2.20180347422538350000E+015   5.78855788968311089413E-018
      6580   2.20443933506064900000E+015   5.58547275591766846004E-018
      6581   7.62623290527623168000E+017   4.50716599482806098200E-021
      6582   2.02977043683460384000E+017   4.79760116021932973017E-019
      6583   2.98149100238900288000E+017   2.94979254901473161232E-019
      6584   1.81996919078718560000E+017   3.72872109119969531629E-019
      6585   3.01920966071440192000E+017   1.79832516753539085020E-019
      6586   3.60516376900592512000E+017   1.36862452660028876764E-019
      6587   1.36134603752995344000E+017   2.45080507181282329052E-019
      6588   1.69630752271103040000E+017   2.65315011335944536951E-019
      6589   2.41443866567056000000E+017   2.12474961057333703291E-019
      6590   5.74971660416164800000E+016   8.35570173081054023560E-019
      6591   6.20439307576840000000E+016   1.52196994378268855603E-018
      6592   3.50528026852949080000E+016   1.05548272876431987322E-019
      6593   1.35705116993619872000E+017   1.22233221415964357803E-020
      6594   5.52860241684886272000E+017   1.26038360641809379088E-019
      6595   3.08233520850645312000E+017   3.00182872271587511050E-019
      6596   1.53153925686901184000E+017   6.43496861500312565449E-019
      6597   9.74769238819108640000E+016   1.67823920117473112088E-018
      6598   8.74133321861250560000E+017   5.04468929360864995894E-020
      6599   1.40824762465521408000E+017   6.35847968498710968521E-019
      6600   9.96718352202978240000E+016   2.02225897189413934502E-018
      6601   3.58606564152701376000E+017   1.74994396260913436980E-019
      6602   2.45074586595330760000E+016   1.31194759813222184943E-018
      6603   4.95135703248003120000E+016   4.34486510187302046999E-018
      6604   8.74017141986580736000E+017   4.34694245603604701965E-019
      6605   9.50780818783771200000E+016   3.58463123499720365515E-019
      6606   7.72247040483680384000E+017   5.14833197001680461730E-019
      6607   1.21106480275032115200E+018   7.37896218427232828181E-021
      6608   2.42399554461355100000E+015   3.65016474184980258064E-018
      6609   1.52376193201731525000E+015   4.54286202499690434233E-018
      6610   1.14468215852954725000E+015   5.12615643457398134585E-018
      6611   1.94445608417907350000E+015   3.02201274720351247086E-018
      6612   3.40446300726081200000E+015   1.08326497675243435810E-018
      6613   3.00925426950619150000E+015   2.19940820878053727866E-018
      6614   3.63255489070911808000E+017   5.64126382433860015192E-020
      6615   1.21621120298958284800E+018   3.67249533914220947110E-020
      6616   3.48896477693607232000E+017   1.89616205900906838957E-019
      6617   5.92069515532783104000E+017   1.94612931579231968351E-019
      6618   2.65264077818872864000E+017   2.35406165157515783730E-019
      6619   4.01176241680722752000E+017   2.03259709311973089943E-019
      6620   2.04493241587270725000E+015   2.92919808457003363711E-018
      6621   2.61022692825559650000E+015   2.11182782905549082732E-018
      6622   1.36394568947338775000E+015   3.14958150911440140748E-018
      6623   5.48994006204074312500E+014   7.79431575628249885940E-018
      6624   5.67098483257449375000E+014   7.72333620534556470326E-018
      6625   6.07824872290890875000E+014   7.70632769069245598140E-018
      6626   5.82403708215957625000E+014   6.93736595027779149768E-018
      6627   8.33582317447561875000E+014   5.78690335485434993251E-018
      6628   8.50272126755756125000E+014   7.44483141028088314900E-018
      6629   6.90375231902080000000E+017   2.49505190678878886736E-019
      6630   4.59511705089898112000E+017   1.43036820339954806102E-019
      6631   8.14027232754375552000E+017   5.26760535569079775823E-020
      6632   6.24194939947702272000E+017   1.85122640963308158939E-019
      6633   9.38911547515429376000E+017   1.27856665763527878139E-019
      6634   1.21276638083860070400E+018   5.91717319518586037332E-020
      6635   8.23843960334084096000E+017   7.95935414335703439260E-020
      6636   1.41317719407095347200E+018   4.86482002338957113585E-020
      6637   1.40753020357476326400E+018   2.16004660150049699809E-019
      6638   1.67054976405358899200E+018   6.72525692665138962027E-020
      6639   1.12959502791162400000E+017   1.03642044510192134919E-018
      6640   1.28543736138614000000E+015   4.74805883969018301277E-018
      6641   2.29675188187663350000E+015   3.78670217046915137267E-018
      6642   1.99589106372038300000E+015   3.28239487985529862216E-018
      6643   3.05138551388765800000E+015   2.23305513849881354682E-018
      6644   1.21332564643437375000E+015   3.21247455379705869904E-018
      6645   5.12207561855096100000E+015   1.71355182685683206368E-018
      6646   2.18738672192397300000E+015   4.00456380161815714095E-018
      6647   1.39764956993289050000E+015   3.92075045694726461479E-018
      6648   1.59956994397208768000E+017   5.83485307450047463510E-019
      6649   4.43403982982417200000E+016   1.82026787481445585121E-018
      6650   1.49628752058619680000E+017   4.58966486699492181143E-019
      6651   6.07180248353294800000E+016   9.29673924532154840758E-019
      6652   1.50072940161806368000E+017   2.35874819688750812089E-019
      6653   3.25693104237537344000E+017   2.03939675334870279884E-019
      6654   3.88894965646043360000E+016   5.07796840866921060742E-019
      6655   8.74685126552542800000E+015   3.83224871757706645101E-018
      6656   4.96943728840285200000E+016   3.53128917875636705032E-018
      6657   5.16733017100000000000E+016   1.40658026950879336840E-018
      6658   1.23665220214854704000E+017   3.15193569130103225484E-019
      6659   6.80569310307170250000E+014   1.00000000000000008334E-030
      6660   1.63948489975565376000E+017   3.39393895225138294256E-019
      6661   1.85656345368366600000E+016   3.76283273714867037955E-018
      6662   2.07172618637788480000E+017   1.14625893014601189713E-019
      6663   1.11731315336180144000E+017   9.71608005619028219571E-020
      6664   4.49036006066581120000E+016   8.05848811577434425486E-019
      6665   1.29578193516673088000E+017   5.18740886132028728864E-019
      6666   1.33361644267335056000E+017   3.73832764745228124044E-019
      6667   2.99154243307570200000E+016   1.46502278598208826404E-018
      6668   4.51189292357596080000E+016   9.75794172330299824486E-019
      6669   5.02529817999196160000E+016   1.31232408804418378271E-018
      6670   5.27715983361895280000E+016   7.60158505865975706314E-019
      6671   1.21333043733444704000E+017   5.22312282753185172461E-019
      6672   5.08756161594211840000E+016   9.99892518459122518755E-019
      6673   8.33296862077799680000E+016   8.59500057224782451503E-019
      6674   5.75769743752028000000E+016   8.34570574788721584810E-019
      6675   7.40298268064842400000E+016   1.20434539409074360920E-018
      6676   3.57935181026534200000E+016   1.88014421292936963453E-018
      6677   8.34182075660701920000E+016   7.61518043630261097572E-019
      6678   4.18010776977361280000E+016   1.79207425481511888859E-018
      6679   7.08448725802200704000E+017   1.76635295489587560827E-019
      6680   8.71498120999704192000E+017   9.35654965383934067766E-020
      6681   7.62373310529307776000E+017   2.63038897986002301870E-019
      6682   5.69672909963465984000E+017   4.02496586933255609115E-019
      6683   5.75368499465730240000E+017   3.72793254785237737193E-019
      6684   2.55101462577062848000E+017   4.17522923815263338474E-019
      6685   3.10983237897636864000E+017   3.42860652248814593960E-019
      6686   5.28276413195065728000E+017   2.10624064779486348645E-019
      6687   3.45430811455566336000E+017   3.08349837209763929450E-019
      6688   2.71902431709977152000E+017   3.63745048424084701738E-019
      6689   3.65993554172821504000E+017   2.20320310271658462433E-019
      6690   8.59256285126953440000E+016   1.20146968855699252004E-018
      6691   2.12485352362622944000E+017   3.78958088987377576853E-019
      6692   4.47923839297204416000E+017   3.31591712156370286051E-019
      6693   2.81572772344595776000E+017   3.27008201824143657024E-019
      6694   6.23288496326859648000E+017   2.57883251837439224470E-019
      6695   4.13573834063074176000E+017   2.03272944692627951444E-019
      6696   4.69497462998828544000E+017   4.19675070354485340054E-019
      6697   2.68672870038625568000E+017   5.83344941178910731782E-019
      6698   4.04356292114223488000E+017   1.78036349393663123539E-019
      6699   7.16603605924583936000E+017   2.52679182641493471398E-019
      6700   4.33137488608237056000E+017   1.13757616120720058595E-019
      6701   4.34453108728301120000E+017   2.07439687458617908994E-019
      6702   9.72685786906717920000E+016   6.76335838094142326025E-019
      6703   9.51829852084302240000E+016   6.52358343027482334764E-019
      6704   2.24724007466922784000E+017   2.39739610899485888455E-019
      6705   2.10956636426304832000E+017   1.53516822469250868649E-019
      6706   3.00322341825737600000E+017   2.64481510379169942485E-019
      6707   3.83029164536554944000E+017   8.02820512174848677409E-020
      6708   3.93029482051182592000E+017   4.03341824978228779607E-020
      6709   4.17928094359655808000E+017   3.38244192655947072697E-019
      6710   1.92006545882408064000E+017   4.62851895377147370805E-019
      6711   2.39794819119112224000E+017   1.52282178674421774271E-019
      6712   3.53339329006903040000E+017   2.28014714923226069280E-019
      6713   2.64967177827095840000E+017   1.32394776329821388218E-019
      6714   2.84640352125077344000E+017   1.90841804310066814823E-019
      6715   2.47858397122062000000E+016   1.53267747868436295380E-018
      6716   5.03472908252008500000E+015   2.57038285733179592252E-018
      6717   8.76129599339225000000E+015   4.34226182385332298855E-018
      6718   9.42043079309399040000E+016   7.43997155105425554600E-019
      6719   7.74257176116142400000E+016   7.09982570654329719266E-019
      6720   3.19620607387549480000E+016   1.38074086939247795127E-018
      6721   1.62932349887660960000E+017   6.84422067939213861584E-019
      6722   1.17536047560745312000E+017   5.87309587020621887247E-019
      6723   1.30942651444704480000E+017   8.38374930319895034822E-019
      6724   9.70044053871591200000E+016   7.73123008992918400379E-019
      6725   2.68591336081655840000E+017   2.33476934642511311268E-019
      6726   1.47292158722798912000E+017   6.65171470535397866469E-019
      6727   1.16330719263995280000E+017   8.55957264263691085405E-019
      6728   1.37567119070822032000E+017   4.41133340142683479409E-019
      6729   3.81227334298812416000E+017   3.04005527518604406161E-019
      6730   6.86136709743800240000E+016   1.12268434175788113152E-018
      6731   4.15616736120073600000E+016   9.13916203234560970541E-019
      6732   5.17641499513463200000E+016   1.21533431444390821283E-018
      6733   1.15562598767648096000E+017   5.27505922854186750785E-019
      6734   2.05292286751350880000E+016   2.10707046208402641789E-018
      6735   4.03187263472661200000E+016   1.31833221150001637863E-018
      6736   8.94109169530186400000E+016   5.66373448083670764554E-019
      6737   8.00936518774492000000E+016   9.49476208779544686602E-019
      6738   8.98185333980886880000E+016   9.72354965380700253440E-019
      6739   1.97361063512598050000E+015   5.52653926717269949086E-018
      6740   3.17000283204223800000E+015   4.69021980103040958806E-018
      6741   2.64533087217464000000E+015   5.87216507510275096805E-018
      6742   2.57649053051425400000E+015   4.67013881428784146244E-018
      6743   1.96139131931499800000E+015   5.45270622635936469022E-018
      6744   2.05202504975603100000E+015   3.56118588670978014359E-018
      6745   4.25326243748724288000E+017   1.34384278745462635659E-019
      6746   1.16715769563399700000E+016   3.93589518462873805746E-018
      6747   1.20639512622137560000E+016   2.67739068630513719533E-018
      6748   2.44824292825417376000E+017   4.61761387799223025860E-019
      6749   2.64988494576398336000E+017   2.57524731343709154052E-019
      6750   8.97644161184935808000E+017   2.15576694364764328308E-019
      6751   7.38548858035291008000E+017   1.76219897785871617236E-019
      6752   2.82646505400369120000E+017   1.66869748484770393138E-019
      6753   4.00919281387505216000E+017   4.11527944554049992136E-019
      6754   3.57733035172662976000E+017   3.57247422733863353023E-019
      6755   2.87035576930498250000E+015   3.72570913493929198968E-018
      6756   2.32136146581763550000E+015   4.31315962669394028422E-018
      6757   1.93642363115352650000E+015   3.92245737934611315357E-018
      6758   1.90461871764698525000E+015   4.39487826788592788858E-018
      6759   2.12505740428314725000E+015   3.83584606500074875835E-018
      6760   2.51848444621483400000E+015   3.47865761106492224359E-018
      6761   1.93003435697719650000E+015   4.26049660228912988431E-018
      6762   2.08592740725260650000E+015   3.74747802362990032564E-018
      6763   6.35811056021752400000E+015   8.92710884318094501903E-019
      6764   3.44260679975486600000E+015   1.79018256794786499138E-018
      6765   5.51495026549674000000E+015   1.04760480845641048759E-018
      6766   3.66951563127123900000E+015   9.70794600055995532269E-019
      6767   4.88793124215361800000E+015   2.12575380616945459959E-018
      6768   2.91267678830709080000E+016   2.18776439803960514524E-019
      6769   1.26079169531964185600E+018   4.97871677540569326957E-020
      6770   5.82767405239292032000E+017   1.42187636926234129493E-019
      6771   9.02175128792673664000E+017   1.36215385363650826429E-019
      6772   2.98697931026618470400E+018   4.90334224550103072515E-020
      6773   1.77575507138117888000E+018   3.84075052444715953300E-020
      6774   1.19846054566545689600E+018   1.00326852658585160832E-019
      6775   1.27487636457693209600E+018   1.11344834344335764729E-019
      6776   2.95941459837197376000E+017   6.96038943587061878741E-019
      6777   1.27025166993823840000E+017   8.00240152458584246264E-019
      6778   5.96914999778054144000E+017   2.94825841662322332548E-019
      6779   2.28555973703452600000E+015   2.26685979724947628378E-018
      6780   1.91927627985499744000E+017   2.42980570533132743252E-019
      6781   1.95554286938469408000E+017   2.06907629135978362889E-019
      6782   1.55673754759657888000E+017   1.03631101026216156302E-018
      6783   1.93617590383084256000E+017   5.07000161389846675446E-019
      6784   1.67925445534068096000E+017   6.63821223844215836452E-019
      6785   4.67661590435217360000E+016   2.21617975482550690428E-018
      6786   1.12588968871544704000E+017   8.45686533342650220422E-019
      6787   1.79521141579122720000E+017   2.98775363633079360965E-019
      6788   1.66958840369445280000E+017   1.08539885770910128939E-018
      6789   1.55040773089077824000E+017   8.84871262100135184785E-019
      6790   2.63851837798778880000E+016   1.95221925492546890229E-018
      6791   2.70194436949890360000E+016   1.00000000000000008334E-030
      6792   2.38272853945133520000E+016   2.39314265354163600287E-018
      6793   2.32991259389659808000E+017   1.01829574192467553984E-019
      6794   4.98875012951502272000E+017   2.18397672303477591445E-021
      6795   5.27140198577379200000E+017   3.94923501122120585029E-020
      6796   1.06155710985175462400E+018   2.22548290219267210453E-021
      6797   3.35046784784871700000E+015   1.00000000000000008334E-030
      6798   3.60144276476561024000E+017   6.37612838294331983623E-020
      6799   2.73732238661666624000E+017   2.00042126093550595118E-020
      6800   1.50287989148945760000E+017   2.12458278627669557001E-019
      6801   7.75057806094525760000E+016   3.09141387072577389039E-019
      6802   9.25429896790037280000E+016   4.20172499842862487647E-019
      6803   2.19090894674290976000E+017   3.27171081075369076401E-019
      6804   9.12819326449113920000E+016   6.26264514321110573715E-019
      6805   1.49011864383058336000E+017   8.78582986042593396170E-019
      6806   1.06361176884550688000E+017   8.48493182706001187436E-019
      6807   1.01017766031353488000E+017   9.14813025623706493970E-019
      6808   1.18396768715318656000E+017   6.22685129313563178588E-019
      6809   9.42371678988273280000E+016   8.95997920801996170622E-019
      6810   1.95570388965480928000E+017   3.09748833231171018320E-019
      6811   2.74532025659420352000E+017   4.01300837243679071804E-019
      6812   3.01734200584745088000E+017   3.83145377429059019801E-019
      6813   2.70073553961995760000E+016   1.64297914967650783684E-018
      6814   1.09023342506005216000E+017   1.86913156101853278317E-019
      6815   8.24682402486741280000E+016   5.80567417576570985968E-019
      6816   1.61271894437231072000E+017   3.83301641851052161447E-019
      6817   2.37148165655959424000E+017   1.67422174981050576941E-019
      6818   1.75470895799124224000E+017   4.29482161643622326956E-019
      6819   3.81059917861075040000E+016   1.02960703558609450963E-018
      6820   5.80156810343677800000E+015   5.15670762924456779733E-018
      6821   7.81982351367076000000E+015   3.99366112770179360379E-018
      6822   3.46820449086818600000E+015   4.22122131202527446403E-018
      6823   6.38672754860636800000E+016   1.22305023734081518149E-018
      6824   3.79039948664379840000E+016   2.17717682760264699804E-018
      6825   9.04352713944309440000E+016   6.39865183421038890333E-019
      6826   3.19640712728313040000E+016   1.82435483437395455449E-018
      6827   8.80275947451129600000E+016   7.73914880176084385187E-019
      6828   7.35276430351763840000E+016   1.01922324175463433232E-018
      6829   6.63638582334192800000E+016   9.70106343361990094627E-019
      6830   5.92948613035788160000E+016   1.69574004946361203810E-018
      6831   4.94577858206864768000E+017   1.89661787888481584533E-019
      6832   4.06952991103065088000E+017   3.24881420997122847874E-019
      6833   3.43971884118308160000E+017   2.33124614961324696861E-019
      6834   6.36228206303635072000E+017   1.80777673944528583491E-019
      6835   3.61754576746279616000E+017   3.73122487420940336940E-019
      6836   9.93180250705964928000E+017   8.18451339979202583715E-020
      6837   3.72282228273650432000E+017   3.58091987536668018358E-019
      6838   1.00570701092777305600E+018   1.15433092494852196852E-019
      6839   7.34670688552360704000E+017   1.20101020266840072715E-019
      6840   5.15155802040334656000E+017   3.03583643416262531793E-019
      6841   8.68579068052252416000E+017   2.91082425871482804280E-019
      6842   3.25775203140185050000E+015   2.49486543680300627275E-018
      6843   5.62023294426255100000E+015   1.74882439246564095382E-018
      6844   1.75670951308258275000E+015   2.29899427289410353375E-018
      6845   1.24647473145752675000E+015   3.88376045786060824732E-018
      6846   1.21485801386121952000E+017   9.94117191755921876039E-019
      6847   1.25154231783949776000E+017   4.64540892516607858421E-019
      6848   1.30085121648787472000E+017   1.41721800874081859040E-019
      6849   1.38689661341582848000E+017   7.69839386005205776860E-019
      6850   1.70189974366119808000E+017   7.07258786749389033166E-020
      6851   1.72687850723594240000E+017   2.51377424202645985991E-019
      6852   1.09498573618778780000E+016   1.00000000000000008334E-030
      6853   2.49663021645129550000E+015   1.00000000000000008334E-030
      6854   3.13962408951489088000E+017   1.28658522014800144114E-019
      6855   2.16268684742276240000E+016   1.34711393317214033793E-018
      6856   2.00381841192827232000E+017   6.28869382019932585056E-020
      6857   4.28867112565934976000E+017   4.33194865669725526564E-020
      6858   3.63376686227825792000E+017   3.60912646774345783182E-019
      6859   3.95549947097202624000E+017   2.84097128050362236575E-019
      6860   1.91852415340925088000E+017   6.43800338957640601732E-019
      6861   3.89964762986212720000E+016   1.65624926697667468617E-018
      6862   5.71896080085903680000E+017   1.76515819429039849188E-019
      6863   3.42248369926933568000E+017   1.17231766942961683047E-019
      6864   2.21245588690565440000E+017   5.46801391775368327440E-019
      6865   4.75933634935105600000E+017   3.12101568742155874272E-019
      6866   2.15572422072450304000E+017   6.30174368877099522096E-019
      6867   4.24143424283634432000E+017   4.44961941037368276043E-019
      6868   8.46302235745226720000E+016   4.85914267129732092995E-019
      6869   2.62378399016686160000E+016   5.95250818376636780583E-018
      6870   2.75603369736089400000E+016   2.27571667883922669305E-018
      6871   4.36286445103107040000E+016   1.56159885098976052995E-018
      6872   1.28743257526660432000E+017   3.83656111179345364750E-019
      6873   9.38112021414656640000E+016   1.53392907177379289823E-018
      6874   4.18222561575640704000E+017   3.34754235275245251821E-019
      6875   5.24929519575220928000E+017   2.39824587933798215120E-019
      6876   4.65925430995379840000E+017   3.00214653506368608483E-019
      6877   5.53780046066825792000E+017   2.28436781103393135018E-019
      6878   2.38583053763612544000E+017   6.30866277282180826534E-019
      6879   4.14201197067394816000E+017   3.39233626805005326192E-019
      6880   1.59927804435756512000E+017   6.10537085615186122005E-019
      6881   3.00671501408302656000E+017   3.15837094944797134615E-019
      6882   1.86603236579511360000E+017   4.99282231238854191934E-019
      6883   2.62227495600174784000E+017   2.55011530273241657173E-019
      6884   4.92174201444687280000E+016   9.80149897591057139566E-019
      6885   6.18190810844912560000E+016   8.78731706474570180539E-019
      6886   3.13212679874033920000E+016   1.08330677092089687464E-018
      6887   4.23723852890626880000E+016   1.40835062157787708234E-018
      6888   2.53346430741105680000E+016   9.92410781842942211649E-019
      6889   3.22472911449873640000E+016   1.43446543731245465164E-018
      6890   2.75803283346155400000E+016   1.42803917042941927205E-018
      6891   4.13361100777110240000E+016   1.85952272540757450478E-018
      6892   9.45632506643880875000E+014   7.82952567480879756564E-018
      6893   9.74068619501485250000E+014   7.48848820810298085048E-018
      6894   9.54188114845580250000E+014   7.73285199693884549940E-018
      6895   7.61574800471130250000E+014   5.55630141869418370009E-018
      6896   7.70652032038764600000E+015   5.95556492002154922577E-018
      6897   2.07745204267181280000E+016   1.85928870516350801279E-018
      6898   3.17130024869317600000E+016   1.75900672082866464777E-018
      6899   7.46600336520259200000E+016   1.20414240434960823526E-018
      6900   8.64925963992689750000E+014   7.43264530111893073505E-018
      6901   7.82711894086517500000E+014   7.90384531519713604823E-018
      6902   8.30803112789860000000E+014   8.48051445382350797901E-018
      6903   1.13737220577138625000E+015   7.78733307148678730664E-018
      6904   7.03958164298695000000E+014   8.81000815562802403830E-018
      6905   1.02490595019602175000E+015   8.64614636450190923270E-018
      6906   6.06939198276227750000E+014   8.00564462192105274116E-018
      6907   7.97080764436154625000E+014   8.19233835524321462156E-018
      6908   7.53458682582696125000E+014   6.45489117236592212229E-018
      6909   5.32511332643541687500E+014   1.03944792304931855888E-017
      6910   9.60531468319617375000E+014   7.36573725346023815735E-018
      6911   6.39975161392738125000E+014   6.95418970981357152772E-018
      6912   5.10655780000681437500E+014   8.95286846385569093186E-018
      6913   4.87413308301727500000E+014   6.97572183931666397634E-018
      6914   2.34379576045137152000E+017   3.76523105112065520620E-019
      6915   1.29568878605013568000E+017   7.75232185516635075386E-019
      6916   2.15400535984416992000E+017   3.42416981357604310900E-019
      6917   1.38652249877849536000E+017   3.56623584501904909001E-019
      6918   2.65415957196338400000E+017   1.38627799722997708585E-019
      6919   1.31176394824859376000E+017   5.27939206606976423789E-019
      6920   7.47409650557376000000E+016   6.23064300647120954282E-019
      6921   7.41961501706516480000E+016   1.00351513005231381222E-018
      6922   2.37297699338694880000E+017   3.14369116675345955508E-019
      6923   6.95731798789738500000E+015   4.41872303926892479609E-018
      6924   7.03800785123402200000E+015   4.52678788486218573805E-018
      6925   1.00943042791285580000E+016   4.45515425390346362505E-018
      6926   8.14926053246273600000E+015   3.89932643501321404800E-018
      6927   7.63531750343747700000E+015   5.61743399503077970932E-018
      6928   7.39780636647969600000E+015   4.64979593655540113691E-018
      6929   1.90646266777885960000E+016   2.24278359126693163555E-018
      6930   9.73757091179468200000E+015   3.14658172993211112649E-018
      6931   3.57141222670882320000E+016   1.06518620519578370146E-018
      6932   2.48983237308088680000E+016   1.23238747769410358468E-018
      6933   4.47137138693520000000E+016   9.17192045872074510960E-019
      6934   1.48005883589892600000E+016   1.79650110432735846759E-018
      6935   6.16406129823471625000E+014   7.65950364716340450592E-018
      6936   7.69034907049058000000E+014   8.47388604394416842156E-018
      6937   6.77752928627804750000E+014   8.66598996396992622387E-018
      6938   6.80815279407948875000E+014   7.00300134197580299437E-018
      6939   6.45883686506119125000E+014   6.21807854229924998622E-018
      6940   6.82093171212884125000E+014   8.62741964139478899048E-018
      6941   4.28607743838907520000E+017   1.64185800264987930281E-019
      6942   3.21123692938333120000E+017   2.25154480491802355101E-019
      6943   2.85928555874426784000E+017   3.43297047777152441089E-019
      6944   4.95447690928551104000E+017   2.45468007239641762757E-019
      6945   2.46922896928535328000E+017   2.94952191823492840963E-019
      6946   6.91266344323829200000E+016   5.72186761862089417361E-018
      6947   3.66273462977767680000E+016   1.60436091131956374334E-018
      6948   7.12327327623744000000E+014   9.19483413779210477171E-018
      6949   6.67488593312314125000E+014   8.36337836321257311739E-018
      6950   6.33562055663499375000E+014   6.08727162840522916626E-018
      6951   1.04427745137962300000E+016   3.76856399577250439543E-018
      6952   9.56421862672120000000E+015   3.92452375337849380488E-018
      6953   2.73524171315150150000E+015   6.48297026270045216829E-018
      6954   2.28885748933413900000E+015   7.26664699438480919394E-018
      6955   3.64130254685567850000E+015   6.74821478608955610857E-018
      6956   2.95499490909656200000E+015   4.70025548167001153909E-018
      6957   2.40400330118482850000E+015   8.86195305645550335032E-018
      6958   1.85789466991064300000E+015   7.45985373441935051203E-018
      6959   1.27791704478839200000E+015   7.33381133468739338320E-018
      6960   6.83783503697318300000E+015   3.24929672759885608543E-018
      6961   9.26815201259877800000E+015   4.90965647999127481087E-018
      6962   3.98234480949813350000E+015   5.20636813901283655669E-018
      6963   4.58341284554653500000E+015   5.78913176718534770373E-018
      6964   2.80239146280534000000E+015   5.26573236945747928274E-018
      6965   2.81276405005133450000E+015   4.90681359144778784974E-018
      6966   2.50370988645895456000E+017   5.39876383168583404268E-019
      6967   1.98976724538767232000E+017   6.34951156476000371000E-019
      6968   5.58439274966442240000E+016   1.34368180532264202190E-018
      6969   6.28136943778794480000E+016   9.38008757556248144827E-019
      6970   3.88517797544327616000E+017   1.74781696397618252243E-019
      6971   7.37344995961808256000E+017   1.41914607542593416371E-019
      6972   6.83648216756759680000E+017   1.49094671799604023190E-019
      6973   5.54657894724857728000E+017   2.57660276906983553893E-019
      6974   7.52373237710967296000E+017   1.74497264224263570022E-019
      6975   5.81091390889359920000E+016   1.19866005547275191736E-018
      6976   9.66437060862536480000E+016   5.33763223230787526194E-019
      6977   2.66239735358645320000E+016   1.81989419153682570616E-018
      6978   1.65012698584328380000E+016   2.39463487996149104346E-018
      6979   1.89114545319600400000E+016   2.55394422739314764839E-018
      6980   4.64536818996006560000E+016   1.18435628127144604388E-018
      6981   6.29586647557693520000E+016   7.52704700651660473679E-019
      6982   3.86115032519890240000E+016   1.94544690958006608699E-018
      6983   5.15660983709907120000E+016   9.23438008271088309170E-019
      6984   8.11847098241321760000E+016   7.12138892492125388595E-019
      6985   5.62752521334674960000E+016   8.29270161087738775496E-019
      6986   7.70054581799969600000E+016   6.18111223221617568831E-019
      6987   7.93279183700669000000E+015   5.08243114847216761382E-018
      6988   5.47622175603951000000E+015   5.01263930994672685665E-018
      6989   8.83751785028140600000E+015   2.72232637224114905224E-018
      6990   4.08335374408870000000E+015   4.14564976979509671265E-018
      6991   2.52828899441891400000E+015   8.23721057062543788108E-018
      6992   3.78140079992287700000E+015   6.20701517769186547389E-018
      6993   4.03704925714937350000E+015   7.35499503212762752424E-018
      6994   4.24199022178445650000E+015   7.31422013978560564576E-018
      6995   4.65214817665324500000E+015   6.54191419912490133337E-018
      6996   5.33046883704242000000E+015   7.48011225596664937469E-018
      6997   2.75188449027590640000E+016   9.52671310790642021123E-019
      6998   1.94189340964189560000E+016   1.25528908256108258840E-018
      6999   1.05733821539724040000E+016   2.41164235376585878539E-018
      7000   2.01118315822599240000E+016   1.23650499910802576143E-018
      7001   9.51363811594795040000E+016   1.05301498915725293659E-018
      7002   8.56811928099122080000E+016   1.10734398937119242811E-018
      7003   1.56078244349299825000E+015   6.75777318070951716675E-018
      7004   2.59520801194503880000E+016   1.32798885529652316151E-018
      7005   3.32059122084417200000E+016   1.00600334086850906684E-018
      7006   4.24867100551391200000E+016   1.04636978374506982590E-018
      7007   3.94642964590112400000E+016   1.05479167692480252808E-018
      7008   1.29254844080231872000E+017   4.71401839677112654794E-019
      7009   5.87693251320543200000E+015   4.36216013398310290530E-018
      7010   5.04294597983684700000E+015   5.63911285371213932342E-018
      7011   1.82337777780468575000E+015   9.26622227540321584498E-018
      7012   1.45785803032169175000E+015   7.91584292234080513392E-018
      7013   3.36890442892791500000E+015   5.49988591093199876922E-018
      7014   2.36770056381243750000E+015   5.15224629570094205351E-018
      7015   2.64353846168025800000E+015   3.86662245050234288518E-018
      7016   1.63440833400918450000E+015   6.44322749438461168953E-018
      7017   2.26743472266269360000E+016   1.57668276098723831826E-018
      7018   6.60122967998547900000E+015   4.30261641008904923997E-018
      7019   5.27832212196021500000E+015   5.12797605875960814052E-018
      7020   1.92644387469997640000E+016   1.85054090517460540701E-018
      7021   2.66362185008551320000E+016   1.67818799781866799668E-018
      7022   6.76797120754665375000E+014   6.38737506010147529667E-018
      7023   6.53584660236721875000E+014   4.62764834105963781397E-018
      7024   7.68779640848330000000E+014   7.29003007361320682482E-018
      7025   5.60168720661930187500E+014   7.47559049435384028731E-018
      7026   6.22249925056904625000E+014   7.44158162913071187595E-018
      7027   9.10891829399476250000E+014   6.65928306092505149150E-018
      7028   8.18798436100164125000E+014   8.51224887332030238892E-018
      7029   9.66170480743552875000E+014   9.37670592403945610600E-018
      7030   1.59495416947456280000E+016   3.56058437772724147682E-018
      7031   4.36299918324183200000E+016   7.53068581101184337687E-019
      7032   6.36528414880827680000E+016   6.12386953737873906013E-019
      7033   1.83056419370120928000E+017   3.47582261132925607768E-019
      7034   7.41513726570937920000E+016   1.00724371192763844748E-018
      7035   5.52395148187073280000E+016   1.33542327379022167176E-018
      7036   4.04488359687624240000E+016   1.91377375441020651315E-018
      7037   5.58121261135658500000E+014   7.32759836143220568255E-018
      7038   4.98500742240370000000E+014   1.09481451805707133312E-017
      7039   8.51024695672901625000E+014   8.28042740943011133309E-018
      7040   8.63760635587804250000E+014   8.70029546898454348867E-018
      7041   6.18995798330249125000E+014   6.00377712024666793821E-018
      7042   4.99440753217108625000E+014   6.49300488313328436360E-018
      7043   3.61244429169319100000E+015   3.97964284456406191386E-018
      7044   3.09628487997597100000E+015   3.90178650841445644760E-018
      7045   3.47105608273587700000E+015   4.63817421717600420810E-018
      7046   1.58076241904763960000E+016   2.97746448171773458570E-018
      7047   2.36038850599626800000E+016   1.85048873726070796567E-018
      7048   3.56390272825375280000E+016   7.47598684630934783969E-019
      7049   5.02149811550432640000E+016   8.13261499798770997135E-019
      7050   8.73862755264909120000E+016   8.35243835345213426604E-019
      7051   4.36894218098286720000E+017   3.53442133928893349050E-019
      7052   1.86322263962893024000E+017   8.37798840124460875567E-019
      7053   2.07276596603514592000E+017   6.86058102876333399311E-019
      7054   2.35848105156693600000E+017   4.01722804580340848281E-019
      7055   1.66623899118476800000E+017   7.37824318440665737740E-019
      7056   1.56336513694914176000E+017   7.57925781563023327362E-019
      7057   1.20787302765898272000E+017   8.77223556401286678058E-019
      7058   2.41382885084192992000E+017   4.17929516205446173269E-019
      7059   1.33965407598212656000E+017   6.24512074721484498776E-019
      7060   5.87396781337610500000E+015   6.47030433809361338234E-018
      7061   6.18849697633871200000E+015   5.77151885270410096783E-018
      7062   9.53989610252329400000E+015   4.29224792874824400481E-018
      7063   2.05232891238759520000E+016   2.48804462089321877438E-018
      7064   2.71147957793213280000E+016   1.66659541290661538821E-018
      7065   4.97320916513213200000E+016   1.06505902418651830632E-018
      7066   7.36733871230064640000E+016   6.50851906899492882983E-019
      7067   5.18562640583047232000E+017   3.18986615188270817675E-019
      7068   7.18057794678290944000E+017   1.34856315204496439781E-019
      7069   4.93318659877369792000E+017   1.28071194606455605452E-019
      7070   3.06493411337821888000E+017   5.77674741461973838469E-019
      7071   3.57122139259547920000E+016   1.10044733869322641867E-018
      7072   3.01516985271975400000E+015   4.48997512726082682126E-018
      7073   4.09056242759687500000E+015   4.33579248259463257151E-018
      7074   6.64620465344371500000E+015   3.43208365294825961566E-018
      7075   5.55373785200087500000E+015   2.81593961028105756586E-018
      7076   4.31401659550348700000E+015   3.11799164874242441104E-018
      7077   5.56603393271934080000E+016   1.14994021633195210526E-018
      7078   2.94607930190934720000E+016   1.45338755738698774902E-018
      7079   9.32575156596167000000E+015   4.27419214204928110310E-018
      7080   8.07273502562224100000E+015   4.26124093165845538370E-018
      7081   1.45523796129715232000E+017   5.43535046069584421340E-019
      7082   1.93324221003611168000E+017   3.55316483290505156988E-019
      7083   1.75873997172252928000E+017   3.28098414717390500351E-019
      7084   2.22332797610837504000E+017   2.78047723778309276567E-019
      7085   1.48704703356123072000E+017   4.99442424972477063303E-019
      7086   1.57608606018335904000E+017   4.19260770732817614307E-019
      7087   4.19605483254205840000E+016   1.90524458808834511272E-018
      7088   5.27806497077173920000E+016   1.38043350471081135984E-018
      7089   7.58880831796651520000E+016   9.49185161218291720252E-019
      7090   2.72685073086312200000E+015   8.02893918958882098139E-018
      7091   1.91336446436313856000E+017   4.63647823046985988475E-019
      7092   2.29856816159332832000E+017   4.84841653265123615236E-019
      7093   2.68567770726362272000E+017   4.62242966164574828052E-019
      7094   2.63318526493537792000E+017   5.13180378081096601927E-019
      7095   1.78616755122497024000E+017   7.61660157762080252014E-019
      7096   3.70051221359396000000E+016   1.60327787672168968566E-018
      7097   5.76048664404902320000E+016   9.17594180769725412404E-019
      7098   5.98684149406432880000E+016   1.19473371732309655228E-018
      7099   5.78890337789478400000E+016   1.06342414236631602619E-018
      7100   1.77292542915900160000E+017   2.95560282128719188733E-019
      7101   1.95217734550897600000E+017   3.80125416322520079811E-019
      7102   8.69199150067040384000E+017   1.01066517632989953759E-019
      7103   4.24260168044340864000E+017   1.24234701154419766113E-019
      7104   1.26965623036777824000E+017   6.00694890298378674933E-019
      7105   1.12353171640918896000E+017   7.17609737288393976875E-019
      7106   4.34687990612723300000E+015   3.10244075705350685233E-018
      7107   2.30064867083492704000E+017   3.43271791228664619228E-019
      7108   1.35205602897231136000E+017   5.10144228225045424051E-019
      7109   1.47737666693751520000E+017   6.58435235370559998233E-019
      7110   1.20936339804326304000E+017   4.40509070556888713709E-019
      7111   1.31919753077751520000E+017   6.28938771011459986252E-019
      7112   2.52655882901504032000E+017   3.87848062808825180684E-019
      7113   3.51917922897860032000E+017   2.42120265175023365884E-019
      7114   4.94401293779893248000E+017   1.46655832831200318616E-019
      7115   4.41741957374949312000E+017   1.72448272797188775299E-019
      7116   5.06670335659266500000E+015   1.85778354413530260306E-018
      7117   2.08209938544036450000E+015   2.82358856927949261362E-018
      7118   3.42282254753783296000E+017   2.52076371655099538213E-019
      7119   2.35033491681997760000E+017   3.63943736112083941387E-019
      7120   4.33200907530381184000E+017   1.79935096253261062906E-019
      7121   5.23893421161109400000E+015   1.87129423272817467695E-018
      7122   6.18207252972189500000E+015   1.62268777118581087636E-018
      7123   1.26558454239065400000E+016   4.25366715693753603984E-019
      7124   8.40327604276116900000E+015   8.16936114614799821825E-019
      7125   4.54217853286265500000E+015   2.32744035714903159592E-018
      7126   4.29812387358347600000E+015   2.00636233315496153232E-018
      7127   4.08948004124576400000E+015   2.87366648067231824883E-018
      7128   7.19510155324253000000E+015   2.34665772556805353090E-018
      7129   8.86123472076322900000E+015   2.31677658024137106757E-018
      7130   2.21004691040689920000E+016   1.02363779151155849177E-018
      7131   2.02266780180664875000E+015   1.66523031005340754774E-018
      7132   1.20528763557299250000E+015   4.05969947785621862757E-018
      7133   1.92511495893322075000E+015   2.78704678107710042250E-018
      7134   1.42264677674145225000E+015   3.12786169616867756267E-018
      7135   4.30045421116848550000E+015   7.26444148146224808741E-019
      7136   4.23238199810481400000E+015   9.44800118727556542389E-019
      7137   1.44906686301140150000E+015   6.27373577508731277039E-018
      7138   1.43216363674371750000E+015   5.31854101017063252902E-018
      7139   1.66893184830090100000E+015   3.95632254360731032692E-018
      7140   7.30078568545533184000E+017   1.99408115525991759553E-019
      7141   9.58957621844422912000E+017   1.44627876369846878054E-019
      7142   4.61492884975422560000E+016   1.39719854582039858692E-018
      7143   2.44977982093333056000E+017   2.87428056228308688570E-019
      7144   5.15039274906928384000E+017   1.80494280503103925572E-019
      7145   3.12125155780504512000E+017   4.11363206901372595131E-019
      7146   8.84235066629621248000E+017   1.25905664140366605601E-019
      7147   2.30240193378117056000E+017   4.00723604524516420647E-019
      7148   6.24123356230691760000E+016   7.63741852175674323972E-019
      7149   2.28585880007565560000E+016   1.70899827345532205436E-018
      7150   2.01477801574780768000E+017   8.72740397394596168704E-020
      7151   1.64557002651971072000E+017   6.15579613161993253530E-019
      7152   9.58399466884627520000E+016   8.94307554151226191628E-019
      7153   1.94488916151564760000E+016   2.60369870855233909168E-018
      7154   1.96634718979409000000E+016   2.92730268009644521939E-018
      7155   1.45360779295363040000E+016   2.65031603764179728237E-018
      7156   1.49302590452538464000E+017   4.60842404503463050970E-019
      7157   6.32457942461527200000E+016   9.55895960271211332664E-019
      7158   3.48302760840507880000E+016   1.57043598437417259218E-018
      7159   3.86263864307972640000E+016   1.21643381104694719086E-018
      7160   3.24881306384577950000E+015   8.47720049607171034405E-018
      7161   3.19341315378710150000E+015   9.57234483082411724362E-018
      7162   1.23341849502154280000E+016   2.42528078813596963788E-018
      7163   1.99993250660208960000E+016   1.78553164632195464197E-018
      7164   1.41691396342047100000E+016   4.57450621505503214225E-018
      7165   1.80411395311112640000E+016   2.64582828418056599746E-018
      7166   4.31361055952944320000E+017   1.46148390972317539947E-019
      7167   2.03095479787946432000E+017   2.90707813753181680926E-019
      7168   1.58409891678749152000E+017   6.98272290778670399098E-019
      7169   2.09310786185643168000E+017   7.38763577099291465052E-019
      7170   7.03194744887927280000E+016   4.54043320788683436153E-019
      7171   5.63968186482476480000E+016   8.82056697070488397040E-019
      7172   2.72392864219817500000E+015   5.14772587077283283871E-018
      7173   3.87492169775365400000E+015   5.86455185805711335108E-018
      7174   1.78290076657915750000E+015   7.86037228455594434190E-018
      7175   2.53537201218748050000E+015   7.80936558263458046780E-018
      7176   1.97452347880933088000E+017   1.31005194827292327038E-019
      7177   5.92987518179361920000E+016   8.76664246485741231869E-019
      7178   5.93598777232043280000E+016   1.55150998070787145976E-018
      7179   7.31689073337858720000E+016   1.29079609493245957734E-018
      7180   2.32991399746667850000E+015   5.47366746895219745701E-018
      7181   1.81515884821181050000E+015   9.05146741219272427609E-018
      7182   1.84228863505290275000E+015   5.96437596158910276019E-018
      7183   1.68462378537851550000E+015   6.92088678130860570596E-018
      7184   1.14715601516913700000E+016   3.07784370332739826394E-018
      7185   1.11381213868193480000E+016   2.94486168924297752592E-018
      7186   1.82735361328231440000E+016   2.32313960983328290890E-018
      7187   1.90701007969086440000E+016   1.62364521504593905483E-018
      7188   2.28934971492460440000E+016   1.14056844967028760760E-018
      7189   2.84172923621916240000E+016   1.31281758564293915492E-018
      7190   7.42349851142871700000E+015   5.37448095418482004996E-018
      7191   6.99719038821067300000E+015   6.67479464897272778523E-018
      7192   1.04337024768835640000E+016   4.21071944831251304835E-018
      7193   9.31054060765332000000E+015   4.74297435085847132736E-018
      7194   4.12927922622934400000E+015   4.26035517271600582015E-018
      7195   7.38197805111129750000E+014   7.26868205061580552957E-018
      7196   1.14928350396315725000E+015   6.03294668977575115156E-018
      7197   1.00317556445102337500E+015   3.69928173881585372181E-018
      7198   1.09292930693952300000E+015   4.19481881769540053513E-018
      7199   9.92972239557128875000E+014   4.02340149029748979008E-018
      7200   1.09794937351044672000E+018   2.29617822491129713549E-019
      7201   2.53405268574427136000E+017   5.83206498103850527507E-019
      7202   9.55470891425494016000E+017   1.33833932845078874356E-019
      7203   3.95496769432910880000E+016   2.34786716801773196505E-018
      7204   3.72806986395720576000E+017   3.22033458192379484950E-019
      7205   3.34371331863789056000E+017   7.16364683887480432451E-019
      7206   4.54906062535735936000E+017   2.14775632753725958607E-019
      7207   3.80410011724222272000E+017   2.86488092448639423095E-019
      7208   3.00240767604639360000E+017   6.40423714353111569261E-019
      7209   1.95652241460499616000E+017   3.14304219470352973733E-019
      7210   4.09757815097739200000E+017   1.29777125106492800405E-019
      7211   2.21572655899592832000E+017   3.88690392328272650785E-019
      7212   4.12632636133402320000E+016   2.52733464118862743332E-018
      7213   2.00663468305399040000E+017   1.02057878540049958532E-018
      7214   3.15968099760787776000E+017   3.66613621616943893188E-019
      7215   1.51620064075216800000E+017   7.55063783583919274293E-019
      7216   2.78336257053401600000E+017   3.55340951862300395344E-019
      7217   7.27546391285946368000E+017   3.78646235667805211557E-019
      7218   4.77630269235681728000E+017   4.32202626378570946548E-019
      7219   1.06013426817051100000E+016   4.11064941817025268395E-018
      7220   7.81448241402899400000E+015   3.33021341531868012015E-018
      7221   1.60380334725009525000E+015   6.06554290439734408435E-018
      7222   1.16343142897786675000E+015   5.67002775200682959558E-018
      7223   1.47422471955855125000E+015   4.88946316420489146291E-018
      7224   2.20449818384899225000E+015   3.82682794992086615452E-018
      7225   2.23427176228503625000E+015   3.87197362006542992058E-018
      7226   2.14740038404976800000E+015   4.71999709406505723859E-018
      7227   2.50647677363689400000E+015   5.47865141854499603695E-018
      7228   1.46852675362011700000E+016   2.35093567475302018802E-018
      7229   1.63149103416428700000E+016   2.86771558873390448824E-018
      7230   9.20676471435382125000E+014   6.17567337233050230498E-018
      7231   1.28206040819087025000E+015   6.07145209879603761135E-018
      7232   1.42774504170934250000E+015   5.79234471696604716960E-018
      7233   1.44499394647698225000E+015   6.06998471448116429516E-018
      7234   1.49010352477777325000E+015   5.38288393204273085728E-018
      7235   2.53342874818010880000E+017   1.79781459490927816933E-019
      7236   6.75848949586360400000E+016   4.57341966402716198605E-019
      7237   1.40506940301863216000E+017   2.80680766750011613289E-019
      7238   3.32212644125668680000E+016   2.81016121084078859187E-018
      7239   2.55986241446582840000E+016   2.72619036399043617099E-018
      7240   3.56236216501573824000E+017   2.80435142193648057775E-019
      7241   6.77258977625002240000E+017   1.73220185120700644882E-019
      7242   9.32794260282196224000E+017   3.45949192050049397238E-019
      7243   3.80406438542927808000E+017   5.33706308844687327488E-019
      7244   6.71733871544607872000E+017   1.42565366730809587505E-019
      7245   1.63135026210580260000E+016   2.46074489870935835491E-018
      7246   1.34476160694539260000E+016   2.76985038539811729058E-018
      7247   3.91711177604834400000E+016   1.00134837244962048829E-018
      7248   3.68938533769989280000E+016   1.41900207773841741386E-018
      7249   2.14134183248577440000E+016   2.51921278165854349197E-018
      7250   3.71541105190091280000E+016   1.86752994061940774162E-018
      7251   5.18879842218895300000E+015   3.09950834198371700724E-018
      7252   1.98086252617246175000E+015   5.31562357890203080664E-018
      7253   2.76358278551650500000E+015   1.84868199708198767852E-018
      7254   4.89281218463347200000E+015   1.98069193794601934680E-018
      7255   2.78543550702361760000E+017   1.46064735001238163831E-019
      7256   3.16890035929373376000E+017   1.83531898020141897523E-019
      7257   5.07535484396326480000E+016   1.42450808599863450229E-018
      7258   2.62629927862476160000E+016   2.69550233792549325709E-018
      7259   2.54194493475920576000E+017   1.97703034918891660697E-019
      7260   2.38954174472582688000E+017   3.01722694288803434386E-019
      7261   1.29476743371466624000E+017   3.71873794741150587782E-019
      7262   9.44236264041455040000E+016   5.91513094376965600392E-019
      7263   7.39790226269355392000E+017   7.08835312112235126562E-020
      7264   3.08568434600217664000E+017   4.34594712730133878724E-019
      7265   2.51623722698906912000E+017   6.78818051418129712675E-019
      7266   3.75071095122891520000E+017   2.70022855359884994584E-019
      7267   4.53580817837043200000E+017   3.81300697278724255546E-019
      7268   1.81477145091475616000E+017   9.09362311107715350060E-019
      7269   5.27899362165108000000E+015   3.31339613403461035379E-018
      7270   4.93593632697922200000E+015   4.39395353119874184455E-018
      7271   2.31714472103193344000E+017   4.94720949216600159179E-019
      7272   1.99210790947947840000E+017   3.53999358119375387376E-019
      7273   7.60057837328752480000E+016   1.16712352221538699520E-018
      7274   1.34598287653227040000E+017   5.96505081622143666307E-019
      7275   2.41323457431511552000E+017   5.63575453272588344144E-019
      7276   2.51419222850026528000E+017   4.55110442136683946416E-019
      7277   4.58205292548164800000E+017   1.37167687326842321710E-019
      7278   4.88861131636999808000E+017   2.02303820171469133404E-019
      7279   6.72168262052279920000E+016   5.10365557742378103272E-019
      7280   1.15806664330140944000E+017   2.69429890268789924556E-019
      7281   9.14078486674962080000E+016   3.93775746892037071413E-019
      7282   2.08800621702149560000E+016   2.68432463650764958255E-018
      7283   1.88010139651769800000E+016   1.52983515365625496999E-018
      7284   5.99235656187474160000E+016   1.48808330842690927151E-018
      7285   8.79920623066936960000E+016   4.96812065652833515456E-019
      7286   6.60239162694733760000E+016   1.42513357168519334907E-018
      7287   9.37354109568218560000E+016   1.34504531618788168357E-018
      7288   9.48092034905860800000E+016   8.39474712351947776554E-019
      7289   1.38705849428739472000E+017   3.02383170438807492784E-019
      7290   2.51333967863254304000E+017   2.54372872986590293982E-019
      7291   9.88710914103571200000E+017   7.64595317209362175053E-020
      7292   8.28417231331847552000E+017   1.75526188177775287368E-019
      7293   1.19701051867660185600E+018   1.53120611306299537964E-019
      7294   2.76024335855134400000E+015   3.33814893104040079588E-018
      7295   7.72589226302531700000E+015   2.69465265561529250115E-018
      7296   9.82470182726919400000E+015   9.31041238063049788472E-019
      7297   2.97017478111430650000E+015   3.54333970884098091497E-018
      7298   2.72208159650735584000E+017   2.56330021584251620699E-019
      7299   1.91656207320879648000E+017   4.58947534421134050372E-019
      7300   1.50310843554598272000E+017   1.04981408736478071787E-018
      7301   1.89395249066710144000E+017   4.93105450043042604776E-019
      7302   2.48653529954758592000E+017   4.69474500147217519979E-019
      7303   8.57345737149957760000E+016   9.56953963986805544243E-019
      7304   3.54836240240838784000E+017   2.66623811055433055793E-019
      7305   1.12718757040300288000E+018   6.57903566205947030212E-020
      7306   6.58261625660172288000E+017   7.18742421780835984134E-020
      7307   5.40519109638774300000E+015   1.94977032630694917794E-018
      7308   2.07704731683364175000E+015   2.90916835669606939619E-018
      7309   2.10519518438687600000E+015   2.54813959795112980839E-018
      7310   3.06140984316852000000E+015   2.26180004185655342732E-018
      7311   5.15312842153446400000E+015   2.13453870739920042629E-018
      7312   1.01478517028849860000E+016   1.37714718085673167786E-018
      7313   6.93397949534731300000E+015   1.43235683074605939509E-018
      7314   4.38236007059952600000E+015   2.34630144190797674227E-018
      7315   1.60393578127574925000E+015   4.41186668161985429479E-018
      7316   4.53684393102620800000E+017   1.53686308843397305021E-019
      7317   5.91651835742969856000E+017   1.42031011044977629279E-019
      7318   2.15995486870914048000E+018   9.22128698797124377037E-021
      7319   8.75221850243586048000E+017   2.36959730992390687577E-019
      7320   1.88927342808953728000E+017   4.91843035362277781824E-020
      7321   3.46893054218777664000E+017   1.08850954827621322988E-019
      7322   8.00540366750114560000E+016   7.07189138921731063688E-019
      7323   1.57793891330156832000E+017   4.72607312471360348373E-019
      7324   3.65511316908446100000E+015   1.23270663854104572690E-018
      7325   1.67008919508956275000E+015   3.21431973694516620370E-018
      7326   7.03895649137898800000E+015   7.81977455973784935633E-019
      7327   1.00162057089978384000E+017   6.70182623720356883469E-019
      7328   9.18404540353622560000E+016   1.15508290312124807063E-018
      7329   7.87304085908593152000E+017   6.96527481202095178631E-020
      7330   8.18183857329451648000E+017   1.08060465040201595932E-019
      7331   7.54522507700922752000E+017   2.13231794619463111590E-020
      7332   2.17066559670080736000E+017   1.53313749108814522666E-020
      7333   4.54444793275836400000E+016   9.17958954562309896196E-020
      7334   1.85787819696733975000E+015   4.14410444985719004988E-018
      7335   9.89977917256499500000E+014   3.90649220100526078978E-018
      7336   1.69559372504609150000E+015   3.84491363295546495885E-018
      7337   2.08514189763315550000E+015   3.37452824374120734489E-018
      7338   1.13758902181502800000E+015   4.39776221435772216090E-018
      7339   1.79578579709479340000E+016   1.90003750147415424393E-018
      7340   1.90705078097843680000E+016   3.09815057390417361914E-018
      7341   1.20418829821679888000E+017   5.66651876178007794650E-019
      7342   1.28259256794453584000E+017   6.55542001307058939741E-019
      7343   3.16856989915396608000E+017   2.09927866545325932128E-019
      7344   2.08910354539457280000E+017   4.43212471283682279217E-019
      7345   5.54315661208433344000E+017   2.05859968266572197279E-019
      7346   1.00000000000000008334E-030   1.00000000000000008334E-030
      7347   1.00000000000000008334E-030   1.00000000000000008334E-030
      7348   1.90237212026868256000E+017   4.49098437349967817995E-019
      7349   3.19221185879644608000E+017   2.63859510196345825706E-019
      7350   5.23072305106557952000E+017   3.03589803842733318382E-019
      7351   1.29558044973236032000E+017   5.88086044896343990052E-019
      7352   1.40827434518696700000E+016   1.98131833417032031607E-018
      7353   4.08611788032120480000E+016   1.24119799857276997352E-018
      7354   8.40640431060694560000E+016   4.75137410769846700736E-019
      7355   5.34209577783804000000E+016   1.01816218740758942405E-018
      7356   3.45571391784045960000E+016   1.34505479770999228417E-018
      7357   5.94216540156011280000E+016   9.60284607323317117773E-019
      7358   5.28572427054435760000E+016   7.69560206342032098780E-019
      7359   2.32673788632729024000E+017   2.45836722815186586647E-019
      7360   1.39068126143749184000E+017   4.66966968723238043243E-019
      7361   6.12929044293938560000E+016   8.85780644022094554664E-019
      7362   7.22186617950738400000E+016   9.72096299876697658806E-019
      7363   1.93497687641536736000E+017   3.43728011487465401917E-019
      7364   1.76221393566438816000E+017   4.53306312771915911851E-019
      7365   1.25329705675129824000E+017   5.82152334115403027232E-019
      7366   1.02693221487732832000E+017   6.48051525129015579804E-019
      7367   1.35123482817348880000E+017   4.92186632350502443215E-019
      7368   6.08366694632255360000E+017   1.19229406297210610946E-019
      7369   5.41245369476700096000E+017   1.41565765817439846616E-019
      7370   1.76557185805993088000E+018   3.76807845498612403987E-020
      7371   4.03900776661307904000E+018   2.31559977010011121919E-020
      7372   1.10809008879787276800E+018   1.64231490766049741577E-019
      7373   1.66662265209041203200E+018   5.55286721639433360093E-020
      7374   1.40188421263881779200E+018   9.07490087750861074530E-022
      7375   9.97917243258724224000E+017   1.03929594893292750206E-021
      7376   1.95912996333414681600E+018   7.86969897463167976675E-020
      7377   1.57752756655110374400E+018   2.99968490345695292520E-020
      7378   2.20357377137428710400E+018   2.36313768808352108080E-020
      7379   3.99922412139775232000E+017   2.19979195948055527819E-019
      7380   8.06672081735370112000E+017   1.02740414454438854868E-019
      7381   3.48859976167309952000E+017   2.59774004674973831230E-019
      7382   1.49012306595672416000E+017   3.13141542896832768343E-019
      7383   4.25308613250729472000E+017   1.85468688195555732866E-019
      7384   2.62392615149243808000E+017   5.41970814144268161707E-019
      7385   9.15472168720392704000E+017   5.03369571948478103669E-020
      7386   5.47977829359207104000E+017   7.34527604951225559907E-022
      7387   2.75272875512859648000E+017   4.26635856072861764109E-019
      7388   2.18157657716092096000E+017   1.89489844503887925784E-019
      7389   2.66748703251760096000E+017   3.81107456635680228812E-019
      7390   4.57803606557776960000E+016   2.02121510966108870275E-018
      7391   7.85142695137733500000E+015   6.49523330497033799887E-018
      7392   1.32017818797736060000E+016   2.88736133307223617636E-018
      7393   1.33688126834195440000E+016   1.63138464719355235639E-018
      7394   2.00453857979569920000E+016   1.73040982273161489915E-018
      7395   1.00041294870231680000E+016   3.14730294173145202543E-018
      7396   1.35165852150054680000E+016   2.26175360459551823324E-018
      7397   4.44350842677698850000E+015   7.09385877137210792661E-018
      7398   6.40167461872183200000E+015   4.63183028383441654012E-018
      7399   4.01636239354176850000E+015   8.72031963839351423458E-018
      7400   3.70429542877112750000E+015   6.41686900146827798522E-018
      7401   1.61943716242843675000E+015   6.49963368389773763789E-018
      7402   2.09290361799005350000E+015   7.31264159345458696004E-018
      7403   1.56166230017317408000E+017   4.58738531532284543170E-019
      7404   1.63500348506705792000E+017   3.61667643553040116236E-019
      7405   3.10469826675047232000E+017   3.20596311334470696608E-019
      7406   1.21557151238312784000E+017   9.29166827153134222690E-019
      7407   2.58778644024983840000E+017   3.01226099174047881399E-019
      7408   4.03048585621263936000E+017   1.92774026415381574011E-019
      7409   2.12319023230342912000E+017   2.29874429361583182439E-019
      7410   2.67536924557941632000E+017   3.67605496415132438508E-019
      7411   3.30427833195890300000E+015   5.66393804179715208590E-018
      7412   1.05486550233741687500E+015   9.17266538422298910962E-018
      7413   8.63697806335184960000E+016   5.74841828310048005384E-019
      7414   1.83269554957135584000E+017   2.74175497228769073784E-019
      7415   3.01301478815758600000E+015   6.09067624622434291238E-018
      7416   2.54811703826205350000E+015   7.41094521342400753511E-018
      7417   3.85200004009905600000E+016   1.12727213643278227151E-018
      7418   4.38399125967588160000E+016   9.84672674355870360888E-019
      7419   3.60026765603213960000E+016   8.71211046906708711498E-019
      7420   4.95562246115614400000E+016   1.07668865876913930447E-018
      7421   8.82069734434154375000E+014   3.99144052206262959612E-018
      7422   8.00402527215899500000E+014   7.17399548672983154130E-018
      7423   7.05577889009352750000E+014   4.57023005772714366949E-018
      7424   1.06428031795680575000E+015   4.61844740931593682862E-018
      7425   9.86765774050143875000E+014   5.37346938810191659311E-018
      7426   2.55979388236786200000E+015   1.45836220576030970839E-018
      7427   1.62514561267945800000E+015   2.73033806092348962722E-018
      7428   7.14607580253219625000E+014   7.20215186039664494857E-018
      7429   6.93515454532397750000E+014   8.01168339936922658265E-018
      7430   6.60576192643853875000E+014   7.52655060121847462962E-018
      7431   5.35077337554945344000E+017   2.20525198654930754148E-019
      7432   6.69321710623848704000E+017   7.25540505045370475481E-020
      7433   4.10271696285937664000E+017   2.42221887819338264453E-019
      7434   2.82941617396704672000E+017   3.40321321661603800889E-019
      7435   1.39710838662721312000E+017   1.97389032811129794937E-019
      7436   9.49594413079083680000E+016   6.80257415880992862037E-019
      7437   3.70995865719352700000E+015   4.08868591293123822571E-018
      7438   4.34168808899339900000E+015   4.40846567182064280179E-018
      7439   1.36510936836111025000E+015   5.25804201037570911953E-018
      7440   7.69788771453767600000E+015   7.95435066284480791882E-019
      7441   1.04686306988373325000E+015   5.91744331164873235887E-018
      7442   1.32759684391147775000E+015   4.26129905218344654466E-018
      7443   2.31972969814025100000E+015   3.21506865292543611666E-018
      7444   1.62433365180955475000E+015   4.18116016012177862020E-018
      7445   1.35334405134663150000E+015   6.42287565279592044586E-018
      7446   6.52736870267770880000E+016   1.52194079343861853106E-018
      7447   8.44651258599765632000E+017   2.86755651941504449841E-020
      7448   8.94800494445622400000E+017   4.97401821314806460451E-020
      7449   2.67758494861344096000E+017   3.82409433860194048512E-019
      7450   1.48721569803179904000E+017   6.58870660961886448999E-019
      7451   1.43745421804458560000E+017   5.92134450510409286784E-019
      7452   1.07961416208713296000E+017   1.05097231708286621389E-018
      7453   2.32778146323668950000E+015   5.21065119709871406916E-018
      7454   2.29502853971520850000E+015   4.85502166881349607812E-018
      7455   4.21724943974411900000E+015   2.62294740837826057476E-018
      7456   3.27407417429665450000E+015   3.34140366686231502076E-018
      7457   2.16926568362402225000E+015   4.08962068127159417306E-018
      7458   2.27071682748313150000E+015   3.95627035079941904787E-018
      7459   2.47603691307455900000E+015   6.02342587157275694915E-018
      7460   2.05629927207069000000E+015   4.19942600146480433582E-018
      7461   1.99233187337743225000E+015   5.94796651965184983877E-018
      7462   1.73553494735888400000E+015   5.36630394424723941459E-018
      7463   2.29940730783582650000E+015   4.80939570583460547971E-018
      7464   1.97928565273557700000E+015   5.83540060104007838587E-018
      7465   4.94851232401009600000E+015   5.22358557370035604293E-018
      7466   3.75806143726687650000E+015   4.35540795631245309885E-018
      7467   4.41081504284482700000E+015   6.38173577441001917958E-018
      7468   5.12780876059126100000E+015   5.07178029856289310231E-018
      7469   5.00473719945504400000E+015   6.34900217849158620301E-018
      7470   5.12997563415739000000E+015   5.85294078243714422874E-018
      7471   1.45880721426469820000E+016   2.99557027522246576712E-018
      7472   1.86386997531136800000E+016   2.65582555526562212528E-018
      7473   1.93896441558108150000E+015   3.42750453620730902307E-018
      7474   4.27550878054810700000E+015   2.04055082738813217526E-018
      7475   4.79055220118341800000E+015   2.42914296504222240458E-018
      7476   1.40683349265521700000E+015   6.63649022994658786294E-018
      7477   1.58431973066130475000E+015   4.90022327601522224175E-018
      7478   1.65673539541018600000E+015   3.65806517617024463219E-018
      7479   2.70743572987247700000E+015   2.16374118481488206031E-018
      7480   1.14997197949822640000E+016   7.50842143214728512956E-018
      7481   1.74450785175253248000E+017   1.83078474291929525259E-019
      7482   1.65540294715160704000E+017   2.15683498842870619976E-019
      7483   5.49661946229476608000E+017   1.00697794319143029238E-019
      7484   3.78950538802420736000E+017   2.81732954298766748628E-019
      7485   8.10268621410549376000E+017   7.45311278163503731740E-020
      7486   3.75280903755691904000E+017   3.75201715955937116420E-019
      7487   5.36648080471689664000E+017   1.41376518097072957668E-019
      7488   1.00000000000000008334E-030   1.00000000000000008334E-030
      7489   1.00000000000000008334E-030   1.00000000000000008334E-030
      7490   1.00000000000000008334E-030   1.00000000000000008334E-030
      7491   4.42959121425019904000E+017   1.94083731873340225715E-019
      7492   2.99077819306027776000E+017   6.17041504835666727448E-019
      7493   3.49067015420157696000E+017   2.36762284892544897448E-019
      7494   5.12114673063776384000E+017   7.27538361960799171665E-020
      7495   2.00807890196165200000E+015   4.26418551012137907621E-018
      7496   3.54182166990861600000E+015   3.02735691178586073866E-018
      7497   2.89190677101370600000E+015   4.70777869160226930282E-018
      7498   2.07540835163373825000E+015   4.29435409342411538677E-018
      7499   1.35830511762225680000E+017   3.77168466411028464650E-019
      7500   1.34087699513599872000E+017   4.66360124895879117773E-019
      7501   2.94591394240736768000E+017   3.27233271155196844412E-019
      7502   1.26200537179134768000E+017   7.80307108787740791280E-019
      7503   4.75878001098038144000E+017   3.59078950517689017009E-019
      7504   5.21289770217240768000E+017   2.45237775429563673484E-019
      7505   1.20484144814418768000E+017   8.21894635649686507411E-019
      7506   6.52876318490206464000E+017   9.07955605030226973003E-020
      7507   2.26317574229757376000E+017   2.78783123028710569429E-019
      7508   2.66010504736240864000E+017   1.45003798125798138355E-019
      7509   4.02456944493150848000E+017   8.97423346171614336843E-020
      7510   2.47055690491113664000E+017   4.29629937324866940317E-019
      7511   1.69329215352248576000E+017   6.75661999715056506695E-019
      7512   4.24907739992160300000E+015   3.11181686187373810732E-018
      7513   5.27889071279524800000E+015   2.94567744002568705218E-018
      7514   1.33814467240941740000E+016   2.65731287032660713470E-018
      7515   1.11910965608467780000E+016   2.21218845115883212408E-018
      7516   6.39744694925666300000E+015   2.78401713884518286066E-018
      7517   1.41895736683209136000E+017   3.25735285040341297060E-019
      7518   1.07189515373027776000E+017   2.89344294650277712812E-019
      7519   2.00890520078833472000E+017   6.54277299634237211680E-019
      7520   2.70798659671934600000E+016   3.72497064718084244451E-018
      7521   3.16169628870162112000E+017   3.36157558557625934211E-019
      7522   9.17568632787404544000E+017   1.51104966299208275009E-019
      7523   4.15286089041271360000E+017   1.32381613875901614597E-019
      7524   5.95942572654525440000E+017   6.95162603629508779765E-020
      7525   1.13799828707228057600E+018   4.47837457107606157088E-020
      7526   9.92476287216992256000E+017   2.53757200478699669187E-019
      7527   5.36251402719142080000E+017   2.08000605529065871914E-019
      7528   6.29459504712480200000E+015   2.56239618528889661664E-018
      7529   5.74733995636760900000E+015   1.74292671118586468161E-018
      7530   4.84218451394443968000E+017   2.48987270918084028847E-019
      7531   6.15126829610075392000E+017   1.08653841947183896622E-019
      7532   5.22835855887422720000E+017   2.69415656824417657973E-019
      7533   5.25098444991876608000E+017   9.75810202251111302626E-020
      7534   3.21890929024010816000E+017   5.16653776956996318506E-019
      7535   2.73965544219306342400E+018   4.45143386145186786031E-020
      7536   5.16995434451761408000E+017   2.36160300650313221450E-019
      7537   5.03719839719446656000E+017   1.13796206839344612942E-019
      7538   8.72670537177141248000E+017   8.57949734868383203852E-020
      7539   2.40521602600452032000E+017   2.99821671106750275229E-019
      7540   3.63230579968924736000E+017   3.31369728718241761173E-019
      7541   6.87576389289372032000E+017   1.66296473960383353181E-019
      7542   6.36885691366705024000E+017   2.17741777296444917868E-019
      7543   9.20206728180424200000E+015   1.05361606912661656919E-018
      7544   1.30004395686605780000E+016   6.87370750501829094685E-019
      7545   3.92230394479241408000E+017   2.31936232439522546812E-019
      7546   3.58937744983525504000E+017   2.02829893677041537899E-019
      7547   5.53697834319346400000E+015   2.92752254558683325180E-018
      7548   6.00281007136664200000E+015   2.56564354136299711335E-018
      7549   2.62807886154028700000E+015   3.39513133222826412616E-018
      7550   1.76694576331597325000E+015   3.72255979739684062792E-018
      7551   3.35155500193654250000E+015   3.68901299816111591179E-018
      7552   2.99603550385574050000E+015   3.75591979646466244521E-018
      7553   2.96892036177544050000E+015   3.74808051619081425525E-018
      7554   5.02371183962941248000E+017   3.74772540168455573713E-020
      7555   1.11728942954646860800E+018   3.19242508601346895115E-021
      7556   4.71889741599967808000E+017   3.71696220471995082118E-020
      7557   3.45979113972321152000E+017   2.02596609976242278160E-019
      7558   5.51805688944168400000E+016   7.08154491276831848045E-019
      7559   5.20512047908323712000E+017   3.42926833891816024258E-019
      7560   4.31815267606358656000E+017   2.48725032214042658819E-019
      7561   4.67613600535088200000E+015   9.15872524883835921363E-019
      7562   3.82285063233374250000E+015   1.24514121871825169724E-018
      7563   2.15740673505568525000E+015   1.50925544721944410990E-018
      7564   1.41129698914092900000E+015   2.73490554688842579888E-018
      7565   1.38239170836737648000E+017   3.90599055345913512390E-019
      7566   2.19366446419643136000E+017   2.86953261121376877534E-019
      7567   1.70256217805862144000E+017   2.82065729317367731077E-019
      7568   1.69438571491372832000E+017   3.80872217578170732760E-019
      7569   1.95062145164723609600E+018   3.77550867743021806488E-020
      7570   1.10013734856732825600E+018   2.62341820248032513911E-020
      7571   9.21831525315732160000E+016   1.77181915105262692306E-020
      7572   7.95500753438892400000E+015   2.36334249521260541492E-018
      7573   1.43163099115016040000E+016   2.16679649975084752108E-018
      7574   9.27497988487035800000E+015   1.88174196338567905668E-018
      7575   7.51831945012500800000E+015   2.73230329890716905274E-018
      7576   1.96101837641683840000E+016   2.11922476778119916254E-018
      7577   3.12183537912554120000E+016   1.87523321412754969010E-018
      7578   1.92379946330351000000E+016   2.35226385728798218484E-018
      7579   5.94544709665228320000E+016   1.03848280828390565461E-018
      7580   1.17210863060248112000E+017   7.45441239580278140874E-019
      7581   1.32304017551084288000E+017   5.76419570853845118861E-019
      7582   1.76318787746517560000E+016   2.47135693604666623448E-018
      7583   5.72275410194248480000E+016   1.20682795758021161767E-018
      7584   4.72536115030719808000E+017   1.11310660512489852984E-019
      7585   8.04673214357674624000E+017   8.42439409060041965087E-020
      7586   7.96116739791699680000E+016   6.80688293874371655585E-019
      7587   1.33224297426902576000E+017   4.64855431263112589948E-019
      7588   9.62237779699209088000E+017   7.34787611295013644880E-020
      7589   1.37958943638352947200E+018   2.48608925441427486844E-020
      7590   4.22298970754753152000E+017   1.47302832937923842255E-019
      7591   2.62647689162168000000E+017   2.67536187748889251809E-019
      7592   4.85205485990360704000E+017   2.98656753167360624156E-019
      7593   9.97946362733288400000E+015   3.28195563457745802311E-018
      7594   2.44265740138238480000E+016   1.77505123419241172322E-018
      7595   2.86913137799342080000E+016   2.25929226715705554033E-018
      7596   7.27002139498103520000E+016   8.73644425042964256489E-019
      7597   1.77723527744368736000E+017   3.97419908285406791917E-019
      7598   2.51202672176191872000E+017   4.86675405094346407886E-019
      7599   3.89420730180337728000E+017   2.80028100597817212676E-019
      7600   3.62278479041914496000E+017   3.26938203850195928456E-021
      7601   2.10929714926965785600E+018   3.44939306031252451546E-020
      7602   1.30051826050223984000E+017   7.63725426111221401491E-019
      7603   1.54191316798776000000E+017   3.71754585245870369451E-019
      7604   4.91269688725013000000E+015   4.46252643861694734550E-018
      7605   4.58400722449490100000E+015   6.23321563644725107954E-018
      7606   4.35267596223876640000E+016   1.50146228128835589176E-018
      7607   3.18623359346343650000E+015   7.41510982870326217296E-018
      7608   4.26900561108866650000E+015   5.28514463688301363824E-018
      7609   2.09422705768667232000E+017   3.91705746347359545481E-019
      7610   4.18297845637116032000E+017   1.31732585477404419759E-019
      7611   2.29483938220708768000E+017   3.44736248682606001270E-019
      7612   9.71478858935784160000E+016   5.68730657109122598511E-019
      7613   3.72618902905964750000E+015   6.04713422023730091312E-018
      7614   4.97270777681823000000E+015   4.02001407392167125707E-018
      7615   2.80852221296410640000E+016   1.62884170570167782446E-018
      7616   5.41401936656849440000E+016   9.92530530975839141799E-019
      7617   3.93947794533490800000E+016   1.15291698984825457767E-018
      7618   2.53849244788876040000E+016   2.09388239519840331983E-018
      7619   7.27790576755047500000E+014   8.28605600714881242944E-018
      7620   5.78979522255708125000E+014   7.49891654143537034446E-018
      7621   3.48696572533529408000E+017   2.04807139864939923294E-019
      7622   2.98454279799609920000E+017   3.76075967055015054841E-019
      7623   1.57623235858009300000E+015   5.82132654036239499839E-018
      7624   1.26308238920622200000E+015   5.64455900865497507564E-018
      7625   1.24541712813740650000E+015   4.72543317516780543466E-018
      7626   1.18685250943248300000E+015   4.40915358275909941155E-018
      7627   1.50754830510551250000E+015   3.31378143388390258603E-018
      7628   1.29477288499587250000E+015   3.14434859210718292471E-018
      7629   9.81127950889719250000E+014   6.69221858064205168889E-018
      7630   1.09214257562332812500E+015   6.12193347897974458136E-018
      7631   8.42498608028187625000E+014   5.04889764366625858404E-018
      7632   6.95699067347297300000E+015   1.49372292852493309974E-018
      7633   1.53022280646523075000E+015   5.27952100195978631057E-018
      7634   8.84786412923397625000E+014   7.98000832286736080779E-018
      7635   2.29334793982740100000E+015   5.69084724857969006011E-018
      7636   4.41864658205452000000E+015   5.56995666726139356738E-018
      7637   3.64831078826162150000E+015   5.68973618106853086467E-018
      7638   4.70446769908464880000E+016   7.32600859741775442132E-019
      7639   8.08431376038723040000E+016   3.81614491295064263563E-019
      7640   3.11730301558656768000E+017   1.97098582188705601490E-019
      7641   4.01059477090230720000E+017   8.78865248486014256960E-020
      7642   3.62063485855573500000E+015   4.61178502247089161964E-018
      7643   1.65294238949170075000E+015   5.35180071968706630385E-018
      7644   2.20413145161916700000E+015   4.50524086328483892574E-018
      7645   2.33021498819264550000E+015   6.19440947066814928105E-018
      7646   4.76866185817049300000E+015   2.23061961297967701874E-018
      7647   3.62552201561998300000E+015   2.97928067768205451485E-018
      7648   7.78419343728488500000E+015   4.26558965318543056259E-018
      7649   1.09244504566697160000E+016   2.68956223722947310092E-018
      7650   2.20117440050735350000E+015   4.24653377284034949390E-018
      7651   4.16548092593795750000E+015   4.71565917115715019631E-018
      7652   2.89606330608603200000E+015   5.59301073220612983175E-018
      7653   7.20413730960691125000E+014   7.33491826139831758071E-018
      7654   6.82623835756220000000E+014   7.45948557019093399117E-018
      7655   6.73293403173654375000E+014   6.81294221713917541783E-018
      7656   1.19690954779137725000E+015   5.30299814742201438220E-018
      7657   8.79409622407316875000E+014   9.27244086546253832108E-018
      7658   8.21277330569032750000E+014   9.22624459404658898328E-018
      7659   1.14020027027892075000E+015   6.78397864999746915214E-018
      7660   1.48464481897792150000E+015   6.09687237630319714773E-018
      7661   7.20646202280817664000E+017   1.91324001232867325041E-019
      7662   3.99968905396483456000E+017   1.65405833210774625644E-019
      7663   3.62922075201516800000E+017   2.58059567053017168560E-019
      7664   6.67428383747056384000E+017   1.82654118512839617953E-019
      7665   2.78847734975457248000E+017   2.01515395967159761084E-019
      7666   3.43808021546091392000E+017   7.37057398980162126588E-020
      7667   1.25821947185797264000E+017   6.93620979202806076654E-019
      7668   3.75414287742243776000E+017   1.31145982051278163924E-019
      7669   6.71824992236566960000E+016   7.77218414641907617688E-019
      7670   9.26544016939132200000E+015   9.69483484723155913010E-020
      7671   1.47885076909775675000E+015   3.75613139067361413100E-018
      7672   8.51088394893096200000E+015   7.88186015616926393084E-019
      7673   2.58425683776991700000E+015   2.32517396975547285240E-018
      7674   4.34032394556220672000E+017   2.47289302461416218742E-019
      7675   4.22493279733122432000E+017   2.96912782245354882364E-019
      7676   1.81650146154453152000E+017   2.11745915213866814569E-019
      7677   1.96102781499119296000E+017   4.90567706058992695817E-019
      7678   8.30205910368733440000E+016   7.95072615104901461463E-019
      7679   1.87197229084574880000E+016   2.69150289691059221954E-018
      7680   3.50788328513394880000E+016   7.55400829777595752716E-019
      7681   8.67692853167733120000E+016   6.10584664305337364818E-019
      7682   1.72130518332554240000E+016   3.58869822890071148485E-018
      7683   2.17216586675483840000E+016   1.39223423720812741415E-018
      7684   3.39044893920368760000E+016   1.59580727510972277684E-018
      7685   2.07530502260496800000E+017   2.20381079841708678687E-019
      7686   2.47777500227351264000E+017   2.85236575459342813788E-019
      7687   1.94574448695229024000E+017   2.73787645666051313576E-019
      7688   2.05056623933254016000E+017   1.76860627404996929408E-018
      7689   3.13162075262853160000E+016   5.95288250299094781996E-018
      7690   1.26852942142510760000E+016   1.78029432687223589539E-018
      7691   4.58966672550638000000E+016   1.00000000000000008334E-030
      7692   1.00000000000000008334E-030   1.00000000000000008334E-030
      7693   1.52777304893652070400E+018   3.39042886249815598405E-020
      7694   3.20082897972794112000E+018   6.01502340310229943285E-020
      7695   9.88746861659767520000E+016   1.64725348429584596093E-018
      7696   1.13240257179453680000E+017   9.35337563808019011550E-019
      7697   4.62674716993061504000E+017   2.35099714146678500140E-019
      7698   6.31335501855874560000E+017   2.53513784524831587320E-019
      7699   6.71856221187421056000E+017   2.69023193825258019026E-019
      7700   4.23089824770760896000E+017   2.83006918314203517564E-019
      7701   3.91113225056001216000E+017   5.93366089401154463337E-019
      7702   5.53199098720543872000E+017   2.78640446436918195331E-019
      7703   7.67942291383608000000E+016   9.22094922613012154410E-019
      7704   2.40611878261899584000E+017   2.44315957231205958136E-019
      7705   2.81132429087096768000E+017   1.78021379683874215552E-019
      7706   6.78259958290430336000E+017   7.94024629033675344157E-020
      7707   5.67348532267564224000E+017   2.84358705409666333822E-019
      7708   1.10427500892894944000E+017   4.33607973149675165589E-019
      7709   8.67495580033708640000E+016   9.23791901278715865013E-019
      7710   1.93751513076120352000E+017   3.32478111194693468016E-019
      7711   1.11110311752331856000E+017   2.94973802423605160668E-019
      7712   3.00308549529020150000E+015   1.55109783320416924133E-018
      7713   5.17935054167531937500E+014   7.51542606850902023260E-018
      7714   6.01244318619514000000E+014   5.94048685219709052015E-018
      7715   1.30214811175604850000E+015   3.15978776742043592179E-018
      7716   8.07534121314289500000E+014   6.72660731491538008702E-018
      7717   8.70141246462820125000E+014   5.79590210425171022115E-018
      7718   9.13990131541335000000E+014   4.14612019026201301433E-018
      7719   6.24790391556511875000E+014   3.95824288177548848968E-018
      7720   6.00316369976268750000E+014   7.02834988259573279965E-018
      7721   5.32877294824931062500E+014   8.56437471306350484908E-018
      7722   4.61346789321015500000E+014   6.05354275441808379063E-018
      7723   3.52441243080168875000E+014   5.37125185064559768098E-018
      7724   5.40007859698165696000E+017   1.54544056963693025910E-019
      7725   4.51659116854269504000E+017   1.66664863023364529392E-019
      7726   2.68780167559802200000E+015   3.62123644764630264103E-018
      7727   2.48285074279549750000E+015   4.10659106734217037290E-018
      7728   3.52289747026551500000E+015   4.63111149405026133469E-018
      7729   2.92386665425065450000E+015   3.92594756086385051143E-018
      7730   7.60817932651319900000E+015   2.11497162901903917668E-018
      7731   3.89795740873512640000E+017   2.02033803301583250905E-019
      7732   4.71060840491036288000E+017   1.22819427977789174896E-019
      7733   3.93474090473326336000E+017   5.15079421713917496968E-019
      7734   2.38869171385723168000E+017   5.97164584972586111173E-019
      7735   5.88838802741637875000E+014   8.11239090804686599237E-018
      7736   5.11525127260294312500E+014   5.58674243085030170178E-018
      7737   9.23282995224207520000E+016   4.99401793916587371453E-019
      7738   1.53481594386104512000E+017   1.44641408016264351225E-019
      7739   2.49476027203734280000E+016   1.00000000000000008334E-030
      7740   2.13608905586740480000E+017   5.00582507036732614504E-019
      7741   1.70837703878171904000E+017   5.63622885157593181076E-019
      7742   4.70448916606161600000E+016   1.14611132924294868885E-018
      7743   4.92786121411070640000E+016   1.39554444136149433464E-018
      7744   7.77714683320684960000E+016   1.05644052647650706002E-018
      7745   7.64397241153259200000E+016   4.28104436384233969298E-019
      7746   4.88818800182196736000E+017   2.96487611830880458814E-019
      7747   4.53293491344719552000E+017   2.41246333289260152636E-019
      7748   3.71706531395059200000E+017   2.87394668501845728057E-019
      7749   1.29290112516820144000E+017   4.39681881466664204743E-019
      7750   8.69721356426046080000E+016   5.96552850805999034331E-019
      7751   2.02112291606914752000E+017   5.96476805428464337753E-019
      7752   1.99921306154422480000E+016   1.13131835693907847941E-018
      7753   2.17098924836742048000E+017   1.54698771397848772220E-019
      7754   2.20637711831431584000E+017   4.19862671504382491355E-019
      7755   1.80495677305874432000E+017   4.02797319187026125347E-019
      7756   2.37968985859813568000E+017   4.21106927082440300803E-019
      7757   2.56712535146269056000E+017   2.42823413067913870389E-019
      7758   1.42584702834303536000E+017   3.36295898816180255838E-019
      7759   1.24037645538268640000E+017   2.69112280988526940451E-019
      7760   1.86224362944720640000E+017   4.14932384079284560625E-019
      7761   3.07453642756517056000E+017   2.86634565699849458602E-019
      7762   7.47708979353063552000E+017   2.08082235091830552972E-019
      7763   9.82252416787330560000E+017   2.08588250190501095731E-019
      7764   1.83886951981593344000E+017   2.88407902567231737701E-019
      7765   2.46931267049353280000E+017   4.04704839025837035585E-019
      7766   1.73810189130202160000E+016   1.26872558116199767293E-018
      7767   2.09578425666414440000E+016   1.53182146571422661099E-018
      7768   1.39701569960600368000E+017   4.20060865760753339294E-019
      7769   5.77998236034398240000E+016   7.12848395316808171454E-019
      7770   3.56162646756590720000E+016   1.25025836330745908298E-018
      7771   1.56715552092189536000E+017   6.26275080696563725591E-019
      7772   2.29446414214872960000E+017   4.15804423427452374736E-019
      7773   3.57528146543537480000E+016   6.30423895408932314757E-019
      7774   1.34264100454663552000E+018   1.39221096393358395674E-020
      7775   1.52886514014911232000E+018   2.31007083024907516923E-020
      7776   1.48429711136279584000E+017   4.40549101983850625309E-019
      7777   2.34412331344094560000E+017   3.98615869930855987200E-019
      7778   1.35142032679563552000E+017   7.45754973503363130717E-019
      7779   4.19070371937047600000E+016   1.75649756503184097660E-018
      7780   1.68241682691113088000E+017   3.14399211701837390437E-019
      7781   1.99776647655690432000E+017   1.03302344338669537441E-019
      7782   1.06333186938923120000E+017   1.69343620690920124764E-019
      7783   1.42766751208962275000E+015   7.65578454829259126800E-018
      7784   1.16232148955867700000E+015   8.57254304224999131092E-018
      7785   1.17714781242165475000E+015   7.17023273626555067620E-018
      7786   1.08470084206444500000E+015   9.32440053513052141718E-018
      7787   6.78812077065904128000E+017   2.73882539167620681730E-019
      7788   7.61793324967470208000E+017   2.55690759761737272249E-019
      7789   1.41638185968038275000E+015   3.57408354289290625428E-018
      7790   1.52183556700243700000E+016   5.29489124285020432344E-019
      7791   3.20330972398512064000E+017   1.00072536731997906407E-019
      7792   1.99066722550985088000E+017   5.96130899032349630148E-019
      7793   5.34673927077613568000E+017   2.42542680269097823508E-019
      7794   3.37099860430201152000E+017   2.94570523437087826656E-020
      7795   6.15324153848418688000E+017   8.67224837213152450867E-020
      7796   5.15928405617896576000E+017   4.69382500553926044006E-020
      7797   1.70367201709177408000E+017   4.96084684231655275243E-020
      7798   1.25348792105988832000E+017   1.32410434282441607163E-018
      7799   1.49789221090949952000E+017   7.60667006939137197648E-019
      7800   2.84680567958865750000E+015   3.38559652989963491736E-018
      7801   2.81333323317223950000E+015   4.36720138476172389142E-018
      7802   2.94747106420952200000E+015   3.45819242623794780450E-018
      7803   3.29934731298746100000E+015   4.50969271909243285751E-018
      7804   2.31559905045599600000E+015   2.34878461080522509229E-018
      7805   3.44270137108583150000E+015   1.73547863872793424079E-018
      7806   8.52397476000085875000E+014   5.13636397657826879111E-018
      7807   6.44683413942288875000E+014   5.45395732759019398432E-018
      7808   5.00057630196272192000E+017   1.93163036778844949300E-019
      7809   2.24719987040136960000E+017   4.89272419603988210976E-019
      7810   2.60832475521339904000E+017   4.08818245816943611488E-019
      7811   3.68452218709571392000E+017   4.91616290525291365225E-019
      7812   4.40357635298275904000E+017   3.34057612907330954284E-019
      7813   6.79321561880493100000E+015   1.00000000000000008334E-030
      7814   2.83235032858633600000E+016   1.00000000000000008334E-030
      7815   3.61493110499498240000E+016   1.00000000000000008334E-030
      7816   8.14081877223591840000E+016   2.24771047674890054141E-018
      7817   5.22356062746251600000E+015   4.45066820107830353960E-018
      7818   5.93708320018799200000E+015   3.37474408658548151587E-018
      7819   1.91936746189612250000E+015   4.19879667528599989987E-018
      7820   1.33962939760281600000E+015   3.70645285699079392048E-018
      7821   2.60679889598982950000E+015   4.26434118719982410443E-018
      7822   6.09175340388747400000E+015   1.50901422607986881401E-018
      7823   3.02838648593312320000E+017   2.79339510159792420371E-019
      7824   4.59527437733157568000E+017   1.73758257487029915925E-019
      7825   3.85690409526200896000E+017   2.43235189919600866203E-019
      7826   3.24184560172121088000E+017   1.58007979781328036673E-019
      7827   1.03607078187370160000E+017   8.96926137063834866190E-019
      7828   1.03784936372565920000E+017   3.53592062149497615634E-019
      7829   4.29962371943090176000E+017   1.94599961198067720195E-019
      7830   2.36695182173519904000E+017   2.75991418042092888055E-019
      7831   4.56290568508918336000E+017   1.78991663132392412853E-019
      7832   9.91061343924979200000E+016   3.22114799166414274353E-019
      7833   5.96529798461631600000E+016   4.90873083164070318458E-019
      7834   2.19461148563621792000E+017   3.99825276287509194579E-019
      7835   2.35689487805788512000E+017   2.38626701801097809453E-019
      7836   5.09955655538872128000E+017   9.67508930998966270555E-020
      7837   3.14465137735556928000E+017   1.24197825650469207329E-019
      7838   3.25306745615127500000E+015   4.83663252697169174366E-019
      7839   3.12199116188993664000E+017   5.53051358682195622911E-019
      7840   1.58269616795678400000E+017   3.19508988095099880671E-019
      7841   8.61037486996311680000E+016   7.38781169091391426629E-019
      7842   5.18688580434365687500E+014   6.28821011154424859318E-018
      7843   3.74140566987859500000E+014   7.19299365642058292745E-018
      7844   4.71821201543101750000E+014   7.53376632814095653943E-018
      7845   5.47722986448981250000E+014   5.94845818719514211072E-018
      7846   5.06924560803296500000E+014   6.91326519680976891660E-018
      7847   3.98191304747382312500E+014   8.60933076435916138523E-018
      7848   4.48426683657287625000E+014   8.09181065835995390521E-018
      7849   5.73677668498618250000E+014   6.18046705033678015955E-018
      7850   1.87003917014631880000E+016   2.59450519210673045476E-018
      7851   9.21437463689019840000E+016   1.44744415211366770368E-018
      7852   3.69255548855803550000E+015   3.20380844163978089885E-018
      7853   4.35900027006411300000E+015   2.42725498926290376794E-018
      7854   1.55944517666534528000E+018   1.93410727021834730746E-021
      7855   3.62078604532333888000E+017   1.07990992946858778358E-020
      7856   7.20998194450171360000E+016   1.32769452532332528003E-018
      7857   3.98628175008885280000E+016   2.40967640963180585549E-018
      7858   5.25115685310991062500E+014   6.25794284179036422698E-018
      7859   5.15771573208070875000E+014   7.41186646197751758768E-018
      7860   4.35307854755166300000E+015   7.27513444071930162739E-019
      7861   1.82328220705835550000E+015   1.96519171464005172557E-018
      7862   7.87556320981408960000E+016   4.40245512611432825846E-019
      7863   3.39852308501524224000E+017   7.23775750497664868254E-019
      7864   2.84562963013422600000E+016   6.81261297682420691007E-019
      7865   6.92028319801805312000E+017   1.89529438570725648374E-019
      7866   7.51926150027206656000E+017   1.10593478348241799861E-019
      7867   4.60128795866748608000E+017   2.02286318438390929155E-019
      7868   1.19524749883648704000E+017   5.68082056043114921831E-019
      7869   1.69134676814248800000E+017   5.84025136360242313657E-019
      7870   4.92033336749889664000E+017   1.61983353993898961106E-019
      7871   4.95239950568860992000E+017   1.62484181407745426636E-019
      7872   6.48491008349691392000E+017   1.33644293159974471479E-019
      7873   5.49090333782319296000E+017   1.06981826728985817131E-019
      7874   2.86654870345055296000E+017   3.27056585684790617548E-019
      7875   2.74361927075116672000E+017   1.94046924747754323875E-019
      7876   4.44931501652400640000E+017   2.18599323650804547688E-019
      7877   5.20444039112371520000E+017   2.17150524716690254737E-019
      7878   5.77349887625486208000E+017   5.01294542381144481301E-019
      7879   3.47832633617982336000E+017   1.63229135234723861525E-019
      7880   3.69192568317113920000E+017   1.05702698170844385802E-019
      7881   3.16569287774447744000E+017   2.81657418620628119861E-019
      7882   3.14922045581022144000E+017   2.49752729889734395798E-019
      7883   1.20754740150926112000E+017   6.23864734158967823736E-019
      7884   1.09000161546831856000E+017   9.97087623251152523186E-019
      7885   8.22035701133215104000E+017   5.47819446364447764330E-020
      7886   2.91540631770496460800E+018   6.64136023636598154315E-020
      7887   2.12631734586720672000E+017   5.20529071928308778311E-019
      7888   3.38092056982742592000E+017   4.05315447506465904458E-019
      7889   2.71968218251466592000E+017   3.92648613052328521821E-019
      7890   5.01873850715660288000E+017   2.77968446200618031981E-019
      7891   2.17202048602692640000E+017   3.35397905102832659303E-019
      7892   1.66356248383387168000E+017   2.25097976983159257722E-019
      7893   1.53514740322169984000E+017   3.64467622645143192178E-019
      7894   1.57861184651939168000E+017   2.76228352658831972202E-019
      7895   1.31423835816278050000E+015   6.95118712756668526233E-018
      7896   1.51431453253859300000E+015   6.50234319687748932018E-018
      7897   1.48182820433531050000E+015   6.57927696153586234441E-018
      7898   1.14782236195029575000E+015   6.86921834065420691804E-018
      7899   1.26077080808847175000E+015   4.05556609198095029348E-018
      7900   1.47138804413263575000E+015   3.00677300143182081638E-018
      7901   1.02606142243313837500E+015   5.43256634816094897153E-018
      7902   1.23086164846513125000E+015   5.15249057911542808837E-018
      7903   3.55365714858798100000E+015   1.92324955426245257293E-018
      7904   2.84672574637127500000E+015   2.70179350980098722706E-018
      7905   9.90875036760842750000E+014   7.51049124432195201323E-018
      7906   1.50113942177378700000E+015   6.74677707863047787527E-018
      7907   2.64111993878565568000E+017   3.94384799472364100233E-020
      7908   3.59691094062461568000E+017   1.18929931312303708402E-019
      7909   7.86911218986922125000E+014   1.05581498418702149172E-017
      7910   8.98120858992566875000E+014   8.65161433374947099816E-018
      7911   1.00736542060898850000E+015   6.85436774280625515712E-018
      7912   1.17332093890379575000E+015   4.97132436403826939660E-018
      7913   1.20677820834124225000E+015   4.23672698454263944439E-018
      7914   1.53900504323200600000E+015   4.94617883951774756192E-018
      7915   3.12347222218335700000E+015   1.60761393544909767008E-018
      7916   2.26652914439301800000E+015   2.13470160929355025731E-018
      7917   1.40527518520600656000E+017   4.05071831427365375228E-019
      7918   1.37355542902292624000E+017   3.21019903734106122284E-019
      7919   1.01269046217177446400E+018   1.52117821459226804341E-019
      7920   6.06949753200974208000E+017   4.15488404332741556825E-019
      7921   5.81490147619286320000E+016   1.19915559177609610753E-018
      7922   2.08423762835231560000E+016   1.00000000000000008334E-030
      7923   2.58429906415838520000E+016   1.24526993401980565925E-018
      7924   4.27609623175148320000E+016   9.61182024666000962529E-019
      7925   7.50663209656190880000E+016   7.64434477609630119722E-019
      7926   8.61339011809572960000E+016   6.57703438030946174758E-019
      7927   6.57206873324192640000E+016   6.11302550917773528113E-019
      7928   6.83432279630008720000E+016   7.20358334989569746978E-019
      7929   1.07990141067029491200E+018   5.52726437173152259774E-020
      7930   9.42601125964249856000E+017   4.32202391851473247318E-020
      7931   1.36065981157194256000E+017   4.17816723301625375349E-019
      7932   8.28335247590915456000E+017   2.01277607177331659545E-019
      7933   2.97441491530428480000E+017   1.63837446676748293680E-019
      7934   4.82638529203961200000E+015   2.91873487333974153705E-018
      7935   4.18104315955334900000E+015   3.09387695109511150514E-018
      7936   7.59572891819331200000E+017   6.19672071975714019408E-020
      7937   1.45816849922707872000E+017   9.88314124489398040607E-019
      7938   1.37398914212387632000E+017   2.65216084092143188608E-019
      7939   1.31908080536394048000E+017   2.92788807855169479263E-019
      7940   6.88172903659403625000E+014   5.06282820957921655007E-018
      7941   5.63568955215334875000E+014   6.62197443392952728538E-018
      7942   4.10417967167287625000E+014   1.08434045162008261426E-017
      7943   3.78705141690454062500E+014   8.37522707218282109374E-018
      7944   2.65293667421497450000E+015   1.75157537904232614541E-018
      7945   3.38219732709055100000E+015   1.44321865324136669195E-018
      7946   7.75120411959754875000E+014   4.08157017801842398068E-018
      7947   1.06174762432050112500E+015   3.30503588690972635725E-018
      7948   6.32000773126032625000E+014   7.76661481018873590362E-018
      7949   5.97772731612228875000E+014   5.71767987086788534963E-018
      7950   2.90894816341021600000E+015   2.25200561356569516432E-018
      7951   4.73555289353997056000E+017   1.50405429380723115983E-019
      7952   4.96493272069390800000E+016   8.71983866753383717343E-019
      7953   9.97960270840789120000E+016   1.74980557374458647229E-018
      7954   4.25733328298347600000E+016   2.42575550287822409729E-018
      7955   9.29751632098398080000E+016   4.24465632392952984437E-019
      7956   8.51152844837974250000E+014   6.60697101389395277924E-018
      7957   1.19138448735996325000E+015   4.29252795144822543105E-018
      7958   1.41194300345335664000E+017   1.21421920260914577765E-018
      7959   1.87437562627767424000E+017   2.85366585280587411655E-019
      7960   8.39681721953269376000E+017   1.39045485215564789243E-019
      7961   6.70768460388764416000E+017   1.71048312880292684617E-019
      7962   4.30680692449347328000E+017   2.84755178452632072755E-019
      7963   4.19838964045854976000E+017   9.86054929237351846841E-020
      7964   5.62550515911621600000E+016   1.13285373573540746946E-018
      7965   3.22049667109952440000E+016   1.23322183024542370899E-018
      7966   8.39361234323324288000E+017   5.61727526777275698279E-020
      7967   1.41920281164503936000E+018   6.10443734667636505162E-020
      7968   4.75549765600210880000E+017   9.33744234763327361986E-020
      7969   5.99743723559864576000E+017   1.41461679711133320050E-019
      7970   6.96038182412489344000E+017   3.05822719585096151321E-019
      7971   1.01559138387401600000E+018   1.04104642733255516091E-019
      7972   1.13196262250445760000E+017   7.22476302077351624469E-019
      7973   9.18503589734469120000E+016   5.74366812705434543484E-019
      7974   1.51664173686828896000E+017   4.75942294720178325982E-019
      7975   1.62871095687459616000E+017   4.17424191524605334797E-019
      7976   1.13110793600376496000E+017   6.14874479626865286641E-019
      7977   7.26852859939788800000E+016   5.86891898292235605038E-019
      7978   3.61288626411829696000E+017   2.76701296502906104022E-019
      7979   3.53691287701707328000E+017   2.46134353040566955131E-019
      7980   2.22714165186274592000E+017   3.30666861121980022744E-019
      7981   2.79516713333136224000E+017   8.27026613237830944086E-019
      7982   1.06026742009316175000E+015   8.46960979864613331721E-018
      7983   9.07736139721901750000E+014   7.27432960346995467358E-018
      7984   1.11331099990133587500E+015   8.38995945034576331685E-018
      7985   9.16559859114865875000E+014   5.63799531894880659266E-018
      7986   4.58911026170890400000E+015   9.33415097126496925952E-019
      7987   2.82430847787960500000E+015   2.02381538756312026251E-018
      7988   3.23026158749013248000E+017   1.52834190007515394182E-019
      7989   5.34270061152439360000E+017   2.92255519176615551235E-019
      7990   8.42294901383784125000E+014   4.47743624833557838719E-018
      7991   8.74965797522842250000E+014   4.59335199620359157147E-018
      7992   1.29919001750100950000E+015   4.74185224456403189904E-018
      7993   1.02305215745372650000E+015   5.06599227351415649090E-018
      7994   6.47225591975728128000E+017   6.59509094970022862807E-019
      7995   9.77975908354227712000E+017   4.31421209577343183097E-019
      7996   2.24692727700503125000E+015   3.07793356538837866470E-018
      7997   1.71987131904216425000E+015   5.23176734334067042642E-018
      7998   1.44610718618664768000E+017   8.77130140086557540826E-019
      7999   7.52106620360578875000E+014   4.46066631444002703695E-018
      8000   5.21583574113974562500E+014   6.70537981915979150145E-018
      8001   3.98279249536072960000E+017   2.55287217846576433686E-020
      8002   1.00000000000000008334E-030   1.00000000000000008334E-030
      8003   5.36013260326450720000E+016   4.14285990008187799657E-019
      8004   3.20240046309535720000E+016   1.41891929804371515708E-018
      8005   2.59555374535008520000E+016   1.93490558468760551647E-018
      8006   4.71189395666290496000E+017   2.31715877046616360275E-019
      8007   7.40600201557295104000E+017   1.84561440557956719667E-019
      8008   7.52777322721712000000E+017   9.34463600992063703060E-020
      8009   8.81206569675445120000E+017   9.25144447343670698533E-020
      8010   5.26313969509364032000E+017   2.22460153055535950233E-019
      8011   3.16332090242571712000E+017   6.87638790775205379493E-019
      8012   4.88682901107177120000E+016   1.16251031349666956309E-018
      8013   6.42428227309996960000E+016   9.78592690845651296900E-019
      8014   1.23288937636907408000E+017   6.95747788423028924642E-019
      8015   3.46039275035910016000E+017   5.10067496035104645919E-019
      8016   9.43279470727784800000E+016   1.03086252567092115211E-018
      8017   7.10515507148701600000E+016   1.84311567396644500848E-018
      8018   2.00339373185567264000E+017   6.20466045499077783334E-019
      8019   1.69715873890454048000E+017   3.01788526200773160458E-019
      8020   6.30356935914790144000E+017   1.13634792479041430112E-019
      8021   9.09254581811898880000E+017   1.79192823342398463890E-019
      8022   2.02019130983852975000E+015   4.26806789942574492280E-018
      8023   3.29124100977902500000E+015   2.30348626898896424797E-018
      8024   8.04804391735908400000E+015   1.16127025701667047912E-018
      8025   1.25305175249497175000E+015   6.57443705346563939118E-018
      8026   3.74281929146182250000E+015   2.49358337275590160762E-018
      8027   2.81288255179382432000E+017   1.09073415421318809136E-019
      8028   1.98645590924985696000E+017   1.92701608714798295070E-019
      8029   1.24879926629387344000E+017   8.26186900348599404823E-020
      8030   2.99066244993148992000E+017   1.76546771902442867541E-019
      8031   4.56407093366548992000E+017   3.42589869409105676867E-019
      8032   3.36994367991689344000E+017   5.68693266402181531233E-019
      8033   7.21682533017729408000E+017   1.35885829851103440871E-019
      8034   4.27590731545971072000E+017   2.69510756846213664822E-019
      8035   3.48322040473659712000E+017   1.25019858130820551161E-019
      8036   5.59920035563261824000E+017   9.93825762143416535846E-020
      8037   1.21079043594139500000E+016   1.61343917076790645904E-018
      8038   9.33051753881251000000E+015   2.11293654042944768025E-018
      8039   1.36517937063425792000E+017   6.63828369243507773169E-019
      8040   2.53611963784882048000E+017   3.14361133656248036191E-019
      8041   5.65482733133059900000E+015   8.34143974587210274682E-019
      8042   3.28398089796360300000E+015   1.45038111505531491084E-018
      8043   1.43890911747552560000E+017   6.73190857662803229123E-019
      8044   7.86638916862879840000E+016   4.66324441437965699776E-019
      8045   1.86693850419545664000E+017   5.33191692321625026711E-019
      8046   2.81849372814721792000E+017   4.28147373454557729679E-019
      8047   4.03432218611170880000E+016   1.59073374185154392904E-018
      8048   5.49170307448216880000E+016   1.01346614801672618532E-018
      8049   8.83127472170978240000E+016   8.03344953819838477243E-019
      8050   2.27394822687041312000E+017   5.67763272512925823047E-019
      8051   5.60746511004353920000E+017   2.07344511652424318406E-019
      8052   9.11448684785685760000E+017   8.19414030046495944690E-020
      8053   1.16579736002675136000E+017   2.49420358879911205368E-019
      8054   5.12045856032602900000E+015   1.80053365025833868795E-018
      8055   3.57213134980873350000E+015   2.05571281516990837470E-018
      8056   4.84800611151237000000E+015   4.76468908898929072631E-018
      8057   9.50652038463316200000E+015   2.92427370177639439407E-018
      8058   8.16942852660001280000E+016   1.03055123613855953501E-018
      8059   3.05707496337108080000E+016   1.56934345836912311607E-018
      8060   7.28052846656507200000E+015   1.65867708294247949358E-018
      8061   4.82402736859688500000E+015   2.16771825785233568108E-018
      8062   2.71956732295752350000E+015   5.07059999826029496785E-018
      8063   1.23597035461178672000E+017   4.08344924267673940559E-019
      8064   6.40104276484510960000E+016   6.28713873953155039305E-019
      8065   1.39220655722008760000E+016   1.00000000000000008334E-030
      8066   2.57957922438499008000E+017   2.90310275252342340930E-019
      8067   4.10959671736662720000E+017   1.27612465920086810930E-019
      8068   5.97768415570553840000E+016   5.58313645354657789691E-019
      8069   9.67445291921819360000E+016   5.07199301626763767812E-019
      8070   7.00301124216183936000E+017   7.72686823629864238113E-019
      8071   2.05826388179113175000E+015   7.30033329009454953220E-018
      8072   1.47487778143293850000E+015   7.09651354821323825167E-018
      8073   5.58108395734673500000E+015   1.34898736317968364659E-018
      8074   4.93959276770931680000E+016   1.24866534800357735499E-018
      8075   1.99844065758643725000E+015   3.97488996309842710988E-018
      8076   3.01635681832810750000E+015   4.25572200573873780850E-018
      8077   1.16247370068105702400E+018   7.26399841332595552551E-020
      8078   3.29581575768222144000E+017   4.96825178050937080730E-019
      8079   1.14473094689213312000E+017   1.15289466986677364543E-018
      8080   2.27854049985495424000E+017   4.62755706475814804600E-019
      8081   4.47939707531404750000E+015   2.01824643142936417356E-018
      8082   1.35803249769368900000E+016   5.26107461127366881035E-019
      8083   2.73518594834976520000E+016   1.62387869318073585567E-018
      8084   2.29529913566800280000E+016   2.23746497854289476598E-018
      8085   1.71704329990909696000E+017   3.57016703151853784726E-019
      8086   9.30335698375440160000E+016   8.63468833947415937833E-019
      8087   4.86841311422358500000E+015   5.24979912054105870734E-018
      8088   4.90314203897655600000E+015   5.03417867804257006833E-018
      8089   1.12743994983680175000E+015   8.11642034941384357812E-018
      8090   1.27955935545558825000E+015   7.49488034432993101399E-018
      8091   5.75754793277955800000E+015   5.30047497751567877279E-018
      8092   6.46419991775927500000E+015   6.65300526835084762592E-018
      8093   1.48929587853506976000E+017   1.38866008055663373288E-018
      8094   2.35193926902194464000E+017   7.51666816280236421568E-019
      8095   1.23412535395883456000E+017   7.08467072007005658764E-019
      8096   1.79519097096654432000E+017   2.62032100434973144813E-019
      8097   4.62352033626274000000E+016   1.60006228590995855617E-018
      8098   5.36249984617557920000E+016   1.62194761108895357492E-018
      8099   3.53240868313828950000E+015   5.05231795232353272567E-018
      8100   4.69642335136706200000E+015   3.19060852663433990587E-018
      8101   6.33408827356284640000E+016   9.97903201325698893107E-019
      8102   1.25406303745122672000E+017   3.62794326951948963561E-019
      8103   5.68848889244732864000E+017   4.20570860863832486185E-019
      8104   2.65168863029319232000E+017   3.71931523217917097656E-019
      8105   9.53742590494430000000E+015   2.20640075041757558906E-018
      8106   9.42224429132355600000E+015   1.98177137027116524657E-018
      8107   5.90086751115906944000E+017   1.37426747435991554313E-019
      8108   5.15232939721317184000E+017   2.01361887326333841201E-019
      8109   2.08872190315966800000E+016   7.44754575452638859227E-019
      8110   2.86772528121400736000E+017   4.67117868810021716593E-019
      8111   7.89012230416804125000E+014   4.54582463502078358840E-018
      8112   1.04313682696454825000E+015   4.47526970103343927851E-018
      8113   6.30307814743354560000E+016   1.84477660580891164885E-018
      8114   1.64526637889930208000E+017   5.18481578937369517924E-019
      8115   1.51045231877020704000E+017   3.26892051392338188104E-019
      8116   1.74748780756375168000E+017   3.62711576261746132202E-019
      8117   3.48611698204228900000E+015   6.22835399360763825649E-018
      8118   3.84119470363270800000E+015   5.76303980916977899913E-018
      8119   5.71253866133671700000E+015   3.79597309428917415569E-018
      8120   5.62442776643769900000E+015   5.18443091342235947121E-018
      8121   3.08122757518159750000E+015   1.37652724748271609640E-018
      8122   1.70837173922422500000E+015   3.37766981269077525153E-018
      8123   7.45720555123501100000E+015   3.50854872140763089007E-018
      8124   1.21518574893475440000E+016   2.80242253004532064914E-018
      8125   4.66201884893026900000E+015   3.47374713660622061005E-018
      8126   4.37926556912427400000E+015   3.72398912189659163152E-018
      8127   1.58460140901865248000E+017   3.14553852935088752737E-019
      8128   3.27200107538706240000E+017   3.31377311969339640575E-019
      8129   6.54215971654279808000E+017   7.62090916493721923941E-020
      8130   4.46372203185504500000E+015   2.34448495495008437967E-018
      8131   4.57552353322124800000E+015   2.44339683734567085955E-018
      8132   2.95628716342089216000E+017   1.67104174700093018165E-019
      8133   3.32874018955774016000E+017   3.92456401270643552177E-019
      8134   7.58360918006658500000E+015   1.07705067464942921063E-018
      8135   1.58469304877446720000E+017   5.22980784393110758329E-019
      8136   9.22053600114811680000E+016   6.25242911452696704887E-019
      8137   1.38148240301503184000E+017   2.48636063178387481551E-019
      8138   1.80644335844071552000E+017   1.22525304524276456912E-019
      8139   1.37796921034127240000E+016   2.79965931694330425489E-018
      8140   1.71378081361617140000E+016   2.78912647486421742294E-018
      8141   4.36764935497327168000E+017   2.68541285060381981216E-019
      8142   4.30747326771238016000E+017   3.36753848088583707097E-019
      8143   3.39187739420174976000E+017   2.82176841405247236171E-019
      8144   6.00326969650795008000E+017   1.92524959182873405858E-019
      8145   1.70363834879151027200E+018   5.74559151838765690306E-020
      8146   1.21894893350228505600E+018   9.36903660508134035716E-020
      8147   1.10222652361616816000E+017   2.12544428323631292547E-018
      8148   6.11458854812475360000E+016   9.68733649451629731835E-019
      8149   1.77692938468127680000E+016   1.62745609624522252528E-018
      8150   2.11195556294225056000E+017   2.58579141354134943230E-019
      8151   2.64698319716450496000E+017   2.89552106131607235570E-019
      8152   4.70913479343478400000E+016   1.87332268399340607799E-018
      8153   6.51933737354028480000E+016   7.66574244516515934288E-019
      8154   1.16082564238548625000E+015   5.63994723671333592968E-018
      8155   1.40032569478331400000E+015   3.52877246677767109093E-018
      8156   1.14631555650827750000E+015   5.87542226680225567381E-018
      8157   1.71420320747092608000E+017   5.48413120701835555797E-019
      8158   1.37612996858476720000E+017   7.51102425020164298018E-020
      8159   1.62176154766863168000E+017   4.84845414777578627537E-019
      8160   2.76115842637457888000E+017   1.57993807947556620880E-019
      8161   1.29911216260643788800E+018   1.35175708081147388937E-019
      8162   3.92957188304476000000E+015   2.84529270784292296113E-018
      8163   5.96635770730543000000E+015   2.71167859864719224914E-018
      8164   3.18519411361556120000E+016   1.01667203035510950538E-018
      8165   1.22374697322708416000E+017   1.85833602381672772828E-018
      8166   3.22292817659492992000E+017   5.05186643538438885127E-019
      8167   1.16409347565748944000E+017   4.11558238556522991327E-019
      8168   1.32482662969090272000E+017   2.68411249115456968767E-019
      8169   7.85651461321526912000E+017   1.01142974284426028848E-019
      8170   1.01919927743404848000E+017   6.95636096095130679527E-019
      8171   2.05995491074700480000E+017   6.27558889634237216275E-019
      8172   1.89017663809499925000E+015   4.02152014667530011183E-018
      8173   1.94996320052898350000E+015   2.63387346352396396471E-018
      8174   1.72940002648507500000E+015   5.43391249991686385664E-018
      8175   1.53004282184303050000E+015   5.76343910926046854485E-018
      8176   2.05090788860185400000E+015   7.43974635913522687456E-018
      8177   2.07321701259102925000E+015   6.83001343001778118180E-018
      8178   4.40764428804294320000E+016   1.29309751615255637642E-018
      8179   5.92893192370268320000E+016   1.11528757721617529865E-018
      8180   9.46668661521242750000E+014   4.77948138179626965138E-018
      8181   1.04781007803424275000E+015   5.28386754177895305022E-018
      8182   2.85942057177646000000E+016   1.31360001180230177449E-018
      8183   2.18699623299944400000E+016   2.66701539408015073886E-018
      8184   9.65784561162356640000E+016   8.67952740187158207796E-019
      8185   1.32405735982412364800E+018   6.40191870011198462250E-020
      8186   7.95054061783596544000E+017   1.01799247289676070171E-019
      8187   1.89750614211977875000E+015   1.50888659468949988931E-018
      8188   2.71728293684238450000E+015   1.36003036599559330986E-018
      8189   1.62113973598138400000E+017   7.02752962850720793560E-019
      8190   2.76666390362500128000E+017   4.20842183648740442054E-019
      8191   1.21562177024952880000E+016   1.92263002507632939795E-018
      8192   7.18719188364263760000E+016   1.48279732792665126573E-018
      8193   1.79608718066711940000E+016   1.90203443159085251122E-018
      8194   5.77333089536599424000E+017   2.66144478608455283290E-019
      8195   2.01274266020225088000E+017   5.08461769672792482992E-019
      8196   2.07350387418946112000E+017   3.81955135001076837688E-019
      8197   4.94191030456263000000E+015   1.76847832023573659353E-018
      8198   4.66487085831022300000E+015   2.09151293951361189575E-018
      8199   3.79082726231192384000E+017   1.94595685468602227022E-019
      8200   6.00256940187331072000E+017   1.96549949576644064556E-019
      8201   6.34369387075585840000E+016   1.61193139426699176510E-018
      8202   7.46929530564251680000E+016   1.45094435877042912123E-018
      8203   1.14476115399098128000E+017   1.16528719806289019797E-019
      8204   2.22544002629696352000E+017   1.91978206460116484755E-019
      8205   5.08209217959491712000E+017   2.07732662398473911139E-019
      8206   1.32913950506515840000E+017   5.58862624619950481229E-019
      8207   3.60821415750473850000E+015   1.88070269345410416796E-018
      8208   3.15942179028773450000E+015   1.81629389740423232214E-018
      8209   3.46034533954310528000E+017   2.50100794467661229627E-019
      8210   3.93848599454949184000E+017   1.22724069093269359092E-019
      8211   2.83041410361110848000E+017   2.28888322413625507951E-019
      8212   1.00375588394127462500E+015   4.76382943558878705395E-018
      8213   1.03393803087938337500E+015   4.53504980817605056622E-018
      8214   8.46200560035408800000E+015   8.25968876448448245593E-019
      8215   5.81881156221338500000E+015   1.41953651340196555706E-018
      8216   7.85063782577112875000E+014   8.49589219094110780660E-018
      8217   7.67202105018830500000E+014   4.51826472482995524293E-018
      8218   2.92956137476970600000E+015   2.27059523101608550927E-018
      8219   3.13621216439837550000E+015   2.50104764377562801896E-018
      8220   1.82523664802500225000E+015   2.55525134297460828730E-018
      8221   1.65894137479169600000E+015   3.86472885883144399937E-018
      8222   1.78858314788399800000E+015   1.76369773328757038565E-018
      8223   1.47841285328967850000E+015   4.08086045634106367186E-018
      8224   2.32974565368282100000E+015   2.27092580459272310300E-018
      8225   1.78092700340518336000E+017   5.34519862640528749495E-019
      8226   1.57612562410872992000E+017   3.66815434655751913285E-019
      8227   3.79346293260819350000E+015   4.45340684764088174113E-018
      8228   1.19385649141940300800E+018   2.26466461544823132959E-019
      8229   1.64841647524100096000E+017   1.58089146749759941508E-018
      8230   1.19546672510953584000E+017   4.87900627062070950002E-019
      8231   2.16954857035333664000E+017   3.81267081670458551982E-019
      8232   3.30123338433105408000E+017   3.70383412805118541179E-019
      8233   5.85257753253319680000E+017   3.74284309890983781295E-019
      8234   8.55129582435334240000E+016   2.38164187015367065644E-018
      8235   1.81003650246089952000E+017   8.38085958729607842886E-019
      8236   1.05849876536271833600E+018   8.80375095007504422760E-020
      8237   6.34482768869400500000E+014   5.83867906476169917056E-018
      8238   5.06721990299190687500E+014   7.90097453345471190838E-018
      8239   3.21043354035879950000E+015   2.71787466213208558034E-018
      8240   5.82937404390882400000E+015   1.91694867100412479696E-018
      8241   2.10115790737756224000E+017   5.23187772615983530173E-019
      8242   2.04740662294589664000E+017   5.92257779593850829139E-019
      8243   2.24498760966845120000E+017   6.23427088161600923026E-019
      8244   2.09536209349631072000E+017   4.82856612919918482595E-019
      8245   2.90736162829209150000E+015   4.05928432840657096904E-018
      8246   6.13059821207569120000E+016   1.26558496476501444182E-018
      8247   8.29213047586350400000E+016   1.15789020346201945305E-018
      8248   2.62730522200283600000E+015   3.30040100573621986020E-018
      8249   2.09179148028701000000E+015   3.66204598800028328979E-018
      8250   5.44708944419632900000E+015   3.24066608948127330676E-018
      8251   4.28915197497060400000E+015   4.03386481199791093470E-018
      8252   9.90211973028049024000E+017   1.84836618747327532815E-019
      8253   1.72629959574992375000E+015   5.21180230828196921461E-018
      8254   1.23695102822808300000E+015   3.98184047639940422313E-018
      8255   4.18551252919150784000E+017   1.79268926806716277316E-019
      8256   8.19685502503244960000E+016   7.24170164028486059362E-019
      8257   1.73306161823473020000E+016   1.15376280557250734426E-018
      8258   1.90297304516588600000E+016   6.21442967948115560381E-019
      8259   8.45275525754318500000E+015   2.35634314811236291261E-018
      8260   1.47376118549033680000E+016   1.36361464292705415540E-018
      8261   7.53236661077141500000E+015   1.99419832945827452084E-018
      8262   6.29134052524145500000E+015   2.89889960358520325566E-018
      8263   2.09189469620088425000E+015   7.02308621067539190707E-018
      8264   2.32700354283592800000E+015   6.55249152741574362724E-018
      8265   1.77489836881047640000E+016   5.57282417272999256228E-019
      8266   1.39441250115818380000E+016   7.62003068746234174928E-019
      8267   1.07585503986754220000E+016   1.41417291090249760441E-018
      8268   2.48007972125279800000E+016   6.76140702805333086633E-019
      8269   5.23876655682546100000E+015   8.67389255811342761501E-019
      8270   1.07437961971664620000E+016   6.14068438991862959662E-019
      8271   5.33639242815862200000E+015   1.59802742840564794613E-018
      8272   7.53626831009358000000E+015   1.49287261284809006596E-018
      8273   2.18874850390755840000E+016   5.13171091650959957887E-019
      8274   1.31698202893207340000E+016   1.93761133224342812145E-018
      8275   4.79452459867572300000E+015   2.61780794953154968136E-018
      8276   1.65235543898035780000E+016   6.40878761984052632831E-019
      8277   2.14562978774623560000E+016   6.57103241833889677706E-019
      8278   6.72612323544124700000E+015   1.64089278650304015463E-018
      8279   2.41949476532458680000E+016   5.39932138851079318356E-019
      8280   1.46691820954397460000E+016   9.01126937252651862369E-019
      8281   1.07024251280258540000E+016   1.23477033297303524687E-018
      8282   2.17782512068939680000E+016   3.66765310221757746215E-019
      8283   3.21745065987170240000E+016   2.72607182507042030350E-019
      8284   6.76791543532056576000E+017   1.18897836654410843007E-019
      8285   8.99644911578214016000E+017   1.27498782473974377782E-019
      8286   3.09308305848414848000E+017   2.37871577316166561217E-019
      8287   2.38991302875270848000E+017   2.93828054533515201876E-019
      8288   5.28147938024972800000E+015   1.60195838729603707006E-018
      8289   5.31145110619024300000E+015   1.20910740046540400568E-018
      8290   5.83670633372242900000E+015   2.25606476225505175717E-018
      8291   7.16490397046745200000E+015   2.55856210225938555118E-018
      8292   7.79998925515887600000E+015   1.12660045421525356684E-018
      8293   9.54014190365437000000E+015   1.28414372922010027621E-018
      8294   6.17399065998179600000E+015   5.64693856983043499865E-019
      8295   4.71957992335141600000E+015   1.83208178428530675586E-018
      8296   1.82160061325219520000E+016   2.95820144579608599798E-019
      8297   4.29607299180809050000E+015   1.45867809071438181163E-018
      8298   4.39758557171236550000E+015   1.34585733957147010849E-018
      8299   5.87934180984032100000E+015   1.11840755876432763421E-018
      8300   7.03400418934202600000E+015   1.77923398207114114675E-018
      8301   4.58682221860921600000E+015   2.09585514360650886417E-018
      8302   1.48435817383798380000E+016   8.75950051987105339535E-019
      8303   4.86978752131863280000E+016   9.21636610070282556535E-019
      8304   1.36299054105766020000E+016   1.80089438330583330599E-018
      8305   7.41539436848411008000E+017   1.36597364664627690359E-019
      8306   5.22939428835441600000E+015   1.80201407759361687180E-018
      8307   2.75476997254943650000E+015   2.58218675066874097893E-018
      8308   3.82652366435214144000E+017   4.49718020688532997103E-019
      8309   5.69859220677487616000E+017   1.62586989347772161038E-019
      8310   1.42483423022527040000E+016   6.24508669436158904096E-019
      8311   1.46790222741288480000E+016   4.56640885238493684418E-019
      8312   2.57892973844500120000E+016   1.67989120302120055935E-018
      8313   4.80093990385238937500E+014   1.00000000000000008334E-030
      8314   1.01976966184552064000E+018   1.43926009000827918172E-019
      8315   2.13690377089995712000E+017   2.31685533050285330160E-019
      8316   1.65824930709202550000E+015   5.21266762471216266040E-018
      8317   1.14562803430399175000E+015   7.62999428913321894059E-018
      8318   1.12786662856677920000E+017   4.93733916742434251663E-019
      8319   1.02398103411942592000E+017   4.46456745784341977893E-019
      8320   5.16727292933698800000E+015   1.54137442893262987035E-018
      8321   1.24192675359067625000E+015   6.59022042631126004042E-018
      8322   9.55349428306983750000E+014   9.17089686912508017006E-018
      8323   2.13766932645340160000E+017   1.01291308582220894397E-019
      8324   1.96261146794456736000E+017   1.76704821267422539478E-019
      8325   1.01339567648040947200E+018   1.85974320320612130974E-019
      8326   8.77174463423500800000E+017   2.35168456420168756489E-019
      8327   2.26223200199769150000E+015   1.00000000000000008334E-030
      8328   2.21022002278806975000E+015   5.33863220704062756751E-018
      8329   8.83061392046638976000E+017   6.47628393602187015418E-020
      8330   1.20527406057402700800E+018   4.63986434937787600844E-020
      8331   6.03778856152464768000E+017   1.52849638447165594504E-019
      8332   7.94353138880573696000E+017   1.68123861501207759692E-019
      8333   1.56486369475468979200E+018   8.92520580930177857964E-020
      8334   3.29947491172563072000E+017   3.52367471269280014454E-019
      8335   2.50699528486349824000E+017   1.50183302236022465228E-019
      8336   7.16488082757096640000E+016   4.77147557703119447346E-019
      8337   1.15637288102693760000E+017   3.49979595275826435235E-019
      8338   3.44212850262729960000E+016   1.11544989685326781771E-018
      8339   3.15335275693327200000E+016   2.06318862460372710082E-018
      8340   4.04750400156936800000E+015   3.63734997554389921564E-018
      8341   1.10314062086262920000E+016   1.56281993053306385564E-018
      8342   1.43561210924472960000E+018   1.06277658779683130800E-019
      8343   7.32759012152523500000E+015   1.14396781646671970881E-018
      8344   5.28872593456302000000E+015   2.13362263383634712562E-018
      8345   1.40431714018702160000E+016   1.00000000000000008334E-030
      8346   3.53846939825534272000E+017   7.72001322929491652581E-019
      8347   4.23881309987011850000E+015   1.22770607434496705961E-018
      8348   1.38208665714214809600E+018   6.49699215867075123446E-020
      8349   3.63417966573951360000E+017   3.98498889624306156898E-020
      8350   4.97806774207286656000E+017   5.93477398144244720024E-020
      8351   1.58665256200267280000E+016   1.03300868493666342195E-018
      8352   1.03491392361419232000E+017   5.46928536431887502046E-019
      8353   1.02067477819792660000E+016   9.80973573063939255660E-019
      8354   7.31352896229781700000E+015   1.62321118068095073728E-018
      8355   1.51564278744827275000E+015   4.75079433663959818441E-018
      8356   1.06186870841807312500E+015   5.67053015394105338444E-018
      8357   2.09208803547436775000E+015   1.94492549821715646369E-018
      8358   1.35907242437958475000E+015   1.86776715570750568235E-018
      8359   4.33715428002220750000E+015   2.19601896771206920529E-018
      8360   3.88533534955130100000E+015   2.88014442000819884363E-018
      8361   9.63821257583836400000E+015   2.90402479973689503235E-018
      8362   1.00112360862149480000E+016   3.07878512485435836629E-018
      8363   4.88074748102750400000E+017   3.42354776086557338935E-019
      8364   3.35911844938209700000E+015   3.05633829854826182509E-018
      8365   2.62571382099442100000E+015   3.30880575493478983686E-018
      8366   7.53783532551782016000E+017   3.97071551164135146591E-019
      8367   4.10993084396396240000E+016   1.44476498670053482685E-018
      8368   3.45939326005791560000E+016   1.33427169072126935694E-018
      8369   6.85543889905782784000E+017   5.09892619182413615752E-022
      8370   4.07726037705864128000E+017   5.92040689830283468524E-020
      8371   1.00791207709756624000E+017   4.24722152793886993554E-019
      8372   5.85387499386563120000E+016   1.16354457159365313317E-018
      8373   2.95035129910683550000E+015   3.31925289441684149677E-018
      8374   1.38044043821185200000E+015   4.07828041331236438294E-018
      8375   1.38846766060352720000E+017   8.64581360848113030040E-019
      8376   9.86926309640389600000E+016   1.17740372429825871068E-018
      8377   9.46758289329557200000E+015   1.90125637016780398505E-018
      8378   2.04757091075955360000E+016   1.18003207017273765558E-018
      8379   2.13202138031122560000E+017   6.23076000836326843175E-019
      8380   4.18416982237631872000E+017   2.65816629261738499881E-019
      8381   4.90247897920454900000E+015   1.60177874148030202519E-018
      8382   3.70937685695531650000E+015   2.71373182159513369746E-018
      8383   2.87717614694270600000E+016   9.96124704725628957182E-019
      8384   5.16742536204601200000E+015   7.65912567052931933520E-018
      8385   6.76143536694661300000E+015   1.83664717268520788959E-018
      8386   5.31141354821502700000E+015   2.32834946496243539265E-018
      8387   1.07872490900693552000E+017   7.90040366513868453462E-019
      8388   9.51647145059236960000E+016   8.50680372440592385284E-019
      8389   1.27031555686399440000E+016   2.57028830117651158443E-018
      8390   8.82287581864539600000E+015   2.98071324907986302999E-018
      8391   1.22748878288181100000E+016   1.00000000000000008334E-030
      8392   3.06467898452896320000E+017   1.00000000000000008334E-030
      8393   1.00170759796033600000E+016   1.17785401213857833163E-018
      8394   8.86897355588326700000E+015   1.54885713873662429367E-018
      8395   1.68598009149307443200E+018   1.67979010669620559873E-019
      8396   5.57633047237717600000E+016   1.53592536334914918694E-018
      8397   3.19964742978066816000E+017   2.52376980081087857602E-019
      8398   4.80737161995757632000E+017   9.26733019752283504120E-019
      8399   4.89497887658932880000E+016   7.99766727272792163201E-019
      8400   1.72339611580770304000E+017   2.17495222444153114322E-019
      8401   5.18362071927719296000E+017   2.32871420333693376534E-019
      8402   1.00000000000000008334E-030   1.00000000000000008334E-030
      8403   5.90972414599765632000E+017   1.47374414642520419296E-019
      8404   7.98558695368266752000E+017   8.33490894392092973539E-020
      8405   7.81914666212611360000E+016   4.81308989936973024727E-019
      8406   7.25328859057347200000E+016   1.02727646421431864996E-018
      8407   1.17078451667418864000E+017   1.72944485779053584845E-018
      8408   1.42902703266293940000E+016   1.00000000000000008334E-030
      8409   1.83928236395860900000E+015   4.55990544372999726226E-018
      8410   9.84985460714285875000E+014   4.78450279492535665735E-018
      8411   8.43919248731282816000E+017   2.87445399977642468299E-019
      8412   5.86725948557233840000E+016   8.01072794257679004448E-019
      8413   1.19163368588603320000E+016   2.12414198076055423058E-018
      8414   2.01411694036403120000E+016   1.05354008230447321165E-018
      8415   4.92064399329071400000E+015   4.84608903548219617098E-018
      8416   4.06205880716651648000E+017   3.47470492122862350162E-019
      8417   5.54056923902770880000E+017   2.28616772937391570744E-019
      8418   5.71561941869682752000E+017   1.81764266281363938825E-019
      8419   1.97049038869091392000E+017   7.98335413581387272827E-019
      8420   2.13204634930352064000E+017   4.38617593087009547261E-019
      8421   2.51678117403478176000E+017   4.18948768157101029113E-019
      8422   8.31383837255250048000E+017   1.52319105741698433125E-019
      8423   1.56447686181107125000E+015   4.44303760454957653241E-018
      8424   2.17737371700486925000E+015   4.38187181214873864405E-018
      8425   3.45656718122209984000E+017   1.60268336241335060777E-019
      8426   2.51748470644641408000E+017   1.56939314314653688220E-019
      8427   5.96562832485036560000E+016   5.90137904582439408742E-019
      8428   3.43615830268189450000E+015   4.26715443051716668919E-018
      8429   3.59334524428879500000E+015   4.65916523808678076641E-018
      8430   2.81956225583684400000E+015   4.08201371452408630474E-018
      8431   2.91359849624099300000E+015   3.95959428872848540368E-018
      8432   2.74633399441260750000E+015   5.81934164255842386385E-018
      8433   1.66727594804219550000E+015   6.06748056297719789567E-018
      8434   1.35258905990274700000E+015   3.51381344005895193960E-018
      8435   2.13292513467755800000E+015   3.90967140255066435484E-018
      8436   1.56509593853730325000E+015   5.33817901938277088671E-018
      8437   2.02191226097658525000E+015   3.79085135447457190823E-018
      8438   5.81571205671478272000E+017   2.49215322989549109831E-019
      8439   4.14987939002808192000E+017   2.66851666884229234844E-019
      8440   2.41952319069197536000E+017   4.63926230930962101416E-019
      8441   2.36503485886498688000E+017   3.84583826612104156014E-019
      8442   1.52333567710334250000E+015   4.88444674036971384065E-018
      8443   2.62930812191449800000E+015   2.54598290222423026225E-018
      8444   1.60455661510968000000E+017   2.52188092319358840604E-019
      8445   2.40182767425147584000E+017   9.77472533786190241128E-020
      8446   1.64734079360415420000E+016   7.39531573097126428309E-018
      8447   6.43756293391234300000E+015   1.25098457072407162601E-018
      8448   1.86125486569025280000E+016   4.85806231061250004808E-019
      8449   2.76788074910153080000E+016   1.00000000000000008334E-030
      8450   1.00000000000000008334E-030   1.00000000000000008334E-030
      8451   6.06184228225805900000E+015   1.00000000000000008334E-030
      8452   3.70375015122711744000E+017   3.55976502573713771917E-019
      8453   3.62289437635085696000E+017   2.88044946630203073085E-019
      8454   1.99041284973294592000E+017   1.75237932249179658184E-019
      8455   1.62631537528628672000E+017   3.81972278913073352229E-019
      8456   1.42949716469184912000E+017   6.13190342607848995067E-019
      8457   4.87574875549349440000E+016   1.55831748099994223349E-018
      8458   7.34077871334511488000E+017   6.55713346078758645606E-020
      8459   2.14836045261694400000E+016   1.67203102696862745728E-018
      8460   2.07556212886104928000E+017   1.77439641115929359587E-019
      8461   3.18993767620302400000E+015   2.67328091819088351249E-018
      8462   1.22510349655804925000E+015   3.75024349184068207351E-018
      8463   1.74168183133766925000E+015   3.28060343834913736416E-018
      8464   1.66582262420619350000E+015   4.14937803935333737102E-018
      8465   1.90801119497287125000E+015   4.01619874424186667909E-018
      8466   1.65796883236980576000E+017   5.53586652761456009825E-019
      8467   2.11034187683181472000E+017   5.18441667585222950362E-019
      8468   1.28724527704288080000E+017   1.06974124720642057435E-018
      8469   1.18708510354856352000E+017   1.52252985524134413198E-018
      8470   6.18608920118014080000E+016   1.65330405191242482590E-018
      8471   2.57766496058705440000E+016   3.66260989179056969807E-018
      8472   4.33922316073457680000E+016   3.59712741599495443844E-018
      8473   6.50098492273804400000E+016   9.89444032320955943816E-019
      8474   4.76876297944248800000E+016   1.07968662359524836774E-018
      8475   9.00130456360973440000E+016   8.75686975358974826095E-019
      8476   8.75874944017386720000E+016   6.26696561850352771956E-019
      8477   1.15032858261028320000E+017   4.76075934284689243603E-019
      8478   2.21309541594520680000E+016   6.09198674178807269918E-019
      8479   3.25369726850596440000E+016   5.66712996468389757087E-019
      8480   2.61144089938953376000E+017   1.45612031389873642615E-019
      8481   2.43720919289001600000E+017   3.77672239824030916688E-019
      8482   4.88070408324026368000E+017   8.07732193743362093480E-020
      8483   3.89189414592628800000E+017   6.96733373853816880888E-019
      8484   3.34891171943443328000E+017   4.37493350637311821585E-019
      8485   2.72756312279762624000E+017   3.73810015046158273051E-019
      8486   3.07296343878851392000E+017   1.73296219680202632550E-019
      8487   3.36287979277642560000E+017   3.73532138441645595568E-019
      8488   2.04193479425918592000E+017   6.70999674419575787549E-019
      8489   1.27563285641099520000E+017   7.54806216087006379990E-019
      8490   1.48916777714369728000E+017   1.19501801229173198218E-018
      8491   7.86842930772110300000E+015   8.06992131198158241404E-019
      8492   2.96499242296198900000E+015   2.23729595233959027069E-018
      8493   5.11385575931852080000E+016   1.01859336102090681509E-018
      8494   1.95489333342085760000E+017   2.67194340662833319925E-019
      8495   2.12673970055593216000E+017   5.40620041771270672044E-019
      8496   9.03251676275582240000E+016   1.00000000000000008334E-030
      8497   1.62184185169332250000E+015   3.79752044169028464048E-018
      8498   5.87877952744838500000E+014   9.00639482732072157899E-018
      8499   4.13608162149989312000E+017   1.17019239408562385532E-019
      8500   3.84513500669154816000E+017   3.28119255624156284833E-019
      8501   8.47959487756327168000E+017   9.72695189428473349540E-020
      8502   5.50432129955762640000E+016   1.78587987598689799355E-018
      8503   3.44446337898104832000E+017   2.72378385010378438629E-019
      8504   3.75283129595204300000E+015   1.32836897747555337676E-018
      8505   2.87070732259412900000E+015   1.33407207631970883648E-018
      8506   1.06262162742347980000E+016   8.15899514758899865159E-019
      8507   1.60457851638362940000E+016   5.98765372865334105977E-019
      8508   2.83509576281730304000E+017   7.31176268862249820942E-020
      8509   2.34429344309045664000E+017   1.06591814404878206731E-019
      8510   2.37988589656130464000E+017   1.34275586848236948650E-019
      8511   1.34333013726382992000E+017   3.60724113909997338909E-019
      8512   1.10939019144277772800E+018   4.35378100260415669616E-020
      8513   9.92385509645183104000E+017   4.11440883871613251335E-020
      8514   1.86303710467701320000E+016   3.15997222801886678011E-018
      8515   1.98714901778516640000E+016   2.80661911599601853003E-018
      8516   2.22522736947901080000E+016   1.00000000000000008334E-030
      8517   1.00000000000000008334E-030   1.00000000000000008334E-030
      8518   1.29643762487993380000E+016   1.93555632428447429906E-018
      8519   1.36841020907785500000E+016   2.14188480474286488288E-018
      8520   2.50625743647749120000E+016   1.22063849693430178822E-018
      8521   7.60341406873733200000E+015   1.84455507740511607363E-018
      8522   6.83531417270418400000E+015   1.93156930602746083759E-018
      8523   6.97395007555088700000E+015   2.67943042751608224374E-018
      8524   1.02589229483036980000E+016   2.03456332916306984379E-018
      8525   8.64631086602553856000E+017   8.00097887277140524263E-020
      8526   7.94634811595040320000E+016   1.79324559788563281516E-018
      8527   4.09101986492952720000E+016   1.23189026356222659789E-019
      8528   1.22037998469320640000E+017   3.38430687538040687650E-019
      8529   2.32112673818599200000E+017   1.76951803859175151071E-019
      8530   1.74393714712542304000E+017   2.60620988878417079244E-019
      8531   7.77386420561423840000E+016   7.76787038879063033365E-019
      8532   1.12298477580935328000E+017   2.88476889449352211774E-019
      8533   1.01107144071723104000E+017   1.02240382388871325729E-018
      8534   4.50776789059533520000E+016   2.21398810634770682279E-018
      8535   1.56252552335408960000E+017   3.48131937987810667506E-019
      8536   4.50108361644629760000E+017   2.06875657051975139195E-019
      8537   9.01397249448887424000E+017   1.49685157703660491878E-019
      8538   8.77906783115347840000E+016   1.12042401372572451669E-018
      8539   2.73894278137485472000E+017   2.88261320407393130528E-019
      8540   3.39434802823225472000E+017   1.13901161297418520406E-019
      8541   1.86080909694393408000E+017   8.99961426630526787270E-019
      8542   8.84393247683183100000E+015   3.33433891746711902350E-019
      8543   1.80862497338924640000E+017   2.13490794584136340442E-020
      8544   4.66348796874947264000E+017   1.00000000000000008334E-030
      8545   3.38938244883840050000E+015   2.99009244322132244880E-018
      8546   3.45251615255374100000E+015   3.57392304969039642124E-018
      8547   4.52287653968273600000E+017   1.85225640532502289554E-019
      8548   5.84796986229293312000E+017   4.19768445106680351320E-020
      8549   2.20483396966662250000E+015   1.79332204291617793025E-018
      8550   5.35295567509977200000E+015   7.22208099637844445982E-019
      8551   1.89668593549561100000E+015   3.69766820076855029561E-018
      8552   1.77299262355857700000E+015   4.18562486404411667405E-018
      8553   2.39271124566891744000E+017   3.72486479934870412850E-019
      8554   2.04339289122532128000E+017   2.93286593257784265702E-019
      8555   4.07884588628498048000E+017   1.07642570264678776946E-019
      8556   3.27941700609723264000E+017   9.46046379895082769391E-020
      8557   3.00259700856978368000E+017   2.38187037657580611987E-019
      8558   1.02894737046333275000E+015   4.81386820008566434059E-018
      8559   1.08067837831877662500E+015   4.24282540688148839069E-018
      8560   3.03935214981341280000E+016   1.26183847463631304592E-018
      8561   1.35173401952940560000E+016   2.09736206226990052079E-018
      8562   2.04373724789230080000E+016   1.85274317871742412603E-018
      8563   1.87449807903852560000E+016   2.11775593806077210500E-018
      8564   4.19890663420073000000E+015   3.19573283242201900079E-018
      8565   3.47101372031131900000E+015   3.22464164225662009666E-018
      8566   2.75716924498638400000E+015   3.59391446782352890811E-018
      8567   1.03806374478308000000E+017   1.23233727182416680486E-019
      8568   4.51010310189395264000E+017   1.59128294044395605869E-019
      8569   1.78814022067150304000E+017   1.60564980681609876890E-019
      8570   6.04421667583023040000E+016   5.19307825058873844429E-019
      8571   9.67646648339484160000E+016   3.10041183523526912927E-019
      8572   1.48329758405346400000E+017   2.67587811951380177637E-019
      8573   2.16908089965782375000E+015   3.50682685826675130132E-018
      8574   1.60799563535131125000E+015   4.43268587093621547469E-018
      8575   3.00716403194815700000E+015   3.36182744096507469031E-018
      8576   3.89969171664283250000E+015   1.74744304668942162000E-018
      8577   8.60995112555592800000E+016   1.31108337629733157045E-018
      8578   8.48947160294262240000E+016   4.34665328688892343191E-019
      8579   5.86063586557119104000E+017   2.16749690603318958384E-019
      8580   3.75824808603337344000E+017   4.46805057717700279179E-019
      8581   3.58053615071952896000E+017   5.93054933795491173777E-019
      8582   9.39253549244529600000E+015   1.15647482699108674707E-018
      8583   1.75371101248944920000E+016   9.84571882371413085918E-019
      8584   5.39411848781960320000E+016   6.67162711623793284490E-019
      8585   7.68638469089321920000E+016   5.53765291814262157932E-019
      8586   1.93168735590408512000E+017   8.74913435027248613907E-019
      8587   2.16462676280971968000E+017   8.29235369457049447819E-020
      8588   1.79021259963332320000E+017   1.22131211918891233695E-019
      8589   1.34849194912626816000E+017   1.83297968505719811483E-019
      8590   1.95075675194096768000E+017   1.13275372243314723685E-019
      8591   6.46233855964120375000E+014   7.32480515393767646366E-018
      8592   1.68636804151285275000E+015   3.34739537334047560936E-018
      8593   4.77917761880779400000E+015   1.00000000000000008334E-030
      8594   5.24834517917115400000E+015   1.00000000000000008334E-030
      8595   1.56049815351878118400E+018   1.00000000000000008334E-030
      8596   6.13635168759183488000E+017   1.35025727681745600831E-020
      8597   5.41981852021938600000E+015   1.29838530824567054534E-018
      8598   1.07896347977373520000E+016   1.11463556021005629233E-018
      8599   5.39599126117049800000E+015   1.50257527098585418190E-018
      8600   7.47047019788271500000E+015   1.17586921474604402451E-018
      8601   8.89704171751740700000E+015   7.42837024078706236412E-019
      8602   5.34253284715018300000E+015   1.77539419366315093953E-018
      8603   7.95565297179887104000E+017   5.31681563700803804784E-020
      8604   3.17302377969974550000E+015   1.48220069758818826685E-018
      8605   1.16044341169691680000E+016   1.39892492316151914842E-018
      8606   7.34461953225176640000E+016   2.11354307318052591406E-019
      8607   6.90058426894550400000E+015   1.00000000000000008334E-030
      8608   1.78805801659316096000E+017   1.00000000000000008334E-030
      8609   3.98130625441478050000E+015   3.37630266247819878673E-018
      8610   5.59120586623614208000E+017   4.25309309603718170259E-019
      8611   1.50474108681325504000E+017   1.46193898822168087946E-018
      8612   6.60463042030952640000E+016   1.00000000000000008334E-030
      8613   9.34189456457297280000E+016   3.41733938851075653944E-019
      8614   2.71514320838622816000E+017   1.01379728214258901562E-019
      8615   8.51541168667241472000E+017   7.16828788552884929053E-020
      8616   4.20411650860758912000E+017   4.52341057331327665977E-019
      8617   3.62211078896296128000E+017   4.42023515080177858289E-019
      8618   7.06510835234369800000E+015   7.91446603631388421257E-019
      8619   4.41388142071747650000E+015   1.57575835859090202541E-018
      8620   1.70037676068081568000E+017   3.76588841361513672345E-019
      8621   5.43529341327495744000E+017   3.47958948456643393399E-019
      8622   7.95382541155934208000E+017   1.84257380807250146055E-019
      8623   3.13614765868123136000E+017   4.50781987222887678505E-019
      8624   4.82503305585067000000E+015   2.34137400433430273908E-018
      8625   1.72016421448387600000E+015   6.19429457497785002840E-018
      8626   2.06676003127511750000E+015   5.88201877044105282357E-018
      8627   1.37774220100426550000E+015   7.45402774537049014349E-018
      8628   4.55896287007460880000E+016   5.03462824192041404210E-018
      8629   7.61065408381260800000E+016   4.82013451820371609547E-018
      8630   6.51132151764568900000E+015   9.75472619899208446221E-019
      8631   4.32114192340941600000E+015   2.03807049922196755649E-018
      8632   6.14950921243848064000E+017   6.56197349280499155295E-021
      8633   9.47493047323700096000E+017   5.07901041367070297648E-021
      8634   1.45689092935995900000E+016   1.04879567834188826623E-018
      8635   9.97323613791541600000E+015   1.70040862269046510838E-018
      8636   2.07513624797996000000E+017   5.64950806746038748887E-019
      8637   2.96160405183339456000E+017   2.94412725042188100266E-019
      8638   2.70918332832314720000E+017   3.42214325409678516477E-019
      8639   2.88848877032561856000E+017   3.63610268228545482084E-019
      8640   7.10042716761738960000E+016   2.41535662482227061916E-018
      8641   1.13127929961093320000E+016   1.00000000000000008334E-030
      8642   1.23006751497627238400E+018   1.09500167456385975739E-020
      8643   5.24184732809745664000E+017   1.71033509680591928440E-019
      8644   1.81845603907234016000E+017   2.37904250202727427347E-019
      8645   6.73661600328502640000E+016   1.00000000000000008334E-030
      8646   1.43229353631175675000E+015   4.44185927398930297029E-018
      8647   1.45316147705597400000E+015   4.41844596467562391112E-018
      8648   1.23250471695063632000E+017   2.06261239877284293020E-019
      8649   2.09107517934075392000E+017   3.75056538885123262389E-020
      8650   1.25132163313867600000E+017   6.86226666310722332630E-019
      8651   2.34880453733655008000E+017   5.62675572615433375490E-019
      8652   2.55927633033976450000E+015   3.69816200773499780191E-018
      8653   5.06450533242765600000E+015   3.32040044618066560161E-018
      8654   3.21550609899476224000E+017   2.88891782819617378066E-019
      8655   1.94959932222657632000E+017   8.06590801829495176037E-019
      8656   1.39285583790505408000E+017   8.28165344858393744131E-020
      8657   3.72716717453650160000E+016   2.20815802405295103421E-019
      8658   9.43302302137993920000E+016   7.68643637381015214334E-019
      8659   7.46295598654932800000E+016   9.09020836544704652113E-019
      8660   2.18401525533363175000E+015   6.86535257944514461367E-018
      8661   2.14473241266358475000E+015   7.07454870795900242644E-018
      8662   6.17160716889219800000E+015   7.67439674192356291315E-018
      8663   4.37618964990715920000E+016   1.71787844488891377351E-018
      8664   1.24299532905000416000E+017   4.18321967334199337154E-019
      8665   8.34953878532925120000E+016   1.01843757002026625066E-018
      8666   3.61219151841597400000E+015   4.60359583753996019222E-018
      8667   2.31312818471416550000E+015   3.98436940386845831621E-018
      8668   3.45697145287911744000E+017   2.59444675995461654169E-019
      8669   1.86467941123165056000E+017   2.68428806417674512715E-019
      8670   6.85123387119199200000E+016   4.65760058154357774710E-019
      8671   3.34147812915264576000E+017   1.06159805594581130925E-019
      8672   1.49122596883257625000E+015   5.58285963085477044256E-018
      8673   1.40004465058352400000E+015   5.43423446477538539618E-018
      8674   9.21488177385869600000E+015   2.54413343279468847917E-018
      8675   1.69695430025391200000E+016   1.49083665260117902307E-018
      8676   6.25812332794751760000E+016   9.78406020600292193128E-019
      8677   3.73811979489757200000E+016   1.33884205991140756847E-018
      8678   5.45216281472122560000E+016   1.10185730911529678729E-018
      8679   4.29556913586473040000E+016   1.57053767444268516052E-018
      8680   3.63902811742196352000E+017   1.47813784978419800688E-019
      8681   3.49207285552607872000E+017   1.56244150934480537993E-019
      8682   8.03140601664055360000E+016   5.55254032929930525620E-019
      8683   2.28036072827504608000E+017   3.26972814784847651111E-019
      8684   6.41817183070369600000E+015   2.78128185040231296107E-018
      8685   6.89485727339469400000E+015   2.11891326539495955822E-018
      8686   5.54570933359388500000E+015   2.33405732846065244257E-018
      8687   6.30280781139645600000E+015   1.04765723393977274133E-018
      8688   2.07222084493799750000E+015   2.81743839969211985725E-018
      8689   1.27894996197100380000E+016   5.65401327746419954156E-018
      8690   1.06890456947711728000E+017   7.82918959804466616919E-019
      8691   2.05870403303388800000E+017   3.34669144170667705934E-019
      8692   1.56913651733000288000E+017   4.69242416702760331865E-019
      8693   9.97347227473310080000E+016   9.23270165007004421772E-019
      8694   1.89859605130831520000E+017   3.20282400274484002432E-019
      8695   1.63324528878193088000E+017   7.60982360282244210794E-020
      8696   2.36149546297957504000E+017   4.00358550440613958711E-020
      8697   1.46193086808814592000E+017   5.64377421448493645062E-020
      8698   3.16407029917397632000E+017   3.18388479089604047207E-019
      8699   6.01612537804574976000E+017   1.24955255990234274422E-019
      8700   1.34587794364690864000E+017   5.51091807419961055612E-019
      8701   1.00699548619295264000E+017   6.13617258874980918244E-019
      8702   2.34009025363400000000E+017   6.56590630807713958717E-019
      8703   2.45344291053855328000E+017   7.24459635800631831097E-019
      8704   3.14876474560396650000E+015   5.24113589396947221291E-018
      8705   4.81001029961979300000E+015   3.33663320765426204649E-018
      8706   2.31671259737146550000E+015   6.37637449270502914520E-018
      8707   2.09350029508176325000E+015   8.20651086482101660599E-018
      8708   2.11597523332592850000E+015   6.77504098121031601826E-018
      8709   8.41671015033282875000E+014   6.75549399259247190916E-018
      8710   9.60255636670359750000E+014   7.96159041249146727434E-018
      8711   1.24412619547175225000E+015   7.15133721565589793867E-018
      8712   9.10888217138487875000E+014   8.36679471952034816068E-018
      8713   3.26450428162856850000E+015   4.20113366417777603217E-018
      8714   3.02328572307835400000E+015   5.40552190176127513322E-018
      8715   7.66655494449490200000E+015   3.80593898254878297631E-018
      8716   4.51745283819906300000E+015   3.75571271946660278429E-018
      8717   1.74578951405779712000E+017   4.43327707852774236227E-019
      8718   1.02672636881009632000E+017   7.18524543265373083660E-019
      8719   1.34294752714208736000E+017   5.99828651348208616788E-019
      8720   9.50187024244280000000E+015   2.79474438726333653071E-018
      8721   6.24263722441201400000E+015   3.23261557266275623244E-018
      8722   8.36730540555350656000E+017   1.67463107785444073929E-019
      8723   3.02953815063869632000E+017   2.66058897654833702252E-019
      8724   3.35622455234605696000E+017   2.18701763552046652731E-019
      8725   1.28166467705385344000E+017   1.49926125138979922715E-018
      8726   1.70303790522390080000E+017   7.68537049000747089535E-019
      8727   5.83576938617515520000E+017   7.49830561614262126792E-020
      8728   4.79617212741344064000E+017   7.52689873889330363231E-020
      8729   9.67127162774533440000E+016   2.06362332933599763155E-019
      8730   1.84996148249735872000E+017   2.83241338864998492048E-019
      8731   1.37659590242019788800E+018   2.33790009918040704739E-021
      8732   1.78873728079850572800E+018   2.23175311540095651937E-021
      8733   1.71456049279496256000E+017   6.49395477034856942118E-019
      8734   1.20153385258628720000E+016   3.74616981034919804353E-018
      8735   1.71102073887984325000E+015   2.79009643064135323802E-018
      8736   1.41526832148665875000E+015   2.79327706970051908557E-018
      8737   6.98541376660464250000E+014   4.06622832974092036117E-018
      8738   5.45731576426085812500E+014   2.97818763361566199777E-018
      8739   4.63194008037511488000E+017   8.10886301388773196068E-020
      8740   3.89702622859421760000E+017   7.27845087093515298800E-020
      8741   6.30579792218883200000E+017   7.12996521169783723377E-020
      8742   1.37799861552459878400E+018   2.61742359112823310437E-020
      8743   2.79141886788530560000E+017   1.94893152633980597871E-019
      8744   4.29131050267792832000E+017   3.02707915156419190931E-020
      8745   8.42683035509770240000E+016   6.73950199350496537641E-019
      8746   4.35701393349982144000E+017   2.49610252234269025444E-019
      8747   1.16156963207157632000E+018   1.69368304351570273351E-020
      8748   2.31108604514252680000E+016   2.21663969955537003816E-018
      8749   2.09116640808334520000E+016   2.85882810241495474711E-018
      8750   1.07131213423044224000E+017   9.25798645115278442760E-019
      8751   1.30704628800388672000E+017   5.37697568356309296492E-019
      8752   1.61680060048066400000E+016   2.40741128873273946571E-018
      8753   2.15803802263797440000E+016   1.88701507301605986171E-018
      8754   1.54301448263423584000E+017   4.24481621010912113623E-019
      8755   2.63359804471526112000E+017   2.65376556430339028905E-019
      8756   7.25159043967493500000E+014   7.72536920899270106918E-018
      8757   8.64893838713805875000E+014   8.30483108617096616798E-018
      8758   5.43724085151249100000E+015   3.60151839891628254349E-018
      8759   8.39459801626182000000E+015   3.08745066341664051356E-018
      8760   7.50667308541238900000E+015   3.25724123121775357413E-018
      8761   1.14387791822364112000E+017   5.46052369735045512307E-019
      8762   7.86208673526010400000E+016   8.88196666136951810505E-019
      8763   7.83689715002172000000E+016   7.56101256938175366903E-019
      8764   1.31507848435092000000E+017   4.87821159191541503015E-019
      8765   3.79774713975500992000E+017   3.90744600062611826919E-019
      8766   2.04210434171376064000E+017   9.37700302032979981668E-019
      8767   4.68471502784916800000E+016   5.65351956559062778030E-020
      8768   4.08927976360750144000E+017   1.28422841708765585470E-020
      8769   9.14618035207083200000E+015   5.52323504691296606486E-019
      8770   5.99037004789995200000E+015   7.66159527278427464855E-019
      8771   3.75745786988761250000E+015   1.27861842334717768574E-018
      8772   1.68420948289902075000E+015   2.74982980473946758432E-018
      8773   5.18551831567454100000E+015   1.23813795563993764499E-018
      8774   1.44341951887616340000E+016   1.35591109224324694535E-018
      8775   1.80275354880050680000E+016   1.15636043848032937121E-018
      8776   1.02482417810649000000E+016   2.18890838560050283609E-018
      8777   1.12702194179583240000E+016   2.14353664046447580481E-018
      8778   4.69667676798744320000E+016   1.68389892761007374010E-018
      8779   1.03541029278094816000E+017   1.39359226764054355082E-018
      8780   1.00000000000000008334E-030   1.00000000000000008334E-030
      8781   2.59947033836374681600E+018   5.25232335545846582074E-020
      8782   2.51407427306023456000E+017   1.00000000000000008334E-030
      8783   2.63738539099958624000E+017   2.13051195818039326400E-019
      8784   2.54390982163331808000E+017   2.42221291056617849742E-019
      8785   3.47633095468782080000E+017   1.07030442725393603090E-019
      8786   5.83260859104195328000E+017   9.67794817561650712888E-020
      8787   4.37512743990665792000E+017   1.16468118854290598073E-019
      8788   4.99780854830688448000E+017   1.35831044000681981973E-019
      8789   3.46337494765450304000E+017   3.19055097958699141964E-019
      8790   2.99967969942749056000E+017   4.92235555138461389059E-019
      8791   9.22461090392008375000E+014   4.27536894785674185436E-018
      8792   8.62630577808360375000E+014   3.85211388402304309593E-018
      8793   8.16021716770887875000E+014   5.28862846380251846928E-018
      8794   1.03363309128407012500E+015   5.92592837120829846481E-018
      8795   1.63144811933437150000E+015   5.24266383994623185146E-018
      8796   1.70714722515177075000E+015   4.78907993934139497792E-018
      8797   1.60734427301984825000E+015   5.45874665619312621188E-018
      8798   1.40440614412286225000E+015   3.62603828422632351416E-018
      8799   1.96302796497807675000E+015   5.29247936692214677128E-018
      8800   1.39373852651734175000E+015   3.93137147975950529033E-018
      8801   1.77828692332986300000E+016   4.96997196957021937625E-019
      8802   1.60765334660089920000E+016   4.38334923553237520291E-019
      8803   1.50495818091623680000E+016   7.64597481663358728959E-019
      8804   8.37686210108472320000E+016   1.16863167474042053178E-018
      8805   5.73169529779444480000E+016   2.39938417827375636734E-018
      8806   2.68352169418975000000E+016   2.18971888198609730630E-018
      8807   3.29875981237807840000E+016   1.78337176518489026423E-018
      8808   8.80962930454207400000E+015   6.21129121603831185432E-018
      8809   4.31875885041363680000E+016   3.74435467180617269524E-018
      8810   4.06312462306251456000E+017   1.61113010694005024003E-019
      8811   1.62816952688669760000E+017   5.88205342171209123837E-019
      8812   1.14540455246365780000E+016   4.56168567060790661571E-018
      8813   3.07249021500284600000E+016   8.37941764260692255931E-019
      8814   2.15645476694399808000E+017   3.25985396066837277447E-019
      8815   1.65064994469285120000E+017   2.52789988170171987518E-019
      8816   1.10123274822802137500E+015   7.31281388162767659187E-018
      8817   1.09311791178514975000E+015   6.34580738796177413853E-018
      8818   1.80795171362824700000E+015   5.44182963329322014707E-018
      8819   1.84067953706220550000E+015   3.23159640233059666863E-018
      8820   9.70061952814405875000E+014   3.93774573125365645047E-018
      8821   7.67267555019285250000E+014   5.02280750114659329742E-018
      8822   1.00000000000000008334E-030   1.00000000000000008334E-030
      8823   2.45919258225446348800E+018   2.47843487111394424830E-020
      8824   1.45416435861890278400E+018   1.45621861323961647080E-019
      8825   2.92034698995256627200E+018   1.00000000000000008334E-030
      8826   4.43856758232046656000E+017   1.47287298093695263956E-019
      8827   3.02038009708730496000E+017   2.73829571688313343650E-019
      8828   2.70524387029214656000E+017   2.43694876785482032423E-019
      8829   3.96093944697306240000E+017   1.75067230663287888266E-019
      8830   3.58838005121599616000E+017   2.16515275800822220343E-019
      8831   1.97795593196955616000E+017   4.26762049222642763864E-019
      8832   8.09188211855568640000E+017   1.40559798606938752431E-019
      8833   6.18633302350082048000E+017   1.95409767548271400747E-019
      8834   1.05090649764204375000E+015   7.92913587334142039237E-018
      8835   1.29315529742914575000E+015   4.64007708025130072002E-018
      8836   1.21703963620424800000E+015   5.26638148967019822058E-018
      8837   2.41783492645771250000E+015   2.05506371074854733375E-018
      8838   4.26901021719925300000E+015   1.99706157907486157288E-018
      8839   2.04964931377221900000E+015   4.23135460171924065534E-018
      8840   1.83323188645854800000E+016   3.68524222073667395897E-018
      8841   1.35494906818224100000E+016   3.54269992469851079549E-018
      8842   2.23356615079735525000E+015   3.61556881743206407086E-018
      8843   1.69164819730382725000E+015   4.07878432767143712698E-018
      8844   1.77098506050182425000E+015   4.69045723959227407445E-018
      8845   2.20770510295862175000E+015   4.15668052942658780660E-018
      8846   1.29667705224152160000E+017   1.82551158894507347302E-020
      8847   8.11767296333127100000E+015   4.83864363630233402550E-018
      8848   1.06228729866002000000E+016   2.67289448941809100602E-018
      8849   9.82225280247290400000E+015   2.52190820528904778872E-018
      8850   8.96827136354068200000E+015   4.18727090621095528880E-018
      8851   5.19741285878448000000E+016   2.09873545709231756190E-018
      8852   1.13454565068724560000E+017   1.04388128510757106789E-018
      8853   2.47965873698109056000E+017   1.43270343529294398624E-019
      8854   2.87748141795510880000E+017   3.34274790226117712214E-019
      8855   6.40568592894551552000E+017   1.43763264506201685700E-019
      8856   4.22285589290022208000E+017   2.48579529392680922057E-019
      8857   5.09052793074544128000E+017   9.23116459096154289706E-020
      8858   2.78012551615658720000E+017   2.29420082309838976745E-019
      8859   1.26128890795342400000E+015   7.28290573022782219350E-018
      8860   1.22597181889220150000E+015   6.69287995697553140259E-018
      8861   1.48869133048766800000E+016   8.07604809990396765308E-019
      8862   6.84395019886248200000E+015   1.96164874363919622687E-018
      8863   5.80621006894972100000E+015   2.79336952231527760672E-018
      8864   1.24511791653238660000E+016   1.82550021087581199529E-018
      8865   5.78844553957895168000E+017   1.57784860570365364923E-019
      8866   4.04630279869403200000E+017   1.85014672463115005988E-019
      8867   8.60473343608664960000E+016   5.31872975038716119971E-019
      8868   2.85120715029157536000E+017   1.31030849420426874511E-019
      8869   4.15549507301678272000E+017   1.17017673921727086653E-019
      8870   3.79856209272022784000E+017   2.43963635922097784100E-019
      8871   2.59847865106404928000E+017   2.73192105699600691817E-019
      8872   3.21278459752120704000E+017   2.68547559776672315498E-019
      8873   1.46708749257004448000E+017   6.19579516413946291464E-019
      8874   2.83177084491061248000E+017   3.26377246259629822840E-019
      8875   3.57217731778016960000E+017   2.82389422659105180684E-019
      8876   6.19008067752125440000E+017   1.17758516780888882053E-019
      8877   9.08361047667823875000E+014   6.49554432502154818680E-018
      8878   5.92718377281239000000E+015   7.26456170766411747592E-019
      8879   1.88115779950472256000E+017   4.12795279448272048244E-019
      8880   1.28720545900929760000E+016   3.20903148592050999803E-018
      8881   1.99839925923864640000E+017   5.18058776610534630774E-019
      8882   1.30936610349394832000E+017   5.22566550170679488377E-019
      8883   3.11936713964867392000E+017   9.83346887215212150008E-020
      8884   2.14020512007090528000E+017   6.76119102537726633153E-019
      8885   4.72398331289604736000E+017   2.60987233262733899903E-019
      8886   2.88840753199293184000E+017   5.18424519741495054468E-019
      8887   2.39108476655102280000E+016   1.47277206556893492795E-018
      8888   4.67233134659337120000E+016   8.82335873898279410933E-019
      8889   1.13741527952686750000E+015   4.19558499379543626769E-018
      8890   1.37213724993347100000E+015   3.75512654117142517531E-018
      8891   9.31878296775884500000E+014   5.08033019752081421696E-018
      8892   1.35206646377661150000E+015   2.77199898195828431930E-018
      8893   1.64614447135284300000E+015   2.97896561510207259506E-018
      8894   3.83514204301738450000E+015   4.56903675591153823570E-018
      8895   2.98095033808887150000E+015   6.07007900461381787215E-018
      8896   5.02382128381715900000E+015   1.34640899379614809975E-018
      8897   4.35970024847176800000E+015   1.71186725948871028384E-018
      8898   5.16846646229091900000E+015   1.99684442104252746362E-018
      8899   3.53343691055070200000E+015   2.09682262624839416055E-018
      8900   1.36931540116279340000E+016   1.92594960606851707467E-018
      8901   1.08887031141453440000E+016   1.45769609790678070912E-018
      8902   1.49609509575538060000E+016   1.00399474941474289433E-018
      8903   7.82336135156469800000E+015   1.97903130181780322662E-018
      8904   7.81972331562326656000E+017   2.42773537057899763270E-019
      8905   4.82737427508412672000E+017   2.83003224524381105130E-019
      8906   1.83230085135931904000E+017   4.39773721683329139757E-019
      8907   1.59436727768122650000E+015   6.04650360647378586674E-018
      8908   1.63334561700312575000E+015   4.13914542702298449114E-018
      8909   3.73180393122052750000E+015   1.37359989032934137914E-018
      8910   2.65309067508926848000E+017   1.63921188696810191006E-019
      8911   2.76175448964012448000E+017   4.03420263614952665541E-019
      8912   1.99997833475175347200E+018   8.60353103541055041298E-020
      8913   4.98744993046105600000E+017   4.77647656819917101209E-019
      8914   1.16266183995881856000E+018   1.99112927766711249935E-019
      8915   1.01700178422676326400E+018   4.99827440251245858265E-020
      8916   2.52366322105590118400E+018   1.00000000000000008334E-030
      8917   1.06548945028710980000E+016   1.00000000000000008334E-030
      8918   2.60203340050629696000E+017   1.00000000000000008334E-030
      8919   3.81858700763077300000E+015   4.89537610560401775986E-018
      8920   3.17971771776485700000E+015   8.11890147045498437106E-018
      8921   1.74971267087108500000E+016   8.34195379231063460816E-019
      8922   3.75029235749443440000E+016   5.24137083236544986995E-019
      8923   5.87577918235065680000E+016   8.64518012374525405385E-019
      8924   8.72892706033547360000E+016   5.96278922661835421940E-019
      8925   1.66723994923093200000E+016   3.85278231760940305810E-018
      8926   1.37793280296702000000E+017   2.83538053797923328422E-019
      8927   7.56477021429890688000E+017   1.71887792120268715531E-019
      8928   1.84998018816312832000E+017   1.91110148404988483141E-018
      8929   4.37353553930853120000E+017   2.86657287306641031969E-019
      8930   3.44441639459206528000E+017   3.35881233273980583438E-019
      8931   7.58116570465818496000E+017   1.03356873020380078432E-019
      8932   3.59582518047189824000E+017   2.80621572427455394906E-019
      8933   2.15368303257975584000E+017   2.68205567554009255444E-019
      8934   1.39857122705575824000E+017   6.30431233764784863596E-019
      8935   2.03632097457235328000E+017   1.88640495333919277663E-019
      8936   5.26268582721693840000E+016   1.00000000000000008334E-030
      8937   1.15976175406232496000E+017   3.88937733423640178045E-020
      8938   4.24182951446614160000E+016   9.94228388476005581415E-019
      8939   6.43527460431966720000E+016   1.00000000000000008334E-030
      8940   2.05645489872462310400E+018   3.29872621676250689567E-021
      8941   1.65275472522934630400E+018   4.31188003524281996354E-021
      8942   5.11362205741707673600E+018   6.18395972809863657139E-020
      8943   4.07955646222517920000E+016   1.14340743259966476177E-018
      8944   1.10404957828937100000E+016   2.99835562891086620716E-018
      8945   1.60937249237959424000E+017   5.90825284782176992790E-019
      8946   2.06538677866290720000E+017   4.78693705016402180631E-019
      8947   5.41941184119710976000E+017   1.07429822889330358101E-019
      8948   9.28030898656530176000E+017   1.08425770030247932050E-019
      8949   5.36953416907078784000E+017   1.69425048280528113867E-019
      8950   5.18723544121017408000E+017   2.38055418678724818197E-019
      8951   2.82131283253383400000E+016   4.53921832481900837958E-019
      8952   2.89656815737586920000E+016   4.48850664099214194767E-019
      8953   3.44871368758341200000E+016   4.77266104575679559713E-019
      8954   9.01428683617516200000E+015   1.00628883046415427644E-018
      8955   2.10904451888047525000E+015   1.84857105295614073065E-018
      8956   1.06082352701345180000E+016   6.47978215216267464771E-019
      8957   1.08679056435866260000E+016   7.28741914934650523756E-019
      8958   2.80384887101044400000E+015   9.11982683211344320305E-019
      8959   5.35831070780249200000E+015   4.89233810994206784058E-019
      8960   4.39880825272957760000E+017   1.41501265071788695670E-019
      8961   1.04790665118193520000E+017   2.88710136783628327788E-019
      8962   6.90801786015484160000E+017   1.35296011610038939141E-019
      8963   5.26877667314090112000E+017   2.03465472170210066412E-019
      8964   2.73796535581994350000E+015   2.90633721285950491407E-018
      8965   2.50126939787835800000E+015   2.03289297139374627664E-018
      8966   5.18069248905887900000E+015   2.01212554476956942638E-018
      8967   1.60818024302729020000E+016   3.70978887676372623006E-019
      8968   2.08795997758107120000E+016   6.20141715132224740981E-019
      8969   1.22126693817748320000E+016   6.52539561964270748087E-019
      8970   9.54317669809034800000E+015   7.88709804556724211401E-019
      8971   6.77975318513487400000E+015   1.50253635810573545655E-018
      8972   1.65360863467539500000E+016   4.99206927630962282463E-019
      8973   1.69498897767601440000E+016   5.99281269297130067889E-019
      8974   5.43927159073046900000E+015   1.24042867525037576988E-018
      8975   4.58188542778716400000E+015   2.07564793176210036699E-018
      8976   2.83732410703392896000E+017   1.40297084821374391232E-019
      8977   2.88290936005340800000E+017   1.90900373121711511195E-019
      8978   5.12905943754838800000E+015   1.17248061484221747732E-018
      8979   6.92162670094167400000E+015   7.29852013063501632070E-019
      8980   4.29633882861607550000E+015   1.11665873177673811242E-018
      8981   3.62189163580142800000E+015   1.86421150700506157012E-018
      8982   2.29301159362645440000E+017   1.88314699313762535830E-019
      8983   1.47413953152635008000E+017   4.72442930036738948741E-019
      8984   9.31103878437448064000E+017   1.99049857726674623018E-020
      8985   4.79246266399304000000E+017   7.52811564075810315785E-020
      8986   9.62110751430461400000E+015   7.33220268654548688465E-019
      8987   1.38050766532574280000E+016   5.00035307718675664786E-019
      8988   2.44764800297569856000E+017   1.88619536539729959442E-019
      8989   4.72376988344010688000E+017   3.57023793403521451979E-019
      8990   7.41630410854064128000E+017   1.48652369460263890745E-019
      8991   9.12738107828803328000E+017   1.40156482476680807655E-019
      8992   1.53668492627841860000E+016   5.41126973317733183453E-019
      8993   7.29890609493808200000E+015   1.91608021245779729721E-018
      8994   1.07505146756803880000E+016   5.36554207985172750954E-019
      8995   9.73377231363678400000E+016   6.12833379889075436362E-019
      8996   4.27846285646016240000E+016   8.17747273159012659279E-019
      8997   2.03492401721481395200E+018   5.28667503528145481914E-020
      8998   1.37514203421074969600E+018   2.90238113181454426140E-020
      8999   1.08804084293177561600E+018   2.81010877117591245204E-019
      9000   1.00000000000000008334E-030   1.00000000000000008334E-030
      9001   1.21077182250398976000E+017   8.51362565971656791936E-019
      9002   1.12833436727632928000E+017   1.07682122970426477402E-018
      9003   7.36493650694525312000E+017   2.68250907882195397549E-020
      9004   4.63960752742043776000E+017   1.35303340029698357921E-019
      9005   3.71224885784157312000E+017   1.68801207799232056223E-019
      9006   2.47045284193786208000E+017   1.46410192895995895453E-019
      9007   3.64872946600901300000E+015   2.14472233156393794955E-018
      9008   2.47826609560729950000E+015   2.88497314930441110233E-018
      9009   3.96961168629709950000E+015   3.01279768579414196477E-018
      9010   1.27005579584770500000E+016   7.66260099685572413019E-019
      9011   4.65347906032109760000E+016   2.51243739524532720122E-019
      9012   3.49668912571907050000E+015   5.18858764527629247778E-018
      9013   3.41056207862167700000E+015   5.35096714146597103778E-018
      9014   8.24298603058095800000E+015   1.16615940418308835673E-018
      9015   8.93134381783133600000E+015   9.66859062427368643436E-019
      9016   1.28086043067824672000E+017   4.29228010704202306018E-019
      9017   2.76085948331591552000E+017   4.78585274874895235119E-019
      9018   2.58887293490014336000E+017   1.23291478778687601530E-019
      9019   1.14792567110738240000E+018   5.63103513451012859690E-020
      9020   8.37877171158432640000E+017   1.59889401335865580368E-019
      9021   5.54185539425001984000E+018   1.40888636117511347780E-020
      9022   1.19078667351821312000E+018   4.33831280666037237384E-020
      9023   6.88837176602735300000E+015   8.46042628050111195627E-019
      9024   1.57199380216232160000E+016   3.99764027379344833535E-019
      9025   1.93321838943712040000E+016   6.39411897268754996776E-019
      9026   2.39223437826641560000E+016   5.50153965033495867881E-019
      9027   1.34218730895762520000E+016   2.19136377564984634949E-018
      9028   6.90525728915909888000E+017   8.94126356269512869071E-020
      9029   4.08321965362650304000E+017   7.64630874582816930234E-020
      9030   7.02665781402465024000E+017   5.61914310353882231160E-020
      9031   2.11139531462543078400E+018   6.11555600285988486251E-020
      9032   5.93486637596226176000E+017   8.44417143049662763887E-020
      9033   5.74561835878848832000E+017   1.26896983233215445208E-019
      9034   5.94220069855630720000E+017   2.18102116444252129138E-019
      9035   2.54627917629204070400E+018   5.80209990880544558904E-020
      9036   2.47015661687636160000E+017   2.83876691414604669804E-019
      9037   5.24216981072230848000E+017   2.71136988815136269943E-019
      9038   4.05423607141896896000E+017   1.30050264806718395122E-019
      9039   1.74674227334867328000E+017   6.07425907427818207851E-019
      9040   3.52404165731706688000E+017   2.47883161551489480834E-019
      9041   2.91265028081001500000E+015   1.38666069424730386810E-018
      9042   1.53789272662746800000E+015   1.80882625771642691816E-018
      9043   7.27147558065352448000E+017   4.69559218063093770812E-020
      9044   3.30993735757552192000E+017   2.83616245191573019297E-019
      9045   2.33224948870210464000E+017   4.12384682177017878123E-019
      9046   2.11018370678721856000E+017   1.92860607954968104293E-019
      9047   1.00207577064896992000E+017   1.00000000000000008334E-030
      9048   1.06532268457886105600E+018   4.63091772058964916323E-020
      9049   5.44379466552662272000E+017   3.33704045376115749001E-020
      9050   3.84006423117221504000E+017   2.37350678144164339001E-021
      9051   5.12079520685129920000E+017   2.32732688372710984584E-019
      9052   1.02186861725280832000E+018   8.56741329263513541699E-020
      9053   9.02195013819558400000E+015   2.74139435923289472213E-018
      9054   1.18151717370693840000E+017   1.18021381528937362695E-018
      9055   8.34190334064580000000E+015   1.00000000000000008334E-030
      9056   1.04791227983610900000E+016   6.16926804694260895833E-019
      9057   2.85776698790257600000E+015   1.55530869193995012152E-018
      9058   4.66914110906330000000E+016   2.58788639798794018700E-019
      9059   3.99385668110628300000E+015   2.80437938858892463234E-018
      9060   1.72093773212353820000E+016   6.37839209869243471518E-019
      9061   1.73289833533941320000E+016   7.11328485118838494807E-019
      9062   2.72491580029525094400E+018   1.54379447971104039858E-020
      9063   2.30612071446992650240E+019   1.14007708367559171118E-020
      9064   1.15343786734095641600E+018   1.27011892688357928680E-020
      9065   3.75790630260592320000E+017   2.37321690808898226598E-020
      9066   1.07248451996613760000E+017   2.05669100286490607820E-018
      9067   3.48322884330609000000E+015   5.88075706214786470641E-019
      9068   2.09347547426937825000E+015   7.13583205006507735908E-019
      9069   1.03525769228078400000E+018   6.80062700698072125431E-020
      9070   2.53676481892812320000E+017   4.11698582420741133883E-019
      9071   2.35549760162521728000E+017   3.90078661502347147681E-019
      9072   4.82512225501497408000E+017   1.45196262328458778068E-019
      9073   6.19704862316511104000E+017   3.28335799167786756997E-019
      9074   1.45415709665208500000E+015   5.44270708269407231919E-018
      9075   1.61833830688859825000E+015   4.73566013515570956602E-018
      9076   1.24183296374391952000E+017   1.00000000000000008334E-030
      9077   2.46960546514330560000E+017   1.00000000000000008334E-030
      9078   2.30303231008833632000E+017   7.65212579829999277096E-020
      9079   2.60314388483946976000E+017   1.00000000000000008334E-030
      9080   8.88264960333876352000E+017   4.14956758387561175141E-020
      9081   2.78460387311247440000E+016   3.29528118707913764228E-018
      9082   3.38830010466142800000E+016   2.29856319434709156565E-018
      9083   1.03068196190794188800E+018   1.25797038410391676853E-019
      9084   1.96723221821767232000E+017   5.65944850426937792347E-019
      9085   1.31903884077941296000E+017   3.26699181031985209688E-019
      9086   9.89081772346256512000E+017   1.75789191456843598408E-019
      9087   4.38163687102830464000E+017   1.83124408670545432590E-019
      9088   2.53975546727894250000E+015   3.78069078732923981674E-018
      9089   1.91353491657364350000E+015   4.48728915913115108344E-018
      9090   3.82028393206061920000E+016   2.79482079763717019368E-019
      9091   5.10410252669240560000E+016   1.08714895460102691662E-018
      9092   5.93966743965683072000E+017   2.31051727943665639750E-019
      9093   5.22873650920941632000E+017   2.94143666486204030980E-019
      9094   1.11897480943038096000E+017   1.00000000000000008334E-030
      9095   1.79682785007889280000E+017   3.80227795187933854070E-018
      9096   3.64835660452295680000E+017   2.35248926422859127013E-019
      9097   3.04180873026238976000E+017   6.04272687296468546149E-020
      9098   1.08462588218935206400E+018   2.10686822681722450982E-019
      9099   7.28110667627422592000E+017   8.38190114366934616602E-020
      9100   3.52084138491797360000E+016   1.04881544259877863267E-021
      9101   2.99098273940868840000E+016   1.33562717638129531644E-021
      9102   1.11713093277606784000E+017   6.94380909046308308191E-019
      9103   1.90728665046006112000E+017   4.69483964685041608716E-019
      9104   4.86692122267111360000E+017   1.64686729856311402529E-019
