         1   1.30906220144265450000E+015   7.77250481951470612153E-018
         2   9.59311214616350750000E+014   7.35456865991004813322E-018
         3   8.15826491470960375000E+014   8.04696726891399389605E-018
         4   8.35827487727714375000E+014   8.17801827034118199919E-018
         5   1.02093882297011012500E+015   8.15864760186106020425E-018
         6   1.10003571150186775000E+015   8.15209296514887428493E-018
         7   1.16267858223446100000E+015   7.84149376632331842780E-018
         8   1.22721505464850100000E+015   7.69816503915579486462E-018
         9   1.36413995855800950000E+015   7.66356717078048401214E-018
        10   1.32266605412683100000E+015   7.80127228058318695742E-018
        11   1.32011801978549625000E+015   7.86068839489691724924E-018
        12   1.21878154161508275000E+015   8.41145046926351911850E-018
        13   1.06503396702885637500E+015   8.95621336382265870169E-018
        14   9.24628293215556875000E+014   8.89959806345481047857E-018
        15   9.90180573201202500000E+014   7.56409335820980093262E-018
        16   1.00091709065163062500E+015   7.47982274345300927713E-018
        17   9.91772895555314500000E+014   7.22804596478852121088E-018
        18   8.87487795486514875000E+014   7.18158875996510751012E-018
        19   7.91960612010915625000E+014   7.59761475759071433984E-018
        20   7.27150381115709500000E+014   8.14472762524429581433E-018
        21   8.17111557253110000000E+014   8.28193785584860772553E-018
        22   8.41925684052608250000E+014   8.26105147194369475554E-018
        23   9.03399292286710125000E+014   8.78525973277643139931E-018
        24   1.23967800705856100000E+015   8.44699590762536197242E-018
        25   1.35307477445889875000E+015   8.11919792528235384419E-018
        26   1.36213991505076100000E+015   7.32026084988813754944E-018
        27   1.31819300817096875000E+015   7.37834930242525492754E-018
        28   1.43987822168610825000E+015   7.31996461443148108315E-018
        29   1.44892920150358575000E+015   7.67676003036590028462E-018
        30   1.41459577376367650000E+015   7.89516458795089328203E-018
        31   1.38780652648267675000E+015   7.78843839531199006863E-018
        32   1.19543671765699950000E+015   7.99088151479696459789E-018
        33   1.13296965853867325000E+015   8.23927021435690082619E-018
        34   1.01176007819146600000E+015   8.76208908516530444369E-018
        35   8.55643905050197750000E+014   8.84224024611748067704E-018
        36   8.02222093916064250000E+014   8.49023812528711972150E-018
        37   8.30123033922510375000E+014   7.95643096441285193092E-018
        38   8.94559277518121500000E+014   7.21926990335938126708E-018
        39   9.23090341501485875000E+014   7.02209448226810722553E-018
        40   9.44914347076803500000E+014   6.82979260524060240810E-018
        41   7.22655802874557250000E+014   7.42620890757318296245E-018
        42   7.20539772737334875000E+014   7.70641900531915276692E-018
        43   6.87088923604327000000E+014   8.14646717146817730770E-018
        44   7.07288409791520875000E+014   8.19537838042717495485E-018
        45   8.48844867246729875000E+014   7.32963763963286308758E-018
        46   9.19610444815721125000E+014   7.38906227767110101257E-018
        47   9.58624539984465500000E+014   8.10971731100740756655E-018
        48   9.90595377733539500000E+014   8.32609577754916530244E-018
        49   1.32034109844878475000E+015   8.33484153073582228336E-018
        50   1.56588410129635500000E+015   7.90854425788061519757E-018
        51   1.61989953583951450000E+015   6.85130045171686892542E-018
        52   1.58214963204502625000E+015   6.40787220276983109772E-018
        53   1.74204939096183425000E+015   6.26084830484136339582E-018
        54   1.71065753687402075000E+015   6.47188027287745257448E-018
        55   1.58991962747873325000E+015   7.20944373587144818516E-018
        56   1.57976146411193400000E+015   7.63282471689970744305E-018
        57   1.60861919812674225000E+015   7.72803263201626801790E-018
        58   1.49844356798146075000E+015   8.29869223478373433790E-018
        59   1.62054895945513100000E+015   7.78820245524754435185E-018
        60   1.44828163681104975000E+015   7.62195006554414122092E-018
        61   1.29119840428580675000E+015   7.25305004833816079994E-018
        62   1.14146270141218675000E+015   7.30453909439524165947E-018
        63   1.08526071317541712500E+015   7.59449581356479942121E-018
        64   1.05585250491758350000E+015   7.95252389576598174233E-018
        65   9.97879043644843250000E+014   8.07294801646026309636E-018
        66   9.04798458601177000000E+014   7.81540970773181300260E-018
        67   7.78132646562718250000E+014   7.69860312230464507642E-018
        68   6.34348217398734000000E+014   7.96759855037051199399E-018
        69   7.00513346623705250000E+014   7.53033442507435793021E-018
        70   7.97304468740422500000E+014   6.96836953035809560975E-018
        71   8.04189887265787125000E+014   7.45765779881614283562E-018
        72   7.68140544472061500000E+014   7.43896657392562726015E-018
        73   6.16021572684894000000E+014   7.96002977283328436256E-018
        74   6.65253078481281375000E+014   7.86647253542759922626E-018
        75   6.84301522310464625000E+014   8.52824629840605509091E-018
        76   6.47061542025847875000E+014   8.11200133955837036637E-018
        77   7.00574968794191625000E+014   7.10165499684174157428E-018
        78   7.94795164515491125000E+014   7.20677713037935715000E-018
        79   8.90358222445182125000E+014   6.89752112769801790338E-018
        80   9.95209782751720000000E+014   7.26938334948487895996E-018
        81   9.65518416362198750000E+014   7.01194671852324071513E-018
        82   1.00418142095188875000E+015   7.60939091873030952584E-018
        83   1.11604033978295725000E+015   8.33193617316307039536E-018
        84   1.48908893999981400000E+015   7.97005832722900463362E-018
        85   1.71335735860028325000E+015   7.06241400465051643359E-018
        86   1.56456065779014925000E+015   5.93112421939970422608E-018
        87   1.66218600147713075000E+015   5.39358046548165758791E-018
        88   1.85375083122670650000E+015   5.50899072995466615370E-018
        89   1.83663203550527600000E+015   5.99320667190062103502E-018
        90   1.85089632059881375000E+015   6.81277633188090321447E-018
        91   1.77913562607038375000E+015   6.94068394076140907496E-018
        92   1.82702628792392050000E+015   7.04893599212052491620E-018
        93   1.90038070862023975000E+015   7.25259345249422036091E-018
        94   1.75036159095129425000E+015   7.67796243283435886325E-018
        95   1.57342438778192250000E+015   7.28630660198863728360E-018
        96   1.72474843924269350000E+015   7.92840574795105706874E-018
        97   1.61487828825850675000E+015   7.91872541923465325546E-018
        98   1.52651457393455200000E+015   7.58122951588997244438E-018
        99   1.33004527158732925000E+015   7.25931674094937906239E-018
       100   1.10551312614930225000E+015   6.82776720701546557385E-018
       101   1.07631110854459000000E+015   6.50464228574427197974E-018
       102   1.07409275341341387500E+015   6.91717742134252186157E-018
       103   1.00236492261987775000E+015   7.44517202116320836599E-018
       104   9.10049604256820250000E+014   7.78575090451799689982E-018
       105   8.07368567067939000000E+014   7.88336911759596091838E-018
       106   7.86799012808228125000E+014   7.70466288901644410148E-018
       107   6.86572913324528125000E+014   8.02320095178149971288E-018
       108   7.12540742213321875000E+014   7.40134175118901376638E-018
       109   7.38906138772436125000E+014   7.57867452654953486782E-018
       110   7.26517841667034500000E+014   7.68151567716499178385E-018
       111   7.26600313124246000000E+014   7.92487398895202968345E-018
       112   6.19874482252789375000E+014   8.24712567797109903446E-018
       113   6.57131642545541750000E+014   7.92408151135705775107E-018
       114   6.91234337191957625000E+014   8.47421081369356596345E-018
       115   6.60815673360622500000E+014   8.33136340456741979831E-018
       116   6.72294748031389750000E+014   6.27363478910126805841E-018
       117   6.84812040479037375000E+014   6.01079924436041374246E-018
       118   7.77685127345146750000E+014   6.66537157866480197410E-018
       119   6.98708958424546625000E+014   7.62826427819601093892E-018
       120   8.69353433677937625000E+014   7.43266321525191777833E-018
       121   9.39795864245803125000E+014   7.41412621374347168720E-018
       122   1.03160417573464387500E+015   8.20635803267948918080E-018
       123   1.03135935111606075000E+015   7.21622452125082324258E-018
       124   1.08722726389645562500E+015   7.62740830001603797112E-018
       125   1.44922957118466425000E+015   7.86054912272947879933E-018
       126   1.50740114362335525000E+015   7.17985515210278123428E-018
       127   1.35304054996619675000E+015   6.59690571163506933729E-018
       128   1.63955475392159950000E+015   5.55078094257718363144E-018
       129   1.90787636833048950000E+015   5.37071412639822175981E-018
       130   2.08165339470139075000E+015   5.95300858946778780911E-018
       131   2.11497998486423525000E+015   6.53669543087805991625E-018
       132   1.96257964185878875000E+015   6.74200295361095522108E-018
       133   2.13510952837758375000E+015   6.66307882277725526658E-018
       134   2.28835506266066500000E+015   6.46421028868550984936E-018
       135   2.23696771451775025000E+015   7.36154898249289124435E-018
       136   2.02877283739977975000E+015   7.33939395842034757065E-018
       137   1.74977632132950125000E+015   6.96605124179086205362E-018
       138   1.84356199228131250000E+015   7.14492043898730320738E-018
       139   1.83480156250690200000E+015   7.20425121393125543207E-018
       140   1.87028187429823075000E+015   7.26095899737403005754E-018
       141   1.86894598332831725000E+015   6.81065685903425449781E-018
       142   1.73676423871936525000E+015   6.91367878386019460746E-018
       143   1.44040226006505800000E+015   6.23577021765209284234E-018
       144   1.28013244249220925000E+015   6.19856398436605812494E-018
       145   1.21140065310413675000E+015   6.58668220843802077824E-018
       146   1.22905104981696875000E+015   7.68763444192851592585E-018
       147   1.01203824530080012500E+015   8.12878712762094159480E-018
       148   8.96643830027219500000E+014   7.76189197754699211783E-018
       149   8.39845613505623375000E+014   7.38297436148340756728E-018
       150   7.64623044561159375000E+014   7.45428317735064665786E-018
       151   7.42409195304015500000E+014   7.58691842735981302586E-018
       152   6.39600381274063000000E+014   7.92446414198251251750E-018
       153   6.59887629244345500000E+014   8.16641946605801506031E-018
       154   7.14407321096211500000E+014   7.60295367854709248488E-018
       155   6.57649343103723750000E+014   7.96746921984718642829E-018
       156   6.44532289576960375000E+014   8.28047820693772580086E-018
       157   6.54388647223409625000E+014   7.56111657315752071627E-018
       158   6.94337612756408125000E+014   7.08126395932313321320E-018
       159   6.76449110679974750000E+014   7.58832044764546791836E-018
       160   6.99918563131803750000E+014   8.26044781970985609660E-018
       161   7.17087719194581250000E+014   7.14946926086940661395E-018
       162   6.47240033710240625000E+014   6.25061039367442593674E-018
       163   6.17405697257496500000E+014   6.98197062988406993072E-018
       164   6.24688412290921375000E+014   7.78827932398782832436E-018
       165   5.98848574091191625000E+014   7.56926386958090918825E-018
       166   7.39290528694541625000E+014   7.66776720971607942049E-018
       167   9.09973964408348250000E+014   8.05239060614362412252E-018
       168   8.84019141573576875000E+014   9.52241986116904773625E-018
       169   8.11383312418732750000E+014   8.02596848689801516497E-018
       170   8.71209182593184875000E+014   6.17567496612829188960E-018
       171   1.04392133794944237500E+015   6.94910126010077766872E-018
       172   1.30347831217244325000E+015   7.82280018017611702801E-018
       173   1.50561576190295975000E+015   8.05772381779589896460E-018
       174   1.30258039764471950000E+015   7.53092381695099411328E-018
       175   1.64735913143831250000E+015   6.43810881514733253531E-018
       176   2.01282420298239400000E+015   5.65947868139846992510E-018
       177   2.30758254171961950000E+015   5.93763345054662773724E-018
       178   2.37236375429128550000E+015   6.44684772356792080021E-018
       179   2.44846133568665000000E+015   6.28734394648651476378E-018
       180   2.21275419132148875000E+015   6.63180378043420954789E-018
       181   2.26680517038114550000E+015   6.69346192811252850565E-018
       182   2.53574727379749350000E+015   6.35439262125522547764E-018
       183   2.69114466071214400000E+015   6.93719958465898137550E-018
       184   2.26827791202497600000E+015   7.91041478558492150441E-018
       185   1.79820016347818625000E+015   7.11710215777347165133E-018
       186   1.76161799742788300000E+015   6.50826080679870293865E-018
       187   1.86582885539155550000E+015   7.32164423058918685177E-018
       188   1.85418156134833550000E+015   7.12695101227398075156E-018
       189   1.99358062785808300000E+015   6.81762852720854041404E-018
       190   1.97013474098985475000E+015   6.99084290887090417310E-018
       191   2.27781399480371200000E+015   6.85680272078893615168E-018
       192   2.01062512541275600000E+015   6.38955648033299960837E-018
       193   1.56648314797034850000E+015   6.21993966439445292973E-018
       194   1.40282698203853600000E+015   6.33723744067505208273E-018
       195   1.26230234547672025000E+015   7.00831020675978655150E-018
       196   1.25289197932414350000E+015   8.10160923038263686811E-018
       197   1.12839655895364750000E+015   8.32326770501311858385E-018
       198   9.18917733344332125000E+014   7.56939379067793489968E-018
       199   8.38664362636114000000E+014   7.52901454679053156031E-018
       200   8.31717585252575625000E+014   7.59097559162728298038E-018
       201   6.79880887071851625000E+014   7.57999997352233179845E-018
       202   5.93219551135236875000E+014   7.63228993752419085443E-018
       203   5.93958518811875750000E+014   8.44312060386681108171E-018
       204   6.24848914848589750000E+014   8.02106564683254488949E-018
       205   5.99465191248153125000E+014   7.86964436793995509363E-018
       206   6.60670749028793000000E+014   7.99590446595983772554E-018
       207   6.84271454170608250000E+014   7.62397434574964971710E-018
       208   6.89030929224707625000E+014   7.53940857205854850468E-018
       209   6.44706200345421000000E+014   8.35803580801980323322E-018
       210   7.11020966000122500000E+014   7.82514658612114342412E-018
       211   6.54615381212957375000E+014   7.71843743255047579793E-018
       212   7.07621847643042500000E+014   7.89341704172736544305E-018
       213   7.64736503293616250000E+014   7.19111830122485174219E-018
       214   7.46515991282892500000E+014   6.32728161341985331064E-018
       215   6.20697588926822000000E+014   7.06278869104389899149E-018
       216   5.45475491595036562500E+014   8.54664587812431152277E-018
       217   6.29585669473869500000E+014   8.49833758218013625454E-018
       218   6.37038980457667000000E+014   7.53699612545449693084E-018
       219   8.37616351361480125000E+014   7.30042130797826833047E-018
       220   9.94562522469690125000E+014   8.64409583842073051247E-018
       221   9.87586608542550875000E+014   9.16642577670723584036E-018
       222   8.28592057306352250000E+014   8.94041431972481790087E-018
       223   8.88516617701173375000E+014   6.73201494858531842630E-018
       224   9.56652151200525000000E+014   7.25649078749146130594E-018
       225   1.16804291260854375000E+015   8.42693904243257429257E-018
       226   1.48188098918843550000E+015   8.23499165683503894553E-018
       227   1.83830624562017150000E+015   7.90550285639904270954E-018
       228   2.07139392242598200000E+015   7.71291027962478074594E-018
       229   2.16973947548034450000E+015   7.14150471187586439242E-018
       230   2.39782657758298250000E+015   6.86895351346164304420E-018
       231   2.48021899734504350000E+015   6.63097852217703487133E-018
       232   2.51290304390859000000E+015   6.71612405469096684281E-018
       233   2.57768551218628550000E+015   6.38240114183088634432E-018
       234   2.40185095500838150000E+015   6.54850360576775854022E-018
       235   2.42122990028773000000E+015   6.51160671814880288977E-018
       236   2.48073404557681300000E+015   6.71532947527709561901E-018
       237   2.78120367331253350000E+015   7.34923181285732638248E-018
       238   2.62857583407091750000E+015   8.37103954036903195381E-018
       239   2.01107657666092150000E+015   8.21998945605381997453E-018
       240   1.64396462614742375000E+015   7.42809320044240862800E-018
       241   1.75429616732198450000E+015   7.14215634508746369127E-018
       242   2.01724325966797900000E+015   7.16621427062445793158E-018
       243   2.28528116333002550000E+015   6.49308330604223470105E-018
       244   2.24199535026945025000E+015   6.12665239874080886512E-018
       245   2.20487903377954750000E+015   6.67062230366552568411E-018
       246   2.16666705509112050000E+015   7.12511285396417617332E-018
       247   2.11908215012782925000E+015   7.15604226788120497023E-018
       248   2.12336253009456325000E+015   6.61536610648538374333E-018
       249   1.62958930760581000000E+015   5.82737926116246964576E-018
       250   1.43531887765549475000E+015   5.81539489198425914440E-018
       251   1.27522677032681725000E+015   7.05592781000805537192E-018
       252   1.27931930888384500000E+015   8.02329589342916103437E-018
       253   1.15193386549895250000E+015   7.59097466984310260696E-018
       254   1.01691098465689025000E+015   7.61472163991943245002E-018
       255   9.15535969529014625000E+014   6.74132816462621433664E-018
       256   9.46472277406234875000E+014   7.49852952070896776121E-018
       257   8.02771534695758500000E+014   7.10875338055380081808E-018
       258   6.00484881627713375000E+014   7.33834767824224754946E-018
       259   5.87136874227979000000E+014   7.73761827807092842569E-018
       260   5.76883190390964000000E+014   8.17123005919424655617E-018
       261   5.88480164368055625000E+014   7.66646542509684265774E-018
       262   5.86077312075867000000E+014   7.59571454345466662910E-018
       263   6.22438147095362000000E+014   7.25304904167693352278E-018
       264   7.07715346054229250000E+014   6.76019768350535005264E-018
       265   6.93266196817069000000E+014   8.53689623799092113273E-018
       266   6.65212252303823750000E+014   9.06542195830229587239E-018
       267   6.64665192350630875000E+014   7.70108479670248759130E-018
       268   6.48856616668631125000E+014   7.41372474189361674161E-018
       269   7.01054648073445875000E+014   6.99700855731392515587E-018
       270   7.19764529986598500000E+014   6.49167409125125744892E-018
       271   7.18455925282218125000E+014   6.69914888376308743196E-018
       272   5.89037321437114375000E+014   7.52797245176997858507E-018
       273   6.27277665563780875000E+014   8.20858332193775944702E-018
       274   7.36110041887419125000E+014   7.46143741091630187453E-018
       275   7.54702116775381250000E+014   6.40908191952309478603E-018
       276   1.00294603022103137500E+015   6.39199273365480169252E-018
       277   1.13948509233094850000E+015   6.60333654438760619406E-018
       278   1.14009707674965450000E+015   6.93293808387178797277E-018
       279   1.19258837060897200000E+015   7.00509668481210261966E-018
       280   1.17726049589785650000E+015   6.35794840250943632267E-018
       281   1.12080973524594912500E+015   6.88959980233086119827E-018
       282   1.04694516204692175000E+015   8.42339309958324895228E-018
       283   1.28399324627397650000E+015   9.19763737458914938928E-018
       284   1.57644040895835500000E+015   9.57345160475266446743E-018
       285   1.98696898910519350000E+015   8.39018570582371753831E-018
       286   2.18516847729581125000E+015   7.45942460359720473229E-018
       287   2.33164586811890900000E+015   8.05791946528822178554E-018
       288   2.75371960482741050000E+015   6.92770153417256055842E-018
       289   2.73761662819449700000E+015   6.58587684236050725176E-018
       290   2.58543868207107450000E+015   6.92423129432156087973E-018
       291   2.65006846834539350000E+015   6.57623816310209013450E-018
       292   2.41183696540898450000E+015   6.67283942083424404949E-018
       293   2.43456959095142900000E+015   6.59890735450872212605E-018
       294   2.15055093488108500000E+015   7.46790849659222242579E-018
       295   2.43329445375120650000E+015   7.16605896291248332145E-018
       296   2.82070156816743550000E+015   7.22595045548267033503E-018
       297   2.56132253016527500000E+015   8.13643548594782473132E-018
       298   1.99935532156590125000E+015   8.43692205850574905310E-018
       299   1.79301051110178800000E+015   7.31404354674240689089E-018
       300   1.90938187557175025000E+015   7.08399494233835190793E-018
       301   2.29480266338783000000E+015   6.98582713247724455153E-018
       302   2.62524626057551950000E+015   6.10244736720865942183E-018
       303   2.77192736575723250000E+015   5.23704735298642171428E-018
       304   2.26119782499870950000E+015   5.58857496084112063433E-018
       305   1.98634342901344150000E+015   6.56407061171735679702E-018
       306   1.72278961010260000000E+015   7.31660823671363586891E-018
       307   1.72699779912416550000E+015   8.06123156830005397147E-018
       308   1.73872965353360100000E+015   7.65518881191636703638E-018
       309   1.40793503946139025000E+015   6.53178814476249640434E-018
       310   1.20136857805147025000E+015   5.51720090039936089615E-018
       311   1.16890164863428650000E+015   6.17683633117548867102E-018
       312   1.13079684863812125000E+015   6.78312841840720492834E-018
       313   9.56047071951933375000E+014   6.33040654664758685857E-018
       314   9.02658080849918875000E+014   7.19069159515373523096E-018
       315   1.02917110142573450000E+015   7.65570314448484070910E-018
       316   9.89026748952664125000E+014   6.62115827488497685232E-018
       317   9.59756284976177875000E+014   6.78367642885433389503E-018
       318   8.05631530040078250000E+014   7.01518495072365780922E-018
       319   5.38996216364056125000E+014   7.16033756269027822251E-018
       320   5.58954778032003187500E+014   7.34753618012627864453E-018
       321   5.32906133709118687500E+014   8.09168975504919652602E-018
       322   5.25405484629514062500E+014   7.68766186627913985790E-018
       323   5.67523991694522500000E+014   7.33435941709926746761E-018
       324   6.81705075132067375000E+014   6.42416864043673003736E-018
       325   7.25059897470698625000E+014   6.63836439609436662774E-018
       326   7.43062427668113250000E+014   7.76461298155646678794E-018
       327   7.25434207484688250000E+014   8.75290902635395936807E-018
       328   6.32774827145267875000E+014   9.41092078958078008101E-018
       329   6.40560611191462625000E+014   9.06253531965984864083E-018
       330   5.88725297460616375000E+014   7.28163323075160225505E-018
       331   6.34120480984574125000E+014   6.80504498444543864116E-018
       332   6.72984499427260750000E+014   6.60688717194401025556E-018
       333   6.86634723633852375000E+014   6.57583267828184545666E-018
       334   6.71633091168905125000E+014   7.16132698106990485820E-018
       335   6.05374976162145875000E+014   7.58194185563874938556E-018
       336   6.56006498948522500000E+014   7.54824666147355112154E-018
       337   7.76319871738993500000E+014   7.27368912935205179139E-018
       338   8.67813947248516750000E+014   6.99724873493714677992E-018
       339   9.92305412785910625000E+014   6.11143307276320847501E-018
       340   1.06796236338084425000E+015   6.17358422190204221776E-018
       341   1.18126010751014450000E+015   6.09566806563646063092E-018
       342   1.23436967364617950000E+015   6.04443060726546377147E-018
       343   1.24431307276725075000E+015   5.59191946312237661636E-018
       344   1.46983848951420300000E+015   4.76721749957490977686E-018
       345   1.56907192553044750000E+015   5.92882775048686230456E-018
       346   1.57728410294381800000E+015   6.82536770714321218329E-018
       347   1.74376759574659600000E+015   7.38622098408539894528E-018
       348   1.76503803613307475000E+015   8.53554332602723532583E-018
       349   2.21166101447678750000E+015   7.27421713086887523689E-018
       350   2.34569979171043650000E+015   6.67269550219004178683E-018
       351   2.38987530514207700000E+015   6.91899528977898708529E-018
       352   2.74639351194342150000E+015   5.63117175116794945134E-018
       353   2.89291583565150200000E+015   5.84316849363840283946E-018
       354   3.13320377517376800000E+015   7.03575479436480015458E-018
       355   2.85439795494224700000E+015   6.71530540172650682006E-018
       356   2.38787689155340850000E+015   6.85757117691288703085E-018
       357   2.45699322843736400000E+015   7.05678561306001739501E-018
       358   2.54236071065313100000E+015   6.93105517961755879927E-018
       359   2.11019573262092275000E+015   7.60057567582094400656E-018
       360   2.34439337862876350000E+015   6.87406456742496604554E-018
       361   2.54994271557468050000E+015   6.69326939703990141183E-018
       362   2.61270493249345900000E+015   7.81127009058864810800E-018
       363   2.27625739704564900000E+015   8.44774636199809665174E-018
       364   2.06647588704937825000E+015   7.11674755700569052118E-018
       365   2.45305747826337050000E+015   6.66827971327337458920E-018
       366   2.87913493435570200000E+015   6.39338204002335388915E-018
       367   2.95517172843152300000E+015   5.14431676170137906740E-018
       368   2.95225173876410950000E+015   4.82004989373441100465E-018
       369   2.29660368789138250000E+015   6.02356728510491142523E-018
       370   2.18438660020819125000E+015   5.53670676436880417120E-018
       371   1.79019118382941600000E+015   5.70503683774793075928E-018
       372   1.92774850325395775000E+015   6.77538848678638609596E-018
       373   2.17078828337490900000E+015   7.49039795284362923190E-018
       374   1.87973895448928250000E+015   6.21131367445126186147E-018
       375   1.41316582973796675000E+015   5.70885020550325961023E-018
       376   1.16709515870584300000E+015   5.47463886079845627367E-018
       377   1.16049236121123125000E+015   5.63706305253283477340E-018
       378   1.14988486347254300000E+015   5.96635706035616567639E-018
       379   9.85988001082405500000E+014   5.71484589807656920392E-018
       380   8.18196733078831500000E+014   6.77117838917647468602E-018
       381   7.62418975629775125000E+014   7.84060160731132172800E-018
       382   8.95650095456514500000E+014   7.13947070724512681796E-018
       383   9.27787521647557250000E+014   5.90251432732447445514E-018
       384   8.26273777732259500000E+014   6.08719118433911429770E-018
       385   6.48831155635958000000E+014   6.16368418655817221063E-018
       386   6.02753824376896500000E+014   6.42635548206628819400E-018
       387   5.83701391361751750000E+014   6.93961159691533954022E-018
       388   5.32001138447796937500E+014   7.76151445894878447801E-018
       389   5.05203104691097437500E+014   8.15247667228684755503E-018
       390   5.34664731100306312500E+014   7.06335838386742886535E-018
       391   6.75594196169258375000E+014   6.14386555255285963400E-018
       392   8.02679140882635250000E+014   6.83060693705296206129E-018
       393   7.72355325142051125000E+014   6.96702161782918852330E-018
       394   6.98955604723448500000E+014   8.31279424906706672073E-018
       395   5.53027322586904312500E+014   9.21784020605401918305E-018
       396   6.18911704395768125000E+014   8.68787250683693281048E-018
       397   5.73639063813047625000E+014   7.55563784854754699532E-018
       398   6.36466213897178375000E+014   7.00029265537328992219E-018
       399   6.42404987990470625000E+014   6.54757920502465726723E-018
       400   5.99843352852117375000E+014   6.21071740012470310522E-018
       401   6.46919301268310500000E+014   7.04573004475382653649E-018
       402   6.65172161771202250000E+014   6.83432577374208555967E-018
       403   7.24587151734947125000E+014   6.84779284365047434519E-018
       404   7.91225504005276500000E+014   6.54130554978737101039E-018
       405   8.72862467015094000000E+014   7.66197137802081616228E-018
       406   8.59312426711758000000E+014   7.18168982925149266567E-018
       407   8.96915421893271000000E+014   7.22894361914350953841E-018
       408   1.05354408520772675000E+015   7.73518631675317833801E-018
       409   1.21360107731379800000E+015   7.10558978846476390432E-018
       410   1.23875712744977000000E+015   6.42876478677092521791E-018
       411   1.33700673549537200000E+015   7.26763667954631016008E-018
       412   1.50283301712706875000E+015   5.93012894200659033295E-018
       413   1.77055245093643600000E+015   4.17044987856933356054E-018
       414   1.93907515926416100000E+015   5.25963600215149974193E-018
       415   2.25132347702264650000E+015   5.53780251102104574926E-018
       416   2.08086190872406350000E+015   7.20307008330493709018E-018
       417   2.20263040211796175000E+015   7.70149496305030171924E-018
       418   2.42434972809918650000E+015   7.40731873183137967819E-018
       419   2.45202625174663050000E+015   7.36244994504412720458E-018
       420   2.57459114066186900000E+015   6.28382646409887914658E-018
       421   2.81000180693628450000E+015   5.93856168098335434951E-018
       422   3.08441698160448450000E+015   7.21568585280835571346E-018
       423   3.11752839064919600000E+015   7.41128084989663166880E-018
       424   2.84923525406041650000E+015   6.96765578402969370065E-018
       425   2.49208241079749700000E+015   7.21462813804080104509E-018
       426   2.61384169418589150000E+015   7.12435174582930979463E-018
       427   2.68766922224924350000E+015   6.83287361468948630914E-018
       428   2.15373637707892800000E+015   6.91528706214646354874E-018
       429   2.03676737079401150000E+015   6.42140207914273393691E-018
       430   2.91176077370780650000E+015   6.43335164807898851352E-018
       431   3.22661618936750900000E+015   7.05269125500144080193E-018
       432   2.73181034328694650000E+015   7.74516482486862307674E-018
       433   2.26498271842222200000E+015   7.27298285714492786926E-018
       434   2.53092048354107500000E+015   5.78877465371935392140E-018
       435   3.48316345104746850000E+015   6.14243513932520149853E-018
       436   3.13845197467112600000E+015   5.02038863441893858149E-018
       437   2.78092711374111950000E+015   4.90456018145137296177E-018
       438   2.75697491474911150000E+015   4.79978413454036584167E-018
       439   2.31938618900097350000E+015   6.27119052364279169729E-018
       440   2.15207805093580625000E+015   5.59708889184152001759E-018
       441   2.09327170265389600000E+015   5.12951829872646466717E-018
       442   2.40932019780135450000E+015   5.73248345693819524429E-018
       443   2.55337894697464200000E+015   6.07594228568289347917E-018
       444   2.31384666634976650000E+015   5.05714180240620072087E-018
       445   1.85900494578332225000E+015   5.41027233377662877803E-018
       446   1.29329103612778275000E+015   5.19819978643208522335E-018
       447   1.20155585606007950000E+015   5.14639933328760600096E-018
       448   1.34565779897838650000E+015   5.19686298856383416975E-018
       449   1.40507780993484675000E+015   5.33662909425358270168E-018
       450   1.13935409454024025000E+015   5.81661242841234386311E-018
       451   7.37657422517426500000E+014   7.25146012061877352320E-018
       452   8.30334043518789625000E+014   8.63350557730000164913E-018
       453   8.18753291572763625000E+014   7.35606126087860733800E-018
       454   7.50854047898183125000E+014   5.22112917690107152654E-018
       455   8.35177456733117500000E+014   5.27405663252483488849E-018
       456   6.88826022611484625000E+014   6.29679121132113630956E-018
       457   5.83988069361112250000E+014   6.06489634512579979117E-018
       458   6.19023825535621500000E+014   6.44780326222803200749E-018
       459   5.44039110926118937500E+014   7.24166315762924171135E-018
       460   4.68584015063660125000E+014   8.13860534220476517394E-018
       461   5.16233660655618000000E+014   7.79206172163378685388E-018
       462   6.55071870631704750000E+014   6.77466124147622300568E-018
       463   7.34858267092878250000E+014   6.13883714354104756939E-018
       464   6.68115354893200500000E+014   7.20419698818490404759E-018
       465   4.82731296150130187500E+014   7.82375632889885414106E-018
       466   6.28164588430385500000E+014   7.84626854139985668808E-018
       467   6.66244892589303000000E+014   7.21312201430042177661E-018
       468   6.49164959730211750000E+014   7.52228202416770596437E-018
       469   7.09470077109183000000E+014   6.62670583969060781131E-018
       470   6.99008763598418125000E+014   6.04221337592932929897E-018
       471   6.02319515380121375000E+014   6.45733019617066382389E-018
       472   7.38151046977488000000E+014   6.54160038554424489321E-018
       473   7.52479784011745750000E+014   6.75993147628083361013E-018
       474   8.19811616052830500000E+014   5.12961309665497272541E-018
       475   9.71559199162427750000E+014   6.04335862726231067065E-018
       476   1.06180675961059800000E+015   7.01529049323838271615E-018
       477   1.13297938892439550000E+015   6.24700733770593127365E-018
       478   1.00149865842436400000E+015   6.48473328775900614619E-018
       479   1.02341857797339975000E+015   7.71585755709305367314E-018
       480   1.42840935961716975000E+015   6.13936554272723705007E-018
       481   1.37317196688405675000E+015   4.80537052277982582927E-018
       482   1.39278625791581675000E+015   7.27958541672757890587E-018
       483   1.23715293575321975000E+015   8.60844223282780863976E-018
       484   1.45852136450593675000E+015   7.03009744926896197368E-018
       485   1.35631544261039750000E+015   7.28374347772052996685E-018
       486   1.94763882412530225000E+015   6.12540511265113804281E-018
       487   2.26010159835645700000E+015   5.79324512554715808354E-018
       488   2.22972068932831475000E+015   7.15040307579295784554E-018
       489   2.21673449434439525000E+015   7.37199494051369383943E-018
       490   2.65140160509895200000E+015   6.07363078710181143683E-018
       491   1.81075840052811225000E+015   8.24941801780436016141E-018
       492   3.33566688454033400000E+015   5.39839029877291113054E-018
       493   3.18216096656760100000E+015   5.23263641061693885869E-018
       494   3.08699065717124600000E+015   7.41218081024407424492E-018
       495   3.12588546962020750000E+015   7.44489137596315191282E-018
       496   2.80639884536457250000E+015   6.95632110631276068681E-018
       497   3.11961004346577700000E+015   7.23733673662220188033E-018
       498   2.56436256417947650000E+015   7.63257021083686016293E-018
       499   2.95833501256829200000E+015   6.65552675650729837531E-018
       500   2.65764036994451650000E+015   6.33110321845813598505E-018
       501   2.12266367135246900000E+015   6.02784410973303992659E-018
       502   3.31805423623047200000E+015   5.80971901443378716716E-018
       503   3.68062954933460500000E+015   7.29214771417879627158E-018
       504   3.27531501824816200000E+015   6.43901609009564381391E-018
       505   2.93849213945281550000E+015   8.04577456401743535871E-018
       506   2.64779766061118700000E+015   6.42082108263285733097E-018
       507   2.75910076838049100000E+015   5.83253235424004960709E-018
       508   3.74477452582502400000E+015   6.64846158155645943211E-018
       509   3.70213694051337350000E+015   5.58087349880029811298E-018
       510   2.97382420107996250000E+015   5.02492449479476266665E-018
       511   3.06368980596092550000E+015   4.72434293359448649468E-018
       512   2.43931933005579400000E+015   5.32052123494489733687E-018
       513   1.73483718596788875000E+015   4.84774417318435156392E-018
       514   2.06725899029587625000E+015   4.66720651105730230377E-018
       515   2.15124760743461025000E+015   4.75489898469395269158E-018
       516   2.45152027698957900000E+015   6.09635832861159324963E-018
       517   2.34233795659034500000E+015   4.86760225994767956056E-018
       518   2.17920451074805625000E+015   5.02853137179274708015E-018
       519   1.73429282993824925000E+015   4.79114811202917736128E-018
       520   1.44809481754653825000E+015   4.79782931620691097333E-018
       521   1.33119205513620700000E+015   5.32094894685123211290E-018
       522   1.36970669051243975000E+015   5.07718574465156991773E-018
       523   1.48446667835592100000E+015   5.27321164406804198206E-018
       524   1.27059330593232675000E+015   6.02557963945248092187E-018
       525   9.12260931617146250000E+014   6.76859763556159195590E-018
       526   7.52485361430942500000E+014   8.21885819010901698428E-018
       527   7.57933195933795000000E+014   8.44836460585953600592E-018
       528   7.01682380072949500000E+014   7.36840781918823716069E-018
       529   7.62020322404954375000E+014   6.66507954976681252581E-018
       530   7.58835885339654250000E+014   6.73642395839898920308E-018
       531   6.35054594576520625000E+014   6.03618100240287140168E-018
       532   5.91772136694248875000E+014   6.42711487913869145555E-018
       533   6.09155316952906500000E+014   6.16455908513816632084E-018
       534   5.39944161149072125000E+014   7.68099851821122777910E-018
       535   5.12859738175043125000E+014   8.26674159786232742310E-018
       536   6.68522443021785000000E+014   7.84265430065161574762E-018
       537   7.39246031819876250000E+014   6.71192645994244042673E-018
       538   7.71922295241649125000E+014   6.07623878233013841707E-018
       539   7.51633343012416875000E+014   6.44697834282796506889E-018
       540   7.27669468545588625000E+014   6.51154140578776047937E-018
       541   6.70162457933894125000E+014   6.67186494841403736469E-018
       542   5.72151642063419875000E+014   6.65880687036472638304E-018
       543   6.88577938368451500000E+014   7.45811906032430164063E-018
       544   6.86437170863471625000E+014   7.12509972061858944918E-018
       545   6.10816663998443750000E+014   7.20104393433039008065E-018
       546   7.61107895604530000000E+014   6.70928733988911613244E-018
       547   7.50974751177199250000E+014   5.87202815807258089278E-018
       548   6.86439434897124500000E+014   6.11562739602871017180E-018
       549   8.33096912244343250000E+014   5.78584733232444565137E-018
       550   1.00020484817334962500E+015   6.22445329382060350717E-018
       551   9.23131447544937750000E+014   4.69052791917784221505E-018
       552   1.15557295783068225000E+015   6.29852724767350380352E-018
       553   1.23335880990431550000E+015   6.84040188134250009856E-018
       554   1.32887245801028225000E+015   6.88203290342617746044E-018
       555   1.08484496566021700000E+015   5.14034009841081241494E-018
       556   1.07022698996840837500E+015   5.17698106763708607137E-018
       557   1.33004856497916175000E+015   6.00694312469875751736E-018
       558   1.41583999735436250000E+015   3.62735722161489502789E-018
       559   1.51640090658361850000E+015   4.42303965850068586131E-018
       560   1.42131955959692350000E+015   6.04339120263898505604E-018
       561   1.34177672165524600000E+015   6.96030476426242359294E-018
       562   1.94870184642769350000E+015   6.49193849366904821351E-018
       563   1.97728655588677400000E+015   7.94243864436050169593E-018
       564   1.86552073605449775000E+015   6.01694822051047179403E-018
       565   2.39814637761505750000E+015   5.64275397682149999910E-018
       566   2.70138753952486000000E+015   5.99114494854632022178E-018
       567   2.38849942307863900000E+015   7.52405924206667869964E-018
       568   2.80705886709767350000E+015   5.76782040513642186113E-018
       569   2.43591256650241700000E+015   5.83279953670364231245E-018
       570   3.55942924011844400000E+015   5.41111735966007915313E-018
       571   4.54063350815801500000E+015   4.62430988132915171480E-018
       572   3.57638664484311500000E+015   6.16091144610043371709E-018
       573   3.18109269314389750000E+015   6.86196462529439138867E-018
       574   2.83735480804649600000E+015   7.26038983488585561962E-018
       575   3.10571720928467700000E+015   7.82203302648671799538E-018
       576   2.86290816126348050000E+015   7.42972333380405244325E-018
       577   2.38845815445971250000E+015   8.14278128276310498981E-018
       578   3.16914615275089650000E+015   6.42021296556568505910E-018
       579   3.20340733934423400000E+015   6.17936306500927992706E-018
       580   3.12622681656814700000E+015   6.74772418981582017119E-018
       581   4.10131598559538800000E+015   6.18233932439113521124E-018
       582   3.31239048355720200000E+015   8.05366019557825983158E-018
       583   3.06160070813125650000E+015   6.24960575313675760867E-018
       584   2.93621265796200500000E+015   6.78053000616598590030E-018
       585   2.97735589541534050000E+015   5.35072091582562027344E-018
       586   2.86211291272694400000E+015   5.73855195248905775642E-018
       587   3.16046638973395700000E+015   7.28305083450375694866E-018
       588   3.92825291104952600000E+015   5.98201818939718939274E-018
       589   3.81648237631762450000E+015   4.94536022897073977670E-018
       590   3.96957473183722850000E+015   4.80351486023316726524E-018
       591   2.99187738530211650000E+015   5.36025722090595967659E-018
       592   2.16109576922698200000E+015   5.14131687843357235227E-018
       593   2.40959773038254350000E+015   4.13706947101738552903E-018
       594   2.58777902747605050000E+015   3.92748867615948751774E-018
       595   2.41761351192989000000E+015   5.64566751463446950546E-018
       596   2.47550892272902650000E+015   5.36163305255481956680E-018
       597   2.06780793481398925000E+015   4.88634214769309116743E-018
       598   1.83998157167357175000E+015   6.21153006587385418427E-018
       599   1.54315635541615550000E+015   5.65725519126693884845E-018
       600   1.27279505801001225000E+015   4.99053678566110733067E-018
       601   1.26605715250644875000E+015   6.17234784234202308797E-018
       602   1.17050061560480325000E+015   5.48959281704880944079E-018
       603   1.26289881567011950000E+015   5.61849669747299196802E-018
       604   1.43823635278889750000E+015   5.54560426384161212048E-018
       605   1.11721612737154812500E+015   5.66298192748781868768E-018
       606   8.78135689325833750000E+014   7.71872002139592752762E-018
       607   7.42719345979754750000E+014   9.43098823087489789471E-018
       608   5.64994162698862625000E+014   8.58363440537351556158E-018
       609   5.99312074605045375000E+014   8.23144803066521628575E-018
       610   6.79856059440871000000E+014   7.95583887565794443280E-018
       611   6.19162769260150750000E+014   6.92397858157512860664E-018
       612   6.76254332858752625000E+014   6.44244627207658659997E-018
       613   5.88623933346593625000E+014   6.31152943999530384270E-018
       614   5.66691357554975500000E+014   6.26810096181402701055E-018
       615   6.08671116257603625000E+014   7.08065572560501348936E-018
       616   5.91378111815828125000E+014   8.52281931678403137181E-018
       617   7.01870958600478375000E+014   8.38937161756507340916E-018
       618   7.29983910728756375000E+014   8.17631870004791603145E-018
       619   6.24442226266194875000E+014   7.32165113144940810479E-018
       620   5.83631449869200875000E+014   7.44423465542411358658E-018
       621   7.91222109866394250000E+014   6.56801964173763919083E-018
       622   6.36449543074927625000E+014   6.20252125414670200021E-018
       623   6.09877577087974875000E+014   6.84678700781128280042E-018
       624   7.09703534730722250000E+014   7.91703509285915772582E-018
       625   6.49810404911123000000E+014   7.20765666210978611195E-018
       626   5.98822275173114500000E+014   6.97067392991951366445E-018
       627   7.07844495204600875000E+014   6.48569700821787837188E-018
       628   7.41274043885672500000E+014   5.83536083452079307197E-018
       629   7.00872547510205875000E+014   5.56097058762987531948E-018
       630   9.79174368640721625000E+014   5.65812299739345979732E-018
       631   1.08593246926646900000E+015   6.55855332866298386760E-018
       632   1.03222123350293300000E+015   5.40007197349651542449E-018
       633   1.17343560343762225000E+015   7.09723630257023065209E-018
       634   1.18083058599173925000E+015   7.23089773116404434099E-018
       635   1.28139496872323800000E+015   6.99605069185238923013E-018
       636   1.14800106951145350000E+015   4.75248016791262867778E-018
       637   1.09769630884173337500E+015   4.44024094139442218833E-018
       638   1.24808969785511325000E+015   6.76827536737982467181E-018
       639   1.21866297429623100000E+015   5.63786226174431791253E-018
       640   1.24349295697643750000E+015   5.32701772504989231164E-018
       641   1.88954724616471725000E+015   4.74872923801304051000E-018
       642   1.83545773348638025000E+015   4.37812970158601653556E-018
       643   2.09589566659287375000E+015   4.63478561666857542371E-018
       644   2.38316952143248750000E+015   6.47374538470457116306E-018
       645   2.61556066086288850000E+015   6.44511663538895555850E-018
       646   2.18209268253750125000E+015   5.67655556764814336575E-018
       647   2.61770647379026300000E+015   5.11248743292136562011E-018
       648   3.24373406400119050000E+015   5.28021863940955303272E-018
       649   3.03876520480231600000E+015   6.61358607001198841048E-018
       650   3.27915164012704900000E+015   6.06898648877608190649E-018
       651   3.05243332662973100000E+015   6.06018847570567849245E-018
       652   3.22687657895957500000E+015   6.41381288364586716502E-018
       653   5.34443723766801800000E+015   4.89304535800140804563E-018
       654   5.58625593398364200000E+015   5.21735816742366557196E-018
       655   4.08502617173420150000E+015   5.03347175005099607127E-018
       656   3.15067109700855150000E+015   6.22871009421188409091E-018
       657   3.08899381426793700000E+015   6.89390814114985015319E-018
       658   3.67436202486882050000E+015   8.78528430470200731912E-018
       659   2.65154728711296750000E+015   8.90866575659709158718E-018
       660   3.06968517503444600000E+015   8.09556735879868040239E-018
       661   3.60090936566660050000E+015   7.13642353571085351919E-018
       662   3.53198926772241400000E+015   7.32784028182501512894E-018
       663   3.52785487742550350000E+015   7.35645899461894027199E-018
       664   3.63825819696526000000E+015   6.78364057501274585223E-018
       665   3.20811964503465750000E+015   8.09454636914612345559E-018
       666   3.40158736499184250000E+015   6.75042661269151597941E-018
       667   3.27016181661627250000E+015   5.70404795862304326616E-018
       668   3.49118524138268650000E+015   5.01127660526604097668E-018
       669   3.25744653073106700000E+015   6.53674881799821356273E-018
       670   2.85468960555520600000E+015   7.28661945045854283074E-018
       671   4.00453914013843100000E+015   5.92365045834334152262E-018
       672   4.44026701791547000000E+015   4.56820201939620443545E-018
       673   3.81912366454350250000E+015   5.15179346600059331929E-018
       674   2.89913233842242350000E+015   5.26333750149778236850E-018
       675   2.42646240160036250000E+015   5.46318409811339608206E-018
       676   3.08282112732474350000E+015   4.41246940243469520316E-018
       677   2.81725323690845300000E+015   3.66385270721674641687E-018
       678   2.29104995453723000000E+015   4.94778606038025018385E-018
       679   2.26969454337080950000E+015   7.20750607891976322287E-018
       680   2.11946858945408100000E+015   6.06824478887912210165E-018
       681   1.63176306904761625000E+015   6.31261267095230484901E-018
       682   1.58177619584842900000E+015   7.63518356106484481798E-018
       683   1.68322919017530500000E+015   7.15788575418661105697E-018
       684   1.40707801078572275000E+015   6.52278736449126366620E-018
       685   1.51186395986956250000E+015   6.24506254856700722313E-018
       686   1.04792825686556637500E+015   6.14139529028032936884E-018
       687   1.07309238938228562500E+015   5.56019500537907304897E-018
       688   1.20274494260110000000E+015   5.21601732368572017120E-018
       689   1.19942091958398900000E+015   5.67679902814352819851E-018
       690   9.73008395679477500000E+014   7.61010725229075729117E-018
       691   8.05615669928732750000E+014   9.85094842686003462980E-018
       692   6.83171669354945875000E+014   8.40324295059899009741E-018
       693   5.84020721538657875000E+014   8.45317595753655114861E-018
       694   5.62763790479567375000E+014   8.24576670026861552573E-018
       695   6.34091474401362625000E+014   6.92924108915440104460E-018
       696   6.36604603347035500000E+014   6.76323832398944422719E-018
       697   5.99362359548648250000E+014   6.30104097098536757049E-018
       698   5.45898830286668000000E+014   6.89722451818750109058E-018
       699   5.98385596827989125000E+014   6.50523650587840788408E-018
       700   6.33338349777910125000E+014   7.11981090108227560439E-018
       701   5.99901213347305750000E+014   8.37493135522476232891E-018
       702   6.73073959428977625000E+014   8.42143954674781760300E-018
       703   6.71214967310413750000E+014   8.65180652872411379984E-018
       704   5.99489371711681250000E+014   8.70404029372029228670E-018
       705   7.15103958630965250000E+014   7.11978069989335432035E-018
       706   7.47664969273288750000E+014   6.56290933116736577124E-018
       707   5.88437673169887750000E+014   6.43130079035139070046E-018
       708   5.63437073077950000000E+014   7.97158182688132462628E-018
       709   5.37240377564702062500E+014   8.65519472622463581224E-018
       710   4.98101171272030437500E+014   7.63733739401085163326E-018
       711   5.54669446694727375000E+014   6.71933779595790139264E-018
       712   6.65138532403334125000E+014   6.54988526789968841089E-018
       713   6.89957578342137875000E+014   5.38608548512772585256E-018
       714   7.12968003937677375000E+014   5.47008237395656949475E-018
       715   8.59722091510143000000E+014   5.72279174142306731422E-018
       716   1.05287631232445912500E+015   7.35981154450501132060E-018
       717   1.23507037285738300000E+015   6.23711829284941412234E-018
       718   1.25090781709977775000E+015   7.43180622011751869361E-018
       719   1.14530580319636650000E+015   7.14388904331950173803E-018
       720   1.27976325326747800000E+015   6.85340361403113180740E-018
       721   1.03303589546128187500E+015   4.37574505517186179517E-018
       722   1.23665994942434800000E+015   4.47560493868268631732E-018
       723   1.47709463122740175000E+015   5.53701607891614944744E-018
       724   1.40419400710459175000E+015   5.60143104727309100951E-018
       725   1.57475674309608625000E+015   5.67118876372108375367E-018
       726   1.66050026593031650000E+015   5.85604486296268644765E-018
       727   1.81679637136655975000E+015   5.14938832863575475711E-018
       728   2.00461083251505750000E+015   4.82304386980752842094E-018
       729   2.67506642046342750000E+015   6.18611972874440382308E-018
       730   2.69466026482236200000E+015   6.83729651005800580171E-018
       731   2.65842805408531300000E+015   5.91659409277932198159E-018
       732   2.80510720519925450000E+015   5.70651739851062129556E-018
       733   2.62040659999488100000E+015   6.03306333892825875898E-018
       734   2.94084463199975150000E+015   5.85855453952198569942E-018
       735   3.29666099945030350000E+015   5.76606772490791428334E-018
       736   3.85200973190458000000E+015   5.77277301295909177376E-018
       737   3.93537668587999950000E+015   6.01096199377890875046E-018
       738   3.68454330640406650000E+015   5.61161726476493075082E-018
       739   5.09154154224180300000E+015   5.17296324113308783727E-018
       740   6.16117531171341400000E+015   5.13175987104846558794E-018
       741   5.24625994640196300000E+015   5.33941813459279289561E-018
       742   4.07454725317036000000E+015   5.70981675694185593202E-018
       743   3.51043411540154800000E+015   6.91381595103852442537E-018
       744   3.66130424651910750000E+015   7.76859747176900174015E-018
       745   3.56782588962589750000E+015   7.82391264862968806633E-018
       746   3.84565315319401500000E+015   7.07401071128331230461E-018
       747   4.41520803864845950000E+015   7.14738946269865886845E-018
       748   3.30438692111425450000E+015   7.08201785490405587004E-018
       749   3.08739269084186100000E+015   7.81030563027027002886E-018
       750   3.54504656047356250000E+015   8.07580124587380561730E-018
       751   3.80999177433134300000E+015   5.43902434924693273494E-018
       752   3.65424765165238300000E+015   6.65677428521408650079E-018
       753   4.19599322604351000000E+015   5.99606446648518166464E-018
       754   3.95646538510829800000E+015   5.49317093305394836051E-018
       755   4.25862061558093050000E+015   5.19020379363673039309E-018
       756   3.17653817014493850000E+015   7.02290161449073722898E-018
       757   2.62362254772285450000E+015   7.08227845470487654646E-018
       758   3.82067184723906250000E+015   4.74243022736931912301E-018
       759   3.97694844364717950000E+015   4.59828725118172681608E-018
       760   3.13092151903821300000E+015   5.34637163215600504071E-018
       761   3.36174835518837050000E+015   4.79014460509402375170E-018
       762   2.48246975587347900000E+015   4.34550153746528983955E-018
       763   3.05158596425845500000E+015   4.99582636764708918560E-018
       764   2.74107405528170600000E+015   4.39497501100553406329E-018
       765   2.04302864549626425000E+015   3.93892889414022406047E-018
       766   2.30981044693520050000E+015   5.13019660145837237832E-018
       767   1.91791105608643425000E+015   6.14380938214645218923E-018
       768   1.60831573580320925000E+015   6.41145651905751801576E-018
       769   1.80508184271262475000E+015   6.91733247209424162670E-018
       770   1.85197302697230075000E+015   5.92984174526846454083E-018
       771   1.84475822940729575000E+015   5.68485302420564635954E-018
       772   2.01636903240198050000E+015   5.96410761652607622674E-018
       773   2.19744565912634325000E+015   5.32591616624012002648E-018
       774   1.73459947290736700000E+015   5.45994306044771440937E-018
       775   1.22272508709563175000E+015   5.25667278571854455400E-018
       776   1.08048944759722462500E+015   4.95740262704954072356E-018
       777   1.37692488919510050000E+015   5.42442674880521222806E-018
       778   1.27949777887847575000E+015   6.19374418351685208801E-018
       779   9.67679156626299625000E+014   8.30710227413581756168E-018
       780   7.43497828414799125000E+014   9.50704925643092330910E-018
       781   6.83288378120805000000E+014   7.98584586245495846331E-018
       782   5.78691749170907500000E+014   7.96506940818812729319E-018
       783   5.95099748416261375000E+014   6.54832541506132249101E-018
       784   5.47106369972259437500E+014   6.57625845320188649485E-018
       785   5.30118339095155875000E+014   6.57210719243932017414E-018
       786   5.20926226453674500000E+014   6.36978915154791420707E-018
       787   4.96991780329792000000E+014   7.16790409361663328304E-018
       788   5.69803501634448250000E+014   6.69835372101898403520E-018
       789   6.22593769142457625000E+014   7.48812025656644040845E-018
       790   5.53842722014994750000E+014   8.24020243324571333167E-018
       791   5.81650510888184625000E+014   8.06095925154947299814E-018
       792   5.30686930057339937500E+014   8.43112315573310588953E-018
       793   4.94562849404980500000E+014   8.88036261855366219514E-018
       794   6.43601403818808875000E+014   8.00190098918591727989E-018
       795   6.86334415660388625000E+014   7.43806879697713371851E-018
       796   6.48483330035771875000E+014   6.09256368925416255744E-018
       797   6.59148425554968625000E+014   6.18958569905851144981E-018
       798   4.69559710072024500000E+014   9.14041608540651682078E-018
       799   4.06111303604421687500E+014   8.72080506692221804919E-018
       800   5.71954408061998000000E+014   7.37378094018064523892E-018
       801   5.95516163400206875000E+014   6.28711711198062321280E-018
       802   6.98893337873785375000E+014   6.10540433229468042094E-018
       803   7.55908562829246000000E+014   4.89535835179574070145E-018
       804   7.57359619113222500000E+014   6.27880697010175155863E-018
       805   9.00449904577018625000E+014   7.17334291307504938139E-018
       806   1.11517467062212187500E+015   7.36761514326337230101E-018
       807   1.39072372831885850000E+015   6.43149165945705575216E-018
       808   1.29528331218872650000E+015   6.39255080721753663868E-018
       809   1.17939962053438100000E+015   6.57621119557847987773E-018
       810   1.39224553391867300000E+015   7.02022760313946216194E-018
       811   1.08889269287652987500E+015   4.56478042323545926031E-018
       812   1.24317754956223700000E+015   5.79890943598473564361E-018
       813   1.41748609986189475000E+015   5.95225895008222726339E-018
       814   1.54479639132032975000E+015   5.05733880512283442331E-018
       815   2.06045645752097750000E+015   5.53227871360338397956E-018
       816   2.20422301950693250000E+015   5.41006883462800610831E-018
       817   1.99530662773881500000E+015   4.88149903376864887414E-018
       818   1.88945836927472475000E+015   4.15505146147582759808E-018
       819   2.63976893380025450000E+015   5.62308903892959592880E-018
       820   2.90408798955630150000E+015   5.23407323286998029829E-018
       821   2.83210440834166200000E+015   5.25397234060109019150E-018
       822   2.69153929208263500000E+015   5.66475876139143092605E-018
       823   3.03172341805050900000E+015   4.90006114471272626884E-018
       824   2.83908953156674650000E+015   5.77278468894246170522E-018
       825   2.91890746609971650000E+015   5.28710547970788266407E-018
       826   3.39319346851052500000E+015   4.96050599493222048407E-018
       827   4.35025136763343450000E+015   5.31569301114174402870E-018
       828   4.22590731994470800000E+015   5.54972258075338862552E-018
       829   4.35456090569660950000E+015   4.56012805161773235585E-018
       830   6.02933132269293500000E+015   3.90506265854859036626E-018
       831   5.68972186528643900000E+015   4.51125030972095060732E-018
       832   5.31523246883170200000E+015   5.37250904464476089637E-018
       833   4.86823452222427200000E+015   5.97731554374386783237E-018
       834   4.07267729613977800000E+015   7.23405745965752141597E-018
       835   3.67566382978776000000E+015   8.10403814982905364823E-018
       836   3.60905536392045550000E+015   7.31696240297700912962E-018
       837   3.45112191789241950000E+015   6.09739096393108170214E-018
       838   4.33752683399407150000E+015   6.07427933976492135028E-018
       839   3.58803897914007250000E+015   6.20197279047968747712E-018
       840   3.95961200430526050000E+015   7.15221186888565520601E-018
       841   3.83293507942621800000E+015   7.30865914431662088187E-018
       842   4.56409407643485800000E+015   6.82395188983542242483E-018
       843   4.69465617794132300000E+015   5.51867899398341180150E-018
       844   4.94013134348027800000E+015   5.68198323593430150148E-018
       845   3.81845028482556050000E+015   6.99258592014023013609E-018
       846   4.61606513405383400000E+015   6.21085505910345296317E-018
       847   4.57226602567996900000E+015   5.29270911696941133069E-018
       848   3.79597520854726250000E+015   7.05451901971858796257E-018
       849   3.76295380445346700000E+015   6.59317254361423130403E-018
       850   4.46919281436399000000E+015   4.56548396659023863482E-018
       851   3.86574015527080450000E+015   4.61023789656794338064E-018
       852   3.82679401953667250000E+015   5.46040236445561525184E-018
       853   4.36515206086499100000E+015   4.61451484745715938557E-018
       854   3.31316765128399250000E+015   4.36254534191568948626E-018
       855   3.56814747312780300000E+015   3.70097229343203353591E-018
       856   3.28660587602684750000E+015   4.08152549977363859656E-018
       857   2.91078144385424900000E+015   4.00357182912401715630E-018
       858   2.54549264615062900000E+015   3.98855453375967642670E-018
       859   2.55778184182919700000E+015   3.81208129925221112983E-018
       860   1.77755276189457550000E+015   5.06614553813103291485E-018
       861   1.46102958611691400000E+015   5.48185481527292763838E-018
       862   1.79675016762414025000E+015   5.45685616665351658851E-018
       863   1.86871712796155525000E+015   3.94639773341455228849E-018
       864   1.88959200064355200000E+015   3.29117599307393416922E-018
       865   1.77949779932753850000E+015   4.81648141574775743813E-018
       866   2.12551760573079750000E+015   5.47575324898730970737E-018
       867   1.87727501596647950000E+015   5.76544564541782683606E-018
       868   1.52186733198461750000E+015   5.54309185360658924968E-018
       869   1.24434499555803125000E+015   5.22836806471638997087E-018
       870   1.16247790622203075000E+015   5.67198985477699648060E-018
       871   1.37603386102257525000E+015   6.08024272171277041500E-018
       872   1.20971640707001650000E+015   6.56629706166639036074E-018
       873   9.12272662004822375000E+014   7.72884702611411573374E-018
       874   6.15263778818664625000E+014   8.32961447099040962536E-018
       875   6.42156325691238375000E+014   7.98125319991808628566E-018
       876   6.42248509960244750000E+014   7.41848502607316317780E-018
       877   6.55046938490624875000E+014   6.28709113750551162277E-018
       878   4.71472316974868875000E+014   6.98052515888779606510E-018
       879   4.38731494442561812500E+014   5.79947244030619289141E-018
       880   4.87538003502215125000E+014   6.58619614430831303119E-018
       881   5.16664899843237187500E+014   7.41112588012926381121E-018
       882   5.44122486644627375000E+014   7.54724881450313155701E-018
       883   5.27029844712408562500E+014   7.87763496561282151039E-018
       884   4.44278554191679750000E+014   7.89368935131459635890E-018
       885   4.73327326757555750000E+014   7.01318411971319906548E-018
       886   4.84409253584373062500E+014   7.38316008997491452713E-018
       887   4.51528923838083312500E+014   8.24912126249892433206E-018
       888   6.36259679434838875000E+014   7.96196083422847996350E-018
       889   6.21421349253982000000E+014   6.98694314443105320759E-018
       890   7.05615672376247250000E+014   6.03018674090908257653E-018
       891   7.26209172065818625000E+014   5.59873160354713980294E-018
       892   5.26206796143149000000E+014   8.42695864502402487484E-018
       893   4.26418702684334250000E+014   7.73308063960523861486E-018
       894   7.25510519235464125000E+014   7.02548738688781789248E-018
       895   7.66601407246859500000E+014   5.93897453158615383916E-018
       896   7.42083448175927625000E+014   5.06539713138967788668E-018
       897   7.35053388409022875000E+014   4.53707952451061736221E-018
       898   8.62597227546695375000E+014   6.32354155047605085692E-018
       899   9.57019240559324125000E+014   6.82034528261586289039E-018
       900   1.02475466894650450000E+015   6.96296594544187316107E-018
       901   1.17101400224181875000E+015   5.20001671999565156398E-018
       902   1.22555219702771950000E+015   6.11730046359462344517E-018
       903   1.09734735942908000000E+015   5.30835802907364805834E-018
       904   1.25858030397689075000E+015   6.45431768975742268244E-018
       905   1.19496294752894050000E+015   6.21793521201241850417E-018
       906   1.03098134031359437500E+015   7.64488216300346088617E-018
       907   1.19130990230173600000E+015   7.09473899338175659623E-018
       908   1.42118826076582700000E+015   5.26781109238511899543E-018
       909   1.93370254613658475000E+015   4.80265820065268958933E-018
       910   1.96510562278315550000E+015   5.67258711898355787028E-018
       911   1.72062643643300025000E+015   5.80037904790382018432E-018
       912   1.73321597158148700000E+015   5.19531202087506137585E-018
       913   1.93119895836775075000E+015   5.78381983656757349311E-018
       914   2.35736473344481000000E+015   6.11732010853349020773E-018
       915   2.19813274601814475000E+015   5.07115815560387986386E-018
       916   2.96900493738624950000E+015   5.73085875263858313162E-018
       917   2.83703975088364100000E+015   5.13750246128001214950E-018
       918   3.28879953840850900000E+015   4.24962640991864382825E-018
       919   3.83022981666109700000E+015   4.14733688044168326162E-018
       920   3.88287210625678500000E+015   5.18585362052300712392E-018
       921   3.83975828752819000000E+015   4.63033139322790600769E-018
       922   4.53936959163667400000E+015   4.39309551024412617403E-018
       923   4.63372256927208300000E+015   5.71042492707113838489E-018
       924   4.75278366845425000000E+015   5.93006812889699453421E-018
       925   5.73994104645860900000E+015   4.78514877953742186173E-018
       926   5.91609520885013000000E+015   5.01798136411386533382E-018
       927   5.80552766782894600000E+015   5.05327196747814732463E-018
       928   5.98466200967251700000E+015   5.06667168418554931526E-018
       929   6.50544813824434000000E+015   5.57029818061840920919E-018
       930   4.20586752275106150000E+015   6.24583943521414901865E-018
       931   4.00488483357455100000E+015   6.21805836812574913622E-018
       932   4.82402362254711100000E+015   5.73647014442756987615E-018
       933   4.75878905125076900000E+015   4.91809143255937559921E-018
       934   4.41709193037725500000E+015   5.18817390918446775212E-018
       935   5.01309178514331700000E+015   5.55158329009881042406E-018
       936   4.44772027478166250000E+015   5.59364071371221941837E-018
       937   3.82950525665300350000E+015   6.03365544696018579721E-018
       938   5.38412470677906000000E+015   6.02145399413158053299E-018
       939   5.27735242976657700000E+015   4.85714851072512672206E-018
       940   6.39836578331802400000E+015   5.34652828032835270509E-018
       941   4.44887410026876100000E+015   6.67734208230136000618E-018
       942   4.69368804104215200000E+015   7.14001270111278601694E-018
       943   5.23061614275653300000E+015   5.80667533508572163400E-018
       944   5.21405157555380000000E+015   5.32658445152805388186E-018
       945   5.86603683843140900000E+015   5.05650552248915062760E-018
       946   4.82201925863091800000E+015   5.74483718790718385973E-018
       947   4.54610431441313100000E+015   5.43883293907017014342E-018
       948   4.44799131944861650000E+015   4.45687636144793387408E-018
       949   4.74610421690368100000E+015   4.86082884196150066075E-018
       950   4.46366870486483350000E+015   5.13278882647877655769E-018
       951   3.77721317718908800000E+015   4.57388494622011921204E-018
       952   3.91250952212005100000E+015   3.02246496241768121029E-018
       953   3.04200544000595050000E+015   3.51826515599969469043E-018
       954   2.89584672870753900000E+015   4.91244999301127825076E-018
       955   2.96118237555548000000E+015   4.48220631732307402381E-018
       956   2.44682917469379600000E+015   4.29620018224153497443E-018
       957   1.94039863240655025000E+015   4.99368348225838286721E-018
       958   2.12818674223939400000E+015   4.77699136023234999698E-018
       959   2.01063287224853075000E+015   4.05673527322348060829E-018
       960   1.72751298199403175000E+015   4.70549799214104981896E-018
       961   1.79352386873127400000E+015   4.15856418276867346633E-018
       962   1.86673232231328700000E+015   5.26292163801331639910E-018
       963   1.30298067705253075000E+015   5.18608389328090128432E-018
       964   1.55877248947888925000E+015   6.43756316239180509512E-018
       965   1.46231289538930500000E+015   6.79678650885674125488E-018
       966   1.14011301290091900000E+015   7.38247553402334071968E-018
       967   1.08490142517024300000E+015   6.60243717005387178997E-018
       968   1.16447110673338000000E+015   5.87201410709334227754E-018
       969   1.38175031384559050000E+015   6.30554517989413004876E-018
       970   1.27288897763995275000E+015   6.07989974705707121890E-018
       971   9.01589002471144125000E+014   5.15506248001022559386E-018
       972   6.11460962292765875000E+014   6.70336789423953495495E-018
       973   6.99713771080087500000E+014   7.02868349257683253132E-018
       974   7.49850830870394000000E+014   7.21574413666393121996E-018
       975   6.80588840792920125000E+014   6.59417359677958416397E-018
       976   4.52724379733768687500E+014   7.32203873660358950657E-018
       977   3.92745180508721437500E+014   6.64727051518483962501E-018
       978   4.21630618628082875000E+014   7.15804727553703951777E-018
       979   5.26744132506242437500E+014   7.41820457603991394104E-018
       980   4.94876139104311625000E+014   7.98982651634386733901E-018
       981   5.14498775111286375000E+014   7.71123447782452093982E-018
       982   4.84593333060801375000E+014   7.51742367727945845465E-018
       983   4.69869855019388875000E+014   6.37676183243933461392E-018
       984   4.61974686119698375000E+014   6.79829388263598094235E-018
       985   4.75338112097891187500E+014   8.66270123478028228754E-018
       986   5.06834480008884562500E+014   7.01826574730673335742E-018
       987   5.87194568782686375000E+014   6.86426697981243205135E-018
       988   7.28585026270473625000E+014   5.77674921508684180797E-018
       989   7.78101399081657750000E+014   5.28101675356733047821E-018
       990   7.23385761030850250000E+014   6.24175000976787903917E-018
       991   4.48426793925636625000E+014   7.54752239129816111492E-018
       992   6.92403818688326375000E+014   6.50266184241371139024E-018
       993   9.01730178580515875000E+014   5.19230523733295599319E-018
       994   7.65523928922387750000E+014   5.15219297572091954706E-018
       995   6.85280614277515875000E+014   5.12138851884667028868E-018
       996   7.41309123224509750000E+014   7.11458758745293487852E-018
       997   8.38499527045329125000E+014   6.99329757294659504298E-018
       998   8.16658834524267000000E+014   6.57240239731804286836E-018
       999   9.99363447414193250000E+014   5.44424528096135199966E-018
      1000   1.15008194281340850000E+015   6.52650558528514020013E-018
      1001   1.03530518366208300000E+015   6.09692779844016818428E-018
      1002   1.10836535041752162500E+015   5.21136142248312643164E-018
      1003   1.25208284987689600000E+015   5.78415958001945112376E-018
      1004   1.14046458746993825000E+015   6.59260129834719374625E-018
      1005   1.18665832287976450000E+015   6.52936755894613794299E-018
      1006   1.19512904487828475000E+015   6.74781586134062399656E-018
      1007   1.24520269122655250000E+015   6.52888459600953504161E-018
      1008   1.38350401155339000000E+015   5.65795736709283197903E-018
      1009   1.13024435661293625000E+015   5.85879194822859648528E-018
      1010   1.13793891843318100000E+015   6.10033067218172112711E-018
      1011   1.55045801305740550000E+015   5.89040262404385391431E-018
      1012   1.92753456845869625000E+015   6.50548737720988864416E-018
      1013   2.23450805172338500000E+015   7.20252787146112305335E-018
      1014   2.29312900545539300000E+015   6.48866212779400607643E-018
      1015   2.81084470348078600000E+015   6.36650884732058884357E-018
      1016   3.26823529123098300000E+015   5.77066864514228261282E-018
      1017   3.26528133990398100000E+015   4.98561161291705813410E-018
      1018   4.53695345904781200000E+015   4.13971926917433574837E-018
      1019   5.08545740722554400000E+015   4.70738054458689326864E-018
      1020   4.75831933843553400000E+015   5.70086399202339760185E-018
      1021   4.47000534727919750000E+015   4.99791661394020166591E-018
      1022   5.70928898077987100000E+015   5.51723159740782527283E-018
      1023   4.94411683445582600000E+015   5.87256565689663147460E-018
      1024   5.73142152458036300000E+015   4.74168589784263513233E-018
      1025   6.59074266466637100000E+015   6.07524668636917720354E-018
      1026   7.68617116865667400000E+015   6.57642776584767540920E-018
      1027   7.40042593168054700000E+015   6.35038730741067991073E-018
      1028   8.35958772616807600000E+015   5.21711780779137055555E-018
      1029   1.02433178835967480000E+016   4.49618156554467515691E-018
      1030   5.79089454001020100000E+015   5.16657243383366319800E-018
      1031   3.70030556776265300000E+015   5.93830500384514386664E-018
      1032   8.45384078059401600000E+015   4.76886344246343706920E-018
      1033   5.88478658922807100000E+015   4.78443446330426438459E-018
      1034   6.11911280108752300000E+015   3.21572672955228063719E-018
      1035   5.60796464529823800000E+015   4.94420990158313169840E-018
      1036   4.01832044619974000000E+015   5.70247706644019422393E-018
      1037   3.86596270461614800000E+015   6.04938025993784970557E-018
      1038   4.30666906207398300000E+015   5.61073442457861106627E-018
      1039   7.45471490691423300000E+015   4.11171257848786243501E-018
      1040   5.42111022391165500000E+015   5.41133936597996458386E-018
      1041   7.07618411169135600000E+015   6.15634103659586613007E-018
      1042   6.78021350422571700000E+015   5.81441236817727412415E-018
      1043   5.60322706277887400000E+015   9.04408715137588543413E-018
      1044   6.01463714305941300000E+015   6.89004317778069355270E-018
      1045   5.54270652427579900000E+015   5.71528991177821309579E-018
      1046   6.72359951048433800000E+015   5.15143637445915337153E-018
      1047   4.28680651380931250000E+015   6.59498842009122159924E-018
      1048   4.46109066481326450000E+015   4.83733964371894183211E-018
      1049   5.56731909839421300000E+015   4.61340916588648894165E-018
      1050   5.18967713655903800000E+015   4.64279312020223285272E-018
      1051   5.38126693709003000000E+015   4.17673088530103779471E-018
      1052   4.90761149172117500000E+015   3.82039959939954202484E-018
      1053   5.30852786762108000000E+015   3.86828470962185776903E-018
      1054   3.27942948727657800000E+015   4.37045954162455506656E-018
      1055   2.76863305843565200000E+015   4.66733293684375882690E-018
      1056   2.59241111820498250000E+015   4.96624796965787224173E-018
      1057   2.53898001912216950000E+015   4.89253800138734431028E-018
      1058   2.25882136256365350000E+015   4.40718577042312384788E-018
      1059   2.78245260187314700000E+015   4.74723066419872364736E-018
      1060   2.43907766775936200000E+015   3.90451171134659251427E-018
      1061   1.99582420321599575000E+015   3.87445554201530557609E-018
      1062   1.46143325754662700000E+015   5.73119635946542828473E-018
      1063   1.55243460030344125000E+015   5.57767545897529595015E-018
      1064   1.42545822593248650000E+015   5.80631868179145321682E-018
      1065   1.09507194711575175000E+015   5.06450073504003131136E-018
      1066   1.38869799127997075000E+015   5.13851082249236421502E-018
      1067   1.37229128660532825000E+015   6.30715293114337731016E-018
      1068   1.09343132401555175000E+015   7.11807624974904086265E-018
      1069   1.03117115604548337500E+015   8.09783561172470809132E-018
      1070   9.45638342530642125000E+014   7.10138683894728542072E-018
      1071   1.16381266703948750000E+015   6.87479956856521458352E-018
      1072   1.15035356137302325000E+015   6.05513544002864758242E-018
      1073   1.02698663449170187500E+015   5.04982055795898649031E-018
      1074   8.12683228142359000000E+014   5.85149624848381466291E-018
      1075   8.33868251211815375000E+014   6.51954662936464915372E-018
      1076   8.11194325337872000000E+014   6.51690801742016298632E-018
      1077   6.40368380648698125000E+014   6.57341139565552743901E-018
      1078   5.26703417250758500000E+014   7.05816077284115803767E-018
      1079   3.96826501060160875000E+014   8.10604773432461817719E-018
      1080   3.93109221171499000000E+014   7.98380270868257080895E-018
      1081   4.47355691162458687500E+014   7.74813878127619360975E-018
      1082   5.19097578056043812500E+014   7.03266809790239131180E-018
      1083   4.96090478487561562500E+014   7.56382966602684466873E-018
      1084   5.55406685193699625000E+014   7.35129503613376573801E-018
      1085   5.74770927911093750000E+014   6.96552198801922476553E-018
      1086   4.91500574913668937500E+014   6.66361976316890933138E-018
      1087   4.50833521577276062500E+014   7.39603164220966002716E-018
      1088   4.84673940355127562500E+014   7.70987293634071238636E-018
      1089   4.54908767063667562500E+014   6.49695890799398489912E-018
      1090   4.91841587421463125000E+014   6.49194665631182052212E-018
      1091   6.55930032595732000000E+014   6.30335031215850603832E-018
      1092   7.33062233431372250000E+014   5.66147693345146055162E-018
      1093   7.37799816902102000000E+014   5.15258025380340334194E-018
      1094   6.64838684834003000000E+014   6.62313908471857758906E-018
      1095   6.75777536571944875000E+014   6.40616234271044280617E-018
      1096   8.34178204762078875000E+014   5.38262145953738635980E-018
      1097   7.83251683487987875000E+014   5.38943681534136511594E-018
      1098   7.14603468074421375000E+014   5.07762129725552757350E-018
      1099   6.43183866987848250000E+014   6.74461136422509675750E-018
      1100   6.86396485604521125000E+014   7.48851994735698924003E-018
      1101   5.89993165611928625000E+014   7.24148035083008118657E-018
      1102   8.66270443693010750000E+014   6.57587677393329336092E-018
      1103   1.04357752432779637500E+015   5.16186642067188894604E-018
      1104   1.09233509661043475000E+015   6.89397453687147021502E-018
      1105   1.03954964147052775000E+015   5.43614225017137356671E-018
      1106   1.10791818186656975000E+015   5.55242373547932347071E-018
      1107   1.16759780465345875000E+015   5.63581716557408922911E-018
      1108   1.17406735662933150000E+015   6.83497539720204308805E-018
      1109   1.36332711210857725000E+015   5.90865025426352589271E-018
      1110   1.09881021372555175000E+015   7.45221794569019457801E-018
      1111   1.32055292625210200000E+015   6.32981747674700280588E-018
      1112   1.27330316297505125000E+015   5.17492637316074473183E-018
      1113   1.24687844996945200000E+015   5.25896541395635896424E-018
      1114   1.39671270410266750000E+015   5.10688761415947443276E-018
      1115   1.78832392389223475000E+015   4.82540628692102014612E-018
      1116   1.76511988366071500000E+015   6.20895587175449952971E-018
      1117   2.28256170001935300000E+015   7.05301863983589875995E-018
      1118   2.45930785373352700000E+015   6.83295943862006291082E-018
      1119   3.03031244872092600000E+015   6.43911262811660231605E-018
      1120   3.15891779772358200000E+015   5.79114777999780192197E-018
      1121   3.13552227308142300000E+015   5.45750242363217456105E-018
      1122   4.18127928842599500000E+015   4.76713277671922002464E-018
      1123   5.32354156642002200000E+015   3.97165297614491868820E-018
      1124   5.05112307477902500000E+015   5.28616383187257232390E-018
      1125   4.10864203885077000000E+015   5.27033095034878250335E-018
      1126   5.28282797902829700000E+015   5.95096564195536509485E-018
      1127   6.39752589032839200000E+015   5.08412165984039645013E-018
      1128   6.40822508177982600000E+015   4.00490416496363710084E-018
      1129   7.41654290652038700000E+015   4.48854885823018173408E-018
      1130   6.07688044447460600000E+015   6.79864560677844211443E-018
      1131   9.07461155220076800000E+015   5.53522190430712511383E-018
      1132   7.84118891351532900000E+015   5.57097880780937479589E-018
      1133   1.28917892710576400000E+016   3.61620674447561501935E-018
      1134   1.14610051997914220000E+016   3.43437858002769637648E-018
      1135   5.11078639150040800000E+015   5.48036647131165715731E-018
      1136   5.20232349104594900000E+015   6.44749957659403746894E-018
      1137   8.83298272010361300000E+015   4.73783077884788173646E-018
      1138   7.04975484478317900000E+015   3.65929993541489712980E-018
      1139   7.43527986849062300000E+015   2.91033542859452975531E-018
      1140   6.24014915076671700000E+015   4.48683992253969429046E-018
      1141   4.33309657852106500000E+015   6.09401597786147070221E-018
      1142   4.20334811276786000000E+015   6.51418395192357825801E-018
      1143   6.36831698995163200000E+015   4.94394002496779668541E-018
      1144   8.19833256799765600000E+015   3.64282333365078284500E-018
      1145   8.17588213105019000000E+015   4.20226134989758756351E-018
      1146   1.13846275787541160000E+016   4.17571770363240406297E-018
      1147   1.18327475734966500000E+016   4.29064832598544748517E-018
      1148   6.23106324899433100000E+015   6.57421511726761446261E-018
      1149   7.76888822161193100000E+015   5.34298477765078279392E-018
      1150   7.20198693235080100000E+015   4.08624509928220656908E-018
      1151   6.80603299628819900000E+015   5.39425092718242219750E-018
      1152   5.21928786896697100000E+015   6.39525835514007799823E-018
      1153   4.72185987738386900000E+015   5.08370082122293716235E-018
      1154   5.95795188116519800000E+015   5.06423227691250634981E-018
      1155   5.94979581521283700000E+015   5.08681145554327485111E-018
      1156   5.68955323088859000000E+015   4.27912499615745539604E-018
      1157   5.32861382068583600000E+015   4.06955337597028556081E-018
      1158   5.75489652936725200000E+015   3.71484920926447306897E-018
      1159   3.82362191442223100000E+015   4.76352033919598009886E-018
      1160   3.26885746281787000000E+015   4.86713973462880985338E-018
      1161   3.17075760536538850000E+015   4.70404111785396782574E-018
      1162   2.53009788548785050000E+015   4.59405304897289859510E-018
      1163   2.23955427091887975000E+015   4.43340524109126974508E-018
      1164   2.64594219641498800000E+015   3.94267740542157175583E-018
      1165   2.66914359225450150000E+015   4.30391179220240821269E-018
      1166   2.35194157763544200000E+015   3.66149514541977276803E-018
      1167   1.85792530803748675000E+015   4.40454153111052216694E-018
      1168   1.50769786361679000000E+015   5.48661653337813719641E-018
      1169   1.58765981791217375000E+015   4.52704310263942468005E-018
      1170   1.33183234707633000000E+015   4.95897415673726558178E-018
      1171   1.15596262170629325000E+015   5.20537945322194042616E-018
      1172   1.27417587604877650000E+015   5.68732059106380697149E-018
      1173   1.26308652805598575000E+015   6.21837948472524080920E-018
      1174   1.15454128000289950000E+015   6.44483740323934824132E-018
      1175   9.97530476802524625000E+014   8.71964330416962878704E-018
      1176   9.77050181631624250000E+014   7.34344149884147255702E-018
      1177   1.09371578509930237500E+015   6.33847152711859879269E-018
      1178   1.04840865388389412500E+015   5.62325361656063860662E-018
      1179   1.02014021156877275000E+015   4.82481520952640484089E-018
      1180   9.78820291750324625000E+014   5.78122903290513883525E-018
      1181   9.76644822262914375000E+014   6.36758594244674273031E-018
      1182   8.89285466574606250000E+014   5.69039931414583330617E-018
      1183   7.05413739188837000000E+014   6.26535403369039104356E-018
      1184   5.07222887912366375000E+014   6.76132586803781705508E-018
      1185   3.78887987457789875000E+014   7.60359165181789787192E-018
      1186   4.20862824590580625000E+014   8.31444240309467269042E-018
      1187   4.14581327519819125000E+014   8.37766036032771140468E-018
      1188   4.97238763565042062500E+014   6.85245573125031545560E-018
      1189   5.06700969887450375000E+014   7.01364871759548130386E-018
      1190   5.19671344670669500000E+014   7.30975741256490304043E-018
      1191   5.74812445428834375000E+014   7.17154672786177023907E-018
      1192   5.57631953839152312500E+014   6.66753125753860201754E-018
      1193   4.44707027058836500000E+014   7.30810819267216362733E-018
      1194   4.30051269252893812500E+014   8.50490362820628360954E-018
      1195   4.78760404731223937500E+014   5.33664016280339058330E-018
      1196   4.58339659567498937500E+014   6.41446461318280641007E-018
      1197   5.74706488298948125000E+014   6.67161345166919745465E-018
      1198   6.32566403119664250000E+014   6.45667466086330613321E-018
      1199   5.89693251070247500000E+014   6.08002681823344347686E-018
      1200   7.90548251280280750000E+014   5.87857457123670487619E-018
      1201   7.33265638570166000000E+014   5.77862107840204882840E-018
      1202   7.60056980742782375000E+014   5.61194386202645992334E-018
      1203   7.39792334054873875000E+014   4.88124971778326869869E-018
      1204   6.65050232859100750000E+014   5.81932767520685366403E-018
      1205   5.89627988764028500000E+014   6.55302943490150169831E-018
      1206   5.83278385660251500000E+014   6.54693963820216763869E-018
      1207   5.44899763545990375000E+014   6.40062404422071767094E-018
      1208   7.22411638838740375000E+014   7.17297292224085079507E-018
      1209   9.32233337556065500000E+014   6.12399258074423285813E-018
      1210   1.13006239701011025000E+015   6.18228533741650466205E-018
      1211   1.09121812718155062500E+015   5.60716665540483555205E-018
      1212   1.12694698348693325000E+015   5.32207204314092028178E-018
      1213   1.18524367682644425000E+015   5.27149031939380561004E-018
      1214   1.21133077950045025000E+015   6.59617170755319728452E-018
      1215   1.39053110042143075000E+015   5.39799053198483774460E-018
      1216   1.22384108420464000000E+015   5.82691408144931172581E-018
      1217   1.29278124104864875000E+015   6.39304699826137441444E-018
      1218   1.49211638878213975000E+015   5.33263763229979676584E-018
      1219   1.37790544128760250000E+015   5.19106555296202032383E-018
      1220   1.52894305442444775000E+015   4.30898181263687860502E-018
      1221   1.58657637479539200000E+015   3.99159491401456783927E-018
      1222   1.65219787915824175000E+015   3.75507600972977681831E-018
      1223   1.68847187218893025000E+015   4.90444660306480389878E-018
      1224   2.17497135021833100000E+015   5.28358154208549580077E-018
      1225   2.67010331937826850000E+015   5.96380170707090686069E-018
      1226   3.58567951178873000000E+015   6.06704973038143386149E-018
      1227   3.73973097092628050000E+015   5.01222117996038924334E-018
      1228   3.46867667634173500000E+015   4.92425763404958749516E-018
      1229   4.05390941923421650000E+015   5.51039943899638300222E-018
      1230   4.15890535843391500000E+015   3.91864454896921470063E-018
      1231   5.30308106958791800000E+015   3.55673971727579473687E-018
      1232   5.29860370959862500000E+015   4.23092242590884502013E-018
      1233   5.39488993137499900000E+015   4.83775170677873070239E-018
      1234   6.06368285702856200000E+015   5.27365261167295933525E-018
      1235   8.05914389025255700000E+015   4.27914393782857852069E-018
      1236   7.86034211798383000000E+015   4.02498770975526865154E-018
      1237   8.82344145545172400000E+015   5.15523097189203892871E-018
      1238   8.25239668476978700000E+015   5.26089902712636424714E-018
      1239   9.64023043300362000000E+015   4.63954834598514193055E-018
      1240   5.16169579339884600000E+015   4.59300486157889204840E-018
      1241   1.71264760009933500000E+016   2.12035544859887811210E-018
      1242   8.60067204641199000000E+015   4.17976984281591620954E-018
      1243   8.33031506508714200000E+015   3.80276706304403196929E-018
      1244   7.00600549774289400000E+015   5.12973354330637941619E-018
      1245   1.39608584896496720000E+016   3.01727335882065293981E-018
      1246   6.97132165619558100000E+015   3.47580146989344216394E-018
      1247   7.89907260408864700000E+015   2.77888243993603782018E-018
      1248   7.06787966104100900000E+015   4.06324617018282040735E-018
      1249   5.10445119243871200000E+015   5.87660839780100020368E-018
      1250   7.13133960851011700000E+015   4.46433096969516538657E-018
      1251   8.59103004598602200000E+015   4.12007650339458022843E-018
      1252   1.55159479504504460000E+016   3.23028386758176123905E-018
      1253   5.90825131589378100000E+015   4.72151846994169790468E-018
      1254   2.27226685581557600000E+016   1.76375319105153638030E-018
      1255   1.46644815956322280000E+016   3.18494326348862897534E-018
      1256   9.36724441341839800000E+015   3.72121479532586992848E-018
      1257   9.49645175914697000000E+015   4.66202837873027529006E-018
      1258   9.08904603444988400000E+015   4.07277324904103785001E-018
      1259   9.83000087693006200000E+015   3.57939677447139901405E-018
      1260   7.25900760861067700000E+015   5.64563302705772210619E-018
      1261   6.99515622485535000000E+015   4.39681441296391343086E-018
      1262   6.95036812284338000000E+015   5.27430859945973490401E-018
      1263   7.65059022379797600000E+015   4.58964026007857842397E-018
      1264   7.12264472473843200000E+015   4.40041640316643462040E-018
      1265   5.97153659650991400000E+015   4.27549752028133631038E-018
      1266   6.09137619732580900000E+015   4.06151685262078683974E-018
      1267   4.38165670565834900000E+015   4.39906554281047276130E-018
      1268   4.18214585380920950000E+015   4.86818247244873099530E-018
      1269   4.28014417233045000000E+015   4.11840867780904241464E-018
      1270   2.97958992160021250000E+015   4.39976346919991471290E-018
      1271   2.77120531071258600000E+015   4.57673196562452425489E-018
      1272   2.29104376352961400000E+015   4.29489606100702629066E-018
      1273   2.18176582831955650000E+015   3.89589124803434451914E-018
      1274   2.34096850389085800000E+015   4.60133949197373038786E-018
      1275   2.15052065291978775000E+015   4.34334863843868018453E-018
      1276   2.06989374580382875000E+015   4.40158648173536035142E-018
      1277   1.69659454375787750000E+015   4.90800241125665020857E-018
      1278   1.94482417904301100000E+015   3.58069527074071257577E-018
      1279   1.57032782055056750000E+015   3.86206229746836835811E-018
      1280   1.39260274237870675000E+015   4.61712785614092260710E-018
      1281   1.22552823491178450000E+015   5.32172163664850077749E-018
      1282   8.98930542787092375000E+014   6.63566027133715272513E-018
      1283   1.22828877530852775000E+015   5.02563231560856742270E-018
      1284   1.27387719950036525000E+015   6.69764631252643638927E-018
      1285   9.37408563771717250000E+014   8.67409050888902637998E-018
      1286   1.11200236586468450000E+015   6.96052024562817965592E-018
      1287   1.10481285341150775000E+015   6.19145848415114191103E-018
      1288   9.89828372918771000000E+014   5.11287637734203841473E-018
      1289   1.09464147793455662500E+015   5.32855544411668870115E-018
      1290   1.06637967518930212500E+015   6.39497792867841246220E-018
      1291   9.98822347929413625000E+014   5.35066875094408296654E-018
      1292   9.24431096407442750000E+014   4.69914078975177071343E-018
      1293   7.53765727546511000000E+014   5.68626488983530079084E-018
      1294   4.53311456075124437500E+014   6.02918733981853547424E-018
      1295   4.56698846790220750000E+014   6.79236014953542899475E-018
      1296   4.40104604437970312500E+014   8.50119428161401599559E-018
      1297   4.03590983983045250000E+014   7.82491003523400277866E-018
      1298   5.46701531825911687500E+014   5.99994042634912498881E-018
      1299   4.68400301395365750000E+014   6.39194337103381774424E-018
      1300   4.96434363537370375000E+014   7.07185314137187985007E-018
      1301   5.35715338234660500000E+014   7.40500604995636907304E-018
      1302   5.06533748418204812500E+014   7.05858554357895101554E-018
      1303   4.19713720996282750000E+014   7.73865955075147651823E-018
      1304   4.41615678599327750000E+014   7.87354609838701676407E-018
      1305   4.74677687372246000000E+014   5.17300416267570317169E-018
      1306   4.33005764804954062500E+014   6.19163510500868332287E-018
      1307   4.34409071101839250000E+014   7.34424612825445317785E-018
      1308   4.78580549411518937500E+014   6.80737854219144607270E-018
      1309   5.86600553218094125000E+014   6.55054352226365566219E-018
      1310   6.27768044298452250000E+014   6.64263945491334095312E-018
      1311   5.34006167588242437500E+014   6.27126702843435326696E-018
      1312   5.34222596378363250000E+014   6.20699197057449545464E-018
      1313   6.88579340409663750000E+014   5.75749729328745698160E-018
      1314   7.98958596589768500000E+014   5.95836371220253186569E-018
      1315   7.53434118066363875000E+014   6.11029887107966879369E-018
      1316   7.39400985914558500000E+014   5.67009718643422050817E-018
      1317   7.28839143929448125000E+014   5.55587034772764971165E-018
      1318   7.16630637821823875000E+014   5.60032068099764140473E-018
      1319   7.06232759283100125000E+014   4.99400846451288134267E-018
      1320   7.12203817781740875000E+014   5.25120668315416598677E-018
      1321   6.81355455393017875000E+014   5.85437275967979250319E-018
      1322   6.54800276244841750000E+014   5.59110701008732684770E-018
      1323   6.06920059846448875000E+014   6.35658198114984825728E-018
      1324   5.47048386635101937500E+014   6.92930110449669946874E-018
      1325   5.90215540163255750000E+014   6.56825493933817136678E-018
      1326   6.26319212862423125000E+014   5.46364157116409647612E-018
      1327   5.62478067896403500000E+014   5.89886546025251081183E-018
      1328   5.37473532255435000000E+014   6.11662890602221608717E-018
      1329   7.97434522841661375000E+014   7.16791395631905789953E-018
      1330   8.49512910873088625000E+014   6.40002430165942761284E-018
      1331   1.07579919525776575000E+015   5.42980762126257706095E-018
      1332   1.04831275934031762500E+015   6.66053692305966086053E-018
      1333   1.13915203836958050000E+015   4.90725804405779736289E-018
      1334   1.13320681867368600000E+015   5.02667920486405384210E-018
      1335   1.11193562434934650000E+015   4.90709545312133033204E-018
      1336   1.14125893263120650000E+015   6.04464447600789105914E-018
      1337   1.17835916321185075000E+015   6.47151595080272632421E-018
      1338   1.42782688711527725000E+015   4.87449784938578484392E-018
      1339   1.35485174606146400000E+015   5.06423925467881037882E-018
      1340   1.29897426925059000000E+015   6.01356418464410220517E-018
      1341   1.50406647687566300000E+015   5.36705345224529139007E-018
      1342   1.34302254087394725000E+015   5.60899226802474396714E-018
      1343   1.39214240583005825000E+015   5.04310198188307932963E-018
      1344   1.59510093823538950000E+015   4.22549261806225213399E-018
      1345   1.54513690265401375000E+015   4.18606866546938923552E-018
      1346   1.65468771270170225000E+015   3.32141294055053594812E-018
      1347   1.81577443301172250000E+015   3.85165011007634631388E-018
      1348   1.70542026706592900000E+015   4.62902744547497908659E-018
      1349   2.02840909574785350000E+015   4.58579136153803478876E-018
      1350   2.59461147663946500000E+015   5.78996727325813418158E-018
      1351   3.17411297328379450000E+015   5.74608788838400915661E-018
      1352   3.67575192129013300000E+015   5.95480464831142633247E-018
      1353   3.92004639667982700000E+015   4.73726191631441605906E-018
      1354   3.83073539828723950000E+015   4.71467681709961595162E-018
      1355   4.34147312133977300000E+015   5.67378361214926817382E-018
      1356   3.63340811534307900000E+015   5.14317794229643684560E-018
      1357   4.00945311181026800000E+015   4.18543229648942448246E-018
      1358   5.27914384709473200000E+015   3.52495566737626855459E-018
      1359   5.62991459096655000000E+015   3.98000222341206224795E-018
      1360   5.81518826015239400000E+015   4.16531998966256635935E-018
      1361   6.04616319042889900000E+015   4.61480145196575443632E-018
      1362   6.24743376056599200000E+015   5.25587321283034811291E-018
      1363   8.15026845805073800000E+015   4.80532865990583650649E-018
      1364   7.57720696458007300000E+015   4.41589904813947353552E-018
      1365   1.07111167081949400000E+016   3.77107561564900197227E-018
      1366   8.33340007794532200000E+015   5.30493351046541857624E-018
      1367   8.42958847028327000000E+015   5.04421268142932664614E-018
      1368   7.40859650324061700000E+015   5.51123468392739793995E-018
      1369   6.92510407962233500000E+015   4.69201580147098829762E-018
      1370   9.33499989456184200000E+015   4.01108974801334873566E-018
      1371   2.11471201532155000000E+016   1.54373270696566095629E-018
      1372   1.05482487846780260000E+016   3.55120270264134783800E-018
      1373   9.46175840599837000000E+015   3.60784214974537542879E-018
      1374   9.71113418708432600000E+015   4.32535929871595225801E-018
      1375   1.18674824213479880000E+016   3.89095155017334789098E-018
      1376   1.51680681795789880000E+016   2.72703520595366895871E-018
      1377   7.33215161238380700000E+015   3.51978830592363098809E-018
      1378   1.02524203710999920000E+016   2.56562525461041594579E-018
      1379   8.15888138157743600000E+015   3.43007271277343255965E-018
      1380   7.34819240120084000000E+015   4.27750107160054796810E-018
      1381   8.30266099988491000000E+015   4.69789551759562120191E-018
      1382   9.94175700933059800000E+015   3.61713598633820095391E-018
      1383   8.95151181914053700000E+015   2.72756947717526563749E-018
      1384   1.04518605934131000000E+016   4.30011537723365883299E-018
      1385   1.69539788807115420000E+016   3.07510688458421956379E-018
      1386   6.37969932045490000000E+015   4.94099783759368672136E-018
      1387   1.96599067907597200000E+016   3.19641192546372174125E-018
      1388   2.31058263918139280000E+016   1.89207066770050310012E-018
      1389   1.46797099892737560000E+016   3.25295965949367359912E-018
      1390   1.03680394673749440000E+016   3.04454582616271335999E-018
      1391   1.12611336053548560000E+016   4.31142853731730006948E-018
      1392   8.78142001400105400000E+015   4.22863772327510934363E-018
      1393   1.17611938747044540000E+016   3.33567014846826068066E-018
      1394   8.46906502865709300000E+015   4.38561693389100421415E-018
      1395   7.67012163046069800000E+015   5.32700477943335393684E-018
      1396   7.94514037623436700000E+015   4.50572441996162348344E-018
      1397   7.32492471972151100000E+015   4.60946092279904866446E-018
      1398   7.77750361065220100000E+015   5.03654050964395591251E-018
      1399   8.25645165338088400000E+015   4.41050529163803598424E-018
      1400   7.54140461014783100000E+015   4.06455988073624219541E-018
      1401   6.75071110708513200000E+015   4.10846943047886516615E-018
      1402   6.24446511727167100000E+015   4.47102799633325562443E-018
      1403   5.71052436538728300000E+015   4.16574123476659633130E-018
      1404   4.54305560271678300000E+015   4.73814612273937141395E-018
      1405   4.50316926073426950000E+015   4.77381812292882776740E-018
      1406   4.18415519947979950000E+015   4.48381999533589941462E-018
      1407   3.36189774673270950000E+015   3.91433379057479655018E-018
      1408   2.99852553809497500000E+015   4.54987560885666926904E-018
      1409   2.85717391622315450000E+015   4.57406671495318088882E-018
      1410   2.68732874955616900000E+015   4.48477981544313617648E-018
      1411   2.01615818898779725000E+015   4.11137910786980293679E-018
      1412   2.12684773328925900000E+015   4.16719867336080170937E-018
      1413   2.25481324996110800000E+015   4.30363056076153484696E-018
      1414   2.23125810441328425000E+015   4.39860091609626506127E-018
      1415   2.15024511122980250000E+015   4.50271263942622305227E-018
      1416   1.95892275272213375000E+015   5.17592263381362883784E-018
      1417   1.84305386214093675000E+015   4.55478453646613426892E-018
      1418   2.02303496321023050000E+015   3.17151605910086075192E-018
      1419   1.76389596206818400000E+015   3.36947667174869507090E-018
      1420   1.56739537963699050000E+015   4.56190408493482089284E-018
      1421   1.43747437400618675000E+015   4.47453150363354531590E-018
      1422   1.17949848400105875000E+015   5.41561384169466068922E-018
      1423   8.92336373120865250000E+014   6.51612827799573676954E-018
      1424   1.08818509416438375000E+015   5.74451257390034843093E-018
      1425   1.31403892107395000000E+015   5.76137115313626999273E-018
      1426   1.21843193968618550000E+015   6.95539430608906817588E-018
      1427   9.70708033414074000000E+014   8.57770321612308849439E-018
      1428   1.10158749739077000000E+015   6.94539211531889119229E-018
      1429   1.17363762940543850000E+015   6.42217526736785418823E-018
      1430   1.07302496320447787500E+015   5.49804274925186159972E-018
      1431   9.79553221904003625000E+014   5.19150338252436192997E-018
      1432   1.16518793770351050000E+015   5.29848798019103364578E-018
      1433   1.08938931111515475000E+015   6.18934389698263894630E-018
      1434   1.01336525080140612500E+015   6.04015909060062452185E-018
      1435   9.85388227523393750000E+014   5.18555003189223596079E-018
      1436   9.27293905873470875000E+014   4.66701938435989498857E-018
      1437   9.46041304636681125000E+014   4.62584513333378948677E-018
      1438   8.38900890305882500000E+014   5.09195044274779795730E-018
      1439   7.89787450454474000000E+014   5.63918149688825321265E-018
      1440   5.82075812964861625000E+014   5.83576188777349164979E-018
      1441   4.66165173267705187500E+014   5.77733401544037645416E-018
      1442   4.32692066668860625000E+014   6.15132086114017320916E-018
      1443   4.86050835545559500000E+014   7.05061015330850231830E-018
      1444   5.01721192369294875000E+014   7.60684776093885956538E-018
      1445   4.87583246319908562500E+014   8.11458120745290749636E-018
      1446   4.34105293998491125000E+014   8.32978831518452735378E-018
      1447   4.20868152664789562500E+014   7.26564810636413474754E-018
      1448   5.49101942211883750000E+014   5.67504141872269720219E-018
      1449   5.48891542867104812500E+014   5.91518694579520102498E-018
      1450   4.64135123584894125000E+014   6.40994182848756564929E-018
      1451   4.82129647582157625000E+014   6.60141544982485603292E-018
      1452   5.09628639078996437500E+014   6.73110173561643551570E-018
      1453   5.50925064203004812500E+014   7.05218779386394920301E-018
      1454   5.14674170462277750000E+014   7.36078858297335951319E-018
      1455   5.19629509700023500000E+014   6.92713474749633911445E-018
      1456   4.66073882655878750000E+014   7.70650919543032683105E-018
      1457   4.70089918663351000000E+014   7.72981052386196131634E-018
      1458   4.43565393552860312500E+014   7.89217187146817028812E-018
      1459   4.34195107916810312500E+014   6.76870624397087985051E-018
      1460   4.59565288620063625000E+014   5.26256245726139570447E-018
      1461   4.63754277027929500000E+014   5.36637351097109077913E-018
      1462   4.34896485227234937500E+014   6.01920835387783543991E-018
      1463   4.61891816115312437500E+014   7.08490804622439317226E-018
      1464   4.91370538521525312500E+014   6.81517762804964313371E-018
      1465   6.32305623914779750000E+014   6.09320273763574379007E-018
      1466   6.25625255020439000000E+014   6.50781834487653150815E-018
      1467   4.74282372790890500000E+014   6.13260464859716339413E-018
      1468   5.35313145030167437500E+014   5.95263321654205451696E-018
      1469   7.06873310941836125000E+014   6.21543212165931425989E-018
      1470   8.04893516466133625000E+014   6.23136324781848649295E-018
      1471   7.64244694521430375000E+014   5.69165027999738919749E-018
      1472   7.71418638031735125000E+014   5.51158954263211304924E-018
      1473   6.94027704145576125000E+014   5.65928068392703835129E-018
      1474   6.95698562438742875000E+014   4.71067463749131060465E-018
      1475   7.11764918608508375000E+014   5.12829915362376838995E-018
      1476   6.98213153425858500000E+014   5.65282765818167008761E-018
      1477   6.87389982823775250000E+014   6.11751347852238242996E-018
      1478   6.74991773462554125000E+014   5.99890952862338392961E-018
      1479   5.40545846211194125000E+014   7.13124389645671791025E-018
      1480   5.17622051972072312500E+014   6.66026980005402836262E-018
      1481   5.42564715104370250000E+014   6.21847843722227985223E-018
      1482   6.15638582832630375000E+014   5.13174626696015159036E-018
      1483   5.86244707545192250000E+014   5.12474778528440434081E-018
      1484   6.02564677443455250000E+014   6.18665519768342757418E-018
      1485   8.69048443684287500000E+014   6.75715988496804475333E-018
      1486   9.52921371438431875000E+014   5.78368957485697421588E-018
      1487   1.09711156980797312500E+015   5.67923449689710412204E-018
      1488   1.13367594888705500000E+015   5.62023356736718149511E-018
      1489   1.15953344019384950000E+015   4.65756061993600903989E-018
      1490   1.14854236048245725000E+015   4.88580950684190601184E-018
      1491   1.23833917642733525000E+015   4.53670693798730330357E-018
      1492   1.15609019476423225000E+015   6.19350283463321803136E-018
      1493   1.23000498933545200000E+015   6.22905659804932371062E-018
      1494   1.51795915704950375000E+015   4.13902266288163917703E-018
      1495   1.34468737101749050000E+015   5.03246076788040629819E-018
      1496   1.36805762995800500000E+015   5.59515357118869209389E-018
      1497   1.42818690528430375000E+015   4.94185057142257442522E-018
      1498   1.31623852616483375000E+015   5.86488989944662883593E-018
      1499   1.44447699325371700000E+015   4.85540343337179433976E-018
      1500   1.64482449282107375000E+015   4.42190523391181246482E-018
      1501   1.59801851147814100000E+015   4.01821268763954806171E-018
      1502   1.71678851880070900000E+015   3.23657477079478154729E-018
      1503   1.82254344717406900000E+015   3.81476258294342298839E-018
      1504   1.89768845698397775000E+015   4.33568975002389151398E-018
      1505   2.09115973855304975000E+015   4.25688001567194888538E-018
      1506   2.63179343994055900000E+015   5.20978684646775449366E-018
      1507   3.14425761449993350000E+015   5.49362692845500948394E-018
      1508   3.81484189462964500000E+015   5.68713849136453076188E-018
      1509   3.98429010709039150000E+015   4.92508929770823711455E-018
      1510   4.19172173836070950000E+015   4.20516504019714227864E-018
      1511   5.04530034634787700000E+015   4.86766945590565382277E-018
      1512   4.51251484808426500000E+015   5.40559095015863914061E-018
      1513   3.67796652517858950000E+015   5.00791021467757829342E-018
      1514   5.27216105448285300000E+015   3.66014716066877087134E-018
      1515   5.76476366584613400000E+015   3.85744808157193661564E-018
      1516   7.89733047297778000000E+015   3.37252546330162353832E-018
      1517   7.43332878716874300000E+015   3.88477226252116197156E-018
      1518   5.70746521150727600000E+015   4.96276388926891143444E-018
      1519   8.40593567671250600000E+015   4.87854717143857921261E-018
      1520   1.00780523643371740000E+016   4.21508531967629496318E-018
      1521   1.01704487125645480000E+016   4.54708220972035316649E-018
      1522   1.15863820718170580000E+016   4.20376592812533251306E-018
      1523   1.08250825468127380000E+016   4.48796771686215073281E-018
      1524   1.08836260595016800000E+016   4.32962700252404017263E-018
      1525   1.05260354224347340000E+016   4.27280684624040593467E-018
      1526   6.97010210613151600000E+015   4.49488554503604212520E-018
      1527   2.08880585265687240000E+016   1.78047472731828479826E-018
      1528   2.22205563500593040000E+016   1.82735730086123146473E-018
      1529   1.10900783717293220000E+016   3.31648446112570216235E-018
      1530   1.17942219573705820000E+016   3.41550986000953625779E-018
      1531   7.24329101117049600000E+015   4.66602178862774695231E-018
      1532   2.25279613099177440000E+016   1.57802097482476776837E-018
      1533   1.26867772187239820000E+016   2.66147242507903214622E-018
      1534   1.05390035153225040000E+016   2.55616982631239104582E-018
      1535   1.15130938158400260000E+016   2.60219129305697031889E-018
      1536   9.23540016616447400000E+015   4.00078104797321504761E-018
      1537   1.08041566582568220000E+016   3.81668792818526206202E-018
      1538   1.12414738328876120000E+016   3.35506200033247447016E-018
      1539   1.03544764061589520000E+016   2.25560580751415536555E-018
      1540   1.13807276156662520000E+016   2.21326075691009364050E-018
      1541   1.43870983709854040000E+016   4.81664288173913231794E-018
      1542   1.51929878836487380000E+016   3.61078951934712628179E-018
      1543   6.81951851975805100000E+015   6.37486780859793370615E-018
      1544   2.83228444280763080000E+016   1.19351969068599442051E-018
      1545   1.69180167059196460000E+016   2.06928935633290034836E-018
      1546   1.38169422491241080000E+016   3.70499396225120279235E-018
      1547   1.42937958611326740000E+016   2.35147573237511409840E-018
      1548   1.46492356407381860000E+016   4.13902173613353383895E-018
      1549   1.20279627527543520000E+016   4.05219514911239423554E-018
      1550   1.58933229490441380000E+016   2.58959490790069982870E-018
      1551   1.27182123622439500000E+016   4.13856880137445466960E-018
      1552   1.11371615671303380000E+016   4.36844870309759568446E-018
      1553   9.46980024392563400000E+015   3.96679025945182176883E-018
      1554   9.20233217522218800000E+015   4.81003748832357594316E-018
      1555   8.30991453891256000000E+015   4.74324480532366927107E-018
      1556   8.58340404562558500000E+015   3.97287854996038417700E-018
      1557   8.39330445104350200000E+015   3.51828419946535506909E-018
      1558   7.20669711378309200000E+015   3.73561286938940250938E-018
      1559   6.51412150968143500000E+015   4.45920144568194175959E-018
      1560   5.18081122886887300000E+015   4.19898005863972530459E-018
      1561   5.28724228287004300000E+015   4.59406785340446834380E-018
      1562   5.10718662116366300000E+015   4.43015954710401580730E-018
      1563   3.89092369234544300000E+015   4.08734368245901391629E-018
      1564   3.50321199933152300000E+015   4.30608725813836539380E-018
      1565   3.13060887725357950000E+015   4.47407220963543501816E-018
      1566   3.10707553945382500000E+015   5.18944716013395940582E-018
      1567   3.42204886289409900000E+015   4.45104030665410707692E-018
      1568   2.50590607846801750000E+015   4.31527513044128410956E-018
      1569   2.02146797023455200000E+015   4.51381546917508597830E-018
      1570   1.95763473575385525000E+015   4.15371639757010474641E-018
      1571   2.17399953391926225000E+015   4.33823910093961539624E-018
      1572   2.19376235420275925000E+015   4.70939629997669689191E-018
      1573   2.05797139046545300000E+015   4.96384408664203132870E-018
      1574   1.67345955681148725000E+015   4.47709884112621587017E-018
      1575   1.88786169265120725000E+015   3.28608984865446696675E-018
      1576   1.86122071814757200000E+015   3.17930376643889425827E-018
      1577   1.76819954920584725000E+015   3.88705639649194935254E-018
      1578   1.58911558828127275000E+015   3.89904085333700256374E-018
      1579   1.51370747344757075000E+015   4.56654263149981684537E-018
      1580   9.96201995008300125000E+014   6.07528950499946074566E-018
      1581   9.93418520328272000000E+014   5.72308980260499686804E-018
      1582   1.23777504953762100000E+015   5.34847040161298848812E-018
      1583   1.32430807068944850000E+015   5.87655330190837885518E-018
      1584   1.05329774964398500000E+015   7.91807956802723783751E-018
      1585   1.09004796861325850000E+015   7.11512442214203671762E-018
      1586   1.13661084752791325000E+015   6.55050445036334500718E-018
      1587   1.13376012796034275000E+015   5.73368464390184045197E-018
      1588   1.04788224617415262500E+015   5.21026773342382283030E-018
      1589   1.09707238258459975000E+015   5.29237141328218363353E-018
      1590   1.19698545901676975000E+015   5.53409669392630712894E-018
      1591   1.10662653530844962500E+015   5.67704720710243380025E-018
      1592   9.83540314992055250000E+014   5.85519075179317842763E-018
      1593   9.52478340036752625000E+014   4.84568520554093436098E-018
      1594   9.16623217106160500000E+014   4.46621511667095686705E-018
      1595   9.72722295924094625000E+014   4.45868229759960182932E-018
      1596   9.20930282332166750000E+014   4.94354733927507391759E-018
      1597   7.52993121657492000000E+014   5.57350188311048089255E-018
      1598   5.79620654804072000000E+014   5.15857307969298095036E-018
      1599   4.85660372471545062500E+014   5.31014788823431986403E-018
      1600   4.60644204777550250000E+014   5.71973371879597188843E-018
      1601   5.08065344885372812500E+014   7.06670641371958979146E-018
      1602   5.32966087194953250000E+014   7.45115631869240164624E-018
      1603   4.86985365046327750000E+014   8.10771009808498523168E-018
      1604   4.71002830860469000000E+014   7.49275774557655119028E-018
      1605   5.10299347262767187500E+014   6.82584439265358618499E-018
      1606   5.28200711085762250000E+014   5.94543425152251984331E-018
      1607   5.33469679824717437500E+014   5.58463232691036332430E-018
      1608   4.70205154636217000000E+014   6.36338336761663151504E-018
      1609   4.69512023720881937500E+014   6.59694477752373758232E-018
      1610   5.12383142415010500000E+014   6.73354311316806592054E-018
      1611   4.61097666107453875000E+014   7.87139947686053317034E-018
      1612   5.09125954838182375000E+014   7.29324233159926706554E-018
      1613   4.44776397400417062500E+014   7.42829781934772056387E-018
      1614   4.68550254915150000000E+014   7.59266799832578281683E-018
      1615   4.34671887729340187500E+014   8.08995606610501159105E-018
      1616   4.30730930066407187500E+014   7.18225862154141758702E-018
      1617   4.51988767448119812500E+014   4.84867577027798479473E-018
      1618   3.87359205614283687500E+014   5.80255150286509969425E-018
      1619   4.02178511461088687500E+014   7.30114408441069653953E-018
      1620   5.21614501176124750000E+014   6.40451078916352333928E-018
      1621   6.21194812777029625000E+014   6.19757214303646334161E-018
      1622   6.23274611588778875000E+014   6.34394718514454201329E-018
      1623   4.65771731777012437500E+014   6.66573050408987212073E-018
      1624   5.41166387379712625000E+014   5.97980904766864485543E-018
      1625   5.71315273197840000000E+014   5.88105353968795789567E-018
      1626   6.79915625358503000000E+014   6.69895097088320367730E-018
      1627   8.83368209752817250000E+014   5.90469903137598605689E-018
      1628   7.49129767153439625000E+014   5.83157075236976114433E-018
      1629   6.66945299864609375000E+014   6.22932918232104568280E-018
      1630   6.66017363140361875000E+014   5.66737337367366296655E-018
      1631   6.78839846447705250000E+014   4.61130045036603358160E-018
      1632   6.75751583234361625000E+014   5.52273476170518616838E-018
      1633   6.94559421297832500000E+014   6.48510705258758099580E-018
      1634   7.04020550083146750000E+014   5.54662490236570594730E-018
      1635   6.54055305690856500000E+014   6.59615231236356469150E-018
      1636   4.93752735654186062500E+014   7.25882398796227000714E-018
      1637   4.79484850266664375000E+014   6.63964190020227076705E-018
      1638   5.16700084938914625000E+014   6.17732887069208665986E-018
      1639   5.45351421838057500000E+014   4.84559483479731158424E-018
      1640   6.77214108989903250000E+014   5.24197750281647197826E-018
      1641   8.35970073405302000000E+014   6.61783698997860224745E-018
      1642   9.05335210904372125000E+014   6.19058265458237121458E-018
      1643   1.05904338301275600000E+015   5.83814675745125006770E-018
      1644   1.17959795290247000000E+015   5.63719642061160510149E-018
      1645   1.13233723245126175000E+015   5.39667409442012870215E-018
      1646   1.23214180437699575000E+015   4.44206457419975680790E-018
      1647   1.20602771363062350000E+015   4.07744661501250491415E-018
      1648   1.20382803820842350000E+015   4.79764088182949902989E-018
      1649   1.18115262582081850000E+015   5.99730634619922628262E-018
      1650   1.40317233792862975000E+015   4.77753172245002561035E-018
      1651   1.53610331246882575000E+015   3.64283258374380575297E-018
      1652   1.53163814637026925000E+015   3.93974543849372552383E-018
      1653   1.55155934711768025000E+015   4.44258014702086846580E-018
      1654   1.22843812345607800000E+015   5.29887292837127771900E-018
      1655   1.12682707521501750000E+015   6.23087805634683806930E-018
      1656   1.47323387140533000000E+015   4.66123826932185644121E-018
      1657   1.69426777941990650000E+015   4.39448193304620520392E-018
      1658   1.51330889219130250000E+015   3.91377332428514662063E-018
      1659   1.77742733373307775000E+015   3.14414742513682045890E-018
      1660   1.86022997054271900000E+015   4.17143372148349265187E-018
      1661   1.96924918304495075000E+015   4.44333130737227036531E-018
      1662   2.34771697770574600000E+015   4.09887427463133480032E-018
      1663   2.86187434765556300000E+015   4.54054383877884736044E-018
      1664   3.11179154557223800000E+015   4.96793449221035801124E-018
      1665   3.85421474767115400000E+015   5.19972648370759132272E-018
      1666   4.00894480802112100000E+015   4.99388775442836724940E-018
      1667   4.61645013190125600000E+015   4.32638674535748757778E-018
      1668   5.09168493758037500000E+015   4.55458340516959921448E-018
      1669   5.31544118994996000000E+015   4.81626112524684359717E-018
      1670   4.11269022831757050000E+015   5.68602949444925329609E-018
      1671   4.52394193206998900000E+015   5.51583061998653186215E-018
      1672   6.27430090088877100000E+015   4.33750188423267076489E-018
      1673   9.02209703165657000000E+015   3.20541924394457633441E-018
      1674   8.13597048785852400000E+015   3.20831218359740863708E-018
      1675   8.44379615050224500000E+015   3.87597807003258129980E-018
      1676   9.21762577227440200000E+015   4.46326875337561844719E-018
      1677   1.20647828624018580000E+016   3.97659810463157487404E-018
      1678   5.31462514191353500000E+015   5.73346258525813236587E-018
      1679   1.85804274526016600000E+016   3.22463211790682166183E-018
      1680   1.36768693419455040000E+016   3.62845666927729676514E-018
      1681   1.73599988067376680000E+016   2.98926403755221327597E-018
      1682   6.70938984949174300000E+015   4.93739543831406730917E-018
      1683   1.01429732354496840000E+016   3.79742608854713976959E-018
      1684   1.60021528705215280000E+016   2.38370254336757954713E-018
      1685   2.73085139700052760000E+016   1.36648693664670145719E-018
      1686   2.29959771938112720000E+016   1.93150510257554917837E-018
      1687   1.19462775151627620000E+016   3.31613621504607176145E-018
      1688   1.06419019472478940000E+016   3.17194510749080674392E-018
      1689   1.97420736892479280000E+016   1.48651480668477657584E-018
      1690   2.64516267126231400000E+016   1.24215704587622098800E-018
      1691   9.02107515502726800000E+015   2.78486184017040979174E-018
      1692   2.04253396372408160000E+016   1.61818757175269149037E-018
      1693   1.00516480429347020000E+016   3.77884564546215106734E-018
      1694   1.32115042158559060000E+016   3.20925725394739873587E-018
      1695   1.47371916256789640000E+016   3.14127529680763972653E-018
      1696   1.34384909727861920000E+016   1.96282473153241984833E-018
      1697   1.54713619960253160000E+016   1.14659626713216858942E-018
      1698   4.20476319623860300000E+015   5.32421673420425797046E-018
      1699   2.94264367358798040000E+016   2.65995989826459570961E-018
      1700   1.10715467942779860000E+016   4.36383012352237798106E-018
      1701   2.00778953142517840000E+016   2.54633572550850082819E-018
      1702   3.83890991624822960000E+016   7.31317463864568048374E-019
      1703   1.85224558832841320000E+016   2.33546911566699189512E-018
      1704   1.32532349644213040000E+016   3.20360493374940458201E-018
      1705   2.33063771218459480000E+016   1.47127895387388680121E-018
      1706   1.44364324745157840000E+016   3.82947418525572279654E-018
      1707   1.52199191666116520000E+016   3.23210161777581376427E-018
      1708   2.08748748287783040000E+016   2.31301179961353384245E-018
      1709   1.51852474475636960000E+016   3.65658993804157926190E-018
      1710   1.29792067102998500000E+016   3.71236572484474928362E-018
      1711   1.39995340564408240000E+016   3.93337795260982683927E-018
      1712   1.02238664641141600000E+016   4.79375825244852624759E-018
      1713   9.50262383457315200000E+015   4.03716367166154915704E-018
      1714   9.92022834470569000000E+015   3.57319575546340077689E-018
      1715   9.24387806771141400000E+015   3.44397576067897245239E-018
      1716   8.20429429344147700000E+015   4.06958475396978190975E-018
      1717   6.98583060403691600000E+015   4.11921637085517834176E-018
      1718   6.07615166684145500000E+015   3.97617072993520087327E-018
      1719   6.21471102085589400000E+015   4.23278629282612888405E-018
      1720   4.75463732638021300000E+015   4.25744221431962861722E-018
      1721   3.05019962609899550000E+015   3.90952343116719750052E-018
      1722   2.96716607136210300000E+015   4.00188105873213219191E-018
      1723   3.59729713138039800000E+015   4.41589969220388647505E-018
      1724   3.81494413576928500000E+015   4.71931144406357319489E-018
      1725   3.63487125212798150000E+015   4.45051965018931495187E-018
      1726   2.95913596081244850000E+015   4.50464643629334542742E-018
      1727   2.26945308922030600000E+015   4.62064332296244998119E-018
      1728   2.12022169312288200000E+015   4.20756246516042002174E-018
      1729   2.15382865316518000000E+015   4.00482259090493285333E-018
      1730   2.20704824694598150000E+015   4.46225677995281713311E-018
      1731   2.06665453876752550000E+015   4.81320090716617250338E-018
      1732   1.62364392229953350000E+015   4.49776464794535120158E-018
      1733   1.90008696356842125000E+015   3.45443732585856505300E-018
      1734   1.91767742308059575000E+015   3.07472625729358701614E-018
      1735   1.62377060796220875000E+015   3.86428119104692909194E-018
      1736   1.68963679696354000000E+015   3.84645818221243464431E-018
      1737   1.70050208509011750000E+015   3.45449206040873524407E-018
      1738   1.30462738446122350000E+015   4.90438511076640590294E-018
      1739   9.21812641454440125000E+014   5.57349902937999211206E-018
      1740   1.13646575721482850000E+015   5.59040539405781423843E-018
      1741   1.37116216459929000000E+015   5.43149140600803073959E-018
      1742   1.22609901423331850000E+015   6.90433892095265266290E-018
      1743   1.13244178589578050000E+015   7.42753414265684374101E-018
      1744   1.24427981241330200000E+015   6.28866252887697075756E-018
      1745   1.23213005029590150000E+015   5.98085316829022538207E-018
      1746   1.12510033581483875000E+015   5.58946264195071046734E-018
      1747   1.11099071903977262500E+015   4.97235115263364189275E-018
      1748   1.21428666293050625000E+015   5.14581027743423419117E-018
      1749   1.12565032648852100000E+015   5.34410904390594818981E-018
      1750   1.02467941751709350000E+015   5.45137662082091400516E-018
      1751   9.66771044284690125000E+014   4.91089466712134698428E-018
      1752   9.37149980996104250000E+014   4.38657538912655565412E-018
      1753   9.54156840152515500000E+014   4.41601181533029267204E-018
      1754   9.15361671694187875000E+014   4.90440877569602833466E-018
      1755   7.72080022565233250000E+014   5.55148038724585706453E-018
      1756   6.31786411614526875000E+014   4.92055379776600744604E-018
      1757   5.23608384914177750000E+014   4.93419752857106977782E-018
      1758   4.83132276679848375000E+014   5.28170496978297658350E-018
      1759   5.24050340982350312500E+014   5.91998700738852003980E-018
      1760   5.83441921813815875000E+014   6.78599129731200749601E-018
      1761   5.27435699820869875000E+014   7.73572024056110142552E-018
      1762   4.81872226845024125000E+014   7.85078603483634770308E-018
      1763   4.75779499600468875000E+014   6.86946590658722152745E-018
      1764   4.95571159971537125000E+014   6.31426242777349884717E-018
      1765   5.33046185264368687500E+014   5.48123162596992059117E-018
      1766   5.04811320474980125000E+014   5.84278013640754508563E-018
      1767   4.22972601848260187500E+014   6.21473036506733461827E-018
      1768   4.60450625232873375000E+014   6.91661955727572322960E-018
      1769   4.33928019305509062500E+014   8.02538620167612799648E-018
      1770   4.43672986392065437500E+014   7.72640461935860319417E-018
      1771   4.53061626756665750000E+014   7.24068125402461640531E-018
      1772   4.53769970437325875000E+014   7.59599514051119839356E-018
      1773   4.60016820774802500000E+014   7.38109664200533150391E-018
      1774   4.39779592572650125000E+014   7.87710355051319205378E-018
      1775   4.53705168429815625000E+014   6.56961525729440183938E-018
      1776   4.61476333592475687500E+014   4.72679000679067069437E-018
      1777   4.00174825101877875000E+014   5.54660943735132796374E-018
      1778   4.50704303898220937500E+014   6.51623152344444928256E-018
      1779   5.12618855055819687500E+014   6.58045074359931774420E-018
      1780   5.28914155131396812500E+014   6.60355280686642772697E-018
      1781   6.31085659763761625000E+014   6.06644112837700152885E-018
      1782   5.15676633215085875000E+014   6.02468088998077124329E-018
      1783   6.50872059931320000000E+014   5.28341917848415157973E-018
      1784   7.01833337317026625000E+014   5.33813431386138405651E-018
      1785   7.67433364118925000000E+014   6.40924693480665424257E-018
      1786   8.41167902125244875000E+014   6.04253231819795900621E-018
      1787   8.43835727739171000000E+014   5.65187368920096551961E-018
      1788   6.76325538007342125000E+014   6.14598408809968274452E-018
      1789   6.46271085456357250000E+014   5.84143376346505491599E-018
      1790   5.80006979825616375000E+014   5.53284825574815158004E-018
      1791   6.60791190168125000000E+014   5.90460594917219072508E-018
      1792   6.40737161991265875000E+014   6.60609264212929081690E-018
      1793   6.77624084670258250000E+014   6.34398010723451824715E-018
      1794   7.10946507592672000000E+014   5.69068065177467146319E-018
      1795   5.28115249379938937500E+014   6.58263795849107812148E-018
      1796   4.60896447123533062500E+014   6.48983605628689429075E-018
      1797   5.09935618584602750000E+014   6.46301436287304845680E-018
      1798   5.51869539666419875000E+014   5.40359804566890317651E-018
      1799   7.17729124272951625000E+014   5.34756288031325107766E-018
      1800   7.86363098721107250000E+014   5.66588100753934710741E-018
      1801   9.34132488488172125000E+014   6.38260137249842282498E-018
      1802   9.92588258285986875000E+014   5.33426004278506110626E-018
      1803   1.19379186389781750000E+015   4.96563519218608149658E-018
      1804   1.16700915297332625000E+015   5.05656346759198068796E-018
      1805   1.12837753778525925000E+015   4.68894862611951158321E-018
      1806   1.24768208133002825000E+015   4.36536695820214698943E-018
      1807   1.14436524265068275000E+015   4.27513928956889648472E-018
      1808   1.22331678967210975000E+015   5.61337841889687389137E-018
      1809   1.35792927441443900000E+015   5.40434642416130403348E-018
      1810   1.40880224863353850000E+015   4.48168888873156199649E-018
      1811   1.57941522782614750000E+015   3.51773471218954836694E-018
      1812   1.47905270696487575000E+015   3.67082417417097106434E-018
      1813   1.48786020088317700000E+015   4.27285021143786260272E-018
      1814   1.21570983655095150000E+015   5.04599658608394566725E-018
      1815   1.27241850814388975000E+015   5.30255741271558972829E-018
      1816   1.53739988584976950000E+015   4.74745920533737396177E-018
      1817   1.77132746881988750000E+015   4.80129582743518289392E-018
      1818   1.59299269682320200000E+015   4.23165360727399972871E-018
      1819   1.80584234036617975000E+015   3.83661815340325031382E-018
      1820   2.11108391984668700000E+015   4.53859879250408220226E-018
      1821   2.30582040873550100000E+015   4.51722768184168907382E-018
      1822   2.58768413562675050000E+015   3.62347528544570463503E-018
      1823   2.92933029944003700000E+015   3.84527739588438366004E-018
      1824   3.02389904401078450000E+015   3.84738842681760904273E-018
      1825   2.94607021538873700000E+015   5.27863438346476924236E-018
      1826   3.24739956315206450000E+015   5.44562302305289462953E-018
      1827   4.18082934385665750000E+015   4.38473049426881612785E-018
      1828   5.05395746731712400000E+015   4.33324802017963958977E-018
      1829   5.65207429976317100000E+015   4.30760094987208298777E-018
      1830   5.20842243431265800000E+015   5.05128184871101584227E-018
      1831   4.98225176471724100000E+015   5.93211203723014609404E-018
      1832   4.79681442200466000000E+015   6.34046048627208104717E-018
      1833   8.09799427387840200000E+015   4.01009785449101240011E-018
      1834   1.01212439612786880000E+016   2.92964322654834652767E-018
      1835   1.30544903415039320000E+016   2.77596880608206072384E-018
      1836   7.82439029772986900000E+015   3.76811944535056736023E-018
      1837   1.06573088337423240000E+016   3.52912524746992081806E-018
      1838   1.44057435536902480000E+016   3.47726074544307514278E-018
      1839   1.06367868797876020000E+016   5.33279106422023915830E-018
      1840   2.18137230914535960000E+016   2.07210560004659785110E-018
      1841   1.90680664960696800000E+016   2.17401063785738481868E-018
      1842   1.97760720048831360000E+016   3.40203007469679236952E-018
      1843   1.52534766396760820000E+016   3.14141352832252975402E-018
      1844   2.26155853313371400000E+016   2.31066125148031135984E-018
      1845   2.77331534976351440000E+016   1.19799663069004389791E-018
      1846   4.29689163953261680000E+016   1.06514896102270485921E-018
      1847   2.44523055733880600000E+016   1.38923881016690488726E-018
      1848   1.85914917141048040000E+016   2.67967318457415955886E-018
      1849   1.95620841325134680000E+016   2.44533218403826031532E-018
      1850   2.41676407229135280000E+016   1.59422804616794462077E-018
      1851   2.00140012580979520000E+016   2.08317472752406418760E-018
      1852   2.31173941961254600000E+016   1.61269656491407570454E-018
      1853   2.81648313448784120000E+016   1.58777934544722302895E-018
      1854   1.56829819605967380000E+016   2.76625460079502461528E-018
      1855   2.19339412635636560000E+016   2.26826248375508666938E-018
      1856   2.47352028921083600000E+016   1.96507790059184016835E-018
      1857   1.45841848306610680000E+016   2.66396000077366543172E-018
      1858   1.97366645841979000000E+016   2.38419277231106916684E-018
      1859   2.06627053025340080000E+016   3.96627768944635274343E-018
      1860   2.14482905255348760000E+016   2.33146110458159019737E-018
      1861   2.55843598929653200000E+016   2.42802287433910934607E-018
      1862   2.03206835503406920000E+016   2.12029141022560493464E-018
      1863   3.64114561266979360000E+016   1.94909530636135904453E-018
      1864   2.49760911916143880000E+016   2.00067235462677491409E-018
      1865   3.17734757009599040000E+016   1.56130221250119217284E-018
      1866   3.10769018000563560000E+016   1.09330151296684434381E-018
      1867   2.00327091229522280000E+016   2.70622257580335623359E-018
      1868   2.03526977086569960000E+016   3.09257979251474047433E-018
      1869   2.51818565022507280000E+016   2.26620274919214107806E-018
      1870   1.69403903565534780000E+016   3.12610461636505431129E-018
      1871   1.38160587847178400000E+016   4.00733926811917506172E-018
      1872   1.45442852034100840000E+016   4.35182675317213128761E-018
      1873   1.25393173106796980000E+016   4.29512500721441926427E-018
      1874   1.14037064803541080000E+016   3.54740444308353181879E-018
      1875   1.11205856613077160000E+016   3.43752323629049130910E-018
      1876   9.91732218078903400000E+015   3.56199404031253391302E-018
      1877   9.08054266601608400000E+015   3.59902196660186558551E-018
      1878   7.68005079509787400000E+015   3.58824252514959127548E-018
      1879   6.77959478281112100000E+015   3.17177110320304093496E-018
      1880   7.67874397332975400000E+015   3.47238008490179341626E-018
      1881   5.92403837850184000000E+015   3.80312007937072274132E-018
      1882   4.67131150955891100000E+015   3.52046729178492606653E-018
      1883   4.08219292686735300000E+015   3.84451350727866876483E-018
      1884   3.74132026278768450000E+015   3.91050103274489241584E-018
      1885   3.99410223738354000000E+015   4.20641278666585943201E-018
      1886   3.89906418387907050000E+015   4.77670237038930249836E-018
      1887   3.46782959000637800000E+015   4.82028487158939294863E-018
      1888   2.84795428796865650000E+015   4.81037627314074688938E-018
      1889   2.55140321011411300000E+015   4.63868145318926466490E-018
      1890   2.22980494387093425000E+015   3.87491636144330553445E-018
      1891   2.34308183228002650000E+015   3.77912868177922148557E-018
      1892   2.27462910490998900000E+015   4.26474253791584615560E-018
      1893   2.14938056536070975000E+015   4.31060087931984484277E-018
      1894   1.77467798980354925000E+015   3.93601362605867462259E-018
      1895   1.73946112430154000000E+015   3.19188543161590732840E-018
      1896   1.68967154401921100000E+015   3.66745719943897756304E-018
      1897   1.65699296497841650000E+015   4.37076227172235528205E-018
      1898   1.57350295427941325000E+015   3.92756936717754657114E-018
      1899   1.66226882242202025000E+015   3.48932275369542012162E-018
      1900   1.54790332394873950000E+015   4.25337406934032007021E-018
      1901   1.15030425863783075000E+015   4.95612619906252570782E-018
      1902   1.18946244187913675000E+015   5.48515909004028316514E-018
      1903   1.36236363784837825000E+015   5.52838779998546482631E-018
      1904   1.26305908481910425000E+015   6.79078791498980950668E-018
      1905   1.18377210369798475000E+015   6.77818231013644190013E-018
      1906   1.27513383561152025000E+015   6.18952049833348365733E-018
      1907   1.25040732198115850000E+015   6.16466870622783811086E-018
      1908   1.11884916948309025000E+015   5.46645492642424353373E-018
      1909   1.23920385389217350000E+015   4.66856143361862080186E-018
      1910   1.28046995451902450000E+015   4.48420024195502533394E-018
      1911   1.18354461113263825000E+015   5.09063117634836236095E-018
      1912   1.03974957579485487500E+015   5.23585699695348563196E-018
      1913   9.73606000063781625000E+014   5.24751932592154839450E-018
      1914   1.02148323530816750000E+015   4.36738934433968442297E-018
      1915   1.06885471021876387500E+015   3.98901567822239415662E-018
      1916   9.54837124921036875000E+014   4.35783280981334342128E-018
      1917   9.19090606318383000000E+014   5.15335590281936204417E-018
      1918   7.37386876115870625000E+014   4.87349636651673036828E-018
      1919   5.49312244308933125000E+014   4.87624673826117291710E-018
      1920   5.18432714548744187500E+014   4.91823179136155041358E-018
      1921   5.45385249058305312500E+014   5.42346269152959634387E-018
      1922   5.93093692901314125000E+014   6.25540697204941349747E-018
      1923   5.96213354792924500000E+014   6.71017851959616734520E-018
      1924   5.88784698726016000000E+014   7.09692471081840917869E-018
      1925   5.27176349936150000000E+014   7.51368448784154050073E-018
      1926   5.00851883800577375000E+014   6.86609314273890456500E-018
      1927   5.25217418017017250000E+014   6.01197391068222514379E-018
      1928   5.17126662102785062500E+014   5.30830956408922361048E-018
      1929   4.15465665294948000000E+014   6.02870258436748635024E-018
      1930   4.18008696182157000000E+014   6.43946479303274849770E-018
      1931   4.62802147517838250000E+014   7.36008304511699555049E-018
      1932   4.47052789131150000000E+014   7.98496476794138264374E-018
      1933   4.33667176156408062500E+014   7.63789286584545969186E-018
      1934   4.75455946901948000000E+014   7.17811648994166985288E-018
      1935   5.12448602659884750000E+014   7.22178061657910858206E-018
      1936   4.84807660373293375000E+014   7.49458957243183849412E-018
      1937   4.69680475388543000000E+014   7.02256316622053260800E-018
      1938   4.89719047609979187500E+014   6.02637801675443775959E-018
      1939   4.83412924124132125000E+014   5.46191027717389718614E-018
      1940   4.48913090280090687500E+014   5.00499359204223587679E-018
      1941   4.14321950752233187500E+014   6.48043495860387810270E-018
      1942   4.60107221679147875000E+014   6.84780023342788680757E-018
      1943   5.00923240950086562500E+014   6.70373453241953939871E-018
      1944   6.04970062826898000000E+014   5.94493602804091675499E-018
      1945   5.26082565717725562500E+014   6.00601388376993791629E-018
      1946   6.30247447200185250000E+014   5.46576457650985295291E-018
      1947   6.72041183596946125000E+014   5.37689743308456858208E-018
      1948   8.17197859192546250000E+014   5.78772440045551438005E-018
      1949   8.37221198252064250000E+014   6.25335721965302851100E-018
      1950   9.12747481578357250000E+014   5.54427923040380721762E-018
      1951   7.86636926127454875000E+014   5.61808070629246430096E-018
      1952   6.18325229256161000000E+014   6.29849848533401650738E-018
      1953   5.32292920925938812500E+014   5.99546765717542227840E-018
      1954   6.52125328589223500000E+014   5.03774893580845732984E-018
      1955   6.43883868878059375000E+014   6.32449492071446377612E-018
      1956   6.49137046223156125000E+014   6.33510280371718838865E-018
      1957   7.00504104717837125000E+014   6.16482754780996150477E-018
      1958   6.54353875012149125000E+014   6.38258856624979266415E-018
      1959   5.10593890298074875000E+014   6.95912039292132440391E-018
      1960   4.57950037598399187500E+014   6.73864354118687935299E-018
      1961   4.93205855147384312500E+014   6.85534568390022736353E-018
      1962   6.29711774425435750000E+014   5.30902157336613679843E-018
      1963   7.65452986632007250000E+014   5.46896335390487014772E-018
      1964   8.27462108114543125000E+014   5.65784044941947627946E-018
      1965   9.25918853422524500000E+014   5.62821567703291643280E-018
      1966   9.32952707459413500000E+014   5.87502571062116224088E-018
      1967   1.00976358841109725000E+015   5.12190264630835653852E-018
      1968   1.11772303522039487500E+015   4.77494444850808331503E-018
      1969   1.20203448286382800000E+015   4.91844077115975751984E-018
      1970   1.28583782330310725000E+015   4.73636474818782198255E-018
      1971   1.21224271320495100000E+015   4.90708497804721999934E-018
      1972   1.09945830492760550000E+015   4.96717264233037864477E-018
      1973   1.25075568239063475000E+015   4.93269231594488619017E-018
      1974   1.30121958035951200000E+015   4.50156958094231603280E-018
      1975   1.21432966252564600000E+015   4.42359434349728382338E-018
      1976   1.15551320296998900000E+015   4.23372561626035877335E-018
      1977   1.23021976808712825000E+015   4.63609880414450954163E-018
      1978   1.32169673232698275000E+015   4.95100455132893135074E-018
      1979   1.29185758375592150000E+015   5.40916015222461067218E-018
      1980   1.28003024863157650000E+015   5.48048340498107669200E-018
      1981   1.37324716703769200000E+015   4.87743555008501340033E-018
      1982   1.37993584195691900000E+015   4.65374374615736527067E-018
      1983   1.50230982718615450000E+015   4.00838466365093047923E-018
      1984   1.43464895641217450000E+015   4.03650987528154211630E-018
      1985   1.49514156809687700000E+015   3.77609346509321576370E-018
      1986   1.57338482508807275000E+015   3.36225225280581378522E-018
      1987   1.45819311889923900000E+015   3.28500441910334065819E-018
      1988   1.39094848550568900000E+015   3.65393368440165161927E-018
      1989   1.48831281351461050000E+015   3.85834751551946130046E-018
      1990   1.56816168572696600000E+015   3.79448279595572032772E-018
      1991   1.47180884904322825000E+015   4.24275742423813089856E-018
      1992   1.36572453742676975000E+015   4.71811868463809311975E-018
      1993   1.32361750180705000000E+015   4.94867150343917369207E-018
      1994   1.10642422514661437500E+015   5.20230112809635462194E-018
      1995   1.16130800414364350000E+015   4.91413298169705648812E-018
      1996   1.20059468352230150000E+015   5.23735037221533074383E-018
      1997   1.28536154879285150000E+015   5.07801756589624250401E-018
      1998   1.34120546504687225000E+015   4.24522493631477732715E-018
      1999   1.45845934217435525000E+015   4.30233557269586223425E-018
      2000   1.60118689332527900000E+015   4.37429948602045738029E-018
      2001   1.75484124142064225000E+015   4.82440771077620952638E-018
      2002   1.78090143266804100000E+015   4.96379614035821999639E-018
      2003   1.78827242875904875000E+015   4.55909910491432611334E-018
      2004   1.67297613244218225000E+015   4.19821400435828223595E-018
      2005   1.68565849699405775000E+015   3.90423368546217277101E-018
      2006   1.73661397672323625000E+015   4.59294767080612567881E-018
      2007   1.96900456249284100000E+015   4.81572584456239130673E-018
      2008   2.31659450997450300000E+015   4.97448517486740814748E-018
      2009   2.40437107279321850000E+015   4.79752349635428643006E-018
      2010   2.37334535882938550000E+015   4.66028345609470999374E-018
      2011   2.45321365349854050000E+015   3.70769563009584725459E-018
      2012   2.64140191267719400000E+015   3.57100715600280932768E-018
      2013   2.68094160739975250000E+015   3.36368300167215158041E-018
      2014   2.81011422239228850000E+015   3.43934990953397808292E-018
      2015   2.69483490276417750000E+015   3.77595559106824986273E-018
      2016   2.95489396522994650000E+015   3.82230306204744018467E-018
      2017   2.82155914681701500000E+015   4.75455394708478688214E-018
      2018   3.11423904550451200000E+015   5.07312583720591118391E-018
      2019   2.99747334455359850000E+015   5.55443371054137201467E-018
      2020   3.32632317722447000000E+015   5.38607090387178253116E-018
      2021   3.60477825400658750000E+015   4.49027114684037407383E-018
      2022   4.09535641726197900000E+015   4.21694856223081060995E-018
      2023   4.30699355337288400000E+015   4.02041055059445781779E-018
      2024   5.52133019358790400000E+015   3.86551775785172379767E-018
      2025   5.82534674716245400000E+015   3.96639790333970862795E-018
      2026   6.03907265495434900000E+015   4.41126759983687670170E-018
      2027   5.90171147459708700000E+015   4.79685747555903015974E-018
      2028   5.65086837708134600000E+015   4.92110333734945128831E-018
      2029   6.15174063000179600000E+015   4.79596432414662100470E-018
      2030   5.88551565474017700000E+015   5.91052381028352300098E-018
      2031   5.34961219672482900000E+015   6.47236830660752921989E-018
      2032   4.77236906839348200000E+015   6.29409119064965028137E-018
      2033   5.48433692718591600000E+015   5.77982631710793396965E-018
      2034   7.64596742155736400000E+015   4.41659233503832773254E-018
      2035   9.77688470391528000000E+015   3.16899804764833965688E-018
      2036   1.02635246296996020000E+016   3.04707302538523985908E-018
      2037   1.24196009416007640000E+016   2.66099183204914784341E-018
      2038   1.25772038989896280000E+016   2.42673215578067447161E-018
      2039   1.27414634459216040000E+016   2.81095570019697113954E-018
      2040   9.21691982666552600000E+015   3.32416536703492589867E-018
      2041   8.29101786527750800000E+015   3.41598847275109611732E-018
      2042   1.13875989392154100000E+016   3.20882103530971453853E-018
      2043   1.66597307303077720000E+016   2.98309115933698535646E-018
      2044   1.49514743770507280000E+016   3.07463538677920022105E-018
      2045   7.55183481818823600000E+015   4.70092706426924913050E-018
      2046   1.00423955468713760000E+016   5.19213832690411033729E-018
      2047   2.16017404340089600000E+016   3.27254092262223129984E-018
      2048   2.79022914113225000000E+016   1.37214366326638265153E-018
      2049   1.96862292454642480000E+016   2.11741845202603824442E-018
      2050   1.97302824476629280000E+016   2.35752517866929410443E-018
      2051   3.09737717251075720000E+016   1.64602962493702664163E-018
      2052   2.70270140069774400000E+016   2.07843802226247633423E-018
      2053   1.85930310561646160000E+016   3.12302271329748056720E-018
      2054   2.11512741156684480000E+016   2.98795523417188659284E-018
      2055   1.70967446084998260000E+016   2.41222019556064411626E-018
      2056   2.30071760968998160000E+016   1.97054507326647232533E-018
      2057   4.03511349386360000000E+016   1.05890559070928972568E-018
      2058   3.37815674902549560000E+016   1.18196649150520982488E-018
      2059   2.90941787992489200000E+016   1.80165205715435438665E-018
      2060   3.22960427391418920000E+016   1.31496027505388346856E-018
      2061   4.78534501813139600000E+016   8.65792364582127735280E-019
      2062   3.48282201593747440000E+016   1.08955852684518620737E-018
      2063   2.00873377213967040000E+016   1.63433138344785378640E-018
      2064   2.98259162560832280000E+016   1.86233771479724095861E-018
      2065   2.11307247591826200000E+016   3.35078460332015936075E-018
      2066   1.78020757456862280000E+016   2.20608860131494909705E-018
      2067   3.40408800062335240000E+016   7.49255932356133734474E-019
      2068   1.82031739792577200000E+016   1.48944143913007825318E-018
      2069   4.93466374583747920000E+016   8.63425767332888508827E-019
      2070   4.19904339635224560000E+016   1.26226789235680797366E-018
      2071   2.21139410483670840000E+016   2.38839972445701482644E-018
      2072   1.66332205807786520000E+016   2.50588195605434875081E-018
      2073   4.23981686749193920000E+016   1.15406579019108863330E-018
      2074   4.51334655513101760000E+016   9.40756355909002133010E-019
      2075   2.96957705475604320000E+016   1.48881019462454782748E-018
      2076   2.41999289462496200000E+016   2.06351211616067208854E-018
      2077   2.62083543395246680000E+016   1.70707038497900125152E-018
      2078   2.76843874079148160000E+016   1.46196302455547135872E-018
      2079   1.91872637159603760000E+016   2.12318236134342213543E-018
      2080   2.74157667898249560000E+016   1.99331070830017676947E-018
      2081   2.68623292896527680000E+016   2.00510597516384374769E-018
      2082   2.11094908926906240000E+016   2.20144949690949738572E-018
      2083   2.05677372196002760000E+016   2.27528472717423370117E-018
      2084   2.62740268772493640000E+016   2.18812114372218013845E-018
      2085   9.12641493532131200000E+015   5.05397376960517367903E-018
      2086   1.38101545080708460000E+016   4.28740835530247634327E-018
      2087   3.67273839020391520000E+016   1.61378911986856222081E-018
      2088   3.94522078922999120000E+016   1.33430239352707233349E-018
      2089   2.26341794830675280000E+016   2.06419820876665788033E-018
      2090   2.56247978187825240000E+016   2.53005620207656972170E-018
      2091   3.71720027225162400000E+016   8.96770402510303160384E-019
      2092   9.70564759538072600000E+015   3.61006684166623442936E-018
      2093   1.89305948751196200000E+016   2.86478384734502952579E-018
      2094   6.69585017530695200000E+016   5.87972762204978096410E-019
      2095   2.07218296093352800000E+016   3.33754536140002312041E-018
      2096   2.39609878435648680000E+016   2.76137331884393834410E-018
      2097   3.51244014597877280000E+016   1.70543825199802539951E-018
      2098   4.78072798855176400000E+016   1.19148045237416302888E-018
      2099   3.65867310512212960000E+016   1.28625851572173349114E-018
      2100   5.92596811840700080000E+016   6.60337423776069238299E-019
      2101   3.97632099711348800000E+016   1.11054299727076061613E-018
      2102   2.01242524743293520000E+016   2.04604092021630300761E-018
      2103   2.21449231024981080000E+016   2.33528190937717273223E-018
      2104   2.84313565026611960000E+016   2.14821088136778782550E-018
      2105   2.24726083482308680000E+016   3.20597995863914862119E-018
      2106   1.66208765751995480000E+016   3.83096602502279378069E-018
      2107   2.66889421220000280000E+016   2.59781336824667770891E-018
      2108   2.48162879435525120000E+016   2.32010238230331728559E-018
      2109   2.14291867447422080000E+016   3.03586395492247413417E-018
      2110   1.99487490677879040000E+016   3.40527942365456533791E-018
      2111   2.03919280804138520000E+016   3.47649573926791495252E-018
      2112   1.85856972963041360000E+016   3.70472987007703558949E-018
      2113   1.67007559780374860000E+016   3.79399067360831335683E-018
      2114   1.43509048809771420000E+016   3.89478474008096428331E-018
      2115   1.13115427786293180000E+016   3.89376858654830574420E-018
      2116   1.26593481345554560000E+016   3.25494596845331237544E-018
      2117   1.35619724891283820000E+016   2.82297875877791904267E-018
      2118   1.36365237809384620000E+016   2.83460454308300859758E-018
      2119   1.14881437638257620000E+016   3.41444742033603872644E-018
      2120   1.06848491514494360000E+016   3.52595924807081736717E-018
      2121   1.04739794423961580000E+016   3.46782564508244783297E-018
      2122   1.01111436983023860000E+016   3.37978341837368044595E-018
      2123   9.28658160348421000000E+015   3.58749857854285238228E-018
      2124   8.13703159832327200000E+015   3.77290163337166496938E-018
      2125   8.83015421235318800000E+015   2.74459192454413984697E-018
      2126   8.48414142283554200000E+015   2.69587511604360767172E-018
      2127   7.77369428856777500000E+015   3.01681028001163883227E-018
      2128   8.01479956695286800000E+015   3.17918958366536476145E-018
      2129   8.18504540712461500000E+015   3.17596289749817137578E-018
      2130   7.27901539180536700000E+015   3.47855750155551436322E-018
      2131   5.91004125730211300000E+015   3.71869612357938232718E-018
      2132   5.27048272688399500000E+015   3.61861299389351089254E-018
      2133   5.69099049857913700000E+015   3.23826081359878146021E-018
      2134   5.29357581526034200000E+015   3.67506613153614975690E-018
      2135   4.95450563765703300000E+015   3.77473327143531829938E-018
      2136   5.14263540363628900000E+015   3.47667090181001903463E-018
      2137   4.03228571592842000000E+015   3.75572742273762984626E-018
      2138   4.23571907502956450000E+015   3.70115151769453739329E-018
      2139   4.27224647033372350000E+015   3.71642140162524027149E-018
      2140   4.38932535569945400000E+015   3.92083286810450741283E-018
      2141   4.08889742885577700000E+015   4.62774731553447495081E-018
      2142   3.94389740381638250000E+015   4.84151321072307090555E-018
      2143   3.62973614400114950000E+015   4.86696721031101636384E-018
      2144   3.48527215818951150000E+015   4.94529806638526867579E-018
      2145   3.03347676579287200000E+015   4.90052725338511271817E-018
      2146   2.85292000485061600000E+015   4.85474279907675752958E-018
      2147   2.76936647895346850000E+015   4.44770971723746577040E-018
      2148   2.73271988497774900000E+015   3.98474566104797853370E-018
      2149   2.48538906999431850000E+015   3.61600091018113256121E-018
      2150   2.44809980102745050000E+015   3.55835606503851033555E-018
      2151   2.27116349848437650000E+015   3.73607503301466124495E-018
      2152   2.28142883168092150000E+015   3.87975643675247103247E-018
      2153   2.39373025917118450000E+015   4.16568108905454547528E-018
      2154   2.33034337139663150000E+015   4.27333599702359888507E-018
      2155   2.42023364902521250000E+015   4.17128615217149452885E-018
      2156   2.19035396228373800000E+015   4.40167772962216197276E-018
      2157   2.13694077837148825000E+015   4.11905439944470445834E-018
      2158   1.90323669249156825000E+015   3.72908438654580535945E-018
      2159   1.74847274491768125000E+015   3.57780387855361555606E-018
      2160   1.70449436641183000000E+015   3.47456487253072977305E-018
      2161   1.64342849963831100000E+015   3.25174627183743203707E-018
      2162   1.72630858079432400000E+015   3.45322206836215631306E-018
      2163   1.62204890480450225000E+015   3.79366339350878539538E-018
      2164   1.53373421150823150000E+015   4.09838411159225113488E-018
      2165   1.51231416049526650000E+015   4.27310427092194923504E-018
      2166   1.46603429220876475000E+015   4.51889492099659109010E-018
      2167   1.52727115070643350000E+015   4.76563326217796379776E-018
      2168   1.67856748396894975000E+015   4.37703774431119463609E-018
      2169   1.60122164633344100000E+015   3.93111868868733874581E-018
      2170   1.73007623772459075000E+015   3.44371172255333091090E-018
      2171   1.70231025986460425000E+015   3.26395308316964679081E-018
      2172   1.57260876534460375000E+015   3.45232629879658674028E-018
      2173   1.55318055521912675000E+015   3.76906733690768392011E-018
      2174   1.56757914585666675000E+015   4.09598308768746116224E-018
      2175   1.40831668171586975000E+015   4.13124169138108586227E-018
      2176   1.35054110997434375000E+015   4.25121897638103392056E-018
      2177   1.20256929283896350000E+015   5.09083874641715540873E-018
      2178   1.30929187047850250000E+015   5.02177183159499192107E-018
      2179   1.27476525405158100000E+015   5.50320753316931567585E-018
      2180   1.34987014492933975000E+015   5.75634023524469644316E-018
      2181   1.38152329145251825000E+015   5.93820539730721684589E-018
      2182   1.34000353321765175000E+015   6.07219950313188351601E-018
      2183   1.25186905390040700000E+015   6.82448506073343405879E-018
      2184   1.25172142072883875000E+015   6.91430206546129266467E-018
      2185   1.15912619812695750000E+015   6.54714772373776486207E-018
      2186   1.27201945319742000000E+015   6.27064896087792746285E-018
      2187   1.32160129476020475000E+015   6.23381952422099150464E-018
      2188   1.34775038421229700000E+015   6.09610642832110926576E-018
      2189   1.28447842420982200000E+015   5.95662705686008819435E-018
      2190   1.17664130039255025000E+015   5.61433806840803494081E-018
      2191   1.12450412486900375000E+015   5.14739881074332535803E-018
      2192   1.24604955349012650000E+015   4.61746155605135279154E-018
      2193   1.30240759209030025000E+015   4.36562682555599947129E-018
      2194   1.21370483772581050000E+015   4.76107459855654997359E-018
      2195   1.14808154714256075000E+015   5.09480198987405953397E-018
      2196   9.68749468190420000000E+014   5.40311937712563399757E-018
      2197   9.42687532314605750000E+014   5.06916366994891862860E-018
      2198   1.08016665504226075000E+015   4.04164675875677284873E-018
      2199   9.88789034937004750000E+014   4.30812061666930948561E-018
      2200   9.84441248090258750000E+014   4.56178049574417182824E-018
      2201   9.26437832628841000000E+014   5.16559291927718324402E-018
      2202   7.18112567434585250000E+014   4.93382029178729221914E-018
      2203   5.61174978776356812500E+014   4.87333531356300615261E-018
      2204   5.51113468645432500000E+014   5.38094144174032582816E-018
      2205   5.75782879760052250000E+014   5.50528152020944318283E-018
      2206   6.22697360165891125000E+014   6.48268771918105987087E-018
      2207   6.07861307551296000000E+014   6.80849474624518105721E-018
      2208   5.89655030109050375000E+014   6.81441387442343328123E-018
      2209   5.27577331031226375000E+014   7.05834987527143878006E-018
      2210   4.86111889328946562500E+014   6.65603907197264151643E-018
      2211   5.40192414271199000000E+014   5.27693035631970637446E-018
      2212   4.39932047556298375000E+014   5.20601610062877162922E-018
      2213   3.97711263542896500000E+014   6.15291411608335964190E-018
      2214   4.19515019546525687500E+014   6.61688475872847238047E-018
      2215   4.83223973832303562500E+014   7.27526031534154894397E-018
      2216   4.61774712249947375000E+014   7.89607921986222126673E-018
      2217   4.51502940426112875000E+014   7.33737104515826803758E-018
      2218   5.00437905363513500000E+014   7.13478258859039548930E-018
      2219   5.37608367916335187500E+014   7.04456372237136459395E-018
      2220   5.14863292770628812500E+014   7.13956826353982737496E-018
      2221   5.24399015428814312500E+014   6.20176728880560463291E-018
      2222   5.09950862744874000000E+014   5.38265220008403088278E-018
      2223   4.67110929514416375000E+014   5.27904225679970441106E-018
      2224   4.21732673598828000000E+014   6.52271054436367863541E-018
      2225   4.63856771729390125000E+014   6.53743194576666725240E-018
      2226   5.29490228308932062500E+014   6.11568010782064905409E-018
      2227   5.35060079767119437500E+014   6.24936079796630633722E-018
      2228   5.25964193125146812500E+014   5.66137194895060637273E-018
      2229   6.63827640738194000000E+014   4.59740413004840511215E-018
      2230   7.19013374208926250000E+014   5.00253476357367820508E-018
      2231   8.27847728573569000000E+014   5.43697410045139449834E-018
      2232   8.96321713342376000000E+014   5.72771089883606534792E-018
      2233   8.44681894344169625000E+014   5.95717634539039090944E-018
      2234   8.08583925924507625000E+014   5.61602994992034332952E-018
      2235   6.65890385584900750000E+014   5.97338739046549625989E-018
      2236   5.14714800758068750000E+014   6.28487552475964210895E-018
      2237   6.07677213139909125000E+014   5.54494252311913779642E-018
      2238   6.58797671625221750000E+014   6.11546382445677665555E-018
      2239   6.47463230864909250000E+014   6.84209101811525058350E-018
      2240   6.74133816887920500000E+014   6.13347690568998031119E-018
      2241   6.85504597466399375000E+014   5.77845403074124756335E-018
      2242   6.18572948662201125000E+014   6.16830030022335417448E-018
      2243   4.82204079377740437500E+014   6.91643023896441901346E-018
      2244   5.42079411492380375000E+014   7.34450271298020707877E-018
      2245   6.19047550103978875000E+014   6.63873845225155869875E-018
      2246   7.54261161552394875000E+014   6.03409308645994452581E-018
      2247   8.80615567415544625000E+014   5.50220186847919210843E-018
      2248   9.42372590276395500000E+014   5.48054519099670572272E-018
      2249   1.01481180992679500000E+015   5.25441979835043844482E-018
      2250   1.00579077736631075000E+015   5.00061024414735716213E-018
      2251   1.10278251256621550000E+015   4.68010554776217963473E-018
      2252   1.22667231014009425000E+015   4.44596266705026755045E-018
      2253   1.27971597165451325000E+015   4.74169493924159190292E-018
      2254   1.16933734811351200000E+015   5.23230626177103490454E-018
      2255   1.08488016425094787500E+015   5.48816172272179501815E-018
      2256   1.07619498168843325000E+015   5.46565815768302649100E-018
      2257   1.29393930612129925000E+015   5.06471026699539239224E-018
      2258   1.31759359911953875000E+015   4.62935882771689919362E-018
      2259   1.28094600277734325000E+015   4.40473512117620258777E-018
      2260   1.15604453788435950000E+015   4.37673440366490338257E-018
      2261   1.25985537209734600000E+015   4.95253227087273539520E-018
      2262   1.32797736430131575000E+015   5.29443882786707875039E-018
      2263   1.42037961879640650000E+015   5.25746824044443969056E-018
      2264   1.33356115892029975000E+015   5.10321515824199655940E-018
      2265   1.32412485363849900000E+015   4.85330395144940901164E-018
      2266   1.33381046846150500000E+015   4.75734363822983196310E-018
      2267   1.28973713767412475000E+015   4.24840512325553316098E-018
      2268   1.42831372205810000000E+015   3.82978384939802180048E-018
      2269   1.38212322992161600000E+015   3.94945749936067792749E-018
      2270   1.33472480070547925000E+015   3.83907000268045292388E-018
      2271   1.35435025998494900000E+015   3.64204477546534336264E-018
      2272   1.49266719298157225000E+015   3.11131254930537026079E-018
      2273   1.52862610209420925000E+015   3.35197808087770114012E-018
      2274   1.51253121558969200000E+015   3.57548539584576187283E-018
      2275   1.37304087488536050000E+015   4.18817992696998482397E-018
      2276   1.33587782889466700000E+015   4.37803842576380444909E-018
      2277   1.31107513739939525000E+015   4.88193932696304552607E-018
      2278   1.17775370352890425000E+015   4.72421077796131770264E-018
      2279   1.13635976129227025000E+015   4.80046248897798439998E-018
      2280   1.12615733915809525000E+015   5.43735190228830363547E-018
      2281   1.29017199078990350000E+015   4.80648492889877350381E-018
      2282   1.29153863223798100000E+015   4.97503675431874794606E-018
      2283   1.51574743576459950000E+015   3.77390316736627933354E-018
      2284   1.50663555815493825000E+015   4.60336432452807604381E-018
      2285   1.76026421898307275000E+015   4.71669219414560959590E-018
      2286   1.73063189380380925000E+015   5.27885188394998276995E-018
      2287   1.72799817956802150000E+015   5.48073835080428787480E-018
      2288   1.63877876865867225000E+015   5.29771822213348378754E-018
      2289   1.65227108904542875000E+015   5.68812579967712646675E-018
      2290   1.93318579078768025000E+015   6.09212670962135854043E-018
      2291   2.13454899752968650000E+015   6.37567135981923066047E-018
      2292   2.37885849264303950000E+015   5.79860167363317184553E-018
      2293   2.57635004210010300000E+015   5.14840053295947840281E-018
      2294   2.71703826902570250000E+015   4.29774979020924628953E-018
      2295   2.41327037979110850000E+015   4.00422877903470206749E-018
      2296   2.34085288665011250000E+015   3.62005825952795721795E-018
      2297   2.57485619667426450000E+015   3.22086540825880494984E-018
      2298   2.62749980638755900000E+015   2.98770025470581276962E-018
      2299   2.53859340264302300000E+015   3.11289238833253457753E-018
      2300   2.76961934643627400000E+015   3.60675814236812075894E-018
      2301   2.86440907126052550000E+015   3.39186696097625006728E-018
      2302   3.07456892466506550000E+015   4.02410323699405447376E-018
      2303   3.30867126698379750000E+015   4.91158936218119027838E-018
      2304   3.11865818051088200000E+015   5.24753084780898779671E-018
      2305   3.56366753890744050000E+015   4.72278669000113691006E-018
      2306   3.95990138893744400000E+015   4.39948945944258865133E-018
      2307   4.05032232896149650000E+015   4.52238864035751817335E-018
      2308   4.44992493998811850000E+015   4.36078409388459664695E-018
      2309   5.49947598355054300000E+015   4.71689093883894579225E-018
      2310   6.15599480735318600000E+015   4.65280040678088244091E-018
      2311   6.56817328171675900000E+015   4.34876164311204298315E-018
      2312   6.95695283798549800000E+015   4.28861716374630694365E-018
      2313   7.00164196788868000000E+015   4.07121958876982516359E-018
      2314   7.60416323146639200000E+015   3.91447654241743236513E-018
      2315   7.61618091100740100000E+015   4.73475143399263943219E-018
      2316   6.93144259314248300000E+015   5.12574548144613608680E-018
      2317   6.31593709749877500000E+015   5.67167340976726958173E-018
      2318   6.08265823480436200000E+015   5.39583895849127897569E-018
      2319   8.87935636930966800000E+015   4.38845413673794101106E-018
      2320   1.09628758930648640000E+016   3.59003309345865122612E-018
      2321   1.15285337451153860000E+016   3.06623316848674213187E-018
      2322   1.34599717429133240000E+016   2.90696585463848576158E-018
      2323   1.62295236470228020000E+016   2.78808573915684054211E-018
      2324   1.94163262142969200000E+016   2.58135893162374883694E-018
      2325   1.78792668315639580000E+016   2.73336213005477592708E-018
      2326   1.47675178321357420000E+016   2.98658717589826383985E-018
      2327   1.41302186215504340000E+016   2.94400588209874041753E-018
      2328   1.73375250876537160000E+016   2.90718527719621438341E-018
      2329   3.01577145521560200000E+016   2.10819307757529068763E-018
      2330   2.30087017100331360000E+016   2.29334955073965096824E-018
      2331   1.92287168315163360000E+016   3.09779022283162651203E-018
      2332   2.44507138564957720000E+016   2.32956953488763986425E-018
      2333   2.81471492293640600000E+016   1.54973796498434553091E-018
      2334   2.36798944035030800000E+016   1.74745025093481689492E-018
      2335   1.21802739974704680000E+016   2.85864939827202524743E-018
      2336   2.15900277908923520000E+016   2.46153815563275858171E-018
      2337   3.42820617387401880000E+016   1.33206878952233431956E-018
      2338   2.55650349588507680000E+016   1.81115952455526298543E-018
      2339   2.08439864946239520000E+016   2.14901287440787164267E-018
      2340   3.61256415203266400000E+016   1.31223190544613986744E-018
      2341   4.39544310827840320000E+016   1.26959938442882191849E-018
      2342   4.38732513843806560000E+016   1.05519570737590754719E-018
      2343   5.22743763550808480000E+016   8.52076722219080858133E-019
      2344   3.41855572229548080000E+016   1.29527205080260565502E-018
      2345   4.29489017192704080000E+016   1.31372200337945222630E-018
      2346   4.66627448163074560000E+016   8.17072027833583625394E-019
      2347   4.54301477326856240000E+016   1.09729407794544974580E-018
      2348   7.47415237125157920000E+016   6.80999278652696742781E-019
      2349   4.93250043742390080000E+016   1.23445501892791014024E-018
      2350   2.82377132384229280000E+016   1.62365463775366821304E-018
      2351   2.49722553164518840000E+016   3.61829105354478366316E-018
      2352   4.65863935375977920000E+016   1.08519527751413083463E-018
      2353  -5.97642996308933700000E+015   5.81745554882232660757E-018
      2354   7.54239824686483040000E+016   6.97932345304591018607E-019
      2355   9.81964624761640480000E+016   4.39389738786486142007E-019
      2356   3.49535002553752400000E+016   1.77486066705062637974E-018
      2357   3.06137468116580400000E+016   2.21674186986778851901E-018
      2358   5.43516345818028400000E+016   1.35992622438204685608E-018
      2359   5.30392701621976320000E+016   9.50870817276816805561E-019
      2360   5.18835879815199200000E+016   8.64260524049120458338E-019
      2361   4.20795160771600720000E+016   8.49822986182231240914E-019
      2362   3.61205010480818000000E+016   8.12226797719553396911E-019
      2363   3.39187420240280640000E+016   5.58596924248581827079E-019
      2364   2.39565213287779560000E+016   1.47264953056057534527E-018
      2365   1.43658986006716120000E+016   1.83829240012620219009E-018
      2366   1.91495729489340040000E+016   1.77238501624105281943E-018
      2367   3.40240084127545440000E+016   1.26848697047005591716E-018
      2368   2.99942885833270280000E+016   1.22337613965513576582E-018
      2369   4.70002648040830560000E+016   9.99896476678442783019E-019
      2370   4.31795230295522000000E+016   1.36776933483446781199E-018
      2371   2.92140080098306840000E+016   2.35894110103310104792E-018
      2372   2.16201619461013120000E+016   1.43284481315250850908E-018
      2373   7.19529269360860880000E+016   9.84406926098412799611E-019
      2374   6.25826084393226400000E+016   5.77596407838843077748E-019
      2375   4.94990785914932240000E+016   1.10799380435425044436E-018
      2376   7.37156985534988800000E+016   7.43797653136755699931E-019
      2377   1.77450211501911080000E+016   2.94258796210103029099E-018
      2378   6.32610458817404320000E+016   1.51059744867453372961E-018
      2379   2.62786668464491240000E+016   2.14758398697095002444E-018
      2380   6.06159657996667920000E+016   1.01601293930166043852E-018
      2381   7.63833079706692160000E+016   8.48446104548525523070E-019
      2382   3.03909725351558240000E+016   1.95729035369290725592E-018
      2383   2.93942824708165720000E+016   2.31522759097508563868E-018
      2384   8.84752667799213280000E+016   1.04996129999138267450E-018
      2385   8.02534403054352640000E+016   1.05563257207001983300E-018
      2386   5.79492669031336400000E+016   9.77576422874359492187E-019
      2387   6.86349295638706880000E+016   6.39884015089189522930E-019
      2388   3.29362909782276880000E+016   1.66672865556720610479E-018
      2389   2.78785914629620040000E+016   2.29108818754482329675E-018
      2390   2.84516074309034560000E+016   2.05475169265878673399E-018
      2391   3.65953652981774800000E+016   1.41282665773740613602E-018
      2392   4.21034512166291360000E+016   1.30011982449429955098E-018
      2393   2.83450505959437640000E+016   2.16321806527121782145E-018
      2394   4.38065308870208800000E+016   1.75455739455683221831E-018
      2395   4.54357674575479280000E+016   1.50508764575390241366E-018
      2396   2.55811343077428440000E+016   2.12575875309783558744E-018
      2397   3.37884339438625240000E+016   1.66741635049132617746E-018
      2398   2.43239293712330760000E+016   3.26334182794686786937E-018
      2399   1.61059435504560160000E+016   3.62888459410573867815E-018
      2400   1.80338312226093840000E+016   3.07730848322857937828E-018
      2401   1.74324706757416080000E+016   3.49934941168261440200E-018
      2402   1.92096553501667120000E+016   2.90281888141086217178E-018
      2403   1.84050800509632000000E+016   2.55427530939632823930E-018
      2404   1.86094559788146640000E+016   2.05659051908690398106E-018
      2405   1.55197657827166100000E+016   2.79864619721406897480E-018
      2406   1.08995775211859520000E+016   4.02034795765624362842E-018
      2407   1.11688078542096000000E+016   3.79214100296630116527E-018
      2408   1.32939264529369680000E+016   2.84138148080733458728E-018
      2409   1.10330912495704000000E+016   3.09992570684616624545E-018
      2410   9.10150403372006600000E+015   3.22511311740174783352E-018
      2411   8.14147097491696400000E+015   3.24337474618109240164E-018
      2412   8.34915066642678200000E+015   3.04054433475653692757E-018
      2413   8.89979134740622400000E+015   3.34891841385174666887E-018
      2414   8.52925520817056700000E+015   3.45381196106794707836E-018
      2415   7.95712780858344400000E+015   4.02088144671481137245E-018
      2416   8.88413811747632300000E+015   3.39127774706104813487E-018
      2417   7.90686073063593100000E+015   3.23505318934538202680E-018
      2418   6.83870805860696400000E+015   3.34672100627007508068E-018
      2419   7.05705766107118000000E+015   2.87985245318069511309E-018
      2420   7.21946150783099000000E+015   2.65648319131079261465E-018
      2421   7.45305064940727900000E+015   2.77220402194897784427E-018
      2422   6.57257607040518400000E+015   3.27584611658521181380E-018
      2423   5.91492419632360200000E+015   3.45399666395069416027E-018
      2424   5.43952217493219400000E+015   3.27788169408951353662E-018
      2425   5.02609154533452100000E+015   3.30506548815358462365E-018
      2426   4.55992734221917400000E+015   3.37544405477790986136E-018
      2427   4.24327184139317800000E+015   3.75297204643348896529E-018
      2428   3.76547479112701600000E+015   4.72337905534494660844E-018
      2429   3.65954003687393650000E+015   4.91071012973735650515E-018
      2430   3.36630248655047600000E+015   5.10714344222403136416E-018
      2431   3.08193358511268700000E+015   5.20876205805810075679E-018
      2432   3.18070197178934600000E+015   4.93360987702798812690E-018
      2433   3.12668273909921700000E+015   4.69763803877020880997E-018
      2434   3.12353644213858600000E+015   4.51317998844324833664E-018
      2435   3.17898315389896350000E+015   4.28480775928909772427E-018
      2436   2.63954536628677250000E+015   3.81726987761476533896E-018
      2437   2.51271180509918250000E+015   3.49860245511812120388E-018
      2438   2.72708687238352600000E+015   3.44169011747321883119E-018
      2439   2.37473089437887450000E+015   3.73658559777096064987E-018
      2440   2.38978445166400850000E+015   3.69601180879521406772E-018
      2441   2.72765960651694600000E+015   3.81937953857718477523E-018
      2442   2.45085862008535200000E+015   4.01244449348476173489E-018
      2443   2.54695410432025600000E+015   3.95059422337015097149E-018
      2444   2.47508884215526200000E+015   3.97763673229117709651E-018
      2445   2.53204111235002700000E+015   4.00140372635687748157E-018
      2446   2.30891921946744550000E+015   3.95894584266583672737E-018
      2447   2.18026628340576275000E+015   3.90482369282401002592E-018
      2448   2.09274766438787075000E+015   3.63935965606887068817E-018
      2449   1.97036505298690650000E+015   3.49727073409362508120E-018
      2450   1.74583103863768975000E+015   3.60365883453957703038E-018
      2451   1.99919173539020050000E+015   3.43993417101083401981E-018
      2452   1.81252692007815925000E+015   3.90370214902406264483E-018
      2453   1.68165717602992925000E+015   4.36670706821938808611E-018
      2454   1.59193609183560900000E+015   4.49940008299404912873E-018
      2455   1.83340627363636375000E+015   4.42752070704623560643E-018
      2456   1.95204605484474250000E+015   4.61566705999097822234E-018
      2457   1.78378500445099875000E+015   4.41322022038471974734E-018
      2458   1.71471778867032825000E+015   3.91111178979254990751E-018
      2459   1.46497449141121925000E+015   3.69826447838580611050E-018
      2460   1.58260162379878500000E+015   3.40234023591387471478E-018
      2461   1.47850497402949425000E+015   3.21675577822351776936E-018
      2462   1.71226473128976600000E+015   3.34997639315174572979E-018
      2463   1.67408808928612025000E+015   3.56878980880367772875E-018
      2464   1.42174289135982525000E+015   4.13487717958198788406E-018
      2465   1.24461252270392250000E+015   4.47129045434556051915E-018
      2466   1.25886076868734875000E+015   4.64581934396823261481E-018
      2467   1.44473139374076400000E+015   4.99456439678891660322E-018
      2468   1.50909613000890400000E+015   5.19222348516274595227E-018
      2469   1.42437726061404175000E+015   5.75624163100298510306E-018
      2470   1.33034375439384300000E+015   6.11548033705067102579E-018
      2471   1.36946241049393125000E+015   6.14405588321174936227E-018
      2472   1.25737948276867525000E+015   6.33980737802268312731E-018
      2473   1.20693593393439600000E+015   6.53919557560142443185E-018
      2474   1.28770291535481125000E+015   6.45007160950787754386E-018
      2475   1.27848003271342175000E+015   6.05202957888474938436E-018
      2476   1.34055526086513525000E+015   6.13192869765197757041E-018
      2477   1.36477511635423300000E+015   5.98440127412597041045E-018
      2478   1.28262871477372975000E+015   5.63321422533029165931E-018
      2479   1.30337608056044650000E+015   5.45160297586155080903E-018
      2480   1.26502294012795800000E+015   4.69582472358370523643E-018
      2481   1.30574741464397175000E+015   4.59869000629130468133E-018
      2482   1.34800099438448425000E+015   4.34581209467349750351E-018
      2483   1.25055172522677800000E+015   4.68239434348567404992E-018
      2484   1.16130935752680475000E+015   4.93588256337746273634E-018
      2485   9.81770264261684875000E+014   5.12378236011375904872E-018
      2486   9.65205596612628875000E+014   4.88124428473788924780E-018
      2487   9.92080890252162750000E+014   4.40677653541361177622E-018
      2488   9.80656012414853500000E+014   4.21321563727876590376E-018
      2489   9.74752659255323250000E+014   4.37147924683691883806E-018
      2490   9.60195483232922750000E+014   5.02197508253322849132E-018
      2491   7.01951520504934500000E+014   5.23603533195559976215E-018
      2492   5.74289585134101500000E+014   5.77963842838607393152E-018
      2493   5.75476742878746875000E+014   5.74016694157894238937E-018
      2494   6.13301985749028500000E+014   5.54061888846267501666E-018
      2495   6.12190323761460250000E+014   5.54151683491721106303E-018
      2496   5.49373820067853500000E+014   6.66745835987070966062E-018
      2497   5.20516744187926937500E+014   6.80612212597760408018E-018
      2498   4.36379396335819375000E+014   7.50313280446741923854E-018
      2499   4.18488430944847750000E+014   6.81800909088304988563E-018
      2500   5.07586457867829437500E+014   5.97758546368157252655E-018
      2501   4.90038037829849187500E+014   5.04810112162665874458E-018
      2502   4.96583959905456625000E+014   5.40488116935113501203E-018
      2503   5.07809844927304812500E+014   6.28291138583991828520E-018
      2504   5.73044970149241125000E+014   6.64827642922659374718E-018
      2505   5.27000005762252750000E+014   7.34986590791148957193E-018
      2506   5.12240663693801125000E+014   7.00565984408926943508E-018
      2507   5.60349861148418562500E+014   6.58967101054256283446E-018
      2508   6.27548015812898250000E+014   6.54443655115012349690E-018
      2509   6.30771577268654750000E+014   6.50190397480620051948E-018
      2510   6.21775102313667500000E+014   6.01984038107124865103E-018
      2511   5.32796036673260500000E+014   5.72455467311148526011E-018
      2512   4.81283418079425125000E+014   5.00159284379226569262E-018
      2513   4.52105939764969625000E+014   5.77852865381406650376E-018
      2514   4.65170125244798812500E+014   6.46555855305146743055E-018
      2515   5.23117173882362000000E+014   6.22316862703589230746E-018
      2516   5.13782872480739562500E+014   6.30129264034479490088E-018
      2517   5.19782999935604125000E+014   5.60906581309088638262E-018
      2518   7.32506044380104500000E+014   4.52275068912784723806E-018
      2519   7.42059574917988125000E+014   4.56786616485312345976E-018
      2520   8.10225281161856250000E+014   5.31268449469413860516E-018
      2521   9.07809729931705625000E+014   5.58631046438652349143E-018
      2522   8.79002519731985125000E+014   5.59691954010839816957E-018
      2523   9.09017639114617000000E+014   5.16898360572033702397E-018
      2524   6.63329565514786000000E+014   5.69672733250157647869E-018
      2525   4.87985323599844250000E+014   6.14565705590224186890E-018
      2526   5.75185137311582500000E+014   5.46920229892993061694E-018
      2527   6.48653008874963500000E+014   6.14955812171137508048E-018
      2528   6.32362860400210875000E+014   7.06161043180629939999E-018
      2529   6.60253179505245500000E+014   6.46535883690928356116E-018
      2530   6.91232346646151250000E+014   5.69029665298656314528E-018
      2531   6.22030262968437625000E+014   6.39595035909637064847E-018
      2532   5.13543737197200250000E+014   6.85622194883931789911E-018
      2533   5.24138397702357937500E+014   7.19662201831216171048E-018
      2534   6.51999848031764000000E+014   7.02645943865158862253E-018
      2535   7.20231567896850000000E+014   6.80749809230860928157E-018
      2536   9.07551753525540375000E+014   5.51388500968019227923E-018
      2537   9.39936523124878875000E+014   5.63211060308256505363E-018
      2538   1.00088216345051275000E+015   4.98135591572874842526E-018
      2539   1.01725589495256412500E+015   4.86909488449826793972E-018
      2540   1.12780460228586675000E+015   4.79090444609148345743E-018
      2541   1.20625387930953200000E+015   4.67985756996485097232E-018
      2542   1.25167743502671550000E+015   4.62259281937802980000E-018
      2543   1.09342642739416125000E+015   5.60749042164914893543E-018
      2544   9.86288395914127500000E+014   6.21664895620773776285E-018
      2545   1.09057601313354225000E+015   5.77443609762012417584E-018
      2546   1.30467726091279250000E+015   5.12360274661822652157E-018
      2547   1.32932095847625800000E+015   5.02828571903528977182E-018
      2548   1.26698033572490350000E+015   4.54342088377057215308E-018
      2549   1.23597845895338050000E+015   4.46431697374176288669E-018
      2550   1.23573875989920150000E+015   5.14284481425422315561E-018
      2551   1.42080424391756100000E+015   5.08235443512480241747E-018
      2552   1.48180299779899825000E+015   5.09475991539565506802E-018
      2553   1.41964511569657150000E+015   4.74280042023420828429E-018
      2554   1.35639494708073925000E+015   4.08444424980293265967E-018
      2555   1.35501245813508525000E+015   4.64669811794343779122E-018
      2556   1.30056635286436950000E+015   4.30141037992186518531E-018
      2557   1.40595535898456250000E+015   3.76913601594833272974E-018
      2558   1.36356005866735050000E+015   4.29032639175431038313E-018
      2559   1.39814544119633575000E+015   3.74553010149897924388E-018
      2560   1.34915036663497775000E+015   3.51437866182546167404E-018
      2561   1.42009435257298850000E+015   3.39322366008417430065E-018
      2562   1.57006125217790075000E+015   2.97204649598224058642E-018
      2563   1.54811978910070125000E+015   3.35842087724981107515E-018
      2564   1.45227530397542000000E+015   3.81438041146253659949E-018
      2565   1.36797217971786475000E+015   4.26699192277267803878E-018
      2566   1.42133645124870425000E+015   4.63159358588872419708E-018
      2567   1.32096983578859800000E+015   4.66338668366371358174E-018
      2568   1.26360789241198700000E+015   4.49366332534491784643E-018
      2569   1.23806288292838400000E+015   4.87127542715063448234E-018
      2570   1.17910549765673300000E+015   5.56681180972575417438E-018
      2571   1.19651397430846650000E+015   5.18408652452772362231E-018
      2572   1.31220910874059925000E+015   5.04745397383569053267E-018
      2573   1.39898267870220025000E+015   4.63252116583942429332E-018
      2574   1.54435362995998325000E+015   4.48283405895995950607E-018
      2575   1.70174679663925725000E+015   5.22668022071971660224E-018
      2576   1.68497862627320375000E+015   5.61934714916598281491E-018
      2577   1.63806730820315600000E+015   5.46267857840066365683E-018
      2578   1.50206918980559650000E+015   6.50600250582887572423E-018
      2579   1.71345504781237550000E+015   7.09443631777648015371E-018
      2580   1.88563514257220975000E+015   7.01442805519114216981E-018
      2581   2.34545876737876150000E+015   6.14944447028017580215E-018
      2582   2.37586814025969600000E+015   5.53574696585724867623E-018
      2583   2.61801886996383450000E+015   5.03882956689303967608E-018
      2584   2.50479545159074500000E+015   4.40935419313600338710E-018
      2585   2.45467353382860350000E+015   4.14722983289279776836E-018
      2586   2.43520584574605750000E+015   3.40583989605649406520E-018
      2587   2.21921262862650200000E+015   3.32162677390653464630E-018
      2588   2.28994065225831450000E+015   3.76168548754958314277E-018
      2589   2.58634106168213450000E+015   4.20248123794053165933E-018
      2590   2.55175994850313950000E+015   4.18854872782611159728E-018
      2591   2.68147999352286300000E+015   4.29781252513117367669E-018
      2592   2.92874482868492050000E+015   4.81928670415985994474E-018
      2593   3.27813196098609300000E+015   4.97046207517836484141E-018
      2594   3.09343477143087100000E+015   5.21461152994783829475E-018
      2595   3.63028868802192200000E+015   4.65582924773557349725E-018
      2596   3.96527683572060400000E+015   4.40446379375991739073E-018
      2597   3.98100703976170100000E+015   4.72131717721340445180E-018
      2598   4.54991107152395500000E+015   4.80848906169847178609E-018
      2599   6.24789097780956100000E+015   4.94436504672248016669E-018
      2600   6.94758312831097500000E+015   4.89276262753138283045E-018
      2601   7.53682499336621200000E+015   4.39276808144364042144E-018
      2602   7.84350099175913200000E+015   3.66412189426330184156E-018
      2603   8.56469319785413400000E+015   3.39647676483706324838E-018
      2604   9.08934389756731600000E+015   3.53428951191243085928E-018
      2605   8.90408900513435300000E+015   3.79427918178640445200E-018
      2606   7.92952307942869900000E+015   4.21555855342088124037E-018
      2607   7.89483935265032900000E+015   4.35316393388199678637E-018
      2608   7.10627171939502300000E+015   4.49328088166364105096E-018
      2609   8.77150138697464800000E+015   3.86439215682481772059E-018
      2610   1.05893950825624200000E+016   3.35135087521100800648E-018
      2611   1.64247314335391780000E+016   2.93399900207146828576E-018
      2612   1.80689048394836360000E+016   2.78394966778385012000E-018
      2613   1.77120317754656220000E+016   2.92755127553943155033E-018
      2614   2.00769274125528880000E+016   2.76247393360042293198E-018
      2615   2.56956184359520480000E+016   2.38003950644253805778E-018
      2616   2.31635895759310440000E+016   2.59115351384960153043E-018
      2617   1.77452061162434440000E+016   2.85556143317270686964E-018
      2618   1.73089996560119780000E+016   2.78603708199066271385E-018
      2619   2.75679554540445640000E+016   2.18480558565945645510E-018
      2620   3.37409402683211320000E+016   1.58074459537253101270E-018
      2621   2.06427948107957080000E+016   2.40541764240158092030E-018
      2622   2.87530480686058960000E+016   1.70845352137874352921E-018
      2623   2.98574458196687880000E+016   1.34284985273881865515E-018
      2624   4.22272177693093920000E+016   1.22085562020634176997E-018
      2625   4.20227490125700720000E+016   1.66380436740872828112E-018
      2626   2.29983395627887840000E+016   2.44992447074640945062E-018
      2627   4.24282151669971840000E+016   1.47956087065095286358E-018
      2628   4.64821332861762320000E+016   9.20391298838688106519E-019
      2629   7.79371009134339900000E+015   3.69270877302672999905E-018
      2630   3.02540829135248600000E+016   1.74411925572791524598E-018
      2631   7.27342930463821600000E+016   9.50293300162165321224E-019
      2632   7.55579192081495040000E+016   9.37691689200214942251E-019
      2633   7.21357752878436320000E+016   5.70097131202377278115E-019
      2634   5.54041248869873040000E+016   6.02167971816221593172E-019
      2635   4.81885725771250160000E+016   1.46741419895965977990E-018
      2636   5.93869350341138720000E+016   1.24557487395365331479E-018
      2637   8.15389869442905600000E+016   7.58463399062250192120E-019
      2638   6.24400388596541760000E+016   1.39125068429986148065E-018
      2639   1.12700322367769488000E+017   2.63930626182814037229E-019
      2640   3.43802757633181120000E+016   3.03623696038140055567E-018
      2641   7.49779781513050240000E+016   3.04482400069841191665E-019
      2642   2.56359093151446080000E+016   3.28157265846172778229E-018
      2643   7.21452678609495360000E+016   2.00944622589615592436E-018
      2644   5.69121384085950640000E+016   8.56663869910741627710E-019
      2645   8.57539004581318560000E+016   4.68202307792882837141E-019
      2646   1.16494031975184128000E+017   4.81361904743636453696E-019
      2647   3.22812522366789080000E+016   1.60690172556999196921E-018
      2648   4.03230800780436160000E+016   1.66369407040261322549E-018
      2649   1.00697474987979632000E+017   5.59297111741709174072E-019
      2650   7.20922540511342080000E+016   5.71177072584600712904E-019
      2651   5.31335709127246480000E+016   7.69002373413051161932E-019
      2652   6.81748239117569120000E+016   4.80229797237729186938E-019
      2653   4.51892527871063680000E+016   2.42115267609925061337E-019
      2654   2.27750544856214360000E+016   2.13664864505461087259E-018
      2655   1.34402281082856180000E+016   2.54834417986771801898E-018
      2656   1.24192447595098680000E+016   2.04561084726744042447E-018
      2657   3.57403374892044280000E+016   1.62800135783574720537E-018
      2658   4.50952613815866160000E+016   7.76510561608797502580E-019
      2659   5.32806625158096960000E+016   7.11647617983891993435E-019
      2660   8.82469816158835040000E+016   6.57229849034861523020E-019
      2661   4.25818329201533600000E+016   1.12714370297500185925E-018
      2662   6.81910167176876800000E+016   9.62990658523588596753E-019
      2663   6.69320860446188560000E+016   6.80624393777777963395E-019
      2664   1.00376044137898288000E+017   7.61052749782816821112E-019
      2665   6.39862974944713520000E+016   5.95926874492915085738E-019
      2666   7.49938513511158880000E+016   8.83174476928877645640E-019
      2667   6.66518485482706800000E+016   9.82589921678735950727E-019
      2668   6.17571561040822160000E+016   1.47282318370020331172E-018
      2669   7.04560526511757360000E+016   9.60024662667676056502E-019
      2670   4.51961762605741920000E+016   2.43252200760270783873E-018
      2671   6.91201257566644160000E+016   5.34258926673237808397E-019
      2672   6.14817758290285520000E+016   2.85582886429654400569E-018
      2673   7.51835181380756640000E+016   9.73019584985772637973E-019
      2674   5.69178229884127040000E+016   1.51390766462276343791E-018
      2675   9.14888967132271360000E+016   7.55107050636590525776E-019
      2676   1.08170008035623488000E+017   7.73795886616268383820E-019
      2677   8.97260555211229440000E+016   6.43450986814396742384E-019
      2678   6.95035131026802720000E+016   6.65305072179121343681E-019
      2679   5.32552256186348320000E+016   1.66448290657437186045E-018
      2680   3.76347776361387760000E+016   1.77835543176705371296E-018
      2681   4.20527549017790480000E+016   1.62919255207861245343E-018
      2682   4.38486920048551280000E+016   1.42339502993102807137E-018
      2683   4.99063532821778640000E+016   1.12358561056624632082E-018
      2684   3.29133557409919440000E+016   2.55185179566178709341E-018
      2685   3.91608711930326560000E+016   2.21509867147433079809E-018
      2686   6.48550421627522000000E+016   1.32440556758059061481E-018
      2687   4.98711537672425760000E+016   1.57214564497162829071E-018
      2688   4.54462628426420960000E+016   1.63918550631696438011E-018
      2689   3.04729931265016080000E+016   3.87999541651225120547E-018
      2690   2.04165828156317640000E+016   4.19098548152858350568E-018
      2691   2.91832110997928960000E+016   2.33845730916643911636E-018
      2692   1.54616019041127860000E+016   3.24238906591840607452E-018
      2693   2.41246214231729120000E+016   1.99068991226379376537E-018
      2694   1.83500356452274080000E+016   2.19581030379578578065E-018
      2695   1.98731788865945160000E+016   1.99618718819137631442E-018
      2696   1.83738286376262800000E+016   2.65350003032991586928E-018
      2697   1.52163171079495360000E+016   3.46866001042934721828E-018
      2698   1.23526400298992820000E+016   3.90153480197904574319E-018
      2699   1.40060313743009720000E+016   3.15470478107103958716E-018
      2700   1.43417611484328700000E+016   2.25505173605447156577E-018
      2701   1.17526980632553600000E+016   2.28918182524394916118E-018
      2702   8.69356078570093300000E+015   2.97181049339190645355E-018
      2703   8.83930700444318000000E+015   2.87511810833100355842E-018
      2704   9.68112728974699400000E+015   3.37642121051242110069E-018
      2705   9.09259004660828800000E+015   3.71720375071386119373E-018
      2706   8.97272482819319700000E+015   3.69031121404205499008E-018
      2707   8.84255088792694200000E+015   3.88440737888450514578E-018
      2708   8.69715737759158600000E+015   3.40963820894815126199E-018
      2709   7.90470853691633300000E+015   3.19450607920090263247E-018
      2710   8.23590045605305200000E+015   2.84472063875415399197E-018
      2711   7.10821594143200100000E+015   2.79025270837071191221E-018
      2712   7.33289109036779900000E+015   2.70165198400441569596E-018
      2713   6.25016853234580200000E+015   3.35507777494657870159E-018
      2714   5.77277344461383400000E+015   3.48163576099841728320E-018
      2715   5.83490171897748200000E+015   3.44348905791990233569E-018
      2716   5.55864860411030900000E+015   3.26324693930741418678E-018
      2717   4.73315257138044100000E+015   3.47953239517730092402E-018
      2718   4.60575972206926400000E+015   3.62675921123961841317E-018
      2719   3.94935805640203100000E+015   3.96890515210644142058E-018
      2720   3.78177474416800050000E+015   4.49458762014452879379E-018
      2721   3.55355464845428150000E+015   5.04246937930358219513E-018
      2722   3.28073369234944750000E+015   5.20762987076365187014E-018
      2723   3.29658344519240650000E+015   4.83782401751472239368E-018
      2724   3.02826384943188200000E+015   4.78755390215667747941E-018
      2725   3.11387710200033050000E+015   4.65165221653682804056E-018
      2726   3.02461878588086250000E+015   4.45416309116231707507E-018
      2727   3.16951250866729500000E+015   4.03039462070518187675E-018
      2728   2.81669770379134200000E+015   3.86534746216864886799E-018
      2729   2.64033174321299100000E+015   3.56327470089911839974E-018
      2730   2.51532883247786050000E+015   3.75255862723327980576E-018
      2731   2.42626362328507650000E+015   3.75462604186553662144E-018
      2732   2.65578868966679950000E+015   3.76041874366249807380E-018
      2733   2.83149662764106900000E+015   3.77157893837524791626E-018
      2734   2.62576400524820750000E+015   3.97209256901550969662E-018
      2735   2.71397722222526250000E+015   3.89909392738619122331E-018
      2736   2.81123186845188400000E+015   4.06068851136923951147E-018
      2737   2.79007295660404450000E+015   4.25348965183423651940E-018
      2738   2.60801779993477250000E+015   4.19831105304919129022E-018
      2739   2.06540094709604500000E+015   4.11279578666125086617E-018
      2740   1.91316348086151150000E+015   4.10556307464486103868E-018
      2741   1.99923193691583850000E+015   3.89280566935770527463E-018
      2742   1.93275650766214025000E+015   3.79480628425680216650E-018
      2743   1.86256521064018375000E+015   3.94114252111576323353E-018
      2744   1.84333448233534175000E+015   4.09087073659537462935E-018
      2745   1.85503880711846650000E+015   4.24278301116190349064E-018
      2746   1.89448331621589000000E+015   4.37672886237534465750E-018
      2747   1.97166501814837025000E+015   4.49855239088136395089E-018
      2748   1.95600481842680875000E+015   4.52245738794376013700E-018
      2749   1.87291903444560900000E+015   4.10810754499974057222E-018
      2750   1.75983574909585575000E+015   3.96299440485078465068E-018
      2751   1.45653817369216000000E+015   3.69638512260950298515E-018
      2752   1.60622688559339000000E+015   3.21269019612748931182E-018
      2753   1.54165333549428175000E+015   3.14212654140822699343E-018
      2754   1.49876090467411200000E+015   3.77946934389894303183E-018
      2755   1.57430571799804175000E+015   3.91551972670761727663E-018
      2756   1.26862035431373400000E+015   4.36980164407483447272E-018
      2757   1.26198868905106325000E+015   4.40548707569121191314E-018
      2758   1.26525247665650300000E+015   4.56131647462894077981E-018
      2759   1.45701393385138025000E+015   4.90026919658304110131E-018
      2760   1.49867154529888375000E+015   5.21273481914871697779E-018
      2761   1.47505932985839425000E+015   5.63932315334283419189E-018
      2762   1.37282692215959575000E+015   6.07629499060283921076E-018
      2763   1.29062108468368250000E+015   6.10061054045078886591E-018
      2764   1.29180021772577325000E+015   6.09364546963415589139E-018
      2765   1.22421975327813950000E+015   6.38090992382248362533E-018
      2766   1.32486603390615400000E+015   6.28143858571186206577E-018
      2767   1.29391620666134925000E+015   6.18431500507738678907E-018
      2768   1.28058380251397675000E+015   6.12430274334997848603E-018
      2769   1.30846414357453225000E+015   5.91233283813294040460E-018
      2770   1.26497797747488575000E+015   5.68867785735611457832E-018
      2771   1.26098640742204325000E+015   5.58232459368473623121E-018
      2772   1.27331278924285150000E+015   4.68934463256421632948E-018
      2773   1.30610287178372925000E+015   4.63211967795715936270E-018
      2774   1.30815968723118050000E+015   4.56744770803734788576E-018
      2775   1.25690900401331850000E+015   4.70744678901046597236E-018
      2776   1.17009330302993650000E+015   4.83838020856912041124E-018
      2777   9.61553769444100500000E+014   5.15198658668993983618E-018
      2778   9.21789754800906500000E+014   5.01055447841983171731E-018
      2779   8.92320764814710625000E+014   4.65569143276843967996E-018
      2780   9.69095842437153875000E+014   4.09794794461323309395E-018
      2781   9.75126456464725500000E+014   4.25208723698567434003E-018
      2782   9.40375425284450375000E+014   4.69084965390761176772E-018
      2783   7.79207209028366375000E+014   5.17822977336630309636E-018
      2784   6.24295859987855750000E+014   5.71029903533630863691E-018
      2785   6.28857101901484250000E+014   5.72642383019477087127E-018
      2786   6.03049964698988625000E+014   5.83494994587711293718E-018
      2787   5.24259070000750125000E+014   5.91455725314288634044E-018
      2788   5.61467165391517875000E+014   6.45955758697359020192E-018
      2789   5.11814769326202562500E+014   6.55573843163539975729E-018
      2790   4.91571873437353312500E+014   6.90163859164798027021E-018
      2791   4.19071617920877312500E+014   6.57737546657254046341E-018
      2792   3.75595251967828125000E+014   6.42720500114616851731E-018
      2793   4.93067020865493750000E+014   5.35903050907253470091E-018
      2794   5.33495297945368937500E+014   4.98686759540046803506E-018
      2795   5.38392920613466625000E+014   6.09241629276062386534E-018
      2796   5.58719413222317562500E+014   6.39318829047838818076E-018
      2797   5.92895786955893375000E+014   7.03546825427725134085E-018
      2798   5.40155945900616750000E+014   6.69316492438044313300E-018
      2799   6.07136330387454375000E+014   6.24341809210945687187E-018
      2800   6.61648875367033625000E+014   6.19475291227394282983E-018
      2801   6.48582331405631500000E+014   6.34603798026092204539E-018
      2802   6.50189298605093500000E+014   5.73525034792284860871E-018
      2803   5.67105010474202750000E+014   5.95609748526186183376E-018
      2804   5.06206682022754937500E+014   4.88175879968359939217E-018
      2805   4.86412507523879437500E+014   5.41303406393536981942E-018
      2806   5.19692669510859437500E+014   6.06985816290334687817E-018
      2807   4.96778597683905812500E+014   6.15203433942459729517E-018
      2808   4.93002440233183750000E+014   6.10646436293556429513E-018
      2809   5.43228957030311000000E+014   5.74603848173112829855E-018
      2810   7.14689917026931750000E+014   4.59840342374784666094E-018
      2811   7.32275926866424500000E+014   4.33897985073803376444E-018
      2812   8.33821202168474000000E+014   4.90835067546936825164E-018
      2813   8.95000164143344125000E+014   5.53473918733369704531E-018
      2814   8.13121361564458375000E+014   5.96044413589462488275E-018
      2815   9.49587657291935125000E+014   5.04403610496422778525E-018
      2816   7.11153833089283375000E+014   5.53490383841183074860E-018
      2817   5.07623491946026562500E+014   6.13520009504368470810E-018
      2818   5.60934175847386625000E+014   5.46799076434020473078E-018
      2819   6.43416226411721000000E+014   6.09712238338568015959E-018
      2820   6.05952486017724000000E+014   6.96940220852818795911E-018
      2821   6.32328993041325000000E+014   6.85026857387931865121E-018
      2822   6.95460146296454000000E+014   5.65406654564372001048E-018
      2823   6.55723608360551750000E+014   6.59215796607698114554E-018
      2824   5.71197461874956000000E+014   6.63841838221566152978E-018
      2825   4.80424195383861250000E+014   7.41659186960165938929E-018
      2826   6.37283314932718250000E+014   7.13058021749957515473E-018
      2827   6.91792315627976500000E+014   7.02835916025365268857E-018
      2828   8.55517698671137000000E+014   6.41811065094668304516E-018
      2829   9.37182601917034750000E+014   5.56259354487949411576E-018
      2830   9.83808648442046000000E+014   5.03485279128223096324E-018
      2831   9.86162663918277250000E+014   4.74285622179407937358E-018
      2832   1.06353297019660125000E+015   4.68420534090989863931E-018
      2833   1.13534072215161175000E+015   4.68591595515214563301E-018
      2834   1.24686756211756525000E+015   4.76528988602954552237E-018
      2835   1.10832466886272250000E+015   5.49437261953887801413E-018
      2836   9.60495746361039375000E+014   6.39420255939758131002E-018
      2837   1.02099868479075500000E+015   6.02202851721903469973E-018
      2838   1.28186555604623500000E+015   5.24687839503627326517E-018
      2839   1.35434345146888125000E+015   4.96936163730012219964E-018
      2840   1.32715583227622500000E+015   4.79088291127937959937E-018
      2841   1.24589849264471900000E+015   4.58568781940601814843E-018
      2842   1.23291064140670650000E+015   4.77479748409800770772E-018
      2843   1.28496704821574975000E+015   5.17063888985949644726E-018
      2844   1.51503630774812850000E+015   5.00387288438696170784E-018
      2845   1.39492530862818625000E+015   4.86973028610786831470E-018
      2846   1.36086852813387500000E+015   4.10984882995801764627E-018
      2847   1.36697330776472075000E+015   4.24009881320334208191E-018
      2848   1.26871379844114950000E+015   4.52541079823754046126E-018
      2849   1.38566721205912650000E+015   4.10258544905110276217E-018
      2850   1.35336616889457350000E+015   4.34850516786976344591E-018
      2851   1.41577242417806150000E+015   3.77614576382139684590E-018
      2852   1.37863074288016650000E+015   3.54844431445352039660E-018
      2853   1.42348597463722975000E+015   3.39826179617215670808E-018
      2854   1.50391710523864425000E+015   3.01781150794756562585E-018
      2855   1.58816477161208600000E+015   3.06278349652266718797E-018
      2856   1.53685205679238100000E+015   3.48750382895833622571E-018
      2857   1.43239010243612075000E+015   3.97194641455184173494E-018
      2858   1.43193453301937650000E+015   4.49670423195001581695E-018
      2859   1.40405837700822925000E+015   4.27810920107138238693E-018
      2860   1.27078278269771650000E+015   5.16166676254824450296E-018
      2861   1.16301691051985875000E+015   5.51730895597071786977E-018
      2862   1.14764756909159125000E+015   5.71592202480994490524E-018
      2863   1.15247083284682250000E+015   5.61954968849772525211E-018
      2864   1.19121722648325650000E+015   5.40105527890771348760E-018
      2865   1.26018345819680975000E+015   5.10340492860861270205E-018
      2866   1.40863257298353600000E+015   4.57656951259275865170E-018
      2867   1.59422873470863600000E+015   4.11574399967721306219E-018
      2868   1.69988236142034675000E+015   5.17211763782621548047E-018
      2869   1.64590860806130075000E+015   5.63682905220568960111E-018
      2870   1.56108529762581150000E+015   6.41917313506687041102E-018
      2871   1.66330001648386950000E+015   7.30441370593270299875E-018
      2872   1.75637558129392500000E+015   7.28198951941113510470E-018
      2873   1.95994077977438400000E+015   6.99363504953211185439E-018
      2874   2.39351790025771650000E+015   6.11988607435574012860E-018
      2875   2.36306009543272500000E+015   5.50572124192330071218E-018
      2876   2.36420694382452400000E+015   4.99403047887061516739E-018
      2877   2.42699531637619850000E+015   4.67951172101377487219E-018
      2878   2.23614641173915575000E+015   3.88626432917358564189E-018
      2879   2.36531735333515250000E+015   3.57969526088839354122E-018
      2880   2.14689553020715150000E+015   3.60505489482717573847E-018
      2881   2.20306552141021275000E+015   4.15019957356652172451E-018
      2882   2.50944472145109950000E+015   4.74114792074412458430E-018
      2883   2.43235824242455900000E+015   4.45985899504330385690E-018
      2884   2.64294689697339000000E+015   4.41577686929421178501E-018
      2885   2.88684205787033600000E+015   4.56230392864467107270E-018
      2886   3.16749324721122450000E+015   5.07213249195269324251E-018
      2887   3.33808778216388900000E+015   5.24285594565710398908E-018
      2888   3.72808773898140400000E+015   4.85974783904967642125E-018
      2889   3.89432009030704050000E+015   4.56970957637751633040E-018
      2890   4.08003385643930100000E+015   4.69410859623686119978E-018
      2891   4.89380665421904400000E+015   4.96811228212472444307E-018
      2892   6.48969705458972600000E+015   5.00498683047322306290E-018
      2893   6.97522549258802900000E+015   4.89619824569551641445E-018
      2894   7.63384144274048300000E+015   4.23040014146105147916E-018
      2895   8.04031462312039000000E+015   3.56468488219552026969E-018
      2896   8.88375079560047600000E+015   3.24205786206110788631E-018
      2897   9.87683383720164200000E+015   3.09660680824411506024E-018
      2898   9.55028236526099400000E+015   3.49026777135237215763E-018
      2899   8.97276640736770500000E+015   3.90115643693061698868E-018
      2900   9.83313786572158600000E+015   3.96443893088219659111E-018
      2901   8.50186247411872900000E+015   4.01135754904196873153E-018
      2902   9.32373948508339200000E+015   3.67108828806341267878E-018
      2903   1.21198407950336860000E+016   3.25964698158651905318E-018
      2904   1.80376109617468200000E+016   2.75383090602273094208E-018
      2905   2.05356181307775120000E+016   2.52593867852904226354E-018
      2906   1.79315112771716640000E+016   2.88865577352155297031E-018
      2907   2.24343997846220800000E+016   2.60340410958828686331E-018
      2908   2.71880900065799920000E+016   2.33540332786563101714E-018
      2909   2.50714964191252160000E+016   2.35259635762938931508E-018
      2910   2.31963173431838360000E+016   2.56237935363431963599E-018
      2911   2.09749295983652520000E+016   2.70865422992224357171E-018
      2912   3.10917056486449640000E+016   2.33997521609317095875E-018
      2913   4.83151871128257520000E+016   1.41554959820275571873E-018
      2914   3.02652872119280640000E+016   2.19553323860098681681E-018
      2915   2.32315662590405480000E+016   1.90417175839322404438E-018
      2916   3.24446660503193120000E+016   9.38677679108797643197E-019
      2917   3.67943509581180080000E+016   1.37840430403072560512E-018
      2918   5.93271713656275600000E+016   1.22038520290674841766E-018
      2919   2.30378287307465520000E+016   2.34136427323499917235E-018
      2920   3.79660715742950000000E+016   1.43420796255197105230E-018
      2921   5.19414505666265200000E+016   1.00997550706846742365E-018
      2922   1.66678292504020480000E+016   3.70003697065796733795E-018
      2923   1.94249284147608600000E+016   3.10946326906923531948E-018
      2924   7.37364894834224800000E+016   1.08779837199396205562E-018
      2925   1.06816121348083776000E+017   6.41905588312503540695E-019
      2926   8.09603082617278880000E+016   7.36250089019637118538E-019
      2927   4.59755493111984720000E+016   6.34612532316274815022E-019
      2928   8.44290687187716640000E+016   4.89847262939540532338E-019
      2929   2.65712401694087520000E+016   2.32000725671146054891E-018
      2930   8.51151902772105760000E+016   2.23078665945370840759E-019
      2931   8.68790205223675680000E+016   9.79088314798635983242E-019
      2932   1.13204300660277024000E+017   7.71449733743121601075E-019
      2933   1.02904638646458480000E+017   9.28841570120485369554E-019
      2934   6.88018483535505920000E+016   1.73696577637286136712E-018
      2935   3.29634616652658560000E+016   1.77553764147884346828E-018
      2936   7.01253836348856720000E+016   1.11384932786171903529E-018
      2937   6.24294883353518960000E+016   6.48029779680211279190E-019
      2938   6.88256851295545600000E+016   5.79546056651432555072E-019
      2939   1.14935025866499440000E+017   3.74439619290576797831E-019
      2940   6.36894891704434880000E+016   1.00329628151198581355E-018
      2941   3.91371079983776960000E+016   1.40430525321683884964E-018
      2942   9.27329937434490240000E+016   6.97937823371691466772E-019
      2943   9.85776996168727200000E+016   4.55510670910701482875E-019
      2944   4.50394354167353520000E+016   8.79727002079053834738E-019
      2945   6.86203393411890320000E+016   5.74196444709810133349E-019
      2946   6.43481508961215920000E+016   2.00951612197419277120E-020
      2947   2.03932625169858640000E+016   2.22092939201694842698E-018
      2948   1.36146133325926220000E+016   3.01419849433552733270E-018
      2949   1.07206330524008560000E+016   2.05799449539545176839E-018
      2950   3.05944354225525920000E+016   1.58510454904911915825E-018
      2951   5.66203787623718800000E+016   6.11964858805246066657E-019
      2952   5.77392679115163120000E+016   6.11863481583671136309E-019
      2953   8.24836589136970720000E+016   5.92288407810769434910E-019
      2954   8.43685738600977920000E+016   8.82626242899194824818E-019
      2955   4.17254500779228800000E+016   9.79897992727691510651E-019
      2956   9.19396656832906880000E+016   3.09182436292506022739E-019
      2957   1.36791751544174928000E+017   2.82071301532489049131E-019
      2958   8.14559754915680320000E+016   8.94569400904419469300E-019
      2959   9.34190200925579680000E+016   7.50365423000428597660E-019
      2960   7.05681712608838640000E+016   9.10377068962172037495E-019
      2961   5.13632744727751440000E+016   1.34458951296260965429E-018
      2962   9.92389561015961920000E+016   8.29774313707692340803E-019
      2963   8.98925499360831040000E+016   1.32342453052477012222E-018
      2964   5.04653304640478480000E+016   1.07923467018767756301E-018
      2965   5.83467354446537440000E+016   2.86124250023271116656E-018
      2966   1.35629282132625232000E+017   3.03849825528144132237E-019
      2967   4.81797919676847840000E+016   1.74274849000651379127E-018
      2968   1.02789317852041680000E+017   6.71962934204347577663E-019
      2969   8.33503174448554400000E+016   7.76124682634837820465E-019
      2970   1.13381788033757136000E+017   5.40792140256324770809E-019
      2971   6.83297302345385040000E+016   7.08946658371922143275E-019
      2972   7.11878648230934080000E+016   1.06789428061207910127E-018
      2973   5.15483623780302560000E+016   1.62414007776429623659E-018
      2974   4.26974757559554320000E+016   1.42257536685097991948E-018
      2975   4.59125126962563840000E+016   1.57085898416556217147E-018
      2976   5.74809469361208240000E+016   8.37808623264282321367E-019
      2977   3.25883854975792480000E+016   2.67674962588734758844E-018
      2978   5.73475176617784800000E+016   2.27907891264456852631E-018
      2979   6.89315494132350640000E+016   1.30174306082185042237E-018
      2980   8.51324706763812320000E+016   9.01566806069591093312E-019
      2981   4.25974869494300800000E+016   1.84327800205594831909E-018
      2982   4.28525629654099440000E+016   2.31273595836638100632E-018
      2983   1.61317334417697520000E+016   5.84988678909435553722E-018
      2984   3.66953961051212480000E+016   2.22930998664931908379E-018
      2985   2.53525362292424720000E+016   3.16634643001903233009E-018
      2986   2.65351068001324080000E+016   2.30914244799315879574E-018
      2987   2.41022153160479800000E+016   1.83161131095165354010E-018
      2988   2.08116654088244880000E+016   2.05225410316637828200E-018
      2989   2.08653832405071640000E+016   2.02299611696159992250E-018
      2990   1.86591227656883400000E+016   2.73449912570495835802E-018
      2991   1.59700225473046340000E+016   3.31005828923978471319E-018
      2992   1.35268206790816240000E+016   3.59774341198644837246E-018
      2993   1.49371941750706820000E+016   2.38038017375299055304E-018
      2994   1.33894417306682760000E+016   1.87435157248992426416E-018
      2995   8.35053979310918000000E+015   2.73085061102238111745E-018
      2996   8.91194261824924800000E+015   2.80729558055073914306E-018
      2997   9.50556226189207200000E+015   3.08237541254281429759E-018
      2998   9.27549965119107200000E+015   3.44320625278442239738E-018
      2999   8.98651762674765400000E+015   3.72702884715135330196E-018
      3000   8.19587852681853600000E+015   4.00996357431136705841E-018
      3001   9.21551465759058600000E+015   3.62326499043771772296E-018
      3002   8.50617795601776400000E+015   3.37928031317693036340E-018
      3003   8.55973491109040200000E+015   2.93147854785389126920E-018
      3004   7.83746343565958600000E+015   2.87878324466431021310E-018
      3005   6.12045611747281500000E+015   3.09344064257133590822E-018
      3006   5.83367253988736400000E+015   3.18122137110083872602E-018
      3007   5.69367478003951700000E+015   3.81308353512865992908E-018
      3008   5.78204426112385100000E+015   3.78501656949673515069E-018
      3009   5.66764497896053900000E+015   3.54634948868743635170E-018
      3010   5.22863193824698000000E+015   3.34735960448040461420E-018
      3011   4.83277150400320300000E+015   3.48180502023240414619E-018
      3012   4.46709965756967550000E+015   3.61893315632006311651E-018
      3013   4.12706384815686700000E+015   4.06497046141545504987E-018
      3014   3.81776361672300450000E+015   4.39167083644013658613E-018
      3015   3.37602506632785700000E+015   5.20464794553904346159E-018
      3016   3.17432883132551050000E+015   5.31604558410589241912E-018
      3017   3.25904168066574550000E+015   4.85407524772443633779E-018
      3018   3.13794073032792050000E+015   4.58388345449034348771E-018
      3019   2.90848919750353400000E+015   4.71548174624396448179E-018
      3020   3.06049775888123650000E+015   4.23828738504515660126E-018
      3021   3.18721462431997950000E+015   4.06721030171486846825E-018
      3022   2.80186347390791150000E+015   3.88915506952600213159E-018
      3023   2.65327185524740300000E+015   3.60282828602185362411E-018
      3024   2.50346602631469750000E+015   3.83659433295215405253E-018
      3025   2.41294579254016800000E+015   3.82938923338068141665E-018
      3026   2.73316611500647950000E+015   3.84638337553315367487E-018
      3027   2.79794550668130250000E+015   3.80396845125843314681E-018
      3028   2.63699965538565350000E+015   3.97564696188528097511E-018
      3029   2.70443650119711100000E+015   3.87726619712510029884E-018
      3030   2.83822823789988550000E+015   3.95934693001473758781E-018
      3031   2.82857224632896600000E+015   4.25956591085436634435E-018
      3032   2.63910788815408050000E+015   4.19958864925176740769E-018
      3033   2.59949141516353350000E+015   4.08902487777402509246E-018
      3034   2.24801584861885800000E+015   4.13863170918978019219E-018
      3035   2.15600056793148275000E+015   3.91188421606126285194E-018
      3036   1.96346196608134900000E+015   3.83203034637244931911E-018
      3037   1.91209212655559575000E+015   3.93704765020160758725E-018
      3038   1.86129075959748600000E+015   4.09800872175147958646E-018
      3039   1.90765694169202300000E+015   4.15654789729552388108E-018
      3040   1.95979069951421675000E+015   4.37018811601203227153E-018
      3041   2.12730446400909775000E+015   4.54871261645360316540E-018
      3042   1.98243564448418500000E+015   4.53532425816195412962E-018
      3043   1.88639369338362600000E+015   4.14163556583850600633E-018
      3044   1.78306556829162300000E+015   4.00317945747101908559E-018
      3045   1.54644713853978100000E+015   3.52082969120694119716E-018
      3046   1.51893890583346225000E+015   3.47040720114856467372E-018
      3047   1.55682730593278050000E+015   3.12547934863979598987E-018
      3048   1.49270372311026175000E+015   3.64932672993168358620E-018
      3049   1.45960875336078175000E+015   3.77670464172842754146E-018
      3050   1.27260711703822525000E+015   4.27607709618379062009E-018
      3051   1.19373051196279775000E+015   4.58242365544095114283E-018
      3052   1.25467955970547675000E+015   4.48560610720250654882E-018
      3053   1.44198442063545275000E+015   4.79681592020443726272E-018
      3054   1.46699653003850550000E+015   5.07149068527880819862E-018
      3055   1.44919987730157650000E+015   5.54170786230200197964E-018
      3056   1.38462211196435950000E+015   5.98446292420614135199E-018
      3057   1.28074620244880125000E+015   6.40114927544922365322E-018
      3058   1.26779758605728400000E+015   6.35283333553910164601E-018
      3059   1.23081829669129075000E+015   6.33844367996729381109E-018
      3060   1.28738880820132800000E+015   6.22954531202989300539E-018
      3061   1.32113466983937525000E+015   6.22092916923352443751E-018
      3062   1.27960587446414950000E+015   6.11234894435335594391E-018
      3063   1.31584282021298875000E+015   5.95169968235989225352E-018
      3064   1.34270644676357600000E+015   5.66741808674434003727E-018
      3065   1.26747200687755175000E+015   5.60481644218639883357E-018
      3066   1.27559139129712100000E+015   4.71874370089194108570E-018
      3067   1.30460730603054750000E+015   4.66615213147950119018E-018
      3068   1.33001280989990825000E+015   4.65963271459917742735E-018
      3069   1.23347241979736100000E+015   4.67091629025697068829E-018
      3070   1.23916073257186550000E+015   4.69949674731415737928E-018
      3071   1.04812683718294237500E+015   4.88064347899166073113E-018
      3072   9.63931800402543750000E+014   5.19915646725847497301E-018
      3073   8.52308553015631250000E+014   4.63390771162432757187E-018
      3074   9.19099470801234250000E+014   4.24945017016979360138E-018
      3075   1.00548456012185350000E+015   4.03850128308986564804E-018
      3076   9.63170703493321875000E+014   4.59592921313262133173E-018
      3077   8.13709890106563875000E+014   4.89501691236950491654E-018
      3078   6.64591815134807875000E+014   5.68236695629645394908E-018
      3079   6.46010300858905000000E+014   5.84076498769823023721E-018
      3080   6.16099338114083375000E+014   6.02104903447097104008E-018
      3081   5.25913148001775875000E+014   6.09294463924895352503E-018
      3082   5.67454407858248000000E+014   6.35039318506129725463E-018
      3083   5.52696386541313000000E+014   6.20554851694441566210E-018
      3084   4.69842832697666187500E+014   6.83344967410089292628E-018
      3085   4.85771149666074125000E+014   6.44839232280280335739E-018
      3086   4.50702840078888625000E+014   6.37430479770313735046E-018
      3087   4.81344190388966500000E+014   5.85187103505501720523E-018
      3088   5.22199521564754250000E+014   4.99480985346744935497E-018
      3089   5.99475050125813125000E+014   5.71534048212784177520E-018
      3090   5.60883639368982875000E+014   6.26638356306566956683E-018
      3091   6.20337355965773125000E+014   6.72594721581352804866E-018
      3092   6.18304460656847250000E+014   6.20497358226607248693E-018
      3093   6.04123745346397875000E+014   6.26888298162399792847E-018
      3094   7.05668153284014750000E+014   5.84731244343395432122E-018
      3095   6.81803116803996500000E+014   6.14169278772529014965E-018
      3096   6.59924550179494125000E+014   5.91872359811242731802E-018
      3097   5.62710330684603312500E+014   5.58333470394165709333E-018
      3098   5.03195720100435875000E+014   4.89134430790166926998E-018
      3099   4.75061925027960250000E+014   5.36722369176836084535E-018
      3100   4.77190950668896500000E+014   6.08661008751527448994E-018
      3101   5.02065906376308750000E+014   6.11873086592203655575E-018
      3102   5.27943818643107000000E+014   6.06474485048864879327E-018
      3103   5.13650389959309500000E+014   5.58644754814584091446E-018
      3104   7.25483629724862750000E+014   4.30907693880901418207E-018
      3105   7.77762492964589375000E+014   4.44365637734178676224E-018
      3106   8.56442398575524250000E+014   4.92471182560373092850E-018
      3107   9.24999737547680125000E+014   5.50446106440298104824E-018
      3108   8.81867367355939875000E+014   5.57761358857001279559E-018
      3109   9.34857937537466375000E+014   5.00921902782012839732E-018
      3110   6.94831292293844625000E+014   5.69541097066735178897E-018
      3111   4.92790671212880125000E+014   6.13980831379298322852E-018
      3112   5.65500333585027875000E+014   5.52281797074201190865E-018
      3113   6.21794373052175500000E+014   6.04300171785107740503E-018
      3114   6.07205858817468125000E+014   6.98811794164155655319E-018
      3115   6.55287574907661000000E+014   6.62694216397298065234E-018
      3116   6.83339700945722750000E+014   5.61039240719620486956E-018
      3117   6.32467009709805125000E+014   6.30324892403141259800E-018
      3118   5.73198758251353625000E+014   6.72858865008195663703E-018
      3119   4.92284500905981625000E+014   7.45714439518556994407E-018
      3120   6.57564536407901875000E+014   7.15525437714549799917E-018
      3121   7.14057994122716875000E+014   7.06328259076362411680E-018
      3122   8.65173703619834625000E+014   6.10884776474574432680E-018
      3123   9.54530452774438375000E+014   5.45370729116570835765E-018
      3124   1.02773284774580100000E+015   4.82351288402159382911E-018
      3125   1.01214532228800837500E+015   4.77225209705248091734E-018
      3126   1.07550282299515675000E+015   4.56271596202353679878E-018
      3127   1.16093371740723100000E+015   4.62311960094967665414E-018
      3128   1.23895504894017050000E+015   4.82444338822045801906E-018
      3129   1.10262007285925087500E+015   6.06404496660427523098E-018
      3130   9.64800752653605000000E+014   6.28533025730713174951E-018
      3131   1.02632854606826037500E+015   6.02247613762345738542E-018
      3132   1.29044858219901100000E+015   5.23502963433609394669E-018
      3133   1.33746007344784675000E+015   4.98808357890322362007E-018
      3134   1.31918235014283825000E+015   4.69628598759655750452E-018
      3135   1.23061021342521900000E+015   4.70384583573431295648E-018
      3136   1.27508077734102775000E+015   5.32525786448315605244E-018
      3137   1.33624201659252375000E+015   5.05608138375195804028E-018
      3138   1.49059284004482950000E+015   5.07332003725533141998E-018
      3139   1.43606287694687175000E+015   4.76980302457119672640E-018
      3140   1.35919490572357775000E+015   4.05477635380537666063E-018
      3141   1.41962037033990300000E+015   3.95813817318614843101E-018
      3142   1.27471132720561025000E+015   4.46951316893986974563E-018
      3143   1.37630339235085000000E+015   4.00791705196133437788E-018
      3144   1.37848736495053075000E+015   4.07967811797324848313E-018
      3145   1.39819292347891875000E+015   3.81905843847929505885E-018
      3146   1.38539516283713325000E+015   3.54388143942508579388E-018
      3147   1.40506423001900725000E+015   3.35032631412103998053E-018
      3148   1.47484777286255500000E+015   3.06676241169897122475E-018
      3149   1.59400891123041700000E+015   3.07781784493510058491E-018
      3150   1.54235042001162400000E+015   3.50095006667207608611E-018
      3151   1.44111204271074100000E+015   3.98015711923167202062E-018
      3152   1.43168655583224350000E+015   4.51484420388649446153E-018
      3153   1.40183774163796375000E+015   4.31540042860790696005E-018
      3154   1.18634467040867775000E+015   5.41054105433326769909E-018
      3155   1.15738964079833050000E+015   5.68809275781783716332E-018
      3156   1.14493860038078200000E+015   5.77169894275497603721E-018
      3157   1.15890059742186450000E+015   5.69463902753325312926E-018
      3158   1.17057311578074000000E+015   5.26478142244020621771E-018
      3159   1.22916161323805500000E+015   5.11840837902797232261E-018
      3160   1.35258131195729475000E+015   4.74313830502201663381E-018
      3161   1.57405115021367050000E+015   4.01324236394016651653E-018
      3162   1.68412250182590950000E+015   5.19755172397804334809E-018
      3163   1.58348203920170975000E+015   5.53081725192235650201E-018
      3164   1.55220958112109500000E+015   6.55175707498299036986E-018
      3165   1.71841397321186150000E+015   6.90723938617584594571E-018
      3166   1.84476021501294150000E+015   7.38390466114805560310E-018
      3167   1.98544203364941225000E+015   6.84637703414151602940E-018
      3168   2.25346353709759550000E+015   6.40083854158747999346E-018
      3169   2.44794178113499550000E+015   5.39898478203000421987E-018
      3170   2.34166379049921450000E+015   5.08512230568319791866E-018
      3171   2.39423013919609000000E+015   4.74119145273935718776E-018
      3172   2.20497041184912025000E+015   4.02705250053563348499E-018
      3173   2.41260479346089450000E+015   3.89680517316880515894E-018
      3174   2.09849782665587625000E+015   3.85325205421623109010E-018
      3175   2.08848459962299000000E+015   4.26991356936688003436E-018
      3176   2.19744764302013675000E+015   5.59041972515051778573E-018
      3177   2.43876044858817700000E+015   5.00349155176702619860E-018
      3178   2.53416892157434600000E+015   4.54003424071587477281E-018
      3179   2.79293672282174400000E+015   4.50612373565773972328E-018
      3180   3.13591242689830750000E+015   4.99406062890962125284E-018
      3181   3.29901150214278050000E+015   5.55483497651497197633E-018
      3182   3.77319858772049000000E+015   5.06279737497848203467E-018
      3183   4.06311204081163350000E+015   4.68735936670060760725E-018
      3184   4.03148519328264550000E+015   4.72075309108937985522E-018
      3185   4.72603958164748600000E+015   4.97769386460164057801E-018
      3186   5.72907332211545400000E+015   5.03038085273684968841E-018
      3187   7.10910273891564100000E+015   4.75455484870506159830E-018
      3188   7.34399687867403300000E+015   4.61175943019054856216E-018
      3189   8.02886228893348100000E+015   3.67671706774826666312E-018
      3190   8.65238558363402700000E+015   3.25241570917354475715E-018
      3191   9.57918358332802000000E+015   2.97762994096247361364E-018
      3192   1.07405719881997120000E+016   3.23989071112892230829E-018
      3193   9.54252092169406400000E+015   3.55283373048005075394E-018
      3194   1.05854670100396380000E+016   3.64294778309547779641E-018
      3195   1.08069850191875080000E+016   3.56236072102634988895E-018
      3196   9.38742058125713000000E+015   3.45820109665786071827E-018
      3197   1.17961426632190340000E+016   3.12827667113140841274E-018
      3198   1.81329058037839680000E+016   2.65803207994443468050E-018
      3199   2.38818236967374360000E+016   2.28963890673656237498E-018
      3200   1.92426405478358520000E+016   2.59211528149320870959E-018
      3201   1.92623572761232680000E+016   2.81826763756895438332E-018
      3202   2.55776451709821760000E+016   2.56517833621819389312E-018
      3203   2.76108388463848400000E+016   2.30937117519104499764E-018
      3204   3.10815235590097560000E+016   2.20250369860785108640E-018
      3205   2.69849069652524080000E+016   2.44729413369304615406E-018
      3206   2.44218383547958280000E+016   2.64048452653534547244E-018
      3207   5.20292118527768080000E+016   1.58884388996158246818E-018
      3208   5.39961806827447840000E+016   1.54722511687939959074E-018
      3209   2.23560922903121440000E+016   1.95717260456195087937E-018
      3210   4.02036253728412960000E+016   1.10657434611115246575E-018
      3211   3.54607114695287040000E+016   9.84782076158731319131E-019
      3212   5.01459867032797120000E+016   1.19361967108793112498E-018
      3213   4.14261152299038880000E+016   1.97841300009662661451E-018
      3214   4.24164276953269520000E+016   1.70730165000729584775E-018
      3215   5.28327910127352880000E+016   1.05767550877073541081E-018
      3216   4.13986433978917760000E+016   1.79888251860356824162E-018
      3217   7.95238502153468200000E+015   4.39940355025010656513E-018
      3218   2.47976835887011800000E+016   1.83941361225559934653E-018
      3219   1.01278523736854336000E+017   7.43768618749187085377E-019
      3220   1.08822605851258640000E+017   6.04993639310728656072E-019
      3221   5.73444824337596880000E+016   7.70855561890789651745E-019
      3222   7.10955210222715920000E+016   5.53508616037789975589E-019
      3223   5.20788230474874320000E+016   1.87440032055897119156E-018
      3224   6.58371842330531360000E+016   1.49123163334022265218E-018
      3225   6.69614774602370320000E+016   9.26469956672450770373E-019
      3226   8.04758941835300640000E+016   1.17093671455909978978E-018
      3227   1.36538527944242016000E+017   5.26441742587754101646E-019
      3228   6.57098561341675920000E+016   2.06536363331624412025E-018
      3229   8.09304037890760960000E+016   6.15289020116014605672E-019
      3230   3.34756632650014600000E+016   2.50051428997446275676E-018
      3231   6.60975048453956640000E+016   1.17047288273015143617E-018
      3232   1.08137489922401440000E+017   5.10330844172120034213E-019
      3233   6.11454003366645040000E+016   5.30468534009239379269E-019
      3234   1.04117848864105824000E+017   3.63326091675744171792E-019
      3235   7.50811466298466400000E+016   5.64149517819842312885E-019
      3236   3.82060237536094880000E+016   1.39979507600286495774E-018
      3237   1.01091353947836064000E+017   4.07257133596431137073E-019
      3238   8.92409094428086240000E+016   6.43390134876777047316E-019
      3239   5.02628795886386160000E+016   8.76821146063219720825E-019
      3240   8.49853886594211520000E+016   4.08949107914817717925E-019
      3241   4.80611979860918800000E+016   8.28343668481837199336E-019
      3242   1.90203465726142080000E+016   2.67478496605436982505E-018
      3243   4.02418117791022450000E+015   3.47472696120990700481E-018
      3244   1.50536591508067640000E+016   2.12462913378375902537E-018
      3245   5.00149934454387520000E+016   9.63525113655061967267E-019
      3246   6.92994053764375440000E+016   4.15263625074600422661E-019
      3247   7.09582750528468720000E+016   5.48917909158779560748E-019
      3248   1.16223166745213536000E+017   4.69442015394647711064E-019
      3249   4.51383150536560320000E+016   8.28709618474726026539E-019
      3250   7.72936063285925600000E+016   6.99882858388642483623E-019
      3251   7.43219005491451520000E+016   5.99799136832921784006E-019
      3252   1.25776507380412368000E+017   5.04831174316851596360E-019
      3253   9.13845031751838720000E+016   7.08968433106877282905E-019
      3254   1.43290891121689792000E+017   7.27738591891538627953E-019
      3255   1.34896209315558176000E+017   3.84989807928832324097E-019
      3256   7.24970679309803200000E+016   8.32109663329182528432E-019
      3257   6.65690015859530560000E+016   1.45601409083580741536E-018
      3258   3.42860146956736880000E+016   2.37241247590939767905E-018
      3259   4.90006114948365040000E+016   2.78544939029301099876E-018
      3260   8.00785207222473400000E+015   2.55720339583204912590E-018
      3261   9.44422463473510560000E+016   8.02657595491036356628E-019
      3262   1.26625581513353328000E+017   1.03588038653410242852E-018
      3263   6.48360118101367600000E+016   6.57216773861480708776E-019
      3264   1.24444717293087568000E+017   5.40242026567596173851E-019
      3265   1.03374884917199600000E+017   4.66590585036282215571E-019
      3266   9.04881496863956160000E+016   6.29476876941163207793E-019
      3267   7.39460357081062240000E+016   1.33393115320765328335E-018
      3268   6.76526929654008640000E+016   9.19116799858173852815E-019
      3269   3.90704936636618240000E+016   1.50994575489474051422E-018
      3270   5.06747549560714080000E+016   1.31849836083340723514E-018
      3271   6.17969127212658960000E+016   1.09662092987186246674E-018
      3272   4.14641612430501280000E+016   2.71429608744846642596E-018
      3273   6.27527655364514560000E+016   2.31719198379138778172E-018
      3274   7.53206054180613920000E+016   1.41151741299057028788E-018
      3275   9.00814516893450080000E+016   9.15004327297518204714E-019
      3276   4.26240041554616400000E+016   1.98650844855884902053E-018
      3277   3.81078864201271600000E+016   3.20599411565899874249E-018
      3278   4.46527112026159800000E+015   5.71994687136694648121E-018
      3279   3.90642278302355600000E+016   1.71211425634103083721E-018
      3280   1.84818344321259920000E+016   2.98292838573055937654E-018
      3281   2.70623966399430920000E+016   1.89722309224900959482E-018
      3282   2.61240906382559400000E+016   1.50514038613521879967E-018
      3283   2.18075211730359840000E+016   1.89484801208776860178E-018
      3284   2.20686909945275120000E+016   1.99240184369589610372E-018
      3285   1.95431463495070720000E+016   2.60022095194937638803E-018
      3286   1.75056826449967880000E+016   2.96999271389860965459E-018
      3287   1.41869162485596620000E+016   3.28806878377536093679E-018
      3288   1.65442531939939440000E+016   1.89452763483388034704E-018
      3289   1.47485752660921940000E+016   1.59702077922715800236E-018
      3290   8.78017327955995100000E+015   2.64808389534749239295E-018
      3291   9.93667551240197600000E+015   2.67828909368488287530E-018
      3292   1.02456315395344280000E+016   3.18377253176381589834E-018
      3293   1.00752995224642100000E+016   3.62286464029439279335E-018
      3294   9.42664599442446400000E+015   3.70479166249408135457E-018
      3295   8.56520825061331100000E+015   3.94532969530331285140E-018
      3296   8.98884162538701600000E+015   3.68173971038803495966E-018
      3297   8.85568316748165900000E+015   3.09800376349853955018E-018
      3298   8.65224930747483800000E+015   2.93947782785383994780E-018
      3299   7.78237773371787200000E+015   2.94867492037769139143E-018
      3300   6.13458636393658800000E+015   3.09975052686647366122E-018
      3301   5.74010056558741000000E+015   3.22852035989075725382E-018
      3302   5.84769105869242900000E+015   3.47598916766101992327E-018
      3303   4.99956324914053900000E+015   3.88103558078593335776E-018
      3304   5.79606584105979800000E+015   3.62186431380221960687E-018
      3305   5.29917165595742200000E+015   3.71336004483705512612E-018
      3306   5.01839381800651400000E+015   3.39860320247332189590E-018
      3307   4.56011279407968100000E+015   3.65550833214554258208E-018
      3308   4.10820471671122850000E+015   3.92445103744923190568E-018
      3309   3.70620687193453350000E+015   4.37363818363613397664E-018
      3310   3.44298215238703800000E+015   4.91698021436893567005E-018
      3311   3.43663741740453200000E+015   4.92447741834535867760E-018
      3312   3.30096627757532200000E+015   4.81873824859790819957E-018
      3313   3.12366661747855900000E+015   4.70045390023048628001E-018
      3314   2.99304103359711550000E+015   4.60148550222004013568E-018
      3315   3.06033226809816800000E+015   4.24111392823889097741E-018
      3316   3.01373716568399800000E+015   4.12210944389662821963E-018
      3317   2.80464061365681900000E+015   3.94395667752161773704E-018
      3318   2.66972647817326500000E+015   3.67400814746305611467E-018
      3319   2.49500212433880400000E+015   3.92476365154923119453E-018
      3320   2.35415861895225700000E+015   3.99997202002253555479E-018
      3321   2.61665914917600950000E+015   3.89022726248924016716E-018
      3322   2.77862517181354200000E+015   3.76974367506679891185E-018
      3323   2.63719022847332800000E+015   3.98185021816508174900E-018
      3324   2.68086281043933700000E+015   3.93507504360344667072E-018
      3325   2.83772349960894600000E+015   3.86095881368217806044E-018
      3326   2.85193347611318000000E+015   4.19570189209512772180E-018
      3327   2.65852332915968550000E+015   4.25631094437431090950E-018
      3328   2.66374730692129200000E+015   4.13982142520736612410E-018
      3329   2.32991323719840050000E+015   4.21556224923313135409E-018
      3330   2.20192961819947575000E+015   4.17786512832304518077E-018
      3331   2.13246376176000725000E+015   3.83124412415073452466E-018
      3332   1.85119534162117800000E+015   3.98149565905328098609E-018
      3333   1.88373698696535500000E+015   3.94390349613609466048E-018
      3334   1.85797168725089975000E+015   4.11562127191291265635E-018
      3335   2.08210605027506250000E+015   4.16338321250805949774E-018
      3336   2.04902175268890675000E+015   4.47588503788654701368E-018
      3337   2.17423617291161450000E+015   4.53891911489007638971E-018
      3338   1.84901557353914225000E+015   4.37632807361535314488E-018
      3339   1.86943612040915000000E+015   4.18853049272911163153E-018
      3340   1.65319053422198125000E+015   3.83544771753023767365E-018
      3341   1.52929447500166525000E+015   3.49737116857967393046E-018
      3342   1.38962431865126400000E+015   3.68143694139839448506E-018
      3343   1.21448122334305900000E+015   3.74677963566148296154E-018
      3344   1.26246236092616850000E+015   4.13490093213008368025E-018
      3345   1.28704917427425475000E+015   4.07645484140869114467E-018
      3346   1.29720480431321850000E+015   4.26006307217636988384E-018
      3347   1.18054499240329900000E+015   4.40432859149379540043E-018
      3348   1.30231639036698600000E+015   4.49024633571411186073E-018
      3349   1.36275420772384475000E+015   4.82962958097310172409E-018
      3350   1.48131146047172525000E+015   5.29110432384955044151E-018
      3351   1.46055921300086450000E+015   5.79220297349284065524E-018
      3352   1.34177022671454150000E+015   6.18215318923696671093E-018
      3353   1.30773116693929825000E+015   6.09397318726488168214E-018
      3354   1.26770166125429925000E+015   6.46683212759117316036E-018
      3355   1.24782677295379300000E+015   6.30321754249799195700E-018
      3356   1.28663161754426850000E+015   6.27046951776018266674E-018
      3357   1.29199794413475625000E+015   6.11188273729991965913E-018
      3358   1.27155323078122550000E+015   5.96978146315698884434E-018
      3359   1.33175567839861925000E+015   5.89352495237365182752E-018
      3360   1.30542279406378125000E+015   5.64103127946302499685E-018
      3361   1.27144389197103950000E+015   5.03645122258769333570E-018
      3362   1.26615937435954250000E+015   4.54223636078284692307E-018
      3363   1.27991975591916375000E+015   4.95105785058835275690E-018
      3364   1.30838851805297825000E+015   4.58704099382599047523E-018
      3365   1.23999890513227800000E+015   4.77841484433348316093E-018
      3366   1.14806628221598050000E+015   4.82097544655152479626E-018
      3367   1.03191960113192512500E+015   5.19415587065903733301E-018
      3368   8.87539522682758875000E+014   5.02962590002808215930E-018
      3369   7.93976731182656250000E+014   4.65756976143819452816E-018
      3370   9.59839428272502875000E+014   4.01773099370946299245E-018
      3371   9.50865523629966875000E+014   4.30886744464240465870E-018
      3372   9.06829503067504125000E+014   4.73148932359152967090E-018
      3373   7.71309970671299250000E+014   5.25760824755513581023E-018
      3374   6.57811761461931875000E+014   5.88890828662427704869E-018
      3375   6.33810141426428625000E+014   5.81419240115802971801E-018
      3376   5.73257369395248875000E+014   6.15520642905629598392E-018
      3377   5.05919887037590187500E+014   5.83668885150910867721E-018
      3378   6.07928120533544500000E+014   6.07566188844560708290E-018
      3379   5.18817049808628812500E+014   6.39401784572986805116E-018
      3380   5.24230131106648875000E+014   6.39878018769156275516E-018
      3381   4.76632763191975500000E+014   6.21869018555641386163E-018
      3382   4.55827403687511750000E+014   6.05543122277746394588E-018
      3383   5.28866986469646500000E+014   5.16387645135744975610E-018
      3384   6.43718063068275125000E+014   4.92433337147877427097E-018
      3385   5.64236451762267250000E+014   6.00415647871580058051E-018
      3386   5.53539608916788812500E+014   6.50018655107014003510E-018
      3387   6.11886128629167625000E+014   6.69487488990603548025E-018
      3388   6.66867226542373250000E+014   5.90831578781925982834E-018
      3389   7.08346142744586375000E+014   5.43852718908080917756E-018
      3390   7.35366378065570625000E+014   5.68592363541473362848E-018
      3391   6.66392382676099250000E+014   6.12354666883614266126E-018
      3392   7.12396523212083750000E+014   5.32456011177513959901E-018
      3393   6.38064167397596125000E+014   5.23316071208727971128E-018
      3394   5.14883988882101125000E+014   4.83320502677186652053E-018
      3395   4.83369008583806312500E+014   5.29349898234864569306E-018
      3396   4.79298718105399187500E+014   6.02462398683239552178E-018
      3397   5.00579283097655500000E+014   6.08966014787572638909E-018
      3398   5.26769954629202437500E+014   6.04261324398331839150E-018
      3399   5.87425099904491875000E+014   5.53801190493783863428E-018
      3400   7.23463857602626625000E+014   4.28474149237761125498E-018
      3401   7.25696857485972000000E+014   4.52510139560231260409E-018
      3402   8.59324176250538000000E+014   4.86759725309162100001E-018
      3403   9.70760523319198875000E+014   5.00346001374593042315E-018
      3404   8.88192218237421500000E+014   5.54250200581426170763E-018
      3405   9.42600891107320250000E+014   4.94737922202266519624E-018
      3406   7.08065249794291125000E+014   5.64026890208688995548E-018
      3407   4.97462381224617187500E+014   6.12803326349350237827E-018
      3408   5.62269285763659500000E+014   5.54795384806572032100E-018
      3409   6.19002066307757375000E+014   5.99062054766468258411E-018
      3410   6.13514710812620625000E+014   6.87936617482705048043E-018
      3411   6.51502006304349125000E+014   6.67393070098915162416E-018
      3412   6.87759466692011250000E+014   5.86448489002921170300E-018
      3413   6.36521404678003875000E+014   6.24243621465576624838E-018
      3414   5.86073364170902750000E+014   6.67495721274710223114E-018
      3415   4.96747393302063375000E+014   7.47116657922824752638E-018
      3416   6.60710427736841000000E+014   7.18895362448476496207E-018
      3417   7.12749418749994500000E+014   7.17836035747389514016E-018
      3418   8.74011222909089625000E+014   6.20207043654402191664E-018
      3419   9.37781274691376000000E+014   5.77811298580524217293E-018
      3420   9.99698412963367875000E+014   4.91189514538226865915E-018
      3421   1.01820475179986525000E+015   4.52061418699101095095E-018
      3422   1.06709793911056012500E+015   4.54155573862894618697E-018
      3423   1.21258012842368775000E+015   4.54120719402809093504E-018
      3424   1.23808713060366350000E+015   4.74281189455312864199E-018
      3425   1.06313243544399062500E+015   6.02652406831798530119E-018
      3426   9.43860403519788875000E+014   6.45969774658899427148E-018
      3427   1.01423982830581287500E+015   6.06066882309362652894E-018
      3428   1.22903896380176975000E+015   5.38479208562954634107E-018
      3429   1.37160862195449200000E+015   4.97010131293676978383E-018
      3430   1.29294813307245000000E+015   4.89366171818224775861E-018
      3431   1.23433649640162600000E+015   4.72112984267485603811E-018
      3432   1.29568003298073600000E+015   5.16918954440773667616E-018
      3433   1.25986058585904250000E+015   5.44518438364713024449E-018
      3434   1.43851653114576450000E+015   5.40285396454329854244E-018
      3435   1.44155800253562275000E+015   4.75021415345910220862E-018
      3436   1.46734316108020875000E+015   3.79787746490522599507E-018
      3437   1.34857639742462550000E+015   4.04590712751288479695E-018
      3438   1.27040684810135000000E+015   4.50348533233080788918E-018
      3439   1.28090042395351650000E+015   4.62945890322018284599E-018
      3440   1.36020480108583300000E+015   4.24308951643444468411E-018
      3441   1.42987512867414325000E+015   3.94100059772517266891E-018
      3442   1.39843097489133200000E+015   3.49567737679891860267E-018
      3443   1.39589036818696925000E+015   3.32456014937255757718E-018
      3444   1.47170228985988925000E+015   3.00975300125963424641E-018
      3445   1.60161661010659950000E+015   3.05824437589963551598E-018
      3446   1.63235195067919550000E+015   3.42466317693936703543E-018
      3447   1.51756739294890700000E+015   3.92384216488930279114E-018
      3448   1.44477581367406600000E+015   4.47508822392209670877E-018
      3449   1.38370751408475900000E+015   4.43284551968494089193E-018
      3450   1.24496174074692575000E+015   5.07042121205648035148E-018
      3451   1.16199256209865625000E+015   5.66521592740145867839E-018
      3452   1.10622410779543237500E+015   5.74984212575104533275E-018
      3453   1.11534849294183912500E+015   5.85947939905038313366E-018
      3454   1.12197355788595700000E+015   5.40599527801275116647E-018
      3455   1.20081976579689250000E+015   5.18308734929403947507E-018
      3456   1.28710649179634425000E+015   4.86778915219054678163E-018
      3457   1.53280592889900050000E+015   4.04528950601466619896E-018
      3458   1.65931294345553650000E+015   5.17026540415582825966E-018
      3459   1.63264926136888225000E+015   5.47073948160006173837E-018
      3460   1.60164509810715975000E+015   6.14105149518136892167E-018
      3461   1.80435879633492775000E+015   7.01691575202287780841E-018
      3462   1.80995853606315825000E+015   7.50232051058787743003E-018
      3463   1.96261411827336275000E+015   6.93142158121362178737E-018
      3464   2.20945577770430350000E+015   6.50697093418250011898E-018
      3465   2.31588791601421400000E+015   5.72608825762626105158E-018
      3466   2.31539212831767950000E+015   5.15886279098996570654E-018
      3467   2.29653151664856850000E+015   4.98412696685836971343E-018
      3468   2.42874793018255900000E+015   4.78010449134377748838E-018
      3469   2.42386587342622500000E+015   4.08246685597323371160E-018
      3470   2.23604275570938025000E+015   4.39030891291705292086E-018
      3471   2.06063926779455025000E+015   5.54415252591636894663E-018
      3472   2.09648020124377625000E+015   5.96409978485647105806E-018
      3473   2.14981120584290925000E+015   6.04566533150357697593E-018
      3474   2.48549580714590650000E+015   4.86233666976835861217E-018
      3475   2.63127388883732950000E+015   4.56268910648704281104E-018
      3476   3.02650358462746000000E+015   4.78464018623211204613E-018
      3477   3.23867524611005800000E+015   5.61713208319438552579E-018
      3478   3.61389879604496900000E+015   5.13167236979032677566E-018
      3479   3.96552367175373950000E+015   4.41893176354779313049E-018
      3480   3.95836430933993150000E+015   4.57411180385958406836E-018
      3481   4.33317838564364550000E+015   4.80660225010358225502E-018
      3482   5.14319960666664500000E+015   4.72353617559000328423E-018
      3483   6.53254498101909100000E+015   4.75704735964020561820E-018
      3484   7.38365935633567800000E+015   4.71798104637036863841E-018
      3485   7.85172673375810900000E+015   3.98835532109985946067E-018
      3486   8.73336801936995800000E+015   3.14809664723373313255E-018
      3487   9.26467811003297000000E+015   2.87150147910447836602E-018
      3488   1.07904275664179180000E+016   3.11161092430023470520E-018
      3489   1.00734726675215700000E+016   3.32887499036570063599E-018
      3490   1.09745294783242220000E+016   3.42191612435987201296E-018
      3491   1.06940282068719200000E+016   3.45420606437998294475E-018
      3492   1.31534769754932860000E+016   3.09192702067276177373E-018
      3493   1.08768333173361020000E+016   3.10609872393055739755E-018
      3494   1.78153356108067920000E+016   2.60485592792064799955E-018
      3495   2.34441827214546240000E+016   2.25938225752966105646E-018
      3496   2.59691350192867240000E+016   2.14288537285804040941E-018
      3497   1.87214113716767720000E+016   2.77231925228078072049E-018
      3498   2.05618695253351040000E+016   2.72237162139070986872E-018
      3499   2.76107017205534520000E+016   2.35845779294000366487E-018
      3500   2.85173947946042680000E+016   2.24143384371432548259E-018
      3501   3.40520010606237600000E+016   2.02915045392594852187E-018
      3502   2.87355190477839920000E+016   2.40768509164180910786E-018
      3503   3.22325477682927880000E+016   2.15296848079322451042E-018
      3504   5.90738259014779280000E+016   1.57655088427725351548E-018
      3505   4.92382469835326560000E+016   1.71898045737148678229E-018
      3506   3.20151536400820400000E+016   1.47968259973389985712E-018
      3507   5.26628087172942880000E+016   8.47728536139691737436E-019
      3508   4.46642694050919360000E+016   1.17832931224713691597E-018
      3509   5.77987484618833600000E+016   1.30760203568791160673E-018
      3510   5.27266580108604640000E+016   1.72136507472911160721E-018
      3511   5.66710447664196080000E+016   1.18972774273718263833E-018
      3512   6.73294280457732960000E+016   6.79864663379405260184E-019
      3513   3.43179712014472800000E+016   1.98600127153777262896E-018
      3514   7.14673979676407100000E+015   3.91995715801775188279E-018
      3515   2.87940314032564080000E+016   1.93165030562387040774E-018
      3516   1.25324538273201808000E+017   4.46675039346012840775E-019
      3517   1.32561171138560144000E+017   3.38017830145379801299E-019
      3518   4.80669045726594080000E+016   8.92960965180171292244E-019
      3519   1.01032599342853392000E+017   5.57623848224635610702E-019
      3520   4.65776736494039920000E+016   2.32035628970075950697E-018
      3521   1.12135718191521312000E+017   1.31125612300554980082E-019
      3522   6.87702591744244640000E+016   6.12300186737595800070E-019
      3523   9.48922000886323040000E+016   1.24820975690523643319E-018
      3524   1.97890516424460928000E+017   2.18459012996976517275E-019
      3525   1.77685887097515840000E+017   5.19768842518047484598E-019
      3526   9.55238159266643840000E+016   6.55059857238831796009E-019
      3527   1.05016225661378672000E+017   8.43371625976348895672E-019
      3528   4.92590522772180160000E+016   1.57446238937353705020E-018
      3529   1.57947499201036896000E+017   4.94159498100479340412E-019
      3530   5.92759328794474400000E+016   3.81906438388822401039E-019
      3531   1.70135340184223776000E+017   1.00858388285098863058E-019
      3532   5.53529794551070480000E+016   8.26230843387177520545E-019
      3533   7.11253154849357280000E+016   9.45828156150035358831E-019
      3534   1.08857129589099984000E+017   3.00325998092889060053E-019
      3535   8.10202236171201440000E+016   7.40543715783155875304E-019
      3536   7.85107230395549120000E+016   7.02410147160392027558E-019
      3537   9.51740167065202880000E+016  -3.36165865075701957792E-019
      3538   6.61702704220237600000E+016   7.39517854412989616409E-019
      3539   1.29734851207789940000E+016   3.56964198614151441529E-018
      3540   1.01183603811629840000E+016   3.37136266595605734152E-018
      3541   3.90057827515941760000E+016   1.45047157667155280481E-018
      3542   6.98673531668715840000E+016   8.04563935733817490111E-019
      3543   7.77355324877108960000E+016   2.74065989984193607236E-019
      3544   1.03140437175232736000E+017   4.12331996335747971641E-019
      3545   9.14863502755208800000E+016   5.14743329174346785000E-019
      3546   9.49989883982177920000E+016   8.36237710481038903731E-019
      3547   1.69177216153757760000E+017   4.01466808672620044712E-019
      3548   9.64243232913984960000E+016   5.87256006315768273587E-019
      3549   1.59684436670721056000E+017   5.95582927461682275662E-019
      3550   1.30714456637489568000E+017   3.49204127447703219253E-019
      3551   1.57521356290511040000E+017   6.99948703785524794172E-019
      3552   1.40374042977326848000E+017  -6.54966075654890800735E-020
      3553   1.19088767565725472000E+017  -5.03948719400819489220E-020
      3554   8.84687635783592320000E+016   9.05472106512420346012E-019
      3555   5.49317385504869520000E+016   1.76290267348774050850E-018
      3556   7.74613125312100960000E+016   1.86834817269358942680E-018
      3557   5.65745679211920960000E+016   1.76296601539595929374E-018
      3558   9.57591842218042880000E+016   7.34263611165186683193E-019
      3559   1.70373049038061248000E+017   3.47840946468275013927E-019
      3560   6.19490118185153760000E+016   6.91270888697029546828E-019
      3561   1.43805014466982656000E+017   4.15942736359851217256E-019
      3562   9.42501005206108160000E+016   5.13031706646987703678E-019
      3563   1.01542936101935280000E+017   6.71661855378728556262E-019
      3564   9.96915564101043520000E+016   7.21190552985318037613E-019
      3565   7.43187416935297440000E+016   6.70063843926823076761E-019
      3566   3.69357249686993760000E+016   1.46598937991095777531E-018
      3567   6.85151684356420480000E+016   9.39072397576819968598E-019
      3568   6.78699869774345440000E+016   1.36501022181936940789E-018
      3569   5.29233314764639280000E+016   2.61361048825619109096E-018
      3570   8.01997671818980320000E+016   1.49122062232435016352E-018
      3571   8.18308862667736640000E+016   1.33923702071723631796E-018
      3572   1.03613757047968352000E+017   9.57747799035902121741E-019
      3573   4.44131431656449200000E+016   1.72324987800760704395E-018
      3574   3.18207796849692480000E+016   3.67271044258204718073E-018
      3575   3.54134962965914840000E+016   3.93537519359295088629E-018
      3576   4.37611777184332240000E+016   1.67523146213198581526E-018
      3577   1.58413683014051920000E+016   2.93782509445364881557E-018
      3578   3.04870329180751720000E+016   1.64638372351699551026E-018
      3579   3.24283622513465520000E+016   1.19113084360765150914E-018
      3580   2.56535468602403840000E+016   1.72330946107653914261E-018
      3581   2.47338618847508440000E+016   1.78461332652054723616E-018
      3582   2.31225674593718600000E+016   2.28948982549175380490E-018
      3583   1.96432561256037160000E+016   2.73056169860655108217E-018
      3584   1.82489730896601480000E+016   2.39459795206365545905E-018
      3585   1.76723937683738440000E+016   1.83544998222460889942E-018
      3586   1.28802715452629380000E+016   1.86415481712269936241E-018
      3587   1.14388617128985720000E+016   2.19190507164469535971E-018
      3588   1.10647323506724840000E+016   2.40748425444416508465E-018
      3589   1.13367871839722640000E+016   3.55109195878635448948E-018
      3590   1.13302912890357640000E+016   3.57377789052963289679E-018
      3591   8.78487866678446100000E+015   4.02312952815724989798E-018
      3592   8.81900621242851100000E+015   3.65177408808126323130E-018
      3593   9.42027038162417000000E+015   3.15091083589280438440E-018
      3594   8.80538115409477200000E+015   3.25339170260949595171E-018
      3595   8.42994221480854200000E+015   3.14044811438619782830E-018
      3596   7.50575675689771300000E+015   3.19863666239122546320E-018
      3597   6.25187596135801200000E+015   3.21059691012659046783E-018
      3598   5.22344919015265000000E+015   3.61539660026003043489E-018
      3599   4.73603798963759600000E+015   3.85438197302755874709E-018
      3600   4.56219517287204200000E+015   3.89406311301798751275E-018
      3601   4.87182665235181100000E+015   3.70956172022837757060E-018
      3602   5.35538292880656000000E+015   3.58329952808810848062E-018
      3603   5.10743593773915900000E+015   3.36195046348759591788E-018
      3604   4.71509353799240000000E+015   3.51854511546882454077E-018
      3605   3.97674742510501100000E+015   3.93564579718304848346E-018
      3606   3.67995437697756500000E+015   4.28553449982207349102E-018
      3607   3.81592086219533850000E+015   4.51896374908670858099E-018
      3608   3.64478665140106150000E+015   4.81027462952027236100E-018
      3609   3.38913615210407550000E+015   4.75821328886696255815E-018
      3610   3.29341827068519500000E+015   4.69041980945196525520E-018
      3611   3.14730969531554350000E+015   4.30804431723492240940E-018
      3612   2.95613898398541450000E+015   4.22101676109941085646E-018
      3613   3.12751484544198900000E+015   4.20911136786710259179E-018
      3614   2.88199328221911800000E+015   4.09721616966671661599E-018
      3615   2.50485027399524400000E+015   4.25026761792369065068E-018
      3616   2.38202139007553350000E+015   3.93166716358264348196E-018
      3617   2.35882309573487050000E+015   4.26516846762887185892E-018
      3618   2.35344110025430050000E+015   4.23772806315882525945E-018
      3619   2.77436345914818400000E+015   3.92252937100131475546E-018
      3620   2.72358442332324250000E+015   3.80452290449745314568E-018
      3621   2.58508777755217000000E+015   4.06637899130785564329E-018
      3622   2.66375141060986550000E+015   3.94706888418001821980E-018
      3623   2.87818135191065300000E+015   4.15717794671582746731E-018
      3624   2.73542830793148600000E+015   4.28304541272951635598E-018
      3625   2.66251432296640100000E+015   4.24881461040170453171E-018
      3626   2.47184833506737700000E+015   4.30609081839726268967E-018
      3627   2.23069011217216250000E+015   4.24331843545155562137E-018
      3628   2.20139809422969275000E+015   4.04915563756030909372E-018
      3629   2.00764393741336750000E+015   3.90725499063056846495E-018
      3630   1.84178241985850950000E+015   4.13546987423226648924E-018
      3631   2.08621265522331850000E+015   3.97725321363053219629E-018
      3632   2.14935268376319550000E+015   4.08182580779062821125E-018
      3633   2.13679366286188150000E+015   4.23003373611319684070E-018
      3634   2.18405178626386850000E+015   4.59436915916579676385E-018
      3635   1.91261683501822050000E+015   4.47347842722479180359E-018
      3636   1.88920691127879900000E+015   4.11604596322326701964E-018
      3637   1.67509220240658250000E+015   3.77210431710200541726E-018
      3638   1.53016433456935800000E+015   3.53321160132996325268E-018
      3639   1.32723620689736050000E+015   3.65083024093498760430E-018
      3640   1.23193666342866750000E+015   3.96150163227106986736E-018
      3641   1.25238735520595925000E+015   4.11945702421007773761E-018
      3642   1.45008150098625825000E+015   4.00883428290884147042E-018
      3643   1.30448076311709100000E+015   4.16740176416414178708E-018
      3644   1.17240158241460200000E+015   4.47055059108620673343E-018
      3645   1.22667941067903625000E+015   4.36309322613734909777E-018
      3646   1.36001977012318600000E+015   4.73753559560604981733E-018
      3647   1.47581886373995800000E+015   5.19519472439898588052E-018
      3648   1.55894526105618450000E+015   5.60668040725565472163E-018
      3649   1.35809309696030750000E+015   6.06974183206669697894E-018
      3650   1.29208603205439425000E+015   6.34690322839171396195E-018
      3651   1.24854414358017625000E+015   6.15411011178358783337E-018
      3652   1.33122638713300425000E+015   6.26627250505637717842E-018
      3653   1.30901628358756025000E+015   6.36316104311621576960E-018
      3654   1.26334291734160775000E+015   6.14623083704177723211E-018
      3655   1.28236944696459275000E+015   5.99094081318513690656E-018
      3656   1.34526623358041075000E+015   5.78335080889817186218E-018
      3657   1.29703867601675300000E+015   5.58088604000919470428E-018
      3658   1.27797320796563675000E+015   5.06532098774623844675E-018
      3659   1.19101648018146825000E+015   4.83431885141627484218E-018
      3660   1.27071332440504300000E+015   4.99208599141141603961E-018
      3661   1.31481524707315975000E+015   4.53485317997906413771E-018
      3662   1.19691601683311400000E+015   4.77015045515479957643E-018
      3663   1.17206912727273525000E+015   4.78759607832901247093E-018
      3664   1.13809368666373625000E+015   4.70841830681227352175E-018
      3665   9.03932322575785750000E+014   5.05204944732942085086E-018
      3666   7.84951024285913875000E+014   4.72744254864301618725E-018
      3667   9.35758613571505125000E+014   4.08148772501269795448E-018
      3668   9.90032397065537625000E+014   3.98693202245283152902E-018
      3669   9.37522255410004750000E+014   4.50194916153113162510E-018
      3670   8.03655868880286875000E+014   5.12156737595414200140E-018
      3671   6.80583502963517625000E+014   5.80294499614916830497E-018
      3672   6.59339463715804875000E+014   5.91801832238105294692E-018
      3673   5.94480295208085625000E+014   6.23209337662506743342E-018
      3674   5.13382019257698187500E+014   5.74100404881134945678E-018
      3675   6.24569870639079000000E+014   5.96555468672762941899E-018
      3676   5.45797677897666812500E+014   6.15889206231210025394E-018
      3677   4.99888476294091437500E+014   6.52076617949537932371E-018
      3678   4.86538235186895875000E+014   6.30315593925322173033E-018
      3679   3.73438136043646250000E+014   6.47448981225257286084E-018
      3680   5.25001473071359812500E+014   5.22404937011049649505E-018
      3681   5.99687697801522750000E+014   5.00133106799627556376E-018
      3682   5.95922751222442500000E+014   5.65939292075693879852E-018
      3683   5.98377534151118625000E+014   6.13950137565104854005E-018
      3684   6.47111872864844000000E+014   6.55823439147569074778E-018
      3685   6.34564004547141250000E+014   6.08261424828722492244E-018
      3686   6.94120835432118625000E+014   5.86311208540115748281E-018
      3687   7.43138857936348750000E+014   5.65249327918707579108E-018
      3688   6.98404951378455500000E+014   5.93968953051876949024E-018
      3689   6.98052603920958750000E+014   5.83534425518784709484E-018
      3690   7.41990635647699000000E+014   5.40282898698382506572E-018
      3691   6.84524332778250875000E+014   4.77426625115824733589E-018
      3692   5.01264941555804062500E+014   5.31377163742359357155E-018
      3693   4.92028105536623125000E+014   5.22215722144477934960E-018
      3694   4.80310598897894062500E+014   5.36010382788763122393E-018
      3695   4.99098419223590000000E+014   6.06308685798634775095E-018
      3696   5.25540289961079562500E+014   6.02371185013194414630E-018
      3697   5.58665182502800875000E+014   5.56346229871140519685E-018
      3698   7.20281234035224500000E+014   4.26760357089065258962E-018
      3699   7.44443449434499000000E+014   4.49082906524617212880E-018
      3700   8.60807230475230000000E+014   4.81723638236987429380E-018
      3701   9.76586734261742375000E+014   4.94443945735624601505E-018
      3702   9.33794723769191625000E+014   5.27824152424806651969E-018
      3703   9.25894935547840375000E+014   4.76897250607272842951E-018
      3704   7.18332099068733500000E+014   5.49079278952875161546E-018
      3705   5.30647247497805000000E+014   5.89715016337061927730E-018
      3706   5.59958466512089875000E+014   5.57262929679335601048E-018
      3707   5.94881494940727000000E+014   6.25706342175378324807E-018
      3708   5.76019174010558375000E+014   6.95296268679448517290E-018
      3709   6.47283936641819750000E+014   6.72208887115673869475E-018
      3710   6.77200946097411000000E+014   5.79172412081773809924E-018
      3711   6.41325859592707000000E+014   5.78012638298578049329E-018
      3712   5.99095113952983250000E+014   6.60863840760740756411E-018
      3713   5.30300169964284500000E+014   7.36312294424708457552E-018
      3714   6.64154111791268875000E+014   7.20412355864371183099E-018
      3715   7.16278834298714125000E+014   7.57536770385295332737E-018
      3716   8.65946379495480500000E+014   6.45441882531224536664E-018
      3717   9.36149826739129250000E+014   5.42411909517045476437E-018
      3718   1.00329499735722475000E+015   4.88353829939749118876E-018
      3719   1.01762075481768162500E+015   4.47602012812167619897E-018
      3720   1.08020085561666150000E+015   4.68472421943883472300E-018
      3721   1.18674569591279825000E+015   4.66634634874818188764E-018
      3722   1.23193722530753525000E+015   4.73262060762338557024E-018
      3723   1.06243242342192400000E+015   5.95254551870650809321E-018
      3724   1.00889153173796512500E+015   6.03429737162822115493E-018
      3725   1.00212274990672137500E+015   6.09245215809043178947E-018
      3726   1.23102234629199650000E+015   5.38109448111101624532E-018
      3727   1.37128644344387200000E+015   5.01097654058608358948E-018
      3728   1.33700794964214950000E+015   5.14205244490057164700E-018
      3729   1.21878130389005200000E+015   4.63328928964203318995E-018
      3730   1.28438975138250800000E+015   4.84351526735293034661E-018
      3731   1.25690490898241350000E+015   5.45517441593575811761E-018
      3732   1.43146465495205700000E+015   5.44075004779919009679E-018
      3733   1.46433022726542800000E+015   5.19830769339122355395E-018
      3734   1.39622084896338875000E+015   4.13544221456933717703E-018
      3735   1.36847243590158125000E+015   4.20755468482870620684E-018
      3736   1.29883332782867050000E+015   4.21466778475464494015E-018
      3737   1.21355591547380675000E+015   4.89600125047272311831E-018
      3738   1.38236417136187500000E+015   4.35153641219237663630E-018
      3739   1.39774972365581875000E+015   4.13450095140524160320E-018
      3740   1.42597652810468825000E+015   3.54753486120258348739E-018
      3741   1.31630619917038650000E+015   3.52472394277775098899E-018
      3742   1.47619086751685175000E+015   3.01545875584422090542E-018
      3743   1.45775750737641350000E+015   3.47581993925897745053E-018
      3744   1.65014063546413775000E+015   3.27310700540507692643E-018
      3745   1.56119980402549800000E+015   3.85597006879885538941E-018
      3746   1.45857159920094800000E+015   4.43514946228524122858E-018
      3747   1.52544838538283850000E+015   3.99620793850443471411E-018
      3748   1.32361833585980775000E+015   5.07412375502796308439E-018
      3749   1.09209221244653150000E+015   5.77399361227626956479E-018
      3750   1.08928416284581462500E+015   6.01658046703889874876E-018
      3751   1.08952605454507562500E+015   5.92599655773961553304E-018
      3752   1.10932165470490050000E+015   5.73207103193124672523E-018
      3753   1.11588580826949587500E+015   5.06105385562772392790E-018
      3754   1.21551138889284000000E+015   5.16473648980865189029E-018
      3755   1.48528949553062625000E+015   4.09020578049191827279E-018
      3756   1.56995729486936525000E+015   4.85226824306779743112E-018
      3757   1.57369009977855625000E+015   6.02300567680102279646E-018
      3758   1.67739479581477100000E+015   6.33415032000257050896E-018
      3759   1.82681175113705850000E+015   6.82423522357435027434E-018
      3760   1.81736868836900875000E+015   7.53709684829587999774E-018
      3761   2.04858012987424100000E+015   6.97577599716812537190E-018
      3762   2.19843859572273850000E+015   6.43498421894813408039E-018
      3763   2.28534966566755800000E+015   5.79538597119284728397E-018
      3764   2.25111376684401325000E+015   5.06364354037698426479E-018
      3765   2.43900401080002350000E+015   4.81070685920194762850E-018
      3766   2.39875670754657400000E+015   4.90567597774457312250E-018
      3767   2.28331144852413550000E+015   4.33127606333186620250E-018
      3768   2.44871557910832950000E+015   4.87025050522190452770E-018
      3769   2.20006359780932875000E+015   5.73588197892126526092E-018
      3770   1.83530415672111350000E+015   6.38765295481507130698E-018
      3771   2.13987163582667350000E+015   6.53520421342623785486E-018
      3772   2.34082009527836100000E+015   5.48155861742596363006E-018
      3773   2.56353627700844100000E+015   4.82002673634027735537E-018
      3774   2.77656239549518650000E+015   4.54632993998359350733E-018
      3775   3.09243106674903250000E+015   5.39039373208245800638E-018
      3776   3.45917222494822400000E+015   5.58583357505243123287E-018
      3777   3.80176212888728200000E+015   4.81611712390866991910E-018
      3778   3.75110728021752450000E+015   4.47578652808474721177E-018
      3779   4.12390084579087350000E+015   4.34538443993590636588E-018
      3780   4.86939611965767600000E+015   4.68158501305152899440E-018
      3781   5.80499850950354500000E+015   4.80077946140071995582E-018
      3782   6.77750162129603200000E+015   4.68562600381885055852E-018
      3783   7.56844606755655700000E+015   4.10586672608354108782E-018
      3784   7.93806435263850500000E+015   3.71221614554044133243E-018
      3785   9.56138965897334400000E+015   2.76800962847972934113E-018
      3786   9.88961470911045000000E+015   2.79975669388675557251E-018
      3787   1.20749492043885780000E+016   3.07889630448478359921E-018
      3788   1.04199157674390660000E+016   3.36055740963593939606E-018
      3789   1.13744199353969200000E+016   3.28021254687879205663E-018
      3790   1.32366126372737920000E+016   3.07253515691969731143E-018
      3791   1.47674193549654000000E+016   2.77989225486128990851E-018
      3792   1.55283656218891120000E+016   2.76732306101741172247E-018
      3793   2.14463409248002280000E+016   2.25570864060319077717E-018
      3794   2.49353193790823720000E+016   1.99058289068135851049E-018
      3795   2.16351331968588560000E+016   2.41404354078573964654E-018
      3796   1.67800336127941680000E+016   2.88088367510063035305E-018
      3797   2.76269112960456080000E+016   2.40036628696128371309E-018
      3798   3.01670636125498400000E+016   2.07184104755289247097E-018
      3799   2.97646429025048800000E+016   2.01064629905333367364E-018
      3800   3.46158203008915520000E+016   2.02400600120726064816E-018
      3801   3.14602054268739560000E+016   2.07184010027692000511E-018
      3802   4.56134005599691360000E+016   1.82651730833594762842E-018
      3803   6.80995083153680880000E+016   1.17889310184292459768E-018
      3804   3.55927636903683240000E+016   1.20199030186641023084E-018
      3805   5.85928573791187920000E+016   9.31991778065442622566E-019
      3806   6.23969554042705920000E+016   8.96721650066113474601E-019
      3807   4.76362439650532800000E+016   1.29684219057685991933E-018
      3808   5.51634099629085040000E+016   1.31421377717021879148E-018
      3809   8.56716395916593120000E+016   9.85939319885220902304E-019
      3810   4.87841623660384880000E+016   1.33236429278676380428E-018
      3811   8.48640996585616640000E+016   3.60113412730444638508E-019
      3812   2.24508938843761800000E+016   2.20630403709575644683E-018
      3813   2.39776654953444720000E+016   2.68764105125676759027E-018
      3814   8.99306269385533920000E+016   8.63650932982553695052E-019
      3815   1.54387708149770208000E+017   3.01918526600468715036E-019
      3816   1.23463093596228560000E+017   5.02082867037265362553E-019
      3817   7.16210580057901680000E+016   9.14439469542377522335E-019
      3818   1.25157976668184272000E+017   4.31681921208975698708E-019
      3819   6.09839464492278960000E+016   2.08376506579209436862E-018
      3820   7.98870946372331360000E+016   1.15782198113859571924E-018
      3821   6.79229483482585600000E+016   9.53846637102619694842E-019
      3822   1.29319980093769824000E+017   6.62233679332359954938E-019
      3823   1.73099405643739552000E+017   3.98391731881721668082E-019
      3824   2.41303328624466112000E+017   1.63625201707978928003E-019
      3825   7.03253870849711280000E+016   2.01314107876619802676E-018
      3826   3.48022465024596520000E+016   4.55548627765424040732E-018
      3827   1.35458163448784336000E+017   2.58585833973966112868E-019
      3828   1.82925761895648096000E+017   2.10497757373964313042E-019
      3829   1.29120113396655520000E+017   1.86130771452026587095E-019
      3830   1.70715989935795488000E+017   1.18365691180624496391E-019
      3831   5.36377170900388080000E+016   1.09013649435667818744E-018
      3832   8.70376038636952000000E+016   4.26048095925632736081E-019
      3833   1.03967307688967488000E+017   3.01732827165803286126E-019
      3834   8.91229597867405920000E+016   8.18337035908372603250E-019
      3835   8.88769817425078080000E+016   7.09935271281528680741E-019
      3836   9.28463072979753600000E+016   3.26283254803487913480E-019
      3837   3.76820299774665360000E+016   2.92839651946433541803E-018
      3838   1.15207238309872380000E+016   4.06591660939230594777E-018
      3839   2.81769744524500080000E+016   3.11934473180769862957E-018
      3840   6.35631402919035600000E+016   1.04241296085574018391E-018
      3841   9.04677854343576640000E+016   6.01030989595243500841E-019
      3842   8.27307494346825440000E+016   4.82945824029453196227E-019
      3843   1.22609666879966368000E+017   4.08820728005982950589E-019
      3844   1.48992759617479744000E+017   4.00511803544629539730E-019
      3845   1.64790882836879168000E+017   6.20210224154073094529E-019
      3846   1.72151871630276672000E+017   3.34576684597694836811E-019
      3847   1.15401791081910976000E+017   6.39416488479105829242E-019
      3848   2.31185864735492288000E+017   4.96777210060004300863E-019
      3849   1.75351007032686688000E+017   3.18634000641540983531E-019
      3850   1.56862667889000160000E+017   7.11641280470722670226E-019
      3851   5.82759132383302320000E+016   2.61033432612549154883E-018
      3852   1.52818279099311904000E+017   1.20850963333504537439E-019
      3853   1.10098241241047504000E+017   1.26002874423553804728E-018
      3854   1.32319684708949856000E+017   9.60519840527161255681E-019
      3855   1.16658924557609520000E+017   9.55804232873697047156E-019
      3856   7.38338751839452960000E+016   1.15051792891731292157E-018
      3857   1.07589080261723280000E+017   4.67909102372564266126E-019
      3858   1.73615736936798304000E+017   1.94903791320127067068E-019
      3859   8.38640134121355520000E+016   6.02099123580533298082E-019
      3860   1.43092928107301776000E+017   4.46802600232250554596E-019
      3861   1.26123193618750848000E+017   5.34620211864256691142E-019
      3862   1.25878029201156944000E+017   5.77727408079404234325E-019
      3863   9.80013298987026080000E+016   5.48352985995358544444E-019
      3864   6.25777453786600080000E+016   1.06838030119998499075E-018
      3865   3.78146316751750240000E+016   1.38358887679773902522E-018
      3866   9.08632127204219360000E+016   7.78592766486507593497E-019
      3867   5.99869223646094720000E+016   1.82443862954441882074E-018
      3868   6.97836222855236640000E+016   2.07354657093866222947E-018
      3869   8.18420603138098080000E+016   1.15431557563356889602E-018
      3870   8.79643681163055520000E+016   1.36869598476205394424E-018
      3871   9.97043404004252320000E+016   7.54359741064455153428E-019
      3872   3.84918553660311440000E+016   2.46582676639579102397E-018
      3873   2.92097823684750040000E+016   3.29636704126426198118E-018
      3874   4.85211643197572720000E+016   2.64710886088245747321E-018
      3875   6.31070305784098640000E+016   5.90258275077335354180E-019
      3876   2.36498318236914640000E+016   2.61043319016535518114E-018
      3877   3.62141646254937760000E+016   1.50046939697504859240E-018
      3878   3.52898513193290720000E+016   1.06849923187197496899E-018
      3879   2.71353913017042680000E+016   1.73082643361814179291E-018
      3880   2.93692942309828440000E+016   1.65155471113114675279E-018
      3881   2.59462628611486160000E+016   1.76371284664245783014E-018
      3882   2.40318116898090080000E+016   2.35326958051396806538E-018
      3883   2.06386440579328560000E+016   2.11984818714663071008E-018
      3884   1.77579204720099720000E+016   1.89256340395741232922E-018
      3885   1.34809897400200380000E+016   1.94527838883428135697E-018
      3886   1.26972785493164420000E+016   2.10981570486372338882E-018
      3887   1.28279484197170500000E+016   2.48322383964590517693E-018
      3888   1.27335810082740120000E+016   3.53647395774533968678E-018
      3889   1.19438423566233800000E+016   3.38031705137088197043E-018
      3890   1.07961871510250620000E+016   3.47777427152892617485E-018
      3891   9.66408893971116200000E+015   3.54357957799847039058E-018
      3892   9.16632761415362800000E+015   2.93503043819338740726E-018
      3893   9.26038137707544600000E+015   3.24713400804157276844E-018
      3894   8.82394657628550200000E+015   3.19119136268887704096E-018
      3895   7.38501803170897900000E+015   3.36837071494199230134E-018
      3896   6.43572993693641500000E+015   3.22313696658621618813E-018
      3897   5.17260335748867900000E+015   3.87416001791855487648E-018
      3898   4.38468054355931800000E+015   3.85703880657717145531E-018
      3899   4.84455990337235700000E+015   3.79438516257752957271E-018
      3900   4.92949375906029200000E+015   3.65918683160860479917E-018
      3901   5.19031445852152600000E+015   3.59433851802219210754E-018
      3902   5.24757662574508700000E+015   3.50518723406242213435E-018
      3903   5.03213209214528100000E+015   3.42476597679242139633E-018
      3904   4.19699633574187000000E+015   3.75488215957607893751E-018
      3905   3.79370155028701900000E+015   4.13216078545638621620E-018
      3906   3.92008767724782900000E+015   4.33585746993072321592E-018
      3907   3.96121790287001650000E+015   4.45425009735997571184E-018
      3908   3.87091869128317600000E+015   4.56217214422166312340E-018
      3909   3.45206785912272650000E+015   4.28500367501052799902E-018
      3910   3.24143212951072050000E+015   4.26757845978300209367E-018
      3911   2.99138578668521250000E+015   4.28301366914263320735E-018
      3912   3.03312152855004600000E+015   4.26206205538182875950E-018
      3913   2.89062214407372900000E+015   4.36135428210472384207E-018
      3914   2.51846088468673300000E+015   4.29939974747027960260E-018
      3915   2.24965310247509500000E+015   4.49263733990711542357E-018
      3916   2.30499694594687950000E+015   4.27687249907020828966E-018
      3917   2.33585754850081200000E+015   4.40392919916505147368E-018
      3918   2.58500006563224800000E+015   4.17814127711734978946E-018
      3919   2.72697922886637500000E+015   3.88297964148621319192E-018
      3920   2.49501393279873850000E+015   4.29360069574355598642E-018
      3921   2.64207620830807200000E+015   3.94509224613824028581E-018
      3922   2.93384636658213650000E+015   3.87591848371650781855E-018
      3923   2.84777428589783250000E+015   4.21665054164767225458E-018
      3924   2.72362566594307900000E+015   4.17165236308287307474E-018
      3925   2.60370669461672650000E+015   4.40785282637529553322E-018
      3926   2.31138919328679100000E+015   4.34323566741139929790E-018
      3927   2.13944979042580650000E+015   4.04014408891525811100E-018
      3928   2.19471504118115900000E+015   4.09187125628505622699E-018
      3929   2.02041051170183250000E+015   3.96059482786035583419E-018
      3930   2.00998287238287600000E+015   4.10337140345678894990E-018
      3931   2.12244803627859575000E+015   4.00298174708315160919E-018
      3932   2.14931489867887200000E+015   4.16291974150594135904E-018
      3933   2.21219962729007175000E+015   4.23259149818286162530E-018
      3934   2.18169841854804850000E+015   4.56073773466671143344E-018
      3935   1.89971739689436900000E+015   4.45727304106328414201E-018
      3936   1.87031679665903500000E+015   4.06401002119799506233E-018
      3937   1.59527235286575825000E+015   3.77676715770700654680E-018
      3938   1.50688336394752900000E+015   3.43330869539607391462E-018
      3939   1.40600907922726600000E+015   3.74673042398993533289E-018
      3940   1.26974725319994150000E+015   4.06400930401654310452E-018
      3941   1.21916514812655275000E+015   4.06849604190599302406E-018
      3942   1.26406493792444375000E+015   4.02786558878448667449E-018
      3943   1.25550914940326325000E+015   4.21460354521897976980E-018
      3944   1.16910452755238175000E+015   4.46036636101958961545E-018
      3945   1.30641825366622150000E+015   4.37174504335340026237E-018
      3946   1.34872283037938875000E+015   4.86786289462436980564E-018
      3947   1.48127817260734875000E+015   5.23407921314092435254E-018
      3948   1.47594117793295200000E+015   5.72002583487568386399E-018
      3949   1.37229357614163175000E+015   6.00753901255649627508E-018
      3950   1.33125598529043825000E+015   6.26171718362302863696E-018
      3951   1.27622224370528900000E+015   6.18047153146882594278E-018
      3952   1.30123150252335300000E+015   6.44383651503870355134E-018
      3953   1.29405482263512175000E+015   6.22312418972962451670E-018
      3954   1.29261599223804825000E+015   6.07412929952966410907E-018
      3955   1.28564860880103500000E+015   5.93314996999577243198E-018
      3956   1.34547809126814475000E+015   5.55204013363483146630E-018
      3957   1.26262551250783825000E+015   5.45836201143161009724E-018
      3958   1.28821171973682850000E+015   4.99700471047667125140E-018
      3959   1.19352246824132025000E+015   4.69567578946094434826E-018
      3960   1.26871151457132750000E+015   5.01289142888391439598E-018
      3961   1.26081470714907075000E+015   4.72815685043602086827E-018
      3962   1.25820607087721650000E+015   4.75903482507056315354E-018
      3963   1.23029819273750675000E+015   4.68855576320838835211E-018
      3964   1.03787943173616925000E+015   5.16653067430515943196E-018
      3965   8.50229664373410125000E+014   5.05078561668820675630E-018
      3966   7.60307540389796000000E+014   4.52891441231320357705E-018
      3967   9.02923065093671500000E+014   4.25175819134342997333E-018
      3968   9.65760091640540000000E+014   4.25633879821313953354E-018
      3969   8.91809289790730750000E+014   4.56030981774036624522E-018
      3970   7.86274238588662375000E+014   5.33544538026457122882E-018
      3971   7.03601215267128125000E+014   6.02571142814827923821E-018
      3972   6.63585472463702250000E+014   6.23228932928405063039E-018
      3973   5.95132180907764875000E+014   6.22703628913001895022E-018
      3974   5.28907343803919000000E+014   5.65807494881375235751E-018
      3975   5.23145001940028250000E+014   6.23333525298082871841E-018
      3976   5.66017275276110500000E+014   5.94189481891566194519E-018
      3977   5.74027428682094125000E+014   6.14058185378587904485E-018
      3978   4.64575270558150000000E+014   6.35769010258170483046E-018
      3979   3.87450415088797937500E+014   6.36483398052795519424E-018
      3980   5.45798137747936875000E+014   5.08261147190082693067E-018
      3981   6.41167445167280000000E+014   4.93477656162234881876E-018
      3982   5.90198206165283625000E+014   5.80809980833019076839E-018
      3983   6.72398775564278875000E+014   6.02792329426030519143E-018
      3984   7.21672903549689125000E+014   5.92074267014455498195E-018
      3985   6.97779808829918375000E+014   5.72894202314684980667E-018
      3986   7.05143805776226875000E+014   5.77045755213011433559E-018
      3987   7.50672688735404500000E+014   5.57297557366310250555E-018
      3988   6.84093897329627000000E+014   5.68714903479232842596E-018
      3989   7.50603704103553875000E+014   5.33352180356863586363E-018
      3990   6.96204482611293375000E+014   4.70207323747413005122E-018
      3991   4.92191436669055750000E+014   5.00142935056089456763E-018
      3992   5.01043662421595125000E+014   5.15318761767399642139E-018
      3993   4.80113610097536062500E+014   5.31210176416385035799E-018
      3994   5.03648082300130875000E+014   6.01324227979921634360E-018
      3995   5.32173384477853687500E+014   6.08391473715695673519E-018
      3996   5.42888019598409062500E+014   5.54539449556559730366E-018
      3997   7.15624606333805250000E+014   4.25906480652604752703E-018
      3998   7.39384068699738875000E+014   4.39632325671514616978E-018
      3999   8.60889557108154000000E+014   4.77380478559431343427E-018
      4000   9.81214291983795750000E+014   4.89591836926264272332E-018
      4001   9.36406614724873875000E+014   5.28775941662680338432E-018
      4002   9.30966933343409375000E+014   4.72910592058147525421E-018
      4003   7.64675334065850875000E+014   5.17244897381971748997E-018
      4004   5.19557999157039625000E+014   6.01064818393996133221E-018
      4005   5.47089196773240062500E+014   5.60630554892458748907E-018
      4006   6.06860401488271750000E+014   6.20921898161141350848E-018
      4007   5.73561888847699500000E+014   6.95058372485332266600E-018
      4008   6.32211430307847000000E+014   6.71358963638966783741E-018
      4009   7.15051930778567250000E+014   5.46665589115837055127E-018
      4010   6.76320699546631000000E+014   5.70578236321125496592E-018
      4011   6.12254155350886000000E+014   6.52950005967536669060E-018
      4012   5.51824102106713812500E+014   7.23160185023404367377E-018
      4013   6.59828527355749750000E+014   7.52963239495236744850E-018
      4014   7.58775736584275250000E+014   7.67302915498521444773E-018
      4015   8.42041046383272875000E+014   6.83870764022438221897E-018
      4016   9.62847584026269625000E+014   5.34831911435727837028E-018
      4017   1.00672829922730612500E+015   4.87674112808178043265E-018
      4018   1.01731413049377250000E+015   4.43526263610802412300E-018
      4019   1.04916184630161475000E+015   4.49516051185894578980E-018
      4020   1.17963195944696800000E+015   4.64416490606089539128E-018
      4021   1.22469685208281000000E+015   4.72191837491281889904E-018
      4022   1.05669754706005012500E+015   5.95087046871149177648E-018
      4023   9.54422104209946125000E+014   6.26168383186373171840E-018
      4024   9.77353055023575750000E+014   6.05834825493111279463E-018
      4025   1.19819714861459300000E+015   5.48196930284252930095E-018
      4026   1.33567604352275700000E+015   5.11437136702966856645E-018
      4027   1.34571677453656325000E+015   5.16326729622839873392E-018
      4028   1.22864797448816425000E+015   4.62417385339714027269E-018
      4029   1.27314152421163875000E+015   4.98842350108143937883E-018
      4030   1.27084088266964750000E+015   5.49173300128900708982E-018
      4031   1.42322846651921000000E+015   5.47733674327539401618E-018
      4032   1.40939316031256175000E+015   4.98827665521795707506E-018
      4033   1.39247369164092975000E+015   4.18159533501579452326E-018
      4034   1.36247935262363350000E+015   3.86081658128646554046E-018
      4035   1.30072907658987875000E+015   4.20201884711692503637E-018
      4036   1.27902397902291675000E+015   4.40211774355489861067E-018
      4037   1.33245586851146125000E+015   4.37283901163005285193E-018
      4038   1.37073223512874725000E+015   4.25383882427823187252E-018
      4039   1.36582429706367400000E+015   3.72329312611161262056E-018
      4040   1.32915244218231175000E+015   3.54509906884973083180E-018
      4041   1.48892505374065200000E+015   3.29742460424560074694E-018
      4042   1.59726621277938050000E+015   3.40006980853103116768E-018
      4043   1.59483434148471025000E+015   3.47397238574183995305E-018
      4044   1.55603428269769050000E+015   3.66445499423086418330E-018
      4045   1.54280865668994575000E+015   4.19480597525241918056E-018
      4046   1.54220720354692500000E+015   3.94747898721857924530E-018
      4047   1.34325508239252050000E+015   5.00772008489714918042E-018
      4048   1.15086495838540125000E+015   5.46728250535024441454E-018
      4049   1.04493249545269200000E+015   6.11397251328476461694E-018
      4050   1.05432529746562137500E+015   6.30043367938800967465E-018
      4051   1.06150826514853537500E+015   6.13346576422165210698E-018
      4052   1.08972083803851462500E+015   5.29198661300760306982E-018
      4053   1.07429471579362100000E+015   5.58826295453410506376E-018
      4054   1.27776466858145825000E+015   5.05722982923403062551E-018
      4055   1.45076522567806675000E+015   4.92530786828938917980E-018
      4056   1.54927414478015775000E+015   6.03972405342966249707E-018
      4057   1.66265311860299775000E+015   6.34873391980161117620E-018
      4058   1.64310826483473300000E+015   6.65418712882029382575E-018
      4059   1.74905281541272350000E+015   7.23948697595554971808E-018
      4060   2.01909114844550575000E+015   7.15161820846165282821E-018
      4061   2.28541459892910950000E+015   6.39160741479712979921E-018
      4062   2.17075522848164300000E+015   5.71627918614226967199E-018
      4063   2.20504997016592825000E+015   4.94168206558513297930E-018
      4064   1.99337978763695725000E+015   4.91794847261382012476E-018
      4065   2.35659948297220800000E+015   4.96752209928284804088E-018
      4066   2.35706873627927100000E+015   4.58890151825995167001E-018
      4067   2.31593382373458100000E+015   5.60139155047220704202E-018
      4068   2.17400571114718850000E+015   5.88876169468215400481E-018
      4069   1.99949214081326475000E+015   6.73231172169706512712E-018
      4070   1.78609453113660000000E+015   7.55611142266360434797E-018
      4071   2.04166172630185850000E+015   6.47476031850708010762E-018
      4072   2.15060133349466775000E+015   5.32573604159344874320E-018
      4073   2.62730304743422450000E+015   4.66148901600776826850E-018
      4074   2.85781473801860100000E+015   4.92237723121841749263E-018
      4075   3.18985309112543500000E+015   5.57825798822283930146E-018
      4076   3.32986642484352900000E+015   4.96205123381639553899E-018
      4077   3.27408514089083600000E+015   4.69096599208403923329E-018
      4078   3.68573785857518750000E+015   4.43998992757126574837E-018
      4079   4.58105655323056000000E+015   4.42633296140355132969E-018
      4080   5.24577533665322100000E+015   4.53283409975444186899E-018
      4081   6.18683326164116400000E+015   4.85540580851253994805E-018
      4082   7.30711975482374000000E+015   4.25859573338410716559E-018
      4083   7.93117965003960000000E+015   3.92414738758410826569E-018
      4084   8.07141567405084000000E+015   3.29350564688850003062E-018
      4085   9.78737917413470600000E+015   2.77249099161417346254E-018
      4086   1.19697073376828120000E+016   2.76925319963252318314E-018
      4087   1.15254222533823460000E+016   3.10716206919049155010E-018
      4088   1.08233611828290760000E+016   3.18615738002306242644E-018
      4089   1.49204823077125020000E+016   2.87971703835888494293E-018
      4090   1.68738251994219020000E+016   2.47194833078873390879E-018
      4091   1.67787926631634580000E+016   2.48037567591279245756E-018
      4092   1.96187376371386720000E+016   2.22463476508939194097E-018
      4093   3.00771112658021720000E+016   1.69079591111866694285E-018
      4094   2.63249463903679160000E+016   2.04088991192412244167E-018
      4095   1.90024981695590280000E+016   2.50579342910557762311E-018
      4096   2.00158103012301920000E+016   2.73223739325379572787E-018
      4097   3.18792811376793600000E+016   2.11838920601800478270E-018
      4098   2.72419866272459760000E+016   2.13151153587133225118E-018
      4099   3.37288167852891480000E+016   1.94300774703978332790E-018
      4100   4.00782895004162800000E+016   1.74002883590334666958E-018
      4101   3.97347441869535280000E+016   1.87384727470904490142E-018
      4102   7.12160539946418640000E+016   1.23162831080201215092E-018
      4103   5.10145693804186640000E+016   1.17586542433066866911E-018
      4104   5.40690058992412400000E+016   9.84743860555700680307E-019
      4105   1.00087185632403344000E+017   4.77792018606739323639E-019
      4106   6.36950170691281040000E+016   1.03270720033754157457E-018
      4107   5.21089972297404240000E+016   1.16194033651379572283E-018
      4108   7.62677726368052640000E+016   1.14428518841386354076E-018
      4109   8.98323463321504320000E+016   1.10494832675768865039E-018
      4110   5.43518157258968880000E+016   1.33283762812242419983E-018
      4111   7.59810235523951840000E+016   3.84062041781648987332E-019
      4112   3.39668615181824040000E+016   1.79164969317524106851E-018
      4113   4.51074890237084960000E+016   2.22503598602418492155E-018
      4114   1.58884255917222688000E+017   3.08505971836869642382E-019
      4115   1.31587546839294512000E+017   5.70156932444501388701E-019
      4116   1.50366856403016960000E+017   4.51039458411173076284E-019
      4117   1.06866241054240480000E+017   6.86953269342716654828E-019
      4118   1.18603617433357968000E+017   5.37364943540645183502E-019
      4119   9.89479335020032800000E+016   6.26183007732446376807E-019
      4120   5.49584487725574400000E+016   2.39296545240642902431E-018
      4121   8.71989139901863680000E+016   6.92104121217023661584E-019
      4122   9.83359718903809120000E+016   6.93501917482012449700E-019
      4123   2.64409676085303488000E+017   7.82002661287273007294E-020
      4124   1.70088773627382944000E+017   1.44212351571419387825E-019
      4125   1.77645854929379488000E+017   1.85387597544491280480E-019
      4126   2.84948061538672600000E+016   2.63141133104587960331E-018
      4127   5.84077625809134160000E+016   8.68398683991277755872E-019
      4128   2.23572352024889664000E+017   1.98449960535044316456E-019
      4129   1.05460597898940880000E+017   2.81544150427327687607E-019
      4130   1.85346369536788832000E+017   1.10524702215962304407E-019
      4131   4.42502283704797280000E+016   9.86598024535122817938E-019
      4132   1.23661168816039888000E+017   2.51393261618015271048E-019
      4133   1.17525816364948576000E+017   4.10847737835870097835E-019
      4134   9.69017121664851680000E+016   8.33664374253665844567E-019
      4135   9.95090839384775200000E+016   6.32351100900931993728E-019
      4136   8.02900614643639680000E+016   1.55474178416321610451E-018
      4137   5.08596675516584160000E+016   2.62699235484661572651E-018
      4138   2.59229630042250640000E+016   3.97827662866477341636E-018
      4139   4.99903932894038560000E+016   3.12591239097572677516E-018
      4140   8.70923221559180960000E+016   9.00851056025767193538E-019
      4141   9.31421237989726080000E+016   3.78728711006790325091E-019
      4142   9.65252540620615040000E+016   5.01367802186448128412E-019
      4143   1.49004278701213088000E+017   3.11015075503497876995E-019
      4144   2.04263636829644224000E+017   3.67233547830450404594E-019
      4145   2.34014159612954400000E+017   3.77788771110158399087E-019
      4146   2.34951443564560736000E+017   1.11826413745212984956E-019
      4147   2.44724128373738144000E+017   3.36234140486469454866E-019
      4148   3.91655096877734656000E+017   2.01263180028830295110E-019
      4149   2.31075208869370400000E+017   3.69692964185245885007E-019
      4150   1.88390606966475872000E+017   9.01359052813766773142E-019
      4151   7.11834900600896400000E+016   2.40837681433470180448E-018
      4152   1.36823193399238048000E+017   1.05019785635512024320E-018
      4153   1.34723845430510256000E+017   9.30293493598547122396E-019
      4154   1.50459606704832960000E+017   6.25786595127832546465E-019
      4155   1.00079059185603616000E+017   3.60140005980188637871E-019
      4156   7.64013796836516800000E+016   1.02744695680239956354E-018
      4157   1.87707161278922976000E+017   2.30142928994357481912E-019
      4158   1.35632566578710608000E+017   8.32473042780753487634E-019
      4159   1.11414145620627424000E+017   4.57338220532139089817E-019
      4160   1.68014907622569120000E+017   5.16372379760780481302E-019
      4161   1.84568423061802208000E+017   5.41379987499846358968E-019
      4162   1.30919954229429520000E+017   5.37269164512582575236E-019
      4163   1.10924305676939056000E+017   4.59894355620859378917E-019
      4164   7.08477453030236800000E+016   1.19950694715228424716E-018
      4165   4.17870177530409040000E+016   1.44268950130618721941E-018
      4166   1.19804129231816560000E+017   6.00837567430431568880E-019
      4167   7.20681485091848160000E+016   1.78933703286568233385E-018
      4168   9.91095161990507360000E+016   1.28194286725258198563E-018
      4169   8.71048954633163680000E+016   1.02520552525946846781E-018
      4170   8.89628086340593760000E+016   1.22121971490093430170E-018
      4171   1.12398544669271376000E+017   6.66510637318923242592E-019
      4172   3.76608176081482400000E+016   2.52055303864327947402E-018
      4173   3.39386022098508040000E+016   1.97144020455044161703E-018
      4174   7.10090514310974000000E+016   1.32295457453621989004E-018
      4175   5.27967409444999120000E+016   1.75513733899533562825E-018
      4176   4.24348246415841360000E+016   2.07337713127460067612E-018
      4177   5.12895300002062400000E+016   8.81095772650710148862E-019
      4178   4.03549210114801680000E+016   1.05682185654270587791E-018
      4179   3.32262038211813880000E+016   1.54883291791032845517E-018
      4180   3.17565512772017640000E+016   1.67178751111447619970E-018
      4181   2.84493798487032920000E+016   1.52367324412778354519E-018
      4182   2.82131230493705640000E+016   1.98471200729440057447E-018
      4183   2.57868771484632320000E+016   1.56266530487159473208E-018
      4184   2.07055849982639040000E+016   1.85362121324361037955E-018
      4185   1.55157121422536100000E+016   1.92485229544039059478E-018
      4186   1.35634123546119720000E+016   2.06871042502039518582E-018
      4187   1.29842885326396600000E+016   2.46407812335680806730E-018
      4188   1.51215987465189500000E+016   2.83764661183075911720E-018
      4189   1.33880356556016600000E+016   3.21158221123364112209E-018
      4190   1.16145225381558260000E+016   3.36825415040347961177E-018
      4191   1.01259116042855400000E+016   3.43503554581221328257E-018
      4192   1.00567948908540780000E+016   2.81887417808188736042E-018
      4193   1.03593959698554060000E+016   2.88765958572502402014E-018
      4194   9.17862170120100000000E+015   3.18432217763015901146E-018
      4195   8.02496212707478300000E+015   3.48818539012550466157E-018
      4196   6.39524936373637000000E+015   3.42286933621998908255E-018
      4197   5.30351574665369300000E+015   3.88924996338502987522E-018
      4198   4.48210099003076650000E+015   3.84645178528393056555E-018
      4199   4.33196287314579700000E+015   3.79867402952403846884E-018
      4200   4.92825338028081200000E+015   3.67096715461080544834E-018
      4201   5.51956258572619000000E+015   3.57409471346631225303E-018
      4202   5.18501361313610500000E+015   3.47738971052189325876E-018
      4203   5.20618667417511300000E+015   3.25516461869317719709E-018
      4204   4.87067976040997100000E+015   3.53283114710964553552E-018
      4205   4.47449653785787900000E+015   3.48855195421090887699E-018
      4206   4.13013783607036550000E+015   4.06379016944594363577E-018
      4207   4.01996123196026500000E+015   4.10252315642662534170E-018
      4208   4.00058449993248350000E+015   4.37455076251987697692E-018
      4209   3.74960138347194200000E+015   4.29118367386831571873E-018
      4210   3.38535626435302800000E+015   4.21444004366693955037E-018
      4211   3.03984093113872200000E+015   4.26740979061577363721E-018
      4212   3.06560531497618100000E+015   4.49776294619933383435E-018
      4213   2.85596505476769400000E+015   4.56094569518768840585E-018
      4214   2.56626910845563900000E+015   4.31598101384673220269E-018
      4215   2.19409133729939725000E+015   4.62308284801333359432E-018
      4216   2.12260389297535325000E+015   4.40007043262295015050E-018
      4217   2.30694110843230400000E+015   4.40665932412120663921E-018
      4218   2.44848566565671850000E+015   4.45997083889382281018E-018
      4219   2.56533376711206250000E+015   4.32827216782201100815E-018
      4220   2.57855619354925950000E+015   4.00832355790227004335E-018
      4221   2.46293249429484300000E+015   4.28614585827737794091E-018
      4222   2.90707859133584450000E+015   3.84317941425952296117E-018
      4223   2.91226109379848450000E+015   4.13889961299465712006E-018
      4224   2.67822618264377600000E+015   4.32098296908868821185E-018
      4225   2.72030324993902500000E+015   4.39617019674890297250E-018
      4226   2.42508092459094350000E+015   4.50132930323014607643E-018
      4227   2.13440832854607525000E+015   4.32415720797889118979E-018
      4228   2.11824050439385950000E+015   3.96830760537216638744E-018
      4229   2.08205295592721175000E+015   3.97211612699846341327E-018
      4230   2.06855050918940000000E+015   4.05515318153338374487E-018
      4231   2.12985477516714550000E+015   4.00704744305997080543E-018
      4232   2.19454451520309725000E+015   4.08557378656476853168E-018
      4233   2.22420501965967875000E+015   4.20694584334788762789E-018
      4234   2.26858968594633400000E+015   4.40744967150506442487E-018
      4235   2.11370990064161375000E+015   4.00588318627517020817E-018
      4236   1.89077569967186075000E+015   4.10418718958289023512E-018
      4237   1.67582782689307175000E+015   3.60685179746361720960E-018
      4238   1.51201872973703575000E+015   3.47683006951445441009E-018
      4239   1.35065642306849125000E+015   3.85911379948334520252E-018
      4240   1.38430875327882350000E+015   3.74818333982721062538E-018
      4241   1.35400696938053775000E+015   3.87897139580678322750E-018
      4242   1.26415640965692250000E+015   3.87346446357825717883E-018
      4243   1.26024478275963025000E+015   4.11281336615032533273E-018
      4244   1.12547524655266225000E+015   4.53457084530645189632E-018
      4245   1.27980590670786100000E+015   4.40312792476484970919E-018
      4246   1.33081547276556200000E+015   4.73796664191003012502E-018
      4247   1.47869716567331175000E+015   5.13480687902867194153E-018
      4248   1.57122912607328650000E+015   5.49208913133548863708E-018
      4249   1.40169452905890650000E+015   5.80039795620510935674E-018
      4250   1.33182614846045325000E+015   6.14396312620197240106E-018
      4251   1.26033616708992775000E+015   6.44815331089787421710E-018
      4252   1.30781576749276375000E+015   6.43444545408381979628E-018
      4253   1.31609028526065075000E+015   6.32501255072061993746E-018
      4254   1.26754067469316200000E+015   6.11610436233370661567E-018
      4255   1.29982959397058100000E+015   5.97118224637746834306E-018
      4256   1.34486349414255425000E+015   5.62258192866105265372E-018
      4257   1.30903216657612175000E+015   5.46257508222134165255E-018
      4258   1.32035870470679450000E+015   4.99091796989031769608E-018
      4259   1.17779521227760625000E+015   4.77382452963835195799E-018
      4260   1.14922617472932950000E+015   5.17307966552119159869E-018
      4261   1.27906925024628525000E+015   4.72083511209950295032E-018
      4262   1.24149800008641825000E+015   4.75548787014514448240E-018
      4263   1.22190770878344450000E+015   4.66774625446337073437E-018
      4264   1.15144207241142750000E+015   4.68730349687592469055E-018
      4265   9.02348276346763750000E+014   5.08007209303559836827E-018
      4266   7.61378280475293000000E+014   4.85443300759006547285E-018
      4267   8.95220475976734125000E+014   4.08940947970258422114E-018
      4268   9.90804766797139125000E+014   3.93463760142934090740E-018
      4269   9.03626679791584125000E+014   4.32054393588066180110E-018
      4270   8.23801343742685500000E+014   5.09175395962398752832E-018
      4271   7.10857613629837250000E+014   5.76150304256473099192E-018
      4272   7.06017423016411250000E+014   6.36201308034293204727E-018
      4273   6.47559824037454125000E+014   6.43143710002041369179E-018
      4274   5.76782698948022750000E+014   5.84569821506473717234E-018
      4275   6.01630503710313250000E+014   5.84009520217913313550E-018
      4276   5.10966802185960875000E+014   6.29425068113481134765E-018
      4277   5.55282944496174875000E+014   6.16856558758799778457E-018
      4278   4.70577018409954937500E+014   6.37847983217757091456E-018
      4279   3.72958316478780875000E+014   6.64261063733678231569E-018
      4280   5.49720188191651500000E+014   5.52840630502484177617E-018
      4281   6.28211665590440500000E+014   4.87973664732801107903E-018
      4282   6.22720401250519000000E+014   5.31779806628931436015E-018
      4283   6.08012338383317750000E+014   6.01812779921960520944E-018
      4284   6.65091082649262625000E+014   6.33488439075173864111E-018
      4285   7.44379474755108000000E+014   5.65504741282320503312E-018
      4286   6.54875678506903875000E+014   5.92272566761547721137E-018
      4287   7.26113850466785125000E+014   5.43491243129293950571E-018
      4288   7.16713679724353250000E+014   5.55140030094677721179E-018
      4289   7.10182971293200125000E+014   5.70542165393951342276E-018
      4290   7.58228016111039375000E+014   5.26822104257700549086E-018
      4291   2.10199052554450048000E+017   1.60313205666962887158E-019
      4292   2.87231017658464800000E+017   1.12820002578693709498E-019
      4293   2.95449641978384768000E+017   2.60819113823370541939E-019
      4294   3.17326591876007232000E+017   4.68695898946166048325E-020
      4295   2.89918860577648448000E+017   1.68803870916906659275E-019
      4296   2.72657134648280416000E+017   2.56514933865275827848E-019
      4297   3.15808745220594880000E+017   2.51706735926679229814E-019
      4298   1.90866209780177600000E+017   5.91284213005104506406E-019
      4299   1.60882048257366400000E+017   3.41072057431859280332E-019
      4300   1.56222970274189632000E+017   7.19580426608334920996E-019
      4301   1.61223517388279648000E+017   7.29719414927648074744E-019
      4302   1.49828317652538912000E+017   7.68986375528896009898E-019
      4303   6.85571282389396560000E+016   5.87277752192689063023E-018
      4304   7.85686829392886720000E+016   1.15388402014842386847E-018
      4305   2.05563694286924320000E+017   5.61153519348377383165E-019
      4306   9.40095835668376480000E+016   5.35247031257208137000E-019
      4307   1.59124381591907936000E+017   6.44230087341697201196E-019
      4308   1.50076806379646656000E+017   4.11916862052667228588E-019
      4309   2.11267653065090496000E+017   5.53162912425245754575E-019
      4310   1.36916363409715600000E+017   6.25146074002994843358E-019
      4311   1.32047677497358720000E+017   3.67366892431971295452E-019
      4312   8.60372119166506560000E+016   9.33470028480510163921E-019
      4313   7.14911937830063680000E+016   1.52402028757951205026E-018
      4314   9.89969217702338720000E+016   9.65186056410895956203E-019
      4315   1.06292900154914112000E+017   6.65744706949784599002E-019
      4316   1.13570196803921296000E+017   1.17130985081195123189E-018
      4317   1.12932311316718864000E+017   4.65109817052425822518E-019
      4318   6.62436550372478000000E+016   1.38558278789018500364E-018
      4319   1.41616922577708672000E+017   6.31800892567551061027E-019
      4320   4.08433317508712000000E+016   2.67544500497625478653E-018
      4321   9.69464031345129440000E+016   6.86514295914074003656E-019
      4322   7.46087089332117600000E+016   1.18351491038142209533E-018
      4323   6.72352312655474880000E+016   1.77493784296855859828E-018
      4324   5.12999225130759520000E+016   1.72221429375563395675E-018
      4325   4.96767993489194080000E+016   1.35329768037449988398E-018
      4326   5.34733653515548560000E+016   6.34459335559175210426E-019
      4327   4.20011903274579200000E+016   1.44063564074956579778E-018
      4328   3.26169147098939680000E+016   1.69727113888594088967E-018
      4329   2.78861336346316320000E+016   1.56353488163050506138E-018
      4330   2.66701674802199120000E+016   1.63523659668804905009E-018
      4331   2.92665845932998400000E+016   1.59814234382226558746E-018
      4332   2.38580710976526920000E+016   1.84235361123872597871E-018
      4333   2.01660953288925280000E+016   1.88298933804044901120E-018
      4334   1.43930304066089320000E+016   2.23823670209500513357E-018
      4335   1.52079078406188860000E+016   2.14119542790537912019E-018
      4336   1.63016666170289100000E+016   2.32397875279536106117E-018
      4337   1.70803445305406720000E+016   2.78427648572973098103E-018
      4338   1.32342736928982060000E+016   3.05250227445256047944E-018
      4339   1.14092590944091140000E+016   3.18184813039869834616E-018
      4340   1.09840750702804640000E+016   2.75125240458624182172E-018
      4341   1.11322059248450840000E+016   2.60753201754942876472E-018
      4342   1.02861048691231380000E+016   3.06851022197892945567E-018
      4343   9.02786421794197000000E+015   3.23755723070029270350E-018
      4344   7.83311531500647100000E+015   3.53860691955098289431E-018
      4345   6.20484876211028100000E+015   3.67638399494736290103E-018
      4346   5.14148104155349600000E+015   3.94172648007261679073E-018
      4347   4.72431161051063200000E+015   3.63828226508220538346E-018
      4348   4.43452614550069950000E+015   3.81055060363666754303E-018
      4349   5.34024090870323900000E+015   3.64834413695883348070E-018
      4350   5.38152412008295500000E+015   3.54831683096244381257E-018
      4351   5.16702682499306000000E+015   3.42342232376596815088E-018
      4352   5.13553972655815200000E+015   3.24934729960545358508E-018
      4353   4.88552996332185000000E+015   3.29858945409426920420E-018
      4354   4.63154202801845900000E+015   3.26081425206264938993E-018
      4355   4.39116812207970900000E+015   3.65147079486266548401E-018
      4356   4.11812629844195100000E+015   3.91671248193421107966E-018
      4357   4.09173378487157150000E+015   4.26946298157226380188E-018
      4358   3.95449578233731750000E+015   4.27389560506798791914E-018
      4359   3.63504033463113100000E+015   4.11805060173475866439E-018
      4360   3.18358206280343200000E+015   4.44573648015499064927E-018
      4361   2.97456178437384450000E+015   4.55340387555169130961E-018
      4362   2.83808007180338900000E+015   4.55904417263754321668E-018
      4363   2.61591575948950100000E+015   4.20291046797418210357E-018
      4364   2.19277393198949275000E+015   4.62707157749584168347E-018
      4365   2.19883701316058950000E+015   4.56660178959587044367E-018
      4366   2.28294788213238300000E+015   4.48555659792032953947E-018
      4367   2.43494554471683100000E+015   4.50316043545230852889E-018
      4368   2.40841430635675200000E+015   4.39924771227639018376E-018
      4369   2.45262976268428800000E+015   4.17305048558903973688E-018
      4370   2.46295483509437400000E+015   4.30401562466522393322E-018
      4371   2.87628795034494550000E+015   3.85621453407758334407E-018
      4372   2.89169734673937250000E+015   4.16345990283580250058E-018
      4373   2.70509639759911650000E+015   4.43503618334535065129E-018
      4374   2.66662039532545850000E+015   4.41347838958387186639E-018
      4375   2.33761094457715900000E+015   4.62312872300154511479E-018
      4376   2.13665291366287725000E+015   4.37998420292328891257E-018
      4377   2.12588385272498500000E+015   4.13797677869430008860E-018
      4378   2.09613443968316100000E+015   3.99577582857934288962E-018
      4379   2.07530704504943875000E+015   4.07189842011971731997E-018
      4380   1.99765930948675550000E+015   4.12373887147985068436E-018
      4381   2.19779241622305725000E+015   4.08495752531256059668E-018
      4382   2.22733753444748325000E+015   4.19780763282762992183E-018
      4383   2.24237395885913550000E+015   4.35073158583964779611E-018
      4384   2.13544551371808775000E+015   3.99740804105869474868E-018
      4385   1.90004071601165550000E+015   4.12548069866339736567E-018
      4386   1.68186186858538200000E+015   3.64756812155065418096E-018
      4387   1.51109904745214500000E+015   3.52457482907293587615E-018
      4388   1.31819639628463275000E+015   3.93769799106728468212E-018
      4389   1.37964810270131400000E+015   3.66238147633450683575E-018
      4390   1.39049699865911800000E+015   3.89207602052738068080E-018
      4391   1.31108318576983700000E+015   3.92358131951421416736E-018
      4392   1.09678833980242875000E+015   4.30319523962719781283E-018
      4393   1.11977802998503375000E+015   4.19143678761882219846E-018
      4394   1.17825787215014600000E+015   4.45364565752717508716E-018
      4395   1.26826869918035975000E+015   4.47025230840828507170E-018
      4396   1.43873271774475650000E+015   5.09166490585159006969E-018
      4397   1.57635652312763625000E+015   5.37694187268311285939E-018
      4398   1.39680999746442750000E+015   5.77668451833184795119E-018
      4399   1.27237891565929950000E+015   6.00967957207838853620E-018
      4400   1.27171867942235475000E+015   6.38130922630008677358E-018
      4401   1.24483461485033650000E+015   6.53989216536282814020E-018
      4402   1.25804044550235150000E+015   6.27286756562424365063E-018
      4403   1.30172160805943225000E+015   6.12306382478059622054E-018
      4404   1.29972487449276750000E+015   6.02284442516207157874E-018
      4405   1.34930607154065400000E+015   5.65587068070313866029E-018
      4406   1.31935310350356200000E+015   5.49818464440892931423E-018
      4407   1.24075034807389725000E+015   5.31510232206881966950E-018
      4408   1.14278093016105275000E+015   4.89172023607214425310E-018
      4409   1.16546480083860875000E+015   5.00398650991318142421E-018
      4410   1.24991442409363700000E+015   4.91385250829429366113E-018
      4411   1.28029722569973225000E+015   4.62084745190376615317E-018
      4412   1.21409726639000750000E+015   4.81489880449156458665E-018
      4413   1.04913569447593187500E+015   4.91987804058995066320E-018
      4414   8.89226946363657625000E+014   5.16372014767517204214E-018
      4415   7.65700671453866875000E+014   5.09338772297233463051E-018
      4416   8.64308665501547000000E+014   4.27830681865084750708E-018
      4417   9.52137827998131625000E+014   4.02175910085102536284E-018
      4418   9.41027798469387250000E+014   4.34449765141520470129E-018
      4419   8.50506883616214750000E+014   4.90367395343253536456E-018
      4420   7.32772167532645375000E+014   5.65807487274455008323E-018
      4421   7.01785469030028625000E+014   6.48654818299339132623E-018
      4422   6.67520172762351750000E+014   6.41431990484144935934E-018
      4423   5.16545540871096000000E+014   6.01773207244102887666E-018
      4424   5.86967373280688875000E+014   5.57325015175846477731E-018
      4425   5.40734096965904062500E+014   5.91054173164344583442E-018
      4426   5.79532644013988750000E+014   6.00246707862090707276E-018
      4427   4.86601095563104000000E+014   6.30889572589766982469E-018
      4428   4.67909573267694062500E+014   6.36050518889063605492E-018
      4429   4.39618990655169187500E+014   6.26661571374335407440E-018
      4430   6.28772130404495250000E+014   4.85021871521344687852E-018
      4431   6.45235118455981250000E+014   5.17837259624628250882E-018
      4432   6.22396355508448625000E+014   5.76976201058419219271E-018
      4433   6.72536170673107750000E+014   6.12441815333816877905E-018
      4434   7.80297135794629000000E+014   5.35747482113084498962E-018
      4435   6.69403667073788000000E+014   5.85026421260005335868E-018
      4436   7.28914554554210750000E+014   5.40645458662293201162E-018
      4437   7.23773108120304125000E+014   5.54610531600607525323E-018
      4438   7.18927442146651500000E+014   5.58652404916180633967E-018
      4439   7.04458306947255250000E+014   5.09800322490848288570E-018
      4440   6.38867048968536875000E+014   5.09912179240093918070E-018
      4441   5.18926481674501687500E+014   4.52308873669969028903E-018
      4442   4.88819732296968687500E+014   5.31527070257277465840E-018
      4443   5.14155352542214812500E+014   5.82579332893347616250E-018
      4444   5.01955970545951125000E+014   6.47741896446027997428E-018
      4445   5.59674544295427187500E+014   5.75209519467602839590E-018
      4446   5.92298289257806500000E+014   5.11971175527192183956E-018
      4447   6.75420574339780875000E+014   4.39795262578867470192E-018
      4448   8.03585617720884375000E+014   4.60059928388060519385E-018
      4449   9.16705043930253125000E+014   5.15530008586829129266E-018
      4450   9.34797800472539625000E+014   5.37950191298579133535E-018
      4451   9.21378369537330125000E+014   5.00697033544958032316E-018
      4452   8.83048302103483625000E+014   4.65085454564804824815E-018
      4453   5.89396388306293750000E+014   5.57479495631190462145E-018
      4454   5.29125079070191937500E+014   5.84574791912416431862E-018
      4455   5.78265807455134375000E+014   5.66417232561170487443E-018
      4456   6.32580516386647500000E+014   6.18762074413539270546E-018
      4457   5.86315842105329000000E+014   6.77183477870827925311E-018
      4458   6.67145744841610625000E+014   6.59538357668705979877E-018
      4459   7.08432354056932000000E+014   5.41188834453760667295E-018
      4460   6.63860448812852875000E+014   6.06554434367227531561E-018
      4461   6.38403407439803875000E+014   6.67389199153632332112E-018
      4462   6.39164617945355500000E+014   6.99257010731101852424E-018
      4463   7.45013580374357500000E+014   7.07090542913584630368E-018
      4464   7.71798229827544000000E+014   7.53554179304029000361E-018
      4465   9.41846282414179625000E+014   6.02307089788144221611E-018
      4466   9.87890727791626375000E+014   5.65522205078237054099E-018
      4467   1.06882772086638287500E+015   4.48960742714552202260E-018
      4468   1.02340850753017762500E+015   4.39416580131223281554E-018
      4469   1.10849151033323900000E+015   4.57945396614368644315E-018
      4470   1.21838542284659975000E+015   4.37020454261808885741E-018
      4471   1.13474375614049025000E+015   5.25178289633800313965E-018
      4472   1.02163879690341750000E+015   6.16974146329951148655E-018
      4473   9.56608310377788875000E+014   6.17055792253528797363E-018
      4474   1.01215517137616600000E+015   6.04386861352774296293E-018
      4475   1.30200999713169650000E+015   5.03108937499661857751E-018
      4476   1.35897520221128100000E+015   4.97587323081522807649E-018
      4477   1.28690988761653425000E+015   4.82704079038268293505E-018
      4478   1.21828059822815400000E+015   4.85595088415338353221E-018
      4479   1.27950512976284125000E+015   5.11220488440260662483E-018
      4480   1.30295527900320950000E+015   5.52785204793502043606E-018
      4481   1.43183177748827775000E+015   5.45732139048379998126E-018
      4482   1.38860044538924775000E+015   5.05877985203528144817E-018
      4483   1.33254384457351475000E+015   4.14452562790795140378E-018
      4484   1.25306778195154875000E+015   4.48865840606038428271E-018
      4485   1.21538011205782300000E+015   4.45867132732614869063E-018
      4486   1.25846553718636950000E+015   4.63066708683415175093E-018
      4487   1.37065257584691300000E+015   4.45254375650080147667E-018
      4488   1.35513778297389775000E+015   4.11010766504471783892E-018
      4489   1.35888788746863125000E+015   3.64037872849524214890E-018
      4490   1.50219599343340600000E+015   3.53642445861214017924E-018
      4491   1.50524470377871325000E+015   3.28438934007487709750E-018
      4492   1.62232826686767350000E+015   3.22925143092214453569E-018
      4493   1.65134938906884725000E+015   3.30432140463535638995E-018
      4494   1.55967159951053450000E+015   3.75195177122476161239E-018
      4495   1.57294962272637875000E+015   4.30940652828474283011E-018
      4496   1.41124047289196775000E+015   4.59617846947350574016E-018
      4497   1.25851546499815150000E+015   4.96536136541615886865E-018
      4498   1.09842486319335337500E+015   5.90817223475782213351E-018
      4499   1.02320592345661875000E+015   6.18858289329359813872E-018
      4500   1.01562913691316175000E+015   6.38149179054329830060E-018
      4501   9.32501655040458125000E+014   6.23742016050882647115E-018
      4502   9.96533919426422250000E+014   5.73154965954418257335E-018
      4503   1.14807542985018275000E+015   5.62833802193954630072E-018
      4504   1.31879232351659025000E+015   5.00876285392905384628E-018
      4505   1.49385950333174950000E+015   5.89957084140668031842E-018
      4506   1.53102879443097225000E+015   6.20559560466605509695E-018
      4507   1.59821482067726325000E+015   6.51128067122012830028E-018
      4508   1.73355475500375525000E+015   7.09674613055041624831E-018
      4509   1.96639651984421250000E+015   7.67336293262081154681E-018
      4510   2.12330540941558975000E+015   6.98712494478301890179E-018
      4511   2.31684964105708350000E+015   5.70620154151864823166E-018
      4512   2.15225698867420350000E+015   5.21793827272081184380E-018
      4513   2.09011164259292275000E+015   4.82044421698682183687E-018
      4514   2.24094884524650325000E+015   4.78023250694192947172E-018
      4515   2.28683052173679200000E+015   4.88590977800788686343E-018
      4516   2.16904564847328725000E+015   5.35488730738135510517E-018
      4517   2.16845858973893175000E+015   5.66411393557916317737E-018
      4518   2.00247308126930500000E+015   6.36009449161137037320E-018
      4519   1.51942859230406650000E+015   7.92079782457312853498E-018
      4520   1.75192905879277600000E+015   7.94469887960922351771E-018
      4521   1.87240460873994500000E+015   6.92772349829233243549E-018
      4522   2.00917212352403200000E+015   5.51144708476879806048E-018
      4523   2.56331504711938250000E+015   4.72300478835477063348E-018
      4524   2.88174865073977350000E+015   5.63707518330098152640E-018
      4525   3.31665345130140600000E+015   5.14442108786971237333E-018
      4526   3.15337838845775450000E+015   5.25058645627397394411E-018
      4527   3.33957374088503350000E+015   4.55193772465315039611E-018
      4528   3.89766163248836100000E+015   3.93906195345573379711E-018
      4529   4.63017877790017200000E+015   4.47212954642983349243E-018
      4530   5.27322911532846300000E+015   4.49770499057842410944E-018
      4531   6.44637676859897900000E+015   4.61486448890049941159E-018
      4532   7.29701672566706700000E+015   4.12151100849607895076E-018
      4533   7.40062355911625200000E+015   3.95699230061504607288E-018
      4534   7.53360162815925100000E+015   3.47199113455200276903E-018
      4535   1.01847759049423220000E+016   2.77923830859525030768E-018
      4536   1.22497044788749920000E+016   2.68636862957175817094E-018
      4537   1.22630601646386480000E+016   2.98700367429245315859E-018
      4538   1.31680032356441080000E+016   2.95486531780514202438E-018
      4539   1.66416426197827060000E+016   2.61951910993298080157E-018
      4540   1.72995912939942240000E+016   2.28315606124740163271E-018
      4541   2.01589071642438720000E+016   2.22714535290778421292E-018
      4542   2.41656440728123040000E+016   1.93698956079063545459E-018
      4543   3.38122039856921840000E+016   1.53692463138200913785E-018
      4544   2.83837657047059120000E+016   1.91647010733778558494E-018
      4545   1.96644546493517600000E+016   2.34367197876863023411E-018
      4546   2.39637398054060360000E+016   2.36310591950111024740E-018
      4547   3.42715807414485000000E+016   2.08170351104950776447E-018
      4548   3.07095425766436640000E+016   1.98624992418735867728E-018
      4549   3.67713664219607440000E+016   1.82714734065562303041E-018
      4550   4.43105014443058720000E+016   1.54929011810555590545E-018
      4551   4.82314491281376480000E+016   1.55525238002216456820E-018
      4552   1.00657213287949424000E+017   8.17753805135225315670E-019
      4553   2.87616662355865440000E+016   1.39466408260684141263E-018
      4554   6.05502202582769760000E+016   9.14230829039894061807E-019
      4555   1.16930532852900464000E+017   4.00704313612664307378E-019
      4556   6.54040654926712240000E+016   9.31029090772839999143E-019
      4557   6.44983566912601680000E+016   9.27473764199876263348E-019
      4558   8.23738568596809920000E+016   8.07099012431021648877E-019
      4559   9.87944293845257280000E+016   8.38279268499144350499E-019
      4560   5.65691290608689520000E+016   1.48476934445212865227E-018
      4561   1.33792424688391840000E+017   3.19457899314892723203E-019
      4562   5.60322903254319360000E+016   1.59351336964765931407E-018
      4563   8.22619737697576160000E+016   1.30961636073875285108E-018
      4564   1.11964127611530080000E+017   1.36341658630179733465E-018
      4565   9.38000490317759360000E+016   8.41940977409338390276E-019
      4566   1.68918094612503392000E+017   3.89888521641002945248E-019
      4567   1.13173007423424736000E+017   4.39940633269714351608E-019
      4568   1.14890934181539008000E+017   1.06710112766416943461E-018
      4569   1.22731864291958112000E+017   4.85977988297522634635E-019
      4570   5.45522134933116400000E+016   2.14537308223882741685E-018
      4571   8.95498476664397440000E+016   5.91158532201862327367E-019
      4572   1.51122380022038112000E+017   7.83506809443184365629E-019
      4573   2.26667506255131168000E+017   3.78221523165835124465E-019
      4574   2.10466138658920672000E+017   8.38610592886183335657E-019
      4575   2.04815796492824736000E+017   2.63476845229039782627E-019
      4576   6.28477688511197520000E+016   4.57477916131674413407E-018
      4577   7.90241867291200160000E+016   1.33830137616518351400E-018
      4578   2.84847684981492000000E+017   1.54126122720427951751E-019
      4579   1.03983115693970368000E+017   3.48487005282313448456E-019
      4580   1.67398551114674848000E+017   1.65893135850668727802E-019
      4581   1.18183848572882976000E+017   6.49558660127186160629E-019
      4582   1.94399748635842624000E+017   1.43066312105159022588E-019
      4583   1.49674848524184224000E+017   3.00908034684357230448E-019
      4584   1.17639325995374624000E+017   6.25823753363063330866E-019
      4585   1.11675658420098272000E+017   3.86266557070629160337E-019
      4586   2.82030908429933600000E+017   2.44544266031032892867E-019
      4587   3.69814758500802944000E+017   1.67461589208924144370E-019
      4588   4.44589426751819904000E+017   1.15283057055222315447E-019
      4589   1.33618644399209440000E+017   4.17426146284018226698E-019
      4590   2.02037486372742144000E+017   2.73401037271359788188E-019
      4591   2.92821363779431040000E+017   1.41961406690729385781E-019
      4592   2.06687856190909856000E+017   1.16154798744284991042E-018
      4593   1.71646518799359328000E+017   7.93070558693362935189E-019
      4594   2.85167120459441504000E+017   1.98483464860501926099E-018
      4595   1.34284973957662704000E+017   3.81890071393506241387E-019
      4596   2.22589014195242592000E+017   4.64176443065599777719E-019
      4597   2.00944626596617248000E+017   3.27658005660712638296E-019
      4598   1.24769242470939504000E+017   8.88905446156304456860E-019
      4599   2.34766933320554528000E+017   2.69685089321958113518E-019
      4600   2.56383457078760480000E+017   3.44829528359222405442E-019
      4601   1.39980129620819072000E+017   6.11423923961325940182E-019
      4602   1.37920222956899024000E+017   5.59767101645658563480E-019
      4603   9.66259728342868480000E+016   8.47276345082136230519E-019
      4604   1.19517223690621440000E+017   1.14195152095652940346E-018
      4605   7.58491091198105760000E+016   1.28938568402997017401E-018
      4606   1.32667290895101792000E+017   6.88071217963197974425E-019
      4607   1.04638008406053888000E+017   8.04699288665546207829E-019
      4608   9.96118418876907360000E+016   6.88432169614723414437E-019
      4609   7.35504683893806880000E+016   1.26877582587128296159E-018
      4610   1.38459138189867664000E+017   6.45615567334087498966E-019
      4611   1.10247578579703744000E+017   1.13831255286624445863E-018
      4612   1.22932718804158208000E+017   1.10630119487681930136E-018
      4613   3.49562361343538240000E+016   1.85607424698590340347E-018
      4614   9.07699930385324320000E+016   1.56883603323963360817E-018
      4615   6.72701774403284800000E+016   1.33681741250886489924E-018
      4616   4.95984932379122960000E+016   1.29781351184081460644E-018
      4617   5.47705349079407680000E+016   9.92038583823568694115E-019
      4618   4.72473674729511920000E+016   1.28858513881939068170E-018
      4619   3.68353420029666720000E+016   1.58621248154586999158E-018
      4620   3.47830016370843360000E+016   1.41761789723038766630E-018
      4621   2.56711410469331240000E+016   1.52014612817378513824E-018
      4622   2.85595784373757880000E+016   1.65724296981403960254E-018
      4623   2.93846240050750720000E+016   1.54090208480711620210E-018
      4624   2.35426361135256480000E+016   1.92619604222892510485E-018
      4625   1.93816926946369880000E+016   2.25917763374306349872E-018
      4626   2.01028184317322640000E+016   1.96291972704676668881E-018
      4627   1.94888743069722280000E+016   1.89746199066540137781E-018
      4628   2.03097178285506120000E+016   2.33265196246181024551E-018
      4629   1.62951089838767180000E+016   2.78626441768583617625E-018
      4630   1.34754562264250480000E+016   2.85686450759737280229E-018
      4631   1.08933067400362600000E+016   2.62235996777660269849E-018
      4632   1.20545333264012260000E+016   2.47151466206713515963E-018
      4633   1.03209732032607720000E+016   2.89724656750382057779E-018
      4634   1.01318948449199780000E+016   2.97035084559253069990E-018
      4635   8.38832567974847200000E+015   3.44668515118589923163E-018
      4636   7.63095757535474800000E+015   3.71342915763881069874E-018
      4637   6.18700210420869000000E+015   3.73700346831379942207E-018
      4638   5.12275783519295700000E+015   3.73691842063961374203E-018
      4639   4.70062518424009900000E+015   3.76654976108443781192E-018
      4640   5.38665621587197700000E+015   3.59571031322562235141E-018
      4641   5.26579505029788800000E+015   3.59526878185042225940E-018
      4642   5.18689157301392900000E+015   3.39282622088160599508E-018
      4643   5.18922099149796100000E+015   3.32206529774518098152E-018
      4644   4.96110272817751500000E+015   3.22717366216211445347E-018
      4645   5.03604723691982100000E+015   3.18903940466099976172E-018
      4646   4.61284414191385400000E+015   3.21630026972330474447E-018
      4647   4.45931956122487100000E+015   3.54533362475169897636E-018
      4648   4.19381083346472000000E+015   4.00542505908058618446E-018
      4649   4.15197312231547550000E+015   4.15121559693171210566E-018
      4650   3.80754039066188950000E+015   4.06108152779384429357E-018
      4651   3.59757095350627000000E+015   4.23798270072277862092E-018
      4652   3.13863415809157000000E+015   4.35031495308135314830E-018
      4653   2.95335941143597500000E+015   4.45567845960494966291E-018
      4654   2.94087546229936700000E+015   4.48176333498266349391E-018
      4655   2.49182204168738900000E+015   4.57111917162760942697E-018
      4656   2.14684726929163225000E+015   4.83187175957358435870E-018
      4657   2.01055497978385925000E+015   4.74137815009368402488E-018
      4658   2.26450913000655550000E+015   4.60335281979782438088E-018
      4659   2.26307878744481500000E+015   4.76219349738125996516E-018
      4660   2.36497122399775500000E+015   4.48578683313015868900E-018
      4661   2.40642735197395500000E+015   4.03690625181317069501E-018
      4662   2.48528839337737950000E+015   4.20011584730561374267E-018
      4663   2.57606167805269350000E+015   3.91254595420617114604E-018
      4664   2.75767280984560650000E+015   4.25246468674357224053E-018
      4665   2.67535727157488050000E+015   4.34821178383366080709E-018
      4666   2.42011111786414250000E+015   4.68115763360897489811E-018
      4667   2.18085731063978650000E+015   4.83403155794512748285E-018
      4668   2.04340767928815050000E+015   4.25260306830403154617E-018
      4669   2.10197385546628450000E+015   4.16055355524526772130E-018
      4670   1.97096656973709925000E+015   4.04145388991621765248E-018
      4671   1.99511324748289900000E+015   4.16663859643571607217E-018
      4672   2.00340691227796575000E+015   4.09620369970312762293E-018
      4673   2.22452127190122400000E+015   4.05129655206022557360E-018
      4674   2.22040101705682850000E+015   4.22026519866300093815E-018
      4675   2.21014116351932650000E+015   4.06720218801686163126E-018
      4676   2.09798659262298550000E+015   4.07643356020513238269E-018
      4677   1.91634745302701650000E+015   4.01686988954646533479E-018
      4678   1.71366119631939250000E+015   3.73523474681603061347E-018
      4679   1.44575657742682600000E+015   3.59097050724490101168E-018
      4680   1.38508767106559750000E+015   3.86017298272479952223E-018
      4681   1.42525083771224125000E+015   3.80998205989092627688E-018
      4682   1.34338674598305825000E+015   3.71562740531387156029E-018
      4683   1.27471427515164550000E+015   3.94922291749641300507E-018
      4684   1.08976669774222287500E+015   4.28066942218690912229E-018
      4685   1.06542089330196125000E+015   4.14165085202747602545E-018
      4686   1.16720319285990900000E+015   4.39927144683916762388E-018
      4687   1.26863698929256325000E+015   4.61313611880214868668E-018
      4688   1.45689671373379775000E+015   5.04560170847317543795E-018
      4689   1.58002806844190950000E+015   5.36384169099271659336E-018
      4690   1.34236059964178500000E+015   5.64684253570186001833E-018
      4691   1.27563427722010750000E+015   6.00167649608257309551E-018
      4692   1.27337739604962600000E+015   6.38308665400705194081E-018
      4693   1.27243985521610650000E+015   6.60364154609315484023E-018
      4694   1.28394394195733800000E+015   6.17743098966122002753E-018
      4695   1.26404528158298500000E+015   6.14493328014053851046E-018
      4696   1.33074524326863800000E+015   5.86353837983809701381E-018
      4697   1.36319360197974175000E+015   5.60015450072383181312E-018
      4698   1.32204643705136850000E+015   5.45234904762366826310E-018
      4699   1.31508559105811700000E+015   4.92198756088049175735E-018
      4700   1.21550512169817525000E+015   4.86902443134815525028E-018
      4701   1.15164942474920400000E+015   5.23497704710015438807E-018
      4702   1.24265866432705375000E+015   4.96021375394444842063E-018
      4703   1.22882702542128525000E+015   4.80360154395279399833E-018
      4704   1.24644926505571375000E+015   4.70110456720457861634E-018
      4705   1.15838775662483975000E+015   4.73343526638896578314E-018
      4706   8.77216371144214375000E+014   5.16361106430574777815E-018
      4707   7.57299376526258875000E+014   5.05834079069670780958E-018
      4708   8.44433349058613375000E+014   4.40403827535829898677E-018
      4709   8.70286284158217750000E+014   4.13306239424286785282E-018
      4710   8.99946474061600000000E+014   4.27747141020236599684E-018
      4711   8.45029673459007875000E+014   5.09570132826355479209E-018
      4712   7.93875508366091250000E+014   5.76446789034074355470E-018
      4713   7.10376881485400625000E+014   6.50236561890374396929E-018
      4714   6.71068997043158750000E+014   6.38413694098270202941E-018
      4715   5.11438667503190312500E+014   5.79668221208733250728E-018
      4716   5.57342339252847062500E+014   5.71598221323169323078E-018
      4717   5.53693008169921750000E+014   5.80554604485950244113E-018
      4718   5.33177490180816812500E+014   6.27088512361250539665E-018
      4719   4.84487442450637187500E+014   6.26021333652466157726E-018
      4720   3.86308909706109250000E+014   6.57888940493007308351E-018
      4721   4.72556131664693687500E+014   6.12579752782425874067E-018
      4722   6.45183039292932000000E+014   4.79270265392969760077E-018
      4723   6.41271978946129375000E+014   5.14624388257759483220E-018
      4724   6.34363182751643250000E+014   5.79827070668580957094E-018
      4725   6.86990804765023250000E+014   6.03183416597382931015E-018
      4726   7.92577827646686250000E+014   5.27045975010333596581E-018
      4727   6.77368066806309000000E+014   5.80268792950550482096E-018
      4728   7.36470802712440875000E+014   5.39377098007907356400E-018
      4729   7.33271416438991750000E+014   5.45336519039106866638E-018
      4730   7.25695796080334375000E+014   5.49094298998941018990E-018
      4731   7.02500531138490250000E+014   4.99568152739467491668E-018
      4732   6.45510283480931750000E+014   5.04534917244796250188E-018
      4733   5.26097469318014062500E+014   4.47319524122809458927E-018
      4734   5.13031005150990625000E+014   4.94873441127510666506E-018
      4735   5.14352248799220187500E+014   5.81100173191025737850E-018
      4736   4.71149500761172000000E+014   6.42793523389485652604E-018
      4737   5.75630148360995250000E+014   5.77134154185711988999E-018
      4738   6.14516712410471750000E+014   4.87103021154968687336E-018
      4739   7.04777012850270000000E+014   4.35738996807177149593E-018
      4740   8.06891421278948500000E+014   4.73901449063341133767E-018
      4741   9.24715696147059625000E+014   5.12141866706824793021E-018
      4742   9.78388648884411000000E+014   5.17198250554823436518E-018
      4743   9.14392580655458875000E+014   4.99417581284702285286E-018
      4744   8.81089457816097500000E+014   4.62241090808142983414E-018
      4745   6.53119697150586375000E+014   5.52701790029117517062E-018
      4746   5.23947867788374875000E+014   5.93527956993741679917E-018
      4747   5.78934381207554875000E+014   5.72207139196450044867E-018
      4748   6.09916639185892375000E+014   6.25327374659491482248E-018
      4749   5.80157250245067125000E+014   6.94408060675140578350E-018
      4750   6.82073877715579875000E+014   6.16728936567146547654E-018
      4751   7.10782634722994875000E+014   5.36818781869253532565E-018
      4752   6.69290084281721625000E+014   5.84958335798277603117E-018
      4753   6.60561078216497000000E+014   6.54329445087153399927E-018
      4754   6.87735688100132750000E+014   6.86007132496716048159E-018
      4755   7.19890256580186000000E+014   7.09498032481808159714E-018
      4756   7.98327994818539500000E+014   7.52129853437938731611E-018
      4757   9.23017671302108875000E+014   6.03468466394744487705E-018
      4758   9.96156926943893625000E+014   5.60225551583352458775E-018
      4759   1.05645109381657750000E+015   4.52651937183683968380E-018
      4760   1.02207283891131987500E+015   4.36363492979547115846E-018
      4761   1.10384697755190825000E+015   4.56588025295639771992E-018
      4762   1.13637478468695000000E+015   4.84951027887057915170E-018
      4763   1.13178436626142475000E+015   5.24080840805512951423E-018
      4764   9.82835798285314625000E+014   6.10259162367293395497E-018
      4765   9.14904685837714375000E+014   6.30932609042005165134E-018
      4766   1.00619926125515050000E+015   6.02711873255497719106E-018
      4767   1.33369725960105400000E+015   4.86109933550017023513E-018
      4768   1.36355241690308525000E+015   4.97436823313215625747E-018
      4769   1.30963951074780650000E+015   4.85990307411198590679E-018
      4770   1.22923535221652750000E+015   4.84333624774064448540E-018
      4771   1.28186502576165000000E+015   5.10070886627819614031E-018
      4772   1.31498185698141700000E+015   5.48769110027046977882E-018
      4773   1.46893796007329900000E+015   5.62028521903439061508E-018
      4774   1.44149333642780325000E+015   4.95315062622801490770E-018
      4775   1.29851482167840125000E+015   4.38132858330521756620E-018
      4776   1.22991572007582125000E+015   4.14542968304061664137E-018
      4777   1.20653721758814500000E+015   4.48752912909382837100E-018
      4778   1.25157391392364600000E+015   4.65580283912984622511E-018
      4779   1.32930902829003450000E+015   4.42346588047174020674E-018
      4780   1.35023440508479450000E+015   4.16633511373772090121E-018
      4781   1.36952203551666975000E+015   3.76305284595780393463E-018
      4782   1.53936331947633175000E+015   3.51149756360406119242E-018
      4783   1.50325347839151475000E+015   3.32602268303196141641E-018
      4784   1.60184256908308075000E+015   3.46256151673132561778E-018
      4785   1.67591794863588050000E+015   3.26114588121936788577E-018
      4786   1.59663851854663525000E+015   3.63965036072611363564E-018
      4787   1.61064849544624800000E+015   4.11962188223200014853E-018
      4788   1.46110644829765900000E+015   4.39626077826558935039E-018
      4789   1.27416693107052975000E+015   4.91258605953508547408E-018
      4790   1.18650931261964300000E+015   5.22304745253868570649E-018
      4791   1.02250185081424550000E+015   6.18390060958683789915E-018
      4792   9.44925206118227000000E+014   6.66404491217815201875E-018
      4793   9.16492841966218875000E+014   6.34971292705585942701E-018
      4794   9.60185879729748250000E+014   5.82118997925839369798E-018
      4795   1.10621287301558375000E+015   5.64563739899025340711E-018
      4796   1.28011823773153550000E+015   5.03251672385994826628E-018
      4797   1.39535024011711850000E+015   5.11894255533089092352E-018
      4798   1.55790041669977325000E+015   6.29433879068381989484E-018
      4799   1.59110026852837475000E+015   6.45428426771178545186E-018
      4800   1.76931312171806525000E+015   7.51674224445429475310E-018
      4801   1.88339989778540950000E+015   7.59058345404643623558E-018
      4802   2.09255957677575400000E+015   7.11712954852543573147E-018
      4803   2.30019974846959450000E+015   5.76981367179568996763E-018
      4804   2.28444427831784650000E+015   5.46913126616653810259E-018
      4805   2.08882838201006400000E+015   4.73794357577778787186E-018
      4806   2.10884629693062775000E+015   4.73377146170366598772E-018
      4807   2.17335457247717150000E+015   4.89937201729677230306E-018
      4808   2.33496141544221250000E+015   5.23585132322829336455E-018
      4809   2.35833977009599150000E+015   5.54318685883007394832E-018
      4810   1.97638218603940800000E+015   6.39799911763149296126E-018
      4811   1.71782568640706275000E+015   7.87232603744953107501E-018
      4812   1.65370736117044550000E+015   8.03518721174316491261E-018
      4813   1.75589810622946175000E+015   6.77522469660677529828E-018
      4814   1.88176092528644250000E+015   6.01338861892411576471E-018
      4815   2.02332096482250500000E+015   5.71852666182552190793E-018
      4816   2.40797161451241500000E+015   5.69326223817707960074E-018
      4817   2.99509851613870350000E+015   6.73476006705298286407E-018
      4818   3.09013279987448450000E+015   5.57671797648694707002E-018
      4819   3.21381947911450400000E+015   4.69313080692441101952E-018
      4820   3.69946173581239400000E+015   3.94884065047965770979E-018
      4821   4.42031100192604800000E+015   4.01759705983135336599E-018
      4822   5.24405052474553100000E+015   4.37748596677918055229E-018
      4823   5.65942047786799900000E+015   4.27097321591330199006E-018
      4824   7.11308341703322600000E+015   4.31668032331837759103E-018
      4825   7.50834932617713200000E+015   3.95245132057020146465E-018
      4826   6.87324688740480100000E+015   3.71405975492266552319E-018
      4827   9.14070867927747200000E+015   3.07076305965787849702E-018
      4828   1.10782359837455760000E+016   2.70493398279976706460E-018
      4829   1.18372549767807500000E+016   2.85951870016538303151E-018
      4830   1.31787293790281860000E+016   2.83263551155652939497E-018
      4831   1.43170898464731300000E+016   2.74719872346947390611E-018
      4832   1.95749166574536280000E+016   2.24804231855645085267E-018
      4833   2.07249578849563640000E+016   1.87876509191924991461E-018
      4834   2.68956122809943360000E+016   1.76423022155118753698E-018
      4835   3.48296248000373200000E+016   1.51451194435481373019E-018
      4836   3.63643470595367920000E+016   1.56238355625974787202E-018
      4837   2.92948707097025280000E+016   1.88161140259321248457E-018
      4838   2.21927067695604200000E+016   2.22893033803604040259E-018
      4839   3.48110392126670880000E+016   1.94338994746392856629E-018
      4840   3.71592366411658400000E+016   1.80153497438352538085E-018
      4841   3.63943386204199600000E+016   1.76793543947135799174E-018
      4842   4.46011829667580800000E+016   1.55858135852188723762E-018
      4843   5.01032931219231200000E+016   1.25432471250080795912E-018
      4844   7.72581328427389440000E+016   1.09483520980708608805E-018
      4845   8.65855327290478240000E+016   8.56290446737202272466E-019
      4846   4.71732092964207520000E+016   1.09229823528990563066E-018
      4847   1.05021196539421648000E+017   7.34950370770145445354E-019
      4848   1.44447214763796160000E+017   3.70856555213352203918E-019
      4849   7.09461413281312080000E+016   8.59707523191233948539E-019
      4850   5.83949186430895520000E+016   7.64117802423093985550E-019
      4851   1.52703602411570464000E+017   5.97661290719782306642E-019
      4852   5.46839189176872400000E+016   1.39612135439584177313E-018
      4853   9.04628139821537120000E+016   8.05298668614972230235E-019
      4854   1.17771928240071216000E+017   8.16783509348277542700E-019
      4855   1.28819974121770416000E+017   5.55634523621013139192E-019
      4856   7.13657918837425280000E+016   9.18517177679541225510E-019
      4857   2.45018146844928256000E+017   5.01552977741413954096E-019
      4858   1.47988049843131232000E+017   7.06818100024325525912E-019
      4859   1.49038730803244896000E+017   4.46497582064628508388E-019
      4860   1.48563547728586944000E+017   7.57109928533418358798E-019
      4861   1.20525853935288000000E+017   1.03810802082413431013E-018
      4862   2.01066538178098848000E+017   3.17833334261008936244E-019
      4863   4.92639272236054320000E+016   1.57341336798745782722E-018
      4864   9.44301031537190560000E+016   6.81750057843733216171E-019
      4865   1.12667318126511968000E+017   8.37710158293607807939E-019
      4866   5.26845326746170944000E+017   1.32448608489289851928E-019
      4867   4.20527998388179904000E+017   5.38996613542410594948E-020
      4868   1.52383698366351552000E+017   2.70270336502875459604E-019
      4869   3.15099336162611264000E+017   2.04774764554918466738E-019
      4870   1.01045140293585168000E+017   6.57130678705269889920E-019
      4871   2.54831125120968256000E+017   2.25998307211439077026E-019
      4872   2.01347947504112480000E+017   1.69342023442654818484E-019
      4873   2.37442476018993536000E+017   2.49544645958461901330E-019
      4874   2.39630077943389952000E+017   6.56406486948356251944E-020
      4875   2.19447284963213728000E+017   2.06998599565273219763E-019
      4876   1.84258423454608928000E+017   2.83836256179387495686E-019
      4877   5.87328352762420224000E+017   4.55055327862665289495E-019
      4878   2.40925757910421280000E+017   3.16623377208925718944E-019
      4879   1.57865771991949152000E+017   1.32303818044309334586E-018
      4880   1.25285087284726656000E+017   6.22200784456916509757E-019
      4881   4.15389123402928576000E+017   7.12295898880870569359E-019
      4882   2.09285369469040672000E+017   6.02911992130090958108E-019
      4883   2.19338787977767904000E+017   4.30835568813444272536E-019
      4884   1.87874715609633376000E+017   2.49707997408964692504E-019
      4885   2.76782462984068672000E+017   3.67843613916933921250E-019
      4886   2.52148128740153344000E+017   3.11516890609576961162E-019
      4887   3.03656308647261888000E+017   2.04222564125138134646E-019
      4888   1.19834107506224608000E+017   6.25985109120263895473E-019
      4889   1.97469337745517952000E+017   4.46834488904218305377E-019
      4890   1.52569416434848512000E+017   6.98984991893606502729E-019
      4891   1.30408487757975232000E+017   1.08415838952475319730E-018
      4892   1.44680435221010592000E+017   4.92777795505659399306E-019
      4893   8.88040131432852960000E+016   8.24610797503310598023E-019
      4894   2.95975341564441088000E+017   3.71626201125173425158E-019
      4895   5.85537724770644240000E+016   1.28362424557628158802E-018
      4896   1.64989329825936256000E+017   7.14180529543887843140E-019
      4897   1.05242310702304864000E+017   9.21925056352200386542E-019
      4898   8.90219961382265760000E+016   1.19376035081041777803E-018
      4899   1.49907209681496672000E+017   8.72296793271545949556E-019
      4900   1.17521623760949552000E+017   1.17949546967960960815E-018
      4901   7.60008658978738560000E+016   1.68564669010894900150E-018
      4902   7.61856086987486560000E+016   7.68245889366545415817E-019
      4903   6.15028669806573040000E+016   1.03567700964880604695E-018
      4904   5.50462306548490160000E+016   1.31909009637287656251E-018
      4905   4.83616926987571680000E+016   1.51373362402097646699E-018
      4906   4.55007183278235760000E+016   1.56189599288202521146E-018
      4907   3.57833585972209040000E+016   1.35351016354970191287E-018
      4908   3.12143808955032800000E+016   1.39286969610559269829E-018
      4909   3.45419951200754200000E+016   1.46665451335325743903E-018
      4910   3.44973662497614280000E+016   1.52729264018312465662E-018
      4911   2.07312642456316480000E+016   2.30871871749952464744E-018
      4912   2.15921933995584160000E+016   2.25549831445002584352E-018
      4913   2.37388454479961800000E+016   1.81689453243308813256E-018
      4914   2.25344129893322640000E+016   1.82631278388731437682E-018
      4915   2.16712514519942080000E+016   2.29928583410864957329E-018
      4916   1.59071225269708920000E+016   2.67682955689997176123E-018
      4917   1.43398422330640760000E+016   2.13276392539490255154E-018
      4918   1.26825776009598680000E+016   2.42055579077302129991E-018
      4919   1.19954654685334780000E+016   2.53201788665470268424E-018
      4920   1.08668971722225360000E+016   2.92894907366551519941E-018
      4921   9.51825559941049800000E+015   3.16870296255003263317E-018
      4922   8.27991363967546400000E+015   3.68257979498995636612E-018
      4923   7.78611951949984600000E+015   3.69854273292479941661E-018
      4924   6.58186468841407300000E+015   3.78543612910156766929E-018
      4925   5.21257463481577800000E+015   3.71991884957241414785E-018
      4926   5.50498457581735000000E+015   3.46875145770957148227E-018
      4927   5.24356335050034200000E+015   3.49212492444713512721E-018
      4928   4.99362131578251600000E+015   3.52216806772195057825E-018
      4929   5.14974840955351900000E+015   3.35978529065336271662E-018
      4930   5.15770065894700700000E+015   3.18222277333233849178E-018
      4931   4.99145861406882400000E+015   3.15688631611620191728E-018
      4932   5.06234131863134100000E+015   3.09265388634570963818E-018
      4933   4.70158116695918300000E+015   3.19272511369378688149E-018
      4934   4.57628528929163600000E+015   3.40935642299587023910E-018
      4935   4.36469903456818850000E+015   3.69427453952562584951E-018
      4936   4.25164606886078500000E+015   3.98844014815263630946E-018
      4937   3.86108787712880900000E+015   4.00849147075999636782E-018
      4938   3.50496019084877950000E+015   4.42804687039189125525E-018
      4939   3.20063040646225400000E+015   4.18782365111661113887E-018
      4940   2.89563253896974900000E+015   4.46067964239902888950E-018
      4941   2.93320303871059150000E+015   4.47972896017763882324E-018
      4942   2.65189101021263950000E+015   4.54082301017772400984E-018
      4943   2.15806971321368375000E+015   4.88325612552491691662E-018
      4944   1.99778279702850525000E+015   4.81528815740379589331E-018
      4945   2.24741581595359475000E+015   4.92087002344094917599E-018
      4946   2.22071402805767600000E+015   4.83992909400663166020E-018
      4947   2.16166836272010200000E+015   4.64315507674880486993E-018
      4948   2.18522001132082400000E+015   4.15227122018029244011E-018
      4949   2.37755882273134450000E+015   4.16562655264179655067E-018
      4950   2.56740390712888550000E+015   4.03812116419992665104E-018
      4951   2.62551873448539750000E+015   4.24458972755574988388E-018
      4952   2.75750828644156950000E+015   4.39344961537907618631E-018
      4953   2.40840491854685350000E+015   4.73258055908125528110E-018
      4954   2.12522073759788250000E+015   4.79166144391520209826E-018
      4955   2.05724900190375375000E+015   4.32588788504814176038E-018
      4956   2.02109230988728900000E+015   4.26860823430904119175E-018
      4957   2.02612712500793925000E+015   4.05500107981074093449E-018
      4958   2.00816189283881250000E+015   4.16842281263292059493E-018
      4959   2.00851856115158100000E+015   4.08931102423850964697E-018
      4960   2.07719020564583600000E+015   4.19399658021554952376E-018
      4961   2.14372724747310300000E+015   4.18966371957354370676E-018
      4962   2.19351903787751200000E+015   4.19503862363914583432E-018
      4963   2.12282060487529250000E+015   4.17879864127663384700E-018
      4964   2.11210121623961175000E+015   3.96783401621125814735E-018
      4965   1.79798256748327575000E+015   4.06151717022126249231E-018
      4966   1.47208161172954650000E+015   3.64956605233155088666E-018
      4967   1.38821553901856025000E+015   3.97833764086998415491E-018
      4968   1.40708891454048525000E+015   3.79349872297293293052E-018
      4969   1.46232698252684525000E+015   3.76984809827156093656E-018
      4970   1.28674283614181575000E+015   3.91825672249304742066E-018
      4971   1.18702675574938850000E+015   3.79770535814259066954E-018
      4972   1.08476466258476587500E+015   4.03855080366219296990E-018
      4973   1.10165436018639450000E+015   4.18749338718583428926E-018
      4974   1.21215476816853975000E+015   4.48243846906486487017E-018
      4975   1.34354319106421600000E+015   4.80761806621497931133E-018
      4976   1.45725639013162375000E+015   5.08190156386782664925E-018
      4977   1.41607022752119475000E+015   5.49331863516015351478E-018
      4978   1.36713774607549050000E+015   5.68151626900918385961E-018
      4979   1.29620255976072900000E+015   6.22058621268728287873E-018
      4980   1.26355418356881225000E+015   6.42963211859472213206E-018
      4981   1.23344823876294075000E+015   6.25848299642251201594E-018
      4982   1.25720962344565650000E+015   6.16616214241300571729E-018
      4983   1.29433011516276200000E+015   5.92769320676473731379E-018
      4984   1.32237020431758425000E+015   5.76958524036461676596E-018
      4985   1.33691536719948275000E+015   5.56300860244370128455E-018
      4986   1.26051413139229325000E+015   5.38735674072784317878E-018
      4987   1.25926250416509150000E+015   4.80144124319934262248E-018
      4988   1.18461184805960275000E+015   5.03506901250045784277E-018
      4989   1.23066906515578625000E+015   5.02728176468281560180E-018
      4990   1.22991458240508675000E+015   4.95921613783113288120E-018
      4991   1.17861737397315150000E+015   4.96094456016594145697E-018
      4992   1.17212522026525750000E+015   4.68125176404673147840E-018
      4993   9.60746743436087125000E+014   5.13727752354112994457E-018
      4994   7.86695315744355000000E+014   5.20849851695928497507E-018
      4995   7.55393247773084000000E+014   4.70700956506651516204E-018
      4996   8.48772053145186750000E+014   4.23786941478671409794E-018
      4997   8.73885929414023875000E+014   4.19287885590835387185E-018
      4998   8.48558221673699250000E+014   4.43658200803811771693E-018
      4999   8.16418039564892750000E+014   5.68351835224460299106E-018
      5000   7.42152220693849125000E+014   6.37356891416717823809E-018
      5001   7.04320121164546750000E+014   6.29203680713404481463E-018
      5002   5.94170012474502500000E+014   6.15218755679476678310E-018
      5003   5.79869471494143125000E+014   5.15375358580078669910E-018
      5004   5.53948655697207812500E+014   5.56865185810773593728E-018
      5005   5.85314848848330375000E+014   5.31604535077349540709E-018
      5006   5.13722108077108937500E+014   6.06439372477771506602E-018
      5007   5.09081545071765562500E+014   6.15303283580608865876E-018
      5008   5.51622772789746312500E+014   5.64385487828150030625E-018
      5009   6.23448256868059500000E+014   4.89814103798159663013E-018
      5010   7.02331529132670875000E+014   4.83072867974411197199E-018
      5011   7.42861347995804500000E+014   5.15286008337452497433E-018
      5012   7.41182470005252875000E+014   5.60484661238376389804E-018
      5013   7.46307447864168000000E+014   5.22643634628139157202E-018
      5014   7.46128266408708875000E+014   5.62480569021614181979E-018
      5015   7.15921561015803875000E+014   5.63745522357928580358E-018
      5016   7.73556447817238875000E+014   4.96788593277463515700E-018
      5017   7.25013729751027125000E+014   5.21833993862326421433E-018
      5018   7.34355625471836500000E+014   5.31400228352830606988E-018
      5019   6.89228644050571125000E+014   5.14034775251376353445E-018
      5020   6.37972735906310750000E+014   3.77299819917136184679E-018
      5021   5.29784804317279250000E+014   4.84894287615453657497E-018
      5022   4.98847020790456437500E+014   5.14704100186714175483E-018
      5023   5.10890361141496375000E+014   6.18817841389166104839E-018
      5024   4.57311276374952250000E+014   6.31783855793723675932E-018
      5025   5.08981057415379687500E+014   5.55093139581889070131E-018
      5026   6.63979923492278375000E+014   4.33171466490674969769E-018
      5027   7.46255743191884875000E+014   4.61179486894647668987E-018
      5028   8.02979251031034750000E+014   4.94401050860118263759E-018
      5029   9.75944374963696250000E+014   5.12446914150646667852E-018
      5030   9.25189251414078625000E+014   5.19045943630023298808E-018
      5031   9.68349237802014000000E+014   4.46884573060539017348E-018
      5032   7.44997590773024000000E+014   5.15692122739315920088E-018
      5033   5.46555315664301625000E+014   5.72291321730627519057E-018
      5034   5.73373668601547500000E+014   5.69850556650890429148E-018
      5035   5.76531803281927125000E+014   6.53937555752124781123E-018
      5036   6.00034810492444250000E+014   6.44858172903310458727E-018
      5037   6.13651766915509375000E+014   6.90411701636840184476E-018
      5038   6.90555779368892375000E+014   6.13685417975040148069E-018
      5039   7.17867253987216750000E+014   5.24743741044070047929E-018
      5040   7.23522960822089750000E+014   5.80603475534244120844E-018
      5041   6.63764194699119125000E+014   6.71961294954541317205E-018
      5042   7.04260121618978000000E+014   7.15418076968318256061E-018
      5043   8.10531574062768000000E+014   8.10308969684617746362E-018
      5044   8.44100939280532125000E+014   7.30581562384182309698E-018
      5045   9.88131194306384250000E+014   5.44029402628543324466E-018
      5046   1.05002319987494662500E+015   4.84434336466738268424E-018
      5047   1.04315433618941412500E+015   4.27299731543644475095E-018
      5048   9.96956741724849875000E+014   4.41398860701901742863E-018
      5049   1.07404909165061637500E+015   4.77327841811720211613E-018
      5050   1.17933441315033750000E+015   4.70979571830717216768E-018
      5051   1.06628539095815650000E+015   5.79243794374289301298E-018
      5052   9.17564408229260125000E+014   6.45914753126951152521E-018
      5053   9.48905342874389375000E+014   6.20583923104192547710E-018
      5054   1.06948991487222287500E+015   5.71880614735933429756E-018
      5055   1.38031794646253975000E+015   4.88568645380662322296E-018
      5056   1.37093235487115475000E+015   5.13897810942757166306E-018
      5057   1.30789877301921325000E+015   4.79005023150320593518E-018
      5058   1.23445221606617450000E+015   4.97743766012970532281E-018
      5059   1.28183773410646375000E+015   5.53685357081329453818E-018
      5060   1.42499400955057425000E+015   5.97637026852958337962E-018
      5061   1.48081227522048175000E+015   5.60143592540660110841E-018
      5062   1.37859765997634325000E+015   5.15371530136242581284E-018
      5063   1.29440343576022775000E+015   4.30316664700858896597E-018
      5064   1.28329089379538750000E+015   4.35430956290164158071E-018
      5065   1.20356015527680550000E+015   4.48257078575625101459E-018
      5066   1.27919749581457150000E+015   4.47318601068921636258E-018
      5067   1.32633710409644850000E+015   4.31293602267405232688E-018
      5068   1.36109489620775400000E+015   4.15014088719882625618E-018
      5069   1.43644889446940625000E+015   3.69119395312907964162E-018
      5070   1.58226695746198975000E+015   3.40091203779577085960E-018
      5071   1.59869029703433175000E+015   3.29731118618856496779E-018
      5072   1.70715591598947850000E+015   3.22736428593602658235E-018
      5073   1.66838270556219625000E+015   3.29992014872104709166E-018
      5074   1.57350484626559225000E+015   3.85276605241503282879E-018
      5075   1.46122424069908150000E+015   4.61837885108730187156E-018
      5076   1.42987185633333550000E+015   4.70630403386490706969E-018
      5077   1.24964260352764700000E+015   4.97841206775531548007E-018
      5078   1.14715573136384050000E+015   5.63157915598310035515E-018
      5079   1.01878828099961162500E+015   6.28144759957815807083E-018
      5080   9.49486388649868750000E+014   6.82615197772616900822E-018
      5081   9.28201003259306500000E+014   6.18850390035517209151E-018
      5082   9.44633741018252000000E+014   5.83937358772910931896E-018
      5083   1.10473253944195587500E+015   5.05903604198626036089E-018
      5084   1.26641524852861475000E+015   4.68996704002441611748E-018
      5085   1.38915665893001000000E+015   5.24626093913344865677E-018
      5086   1.59515478421097025000E+015   6.12932132144522804808E-018
      5087   1.59618545400377625000E+015   6.57914767285620518201E-018
      5088   1.79164961310343800000E+015   7.61937001790002477598E-018
      5089   1.91020263226618350000E+015   7.89620863124782328525E-018
      5090   1.98931659864578225000E+015   6.89500984136511908153E-018
      5091   2.30386382775055450000E+015   5.66187915430864962284E-018
      5092   2.25514154482729600000E+015   5.19428913468742018914E-018
      5093   2.04414446770196450000E+015   4.51836327602506013809E-018
      5094   2.07065886446832050000E+015   4.73599145869428656604E-018
      5095   2.18241558060085150000E+015   4.96113412929988842306E-018
      5096   2.29747536585189700000E+015   5.32793172212451626973E-018
      5097   2.14856449510742025000E+015   5.85080237820057961699E-018
      5098   1.80851192036028500000E+015   7.00072549897896045592E-018
      5099   1.64818538361493550000E+015   7.87580162037439726382E-018
      5100   1.60616491503983600000E+015   8.02711388784843428446E-018
      5101   1.62795624553229450000E+015   7.05889284058662369378E-018
      5102   1.87015206796708900000E+015   5.47646652385518871200E-018
      5103   1.92498322788923275000E+015   5.78637623284665172000E-018
      5104   2.29953147676622750000E+015   5.77777747713394336394E-018
      5105   2.51628087920009600000E+015   6.17130573384682836819E-018
      5106   3.11855140601180650000E+015   5.49699235951454388364E-018
      5107   3.07986113188559450000E+015   4.71668685376614835212E-018
      5108   3.71486126833968000000E+015   3.99551507554463330482E-018
      5109   4.62005534216115600000E+015   3.79033556878856093640E-018
      5110   5.24429153872140200000E+015   3.99257495834327672089E-018
      5111   6.16193235523583200000E+015   4.14340478848141633795E-018
      5112   7.33708175850223500000E+015   4.07564431209339857391E-018
      5113   7.31621068713314700000E+015   4.10886169953968745931E-018
      5114   7.09210368399031300000E+015   3.71989244898352357324E-018
      5115   9.34683317936476800000E+015   3.23902155176526537973E-018
      5116   1.06299174709266820000E+016   2.81321686040248122847E-018
      5117   1.21429143804551140000E+016   2.68735959223933914802E-018
      5118   1.41770071099094660000E+016   2.58250047208198306693E-018
      5119   1.41897525530948360000E+016   2.55202011700355772163E-018
      5120   1.81904965229667280000E+016   2.18909315742382896282E-018
      5121   2.34012829962608960000E+016   1.60664228003001910017E-018
      5122   2.75401861849607520000E+016   1.68157311964503845327E-018
      5123   3.55210936540668480000E+016   1.49174324025808936143E-018
      5124   4.19627957457117360000E+016   1.36516003973855854861E-018
      5125   3.92293060467077680000E+016   1.53049686290342030216E-018
      5126   2.88423702534567160000E+016   1.98270034702111577060E-018
      5127   2.90337514788296400000E+016   2.04979885510693790524E-018
      5128   4.61435968289606400000E+016   1.49786491413281102121E-018
      5129   3.74410097292986320000E+016   1.64055781873736433279E-018
      5130   3.56908668576000520000E+016   1.66226978116207164574E-018
      5131   4.68358333534429600000E+016   1.39586389445765052280E-018
      5132   6.66684950916486800000E+016   1.03789159098922361764E-018
      5133   1.22017223074368688000E+017   4.84045185123904901652E-019
      5134   4.94742083070863040000E+016   1.29343191039109533877E-018
      5135   6.35165555791568960000E+016   1.10757699298146855367E-018
      5136   1.95516087321971360000E+017   5.31774582693075338996E-019
      5137   1.15282526240232720000E+017   6.62277742332319583573E-019
      5138   1.09182660664854496000E+017   3.73399103778272810539E-019
      5139   1.62478336196266336000E+017   4.19095995332138255931E-019
      5140   1.44106422079479840000E+017   4.70729481325283052185E-019
      5141   4.74004299410998880000E+016   1.59800135332805035968E-018
      5142   1.56746759524868800000E+017   7.66150411091359270764E-019
      5143   1.31548786465335216000E+017   7.43100050481167820440E-019
      5144   1.92263634222792032000E+017   6.51144645229004518825E-019
      5145   1.80683908757154880000E+017   1.44232459057964361861E-018
      5146   1.03505308303437248000E+017   7.11388255361489947080E-019
      5147   2.18611085831991648000E+017   2.92791486802612196381E-019
      5148   1.40874603132967024000E+017   4.88895706661950080014E-019
      5149   1.19786970195479104000E+017   1.06896117542505887855E-018
      5150   2.51814444944679968000E+017   3.81931557424264753177E-019
      5151   1.59323537704774176000E+017   7.95645394507299829062E-019
      5152   1.92192972355367104000E+017   4.83123158500785758974E-019
      5153   2.83187544418560992000E+017   4.56974276509372787367E-019
      5154   4.24490192278964800000E+016   1.38630211840773734428E-019
      5155   3.19213721232418112000E+017   4.07573086088933641035E-019
      5156   3.92283993302077760000E+017   2.78577649332006322364E-019
      5157   4.43622855751567808000E+017   2.90773489233206221241E-020
      5158   2.52342366318912736000E+017   4.26300276333462930475E-019
      5159   1.84553978180228480000E+017   2.42628679899850735483E-019
      5160   1.57982700847364992000E+017   2.24990092707847508875E-019
      5161   3.95035741397976320000E+017   2.30421594148167908014E-019
      5162   3.86812241756497344000E+017  -7.87206628998131190913E-020
      5163   1.88726796951026480000E+016   6.35097458382232800382E-018
      5164   1.74360869104263936000E+017   1.00053661991793562669E-018
      5165   2.25239234328602912000E+017   3.77870597952395976857E-019
      5166   2.21342866396543360000E+017   3.98555651060355152426E-019
      5167   4.10485437172707904000E+017   7.48192065949231419442E-020
      5168   3.16630831130428864000E+017   3.02532325720718711973E-019
      5169   3.44548932130809088000E+017   2.49315659886347757212E-019
      5170   2.66176908248373024000E+017   2.84197223764269502940E-019
      5171   1.56805590403251584000E+017   5.50135156322569898597E-019
      5172   2.60400051621076448000E+017   2.22667554700264450821E-019
      5173   1.92024449303147872000E+017   5.84447155819417329172E-019
      5174   1.96771920289294784000E+017   6.61426528213794265780E-019
      5175   1.66585603545193472000E+017   5.09850650599667578875E-019
      5176   1.23628273956182224000E+017   5.26906313294340430411E-019
      5177   3.06263686861931200000E+017   4.91842709352016584978E-019
      5178   9.83640779636442080000E+016   7.01131139342879265602E-019
      5179   1.76621670031214816000E+017   4.06691693450295363688E-019
      5180   1.41054602776027392000E+017   7.64745552266990673254E-019
      5181   1.32296770224437824000E+017   8.01373940258995699349E-019
      5182   1.82100669631509568000E+017   3.99400412445772784546E-019
      5183   1.27997857667648384000E+017   8.13989893434902911641E-019
      5184   9.96703257063303520000E+016   1.35633799707478068958E-018
      5185   9.68674677079126400000E+016   8.18871471217422236411E-019
      5186   6.96306606274127680000E+016   1.00496427997253856886E-018
      5187   6.94694345416123440000E+016   1.21801164471929750372E-018
      5188   6.49007092070973440000E+016   1.38520356294874653783E-018
      5189   4.72673864366527840000E+016   1.50171138720621398262E-018
      5190   3.80562366578321120000E+016   1.39260864335082349442E-018
      5191   3.44360811496015880000E+016   1.37636334341572903516E-018
      5192   3.98838473672502880000E+016   1.39489102058302918076E-018
      5193   3.99049311012586800000E+016   1.41452205661149401927E-018
      5194   2.52298196020640400000E+016   2.18324342903204112109E-018
      5195   2.44350262226818360000E+016   2.23210618848316895301E-018
      5196   2.80349387799106040000E+016   1.74322443504761903762E-018
      5197   2.78285794318002720000E+016   1.46417258727420030871E-018
      5198   2.22966576904264280000E+016   2.15192265248123113206E-018
      5199   2.02286565306390080000E+016   2.46279515277149377288E-018
      5200   1.65556331147230640000E+016   1.90812014589869056894E-018
      5201   1.46862946820236480000E+016   1.97569746327428269145E-018
      5202   1.27996026953221280000E+016   2.30981893317739827456E-018
      5203   1.18445718078786200000E+016   2.56184145263189349241E-018
      5204   9.23040225994210600000E+015   3.05221724324456063102E-018
      5205   9.44801075539958000000E+015   3.41225081006996114075E-018
      5206   8.65377480166827800000E+015   3.53138023145913824894E-018
      5207   7.61737719266571100000E+015   3.76136896160088155696E-018
      5208   6.28594720433791700000E+015   3.52787829276327274640E-018
      5209   5.65667783091651700000E+015   3.48261877721722344141E-018
      5210   5.63823113558523000000E+015   3.26651198558121407418E-018
      5211   5.36125212871944400000E+015   3.39657822898931564145E-018
      5212   4.81501636720511500000E+015   3.34551734256617168430E-018
      5213   5.21246479870585800000E+015   3.13601342287250814541E-018
      5214   5.06138988549908600000E+015   2.98848240661929947025E-018
      5215   4.88993332447541900000E+015   2.97860970295225043087E-018
      5216   4.82006272618935400000E+015   3.03631574376842735814E-018
      5217   4.68988884936343400000E+015   3.03953130023674248920E-018
      5218   4.56169563031828200000E+015   3.38958653885665785054E-018
      5219   4.54009084176149000000E+015   3.63944886389066743822E-018
      5220   4.17105129754327050000E+015   4.26952500153989617449E-018
      5221   3.80970575213186550000E+015   4.33427385952641897084E-018
      5222   3.45029767669887300000E+015   4.33662896895292942681E-018
      5223   2.90429799510190350000E+015   4.31750666481819983593E-018
      5224   2.92407448210330300000E+015   4.49090605349915518360E-018
      5225   2.81114340028588300000E+015   4.38670918475300064010E-018
      5226   2.57374325798055400000E+015   4.63968552189405577226E-018
      5227   2.21139966555962475000E+015   4.85417892193522787959E-018
      5228   2.22877813012526000000E+015   5.09760469908442591739E-018
      5229   2.31668725820217100000E+015   4.98539644320999957799E-018
      5230   2.17380328701742950000E+015   4.80430202286902806018E-018
      5231   2.04592104021969075000E+015   4.42930585210633056125E-018
      5232   2.23269097388623500000E+015   4.18492726674460054039E-018
      5233   2.28572909465342050000E+015   4.26793328132784648355E-018
      5234   2.63650091941885900000E+015   4.16374240376062094645E-018
      5235   2.63327934408857700000E+015   4.29008210359499471483E-018
      5236   2.58746643554122500000E+015   4.49201030120808180942E-018
      5237   2.31570892052900200000E+015   4.78683886176294782324E-018
      5238   1.98570864912254800000E+015   4.77202473599285515411E-018
      5239   1.95534462437459550000E+015   4.43405018469770232365E-018
      5240   1.97211304641507375000E+015   4.20845457354858007247E-018
      5241   2.01350246242185950000E+015   4.18490115993389052044E-018
      5242   1.97211927757547325000E+015   4.06777839619630772023E-018
      5243   2.02821650269850400000E+015   4.07653626164758852056E-018
      5244   2.12435940572293300000E+015   3.95167867047306582715E-018
      5245   2.05142045037867675000E+015   4.15250589366554455975E-018
      5246   2.16717053096740775000E+015   4.17758400088781839365E-018
      5247   2.07970180802727225000E+015   4.07991438123585056910E-018
      5248   2.02127646323912900000E+015   3.97811749573236531881E-018
      5249   1.57872298337084675000E+015   3.84759278079631653401E-018
      5250   1.46292647499987900000E+015   4.08697666961451454822E-018
      5251   1.48150825021194250000E+015   3.65648671210981401923E-018
      5252   1.39890617613114250000E+015   3.78659163920463697289E-018
      5253   1.31634907509943250000E+015   3.76312394728009700855E-018
      5254   1.33067218155713800000E+015   3.80639130979528227169E-018
      5255   1.19331419281680650000E+015   3.80954924891768655679E-018
      5256   1.09022363613770250000E+015   4.03301116614024039728E-018
      5257   1.20101705651379825000E+015   4.31136635588324487054E-018
      5258   1.24624538030842500000E+015   4.63829471541718615599E-018
      5259   1.39938542078822150000E+015   4.83700487480014497923E-018
      5260   1.52097509073835750000E+015   5.06873111569041620419E-018
      5261   1.35478321517335575000E+015   5.41014686109379456907E-018
      5262   1.36014194385651400000E+015   5.80386912533885912873E-018
      5263   1.28792679314759275000E+015   6.31372925459595499029E-018
      5264   1.27999499465204750000E+015   6.53192871797076746686E-018
      5265   1.25447184064354825000E+015   6.19862733692578846794E-018
      5266   1.29284835700311850000E+015   6.10310129540602025561E-018
      5267   1.37501699067478900000E+015   5.84766471027122219878E-018
      5268   1.32670805272836925000E+015   5.68082521735365033724E-018
      5269   1.33536268509800425000E+015   5.44458356481674459063E-018
      5270   1.32340050302376150000E+015   4.93849600056527813717E-018
      5271   1.20924260852053625000E+015   4.83301780627601330186E-018
      5272   1.13081845909768300000E+015   5.37243476634999389984E-018
      5273   1.17757534516467850000E+015   5.35536254610109123109E-018
      5274   1.22124513147464525000E+015   4.85402285743861035349E-018
      5275   1.26057200121546625000E+015   4.61024816676665675844E-018
      5276   1.16189925623379850000E+015   4.74052556414155008133E-018
      5277   8.43898362119797250000E+014   5.13845972298338604970E-018
      5278   7.55753800947312000000E+014   5.07229257967186932909E-018
      5279   7.99927850593299875000E+014   4.31240358343351396612E-018
      5280   8.20882641592442000000E+014   4.06989788398054920425E-018
      5281   9.07053413515506250000E+014   4.20458789926124332256E-018
      5282   8.51010215882622250000E+014   4.79576849104964223734E-018
      5283   7.97683999705373125000E+014   5.84722570694274856148E-018
      5284   7.62419090322949875000E+014   6.30555968683862498567E-018
      5285   6.94861364850134125000E+014   6.31011678362814116374E-018
      5286   5.33961656076878937500E+014   5.62456551564781948832E-018
      5287   6.42333859760806500000E+014   5.26637541445874644291E-018
      5288   5.72738052869274250000E+014   5.16325720378094210156E-018
      5289   5.78117322309300750000E+014   5.79365758305378845778E-018
      5290   5.05691959833107687500E+014   6.07268910553996334831E-018
      5291   4.05117010347346750000E+014   6.46639301853426854986E-018
      5292   5.68914374382180250000E+014   5.65632161732848112961E-018
      5293   6.62809211349860375000E+014   4.71425012096922921881E-018
      5294   6.85121937352138125000E+014   4.89068682455262914471E-018
      5295   7.48245662913629250000E+014   5.07777954369739450834E-018
      5296   7.17843338232361500000E+014   5.78917477482948209816E-018
      5297   7.55400701881601500000E+014   5.20829189316996435840E-018
      5298   6.93965618729964500000E+014   5.83315203721200971616E-018
      5299   7.36856106091739250000E+014   5.59209708728349290700E-018
      5300   7.74781326520174125000E+014   5.10217553210726526604E-018
      5301   7.24214236389878125000E+014   5.16372747180062559549E-018
      5302   7.28284594476681250000E+014   4.94006434748867686953E-018
      5303   6.75317568703207375000E+014   4.96448784939578328259E-018
      5304   5.79865513982124250000E+014   4.33812080539868029583E-018
      5305   5.38576038335520500000E+014   4.59235163202968459152E-018
      5306   4.76608076448625750000E+014   5.81947236606608315675E-018
      5307   4.92430437496468625000E+014   6.43906087462516426530E-018
      5308   5.47997068827151250000E+014   5.86778377588506499033E-018
      5309   4.82400693494188375000E+014   5.50195560807795595609E-018
      5310   7.17057471766833375000E+014   4.47369745334227325110E-018
      5311   8.05252187521309000000E+014   4.71137526352734478817E-018
      5312   9.80172345585595375000E+014   5.11556529855112038796E-018
      5313   9.83714718155757125000E+014   5.08007721445932595995E-018
      5314   9.09403561284204750000E+014   5.18071192597718459004E-018
      5315   8.94737806492027250000E+014   4.49854467730775073076E-018
      5316   6.90460695021669000000E+014   5.40315276088283560584E-018
      5317   5.41676442997683750000E+014   5.68191563195229361384E-018
      5318   5.50702003743787062500E+014   6.03681558197527392576E-018
      5319   5.45755566186750000000E+014   6.95544872519237031900E-018
      5320   5.58861342057187125000E+014   7.22445189213251480220E-018
      5321   6.43158473755365500000E+014   6.53316685807609535997E-018
      5322   7.11667314670677375000E+014   5.83024481369804530397E-018
      5323   6.85468353971679250000E+014   5.27595050319624076935E-018
      5324   6.88061877400273625000E+014   6.26635782824612427104E-018
      5325   6.79190178635278375000E+014   6.80736743401790064191E-018
      5326   7.74496662003179125000E+014   7.53770689259851600305E-018
      5327   8.15925599190600125000E+014   8.01650246226010234775E-018
      5328   8.79156373284363500000E+014   7.03309995736487835237E-018
      5329   1.05009299225441900000E+015   5.16534228644625315342E-018
      5330   1.06389638426359112500E+015   4.52686789209603199860E-018
      5331   1.02076902492373425000E+015   4.40854941812470344881E-018
      5332   1.06000351908630625000E+015   4.45710230093819850434E-018
      5333   1.08353440502871062500E+015   4.80712578544692529137E-018
      5334   1.07359323651929750000E+015   5.21614995394168252505E-018
      5335   1.01360989078101287500E+015   5.91606519759991520888E-018
      5336   9.01860182080451250000E+014   6.31553935586721090811E-018
      5337   9.45774186027308250000E+014   6.09722465217368351759E-018
      5338   1.20315535770683050000E+015   5.33442297280725146318E-018
      5339   1.45603067232721050000E+015   4.55159311911044248042E-018
      5340   1.45355257122581425000E+015   4.67683847775522267104E-018
      5341   1.43820440812119925000E+015   4.54495013725457434088E-018
      5342   1.29675661471130825000E+015   4.98100637296860120586E-018
      5343   1.34468985976354225000E+015   5.72857738787434532712E-018
      5344   1.42619768744249000000E+015   6.00506901667679401751E-018
      5345   1.39135573373454325000E+015   5.26483939080833702864E-018
      5346   1.37128459855277025000E+015   4.96529551655004906769E-018
      5347   1.21851208080401350000E+015   4.20676062763886528726E-018
      5348   1.28772041569884400000E+015   4.43471371618231705117E-018
      5349   1.18858799243138800000E+015   5.07679841736659963942E-018
      5350   1.28277095104210875000E+015   4.50555343254136675220E-018
      5351   1.33141626764251700000E+015   4.32187473476533378608E-018
      5352   1.44216753921082000000E+015   4.01227089943162080080E-018
      5353   1.52065858221184550000E+015   3.66730800121025406106E-018
      5354   1.63076668500983100000E+015   3.34356096619082391025E-018
      5355   1.58113533217062975000E+015   3.72965784525019003438E-018
      5356   1.65649365364881475000E+015   3.37793815463741409745E-018
      5357   1.66037064402303500000E+015   3.38126807274279201377E-018
      5358   1.55927285832077425000E+015   3.93755361266392437440E-018
      5359   1.47580068314902850000E+015   4.47263731519408553652E-018
      5360   1.41612781893517350000E+015   4.77937981769665058435E-018
      5361   1.24888282299033375000E+015   4.87498997907725573082E-018
      5362   1.13849388365236075000E+015   5.51008664441494947879E-018
      5363   1.00020004157824275000E+015   6.40997726481108893881E-018
      5364   9.32169071517847750000E+014   6.88756607179460373055E-018
      5365   9.13159665545819000000E+014   6.27289279487308304869E-018
      5366   9.31585296596727750000E+014   5.83177356766134544703E-018
      5367   1.06783341626658700000E+015   5.16242056212114420159E-018
      5368   1.26000084414204225000E+015   4.57516581902539496806E-018
      5369   1.38043389143634100000E+015   5.33545776241107472091E-018
      5370   1.48348071270057375000E+015   5.84277408715324091952E-018
      5371   1.61468398364470925000E+015   6.61671574009375055113E-018
      5372   1.73907393099567650000E+015   7.63517125133274794479E-018
      5373   1.84658391763624025000E+015   7.84042713829890866902E-018
      5374   1.99844985659106275000E+015   6.49628828597648057313E-018
      5375   2.18753353330713200000E+015   5.62120402922213828082E-018
      5376   1.99568327369630775000E+015   4.91176196362798214976E-018
      5377   1.95243104620100225000E+015   4.41189625524474971929E-018
      5378   2.02250137020286050000E+015   4.74657496684403181457E-018
      5379   2.10751990698833225000E+015   5.22314371752253584883E-018
      5380   2.24550680124767900000E+015   5.66116150739607932029E-018
      5381   2.14098635620491200000E+015   6.35471085018606943948E-018
      5382   1.83276079048577000000E+015   7.11780811954774246136E-018
      5383   1.59603706459940700000E+015   7.99074965654995188856E-018
      5384   1.39405682596129075000E+015   8.08098756005095126768E-018
      5385   1.63176799849112675000E+015   6.73162691420964743717E-018
      5386   1.79481419531365275000E+015   5.57170455295976192952E-018
      5387   1.97068558168428825000E+015   5.41495477265622869753E-018
      5388   2.22418414726824100000E+015   5.80516931398818935991E-018
      5389   2.41348347165743900000E+015   6.22842772666250523719E-018
      5390   2.65355764930474300000E+015   5.60820759565286774120E-018
      5391   3.11622451280763700000E+015   4.80617903907269291617E-018
      5392   3.53941268545829350000E+015   3.53229014352705825959E-018
      5393   4.55480396612818800000E+015   3.64260912933857681172E-018
      5394   5.49555119683858100000E+015   3.90119509981897207548E-018
      5395   6.03352933120361700000E+015   4.02872261543817682806E-018
      5396   7.42449649556934300000E+015   3.96309832176510766113E-018
      5397   8.19975265627612600000E+015   3.90384332704529443745E-018
      5398   8.47944465504000000000E+015   3.56174593174998621581E-018
      5399   9.22177810187106400000E+015   3.23170628018135749550E-018
      5400   1.06891542572381520000E+016   2.80047657685264877312E-018
      5401   1.10302729475020660000E+016   2.84744403545624861096E-018
      5402   1.34896235653292460000E+016   2.67825982610594346888E-018
      5403   1.48494749909426600000E+016   2.48396790098872296376E-018
      5404   1.77536540930070920000E+016   2.14918898910496121516E-018
      5405   2.15407028224427000000E+016   1.65870317284552005783E-018
      5406   2.87604749531494400000E+016   1.43154618157743178685E-018
      5407   4.22210327361486640000E+016   1.35042953501234905208E-018
      5408   5.02004489261402080000E+016   1.14024285667898027895E-018
      5409   4.46891130650975360000E+016   1.29679964535050024310E-018
      5410   3.51372089291195200000E+016   1.64561092381356054818E-018
      5411   3.20236690705318160000E+016   1.84042352306692335342E-018
      5412   4.11303268696561360000E+016   1.50610220070143126082E-018
      5413   4.56609126659653680000E+016   1.61155736217581352275E-018
      5414   4.25824986487294880000E+016   1.41253013546103585617E-018
      5415   5.24126203148742560000E+016   1.18669203027243773119E-018
      5416   6.86388149279101920000E+016   1.00140597584261127328E-018
      5417   1.27519526411256256000E+017   4.26097470240663539594E-019
      5418   8.87669619794770080000E+016   1.01275741644715594816E-018
      5419   7.85760482545781760000E+016   8.99887283401407828033E-019
      5420   1.42797767739818848000E+017   8.75018922039578559282E-019
      5421   1.83973580158601184000E+017   4.49382631611793863430E-019
      5422   1.29877065159497584000E+017   4.83862430788629902256E-019
      5423   5.76741197729842960000E+016   8.62274015369901551422E-019
      5424   2.14619382202129920000E+017   4.75026182266326397598E-019
      5425   1.59074058360326304000E+017   4.91089561457070630080E-019
      5426   1.31008946291467536000E+017   7.63901688078888106543E-019
      5427   9.10485373354832960000E+016   1.07794339546619776302E-018
      5428   2.21317210328312832000E+017   7.97135217310647950265E-019
      5429   1.53391471682822432000E+017   4.49562962986140729366E-019
      5430   4.35411758295301440000E+017   1.94128947876733399240E-019
      5431   3.19259742754806400000E+017   1.91833392669194329706E-019
      5432   1.37286146673930464000E+017   3.52100264350542127769E-019
      5433   2.10695102891836224000E+017   9.32847584534704961506E-020
      5434   2.90170187605810112000E+017   3.56466425599380166824E-019
      5435   3.62199812035066176000E+017   2.50601442943973365277E-019
      5436   1.54084379631635552000E+017   5.68506558898759325386E-019
      5437   1.49933977636621504000E+017   4.62614958649536682316E-019
      5438   1.43480014058419200000E+016   1.91433232911600644468E-018
      5439   1.14277827324419379200E+018  -2.43160023831303454934E-019
      5440   2.27622653591103712000E+017  -6.63370049350157141895E-019
      5441   3.76731867593791296000E+017  -4.82975309690761766722E-020
      5442   8.29850083727408128000E+017   2.23126073607102832022E-019
      5443   1.82536796114239232000E+017   2.03288038804989911133E-019
      5444   3.13215758624104064000E+017   1.48192259181848031666E-019
      5445   3.48628257149566656000E+017   2.24320324656357127479E-019
      5446   3.44804879842957568000E+017   1.40457723815973158995E-019
      5447   3.83769747343303616000E+017   1.77112403169661836278E-019
      5448   1.95636590780633472000E+017   4.53148920651292707232E-019
      5449   3.38273383542005760000E+017   2.32355190042581878652E-019
      5450   2.58244291773919936000E+017   2.44904633756484698185E-019
      5451   2.76615133128629632000E+017   2.63082625630984462720E-019
      5452   1.72647218100532832000E+017   7.25040515464006969635E-019
      5453   3.31880362992125824000E+017   3.42931642280888041824E-019
      5454   1.06844649108617248000E+017   5.13740671574177027715E-019
      5455   2.25497366623534336000E+017   2.25336023961054321652E-019
      5456   1.95825693093977472000E+017   9.39360536061355918753E-019
      5457   1.38296227373893104000E+017   7.27048421512746626725E-019
      5458   1.15282940833914144000E+017   6.27914518493667560476E-019
      5459   1.93112099230359904000E+017   7.18827682371980742268E-019
      5460   1.79024372601643168000E+017   5.54447222936963537267E-019
      5461   1.66108709273627712000E+017   4.48839866138132897717E-019
      5462   1.28061068204974752000E+017   1.17766415649572123751E-018
      5463   1.47089336344325120000E+017   6.60487446345605027307E-019
      5464   1.41062848210407504000E+017   6.45028031770016083205E-019
      5465   5.86409748396898000000E+016   1.07017443349480156892E-018
      5466   8.26887612677879680000E+016   1.09855210604311252620E-018
      5467   7.76667575193131360000E+016   1.24780233319526852008E-018
      5468   5.62840761465908640000E+016   1.32398688456283718790E-018
      5469   4.85745909359237280000E+016   1.24920558710471429257E-018
      5470   4.52076464254352160000E+016   1.35435094679972719983E-018
      5471   4.77240720763450960000E+016   1.24595069571784817704E-018
      5472   3.60251294599357360000E+016   1.76999463170507844038E-018
      5473   2.61047132248135520000E+016   2.21414416718472349830E-018
      5474   2.82229239937833000000E+016   2.09970381828829024672E-018
      5475   3.18723727038948120000E+016   1.43456746794338423459E-018
      5476   3.06065763304414160000E+016   1.56113425242670808595E-018
      5477   2.56735978642418720000E+016   2.13545341051959832236E-018
      5478   2.01618579286177920000E+016   2.29098527430583819265E-018
      5479   1.71148753229142660000E+016   2.00146671838143355659E-018
      5480   1.55111897274506620000E+016   2.15955989847709699283E-018
      5481   1.38447577915296000000E+016   2.28834650626635667309E-018
      5482   1.39295119609706280000E+016   2.45861102863990695466E-018
      5483   9.80085481096649600000E+015   3.04414417491932461270E-018
      5484   9.06954867576905000000E+015   3.35622265847497030663E-018
      5485   8.79296625129532400000E+015   3.38487839706722205944E-018
      5486   7.76944035131693400000E+015   3.66545185078225107120E-018
      5487   6.41866577501751300000E+015   3.39988102907406179201E-018
      5488   6.07774715237324100000E+015   3.28284487748648092789E-018
      5489   5.64499992975176600000E+015   3.21138059415049741991E-018
      5490   4.80589784078904700000E+015   3.11844029590497654320E-018
      5491   4.95454005467750100000E+015   3.08584724501175538064E-018
      5492   5.27225422773792100000E+015   2.97875198178631548913E-018
      5493   5.05677572739351300000E+015   2.92983587394726205532E-018
      5494   4.99299731729590500000E+015   3.20158404448985501321E-018
      5495   4.85127286053571600000E+015   3.05740332649108989551E-018
      5496   4.62475143659658100000E+015   2.86517527920773421620E-018
      5497   4.62048220461463700000E+015   3.14625430204043781830E-018
      5498   4.55495549400401000000E+015   3.59410376742164267168E-018
      5499   4.31852776255816450000E+015   4.03617964804938269778E-018
      5500   3.67695151041280100000E+015   4.20147318617494270770E-018
      5501   3.32512354442969650000E+015   4.20217541589468351766E-018
      5502   3.05304274459555200000E+015   4.32956552851883661229E-018
      5503   2.86957281763574450000E+015   4.34829076914819995444E-018
      5504   2.78458915664249600000E+015   4.40241179830052477676E-018
      5505   2.57036756030811400000E+015   4.66897161715161182379E-018
      5506   2.04873652722796300000E+015   5.09547308242128713340E-018
      5507   2.22947868918623175000E+015   5.13913412195419144982E-018
      5508   2.17375883047599400000E+015   4.96865035850656451657E-018
      5509   2.13832953261267200000E+015   4.80354678096762595899E-018
      5510   2.00025544471451950000E+015   4.45893847227960102722E-018
      5511   2.09596036235021275000E+015   4.02001502090648317468E-018
      5512   2.12655450472111550000E+015   4.28697385264916221414E-018
      5513   2.61821601558952400000E+015   4.15906289444327727520E-018
      5514   2.61813759348613200000E+015   4.30666067249448295809E-018
      5515   2.54301491231763200000E+015   4.51315955566465987636E-018
      5516   2.28381403260959050000E+015   4.80990254479108506097E-018
      5517   1.99905694444838350000E+015   4.80030664255246851723E-018
      5518   1.94637970202281350000E+015   4.46680868774564031339E-018
      5519   1.94945016119730625000E+015   4.18471376191796379425E-018
      5520   2.07759022753433450000E+015   4.15263166734557723032E-018
      5521   1.97358176264941450000E+015   4.05664857040800502422E-018
      5522   2.06132411725264575000E+015   3.96111185631649490322E-018
      5523   2.11863886947036100000E+015   3.93359323295608874827E-018
      5524   2.09415729649692625000E+015   4.02085547922866227603E-018
      5525   2.15222991684548625000E+015   4.19796715488875370113E-018
      5526   2.07370508191707175000E+015   4.10362476405297320138E-018
      5527   2.00144831018902725000E+015   4.07457377981836364566E-018
      5528   1.72443951006246050000E+015   3.78285534730427704015E-018
      5529   1.51559836629266900000E+015   4.08884313057808716780E-018
      5530   1.47994835927300125000E+015   3.69093019650893091443E-018
      5531   1.39849924888953250000E+015   3.82754931739122240986E-018
      5532   1.23004277699418350000E+015   3.83118866475837665828E-018
      5533   1.13297119807092100000E+015   3.79617334074044608770E-018
      5534   1.18794949557828000000E+015   3.76400675607381483674E-018
      5535   1.10109677009897362500E+015   3.95706528639132754242E-018
      5536   1.12080896377846112500E+015   4.02627202562519403638E-018
      5537   1.24380377258358875000E+015   4.55457075149122641439E-018
      5538   1.40116681598719475000E+015   4.73531396116835106884E-018
      5539   1.52913563466985600000E+015   4.95245308629290842069E-018
      5540   1.36431244464835650000E+015   5.28777534129219228359E-018
      5541   1.36896039618813525000E+015   5.71121791279107849262E-018
      5542   1.34106064609091200000E+015   6.10791329943948424661E-018
      5543   1.30189905975265775000E+015   6.50672589372966764620E-018
      5544   1.25867018664580600000E+015   6.19336397730473403364E-018
      5545   1.29636761336592775000E+015   6.10623270834142242361E-018
      5546   1.35244068333410900000E+015   5.97388918447530547845E-018
      5547   1.31978323517712250000E+015   5.83336852835023504421E-018
      5548   1.34437306565031550000E+015   5.46769950900100004222E-018
      5549   1.33584807786539375000E+015   4.98546808638259063235E-018
      5550   1.19157929528469550000E+015   4.99159952299062301891E-018
      5551   1.12391147134451125000E+015   5.43583421175602700477E-018
      5552   1.08560358180455037500E+015   5.56329520607370789471E-018
      5553   1.18559867278437850000E+015   5.00502418357845648146E-018
      5554   1.24431461460934975000E+015   4.64525762361556714392E-018
      5555   1.18759868353941625000E+015   4.72004309122221735400E-018
      5556   9.15024084072630375000E+014   5.12011348822028654612E-018
      5557   7.61075076132159375000E+014   5.24851904241133260090E-018
      5558   7.02435484904360750000E+014   4.55338748933577298313E-018
      5559   8.24619316351185875000E+014   4.04035968749338484181E-018
      5560   8.44736865144514000000E+014   4.26647442433922478965E-018
      5561   8.56438146761525750000E+014   4.67196494842358107447E-018
      5562   8.62964285327677000000E+014   5.81216228104462416902E-018
      5563   7.73051698388277250000E+014   6.49047217990370460363E-018
      5564   7.19535445476543625000E+014   6.07192426096726674230E-018
      5565   5.67734369225604250000E+014   5.60576253487813414180E-018
      5566   6.59693980965334125000E+014   5.17886943081235235951E-018
      5567   5.98910328844567250000E+014   5.02523807770711014230E-018
      5568   6.59755081942946625000E+014   4.99872257664810370876E-018
      5569   5.24308432833324125000E+014   5.88398622184401337299E-018
      5570   5.17352140599973062500E+014   6.02841556220838265505E-018
      5571   4.77679345181227250000E+014   6.19655597327642676623E-018
      5572   7.05714902691857375000E+014   4.55260406015784576831E-018
      5573   7.22026522034440000000E+014   4.74305772144831047463E-018
      5574   7.57117148065011250000E+014   4.95806829470376943765E-018
      5575   7.06929554806280875000E+014   5.20776513312741089888E-018
      5576   7.79395312256371000000E+014   5.03602520605459931155E-018
      5577   7.39830124377869125000E+014   5.61258169191803791196E-018
      5578   6.96682824163219500000E+014   5.88151865763994831364E-018
      5579   7.60638242580291750000E+014   5.34129839954108996048E-018
      5580   7.34004403620958875000E+014   5.09731415722438024698E-018
      5581   7.48587381245518750000E+014   5.14968346336305469490E-018
      5582   6.95338819417305125000E+014   4.96944528155257554516E-018
      5583   5.95680926366899875000E+014   4.51402034730055359298E-018
      5584   5.71610427293687875000E+014   4.39314052847263900976E-018
      5585   5.02986059420219812500E+014   5.15255692202411478541E-018
      5586   4.92381242314356125000E+014   6.37528944986247222430E-018
      5587   4.34226414603904187500E+014   6.48111861589814029474E-018
      5588   4.93754982860914812500E+014   5.48026186372010637911E-018
      5589   7.00952606956482250000E+014   4.51043493041351735104E-018
      5590   7.99386397940141875000E+014   4.65696198372835563056E-018
      5591   8.12988694473058625000E+014   4.88915635521316491358E-018
      5592   9.79868909928423625000E+014   5.05764527177453604163E-018
      5593   9.57002116570950625000E+014   4.99174667317890089029E-018
      5594   8.54365814804293375000E+014   4.51123241932752610414E-018
      5595   6.75375927488849250000E+014   5.30216625624696418217E-018
      5596   5.33773982060361375000E+014   5.97796757831125336183E-018
      5597   5.31048939310724000000E+014   6.27847709783347849234E-018
      5598   5.73633541968004500000E+014   6.92625325956055581031E-018
      5599   5.38795875932623187500E+014   7.26566091474178724688E-018
      5600   5.50348187132762375000E+014   7.29479296331973767491E-018
      5601   6.57708801901816375000E+014   5.93717065767812097175E-018
      5602   7.24164656612741250000E+014   5.12878032907539328125E-018
      5603   7.32839653175328000000E+014   5.70589205786213452321E-018
      5604   7.18407857032403000000E+014   6.43416046142214182678E-018
      5605   7.18318908128130750000E+014   7.05644746106532126529E-018
      5606   8.26699736454503750000E+014   8.17944593828442894590E-018
      5607   8.63293259128336000000E+014   7.32097010807925245143E-018
      5608   9.57652701866619875000E+014   6.11128379478034778049E-018
      5609   1.05618868832338687500E+015   4.77596862931715373506E-018
      5610   1.03873562241608937500E+015   4.27084645079478337502E-018
      5611   9.54126722829880750000E+014   4.48212962063190209920E-018
      5612   1.00090163654950625000E+015   4.77564552917073541232E-018
      5613   1.15415501281156275000E+015   4.58423128181555185936E-018
      5614   1.02913444766490425000E+015   5.66561897124845600295E-018
      5615   8.74909962783907000000E+014   6.43090441879202174083E-018
      5616   9.72465393549049875000E+014   5.90844167432559422260E-018
      5617   1.04733741741397062500E+015   5.75551734032983795741E-018
      5618   1.42020791129760400000E+015   4.66604193119793534334E-018
      5619   1.46536257713336925000E+015   4.53862728001613669198E-018
      5620   1.44876921210467575000E+015   4.35272884257592506771E-018
      5621   1.38240966690103100000E+015   4.75668393158757141562E-018
      5622   1.40916245532001450000E+015   5.08538679315979098845E-018
      5623   1.41713982699380475000E+015   6.00222605395231500334E-018
      5624   1.44235330358934000000E+015   5.95209333790162427483E-018
      5625   1.36447141732538950000E+015   5.18976446810574838995E-018
      5626   1.37400496339431825000E+015   4.19407381783948175140E-018
      5627   1.25546559728520975000E+015   4.08363212729115202557E-018
      5628   1.17884846366416050000E+015   5.06185300369919742406E-018
      5629   1.29909858831683375000E+015   4.62604318438829298042E-018
      5630   1.29172953771275350000E+015   4.53431210912935914568E-018
      5631   1.35983605091794650000E+015   4.27648661335646475977E-018
      5632   1.59669405957300300000E+015   3.67306935871245538586E-018
      5633   1.64797780333078475000E+015   3.65287130873763834029E-018
      5634   1.65351007422785250000E+015   3.76759282547540567910E-018
      5635   1.71450697638271225000E+015   3.46441551917133950272E-018
      5636   1.63988590324759925000E+015   3.53693850950037717676E-018
      5637   1.62290767893630175000E+015   3.58255786672324833244E-018
      5638   1.49707698982169425000E+015   4.36805195951583959478E-018
      5639   1.43465707162578175000E+015   4.72287540173765691673E-018
      5640   1.22882813236942050000E+015   5.31367209444463881132E-018
      5641   1.16904073487263575000E+015   5.19328973136419950985E-018
      5642   1.09257457240991400000E+015   5.79280298349572310178E-018
      5643   9.02126919698517750000E+014   6.84190128129924388138E-018
      5644   9.13286415552045875000E+014   6.77887039091579552070E-018
      5645   9.20147091742009125000E+014   5.96148190995992909918E-018
      5646   9.82823792670179500000E+014   5.13203856713133253284E-018
      5647   1.19195156273657150000E+015   4.88128498144197785565E-018
      5648   1.33698716232029050000E+015   5.27769653200280138522E-018
      5649   1.45927729594028300000E+015   5.80989965263661994319E-018
      5650   1.53329121391370975000E+015   6.39812046986821653756E-018
      5651   1.76486662357918050000E+015   7.72586976424972645423E-018
      5652   1.81066186286267175000E+015   7.89583304249201429974E-018
      5653   1.89701833601690625000E+015   6.87080057872592345920E-018
      5654   2.09849169447789850000E+015   5.84112318129957236374E-018
      5655   2.20960139413854600000E+015   5.14786950774930618560E-018
      5656   2.00787580375395375000E+015   4.26550800767933143236E-018
      5657   1.98320474655336850000E+015   4.67437779286896188673E-018
      5658   1.97699361269693300000E+015   5.10948061290084053988E-018
      5659   2.04154347883310375000E+015   5.23414352856492694571E-018
      5660   2.18667754378489825000E+015   5.84004487119919033162E-018
      5661   1.94188811033623450000E+015   6.00947696752918931138E-018
      5662   1.60715978596242400000E+015   7.76421904727897842769E-018
      5663   1.36492150681124375000E+015   7.87759258610867002910E-018
      5664   1.59976269227156800000E+015   6.47060758953847632410E-018
      5665   1.70209383352711050000E+015   5.63802292419204926165E-018
      5666   1.87576567274605275000E+015   5.25511768625183831317E-018
      5667   2.03574890504016800000E+015   5.05583740551801910671E-018
      5668   2.28036478042614750000E+015   6.54961232959911291150E-018
      5669   2.41695857481509250000E+015   5.79665626458710925973E-018
      5670   2.91999991152476500000E+015   4.98586442507371868632E-018
      5671   3.43488819221242700000E+015   4.17653776890980608289E-018
      5672   3.98756443900712900000E+015   3.69437320357860231200E-018
      5673   5.40165416945945800000E+015   3.45903656884680873439E-018
      5674   5.55877741270857000000E+015   3.89341721312263015163E-018
      5675   6.11660167437151600000E+015   4.11082466678603478880E-018
      5676   7.42788989086424200000E+015   3.87272816602351551815E-018
      5677   9.41650545121648600000E+015   3.59566268855222457916E-018
      5678   9.31287956174441400000E+015   3.30771503826402612249E-018
      5679   9.87416563868526800000E+015   3.12109535843101518812E-018
      5680   1.21784507627031400000E+016   2.77832971016473852579E-018
      5681   1.33026697572785380000E+016   2.58265557316343611194E-018
      5682   1.28808148105994600000E+016   2.66073554062539409619E-018
      5683   1.56347752830296220000E+016   2.46078767553371247619E-018
      5684   2.00137589048453240000E+016   1.92614267608506209957E-018
      5685   2.65543406678571360000E+016   1.44721059762595545882E-018
      5686   3.43693847286799000000E+016   1.30005083255039727473E-018
      5687   5.00919960487234160000E+016   1.18674168159548222055E-018
      5688   5.15116466260743120000E+016   1.23097727660698889539E-018
      5689   5.06882564038963920000E+016   1.20660094332469549238E-018
      5690   4.48320955139538320000E+016   1.41598681824963832373E-018
      5691   3.63670460511751840000E+016   1.39620356635083705333E-018
      5692   4.97069916414896320000E+016   1.23113752083772915885E-018
      5693   4.55466619544792560000E+016   1.47664838948218812409E-018
      5694   4.55401467168402800000E+016   1.34052044564741383457E-018
      5695   6.18899432603552560000E+016   9.65820397692471566909E-019
      5696   9.85527202878766720000E+016   6.87693235963899535086E-019
      5697   1.43119141801686096000E+017   4.08544604043341527348E-019
      5698   8.97710846865896160000E+016   9.59802453299246652982E-019
      5699   1.08320192485681312000E+017   7.90528116286657761485E-019
      5700   1.91381333672652224000E+017   4.61888054634728572966E-019
      5701   2.08060306378978816000E+017   4.25811488653911532830E-019
      5702   1.69917199406805568000E+017   5.80085341977359999436E-019
      5703   1.44976603502480992000E+017   7.08274407746107970731E-019
      5704   2.03747420489304032000E+017   6.15520754081558811902E-019
      5705   1.92758697403821696000E+017   7.97961225366678522482E-019
      5706   1.81873273059766656000E+017   5.79437721918557665276E-019
      5707   1.77246585676516160000E+017   5.51885161430561462688E-019
      5708   8.42196487703879040000E+016   1.35231130252852552774E-018
      5709   1.81021069941723840000E+017   2.58438698500086913513E-019
      5710   4.02974605367552512000E+017   1.01396262553441908262E-019
      5711   2.98785757889966784000E+017   1.45685603466502760037E-019
      5712   2.26600856750401856000E+017   2.36809343033513208395E-019
      5713   1.63122158923376736000E+017   2.88812898903058564721E-019
      5714   4.09166746612353920000E+017   3.56690607800517538921E-019
      5715   4.36442447650814400000E+017   1.66973277016394172859E-019
      5716   2.84148771228835168000E+017   3.10035011642732563879E-019
      5717   4.73132637575457200000E+016   9.04292340291519879071E-019
      5718   2.30779087535453824000E+017   2.38661379676696116262E-019
      5719   4.30876639864720832000E+017   2.03270849170115334494E-019
      5720   3.46654387280542016000E+017   2.84672687967884372336E-019
      5721   3.51261349147388160000E+017   2.48936513396386662237E-019
      5722   3.29983787466057152000E+017   1.88581134236729940681E-019
      5723   2.70799243580423456000E+017   3.63613248065390243301E-019
      5724   2.30076403175532768000E+017   6.58647920583929254724E-019
      5725   2.67477985467000192000E+017   4.24433664809547884595E-019
      5726   2.03703358242476832000E+017   3.63168764596177401549E-019
      5727   2.23778162227591488000E+017   1.01285374229180172868E-018
      5728   1.96754066469010432000E+017   6.53008148531131557369E-019
      5729   2.33393788760983712000E+017   5.80346400356594309148E-019
      5730   2.09933178362594784000E+017   7.98856287384568890202E-019
      5731   1.66757520681409632000E+017   6.62093491587612941530E-019
      5732   2.86839189209025472000E+017   4.78917676087186769058E-019
      5733   1.89921364582313856000E+017   7.82965463615192230188E-019
      5734   9.89960262600826240000E+016   1.01683293898439900229E-018
      5735   1.74972425603460640000E+017   5.39766285222647621916E-019
      5736   1.34583508620135376000E+017   6.74946472773535029376E-019
      5737   7.10178281724763280000E+016   8.94810326278115840967E-019
      5738   7.94814856832148480000E+016   9.25275486675401698638E-019
      5739   6.61534796417427920000E+016   1.23744045673282874827E-018
      5740   7.07547259114384160000E+016   1.12764792011805033376E-018
      5741   6.89609013066896640000E+016   1.23210085716603694627E-018
      5742   5.39188107464795920000E+016   1.34293695438596650697E-018
      5743   5.21887851583866080000E+016   1.34989530233217911607E-018
      5744   3.24874484012736960000E+016   1.87737041165568165495E-018
      5745   2.70143398108112440000E+016   2.14579662556884121040E-018
      5746   3.55947625223121680000E+016   1.60857032732293195601E-018
      5747   3.74610076222002480000E+016   1.34092640090740291663E-018
      5748   3.65656169692653440000E+016   1.60721028848636403078E-018
      5749   2.50215535228716960000E+016   2.16450346129448705470E-018
      5750   2.03298512229808320000E+016   2.07888956924103479711E-018
      5751   1.82241827257275960000E+016   1.91852993661815612310E-018
      5752   1.73023154278545700000E+016   2.06597368707296053302E-018
      5753   1.47952710122081120000E+016   2.25530402003214144798E-018
      5754   1.03152715876511920000E+016   2.79087979502489770351E-018
      5755   1.03168108093700460000E+016   2.95296573475683164396E-018
      5756   9.33539218584910800000E+015   3.06454645477145018180E-018
      5757   9.28378626996388000000E+015   3.04228442280918334905E-018
      5758   8.14762349591819800000E+015   3.51824041132699116261E-018
      5759   7.19990577042986700000E+015   3.36295213790534552738E-018
      5760   6.22582084167047700000E+015   3.19816459577691834922E-018
      5761   5.33875104986838700000E+015   3.05967747346169627515E-018
      5762   4.90280806117943700000E+015   2.94152027097508793655E-018
      5763   4.97411450113595200000E+015   3.15888895610012691436E-018
      5764   5.24695486896462300000E+015   2.83404393586582391099E-018
      5765   4.92887391354226700000E+015   2.83397390630333302418E-018
      5766   5.04363718278841000000E+015   3.07902700406386188354E-018
      5767   4.77561547870340400000E+015   3.12729777946484175095E-018
      5768   4.67028008271645600000E+015   2.94810918599695783330E-018
      5769   4.61748439128069100000E+015   3.08432535849105212753E-018
      5770   4.52358718224960900000E+015   3.61430254642445698553E-018
      5771   4.35387007112370000000E+015   4.07108621051971266480E-018
      5772   3.68743602857726350000E+015   4.10323003280703932592E-018
      5773   3.31282860795923950000E+015   4.05860515583686024859E-018
      5774   3.15043672684314800000E+015   4.26009124353607470548E-018
      5775   3.07518839721464150000E+015   4.31703411114399323970E-018
      5776   2.84754725797880750000E+015   4.50550438757500482132E-018
      5777   2.60417184582136750000E+015   4.69758791964510288659E-018
      5778   2.21399239541471200000E+015   5.02696525374634966502E-018
      5779   2.28446164296084100000E+015   5.21964762197528195345E-018
      5780   2.19719856258508225000E+015   4.98242269485529609636E-018
      5781   2.05396522237705425000E+015   4.61415258381259982187E-018
      5782   1.94928037892330625000E+015   4.48282478091515110620E-018
      5783   2.02289733966992700000E+015   4.09030592484740235595E-018
      5784   2.06187135881922950000E+015   4.31717012026440537207E-018
      5785   2.35609081787792800000E+015   4.25103807096478908404E-018
      5786   2.40713925357687750000E+015   4.16842103543904293134E-018
      5787   2.50860705019443250000E+015   4.25393948534750738498E-018
      5788   2.26623911425943250000E+015   4.83317153277809262169E-018
      5789   2.04208493289143125000E+015   4.80192251850522587494E-018
      5790   1.94355432272160150000E+015   4.53023993504747846581E-018
      5791   1.93723603862313725000E+015   4.22565501742594605481E-018
      5792   1.97485542768931950000E+015   4.14384429457326177843E-018
      5793   1.93184860793600450000E+015   4.15960553874428264327E-018
      5794   1.98057204392861500000E+015   4.03789963960544023878E-018
      5795   2.04123951829060425000E+015   4.00975492765195134401E-018
      5796   2.08282853521869550000E+015   3.97268766350401471557E-018
      5797   2.06008089030490800000E+015   4.25709251950124483876E-018
      5798   2.10575590125184975000E+015   4.16007840591144011429E-018
      5799   2.00493839652044250000E+015   4.13393709011304149698E-018
      5800   1.86491029549348550000E+015   3.99105747730191974206E-018
      5801   1.71284469585581425000E+015   3.98526659143263671228E-018
      5802   1.40642845996439975000E+015   4.01128440428308312928E-018
      5803   1.44057447920760075000E+015   3.94192688157516832680E-018
      5804   1.24395449786219550000E+015   3.87976518325602915437E-018
      5805   1.25144735311277325000E+015   3.87509363317915303637E-018
      5806   1.31116578085840750000E+015   3.78131981629385599546E-018
      5807   1.17761529745479825000E+015   3.82254872899471175196E-018
      5808   1.11008649387136987500E+015   3.88412919472437921882E-018
      5809   1.23942137021958800000E+015   4.25157307679024642813E-018
      5810   1.24719337443629450000E+015   4.43749450386600552450E-018
      5811   1.42280956770548225000E+015   4.69574535227842969549E-018
      5812   1.45778364728668250000E+015   4.98665134565913547898E-018
      5813   1.37134724953586425000E+015   5.46008997590681919878E-018
      5814   1.38659477670468800000E+015   5.85997180058343982663E-018
      5815   1.28451283884164400000E+015   6.25881036080093849236E-018
      5816   1.36431394312438150000E+015   6.46138702984638781949E-018
      5817   1.27735020755040025000E+015   6.14434897576288316457E-018
      5818   1.31294500050148000000E+015   5.93169335131166541475E-018
      5819   1.35559070208450950000E+015   5.79376491702406558534E-018
      5820   1.33608403262184900000E+015   5.62748745806803487433E-018
      5821   1.28722970098441150000E+015   5.43941208520588637998E-018
      5822   1.29704783287003850000E+015   5.09866810781216997729E-018
      5823   1.09456740438533737500E+015   4.98753008633499573912E-018
      5824   1.03991027578841387500E+015   5.71631588301659780261E-018
      5825   1.06519071113331175000E+015   5.64988339681444967594E-018
      5826   1.23449809222339200000E+015   4.78110405894575788417E-018
      5827   1.34506708255837000000E+015   4.30641567641871718197E-018
      5828   1.07917209763084075000E+015   4.78554286014920980099E-018
      5829   7.78046219046407000000E+014   5.24739038365098011989E-018
      5830   7.24725510179824125000E+014   4.89358508955978793375E-018
      5831   8.55580543666961125000E+014   4.23546484049970788162E-018
      5832   9.59344795179522375000E+014   3.78750010028837690607E-018
      5833   8.62894878849579250000E+014   4.15072196158634873195E-018
      5834   8.89951405273803500000E+014   5.34316019781110564202E-018
      5835   8.15724262508684750000E+014   5.89790118830352197366E-018
      5836   7.78519845151376250000E+014   6.25584365203513754396E-018
      5837   6.46110785054552375000E+014   5.90307850066481359192E-018
      5838   6.74283674442128000000E+014   4.93118593452999245306E-018
      5839   5.83629910701391125000E+014   4.88318597955075418819E-018
      5840   6.39872064945081000000E+014   4.89617884547685395056E-018
      5841   5.88496035966780750000E+014   5.59158206473176103303E-018
      5842   5.06968761950140750000E+014   5.94339648880766966165E-018
      5843   4.71977591506267562500E+014   6.24871491360271578320E-018
      5844   6.28419823292318875000E+014   5.19120131993228922368E-018
      5845   8.13396675574124375000E+014   4.17575988718482556419E-018
      5846   7.92070175635415250000E+014   4.65251201946917882289E-018
      5847   7.76010897321147000000E+014   4.96231913713508069686E-018
      5848   5.93517043525594500000E+014   5.40651737386665905733E-018
      5849   7.72875341484365375000E+014   5.40016947034434142681E-018
      5850   7.23792301059402250000E+014   5.69966660049735793220E-018
      5851   7.52165630862323375000E+014   5.28788297314960378360E-018
      5852   7.54319579248287500000E+014   5.42297810413645603639E-018
      5853   7.34126829747460875000E+014   5.00822251440107398988E-018
      5854   7.58554994226846125000E+014   4.64171067225144022935E-018
      5855   7.60459812083754750000E+014   4.26192788614540328651E-018
      5856   5.78231420744440000000E+014   4.40081238470779513907E-018
      5857   5.30228944022643937500E+014   4.79866855669491836203E-018
      5858   4.87171276030417687500E+014   5.87955150380107281077E-018
      5859   4.39018678349250312500E+014   6.57173907173844034033E-018
      5860   5.13891765300040750000E+014   5.91088321746194896515E-018
      5861   5.50350717625527312500E+014   5.13078076819943269300E-018
      5862   6.83307502417688375000E+014   4.50746156819669747372E-018
      5863   8.20858681461083750000E+014   4.68801472615680869483E-018
      5864   9.33578730869158875000E+014   4.99910524084298425128E-018
      5865   9.83379191509807000000E+014   4.96930239790592184648E-018
      5866   8.46845737613185250000E+014   5.36349327486294344135E-018
      5867   8.84200874762788000000E+014   4.48010306162592545358E-018
      5868   6.98472083328308750000E+014   5.44400449957854162116E-018
      5869   5.89686472150286875000E+014   5.76066272278716742378E-018
      5870   5.49787200888455500000E+014   6.24867385341011805869E-018
      5871   5.45705864044544187500E+014   7.01561544811834774860E-018
      5872   5.36067460161140250000E+014   7.53928682252462482527E-018
      5873   6.53650181307969000000E+014   6.92490099489935743252E-018
      5874   6.65510194358710250000E+014   5.94315051118046049633E-018
      5875   7.13548426567112500000E+014   4.97073242569630423945E-018
      5876   7.35729326676941500000E+014   6.11421465931359140203E-018
      5877   6.94025523115246500000E+014   6.83346246578382816239E-018
      5878   7.70208301079707625000E+014   7.69384957716852264697E-018
      5879   8.37973780494220250000E+014   8.00514537390243704815E-018
      5880   9.03629878375880375000E+014   6.93145005449849897721E-018
      5881   1.05856675274571950000E+015   5.22956520748952987577E-018
      5882   1.05295568773038875000E+015   4.30129826448827338015E-018
      5883   1.02794479689726062500E+015   4.37589497553802815862E-018
      5884   1.01680825023521312500E+015   4.41431871445441542402E-018
      5885   1.00529172712901100000E+015   4.86760917821890917135E-018
      5886   1.05087699030083562500E+015   5.25581516532517271553E-018
      5887   9.97176737271362750000E+014   5.91410752968607941927E-018
      5888   8.64691530450808375000E+014   6.46635557254627878287E-018
      5889   9.32665018850431000000E+014   6.10900543581679534050E-018
      5890   1.09122780295306837500E+015   5.68442425781488259711E-018
      5891   1.46331826668138775000E+015   4.51658863288748803900E-018
      5892   1.46584917988394750000E+015   4.61911596791631384050E-018
      5893   1.44972434669537750000E+015   4.44658706365311718964E-018
      5894   1.43802955075889775000E+015   4.77214914888900729869E-018
      5895   1.33213021506624950000E+015   5.58843074333260412329E-018
      5896   1.41064813949548575000E+015   6.02990513186469280606E-018
      5897   1.44133389431788600000E+015   5.43971999503147966106E-018
      5898   1.33395655133400550000E+015   4.83722316579910836168E-018
      5899   1.31637422948198400000E+015   4.03590624795907187948E-018
      5900   1.31510111501805100000E+015   4.16578319540050536391E-018
      5901   1.17598988342508925000E+015   5.12379938634235510522E-018
      5902   1.28529310460949375000E+015   4.69603625370173433696E-018
      5903   1.32740006734307575000E+015   4.42481474310301131559E-018
      5904   1.43212737164806675000E+015   4.14327536716630192738E-018
      5905   1.62312941968092075000E+015   3.65954064828215115769E-018
      5906   1.66443377998229525000E+015   3.55448591798978353518E-018
      5907   1.65623595864224000000E+015   3.82486275113426531387E-018
      5908   1.71506284309010825000E+015   3.60115933360179008734E-018
      5909   1.69290232462838950000E+015   3.73571428266128554034E-018
      5910   1.52497130415481900000E+015   3.99633853770223007097E-018
      5911   1.47788726167640275000E+015   4.47938357653359462532E-018
      5912   1.40020337879013150000E+015   4.84166116260028171183E-018
      5913   1.19124896552534775000E+015   5.43446368297076874800E-018
      5914   1.05065016032013137500E+015   5.93301421969328088730E-018
      5915   9.64022678639841000000E+014   6.49280440041619608414E-018
      5916   8.74657303357209250000E+014   7.08471363716591017120E-018
      5917   9.02182291844433625000E+014   6.52391922483564512564E-018
      5918   9.22315206540161500000E+014   5.76254769994948972914E-018
      5919   1.02174742624531475000E+015   5.60636674891843176795E-018
      5920   1.12864889540314475000E+015   4.92642844710285129012E-018
      5921   1.32476747598349350000E+015   5.50172967486609660352E-018
      5922   1.46076075203459000000E+015   5.90940439110229380176E-018
      5923   1.47689965652512475000E+015   6.30591807375604732631E-018
      5924   1.70805768934780500000E+015   7.61652544491396176614E-018
      5925   1.81263705373886825000E+015   7.89404056486280681088E-018
      5926   1.90246600869277025000E+015   6.82099800129110064353E-018
      5927   2.05223997007402325000E+015   5.81915057454825621185E-018
      5928   2.07240259388116375000E+015   4.63005543142397549598E-018
      5929   1.99186126596124125000E+015   4.19771957770165605447E-018
      5930   2.08273360785494150000E+015   4.60470305126015535435E-018
      5931   1.94556019343537175000E+015   5.14844245088183105831E-018
      5932   2.04079207824211200000E+015   5.07638595278883812605E-018
      5933   2.13234151245636025000E+015   5.62362722514143600752E-018
      5934   1.89755864969593525000E+015   5.98176719095442782922E-018
      5935   1.74795498378096275000E+015   6.77291932370884785414E-018
      5936   1.61468145872244425000E+015   6.05431248124544161286E-018
      5937   1.65270246851292675000E+015   6.05756057851808619397E-018
      5938   1.72812605514774300000E+015   5.93821662703191183443E-018
      5939   1.86262073917827275000E+015   5.12791662261942506859E-018
      5940   2.09853331472487775000E+015   4.91848202766528876327E-018
      5941   2.23124759099435650000E+015   6.14971332998511376785E-018
      5942   2.42497150779490250000E+015   5.79612511848730050947E-018
      5943   2.75617251269995800000E+015   4.94898064343826629853E-018
      5944   3.34948116949099850000E+015   4.33657705774421012048E-018
      5945   4.14916685118531450000E+015   3.76232932911002954199E-018
      5946   6.17913835346984600000E+015   2.94639200751079016020E-018
      5947   5.82280997930335600000E+015   3.79116096882634563142E-018
      5948   6.98808220770389800000E+015   3.61562628828060569386E-018
      5949   7.20497710970991600000E+015   3.82096913311989145514E-018
      5950   1.01499633213532280000E+016   3.31478475619947759346E-018
      5951   1.03926183914848720000E+016   3.00607955841144004147E-018
      5952   1.03650107087333960000E+016   3.03197162615405257428E-018
      5953   1.22181181027914820000E+016   2.68332173089604797055E-018
      5954   1.33481517535537460000E+016   2.49817572344339072498E-018
      5955   1.32428962017037400000E+016   2.55503899152358182741E-018
      5956   1.57326304886235680000E+016   2.49385507269016501321E-018
      5957   1.82131492711316120000E+016   2.13749494416111765542E-018
      5958   2.56311790267592600000E+016   1.52671404365695516799E-018
      5959   3.80735214723220720000E+016   1.15735386455345831408E-018
      5960   5.08806007744319280000E+016   1.05434938541359046820E-018
      5961   5.46632043062449840000E+016   1.18050353325784576989E-018
      5962   6.84345281844061040000E+016   1.04207621302335846728E-018
      5963   6.83209225266173840000E+016   1.03495757866470933056E-018
      5964   5.10722699676480960000E+016   1.25032571218422355166E-018
      5965   5.10359117544159280000E+016   1.17520820244226879373E-018
      5966   5.17246104040394560000E+016   1.26668598416978402643E-018
      5967   4.73371054807342960000E+016   1.29627394586675053308E-018
      5968   4.88380659885453040000E+016   1.24818354943994381923E-018
      5969   8.53308885323388000000E+016   9.10609956173799844905E-019
      5970   1.32758162851157872000E+017   4.67238419355684783194E-019
      5971   1.57093329556258912000E+017   4.02521209183696298641E-019
      5972   5.60900566687999840000E+016   7.83710608825080858585E-019
      5973   1.80588695809569440000E+017   4.41022001553045784806E-019
      5974   2.65871496950738304000E+017   2.10674908711552257165E-019
      5975   2.60319191837977344000E+017   1.73308725035821267672E-019
      5976   2.74234162786904032000E+017   4.20189005282624686320E-019
      5977   2.71211907342337408000E+017   3.81381073994163685513E-019
      5978   1.50413696223515648000E+017   8.01122797722623565359E-019
      5979   1.63513870929742368000E+017   1.01988880660356251307E-018
      5980   2.92158811384333056000E+017   5.25922505114599249633E-019
      5981   2.31244188913860320000E+017   5.08160004174986057789E-019
      5982   3.32814148983389248000E+017   2.13992122618265242210E-019
      5983   5.48432289760707072000E+017   1.22116683862509835636E-019
      5984   2.39723654800319392000E+017   2.09033580010497628046E-019
      5985   3.93732952211224512000E+017   2.33539467771689738446E-019
      5986   2.76572156794667424000E+017   2.62033766429161637912E-019
      5987   3.33908750958745536000E+017   4.16399284193561590140E-019
      5988   3.41583530189806464000E+017   2.33771044548539473477E-019
      5989   3.10868183393980736000E+017   3.04111974074115046312E-019
      5990   3.08135292717887424000E+017   5.35473543322098891189E-019
      5991   2.38189037648262112000E+017   4.00569968090895288311E-019
      5992   1.12655629089665360000E+017   7.19983826721788671154E-019
      5993   4.11590561627419776000E+017   6.44048947398227000373E-019
      5994   2.14564698083710944000E+017   6.21724963667408018620E-019
      5995   3.34247113861645440000E+017   4.11570710475578197949E-019
      5996   3.30716731043159360000E+017   5.14198141834055961676E-019
      5997   1.52466426611431360000E+017   9.11852646832936147836E-019
      5998   3.61054361337156544000E+017   2.80996707240817334917E-019
      5999   1.64713331168862496000E+017   8.14734421953816285676E-019
      6000   9.83074540773665920000E+016   9.77651353916771960663E-019
      6001   1.61582210013962752000E+017   7.48523363350914175462E-019
      6002   1.77618432182701376000E+017   6.24949021283222149891E-019
      6003   8.28699392404117760000E+016   7.78184767353853265821E-019
      6004   9.27837181850096480000E+016   7.42135581877213208963E-019
      6005   6.54696178843138560000E+016   1.05723490992995793006E-018
      6006   8.05704449900709280000E+016   9.80431624374236631792E-019
      6007   8.40878761009798720000E+016   9.47521420381575641751E-019
      6008   6.75912928036933600000E+016   1.23999829715862571958E-018
      6009   5.74026454855143120000E+016   1.29399364731529270476E-018
      6010   4.08295295734718160000E+016   1.71888990054745194054E-018
      6011   2.36532926361220080000E+016   2.16128668924690787882E-018
      6012   4.05212038727384640000E+016   1.54330908291950854076E-018
      6013   4.26422809058214160000E+016   1.42530901815679629577E-018
      6014   4.35853210689907840000E+016   1.46539748564266140769E-018
      6015   2.79625986335232160000E+016   2.07760917267373221001E-018
      6016   2.06509425274209920000E+016   2.00887515077846345801E-018
      6017   1.94183968998222480000E+016   1.91240945323686895164E-018
      6018   2.02420948520840120000E+016   1.88054920348348817947E-018
      6019   1.71451439961052160000E+016   2.21779034963527165240E-018
      6020   1.39108386974329440000E+016   2.49000999070656947050E-018
      6021   9.77904769730255600000E+015   2.85972130186915288230E-018
      6022   9.59582239164142200000E+015   2.95871300875844386053E-018
      6023   9.78264938235178400000E+015   2.85843299007073741210E-018
      6024   8.99503565354678800000E+015   3.02041205443177073905E-018
      6025   8.21809052762106100000E+015   3.08996793251033486622E-018
      6026   6.72538597298639900000E+015   3.17509042928968178717E-018
      6027   6.31312805897053900000E+015   3.03058379199309294528E-018
      6028   5.01717313167910500000E+015   2.90322224409053241618E-018
      6029   4.95107167545708200000E+015   2.77354940435182705601E-018
      6030   4.77620309893795600000E+015   2.75099138444906260052E-018
      6031   5.06903122964981400000E+015   2.74193608527989923066E-018
      6032   4.95081755755436200000E+015   2.84003457578477556356E-018
      6033   4.91465644407123200000E+015   3.05258170198954694809E-018
      6034   4.63328329648641500000E+015   2.96251229380390264570E-018
      6035   3.95658221809247300000E+015   3.29927485995959914563E-018
      6036   4.35846302445271400000E+015   3.48973943314254759330E-018
      6037   4.36506334811963450000E+015   3.79861624384833720203E-018
      6038   4.16471342079302800000E+015   4.26801235318222806332E-018
      6039   3.52502881605675450000E+015   4.16499996011845572110E-018
      6040   3.23998943298498550000E+015   3.99145329176141271035E-018
      6041   3.05473939926211100000E+015   4.23683746827323066442E-018
      6042   2.88738199068101150000E+015   4.15792231018712918729E-018
      6043   2.77486515623632600000E+015   4.54809526493526402976E-018
      6044   2.47999250497969250000E+015   4.86248661773689516068E-018
      6045   2.27736039231806800000E+015   4.94764026576611373129E-018
      6046   2.31872497876906750000E+015   5.18309201948456221853E-018
      6047   2.20973083953025450000E+015   4.54012807559354266568E-018
      6048   2.02436186582695100000E+015   4.58690555182643838378E-018
      6049   1.95808769396227400000E+015   4.18134552909861936222E-018
      6050   1.99838716568597650000E+015   4.29443353341025908990E-018
      6051   2.06912748849971500000E+015   4.19329003314915794359E-018
      6052   2.46352704575702150000E+015   4.18741826814990881594E-018
      6053   2.29873153475118000000E+015   4.16621478861145215836E-018
      6054   2.38676948474177100000E+015   4.47428186330142652288E-018
      6055   2.16855084955288875000E+015   4.76162177072782942959E-018
      6056   1.98979474421829425000E+015   4.79396765698942586282E-018
      6057   1.90685886284948950000E+015   4.48161426588771917828E-018
      6058   1.93519543931774725000E+015   4.18041522493602973403E-018
      6059   1.98437881802735375000E+015   4.14692990951385070264E-018
      6060   1.92208026384629975000E+015   4.15967013393387945748E-018
      6061   2.04579540557022050000E+015   3.90131452961344476387E-018
      6062   2.05697645700876475000E+015   3.97792962211414017225E-018
      6063   2.20316553017570100000E+015   4.09793728041344471265E-018
      6064   1.96922898086161575000E+015   4.27415392575607478718E-018
      6065   1.97366993704827575000E+015   4.24109031030253465661E-018
      6066   1.96169989966073500000E+015   4.17885778226074442263E-018
      6067   1.77339113336803050000E+015   4.06417222942329704613E-018
      6068   1.62432939559919375000E+015   4.22465831381494482584E-018
      6069   1.41159461344957825000E+015   3.97494648566686261634E-018
      6070   1.39279738467137450000E+015   3.94998089086308344649E-018
      6071   1.28528089362069125000E+015   3.80776370917233614870E-018
      6072   1.13421964614255700000E+015   3.64346826997312881789E-018
      6073   1.20554722909840225000E+015   3.77488067884317440129E-018
      6074   1.11570398687410312500E+015   3.85000571658209966175E-018
      6075   1.12447477969339000000E+015   3.87924476747065002279E-018
      6076   1.21349230523450300000E+015   4.25103708488473020144E-018
      6077   1.36513673030648050000E+015   4.48789943920575493911E-018
      6078   1.54998130183665950000E+015   4.61695546303383192631E-018
      6079   1.37695003688276525000E+015   5.11931891493839830932E-018
      6080   1.41206368172515125000E+015   5.66191865917115817390E-018
      6081   1.37655922101543775000E+015   5.96199305411879079306E-018
      6082   1.36135747924169400000E+015   6.53276337599488030965E-018
      6083   1.38283728844183600000E+015   6.45070721094903614234E-018
      6084   1.31393226060469950000E+015   6.09635305142601343053E-018
      6085   1.36963151601337525000E+015   5.99712613096700936997E-018
      6086   1.29817928405006250000E+015   5.94271655684032983248E-018
      6087   1.36141335792803400000E+015   5.51852808706944365357E-018
      6088   1.31908106408524025000E+015   5.31466911577040345723E-018
      6089   1.19831130236617900000E+015   5.17350996504759935169E-018
      6090   1.06424199350195612500E+015   5.38527496836560614071E-018
      6091   1.05118265887067275000E+015   5.64788669122917050185E-018
      6092   1.04868452481479625000E+015   5.68156303054025712604E-018
      6093   1.27104412831849350000E+015   4.55886465416442667274E-018
      6094   1.32454955424525800000E+015   4.25736056500501149605E-018
      6095   9.80978725464135375000E+014   5.09151154500287682795E-018
      6096   7.50476806464144500000E+014   5.21129171034086533983E-018
      6097   7.04608826562631625000E+014   4.62124041961934391108E-018
      6098   9.11109863537202875000E+014   3.80578907710323192257E-018
      6099   8.55784147353925375000E+014   4.18430994353152822678E-018
      6100   8.61567622379053375000E+014   4.27556433001057391945E-018
      6101   8.90397508139560250000E+014   5.43931977046181543774E-018
      6102   8.48133975122876875000E+014   6.21412366029661453139E-018
      6103   7.87731231308279750000E+014   6.06526291039650988715E-018
      6104   6.30647841880853125000E+014   5.69842914926470613051E-018
      6105   6.42298742605787125000E+014   4.77255188216721244231E-018
      6106   6.29750553580875125000E+014   4.49088515316919087902E-018
      6107   6.87657177599170750000E+014   4.67516597250336106841E-018
      6108   5.54990762965546562500E+014   5.34962088211076989814E-018
      6109   5.17765124187603125000E+014   6.00522307126620008559E-018
      6110   4.80318409197580062500E+014   6.19262529755621551516E-018
      6111   6.60410269810951375000E+014   4.90506654204898831182E-018
      6112   8.11534568667939625000E+014   4.40136378075651025245E-018
      6113   7.96064497417478875000E+014   4.52823420568846590365E-018
      6114   7.29068514616492625000E+014   5.05798472649515641842E-018
      6115   8.15825659367337125000E+014   4.75983286254657627627E-018
      6116   7.84716744329981000000E+014   5.33865292503881736196E-018
      6117   7.38238282624772000000E+014   5.51635887195634276779E-018
      6118   7.50919745139532750000E+014   5.26683174994653606250E-018
      6119   7.37253171442740125000E+014   5.12062707261753699333E-018
      6120   7.38260811443667000000E+014   4.85946519120638763676E-018
      6121   7.24513431980777500000E+014   5.00185437675072970287E-018
      6122   7.64273254942259625000E+014   4.02734915389747586785E-018
      6123   5.88044038489409125000E+014   4.35709797472792716485E-018
      6124   5.18985728294329875000E+014   4.93446139810712835641E-018
      6125   4.89912781119849937500E+014   5.90888365544877283426E-018
      6126   4.06538443433894000000E+014   6.47557051026647328503E-018
      6127   5.76379343744969250000E+014   5.60072473252778061274E-018
      6128   6.61981804436825625000E+014   4.88427347724484507875E-018
      6129   6.93901441942802625000E+014   4.46587941121237030496E-018
      6130   8.02160479826095625000E+014   4.82536844654307237164E-018
      6131   9.49356676506708750000E+014   5.01159513163180402668E-018
      6132   9.59800659397023500000E+014   5.24013856439151174558E-018
      6133   9.23822306806087250000E+014   4.77323392448071593285E-018
      6134   7.70595072855660000000E+014   4.84201686053400832060E-018
      6135   7.09227324094687000000E+014   5.40706948914710104347E-018
      6136   5.56184043989635875000E+014   6.29460740325017026405E-018
      6137   5.39088113144682437500E+014   6.58998701377945460941E-018
      6138   5.49879703237871437500E+014   7.02618872603065488018E-018
      6139   5.65258853672876750000E+014   7.31140708754839099497E-018
      6140   6.74832718219595000000E+014   6.69460375981282481349E-018
      6141   6.80770721798600250000E+014   5.61484689426339589904E-018
      6142   7.28434955686491750000E+014   4.72996144416363682760E-018
      6143   7.35154025011703875000E+014   6.20227954458357618421E-018
      6144   7.10154336124179875000E+014   6.91637487097368569402E-018
      6145   7.40574070762226750000E+014   8.22007985880444014143E-018
      6146   8.76627488774771875000E+014   7.88095139475880126093E-018
      6147   9.26060305813962375000E+014   6.71363343736460596450E-018
      6148   9.91886316535273500000E+014   5.00983327807108804343E-018
      6149   1.02740135083042800000E+015   4.48718144080762406039E-018
      6150   1.02041728266716087500E+015   4.45510507808427980992E-018
      6151   1.01807677110102225000E+015   4.42001536459916053291E-018
      6152   1.07543849236708437500E+015   4.66319640088316185552E-018
      6153   1.03488335220604150000E+015   5.23252794494806742962E-018
      6154   9.33699925236249250000E+014   6.01398767580590386062E-018
      6155   8.78019389105653125000E+014   6.30984873351108511783E-018
      6156   9.29819550500596375000E+014   6.09565233518057081728E-018
      6157   1.20646055159296875000E+015   5.35197940943905591010E-018
      6158   1.47816062026209825000E+015   4.45755892090759236272E-018
      6159   1.55008868250897550000E+015   4.67047763119212001041E-018
      6160   1.49951255795348200000E+015   4.46404903437641762841E-018
      6161   1.43526231506558750000E+015   4.79655782121336259611E-018
      6162   1.32942800141115425000E+015   5.33885282339146526614E-018
      6163   1.39737952015496700000E+015   6.02627343233930298353E-018
      6164   1.32117726408660725000E+015   5.37117341166071288249E-018
      6165   1.32473301455295525000E+015   4.97351947198519911269E-018
      6166   1.30706951081812750000E+015   4.02860709728466484762E-018
      6167   1.27099210030567525000E+015   4.51552629151028401811E-018
      6168   1.13992102313532025000E+015   5.17713821046710181152E-018
      6169   1.25485638434503950000E+015   4.73327551580820987811E-018
      6170   1.42515026095346675000E+015   4.52056265483084869407E-018
      6171   1.57955773861727350000E+015   3.87387486011790674379E-018
      6172   1.63287192937791300000E+015   3.70272077810108264560E-018
      6173   1.66410732785775650000E+015   3.59129466358979746757E-018
      6174   1.65055698503206050000E+015   3.88023418390286412112E-018
      6175   1.69969481512951650000E+015   3.63738918557371508589E-018
      6176   1.67790711314102650000E+015   3.80905989523901784764E-018
      6177   1.53186082240261950000E+015   4.26180671857692463612E-018
      6178   1.44231969716415600000E+015   4.67950647243143636351E-018
      6179   1.32314679484822075000E+015   4.70069444289707881310E-018
      6180   1.17555639959078675000E+015   5.47259555474955563443E-018
      6181   1.03352162410280062500E+015   5.97670556633719356874E-018
      6182   9.54076195810218000000E+014   6.52753693224037324531E-018
      6183   9.29327376145598500000E+014   6.62867957869356995471E-018
      6184   9.33516484802175750000E+014   6.08500611934529930677E-018
      6185   9.37801226555264500000E+014   5.25828557519641254604E-018
      6186   1.09930607773604700000E+015   4.86756004609312081898E-018
      6187   1.26907439376781000000E+015   4.96909106619162043472E-018
      6188   1.39871569962718400000E+015   5.03277624186573583186E-018
      6189   1.46545681402782000000E+015   6.09518142078249497792E-018
      6190   1.54974239826605375000E+015   6.94053295670984827540E-018
      6191   1.78708343379315125000E+015   7.73973001394621928051E-018
      6192   1.89277247461099975000E+015   7.62155323107448698953E-018
      6193   1.94007831613406800000E+015   6.63007454334056509275E-018
      6194   2.02316807024709275000E+015   4.97228857496071359892E-018
      6195   2.06202202438621175000E+015   4.37687633662648831711E-018
      6196   1.96995474039951500000E+015   4.07743589457607137262E-018
      6197   1.79684835422846950000E+015   4.63036955423285284589E-018
      6198   1.86778865429288025000E+015   5.04812928586764038704E-018
      6199   1.94652396083496125000E+015   5.22436493621376015912E-018
      6200   1.91232451834332150000E+015   5.52988395498273979433E-018
      6201   1.87536267142589175000E+015   5.46746601151145355391E-018
      6202   1.69170763397581925000E+015   5.81556243236145196067E-018
      6203   1.72383916332718900000E+015   5.22661374833180436844E-018
      6204   1.73697355999609475000E+015   5.26786746863626396577E-018
      6205   1.77663605794367250000E+015   5.39008220094407535874E-018
      6206   1.91773721026684400000E+015   5.08559686524794193285E-018
      6207   2.18429347154573625000E+015   6.31570409069322880357E-018
      6208   2.41858732225343600000E+015   6.41636761729325248134E-018
      6209   2.56933808954117900000E+015   6.05263579419450426804E-018
      6210   3.07824245356496900000E+015   5.08570053080912710128E-018
      6211   3.92992992657745000000E+015   4.43598052481638657797E-018
      6212   4.43500348656902900000E+015   3.63998880849290405069E-018
      6213   6.36684349258116500000E+015   2.89724882442396888124E-018
      6214   6.50242082214234500000E+015   3.24135536874058166474E-018
      6215   6.46592971059910600000E+015   3.57011282820692164333E-018
      6216   7.98821421203009600000E+015   3.46780212643498466407E-018
      6217   1.10889797323991880000E+016   3.03649277768559776146E-018
      6218   1.14698528361845440000E+016   2.74852068987795327581E-018
      6219   1.21327945202503740000E+016   2.71023271279737578237E-018
      6220   1.34585524949369400000E+016   2.53845983396580857567E-018
      6221   1.48942767083575560000E+016   2.36097681451075699826E-018
      6222   1.39246152343988660000E+016   2.46661384303540157253E-018
      6223   1.56089595391832580000E+016   2.41170112356325247830E-018
      6224   2.05246545707251200000E+016   2.04686066834273680174E-018
      6225   2.98848210652123280000E+016   1.49250771266917239875E-018
      6226   4.36095864895217920000E+016   9.75811924934393422214E-019
      6227   5.00482465482163680000E+016   9.59652726229520640443E-019
      6228   5.91874512145144880000E+016   1.10617941396223607200E-018
      6229   7.95495249511928000000E+016   1.02198285201124729969E-018
      6230   8.18115057097948800000E+016   9.75126838443553649659E-019
      6231   6.86463714472277520000E+016   9.33539738135672510833E-019
      6232   5.43206532185169040000E+016   1.14166309710831946296E-018
      6233   5.35600881034455760000E+016   1.15283498593595166095E-018
      6234   4.49156407970001520000E+016   1.30300228293340125875E-018
      6235   4.17066092707907520000E+016   1.36021127140748650766E-018
      6236   7.14622083912709040000E+016   1.23001084794855352531E-018
      6237   1.24086178202822080000E+017   4.69686939513444311621E-019
      6238   1.83264733706824608000E+017   5.49478584953964446746E-019
      6239   7.51674391225472640000E+016   9.68427647915480979162E-019
      6240   2.72268049808176448000E+017   2.92560421522937383939E-019
      6241   3.37881157553064512000E+017   3.11278726482313549743E-019
      6242   1.63829557950299552000E+017   6.66402394409833084268E-019
      6243   2.58261083247596096000E+017   3.27582418588025070873E-019
      6244   3.59208294775189568000E+017   1.48820115563779754042E-019
      6245   2.43115804259429920000E+017   4.80570669914398416753E-019
      6246   1.95010043678977952000E+017   9.47124929508347540638E-019
      6247   3.14995481868967040000E+017   2.30049724423228133818E-019
      6248   1.21180746788562448000E+017   7.78430207143332215528E-019
      6249   2.86929093902150048000E+017   2.35863569188144470810E-019
      6250   1.05610595895508262400E+018   1.05728089487823036972E-019
      6251   4.75378098938701440000E+017   2.82598519479556065475E-019
      6252   4.58327268212954112000E+017   2.21377370601537073339E-019
      6253   4.75775590732657536000E+017   2.37303161950175848873E-019
      6254   2.79426417518586336000E+017   4.39270333651209564407E-019
      6255   4.83372835439224768000E+017   3.82714456565049980197E-019
      6256   2.64293530378905760000E+017   3.09950328981582325890E-019
      6257   3.07382026244175296000E+017   7.69145622829290025649E-019
      6258   2.99239113994789056000E+017   5.31696580744396062923E-019
      6259   2.05325038641664000000E+017   6.80262939563158271421E-019
      6260   3.72393200403385152000E+017   3.23589251009602815792E-019
      6261   2.81242399132898464000E+017   5.89036066178883186961E-019
      6262   1.44732634855440160000E+017   7.64279076335098564980E-019
      6263   2.16848771937274176000E+017   6.50189644419867473298E-019
      6264   1.78994528175322816000E+017   5.92323971702793052225E-019
      6265   1.07270961278569552000E+017   5.92301081846325169611E-019
      6266   1.09278922185465840000E+017   6.40497545400820997649E-019
      6267   6.92119396000146640000E+016   1.01517518097631355911E-018
      6268   9.01771746987683840000E+016   8.27384069581899691179E-019
      6269   1.06499651353407856000E+017   8.04018935800845144835E-019
      6270   7.80069011942959680000E+016   1.05930896077680258485E-018
      6271   6.05377159704219040000E+016   1.17852326770971753163E-018
      6272   6.56789458148947120000E+016   1.36329587929246373184E-018
      6273   4.19305895659118160000E+016   1.89317512180829465957E-018
      6274   5.16746202619259520000E+016   1.35842224992599878994E-018
      6275   5.76484978825287840000E+016   1.23583726505158443818E-018
      6276   4.90415066393737920000E+016   1.55156357941343420976E-018
      6277   3.61686382187557040000E+016   1.94847014867622084082E-018
      6278   2.37224253409377880000E+016   1.94746582314981796292E-018
      6279   1.98241762247883920000E+016   1.96546536250333258993E-018
      6280   2.26566836894109120000E+016   1.88002492131024661259E-018
      6281   1.95830590266053880000E+016   2.06715436293470313254E-018
      6282   1.30588306907186320000E+016   2.56558304667912254091E-018
      6283   9.64197417136970000000E+015   2.75775948419616805257E-018
      6284   9.32011417924173400000E+015   2.92118407533891970097E-018
      6285   9.58816338653165000000E+015   2.76345123502603978607E-018
      6286   9.27785228823099200000E+015   2.72050844169414878276E-018
      6287   8.59574849593886200000E+015   2.92776123741000834750E-018
      6288   7.40095793999138400000E+015   2.89471794019572539409E-018
      6289   6.56118698477262500000E+015   2.84725480105701835181E-018
      6290   5.26200488475503900000E+015   2.81242128422053279184E-018
      6291   5.21078917594704100000E+015   2.62054139964943084111E-018
      6292   4.78860935929886600000E+015   2.71152788926994512171E-018
      6293   5.07805155438064400000E+015   2.64125486594774353013E-018
      6294   4.95834573063465800000E+015   2.74883407157132801829E-018
      6295   4.79455911522220800000E+015   3.05026888588153946520E-018
      6296   4.42917893274515600000E+015   3.08442621264757964332E-018
      6297   3.93756754371229200000E+015   3.24169136673388597958E-018
      6298   3.85830839401708500000E+015   3.37392755262231779125E-018
      6299   4.10745005110322950000E+015   3.81856988844668004962E-018
      6300   4.22178573334255400000E+015   4.13186957216231992168E-018
      6301   3.55882530510319650000E+015   4.07058053130554675765E-018
      6302   3.27609617173938450000E+015   3.95530405070969887031E-018
      6303   3.02790938167393400000E+015   3.95149317190256926518E-018
      6304   2.85397486308393800000E+015   4.10422628925841789510E-018
      6305   2.84758372561049100000E+015   4.14581333316066276554E-018
      6306   2.62768847290674250000E+015   4.74852972032418858103E-018
      6307   2.28204843337343200000E+015   4.94823550231282768865E-018
      6308   2.36577424284278450000E+015   5.02124468361065260448E-018
      6309   2.35672280304741350000E+015   4.98520426427460766451E-018
      6310   2.17401973106876925000E+015   4.47712595551702127709E-018
      6311   1.90114361560304700000E+015   4.22718556054889193920E-018
      6312   1.98494825587102975000E+015   4.10426538728734324536E-018
      6313   2.03149592215500350000E+015   4.45666435680676499003E-018
      6314   2.39947052952915850000E+015   4.25289755702441943954E-018
      6315   2.38016192496311350000E+015   4.28288818172260078249E-018
      6316   2.26477394004854100000E+015   4.23260977440907546659E-018
      6317   2.12463343193978225000E+015   4.54261613223468807042E-018
      6318   2.00756555571299950000E+015   4.80563818960505434250E-018
      6319   1.89532609250345700000E+015   4.54849899958548808125E-018
      6320   1.92043339615024850000E+015   4.23412297608929393956E-018
      6321   1.93888259350128200000E+015   4.14419671189212523650E-018
      6322   1.96146838427758475000E+015   4.15819129006599268161E-018
      6323   1.78552425212128600000E+015   4.20849930686944600270E-018
      6324   2.03527974783067425000E+015   3.89244848075118955571E-018
      6325   2.01316311274512000000E+015   4.02630705835752809036E-018
      6326   1.81783592573532125000E+015   4.54420713006298617857E-018
      6327   1.89506115300067275000E+015   4.25710269917129762441E-018
      6328   1.91313455515254100000E+015   4.21690122076023580090E-018
      6329   1.94355555000283925000E+015   4.36181867038537319016E-018
      6330   1.71000668780631675000E+015   4.10511860159089331357E-018
      6331   1.57261864305231850000E+015   4.21840488315339779830E-018
      6332   1.40326342422708700000E+015   4.01099669644830236877E-018
      6333   1.37743960797382800000E+015   3.85145064945560895408E-018
      6334   1.15623561081977350000E+015   3.66269732872301968711E-018
      6335   1.20984433580865725000E+015   3.51636905644558211747E-018
      6336   1.23999184064601625000E+015   3.66444287726235137884E-018
      6337   1.12401708447424475000E+015   3.71612396455828647706E-018
      6338   1.14564724933977950000E+015   3.89313608407492160006E-018
      6339   1.24187728549289150000E+015   4.23357076598190553361E-018
      6340   1.38609748901143275000E+015   4.22995717434678963721E-018
      6341   1.54769544895221400000E+015   4.66276599452641078573E-018
      6342   1.39854755523491075000E+015   5.25035832874436612309E-018
      6343   1.41216828692722900000E+015   5.72194736352328807102E-018
      6344   1.25855316834833750000E+015   6.06272688962813500121E-018
      6345   1.30606819140638325000E+015   6.33880415941172144817E-018
      6346   1.36332067411516950000E+015   6.34625142500313979550E-018
      6347   1.33260420337592925000E+015   5.94240758041172773138E-018
      6348   1.37386838773146800000E+015   5.96344503291089926260E-018
      6349   1.30660026649937800000E+015   5.88465579082165711926E-018
      6350   1.35586749268574650000E+015   5.75192298098825085948E-018
      6351   1.29271594591690150000E+015   5.30174301557556695382E-018
      6352   1.22324250747062225000E+015   4.82905859839402619183E-018
      6353   9.82804169378241750000E+014   5.80610591352091720933E-018
      6354   1.05155311375315125000E+015   5.76329880359085134734E-018
      6355   1.11353645959405787500E+015   5.42270851055108792223E-018
      6356   1.22501360589456100000E+015   4.75805909667313065191E-018
      6357   1.17707683378313900000E+015   4.52059731766375281794E-018
      6358   8.83339351808766375000E+014   5.16362150923327746173E-018
      6359   7.41602845193724125000E+014   5.26441492876062161545E-018
      6360   7.26713481688604875000E+014   4.47974487925368088995E-018
      6361   9.22936464707492125000E+014   3.83607668801458427747E-018
      6362   8.15663593023813875000E+014   4.26841348771517534385E-018
      6363   8.00772710519815125000E+014   4.83083340909277202655E-018
      6364   8.99400984226214750000E+014   5.79764798215861441385E-018
      6365   8.13753729197865000000E+014   6.38494231027504561179E-018
      6366   6.55109415597760250000E+014   6.25997596203493954805E-018
      6367   5.31932955221796625000E+014   5.25555734261591226028E-018
      6368   6.60868666687610375000E+014   4.99544625404937918642E-018
      6369   7.43375323042018000000E+014   4.34842026270779926640E-018
      6370   7.01635886196025625000E+014   4.42465400841611140208E-018
      6371   5.09453308638964125000E+014   5.38072535870954538105E-018
      6372   6.09549314385759375000E+014   5.60963947869484580627E-018
      6373   4.92996574962741062500E+014   6.09630075810362419050E-018
      6374   7.48339060198274375000E+014   4.13961011953932895428E-018
      6375   8.42072505143040750000E+014   4.16578455707490045909E-018
      6376   8.13212058053128750000E+014   4.52028198018570923324E-018
      6377   7.22180909150286625000E+014   5.16885273409148109035E-018
      6378   9.00038475205600750000E+014   4.77428289049938014999E-018
      6379   6.59098805015271250000E+014   5.62205900835101510930E-018
      6380   7.20015117215556125000E+014   5.52844989871641199819E-018
      6381   7.49556920653207000000E+014   5.39365753928970116854E-018
      6382   7.39808824234376250000E+014   5.03396494757534305543E-018
      6383   7.19899918891321875000E+014   4.93356855491689054532E-018
      6384   7.37048947036472500000E+014   4.69107645821054915936E-018
      6385   7.60701870652313750000E+014   3.92429160360373918127E-018
      6386   5.82258087085325500000E+014   4.38776340299230689799E-018
      6387   5.08347964014407625000E+014   5.38338755360072973725E-018
      6388   4.54743738271685812500E+014   6.01949017597999408227E-018
      6389   4.14683665429024875000E+014   6.43681740334749947629E-018
      6390   5.85995760317720500000E+014   5.51301609024551089687E-018
      6391   5.96026782143554625000E+014   4.59741418344375175840E-018
      6392   7.38009980238536875000E+014   4.48749291913680656585E-018
      6393   8.16084436354389875000E+014   4.61240457470739986714E-018
      6394   9.73116903471048875000E+014   4.91256833735760774681E-018
      6395   9.47921601777858375000E+014   5.21112751423384449133E-018
      6396   8.00717916686897000000E+014   4.61541620207156882438E-018
      6397   7.84469740325053500000E+014   4.93084715029984495389E-018
      6398   7.06613844390499000000E+014   5.46791100049425604829E-018
      6399   5.53683915403905062500E+014   6.40820494615761873789E-018
      6400   5.54855688283509437500E+014   6.81933928512467592468E-018
      6401   5.62901815797311312500E+014   7.23649406220786212255E-018
      6402   5.64637623012165750000E+014   7.25744932031892456770E-018
      6403   6.27119226655130750000E+014   6.17739822247898306861E-018
      6404   6.88844805384887625000E+014   5.32412700601584628800E-018
      6405   7.33920469449644625000E+014   4.77392244151250998866E-018
      6406   7.38058288159267250000E+014   6.18961808562145374119E-018
      6407   7.50881675930154000000E+014   7.36148343617817609599E-018
      6408   7.53384972249602875000E+014   8.21673458017300121984E-018
      6409   9.58089607844288625000E+014   7.30225548025261232446E-018
      6410   9.48693800135255500000E+014   6.11969720126359401975E-018
      6411   9.98874102483802750000E+014   4.99483711438959931501E-018
      6412   1.02372362452679800000E+015   4.43006612019940448534E-018
      6413   1.00689853867352350000E+015   4.33233867676022725192E-018
      6414   9.83516867001336500000E+014   4.75440483898877896840E-018
      6415   1.04592531617395612500E+015   4.62832411899276741765E-018
      6416   9.76489837861585500000E+014   5.45206422140082142081E-018
      6417   9.21590413192578875000E+014   6.03376387429566962868E-018
      6418   8.95094029289598000000E+014   6.29399433035017851406E-018
      6419   9.39155972488576000000E+014   6.05545665087040878119E-018
      6420   1.21768158298062625000E+015   5.29568969386798932512E-018
      6421   1.51559328489690900000E+015   4.37831345070911294190E-018
      6422   1.54893229380717975000E+015   4.65454306626970167159E-018
      6423   1.49469334580679550000E+015   4.38287938851738184083E-018
      6424   1.40124510745303200000E+015   5.06626267302644481216E-018
      6425   1.34081517547435675000E+015   5.75463845553160095566E-018
      6426   1.29612211804119325000E+015   5.62582046145734369798E-018
      6427   1.31767277060023650000E+015   5.32917296431267548714E-018
      6428   1.27398728754264500000E+015   5.19694390593763443392E-018
      6429   1.29837949577772775000E+015   4.02630046424315273057E-018
      6430   1.29058591363807400000E+015   4.47340726870639918235E-018
      6431   1.13867235791290550000E+015   5.20137297136953220571E-018
      6432   1.25715138256990950000E+015   4.77006200064345609344E-018
      6433   1.42087647482686100000E+015   4.55867045528545877512E-018
      6434   1.58904565079066875000E+015   3.89860457239523699089E-018
      6435   1.66170615107270625000E+015   3.99932283911827362823E-018
      6436   1.65836026213679300000E+015   3.63494548107419299032E-018
      6437   1.63888368735334175000E+015   3.93863551410386730788E-018
      6438   1.69032618767214775000E+015   3.74788596119587718676E-018
      6439   1.54412794220982100000E+015   4.07661797444577312269E-018
      6440   1.50599644381955175000E+015   4.43704524814497376572E-018
      6441   1.41826631262615575000E+015   4.79228388212011243524E-018
      6442   1.30768645492133950000E+015   4.72538967633092657922E-018
      6443   1.18525250039879225000E+015   5.15819399176999354452E-018
      6444   1.05318775000656737500E+015   5.97692049888681033184E-018
      6445   9.48907879491979125000E+014   6.53054160410977756173E-018
      6446   9.36481683841842625000E+014   6.56520810746454229738E-018
      6447   9.38123151505624750000E+014   6.02925656917105624536E-018
      6448   9.41020341669054000000E+014   5.23387160923855961457E-018
      6449   1.10048874234328562500E+015   4.89364322369390005316E-018
      6450   1.26724807590424725000E+015   5.02033218268231296961E-018
      6451   1.39945364809215050000E+015   5.04840142115382483781E-018
      6452   1.45570202940768725000E+015   5.89002141750900133401E-018
      6453   1.58167602286577375000E+015   7.16894671767982053770E-018
      6454   1.73403985093968975000E+015   7.39292839323735785516E-018
      6455   1.84157052329364100000E+015   7.69709475305017182179E-018
      6456   1.90576377305110950000E+015   6.72365970111062648857E-018
      6457   1.97117554929679425000E+015   5.07396049301208458414E-018
      6458   2.12867093467178475000E+015   4.03607494588292501825E-018
      6459   2.07075663549125650000E+015   4.11041006756684001816E-018
      6460   1.78174872777315650000E+015   4.62635816800147982453E-018
      6461   1.82396711146172650000E+015   5.11386886474459000249E-018
      6462   1.85272422575540500000E+015   5.50751365126570302402E-018
      6463   1.83820927950923250000E+015   5.32919133133082223287E-018
      6464   1.65681491084830475000E+015   5.22279629978605515253E-018
      6465   1.66938564391459125000E+015   5.59954276735752188013E-018
      6466   1.74108685686620625000E+015   5.26868101464448661295E-018
      6467   1.81493382813623450000E+015   4.39429403370313349347E-018
      6468   1.88129328152670200000E+015   4.68661744353405833462E-018
      6469   2.04027850026290275000E+015   4.73484250060400522152E-018
      6470   2.16552705165051350000E+015   6.23250089495198240966E-018
      6471   2.34399440262378900000E+015   6.32450664099880999361E-018
      6472   2.52329559968724400000E+015   5.73846103522001139272E-018
      6473   2.87222467308981600000E+015   5.40742589755467622201E-018
      6474   4.13808446087579000000E+015   4.26441359056842080740E-018
      6475   4.84204250121697700000E+015   3.61185120680137703029E-018
      6476   6.02727746199174000000E+015   3.34564774914594822429E-018
      6477   6.16904734699278700000E+015   3.35206653548826968940E-018
      6478   6.99237541417763800000E+015   3.17776577413503368435E-018
      6479   7.39647527223637900000E+015   3.43072588481507638231E-018
      6480   1.06845989956390600000E+016   2.92457185322966142535E-018
      6481   1.19556083039538760000E+016   2.75542102427036630500E-018
      6482   1.30955079241182240000E+016   2.54616326871190605896E-018
      6483   1.51552301322708520000E+016   2.48915380516029420237E-018
      6484   1.49086163112495200000E+016   2.48798225556202132510E-018
      6485   1.41819975707073540000E+016   2.45404259168928014716E-018
      6486   1.73289974030059400000E+016   2.30878132204233919800E-018
      6487   2.34928630186345040000E+016   1.99851925244920899853E-018
      6488   2.86473602247894800000E+016   1.66293524285934640751E-018
      6489   4.67860903438570560000E+016   1.00315531896856017929E-018
      6490   5.57983765903316800000E+016   8.68820908282114938738E-019
      6491   4.93124571627925280000E+016   1.05357115158310542797E-018
      6492   8.00878403393038400000E+016   1.02280572339799244208E-018
      6493   1.07350808880822896000E+017   6.78539978648413128223E-019
      6494   1.11523146203095584000E+017   7.18628201615298376134E-019
      6495   8.37744125989366080000E+016   8.24903527774675976062E-019
      6496   7.30827913556271040000E+016   8.88959913995222050022E-019
      6497   6.23749063992328160000E+016   1.10020685128256971066E-018
      6498   5.04899767014401920000E+016   1.16041756944088300108E-018
      6499   5.92985106562460960000E+016   1.39012661662597756622E-018
      6500   1.25699681029640624000E+017   6.98329672446758146692E-019
      6501   1.57554320783930400000E+017   5.41832672418246086489E-019
      6502   2.24946507307953568000E+017   5.93932185204007485868E-019
      6503   1.89543142889913280000E+017   2.83474423933557632521E-019
      6504   3.17101676131373440000E+017   2.57892827004177192775E-019
      6505   3.45662955000358144000E+017   2.89236656498137908455E-019
      6506   4.53717126878063616000E+017   2.92653493828115995581E-019
      6507   2.92769208564248576000E+017   2.56031224506680243313E-019
      6508   3.42270199110636352000E+017   1.93552646276674917379E-019
      6509   3.69566592301545280000E+017   4.76522598591229286115E-019
      6510   1.07023316614837856000E+017   1.47177535322152181117E-018
      6511   4.22445365158397888000E+017   2.42340292100476329560E-019
      6512   2.47748286455704256000E+017   2.81952885950670793994E-019
      6513   8.11005839564111616000E+017   1.15353457580699232979E-019
      6514   8.13384977194772992000E+017   1.60215115009272988680E-019
      6515   3.35112680630046464000E+017   3.19998973549833234101E-019
      6516   4.08865850208837760000E+017   3.27499668200475967299E-019
      6517   7.06097012264780928000E+017   4.56822865899211430203E-021
      6518   2.79817374079667552000E+017   1.60724772281780320965E-018
      6519   4.81965359721740352000E+017   2.14803065155056232931E-019
      6520   2.86716339464875904000E+017   4.97806893525225059401E-019
      6521   2.34192997880360224000E+017   5.55180560355095956168E-019
      6522   2.35738275461538688000E+017   4.32158750594946541916E-019
      6523   2.33112348545629280000E+017   3.28128700212914464571E-019
      6524   1.91737274663620960000E+017   4.48891942768054207964E-019
      6525   1.50368275557842816000E+017   5.39274502844129293910E-019
      6526   1.37629435331824944000E+017   5.71596459254617780026E-019
      6527   1.57167693277593792000E+017   5.07404181583896685758E-019
      6528   1.02726211980663264000E+017   6.81759498034118696462E-019
      6529   9.20831020993007520000E+016   7.09778715814839536018E-019
      6530   1.26979897589941104000E+017   7.26913148311144918121E-019
      6531   9.70825282507232800000E+016   1.00552445897488893887E-018
      6532   6.18185019212921760000E+016   1.37252556598621472857E-018
      6533   7.80992734275647360000E+016   1.05584125533231634910E-018
      6534   6.57222814782003520000E+016   1.21000283468857763321E-018
      6535   5.19244490591559040000E+016   1.53579136961616579895E-018
      6536   4.30860915644130960000E+016   1.68806477420000652051E-018
      6537   3.57350018403150360000E+016   1.49772963418675681805E-018
      6538   2.29577213442774280000E+016   2.17532120843890396006E-018
      6539   2.32008220439777520000E+016   2.04887833747514465738E-018
      6540   1.52125486930197280000E+016   2.30026342884722935950E-018
      6541   1.32406835286089260000E+016   2.43427291335741335430E-018
      6542   9.27533258231092600000E+015   2.58007657447209305232E-018
      6543   9.84850099614421600000E+015   2.45175283777772993503E-018
      6544   8.88607366180888800000E+015   2.40002524974456885864E-018
      6545   8.96737506695337000000E+015   2.57402516949755422147E-018
      6546   8.07761770178012700000E+015   2.60096410962977427924E-018
      6547   6.30909635733265400000E+015   2.65847178318201540716E-018
      6548   7.12280252262278100000E+015   2.75128417258592020406E-018
      6549   6.04938105873300100000E+015   2.58588823353546083563E-018
      6550   5.84188830566923700000E+015   2.49800410403535413363E-018
      6551   5.10176303796372800000E+015   2.52184637316128639668E-018
      6552   4.92591536500817800000E+015   2.60610511788367955831E-018
      6553   5.22934238089247600000E+015   2.75008213424202720997E-018
      6554   4.66301945808650500000E+015   3.04507741812254419175E-018
      6555   4.18227973438262600000E+015   3.17747043788655294581E-018
      6556   4.05961058536730000000E+015   3.11657627202944352595E-018
      6557   3.94299445951119600000E+015   3.34401968978661540918E-018
      6558   3.97506690190388650000E+015   4.01129598276149489028E-018
      6559   3.87985063906437700000E+015   4.23202241604050241446E-018
      6560   3.51470914820751550000E+015   4.32342552266907089475E-018
      6561   3.01506933109504950000E+015   4.00552274833393737510E-018
      6562   2.84508834697100900000E+015   3.66306278633892716017E-018
      6563   2.54800382753891950000E+015   4.13595262361987976046E-018
      6564   2.80580943746673550000E+015   4.08314733193962847868E-018
      6565   2.67200967076888100000E+015   4.45135417908156606416E-018
      6566   2.34576421171662900000E+015   4.84809276803105737256E-018
      6567   2.44405864558531100000E+015   4.84139669679807650279E-018
      6568   2.25073606373643750000E+015   4.75840985533129911454E-018
      6569   2.14305691057979025000E+015   4.42710800250915166873E-018
      6570   2.08627591472501975000E+015   4.01737015174069992452E-018
      6571   2.01078344976058800000E+015   4.32423795423406549567E-018
      6572   1.99160421802428275000E+015   4.39713704997028226910E-018
      6573   2.36786441167865550000E+015   4.10504932799930180781E-018
      6574   2.28524672990720050000E+015   4.29632931162862113514E-018
      6575   2.07267932400703100000E+015   4.59388022629745141063E-018
      6576   2.08355378677234300000E+015   4.44778261034646932629E-018
      6577   1.93280170604643125000E+015   4.48984991470919943647E-018
      6578   1.73877174486811850000E+015   4.60141722836903231157E-018
      6579   1.87490532523375975000E+015   4.33414502976155903989E-018
      6580   1.83916388312811675000E+015   4.17899252767847491527E-018
      6581   1.85010844155455750000E+015   4.16231411989985789253E-018
      6582   1.86446152052214000000E+015   4.13383917295489744866E-018
      6583   1.79976012992598325000E+015   4.19377969748073883140E-018
      6584   2.13550460069044175000E+015   4.18977633731314671636E-018
      6585   1.67191895827657400000E+015   4.67774271261545692581E-018
      6586   1.73728919157868275000E+015   4.50963228412187215124E-018
      6587   1.70446651926095175000E+015   4.32504215565943436291E-018
      6588   1.83552023556113025000E+015   4.54553028006998840587E-018
      6589   1.60559904510150075000E+015   4.44022188351247128557E-018
      6590   1.50649099579249675000E+015   4.40400442354254483154E-018
      6591   1.37466630452696800000E+015   4.06877913811725987847E-018
      6592   1.22868903804867975000E+015   3.91763309226996080658E-018
      6593   1.16788432327282425000E+015   3.70384535551768353304E-018
      6594   1.15440538507221875000E+015   3.64471753807902721467E-018
      6595   1.28465746085937350000E+015   3.50758622912336996723E-018
      6596   1.15139823272230750000E+015   3.61920818379846868723E-018
      6597   1.17616313851451725000E+015   4.06929719769294196814E-018
      6598   1.27359697922675450000E+015   4.09812159544266244757E-018
      6599   1.38997003087502000000E+015   4.05410246724098955430E-018
      6600   1.39220908699423200000E+015   4.42144209007313245037E-018
      6601   1.40440960579129500000E+015   5.16593030390841219241E-018
      6602   1.40458014451215450000E+015   5.58067707207482390753E-018
      6603   1.29231271502894900000E+015   5.99861059316375268041E-018
      6604   1.36395255288794325000E+015   6.47986490553599183665E-018
      6605   1.38866858769206750000E+015   6.29539999323225408522E-018
      6606   1.31732857799704400000E+015   5.88026732826402942343E-018
      6607   1.34728474519091125000E+015   6.09501248374084525956E-018
      6608   1.34976115664855450000E+015   6.01474162319938564681E-018
      6609   1.34834877117681625000E+015   5.92737196597130650961E-018
      6610   1.32396302221978400000E+015   5.22292895606412365347E-018
      6611   1.28161346045642025000E+015   4.76299911579945348306E-018
      6612   9.71567989311077250000E+014   5.86276437085714709629E-018
      6613   9.63728110596852875000E+014   5.97140590173810419346E-018
      6614   1.12540208182999162500E+015   5.39565990276208741566E-018
      6615   1.21713047735257600000E+015   4.88375984684180441803E-018
      6616   1.12141781233345012500E+015   4.75090690795988223620E-018
      6617   8.63084029851401125000E+014   5.18365102542639795557E-018
      6618   7.22982080842428875000E+014   5.23019911584405273042E-018
      6619   8.14435085107204000000E+014   4.23142231305284325849E-018
      6620   9.08037915565076125000E+014   3.75391877814739315165E-018
      6621   8.25935705676904250000E+014   4.25617313317217985162E-018
      6622   9.35087827319173375000E+014   4.65879357813357374853E-018
      6623   9.60099126799670625000E+014   5.53191122826011752592E-018
      6624   8.71937355572206750000E+014   5.92896870604888356468E-018
      6625   7.47936957219892875000E+014   5.88459678784437695475E-018
      6626   6.04601057940158000000E+014   5.07918182265432968257E-018
      6627   7.76019017930506750000E+014   4.66401884130534700327E-018
      6628   7.85976887913347500000E+014   4.10816581139810312084E-018
      6629   7.65566910104073500000E+014   4.16581508754208964295E-018
      6630   6.05513416638300250000E+014   5.21699187905774947609E-018
      6631   5.83597472075575000000E+014   5.48820506385930453686E-018
      6632   5.00596813128475812500E+014   6.02734325300719281441E-018
      6633   7.91615506019345000000E+014   3.94548275746809290260E-018
      6634   8.92477876064730125000E+014   4.00570876753481036798E-018
      6635   8.36706183967420750000E+014   4.37613746551746883521E-018
      6636   7.56451782134653375000E+014   5.00696111232607010201E-018
      6637   9.34169481265969000000E+014   4.56184998496733342800E-018
      6638   8.27201885660318500000E+014   5.02144807248242716626E-018
      6639   6.37091706610919875000E+014   5.66002270150706769954E-018
      6640   6.96413772807824375000E+014   5.53178072283995031057E-018
      6641   7.40113181942010125000E+014   5.26959087921072197039E-018
      6642   7.23109613572804625000E+014   5.01782705490843479347E-018
      6643   7.54021122950394125000E+014   4.54107912427944955165E-018
      6644   7.95710564773346750000E+014   3.57856886571747984214E-018
      6645   6.05381799857794125000E+014   4.27025279050023199325E-018
      6646   5.51053373338252937500E+014   5.15111449985628569154E-018
      6647   4.77065640539425437500E+014   5.95317274351792363166E-018
      6648   4.04931581779499812500E+014   6.48232677826903797222E-018
      6649   5.80507773093405750000E+014   5.56828041055887906497E-018
      6650   6.13255639207957625000E+014   4.45915734025440874638E-018
      6651   6.89651921561886750000E+014   4.53328097249471557237E-018
      6652   8.56216611294296000000E+014   4.55373802113823729552E-018
      6653   9.79039169370193250000E+014   4.87833818840442307305E-018
      6654   9.51843807973205500000E+014   5.15115818240579461975E-018
      6655   8.53118342725348000000E+014   4.66976359475493175102E-018
      6656   8.13734894320584375000E+014   4.66314170839222208789E-018
      6657   7.43896493043599250000E+014   5.36313820797978525571E-018
      6658   6.00881207232340875000E+014   6.25839332847923741299E-018
      6659   5.71969325875613625000E+014   6.73539293602197152511E-018
      6660   5.36753673417730500000E+014   7.36641094536625045627E-018
      6661   5.64978427382572625000E+014   7.44460296880353073388E-018
      6662   4.88083284358721562500E+014   6.48438780889321298619E-018
      6663   6.04729110319942250000E+014   5.43789184505369149683E-018
      6664   6.98982587123160625000E+014   4.89214620708083425334E-018
      6665   7.59803458360513625000E+014   5.67834751114490435528E-018
      6666   7.49208341151575000000E+014   6.84559388622248979585E-018
      6667   6.69674116089705500000E+014   8.75167679770137700640E-018
      6668   9.03769548514987000000E+014   7.33821855310364729027E-018
      6669   1.07620424816808237500E+015   5.97508951154572238179E-018
      6670   8.84119760177977625000E+014   5.32555712095847138376E-018
      6671   1.04563474057567962500E+015   4.14734374963843447829E-018
      6672   9.96040897033147875000E+014   4.28881366806223003452E-018
      6673   1.00400004715709237500E+015   4.86131429013382555075E-018
      6674   9.61273133718501375000E+014   5.22969873394817146416E-018
      6675   1.02160596983429162500E+015   5.22478591021865262968E-018
      6676   8.88521456839542375000E+014   5.87435993286135066509E-018
      6677   8.63570187139938625000E+014   6.21198394332841578819E-018
      6678   9.04235373094146750000E+014   6.07832670720677714798E-018
      6679   1.14955221462814975000E+015   5.51851686813264957402E-018
      6680   1.44964946610841200000E+015   4.44065208418462205280E-018
      6681   1.52381013209566150000E+015   4.49365916873922984073E-018
      6682   1.48040822036460975000E+015   4.17103339761298372579E-018
      6683   1.38975715387939850000E+015   4.74722213882328267322E-018
      6684   1.26137587380754075000E+015   5.41623433799640895521E-018
      6685   1.25680533695291650000E+015   5.91865588398050628358E-018
      6686   1.10120872321392150000E+015   5.93370766287192611095E-018
      6687   1.25257163586798550000E+015   5.27581302983357609649E-018
      6688   1.29315019822497350000E+015   4.44026981318196445573E-018
      6689   1.28285997511082325000E+015   4.19540860809301661916E-018
      6690   1.32467252417889600000E+015   4.54667886158989227167E-018
      6691   1.33365720425510725000E+015   4.78564951054230004915E-018
      6692   1.41716021114959650000E+015   4.65163489613111353036E-018
      6693   1.57336533367571425000E+015   4.27047126593374333994E-018
      6694   1.61147305940950400000E+015   3.95265869033853089573E-018
      6695   1.67352857085414625000E+015   3.77608218690174261197E-018
      6696   1.61307257473940700000E+015   3.81181401096003601266E-018
      6697   1.56824852315911325000E+015   3.98351058768066386222E-018
      6698   1.66720305450468400000E+015   3.91893954437461380933E-018
      6699   1.55465543857841575000E+015   4.18692181154349448344E-018
      6700   1.48865257047097800000E+015   4.79952840066561071178E-018
      6701   1.35972873924921825000E+015   4.76104911932762750950E-018
      6702   1.14001642442153100000E+015   5.35593714970090734278E-018
      6703   1.08475833357024812500E+015   5.47329668529412609204E-018
      6704   9.81203199279006375000E+014   6.19499949692632368176E-018
      6705   9.78171186356912625000E+014   5.91100876758370913596E-018
      6706   9.66624024643351750000E+014   5.73369008090634176358E-018
      6707   1.02951563765294350000E+015   5.10541413190403518858E-018
      6708   1.04749168563370287500E+015   4.54273875345475668977E-018
      6709   1.13509755375408750000E+015   5.27056009241433607661E-018
      6710   1.30325534533048950000E+015   5.43719710542467307563E-018
      6711   1.38615331199932300000E+015   5.58452406952997952711E-018
      6712   1.52506424795175275000E+015   6.39232177324154637254E-018
      6713   1.63041245498253350000E+015   6.99693170798171024135E-018
      6714   1.78059483829487025000E+015   7.04219468151843634801E-018
      6715   1.85466603045778525000E+015   7.51315647365795592969E-018
      6716   1.79822681873136450000E+015   6.19338695294131380795E-018
      6717   1.98763063004718700000E+015   4.91054443141413567594E-018
      6718   2.16805866538207300000E+015   4.04581323922247345816E-018
      6719   2.17740190175077400000E+015   4.16431883005813594714E-018
      6720   1.91306631413183050000E+015   4.63269431184976116932E-018
      6721   1.51249712538417825000E+015   5.59773335884669973593E-018
      6722   1.70406137163191000000E+015   5.54442311077892714278E-018
      6723   1.63823299127454525000E+015   5.37067582607717576388E-018
      6724   1.56171449816824550000E+015   5.04963450180857743909E-018
      6725   1.67116996876937550000E+015   4.99661634591573568482E-018
      6726   1.83401639794832650000E+015   4.14031341586705595761E-018
      6727   1.85972068290043525000E+015   3.93123175594261460518E-018
      6728   1.92941759537049025000E+015   4.31316055513224867484E-018
      6729   2.13213147782520775000E+015   5.21419160471887377387E-018
      6730   2.28599864298877150000E+015   5.82409336556039684682E-018
      6731   2.44274345624835950000E+015   5.56233499637255862862E-018
      6732   2.74690591718626600000E+015   5.60730225186193925320E-018
      6733   3.62293700085748100000E+015   5.24605520319441118067E-018
      6734   4.03967266732180600000E+015   4.62867052410766825234E-018
      6735   4.63447267874077800000E+015   4.03211328008274876961E-018
      6736   5.22349786900346900000E+015   3.86993306912404831420E-018
      6737   5.81969167682027300000E+015   3.15249740724168958672E-018
      6738   6.05618954998764800000E+015   3.35127816933713920641E-018
      6739   6.77448279504076500000E+015   3.23571923263051766680E-018
      6740   9.26629845506733000000E+015   3.22557544352450449490E-018
      6741   1.34481016965489920000E+016   2.61071507624730832503E-018
      6742   1.38016871758471720000E+016   2.57841775905051862976E-018
      6743   1.77159673706805680000E+016   2.27718605142674605998E-018
      6744   1.85989011103508840000E+016   2.32988123451483427194E-018
      6745   2.08532690593660640000E+016   2.07986032665336316829E-018
      6746   1.87284349687402800000E+016   2.04997421017257660706E-018
      6747   2.56894009910896200000E+016   1.83733848590022366067E-018
      6748   3.16199992054373320000E+016   1.60175121264298274786E-018
      6749   4.72632324043711840000E+016   1.28471599987061032335E-018
      6750   7.80404299236524000000E+016   7.41585614304884765999E-019
      6751   5.65726752708160720000E+016   6.66996275034315644667E-019
      6752   4.32799377330971840000E+016   1.14959008176687101560E-018
      6753   6.62599070447786400000E+016   1.21128348413826132718E-018
      6754   1.41453410761109600000E+017   6.27766693967614250725E-019
      6755   1.43739233344690160000E+017   3.90911980954875177182E-019
      6756   1.02570937742754608000E+017   4.82912995305367859600E-019
      6757   1.33102157663618608000E+017   4.03380562847086820046E-019
      6758   9.75228512341392960000E+016   8.06338188880871583373E-019
      6759   8.29632797976611840000E+016   7.95610292238702376244E-019
      6760   9.04959277316945920000E+016   7.64850823696726249041E-019
      6761   2.13968565295039872000E+017   4.10547119055660763207E-019
      6762   2.96151627342322112000E+017   1.55716425337277475924E-019
      6763   3.33019348047090816000E+017   1.94151578067008003865E-019
      6764   1.55562007584260864000E+017   1.07707661495938175195E-018
      6765   5.85573102784994176000E+017   3.31076997467552658289E-019
      6766   5.75087811258602304000E+017   1.34574672990554433123E-019
      6767   4.64382075074837248000E+017   3.90378308878590728842E-019
      6768   3.98511156705397056000E+017   3.40239815501435038779E-019
      6769   9.37498995993376128000E+017   6.07241629011815212860E-020
      6770   7.24267542101577984000E+017   1.65035502760220519047E-019
      6771   7.30927070984559488000E+017   1.85355285788742045008E-019
      6772   7.68186810482517632000E+017   2.29934427457706563095E-019
      6773   4.66369226707886272000E+017   2.91000894639322533053E-019
      6774   4.43054092415457216000E+017   4.48829747905111774777E-019
      6775   3.78728548348741632000E+017   4.51120941572336628646E-019
      6776   3.64301384138091328000E+017   3.66353468502682737643E-019
      6777   2.35593060338764672000E+017   4.87606124559688026363E-019
      6778   2.07994203066744736000E+017   4.42314542060503845407E-019
      6779   2.06793911628285216000E+017   4.56931793117613625605E-019
      6780   2.03918803495365280000E+017   5.08263594303176027535E-019
      6781   1.44419784747615616000E+017   6.30263751583666007024E-019
      6782   1.55543826848990304000E+017   5.22308824705840771079E-019
      6783   1.77800750352670272000E+017   4.41943580186507002498E-019
      6784   1.28166613546245168000E+017   6.42959615762861672163E-019
      6785   9.25122084077336800000E+016   1.02769289019470320290E-018
      6786   9.22987023092605600000E+016   1.00674104445815414405E-018
      6787   7.38443893793779680000E+016   1.00021596163823938073E-018
      6788   7.75389272783259520000E+016   7.29714704730337264350E-019
      6789   6.85548913423762960000E+016   1.02388474736610545866E-018
      6790   4.91544772074282960000E+016   1.39631953870110362100E-018
      6791   3.15709181918484040000E+016   1.97436471987437263723E-018
      6792   2.87876265985043160000E+016   2.08357040949756786402E-018
      6793   1.86966384359496120000E+016   2.42341756116988512386E-018
      6794   1.64849427147238880000E+016   2.22880418267671473427E-018
      6795   1.28427896435244640000E+016   2.23671294900996820428E-018
      6796   1.37835875478062020000E+016   1.89979961256195161069E-018
      6797   1.25457536785891640000E+016   1.89093317741501803266E-018
      6798   1.08995049230421960000E+016   2.05383743729119483908E-018
      6799   8.90060027265860500000E+015   2.28840872197797897751E-018
      6800   7.97638558320795900000E+015   2.42289376375039484966E-018
      6801   7.83333991018002100000E+015   2.53942163390365211467E-018
      6802   7.55630164521628800000E+015   2.58583263713091869273E-018
      6803   6.33240101568340000000E+015   2.69715886677138345535E-018
      6804   6.08823752578215300000E+015   2.36605875842317149835E-018
      6805   5.39197820443653400000E+015   2.43889915459862471309E-018
      6806   5.65635548828300800000E+015   2.60071310271101775645E-018
      6807   4.95160927849207400000E+015   2.88374893703031672746E-018
      6808   4.34501383451838000000E+015   3.21183095193332493177E-018
      6809   4.11149486785685500000E+015   2.93503773115288099936E-018
      6810   4.04797273537496700000E+015   3.12132786864721046698E-018
      6811   4.10822808218604700000E+015   3.45308825729034327803E-018
      6812   3.92553930341559600000E+015   4.04669015804758101128E-018
      6813   3.70592603864597700000E+015   4.19635126763271427018E-018
      6814   3.27523224350683400000E+015   4.34690238552662439196E-018
      6815   2.88348632584753200000E+015   3.98876178889148637188E-018
      6816   2.54644563595455550000E+015   3.68894010088960690045E-018
      6817   2.32883485037562600000E+015   3.94850819851328167723E-018
      6818   2.38636086801118100000E+015   4.34974815804722899145E-018
      6819   2.54963398805943400000E+015   4.50177503663106435063E-018
      6820   2.48811169143716050000E+015   4.67489704144208310628E-018
      6821   2.46183518940389150000E+015   4.82854589913111016649E-018
      6822   2.36585325995868450000E+015   4.62150558447525480987E-018
      6823   2.07684093786260450000E+015   4.07881977382047336192E-018
      6824   2.07347548166150950000E+015   3.83161081185854660470E-018
      6825   1.98170274887166175000E+015   4.23972009588099412853E-018
      6826   2.28700140013976200000E+015   4.04376774510794068442E-018
      6827   2.45517239602258700000E+015   3.89449474643835331544E-018
      6828   2.16824746767833150000E+015   4.32139545303103590729E-018
      6829   1.99368782164971800000E+015   4.55487948172627548341E-018
      6830   2.04692795351587850000E+015   4.50939086575399367837E-018
      6831   1.92615126143989500000E+015   4.53716522001963291543E-018
      6832   1.78288935247668800000E+015   4.52306697737117302834E-018
      6833   1.83191169701147200000E+015   4.29737053903568460139E-018
      6834   1.96383989653881000000E+015   4.07035891867802516777E-018
      6835   1.87516147001342850000E+015   4.10981709963941747086E-018
      6836   1.89850224062627625000E+015   4.09022818401828383291E-018
      6837   1.81077109116114350000E+015   4.16469030846068481063E-018
      6838   1.88190931681199550000E+015   4.16271440995669691809E-018
      6839   1.58595857926551975000E+015   4.66906267902572150660E-018
      6840   1.72378391122144000000E+015   4.56723550696689928449E-018
      6841   1.63930555004762550000E+015   4.87117162940875805165E-018
      6842   1.47789694071377525000E+015   4.99895065785415134955E-018
      6843   1.39291638015965525000E+015   4.93243590226196288939E-018
      6844   1.37238285663036000000E+015   4.75642737908231348366E-018
      6845   1.38802006087383725000E+015   4.15299545576789424953E-018
      6846   1.29017585772131075000E+015   3.93005290154465723860E-018
      6847   1.22605952187481125000E+015   3.58005270611601015305E-018
      6848   1.17656984744469450000E+015   3.52563594561843992475E-018
      6849   1.28239656225149075000E+015   3.44532722000706451392E-018
      6850   1.25006074333456225000E+015   3.46327529436197823175E-018
      6851   1.25162783983524100000E+015   3.74433160608867945560E-018
      6852   1.26412607045773275000E+015   3.91395472417021670927E-018
      6853   1.39373177837957125000E+015   3.87957628847075126419E-018
      6854   1.49347209275668725000E+015   4.08728296294488641231E-018
      6855   1.39943322859530675000E+015   4.70046312822418645543E-018
      6856   1.41105603206712075000E+015   5.40179394443696103380E-018
      6857   1.30501729472653925000E+015   5.81135931632677317894E-018
      6858   1.36053442994196925000E+015   6.13181805643851850242E-018
      6859   1.47057152870483975000E+015   6.48171449025023985067E-018
      6860   1.38212543003421425000E+015   6.05819719436843739133E-018
      6861   1.38008684057171475000E+015   6.21069910564773847255E-018
      6862   1.32088292178731525000E+015   6.04136234014101134942E-018
      6863   1.28244838798024275000E+015   5.93135957688031423097E-018
      6864   1.30011097003731375000E+015   5.63653236861940892520E-018
      6865   1.21683686503804900000E+015   5.20885037261592698170E-018
      6866   9.99460649784691375000E+014   5.81413119248173733798E-018
      6867   1.03908752651773275000E+015   5.86257024171632666318E-018
      6868   1.05585751430732025000E+015   5.68883361309281184585E-018
      6869   1.27116527348117225000E+015   4.82062456395871901753E-018
      6870   1.23443972885503475000E+015   4.44058918907140540360E-018
      6871   9.43070357951456250000E+014   5.09451317580996167297E-018
      6872   7.38571524930548875000E+014   5.14200151511718198524E-018
      6873   7.71946895721482000000E+014   4.58153993672572290754E-018
      6874   9.18657366555284500000E+014   3.77057133718744366013E-018
      6875   9.55681110597042250000E+014   4.13402627377488371866E-018
      6876   9.36821318620273000000E+014   4.43288267817590329880E-018
      6877   1.00846625915595162500E+015   5.13929683789134963590E-018
      6878   9.81255796462879000000E+014   5.61968863010520560203E-018
      6879   8.75148693159845250000E+014   5.70820424998660018021E-018
      6880   6.35783014534012750000E+014   5.12014082543079420067E-018
      6881   8.96554167757642500000E+014   4.32826015694337846440E-018
      6882   8.22621360600543125000E+014   3.82178269691838351810E-018
      6883   8.43086787108549875000E+014   3.36713926021315072015E-018
      6884   6.93917590149531875000E+014   4.67023575408054084087E-018
      6885   5.56894949744581500000E+014   5.07780583396855179340E-018
      6886   5.28259780462955750000E+014   5.77210882018694716320E-018
      6887   6.66476987827825750000E+014   4.92188750250762695879E-018
      6888   8.98551774310161500000E+014   3.89976985454519621707E-018
      6889   8.39330410257836750000E+014   4.29298809479510066910E-018
      6890   8.19194902601533000000E+014   4.65923282847224787000E-018
      6891   9.85661148453059250000E+014   4.02842893935935450008E-018
      6892   8.32202567202773125000E+014   4.98411426199511298992E-018
      6893   6.77807891642716750000E+014   5.49672725186712935804E-018
      6894   6.40741046018453750000E+014   5.58106812632477697394E-018
      6895   7.36035455175724625000E+014   5.13730912956131468191E-018
      6896   7.03729462316652375000E+014   5.15696586286096744917E-018
      6897   8.01623760119470625000E+014   4.59396284500323031146E-018
      6898   8.47605277973756375000E+014   3.50051710032303679595E-018
      6899   7.62317393754207750000E+014   3.71544209237856232695E-018
      6900   6.13644826677631000000E+014   4.42133022752716779266E-018
      6901   5.01925933834385062500E+014   5.79203141323808523563E-018
      6902   3.90009984020424500000E+014   6.58396293110626355471E-018
      6903   4.05816005615203687500E+014   6.37594280073069305088E-018
      6904   5.84338014560602625000E+014   5.06448623506181449481E-018
      6905   6.49507579546144125000E+014   4.62688173174735453770E-018
      6906   7.42429841838871625000E+014   4.60395584637437561796E-018
      6907   8.41058548903952625000E+014   4.94132904258434845952E-018
      6908   1.01163166891920575000E+015   4.91985201058871106950E-018
      6909   9.78963429191062625000E+014   4.67344458956242534488E-018
      6910   7.92219546086860375000E+014   4.59150997870217412109E-018
      6911   7.54693933900137500000E+014   4.99650623258751867393E-018
      6912   7.58409464352306625000E+014   5.52352714813749677836E-018
      6913   5.99090972822566000000E+014   6.71820700353124402972E-018
      6914   5.63095769837764500000E+014   7.06229438833871116856E-018
      6915   5.31508690782266250000E+014   7.35713514079154849044E-018
      6916   5.69821626289223375000E+014   7.12356890524993602662E-018
      6917   4.91077579987626875000E+014   5.55950171847431780259E-018
      6918   6.72553693488166875000E+014   5.24421438578912262503E-018
      6919   6.54582756209553250000E+014   5.28589891135420193276E-018
      6920   7.78523090594265000000E+014   6.15741588752022310952E-018
      6921   6.92682486848124250000E+014   7.90587059818458514964E-018
      6922   6.82900099844215875000E+014   8.65207397358397180357E-018
      6923   9.67430725430793750000E+014   6.85271235172736961102E-018
      6924   1.01710839304877887500E+015   5.50060557192213838681E-018
      6925   8.93003138795055125000E+014   4.45751233227755546988E-018
      6926   9.77874405067044125000E+014   4.12395527907060486061E-018
      6927   9.99076058382603500000E+014   4.37217459699810411510E-018
      6928   9.85230807049475375000E+014   5.31669846846531954712E-018
      6929   1.02166100674810287500E+015   4.70631279430164928546E-018
      6930   9.03943140282335000000E+014   5.67813198894654149489E-018
      6931   8.78987457474123625000E+014   5.88325933357921854833E-018
      6932   9.56936524836648875000E+014   5.59581873030142791169E-018
      6933   9.98729520190453125000E+014   5.82024678334248415490E-018
      6934   1.25591230309120650000E+015   5.23247095845830815668E-018
      6935   1.46440781212416375000E+015   4.30474610536847907802E-018
      6936   1.45765015885967450000E+015   4.52842760624682753884E-018
      6937   1.37984787795517375000E+015   4.53746694074691931194E-018
      6938   1.33374468491221050000E+015   4.81498363991914379839E-018
      6939   1.10213921624711762500E+015   5.70285456844564795400E-018
      6940   1.24623956816077925000E+015   5.58727137966423816095E-018
      6941   1.23654837979344075000E+015   4.90517524882206662810E-018
      6942   1.27219776628138350000E+015   4.64374362965837913712E-018
      6943   1.28077357133470925000E+015   4.52663240491754177851E-018
      6944   1.21033606786471850000E+015   4.71366742005602339003E-018
      6945   1.31122939374556425000E+015   4.85011265632795330246E-018
      6946   1.41818511969658150000E+015   4.74407824697364325497E-018
      6947   1.48279369625579350000E+015   4.69195303287707936484E-018
      6948   1.56428978942001250000E+015   4.56836244948367194164E-018
      6949   1.66917904849175125000E+015   4.30021249318854248570E-018
      6950   1.55616194947522975000E+015   4.09725916579824500413E-018
      6951   1.65135476624123825000E+015   4.14274739697609643760E-018
      6952   1.46937393308108950000E+015   4.32248362623912292744E-018
      6953   1.54558549151570700000E+015   4.23890335033778020046E-018
      6954   1.45526271582603425000E+015   4.61287747281794682020E-018
      6955   1.37914535957142725000E+015   5.12606562279192675529E-018
      6956   1.25236051507627525000E+015   5.25643071548543259849E-018
      6957   1.09850312459210525000E+015   5.72619501191261370312E-018
      6958   1.09266800082174200000E+015   5.37745897148174311315E-018
      6959   1.08559502151662537500E+015   5.31771371907080428767E-018
      6960   1.03494644771930625000E+015   5.78557791308766365705E-018
      6961   1.04791773067407112500E+015   4.97331037872886739408E-018
      6962   1.13067694749468425000E+015   3.91219652273182821386E-018
      6963   1.14475009422973700000E+015   5.14892982608296585797E-018
      6964   1.15598527654910550000E+015   5.56840860087781006324E-018
      6965   1.37024386244726425000E+015   5.60893033850354422252E-018
      6966   1.58322727719788875000E+015   6.50361870691610695848E-018
      6967   1.70455495252690050000E+015   6.92364907895514882796E-018
      6968   1.78947826842873700000E+015   6.72592122918002611231E-018
      6969   1.79354206906984400000E+015   7.18856651835430092361E-018
      6970   1.79951463882201025000E+015   6.45498476487734049469E-018
      6971   1.78912746847533075000E+015   5.84715184358790019818E-018
      6972   2.09801387016528600000E+015   4.90070038690739319703E-018
      6973   2.29328564943381750000E+015   4.18496498991584912554E-018
      6974   2.13798975238924475000E+015   4.54409911072273330502E-018
      6975   1.71798929313286200000E+015   5.37401626034367228928E-018
      6976   1.43199777568298525000E+015   5.93362160154699059971E-018
      6977   1.30231479684942400000E+015   5.96859513889042636403E-018
      6978   1.45146637467412825000E+015   5.33038214171243834533E-018
      6979   1.62408253171084200000E+015   4.34660248988045530932E-018
      6980   1.71079792482834750000E+015   4.11702924516552035173E-018
      6981   1.86884883442313425000E+015   4.05100963936519134234E-018
      6982   1.75390905550348550000E+015   4.86318910711115279279E-018
      6983   1.92562114109462975000E+015   4.86160958354460958973E-018
      6984   2.27044531359134450000E+015   5.11313159677162124880E-018
      6985   2.54385494378540100000E+015   4.83450198625071501402E-018
      6986   2.60829078778329150000E+015   4.89848963464644501752E-018
      6987   2.90060756621453150000E+015   4.57525948869528461343E-018
      6988   3.45369772133879550000E+015   5.09157380718795983279E-018
      6989   3.79433811146341100000E+015   4.89073572807164551545E-018
      6990   3.73690353864983200000E+015   4.76562304519674462886E-018
      6991   4.81685366639498800000E+015   4.08896237198525022227E-018
      6992   5.43811458177391600000E+015   3.33949495035686340475E-018
      6993   6.07853379578788700000E+015   3.09148029519932100251E-018
      6994   7.00482526481755600000E+015   2.93732906070333763345E-018
      6995   1.05487842094390260000E+016   2.98862251266426225374E-018
      6996   1.41407941395719100000E+016   2.45004702273176561143E-018
      6997   1.59532805571549560000E+016   2.38653085653298780660E-018
      6998   1.63278753640032160000E+016   2.66891522681577047814E-018
      6999   1.80083683398236540000E+016   3.12134542038195617955E-018
      7000   3.25531082974002040000E+016   2.16826949156798530062E-018
      7001   3.13999221688702320000E+016   1.33031117103186183643E-018
      7002   3.29221070851627040000E+016   1.13685160492736822486E-018
      7003   3.48706280734817320000E+016   1.26248933985041381090E-018
      7004   6.45743295064644960000E+016   1.05969742103163172828E-018
      7005   1.04799764221401440000E+017   7.16709799122252015467E-019
      7006   1.23589495653538368000E+017   5.77646211656203006429E-019
      7007   8.22684102187056160000E+016   9.27537989232776655091E-019
      7008   8.41457880303204640000E+016   9.93470645917650929971E-019
      7009   1.06834311371107424000E+017   9.29226508646625610560E-019
      7010   1.75988914597498720000E+017   4.68055403668405978962E-019
      7011   1.11925673758092448000E+017   5.86717209528333833606E-019
      7012   1.44057960850101232000E+017   4.94463983781535839945E-019
      7013   2.20656941977272256000E+017   3.33120498361146564060E-019
      7014   1.95769342118153824000E+017   5.22702617858227858370E-019
      7015   2.00408923118982112000E+017   5.10165211700682686519E-019
      7016   1.58603285256457888000E+017   3.93624589934775151493E-019
      7017   5.68731476774117760000E+017   1.92706782956326702434E-019
      7018   3.88603151318633600000E+017   2.49165249521039478765E-019
      7019   4.93873983895564096000E+017   2.27100633264265936713E-019
      7020   2.23566003425704096000E+017   5.06496501729520368868E-019
      7021   3.42951697772408896000E+017   2.07032259937097230466E-018
      7022   6.04120063057375744000E+017   1.62139892047881872290E-019
      7023   4.91436181687122496000E+017   3.38162983120943331411E-019
      7024   4.34833858575337856000E+017   3.49272186487108271341E-019
      7025   4.02613627799612352000E+017   3.40125917601690843480E-019
      7026   3.79765761102406784000E+017   3.75675250550302462435E-019
      7027   3.41084837579248320000E+017   4.11481967015639926148E-019
      7028   2.44423963676912384000E+017   4.20226445853285857432E-019
      7029   2.60205980885183680000E+017   3.33778897923757843348E-019
      7030   2.36397397389767392000E+017   3.34851598162837575156E-019
      7031   1.24755655903921040000E+017   4.28271673768873082863E-019
      7032   1.24985875640481936000E+017   6.75908185856187159447E-019
      7033   9.44011736159246400000E+016   7.03930814437413634462E-019
      7034   1.05007079508663056000E+017   6.98069369099253784379E-019
      7035   1.12406583847978752000E+017   5.95177911650682032125E-019
      7036   8.50955580682996800000E+016   8.57515949595799627959E-019
      7037   6.68812433920857920000E+016   1.08138490371182076131E-018
      7038   6.47785777158137760000E+016   1.43842435491597944253E-018
      7039   4.25379641893753360000E+016   1.79752733043979257024E-018
      7040   2.65361199318265920000E+016   2.25674053533121792307E-018
      7041   1.41990995584436680000E+016   2.61624346021095443201E-018
      7042   1.64362137979032960000E+016   1.94472546058448900299E-018
      7043   1.78286479473188120000E+016   1.53717179762609887603E-018
      7044   1.60860388713418440000E+016   1.58534158298840557563E-018
      7045   1.26228874282157360000E+016   1.87510733455009994558E-018
      7046   1.02961821492527920000E+016   1.97346356388366059060E-018
      7047   7.35470244206593600000E+015   2.22583979568467488817E-018
      7048   7.82803140481726400000E+015   2.49565917818677972825E-018
      7049   7.54497778810249300000E+015   2.57121446240470433954E-018
      7050   7.90029979910776900000E+015   2.61102831601170865060E-018
      7051   6.90411200163219800000E+015   2.34899030955086641606E-018
      7052   5.83633872521281700000E+015   2.36821182094414850730E-018
      7053   5.89898341714468900000E+015   2.39422316872964224891E-018
      7054   5.24924260398059100000E+015   2.64359710604028550114E-018
      7055   4.37482740647382100000E+015   2.99126001376088067662E-018
      7056   4.15109272925848050000E+015   3.01643665192680328426E-018
      7057   4.02322976069514250000E+015   2.90711096407514432165E-018
      7058   3.88135047172312750000E+015   3.10947959462291637765E-018
      7059   4.01781716091508050000E+015   3.51953620880645549483E-018
      7060   3.91605585784283900000E+015   3.88967194287889846591E-018
      7061   3.51086847831646450000E+015   4.10211477913818687921E-018
      7062   3.09394369779362850000E+015   3.88013150611793823368E-018
      7063   2.73225433654621900000E+015   3.86591306088469545004E-018
      7064   2.45860758110933800000E+015   3.53256814649136475771E-018
      7065   2.12469495776565200000E+015   3.89748296536639554910E-018
      7066   2.30559606228207500000E+015   4.27272492989825364457E-018
      7067   2.39393286266329700000E+015   4.56783538603134455703E-018
      7068   2.35963818432241300000E+015   4.71983931121830313773E-018
      7069   2.32550970546461950000E+015   4.64150116278067954417E-018
      7070   2.33703270617382800000E+015   4.17284803074684786898E-018
      7071   2.11102126416451450000E+015   4.02464009887627485883E-018
      7072   2.11825425650604475000E+015   3.92274544372877521576E-018
      7073   2.12960172452731650000E+015   4.10421394441980516460E-018
      7074   2.33829772044855550000E+015   3.98940647398083170157E-018
      7075   2.30518715333045000000E+015   4.11009347581494394851E-018
      7076   2.12495456772367300000E+015   4.32500861969883115195E-018
      7077   1.93399358380119000000E+015   4.57485926925554587891E-018
      7078   1.95365213121348725000E+015   4.43001739769339365088E-018
      7079   1.93193122148686600000E+015   4.28063238886825055465E-018
      7080   1.88774962521825500000E+015   4.15738897344830154055E-018
      7081   1.85492208810002325000E+015   4.36032316416169645408E-018
      7082   1.89176551415881150000E+015   4.26094780027015924379E-018
      7083   2.05741693367972425000E+015   4.02375531310934774140E-018
      7084   2.11705614546314375000E+015   3.92012998887533370969E-018
      7085   2.08026856283201425000E+015   3.99162993698593148251E-018
      7086   1.65130029951827325000E+015   4.34716487730004364050E-018
      7087   1.59403316289257200000E+015   4.61192762093414761524E-018
      7088   1.37568210036602875000E+015   5.03956569834889764477E-018
      7089   1.52091211257019300000E+015   4.93605302160571853578E-018
      7090   1.39343221809122100000E+015   5.09334287930942555260E-018
      7091   1.33656174608905875000E+015   5.00706186898883834479E-018
      7092   1.36636050012617925000E+015   4.88087588507752010454E-018
      7093   1.25058617380946075000E+015   4.45724596110905523901E-018
      7094   1.22854571700328275000E+015   3.93143911719884906092E-018
      7095   1.22237098006426725000E+015   3.57327213774995592451E-018
      7096   1.22576241340086425000E+015   3.52174755868312953552E-018
      7097   1.30791499460349900000E+015   3.37989925872786075876E-018
      7098   1.24018530783588950000E+015   3.51550341933467696256E-018
      7099   1.28767046189077850000E+015   3.67514516111013982956E-018
      7100   1.39940212989594500000E+015   3.60631232471932684933E-018
      7101   1.47303511356092625000E+015   3.77220450578058778816E-018
      7102   1.33632458346112225000E+015   4.26747854320153714349E-018
      7103   1.32754475596295975000E+015   4.14048915128632732082E-018
      7104   1.39488690753644175000E+015   4.95222291451496018502E-018
      7105   1.33765569689148525000E+015   5.59746306097749276748E-018
      7106   1.34976626407607975000E+015   5.97354702779840058390E-018
      7107   1.52907628014754500000E+015   6.43430832730923994024E-018
      7108   1.59459635322035300000E+015   6.26684852651010892263E-018
      7109   1.39620361222799475000E+015   6.24674294899199333925E-018
      7110   1.34463059653228225000E+015   6.05732549089369400082E-018
      7111   1.35120923714008700000E+015   6.04020479156856628159E-018
      7112   1.35552760473299250000E+015   5.46747758227227190842E-018
      7113   1.27090013160605375000E+015   5.00738040073366441082E-018
      7114   1.02577684281064725000E+015   5.84398509563178664276E-018
      7115   1.02957207447938237500E+015   6.05124954787144270684E-018
      7116   1.10186857732898800000E+015   5.65199008400344500235E-018
      7117   1.29388330036125200000E+015   4.91499134768351775800E-018
      7118   1.30871351144329775000E+015   4.24671223834341348526E-018
      7119   9.96343159056544875000E+014   4.94633486365255417662E-018
      7120   7.68777137055641500000E+014   5.07194319456107273465E-018
      7121   7.95998666379821125000E+014   4.54392449084119597546E-018
      7122   1.00592369302530487500E+015   3.86054804755824926736E-018
      7123   9.86792563304053875000E+014   3.98221598124156653727E-018
      7124   9.93248436247587000000E+014   4.50702651205679613683E-018
      7125   1.00582135925109012500E+015   4.98980464874121159366E-018
      7126   1.00446482790337925000E+015   5.50280127991794837420E-018
      7127   8.11830743390369750000E+014   5.62357444265948266723E-018
      7128   6.79592487854920625000E+014   5.33615635208801849148E-018
      7129   9.56585332499848500000E+014   3.85807810359952058757E-018
      7130   8.89105202540278125000E+014   3.55059532657500368243E-018
      7131   9.00484843034158750000E+014   3.08597084175394301637E-018
      7132   7.24046948207008750000E+014   4.04352420343409023540E-018
      7133   5.81611549524772250000E+014   4.94955864264477832151E-018
      7134   4.91298883924250062500E+014   5.84510759170525742082E-018
      7135   6.34206477533878375000E+014   4.91564352691972875442E-018
      7136   9.26033871714483375000E+014   3.65746804085061598789E-018
      7137   8.68245386690962375000E+014   4.08508295958100490571E-018
      7138   7.92035154271199250000E+014   4.24195456280071217393E-018
      7139   9.45699901592950625000E+014   4.20952433675564743331E-018
      7140   9.45745898835828750000E+014   4.47298164200524873687E-018
      7141   7.07474166560054500000E+014   5.34352028445220643397E-018
      7142   6.11146208173696750000E+014   5.69220812749833839066E-018
      7143   6.88256640592863875000E+014   5.64064027993631671814E-018
      7144   7.02387396443109750000E+014   5.20223143564727186448E-018
      7145   8.05219852139435125000E+014   4.45011213676387781740E-018
      7146   8.37883019411711125000E+014   3.76698566357053154276E-018
      7147   8.14225282807894125000E+014   3.44608187915986335942E-018
      7148   6.07681650341561375000E+014   4.62218678334174914081E-018
      7149   5.43489463552626625000E+014   5.34234423932324146396E-018
      7150   3.83299571386317187500E+014   6.53338346755473625768E-018
      7151   3.88763757376635375000E+014   6.49397882272198634497E-018
      7152   6.23978676005172875000E+014   4.94640754378594440981E-018
      7153   6.33316160314564000000E+014   4.73926410320121542995E-018
      7154   7.37372948975250875000E+014   4.33891166249432924182E-018
      7155   8.03282084174894500000E+014   4.96034551982941923097E-018
      7156   9.80232408757503625000E+014   5.01857542621936567368E-018
      7157   9.10026034842883000000E+014   4.47408813271487915650E-018
      7158   8.07333615690268500000E+014   4.49544048880140323906E-018
      7159   8.36783545439023250000E+014   4.58874416862320333041E-018
      7160   7.57944712681952000000E+014   5.72022198367295340066E-018
      7161   6.76622646704424500000E+014   6.32433352372425307495E-018
      7162   5.91482895027838750000E+014   7.03957474097436378423E-018
      7163   5.88612618239622750000E+014   7.01464115878838915648E-018
      7164   6.05855731161297125000E+014   6.89976312961717183235E-018
      7165   4.90953669326346625000E+014   5.61271969484151910099E-018
      7166   6.84065749984626375000E+014   5.20353801948530580357E-018
      7167   6.57633004973149375000E+014   5.05185544581550505259E-018
      7168   7.80828984319411750000E+014   5.84477379826944353230E-018
      7169   7.26842511528638500000E+014   7.31284160323505491441E-018
      7170   6.41143786671451750000E+014   8.59341139825148382548E-018
      7171   9.90856749443797375000E+014   6.83440508114675351985E-018
      7172   1.12479384652160837500E+015   5.63332921837862913142E-018
      7173   9.17985575068716625000E+014   4.43929925842953105384E-018
      7174   1.08845209467032362500E+015   3.76289666885574570863E-018
      7175   9.84465720008892000000E+014   4.36124828580255800195E-018
      7176   9.63208480027153625000E+014   5.20110600895311460012E-018
      7177   1.00572464612816150000E+015   5.43872793972600979391E-018
      7178   9.89701630581149125000E+014   4.89539746413010158895E-018
      7179   1.00567690094789012500E+015   5.26181042627419790102E-018
      7180   9.25312892706005625000E+014   5.55632820987590578169E-018
      7181   9.77670958995316750000E+014   5.57413078159028265116E-018
      7182   1.06939716686727525000E+015   5.56528234342618267189E-018
      7183   1.40622673673214200000E+015   4.79565940627292478517E-018
      7184   1.45138647390050650000E+015   4.57263783835643839237E-018
      7185   1.34980963535258325000E+015   4.06427541645630948193E-018
      7186   1.26671765134768625000E+015   4.37864000335835234920E-018
      7187   1.09514566524617775000E+015   5.50860348274309370445E-018
      7188   1.15621673226763750000E+015   5.77445256556292360361E-018
      7189   1.19244152767847575000E+015   5.38009783844483397059E-018
      7190   1.23961180552289200000E+015   4.74223060283410861420E-018
      7191   1.27577817810001075000E+015   4.42443258396465035350E-018
      7192   1.25220459046966750000E+015   4.30535539023791327816E-018
      7193   1.29138894469141300000E+015   4.62880309833374172921E-018
      7194   1.35103476001102950000E+015   4.63825790151125514211E-018
      7195   1.45153064169237800000E+015   4.78208203041344952474E-018
      7196   1.55316672463662425000E+015   4.71158819486490470979E-018
      7197   1.53563735550442375000E+015   4.52150399401320415442E-018
      7198   1.58569285242159625000E+015   4.54406271637797518886E-018
      7199   1.49591297486464525000E+015   4.38816733355618606493E-018
      7200   1.48188637294849475000E+015   4.48584914890894166547E-018
      7201   1.41843157065118525000E+015   4.73759831225699182274E-018
      7202   1.45504102644423275000E+015   4.46087210361842650092E-018
      7203   1.29727624271129900000E+015   5.06280904601348851542E-018
      7204   1.30823329410823400000E+015   5.43495177486683324589E-018
      7205   1.11289995679118200000E+015   5.70602576498667899773E-018
      7206   1.16677428658163300000E+015   5.20817108478250151115E-018
      7207   1.18459742343672450000E+015   4.73546824605894610581E-018
      7208   1.11768623886477637500E+015   4.85315269579090384374E-018
      7209   1.09708418177514925000E+015   5.04759475634013044072E-018
      7210   1.13066837811222150000E+015   3.91942379466231972261E-018
      7211   1.18544129266267500000E+015   3.86360204900999034492E-018
      7212   1.21149744515770250000E+015   4.86169209035037047735E-018
      7213   1.28067722425758500000E+015   6.13857336557238988363E-018
      7214   1.46919605256732325000E+015   6.35523811579597305640E-018
      7215   1.66309602102181150000E+015   6.24348660971268581939E-018
      7216   1.73449591069972250000E+015   6.65235800090857808697E-018
      7217   1.82820151061542350000E+015   6.51802244715006114003E-018
      7218   1.91320295960070975000E+015   6.43286712542860948469E-018
      7219   1.85541562345919075000E+015   6.41032102022615580017E-018
      7220   1.88322502796419875000E+015   5.89898723902005732435E-018
      7221   2.16325443641406825000E+015   5.13816565870036528750E-018
      7222   2.14124672632986675000E+015   4.93389317352020507580E-018
      7223   2.08222373096595200000E+015   4.86817203936618045595E-018
      7224   1.78050468191588350000E+015   5.67138995139141483228E-018
      7225   1.24820123280847875000E+015   6.87831480525352643549E-018
      7226   1.27520411230753750000E+015   6.50013860428462164117E-018
      7227   1.33300974390933150000E+015   6.16965532256811844154E-018
      7228   1.32564552330931350000E+015   5.92282901920141550610E-018
      7229   1.32505033117424425000E+015   5.74826502777815733413E-018
      7230   1.56728791966750850000E+015   5.46763365699331254560E-018
      7231   2.05954194331284450000E+015   4.56056977106287810106E-018
      7232   2.28749591616058900000E+015   4.62999105268430260179E-018
      7233   2.30412650526103800000E+015   5.10442008159403722458E-018
      7234   2.58746411294488800000E+015   4.74654889578831444201E-018
      7235   2.83976811041583800000E+015   3.89349860130544742755E-018
      7236   2.80833773344163000000E+015   3.90676645972649689343E-018
      7237   3.63698931493766600000E+015   3.89260023437297811138E-018
      7238   3.91855070203207000000E+015   4.19622922116068747256E-018
      7239   4.09460863258069850000E+015   4.31442049480001143615E-018
      7240   3.78079011386194450000E+015   4.79011500558194127644E-018
      7241   4.45586890017240550000E+015   4.07964454297838018256E-018
      7242   4.87479015538012200000E+015   3.64779814682217092291E-018
      7243   5.74383392250460400000E+015   3.52883187700339209221E-018
      7244   9.18230113692936400000E+015   2.87643002570186863355E-018
      7245   1.51792229855500000000E+016   2.26867721822501327089E-018
      7246   1.87456382082916320000E+016   2.18399834473249205440E-018
      7247   2.35341432930721040000E+016   2.16190926548530773439E-018
      7248   1.71387410712825460000E+016   2.96514968211234004666E-018
      7249   2.36877978036284320000E+016   3.05392291872291590915E-018
      7250   5.22837118009775680000E+016   1.55052741022357761006E-018
      7251   6.27997788305101920000E+016   8.98149261615179199052E-019
      7252   5.47632698798080720000E+016   1.00225787259775561908E-018
      7253   5.98448260740661760000E+016   9.65564376763123911160E-019
      7254   9.66684455577108000000E+016   6.65351993131320761509E-019
      7255   1.60062775903542336000E+017   5.10830490404215394003E-019
      7256   1.80818314240248320000E+017   4.92273071047323342548E-019
      7257   1.65169295484043904000E+017   9.01904048890267590392E-019
      7258   1.44516079254025344000E+017   6.21328615556791762695E-019
      7259   2.19193851811071360000E+017   4.69719882347136945853E-019
      7260   2.07529091472995584000E+017   4.47668723150834030844E-019
      7261   1.66373510298413984000E+017   5.99805957988055043118E-019
      7262   1.62494892799548480000E+017   5.15091497342286941330E-019
      7263   1.59817894959125056000E+017   4.20431081988527376964E-019
      7264   3.07441907179570752000E+017   3.64361437066215154890E-019
      7265   3.15171925132837440000E+017   2.73072209847311649528E-019
      7266   3.75651130069349376000E+017   1.28064580034793081810E-019
      7267   6.12119759188268032000E+017   7.46867772175184220868E-020
      7268   6.33543364149025408000E+017   2.12172306444742139877E-019
      7269   6.09901863655086080000E+017   2.10540124085324316934E-019
      7270   5.98249696012850432000E+017   1.90424116648628436583E-019
      7271   2.74362848603554240000E+017   2.27697313399457203348E-019
      7272   4.03944737610133760000E+017   2.82868073371293332769E-019
      7273   1.61096605887151040000E+017   7.20603057847039526002E-019
      7274   2.37599870628410816000E+017   3.51573469157253555713E-019
      7275   1.47453477423724736000E+017   5.71133812934660285029E-019
      7276   1.51620193829056512000E+017   3.55967998761307337291E-019
      7277   1.69743764364096768000E+017   5.89387406433300241619E-019
      7278   1.37614439448440560000E+017   6.03622576846691913218E-019
      7279   1.02392219650146864000E+017   6.86930669125355890672E-019
      7280   9.19878639866746880000E+016   6.41810157026554720102E-019
      7281   4.56738322156831040000E+016   1.70834645025357795506E-018
      7282   3.91789933936708720000E+016   1.76376003602232451607E-018
      7283   2.92280655527931000000E+016   2.10520295357590767719E-018
      7284   2.24652585573563600000E+016   1.83280434242084307268E-018
      7285   2.52155084828718000000E+016   1.51075748629171447815E-018
      7286   2.35789238012059600000E+016   1.60925588578610762684E-018
      7287   1.62764313052456040000E+016   2.01802494618467989446E-018
      7288   1.14013783932580740000E+016   2.45549515354634859172E-018
      7289   8.40270753744876300000E+015   2.35066533392917752046E-018
      7290   7.39816305789266600000E+015   2.50196954640677895556E-018
      7291   7.97716796769846600000E+015   2.31320379787463159304E-018
      7292   8.02787299385403700000E+015   2.55423118817981084527E-018
      7293   7.94671025566415400000E+015   2.59480021207579290453E-018
      7294   6.38185528256668100000E+015   2.67831299639815282142E-018
      7295   5.98105325559041500000E+015   2.58715897801424086049E-018
      7296   5.74278047132226200000E+015   2.68049518470904868226E-018
      7297   4.95122714976621700000E+015   2.83465772720028033691E-018
      7298   4.26791670448489100000E+015   3.02586957128575358373E-018
      7299   3.92670482390053700000E+015   2.94611809885904613735E-018
      7300   4.10132088785340000000E+015   2.83031292979203972312E-018
      7301   4.11405304632468450000E+015   2.91560523357152507539E-018
      7302   4.23301410239598900000E+015   3.37466510052337802355E-018
      7303   3.98752744860709050000E+015   3.64859833584804499723E-018
      7304   3.71278638091114750000E+015   3.86300456947190487989E-018
      7305   3.14854116161841850000E+015   3.78905245109156855207E-018
      7306   2.84029376208612850000E+015   3.74200379610942132765E-018
      7307   2.39578755774211400000E+015   3.48732251705289450696E-018
      7308   2.16591732377259100000E+015   3.63540748832096834520E-018
      7309   1.91262658962979925000E+015   4.20339767145429241396E-018
      7310   1.89145942634827300000E+015   4.71582337131054523573E-018
      7311   2.10133889250770900000E+015   4.70891016982792795876E-018
      7312   2.46678413242666550000E+015   4.45693557633988416985E-018
      7313   2.43727577966054700000E+015   4.20475618235379950659E-018
      7314   2.22551864196628125000E+015   4.00211601575499167698E-018
      7315   2.01702788391584050000E+015   4.07922331023794993324E-018
      7316   2.20588995412366400000E+015   3.99327838840250000002E-018
      7317   2.14546066162061550000E+015   3.94327967691970301475E-018
      7318   2.26451565749456800000E+015   4.01447611770530075077E-018
      7319   2.12867527049754175000E+015   4.31499355348329859122E-018
      7320   1.93858333905522775000E+015   4.61850524228694702916E-018
      7321   1.84332729293164500000E+015   4.47765600339176867963E-018
      7322   1.81624632460017600000E+015   4.31574036592969061222E-018
      7323   1.94093105163522025000E+015   4.08503994939618295827E-018
      7324   2.04952033540441500000E+015   4.18575499766076483083E-018
      7325   1.97252870967564700000E+015   4.06895791845912152311E-018
      7326   2.09220725946345775000E+015   3.88626014628947717652E-018
      7327   2.04364981846451925000E+015   3.99211755564315872845E-018
      7328   2.02763968545864225000E+015   3.90955943117429970350E-018
      7329   1.95517600527381525000E+015   4.00246285398986721100E-018
      7330   1.84453111422348700000E+015   4.31843317939777368247E-018
      7331   1.49731509889140275000E+015   4.52079437276428894554E-018
      7332   1.37359313809536500000E+015   4.86933622889145843444E-018
      7333   1.41172005451415400000E+015   5.05568572270830967853E-018
      7334   1.30515983129700825000E+015   5.36258785150456123181E-018
      7335   1.26933844872904125000E+015   5.12364799414011537895E-018
      7336   1.27606845249170825000E+015   5.19506163469405190658E-018
      7337   1.20919199222458575000E+015   4.61561328154602490458E-018
      7338   1.10980793086922537500E+015   4.23903558887859155004E-018
      7339   1.21723432774006950000E+015   3.62267440445976782002E-018
      7340   1.37102204731413425000E+015   3.32463695159527881976E-018
      7341   1.35406869383523175000E+015   3.23649094372951763611E-018
      7342   1.44661388795770575000E+015   3.22319972258107622553E-018
      7343   1.42035903216577350000E+015   3.64431233250731464198E-018
      7344   1.34336992859930775000E+015   3.52032156177390479384E-018
      7345   1.52817466886569600000E+015   3.63027953773222151235E-018
      7346   1.46213999434305950000E+015   4.14775396151547978096E-018
      7347   1.38527476931884125000E+015   4.17763110190484094715E-018
      7348   1.43849182276683025000E+015   4.80403846976739084933E-018
      7349   1.40342593654370150000E+015   5.15538156271944563472E-018
      7350   1.37992490543747925000E+015   5.91984252248309656690E-018
      7351   1.65328554223894925000E+015   6.02622425152621363749E-018
      7352   1.65588347898749650000E+015   6.25311451653169973515E-018
      7353   1.39558989055923525000E+015   6.28670209282005925487E-018
      7354   1.41885412545755875000E+015   6.14446516325784512149E-018
      7355   1.34378116612012925000E+015   6.05102476215210975063E-018
      7356   1.41477939296345800000E+015   5.42406050097232375639E-018
      7357   1.33182019802484900000E+015   5.04906288202245806041E-018
      7358   1.12141277672699125000E+015   5.36851225178314319787E-018
      7359   9.84220485969772750000E+014   6.29986234204296097346E-018
      7360   9.92940445981420250000E+014   5.89360452859516636413E-018
      7361   1.34797949778378400000E+015   4.83484962112823342791E-018
      7362   1.35686826372131125000E+015   4.11756067943504142122E-018
      7363   1.07148398140701225000E+015   4.77562448890889590963E-018
      7364   7.88323931481670500000E+014   5.01902992635535865329E-018
      7365   8.46191614951760250000E+014   4.48103226741504542440E-018
      7366   9.43831339073912250000E+014   4.18326137460984212461E-018
      7367   1.00706728116722737500E+015   3.86630598593003419112E-018
      7368   9.73629599328634250000E+014   4.36802433953954254076E-018
      7369   9.93107822863001750000E+014   4.72913123535933968673E-018
      7370   1.01484042874190662500E+015   5.13011710424506310749E-018
      7371   9.65600296244014625000E+014   5.06982194394947422951E-018
      7372   9.10804793112382000000E+014   4.48781402070954415951E-018
      7373   9.80157127743332375000E+014   3.98762056084349912799E-018
      7374   1.05962826432738175000E+015   3.17703441586717540825E-018
      7375   9.57633388438718875000E+014   2.98277176711795649981E-018
      7376   8.96286317175489750000E+014   3.38744695750607943706E-018
      7377   6.20037983105067125000E+014   4.66738000752831074342E-018
      7378   5.99833488067035000000E+014   4.83846865470825383299E-018
      7379   6.33440046258470250000E+014   4.90019820924950716915E-018
      7380   8.43078440342569375000E+014   3.95908189970262166710E-018
      7381   9.02372482694077375000E+014   3.63415708768065363629E-018
      7382   7.98526494902054875000E+014   4.08493094106434352719E-018
      7383   1.02265467650412862500E+015   3.68939615114251100582E-018
      7384   1.07787018356884325000E+015   3.91289441710272412899E-018
      7385   8.69027874400246000000E+014   5.14224351285835246377E-018
      7386   5.13777968250844875000E+014   6.34370863806076192437E-018
      7387   6.28101667074908250000E+014   5.88051758163010500338E-018
      7388   6.11860244421126375000E+014   5.62984281227723218897E-018
      7389   8.06219328130826875000E+014   4.57898687557869737429E-018
      7390   8.72484903066419000000E+014   3.92735600298944030494E-018
      7391   8.57499100273339375000E+014   3.28583239616878393277E-018
      7392   6.44482239701969625000E+014   4.45582204598214967123E-018
      7393   5.86131877686754250000E+014   4.98988416536412142196E-018
      7394   3.89723555832153812500E+014   6.51127627056321931767E-018
      7395   3.22246111508623812500E+014   6.99746928784759095434E-018
      7396   5.00528919571406875000E+014   6.27610454728938109736E-018
      7397   6.07663881284573500000E+014   4.94446002323424362487E-018
      7398   5.86205887342567125000E+014   4.72441473295406186350E-018
      7399   7.71506321521301250000E+014   4.89321987003077835598E-018
      7400   9.39898553087487625000E+014   5.01576687492327375266E-018
      7401   9.42408428047128250000E+014   5.04530214092167089664E-018
      7402   8.26702297866632625000E+014   4.40431874432518986199E-018
      7403   7.77142687486747125000E+014   4.36014489237329543440E-018
      7404   8.58720565480250125000E+014   5.50919908276229227098E-018
      7405   8.21109414609789000000E+014   5.92335870009919608366E-018
      7406   6.59717780815592500000E+014   6.60540683423187317449E-018
      7407   5.44227747473859062500E+014   6.93764792048418396017E-018
      7408   6.18362584168591375000E+014   6.84067699926857705541E-018
      7409   5.59858283846974875000E+014   6.43388485075570550574E-018
      7410   5.51561404204373625000E+014   5.24259034075923974081E-018
      7411   7.50873429981714875000E+014   5.17665675836477239842E-018
      7412   6.89923723545881500000E+014   5.50151154669019034469E-018
      7413   7.25938791678028500000E+014   6.76067519177109964076E-018
      7414   6.05572068078643000000E+014   8.53824892980425746163E-018
      7415   9.04360114502144125000E+014   7.56870020146593745087E-018
      7416   1.14921214838634450000E+015   5.87887256386419894643E-018
      7417   1.00720390073273762500E+015   5.04300176235354826216E-018
      7418   9.44441120503892000000E+014   3.66775740229205862684E-018
      7419   9.03763759867907875000E+014   4.14548374150518663612E-018
      7420   9.35752105513735000000E+014   5.03313596275934341599E-018
      7421   9.88471611603827375000E+014   5.39420210691098580468E-018
      7422   1.05074039887925775000E+015   5.12350709779824434859E-018
      7423   9.18581585416642625000E+014   5.43239767242033133299E-018
      7424   9.60881873221465750000E+014   5.49509619434467064014E-018
      7425   9.06972238215532000000E+014   5.89068063491544019989E-018
      7426   9.82764204405185750000E+014   5.57834661747498684858E-018
      7427   1.24083281417104350000E+015   5.24718546084447705581E-018
      7428   1.45392369879337100000E+015   4.26533813464742452916E-018
      7429   1.44076765220429650000E+015   4.44608416900356034066E-018
      7430   1.30069356264230900000E+015   4.15389456433779010657E-018
      7431   1.06575103473097400000E+015   5.04152994467492954262E-018
      7432   1.02322204092296200000E+015   5.81152340647753786776E-018
      7433   9.97841536640095375000E+014   6.16046009787145027200E-018
      7434   1.18767868391181000000E+015   4.93900170453272135140E-018
      7435   1.20754116012572825000E+015   4.38113561798340298731E-018
      7436   1.30495732619413500000E+015   4.07106331030754537497E-018
      7437   1.23632491376145850000E+015   4.60859612234127378258E-018
      7438   1.29986949089979275000E+015   4.66321437793611609271E-018
      7439   1.36835542892764125000E+015   4.71722685062815041964E-018
      7440   1.42684736994050700000E+015   4.83628257598246869324E-018
      7441   1.53056644056250850000E+015   4.94063840009890707236E-018
      7442   1.50166548262235325000E+015   4.74472203872888955765E-018
      7443   1.40639845594591100000E+015   4.76404401822089919411E-018
      7444   1.40322856489160900000E+015   4.52274672928441451841E-018
      7445   1.29142776133477975000E+015   4.95072261649984896983E-018
      7446   1.29751704316273750000E+015   4.77228193618635118674E-018
      7447   1.25627367049789025000E+015   5.12263810228184522880E-018
      7448   1.27083080956080225000E+015   5.35899418275425766304E-018
      7449   1.21224315346196300000E+015   5.67852671837724325693E-018
      7450   1.22286983857889400000E+015   5.30545596442093326249E-018
      7451   1.16832408709106225000E+015   5.19148376123998244852E-018
      7452   1.21878360964706225000E+015   4.36007915465620036117E-018
      7453   1.20944526388683025000E+015   4.20074202041456141781E-018
      7454   1.17942448103634000000E+015   4.11551423377002711469E-018
      7455   1.18885944261978825000E+015   3.84451856510938366941E-018
      7456   1.24016585593891200000E+015   4.68164271572349535503E-018
      7457   1.27187505515289000000E+015   5.79209872896112242521E-018
      7458   1.41470903268702725000E+015   6.27074390222100527474E-018
      7459   1.53697130940140025000E+015   6.53139440093699854893E-018
      7460   1.76375223039142800000E+015   6.15441313423575478828E-018
      7461   1.74424322007377025000E+015   6.44679993571394474356E-018
      7462   1.86177716422809275000E+015   6.31709186901325523874E-018
      7463   1.92298968804503600000E+015   6.02481612278970854650E-018
      7464   1.90528476593859575000E+015   5.70954246452529215996E-018
      7465   1.96421270654631750000E+015   5.42308351990118764926E-018
      7466   2.12788499335606475000E+015   5.04841138494914192580E-018
      7467   2.07386969098769150000E+015   5.16451627307327465774E-018
      7468   1.89716240619428050000E+015   5.51363545893261086401E-018
      7469   1.59696883021570675000E+015   6.54158169389040147516E-018
      7470   1.22766144075142550000E+015   6.96292271018205264551E-018
      7471   1.29187465774851475000E+015   6.08955450866690064802E-018
      7472   1.38279263795340600000E+015   6.03159278086578645630E-018
      7473   1.46985747178341150000E+015   5.97134367944421879216E-018
      7474   1.51657704234637325000E+015   5.72875418302835411300E-018
      7475   1.85362795700317925000E+015   5.69001931987812328215E-018
      7476   2.05165712451622200000E+015   5.40815037638697501441E-018
      7477   2.59273504216215200000E+015   4.34570367261798759243E-018
      7478   2.67799524754378850000E+015   4.37370233837861955898E-018
      7479   2.92236832235469300000E+015   3.53570718478842761713E-018
      7480   2.99512968352310200000E+015   3.35610749526335248438E-018
      7481   3.24947545475475200000E+015   3.46011833542761146886E-018
      7482   3.59692892991615300000E+015   3.39350599914806705262E-018
      7483   4.18621739556718850000E+015   3.41568539075381561758E-018
      7484   4.64714433640911200000E+015   3.49407326643898854694E-018
      7485   4.67966717645023400000E+015   3.99044640749200842613E-018
      7486   4.28157913018275500000E+015   4.22061231781072019806E-018
      7487   4.69129761297776400000E+015   3.90878850471853046612E-018
      7488   6.41802681153470000000E+015   3.49752555207769800115E-018
      7489   8.68233335991646900000E+015   2.74699057841594494275E-018
      7490   1.23066803735541280000E+016   2.52015337968446956320E-018
      7491   1.72803285085038100000E+016   2.60298732980943950091E-018
      7492   3.15851114537222800000E+016   1.64789615991080312087E-018
      7493   4.78393297591932720000E+016   1.33762225876483710467E-018
      7494   2.99606927675278480000E+016   2.39588060446930726280E-018
      7495   3.24408608496288400000E+016   1.96406794953970372475E-018
      7496   8.06970035963424640000E+016   1.06234869961662091168E-018
      7497   9.99210801069011200000E+016   8.25886804474116398629E-019
      7498   7.22931711763610880000E+016   6.42937756941230655684E-019
      7499   1.24351068924578720000E+017   4.29700215653431386046E-019
      7500   1.77654630507022816000E+017   5.57531979942680021038E-019
      7501   1.65899195945562816000E+017   6.41509633283477688277E-019
      7502   2.46999781100058080000E+017   3.34651046548445800436E-019
      7503   2.03148192721687520000E+017   5.03562027175150607536E-019
      7504   2.97083103063657152000E+017   2.40949678084811354805E-019
      7505   3.32613381848451840000E+017   2.70090880423262759245E-019
      7506   2.43243672370605056000E+017   4.21090135687374851427E-019
      7507   3.15158619030687424000E+017   3.20763315262486657457E-019
      7508   3.25005371365541120000E+017   2.61302534513936863803E-019
      7509   4.41470997487496448000E+017   9.95262705562648659604E-020
      7510   5.79873504919154432000E+017   2.05185671170212786412E-019
      7511   6.63235806128423296000E+017   1.12393963717705107362E-019
      7512   4.59448705221955136000E+017   2.53563394349498216059E-019
      7513   3.17457771964574336000E+017   3.74674358752390992672E-019
      7514   2.73852302162636928000E+017   5.36811174955530162472E-019
      7515   2.27561697120738272000E+017   6.41700238456389791271E-019
      7516   2.81589242421680128000E+017   5.13708510910062067825E-019
      7517   2.52395027793387872000E+017   4.11135190408756631054E-019
      7518   1.67180879478600896000E+017   4.11966795358838384391E-019
      7519   8.39250387172607200000E+016   9.48222376053346693163E-019
      7520   6.07086279893450720000E+016   1.37208391764665829362E-018
      7521   5.68040546907378960000E+016   1.28161207736761638215E-018
      7522   4.96707337777423760000E+016   8.95403551500167412418E-019
      7523   3.45300214280170080000E+016   1.34970029133002645319E-018
      7524   2.94723021057916840000E+016   1.49473774483567903056E-018
      7525   2.27547684999129960000E+016   2.09437260049380667919E-018
      7526   1.46389830995993940000E+016   2.68286199946529699731E-018
      7527   1.83421236244083240000E+016   2.32682762717608591287E-018
      7528   1.27819891689325560000E+016   2.36795569853997008683E-018
      7529   1.00060519774140240000E+016   2.48675867486001948373E-018
      7530   9.72446412452146800000E+015   2.30783752167534191691E-018
      7531   8.97115217015956100000E+015   2.68231842144227185858E-018
      7532   7.77229930079081900000E+015   2.72652541663424646921E-018
      7533   5.88520895493642800000E+015   2.83149110788819854598E-018
      7534   5.36623167045402800000E+015   2.61576804535165099752E-018
      7535   5.04147254275491200000E+015   2.78761520277003976567E-018
      7536   5.26639975653160200000E+015   2.91495391336253411712E-018
      7537   4.70299973080178000000E+015   2.87205944719060037550E-018
      7538   4.02024943660407000000E+015   2.86753968850479013746E-018
      7539   4.10355253749033150000E+015   2.78803726242460242682E-018
      7540   3.66965474662503400000E+015   2.99164189161263230333E-018
      7541   3.73979505760101950000E+015   3.02641838540134521561E-018
      7542   4.21805976293498050000E+015   3.06795477678829530095E-018
      7543   4.19223382071014600000E+015   2.88884580902512131497E-018
      7544   3.77455637276348450000E+015   3.10438091345354455425E-018
      7545   3.22668603354347750000E+015   3.39968943077451835555E-018
      7546   2.76747989322197300000E+015   3.48066408604595093456E-018
      7547   2.47495743230412450000E+015   3.46105630895513167558E-018
      7548   2.11366637508111375000E+015   3.65261449103824349440E-018
      7549   1.65109286994464700000E+015   4.18810717056724813594E-018
      7550   1.70607703583013450000E+015   4.72128428531527746522E-018
      7551   1.66600807644376725000E+015   5.05178196843201822764E-018
      7552   2.25039051478126100000E+015   4.68661101705596489682E-018
      7553   2.41542271665785800000E+015   4.07808993014205445372E-018
      7554   2.42256291472484000000E+015   3.97996411442445096637E-018
      7555   2.25875099811935150000E+015   4.23624435300588961025E-018
      7556   2.21059531278202325000E+015   4.01527507845386600426E-018
      7557   2.10025653451928550000E+015   4.14986550112352479738E-018
      7558   2.19941847327810200000E+015   4.30303594616917904454E-018
      7559   2.03358950507614350000E+015   4.54303011681497313501E-018
      7560   1.88539116226825900000E+015   4.55983553228656595732E-018
      7561   1.77491695657981850000E+015   4.48300520606065489273E-018
      7562   1.51287538788107900000E+015   4.28760722734879138810E-018
      7563   1.90317221360628300000E+015   4.20917887925377837516E-018
      7564   2.03450046519890975000E+015   4.19004671016040571203E-018
      7565   2.21367586976299800000E+015   3.97176788859747756723E-018
      7566   2.25585818413856200000E+015   3.60800183104592841001E-018
      7567   2.14444807298851675000E+015   3.73990128297106110220E-018
      7568   2.15876403282871025000E+015   3.76005253523030751556E-018
      7569   1.92588205887091775000E+015   4.02056105459430972808E-018
      7570   1.90423447194384875000E+015   4.18757804914625541287E-018
      7571   1.44425419581228325000E+015   4.75873982270975972496E-018
      7572   1.30620636555387375000E+015   4.94172630828465706298E-018
      7573   1.33991195899357475000E+015   5.22128885250105984313E-018
      7574   1.24158179804832175000E+015   5.19803340546908539657E-018
      7575   1.26811074603082825000E+015   5.33301956230171649300E-018
      7576   1.22705525521865000000E+015   5.17407115114094268074E-018
      7577   1.04222862592197325000E+015   4.74774101143131383995E-018
      7578   1.06493682186592150000E+015   4.39344229371597722253E-018
      7579   1.24045579032957200000E+015   3.94688177310980908118E-018
      7580   1.37525375575995650000E+015   3.16388800723589161168E-018
      7581   1.40297755832899400000E+015   3.15326861004703611019E-018
      7582   1.49683618366386750000E+015   3.25138363307056859384E-018
      7583   1.49041457970513550000E+015   3.54973015371757972779E-018
      7584   1.47066831425068875000E+015   3.40975462254581612393E-018
      7585   1.53110343408488875000E+015   3.53278433547782512626E-018
      7586   1.45243123324928500000E+015   4.12305486810124528951E-018
      7587   1.36051961985067175000E+015   4.22090705504786265237E-018
      7588   1.32177609102414050000E+015   4.75364634648933445046E-018
      7589   1.14112072284639800000E+015   5.32780261734302094499E-018
      7590   1.41675041090966225000E+015   5.87110191714235312791E-018
      7591   1.68810895361002050000E+015   5.95836684988058993367E-018
      7592   1.73648781497999050000E+015   6.24242129767551757748E-018
      7593   1.43603545819403175000E+015   6.23483922743061154184E-018
      7594   1.42600110649333000000E+015   6.09333507361304881169E-018
      7595   1.37017246791526850000E+015   5.98518161974182707794E-018
      7596   1.47122447965437275000E+015   5.27985123505163149610E-018
      7597   1.40473675611206975000E+015   4.87207990005849489529E-018
      7598   1.08279878919563875000E+015   5.88464421389037338634E-018
      7599   9.89266291506434875000E+014   6.28317726650456455911E-018
      7600   1.01709375162386100000E+015   5.87952207476532404994E-018
      7601   1.36582406402845550000E+015   4.71695990447471975425E-018
      7602   1.37184597903637025000E+015   3.98652491414150040766E-018
      7603   1.08744237876472850000E+015   4.71804432599119230517E-018
      7604   8.66194481868689375000E+014   4.84397360340228318375E-018
      7605   9.82318990804791250000E+014   4.22133176759221711308E-018
      7606   9.94265397180200250000E+014   4.04566926640375081197E-018
      7607   1.02737545019640250000E+015   3.83070204810964425563E-018
      7608   9.48519104684565500000E+014   4.35093121230717925524E-018
      7609   9.99223226497371750000E+014   4.70706752152742770628E-018
      7610   1.03145933854373475000E+015   5.03816668895794117510E-018
      7611   9.40845132492725875000E+014   4.63707921235522584243E-018
      7612   9.74468944373018125000E+014   4.27341229081067557073E-018
      7613   1.04889821627027000000E+015   3.77071570471322790878E-018
      7614   1.17452061883737150000E+015   2.87978507988334194259E-018
      7615   1.06310898083148837500E+015   2.80128092455302746603E-018
      7616   9.12851621620831750000E+014   3.29633871187499175608E-018
      7617   7.42790480555549375000E+014   3.93527481859530272280E-018
      7618   5.48457836030288125000E+014   5.11795084858881820210E-018
      7619   6.70342580398145750000E+014   4.46241583391145636266E-018
      7620   8.14912116190102125000E+014   4.09860002473619189754E-018
      7621   9.11434461592447625000E+014   3.55695214416207011867E-018
      7622   8.51518322493049125000E+014   3.92695794638603584907E-018
      7623   1.04342805543963100000E+015   3.52608026271151056269E-018
      7624   1.09755411644406725000E+015   3.79879469829757789250E-018
      7625   9.38075993775211375000E+014   4.82523526237730971959E-018
      7626   5.37536163079020562500E+014   6.25660653101151135422E-018
      7627   6.80039894973536750000E+014   5.56798792067481173756E-018
      7628   7.10725683923855000000E+014   5.44334563445513237314E-018
      7629   7.40338343868498750000E+014   4.65656981591596699271E-018
      7630   8.80144264000059000000E+014   3.89133332311296586251E-018
      7631   9.10961684282310125000E+014   3.21123747070909624769E-018
      7632   7.41573798145096375000E+014   4.10335551652238603575E-018
      7633   5.78783553288676625000E+014   5.06431660958429421864E-018
      7634   3.97188378604530187500E+014   6.46860379854479344380E-018
      7635   2.95364770651762062500E+014   7.13249362330301210793E-018
      7636   5.92045182993594625000E+014   5.71763003666676977325E-018
      7637   6.36144738116722000000E+014   5.18077424271116487805E-018
      7638   6.73280496542751500000E+014   4.38901471213499589740E-018
      7639   7.56061286342384250000E+014   4.73277853975435224956E-018
      7640   7.64484138406521500000E+014   5.64807902135047365800E-018
      7641   9.30219051701103250000E+014   5.05278448737647258287E-018
      7642   9.14588279750869750000E+014   4.10521774622702285567E-018
      7643   8.73456094015305250000E+014   4.34568982792319479800E-018
      7644   9.16743498822229375000E+014   5.21594652331417752124E-018
      7645   8.57828206910839875000E+014   5.98097585490655643619E-018
      7646   7.44159935822488000000E+014   6.39478819910291550447E-018
      7647   6.19728039273938125000E+014   6.86967445207505974691E-018
      7648   6.64116277291863750000E+014   6.61563148501641804657E-018
      7649   5.30526067595724375000E+014   6.55974419118723422775E-018
      7650   7.16142454972739500000E+014   5.08660712988089056049E-018
      7651   7.28983470055492625000E+014   5.30777332412996487041E-018
      7652   7.34940029715213000000E+014   4.97384463581419105154E-018
      7653   6.78538951996901125000E+014   6.51222741068488824402E-018
      7654   7.31787834697404250000E+014   7.59598595485067176131E-018
      7655   9.20365217798910750000E+014   7.33333709316813809825E-018
      7656   1.16748624674224575000E+015   5.89220304302764174114E-018
      7657   1.23408137502543975000E+015   4.47760176073838012226E-018
      7658   9.55730871491932250000E+014   3.65102888816238265976E-018
      7659   8.32945258630148625000E+014   3.88410879398984535193E-018
      7660   9.22885499560450125000E+014   4.93136439058476923423E-018
      7661   9.39900702813584000000E+014   5.25037603155657280760E-018
      7662   1.03360793106545425000E+015   4.96647622037529721320E-018
      7663   1.00854431470346475000E+015   4.97894704822606688441E-018
      7664   1.00005307767071887500E+015   5.22734837054570227492E-018
      7665   9.02021928883515625000E+014   5.63463416829243201374E-018
      7666   9.69386334800140750000E+014   5.66623510508738961551E-018
      7667   1.19697099227013775000E+015   5.03607116887771481105E-018
      7668   1.42212058225429375000E+015   4.71222790734803289693E-018
      7669   1.46452407489812250000E+015   4.44012225798774079692E-018
      7670   1.37146904621079200000E+015   4.12725551994631153617E-018
      7671   1.13874044007853200000E+015   4.76790101218687962941E-018
      7672   1.02421506113027837500E+015   5.62356031461775342373E-018
      7673   8.86710484672232750000E+014   6.26037348817634095558E-018
      7674   1.09639067796220800000E+015   5.46579953810368124276E-018
      7675   1.24052540962797925000E+015   3.93576025780926308410E-018
      7676   1.24308256757173350000E+015   4.07698442765272803418E-018
      7677   1.30213966661705650000E+015   4.52768497855222070976E-018
      7678   1.17936773075696125000E+015   4.99747020518567023379E-018
      7679   1.27055770139568325000E+015   4.79441770200810366499E-018
      7680   1.37965770869631650000E+015   5.00242129744684772809E-018
      7681   1.42067644623123825000E+015   5.04355550199083227601E-018
      7682   1.36980130592506925000E+015   5.07882578148011576028E-018
      7683   1.22966190781170900000E+015   5.15885175634610904391E-018
      7684   1.11282880210627100000E+015   5.08909824963226123228E-018
      7685   1.14769689075326775000E+015   4.89224353993080974750E-018
      7686   1.19755106715104325000E+015   5.27565574917617654185E-018
      7687   1.22903976982650050000E+015   5.12719192156304328615E-018
      7688   1.19813166011929150000E+015   5.36480072441813232533E-018
      7689   1.20950803807587000000E+015   5.62737256367558745558E-018
      7690   1.26776545990036075000E+015   5.23254513687803831906E-018
      7691   1.19858173081796450000E+015   5.12763919829302273064E-018
      7692   1.25028320494766225000E+015   4.73944987732697221326E-018
      7693   1.23812886594325725000E+015   3.68112286126202643820E-018
      7694   1.23125600386490850000E+015   3.55387642725859429248E-018
      7695   1.20507882178784750000E+015   3.78737036071611714686E-018
      7696   1.27693296101388675000E+015   5.27382458765074115539E-018
      7697   1.35250404702714625000E+015   5.40479589042123404556E-018
      7698   1.38625612128700575000E+015   6.27558468844397877904E-018
      7699   1.45172006783945525000E+015   6.57508283435888635016E-018
      7700   1.64061233693935700000E+015   6.25522774481189946234E-018
      7701   1.77403862355804725000E+015   5.97883613829879933394E-018
      7702   1.86721968921448025000E+015   5.87297924335934038363E-018
      7703   1.98754710538857925000E+015   5.34188383129450972902E-018
      7704   2.02724320587687600000E+015   5.23941960814799114787E-018
      7705   1.91922519664791275000E+015   5.42043048988692934542E-018
      7706   1.95272314394111650000E+015   5.53974711202572659019E-018
      7707   1.96663691596263075000E+015   5.53152855656578672836E-018
      7708   1.81107168110084825000E+015   5.54777075584290772518E-018
      7709   1.78621943092003700000E+015   6.06023387754860211171E-018
      7710   1.59885747552398450000E+015   6.47591782026225516508E-018
      7711   1.35338145594809275000E+015   6.13547294370775815831E-018
      7712   1.37694878688403875000E+015   5.86173720303866743835E-018
      7713   1.40322999705265750000E+015   6.34532012888754279373E-018
      7714   1.43389569863002725000E+015   6.39202647358894818406E-018
      7715   1.99316521561700350000E+015   4.94656880663157536587E-018
      7716   2.32138910348838200000E+015   4.74529601109882854616E-018
      7717   2.53784027666345850000E+015   4.66048698692493340430E-018
      7718   2.85760536964225900000E+015   3.80132030052583886343E-018
      7719   3.06806102268649300000E+015   3.23431910349209328354E-018
      7720   2.93842503267427250000E+015   3.20816573489746612790E-018
      7721   3.15860667274020150000E+015   3.11029335227515321359E-018
      7722   3.53376196507934300000E+015   3.23327042385766604541E-018
      7723   4.15312110152647100000E+015   3.14185886270215929077E-018
      7724   4.94882919422332200000E+015   2.79137569442515128957E-018
      7725   5.84355272350105300000E+015   2.77294426311992672198E-018
      7726   6.64953989181099900000E+015   2.89071211766166419242E-018
      7727   7.47251148976322400000E+015   2.96246988156022054212E-018
      7728   7.88018011687264200000E+015   2.82372408916990553581E-018
      7729   6.37620541359435200000E+015   2.91445652874268039901E-018
      7730   1.23677667818980420000E+016   2.54908665294417533291E-018
      7731   1.78823510190600440000E+016   2.39576277220620575659E-018
      7732   2.00720612735590800000E+016   2.63060047017650472498E-018
      7733   2.35673293263817560000E+016   2.46378222656343182344E-018
      7734   6.31135917785532800000E+016   8.90831540072955643786E-019
      7735   6.37623890925472720000E+016   1.01055034753796269830E-018
      7736   2.42543797788353640000E+016   1.44490037697497887512E-018
      7737   9.57966272540810880000E+016   7.72141875605255829497E-019
      7738   1.19840661949685600000E+017   7.24629758249572521809E-019
      7739   1.32839106626379008000E+017   5.81468648088562832683E-019
      7740   1.63977764130854176000E+017   3.96881169623896335636E-019
      7741   2.75359489425482048000E+017   3.78024206381146825056E-019
      7742   2.43273580337767136000E+017   3.64674317714628364854E-019
      7743   2.55525963467845856000E+017   3.28694530861333041207E-019
      7744   3.68538613351332160000E+017   3.25266647635318939656E-019
      7745   3.93113181150265280000E+017   2.82791058593683315701E-019
      7746   4.12522331507885504000E+017   2.00951756229663472328E-019
      7747   7.88483171246787712000E+017   8.88135741293458748862E-020
      7748   5.86655830036494464000E+017   2.08684736959534077168E-019
      7749   4.73927146362404672000E+017   2.60724515076922692755E-019
      7750   4.52649972949481920000E+017   5.19000009193482626543E-019
      7751   4.53603401824951936000E+017   2.10625394378876048812E-019
      7752   3.29494470485323072000E+017   5.30152643344834005830E-019
      7753   2.00475277984359360000E+017   6.64020246192449812821E-019
      7754   1.05647181486426800000E+017   6.14854204915869427682E-019
      7755   9.37674338571482240000E+016   7.14514642812482049352E-019
      7756   9.52916311870385280000E+016   8.08593412012321600393E-019
      7757   6.91414739757718960000E+016   1.11324441234426934435E-018
      7758   6.15406453843216640000E+016   1.04131640154783349993E-018
      7759   2.49563059715770760000E+016   1.74868628279453167243E-018
      7760   3.02780285007950400000E+016   1.83280262458754366519E-018
      7761   1.51450997858523820000E+016   2.73223821765516425977E-018
      7762   2.63870179366103760000E+016   1.74228760152032325380E-018
      7763   1.73312638703426480000E+016   2.53746166561982951147E-018
      7764   1.33988936024568480000E+016   2.63513237376268951410E-018
      7765   1.24672011527467400000E+016   2.25957585124476263256E-018
      7766   9.85615434076563400000E+015   2.40159897464733025010E-018
      7767   8.65739848382664800000E+015   2.96086299881337729630E-018
      7768   5.80382505894836400000E+015   3.25689377928408792525E-018
      7769   4.78844566138838200000E+015   3.29431115626269097587E-018
      7770   4.33128003630138600000E+015   2.86876414216452060897E-018
      7771   3.79767237678790050000E+015   3.16046620344675241898E-018
      7772   4.47983281030419150000E+015   2.75832050615825709882E-018
      7773   4.18848015518419300000E+015   2.71668525309140667562E-018
      7774   4.17577469823897550000E+015   2.70384709130484501128E-018
      7775   3.80352260641607600000E+015   3.00268646096239059082E-018
      7776   3.43539945780405950000E+015   3.22376176033580303870E-018
      7777   3.67905054132232900000E+015   3.17692603441030146566E-018
      7778   3.79915645370373550000E+015   3.21250058412360519371E-018
      7779   3.94588401557292700000E+015   2.63169733817827554451E-018
      7780   3.83411169204489250000E+015   2.61098703414849706122E-018
      7781   3.42906087109112700000E+015   2.61780118379992240438E-018
      7782   2.91632139612167450000E+015   3.04611020090923509077E-018
      7783   2.70321892034873750000E+015   3.02395983733316480793E-018
      7784   2.26313086821655200000E+015   3.59111245816758457769E-018
      7785   1.94671827958959950000E+015   3.99200989445842328129E-018
      7786   1.62617361796724725000E+015   4.34528950354781489259E-018
      7787   1.71285646960643050000E+015   4.64874041244241378264E-018
      7788   2.00476440456960775000E+015   4.56820727369494799736E-018
      7789   2.30465463632778350000E+015   4.33344578638055934257E-018
      7790   2.42441048233574650000E+015   4.11954331843739016364E-018
      7791   2.14489130973894300000E+015   4.17358647041595529775E-018
      7792   2.16778802089669625000E+015   4.26129822978593108270E-018
      7793   2.12330322880603575000E+015   3.95602171180350996208E-018
      7794   2.09009587590757175000E+015   4.37981901483001913965E-018
      7795   1.97482650929357075000E+015   4.27369565902464767850E-018
      7796   1.89991930975122875000E+015   4.55767562649469630018E-018
      7797   1.65377007982185075000E+015   4.54146201381382124379E-018
      7798   1.65723384046407075000E+015   4.86560652911242834003E-018
      7799   1.64363409962548925000E+015   4.39854918865444699280E-018
      7800   1.84961217493626625000E+015   4.29258427936144157372E-018
      7801   2.15369775721804675000E+015   4.15948345371349900744E-018
      7802   2.25411077728254950000E+015   3.66869025778139418731E-018
      7803   2.27802570990256350000E+015   3.52970127275983075906E-018
      7804   2.23698632039618500000E+015   3.64585111700164237665E-018
      7805   2.09613230791862425000E+015   3.83787594700079028276E-018
      7806   2.14052461493901975000E+015   3.93721818346398154570E-018
      7807   1.87981735202117775000E+015   4.33648396882285126133E-018
      7808   1.43698835312375725000E+015   4.80161900640434328065E-018
      7809   1.28367088840706025000E+015   5.12160639426659364511E-018
      7810   1.23813183798406525000E+015   5.21546507064090925762E-018
      7811   1.20863673979509125000E+015   5.25229354049972700952E-018
      7812   1.13105081905776500000E+015   5.38307109015621172225E-018
      7813   1.13536038661008875000E+015   4.90522779225546442215E-018
      7814   1.01121422746825387500E+015   4.64600282225680967188E-018
      7815   1.11942159004619700000E+015   4.18184142688938215304E-018
      7816   1.27587035457728025000E+015   3.54511363719279689932E-018
      7817   1.51503576984310825000E+015   3.09068149470289784915E-018
      7818   1.49205546271126350000E+015   3.12008294909670810573E-018
      7819   1.56006725609354225000E+015   3.50277156542290999156E-018
      7820   1.81268584100834750000E+015   3.28629618611627733018E-018
      7821   1.81164399950802625000E+015   3.24018562346311348114E-018
      7822   1.55895409817562575000E+015   3.66095928916215711202E-018
      7823   1.47614256688206700000E+015   3.68643347084609805433E-018
      7824   1.45175235838031150000E+015   4.05254919313439083909E-018
      7825   1.35234877206750550000E+015   4.69330734080318517200E-018
      7826   1.19810497767603975000E+015   5.16218452092781654562E-018
      7827   1.50573552027145375000E+015   5.71430019508631229689E-018
      7828   1.86021866000487650000E+015   5.88788683067554598769E-018
      7829   1.73396467566823850000E+015   6.01330932313019766003E-018
      7830   1.47091665124025325000E+015   6.14831428628830829664E-018
      7831   1.34015343642866175000E+015   6.12721675888425622666E-018
      7832   1.37905594219638100000E+015   6.01245143624066088725E-018
      7833   1.54679957597469625000E+015   5.01247774792800963019E-018
      7834   1.43754218794997025000E+015   4.89712790637276477061E-018
      7835   1.06120634137524187500E+015   5.91083386049411020477E-018
      7836   9.17465946231838625000E+014   6.25737484213031701285E-018
      7837   1.00391394683179325000E+015   5.74971972097028490757E-018
      7838   1.49691672195757275000E+015   4.29080659959738343640E-018
      7839   1.29745329166014300000E+015   4.20388106569417419450E-018
      7840   1.09703485251632225000E+015   4.66326622749999483607E-018
      7841   8.81539073708675625000E+014   4.85292165239027468202E-018
      7842   1.01908816936187237500E+015   4.12122342859444032332E-018
      7843   1.04228264523362175000E+015   3.79967346770302200816E-018
      7844   1.03329651045527775000E+015   4.09594904962115886850E-018
      7845   8.85956333654173250000E+014   4.62888266506441370758E-018
      7846   8.83497804554780875000E+014   5.09656374056631815580E-018
      7847   1.06550117582039225000E+015   4.63710308012071931431E-018
      7848   9.66345594232103125000E+014   4.44010769970021766590E-018
      7849   1.03617783637719025000E+015   4.12948406076241911065E-018
      7850   1.22963971035226200000E+015   3.28665258060513291910E-018
      7851   1.25428777008700325000E+015   2.64204770128860684904E-018
      7852   1.23627948399973250000E+015   2.74647754487961326187E-018
      7853   9.54078932683305500000E+014   3.04563356610870437687E-018
      7854   7.69226534168487625000E+014   3.77164508451017228102E-018
      7855   5.36003752355182562500E+014   4.73162435657548079395E-018
      7856   7.06307771329380500000E+014   4.27522865327087305722E-018
      7857   8.06224924719969375000E+014   4.22963921728607607433E-018
      7858   8.78326521144361625000E+014   3.77332501351791653114E-018
      7859   8.34342333131359875000E+014   3.97677126885864830748E-018
      7860   1.04420127598779575000E+015   3.53119513477056732649E-018
      7861   1.06372302679769812500E+015   4.07062864777072099634E-018
      7862   9.79672122782174875000E+014   5.05463484980829145616E-018
      7863   6.06568432491388500000E+014   6.14518747922134307861E-018
      7864   7.06363464594835125000E+014   5.57944287244435664738E-018
      7865   7.44903265067540125000E+014   5.05922246896589132668E-018
      7866   7.38271938276352750000E+014   4.60437168817467924696E-018
      7867   8.79842453458446000000E+014   3.76011196760676433446E-018
      7868   9.22366813806721000000E+014   3.19340627427933899834E-018
      7869   8.18036549238801375000E+014   3.83961223574346744207E-018
      7870   5.89867819579108000000E+014   5.01399960637042114226E-018
      7871   4.03235608778511750000E+014   6.44633662622082018668E-018
      7872   2.72522479024667218750E+014   7.24137679668101126520E-018
      7873   6.01283262394678250000E+014   5.69577662599783606103E-018
      7874   6.22358494053510750000E+014   5.31407653537019647977E-018
      7875   6.60159955253275375000E+014   4.45218003027867308287E-018
      7876   5.45833442597240250000E+014   5.20394469964598441634E-018
      7877   7.69662308789784000000E+014   5.80171147518131684032E-018
      7878   9.10817198640971625000E+014   4.82277336928098874041E-018
      7879   8.89190944818189500000E+014   4.00317762806672368473E-018
      7880   8.57036587781899125000E+014   4.17971379680838224950E-018
      7881   9.55992413440353000000E+014   5.05265369949137626986E-018
      7882   9.29434455057220125000E+014   5.67255640240349757591E-018
      7883   7.77788698796671000000E+014   6.47568031121882192970E-018
      7884   7.21128411585849000000E+014   6.64442935130692937879E-018
      7885   6.96059596141093375000E+014   6.52788300011522257530E-018
      7886   5.96287374248405000000E+014   6.60418323905844682732E-018
      7887   7.19620137252384625000E+014   5.09024353407122184269E-018
      7888   8.00661268283201125000E+014   5.10876681598157621347E-018
      7889   7.63152915215548125000E+014   5.01086091298831457163E-018
      7890   6.18156403844888250000E+014   6.83925240748179788568E-018
      7891   6.75425981882940500000E+014   7.42233855569869504409E-018
      7892   8.00622195322768625000E+014   7.82905458763033407850E-018
      7893   1.29679525110144000000E+015   5.72938692398176698751E-018
      7894   1.28384447301411300000E+015   4.37360119047044155871E-018
      7895   1.01164147277097850000E+015   3.52657939592125298797E-018
      7896   8.48553666877624500000E+014   3.75182817117182452062E-018
      7897   8.13280383381644500000E+014   4.73790659896089643985E-018
      7898   9.39756607409569250000E+014   5.09000018808712174565E-018
      7899   9.99636865115828875000E+014   5.34613002580379004141E-018
      7900   1.01561255463204600000E+015   5.14575015635768232242E-018
      7901   9.85885858306359250000E+014   5.13289974187607194850E-018
      7902   8.96396020693033000000E+014   5.47638091536221332554E-018
      7903   9.53653899206201375000E+014   5.57927601330488277735E-018
      7904   1.09812662363674100000E+015   5.10009059632689103098E-018
      7905   1.37302197580680150000E+015   4.96271895947174767407E-018
      7906   1.49135579601982950000E+015   4.10602155342476726894E-018
      7907   1.52008001081636250000E+015   3.15945373418985491524E-018
      7908   1.21454865899844475000E+015   4.40570812556494195179E-018
      7909   9.58519029734985500000E+014   5.71517089459848227803E-018
      7910   8.36819344639909125000E+014   6.28083820172599503543E-018
      7911   1.08925545369044962500E+015   5.32456440832096889414E-018
      7912   1.22671587890722775000E+015   4.05521582852190276969E-018
      7913   1.38797325129745350000E+015   3.73722322482561218871E-018
      7914   1.33798375850082175000E+015   4.11716858592947585450E-018
      7915   1.14895735858100900000E+015   5.10467157757880040797E-018
      7916   1.17712874012093075000E+015   5.16692995285316853248E-018
      7917   1.24554834288347000000E+015   5.07331065774057121372E-018
      7918   1.32929521940406700000E+015   5.29894174948272411554E-018
      7919   1.19874456271740850000E+015   5.44593572160255693780E-018
      7920   1.14527850519343950000E+015   5.35836880400895682374E-018
      7921   1.02285651683453012500E+015   5.28768213761896614231E-018
      7922   1.05752911362932575000E+015   5.04305983972921146593E-018
      7923   1.07868199287517875000E+015   5.04840031626495883048E-018
      7924   1.17785702124517475000E+015   5.17002824452389082846E-018
      7925   1.17735728719795900000E+015   5.22006130646879261900E-018
      7926   1.21108085191326050000E+015   5.35901197477312656654E-018
      7927   1.24095302897739250000E+015   5.07128174464717679878E-018
      7928   1.28105968732894300000E+015   4.96221025316010251470E-018
      7929   1.26678304661468750000E+015   4.47657345444915715861E-018
      7930   1.27702810797075250000E+015   3.98807258884188793716E-018
      7931   1.30931757647070525000E+015   3.56534595607790930305E-018
      7932   1.32188123359929650000E+015   4.05279705838775602617E-018
      7933   1.29309902203493425000E+015   4.28688591133318421184E-018
      7934   1.44532606215919350000E+015   4.96689135335217408641E-018
      7935   1.43723046350717225000E+015   5.77659759251742458994E-018
      7936   1.38970525645231125000E+015   6.54818089501877011916E-018
      7937   1.49967915171072350000E+015   6.76644994622042305843E-018
      7938   1.62890897960965050000E+015   6.00806698621516677961E-018
      7939   1.81238802838955425000E+015   5.00357241371833506053E-018
      7940   1.93433254469234150000E+015   4.87341035084777533326E-018
      7941   1.96685001741462325000E+015   4.95744464370582750637E-018
      7942   1.83431206820890175000E+015   5.09322259719745088519E-018
      7943   1.81022072016182125000E+015   5.10424112280839371547E-018
      7944   1.83838112144290200000E+015   5.44640118715771357945E-018
      7945   1.86249554099382250000E+015   5.59595914080261595925E-018
      7946   1.82162311256526750000E+015   5.48436638881125955266E-018
      7947   1.80320057577620350000E+015   5.71096834980258910706E-018
      7948   1.82167263634771675000E+015   5.63587780109679561795E-018
      7949   1.51435258020950475000E+015   5.81759033746652009242E-018
      7950   1.50501137629914850000E+015   5.64199370491836734012E-018
      7951   1.67860831315971750000E+015   5.57868649345851949600E-018
      7952   2.01218817894767825000E+015   5.01049539268877230890E-018
      7953   2.45933550720161150000E+015   4.39806434916330850396E-018
      7954   2.88728452164483300000E+015   3.65901907381778199285E-018
      7955   2.89900412199400200000E+015   3.31164204664959861924E-018
      7956   2.86148763249162450000E+015   3.52601083728155051217E-018
      7957   2.90686893324784500000E+015   3.28960819285494031578E-018
      7958   3.08163604739134600000E+015   3.21733038357314099870E-018
      7959   3.18865662879558350000E+015   3.60854064731193317359E-018
      7960   3.45090172553507900000E+015   3.49512027539819163238E-018
      7961   3.85406468604898300000E+015   3.16976837316038379291E-018
      7962   4.64917087584376000000E+015   2.39283018850508340962E-018
      7963   6.06160552293542000000E+015   2.24525099067129719516E-018
      7964   7.28069395841890400000E+015   2.38527231795738949693E-018
      7965   7.72685289195832300000E+015   2.29387376195775494617E-018
      7966   7.42380827867923100000E+015   2.33831004775527362238E-018
      7967   1.01786729559961260000E+016   2.38286800110420658038E-018
      7968   1.10539726484956440000E+016   2.50340394736490168598E-018
      7969   1.85590426099729720000E+016   2.02534339029382522212E-018
      7970   2.28041841794009760000E+016   1.61318450658076537040E-018
      7971   2.68025796529759840000E+016   1.75772248454311420497E-018
      7972   2.10300995453749320000E+016   2.13996316267949381113E-018
      7973   8.12011910112800640000E+016   7.32325914774479053426E-019
      7974   1.19600028260820240000E+017   5.53501578918236720578E-019
      7975   9.58721860791409600000E+016   7.08404451379152294845E-019
      7976   2.00002546508814688000E+017   3.45043807706818433721E-019
      7977   1.62860409095196448000E+017   6.37713069135022370393E-019
      7978   1.91064507404810880000E+017   5.99205290218698712089E-019
      7979   4.18912973165306112000E+017   2.86217841802172781398E-019
      7980   3.05647063401403392000E+017   4.59850805103721514612E-019
      7981   3.81555706039344832000E+017   3.32171896007530776006E-019
      7982   5.07445269453147200000E+017   2.86984705078068824230E-019
      7983   6.00121309656659072000E+017   2.08457447346070384827E-019
      7984   6.69646598382089600000E+017   1.41699514891318533792E-019
      7985   4.79555547789798016000E+017   2.28530241506231877100E-019
      7986   5.22414653753216768000E+017   3.72853111037089292485E-019
      7987   3.49204751806585408000E+017   3.12112136675655343685E-019
      7988   1.96611140781678624000E+017   4.31331326330323251643E-019
      7989   1.39644233906434064000E+017   5.36474097330943058872E-019
      7990   1.22081698892573472000E+017   5.66723054214132791573E-019
      7991   9.85658130742476160000E+016   4.59567564835140165468E-019
      7992   9.66213270026702240000E+016   7.80537585533579469726E-019
      7993   3.57311903101209320000E+016   1.34404289562270107120E-018
      7994   2.04593508563848800000E+016   1.72210317513292816486E-018
      7995   1.20228275366735880000E+016   1.99941933498005619975E-018
      7996   1.91710223907514440000E+016   2.20801221204940938006E-018
      7997   1.03458902498453280000E+016   2.76949345746282490035E-018
      7998   1.28523035084548760000E+016   2.30147210628294341087E-018
      7999   1.02514441001474020000E+016   2.35152317318329499061E-018
      8000   6.77388800090816200000E+015   2.87066404076630657830E-018
      8001   5.20247299124169700000E+015   3.44687930540495296836E-018
      8002   3.93033501552754050000E+015   3.72707542180394900118E-018
      8003   3.22557116970116500000E+015   3.72602628558377279858E-018
      8004   3.17176310619210050000E+015   3.55126173014945808990E-018
      8005   3.31952146546231550000E+015   3.35904774945037444507E-018
      8006   3.82144140454989100000E+015   3.20183825737814939815E-018
      8007   3.74542065871339600000E+015   3.04549229276606021422E-018
      8008   3.73474368454874100000E+015   2.75313507915752556816E-018
      8009   3.29525798280806650000E+015   3.03637372838746259517E-018
      8010   2.72823056584549150000E+015   3.49658616588618190924E-018
      8011   3.36853217999334800000E+015   3.21868355038434420534E-018
      8012   3.15516272869397400000E+015   3.03269844914499822699E-018
      8013   3.34480268399355100000E+015   2.80389418816080101726E-018
      8014   3.40107619777910600000E+015   2.43732160099150037237E-018
      8015   3.50343178635787950000E+015   2.26178528063075524988E-018
      8016   3.10102410847686250000E+015   2.73557108058374173303E-018
      8017   2.85790449467630050000E+015   2.97140456039151310512E-018
      8018   2.59110514749667900000E+015   3.15916428025013543243E-018
      8019   2.10806950463798425000E+015   3.69494213639615111152E-018
      8020   1.69478197097339400000E+015   4.00170066900044718535E-018
      8021   1.67229971757501225000E+015   4.20964933317612080765E-018
      8022   1.97556229920783550000E+015   4.17787862312021665301E-018
      8023   2.20435996812699700000E+015   3.95011698926969639343E-018
      8024   2.29378663600652700000E+015   3.94848339273041194648E-018
      8025   2.19877465737198250000E+015   4.09069871381544674152E-018
      8026   2.08445790379992825000E+015   4.46555002031780450111E-018
      8027   2.06572116176222375000E+015   4.02031399817834009490E-018
      8028   2.00883262255395700000E+015   4.33213403027881404506E-018
      8029   1.89379169385996875000E+015   4.37601392737636089312E-018
      8030   1.69730597005218775000E+015   4.85952526669912362430E-018
      8031   1.56094307172901525000E+015   4.53537773093474669812E-018
      8032   1.48815131971640800000E+015   4.84012798996153116817E-018
      8033   1.63578148769933600000E+015   4.77266256088312279636E-018
      8034   1.84848901924674000000E+015   4.26073595798901001353E-018
      8035   1.98544331806258775000E+015   4.03805553307009865409E-018
      8036   2.26897668252817350000E+015   4.01957912314446525620E-018
      8037   2.23990833517495675000E+015   3.97473089055213724526E-018
      8038   2.30119377108157750000E+015   3.54940680517413189392E-018
      8039   2.18747125455317050000E+015   3.72330640864165491502E-018
      8040   2.05109075988148700000E+015   3.95085243673765444799E-018
      8041   2.00726947461703400000E+015   4.06629821036922603689E-018
      8042   1.85361710460591150000E+015   4.35189944618969471479E-018
      8043   1.45432654128049250000E+015   4.75233171148703410685E-018
      8044   1.22110957413569400000E+015   5.17141106838460168838E-018
      8045   1.12504856926336512500E+015   5.36630084359440028878E-018
      8046   1.09811729072017287500E+015   5.19414955130041166711E-018
      8047   1.02306677872444737500E+015   4.90566966303589191428E-018
      8048   9.53266068047624500000E+014   4.55016406664113551398E-018
      8049   9.83079882645572625000E+014   4.22460300686662503463E-018
      8050   1.01660359303420562500E+015   3.60833194882802218641E-018
      8051   1.24974864089077625000E+015   3.46575089558348257819E-018
      8052   1.55385948142465350000E+015   3.05623457246328332165E-018
      8053   1.53037896452600125000E+015   3.38140859958281169169E-018
      8054   1.67366503973548900000E+015   3.60391197762574620181E-018
      8055   1.94657284060740600000E+015   3.23523882219183911171E-018
      8056   1.85187937935284525000E+015   3.25509366657474112657E-018
      8057   1.73262236241331800000E+015   3.66562362828256827834E-018
      8058   1.50225574798211700000E+015   3.74351291013048042252E-018
      8059   1.31451904520005575000E+015   4.28232383593361080863E-018
      8060   1.23156129842929025000E+015   4.94125474932201660348E-018
      8061   1.32299880329068275000E+015   5.36937681595965115191E-018
      8062   1.70793353550128275000E+015   5.87670960960048970604E-018
      8063   2.00348362317231750000E+015   6.04367544701425609303E-018
      8064   1.75666692024221575000E+015   5.94753716723180098291E-018
      8065   1.53419022101139350000E+015   6.02339804630559825114E-018
      8066   1.34807103635082575000E+015   5.96452598749041222689E-018
      8067   1.58948602797541925000E+015   5.16853212003676894224E-018
      8068   1.56212510891157575000E+015   4.68250575167713235422E-018
      8069   1.43490498778655500000E+015   4.86575824857521465983E-018
      8070   1.03718640985516025000E+015   5.98467190726359585127E-018
      8071   9.62974816869542125000E+014   6.12742455249685649957E-018
      8072   1.53696424650856650000E+015   4.43964973495917106147E-018
      8073   1.43327261127818625000E+015   4.44221025418644644534E-018
      8074   1.28971652303529725000E+015   4.11950496519900382952E-018
      8075   1.01427850599506287500E+015   4.67849806513373699997E-018
      8076   1.09910132146170037500E+015   4.26822488453970892104E-018
      8077   1.05808897111470800000E+015   3.95124512297758783905E-018
      8078   1.11536886948904175000E+015   3.87821525523936507794E-018
      8079   1.03056724216955300000E+015   4.26388607758600768369E-018
      8080   8.26260539991905750000E+014   4.99109969244593718638E-018
      8081   1.03770290116581475000E+015   4.25149493630650634989E-018
      8082   1.04705478796005312500E+015   4.33078589995756903764E-018
      8083   1.03565653731411662500E+015   4.11891837316233521376E-018
      8084   1.26614027414780625000E+015   3.70025202747820759966E-018
      8085   1.36368621883614725000E+015   2.77207122680625240161E-018
      8086   1.37788150614265425000E+015   2.45694529624780282040E-018
      8087   1.22752757261774050000E+015   2.52530348235283236327E-018
      8088   9.28783401751338500000E+014   3.64521471873031695148E-018
      8089   7.44455394101310000000E+014   3.78993372978755189868E-018
      8090   5.15218605684979312500E+014   4.85443320840328867793E-018
      8091   7.16242459640976625000E+014   4.64220385923192628036E-018
      8092   8.94360842840652625000E+014   3.85541262002237677363E-018
      8093   9.42568408846368125000E+014   3.56482772709155444837E-018
      8094   8.61310841477791875000E+014   3.90338581668827021839E-018
      8095   1.09681686288439112500E+015   3.45735149795456916407E-018
      8096   1.07068869406278712500E+015   4.26975102901729259771E-018
      8097   8.50082576799206125000E+014   5.18031253259731971456E-018
      8098   4.22334257559370250000E+014   6.37177461403861953334E-018
      8099   6.63523109345571500000E+014   5.61561811607567609538E-018
      8100   7.75486491585038250000E+014   4.73137189950162583468E-018
      8101   7.44342530727026500000E+014   4.45495012156749254787E-018
      8102   8.78983382245185875000E+014   3.75068494245758127777E-018
      8103   8.60190469632889500000E+014   3.70179127092842959967E-018
      8104   8.40827203917345875000E+014   3.73715850670671194864E-018
      8105   5.64252531444599000000E+014   5.19205092992513097061E-018
      8106   3.93100563219616125000E+014   6.58772676518638482607E-018
      8107   4.51738280905094812500E+014   6.51320672649438201523E-018
      8108   5.83415266201062750000E+014   5.99170756835683088950E-018
      8109   6.67697032525115625000E+014   5.31594568362805680257E-018
      8110   6.20605174268078750000E+014   4.75414510337771982772E-018
      8111   5.78378441600545750000E+014   5.13366189173304462569E-018
      8112   7.62493733730952750000E+014   5.85318662992030685534E-018
      8113   9.58670986801000000000E+014   4.55867655940559125606E-018
      8114   8.69213832559305375000E+014   3.95371212669925844201E-018
      8115   8.61264002418863750000E+014   4.25443007234722734985E-018
      8116   1.01969386671046387500E+015   4.94484250625398614467E-018
      8117   9.54002923584128750000E+014   5.61825670688784279232E-018
      8118   7.65565605354482875000E+014   6.44661299952725107795E-018
      8119   7.62916333300061000000E+014   6.51496390148766669508E-018
      8120   7.15457175926601000000E+014   6.41669648641589618356E-018
      8121   5.18170210067760750000E+014   6.43961178378388890280E-018
      8122   7.61911138503947625000E+014   5.02429019728926423196E-018
      8123   8.20087795826079125000E+014   5.06458449771001677262E-018
      8124   7.58523302935903125000E+014   5.15631716216769344050E-018
      8125   6.27412105123891375000E+014   6.82251790414571957602E-018
      8126   6.25889291419537750000E+014   7.74935474819717077459E-018
      8127   1.00101616618177237500E+015   6.64212732064314316535E-018
      8128   1.29346302290598350000E+015   5.16483316175833884272E-018
      8129   1.29460320322651375000E+015   4.03341950956120386922E-018
      8130   1.00015941287304787500E+015   3.44315048199556890455E-018
      8131   7.82748167122810750000E+014   3.93792391309771708978E-018
      8132   8.16653662507776125000E+014   4.71889519836160193439E-018
      8133   8.84620904251655125000E+014   4.99614034540656267448E-018
      8134   1.02991731678736025000E+015   5.16743092148861092230E-018
      8135   1.12032549189665812500E+015   4.38261458501788778787E-018
      8136   9.55925526502097250000E+014   4.97918042834486115961E-018
      8137   8.98508846028273000000E+014   5.09392547437718398624E-018
      8138   9.60903756557936750000E+014   5.46117498918781132824E-018
      8139   1.12167353326732350000E+015   5.10706408853554979556E-018
      8140   1.38155814448243925000E+015   4.87601836585832024104E-018
      8141   1.45836209313202100000E+015   4.19602876427655590850E-018
      8142   1.35447721845034775000E+015   4.51577948273425401447E-018
      8143   1.20175538399604750000E+015   4.53697739947251204271E-018
      8144   6.98905586954578875000E+014   6.16360586654926217456E-018
      8145   8.28835319869604000000E+014   6.33921138363454307122E-018
      8146   1.08790156976280100000E+015   5.21234662681414757710E-018
      8147   1.26243829760898325000E+015   3.85335572975031600036E-018
      8148   1.36602392430555375000E+015   3.40513164124393473180E-018
      8149   1.34382912547903075000E+015   4.16030500071817926526E-018
      8150   1.17911132279591525000E+015   5.10556124849844261065E-018
      8151   1.15688343051825925000E+015   5.28227499791448969377E-018
      8152   1.19027329481220825000E+015   5.24672962309517551050E-018
      8153   1.12094011196928712500E+015   5.72944889512304468371E-018
      8154   1.01779661145407700000E+015   5.75960526751938881024E-018
      8155   1.02135974874963237500E+015   5.59732592515470760269E-018
      8156   9.31241940548753125000E+014   5.42841682576414522530E-018
      8157   8.94461412638057625000E+014   5.28777266499634661015E-018
      8158   9.55069159406018125000E+014   5.33474239590521508961E-018
      8159   1.01681516874466900000E+015   5.24298761398390703646E-018
      8160   1.10461371261595012500E+015   5.23444154949952902701E-018
      8161   1.15974389548600850000E+015   5.34838196186660511599E-018
      8162   1.28061651100371350000E+015   4.94457519468864169756E-018
      8163   1.28591115270271025000E+015   4.60131565075487393529E-018
      8164   1.27719747596216475000E+015   4.41411807768553584816E-018
      8165   1.32036423259529950000E+015   3.85406239522513312912E-018
      8166   1.42772160654117675000E+015   3.86227553536117027897E-018
      8167   1.36895438848682950000E+015   4.04545894345895443926E-018
      8168   1.34333059010421600000E+015   4.00327925883823487036E-018
      8169   1.43040122066510300000E+015   4.82397891764641373581E-018
      8170   1.55020079829003725000E+015   5.38621582530058241200E-018
      8171   1.42737764612774700000E+015   6.32668777886198982400E-018
      8172   1.49412322917513700000E+015   5.85631612500570943568E-018
      8173   1.55869436488734675000E+015   5.23614303212501838805E-018
      8174   1.63480604663399000000E+015   4.78481801301975695496E-018
      8175   1.89149262964911325000E+015   4.61015252886574827186E-018
      8176   1.91322381096086150000E+015   4.86312048490716722495E-018
      8177   1.89111340619474750000E+015   4.69073709022891776385E-018
      8178   1.77274341247956650000E+015   5.22551352018693438813E-018
      8179   1.87463111469491425000E+015   5.10709968155126272032E-018
      8180   1.79348964687942275000E+015   5.20420335985237080192E-018
      8181   1.82358941576951475000E+015   5.62059487299881546433E-018
      8182   1.77633786185259475000E+015   5.52617904349352029428E-018
      8183   1.91475548988993275000E+015   4.89286827831131200357E-018
      8184   1.78303902595277300000E+015   5.21605081381603006816E-018
      8185   1.96314899701548150000E+015   4.72952242068988589783E-018
      8186   2.06401229084703550000E+015   4.84425426549579207037E-018
      8187   2.25257326309956250000E+015   4.65836927542542356842E-018
      8188   2.50656200757820600000E+015   4.78716503004264473809E-018
      8189   3.23702010421744450000E+015   3.58675317365921247679E-018
      8190   3.03615467982026400000E+015   3.75627292268357308561E-018
      8191   2.94863006469903800000E+015   3.69524122890201030503E-018
      8192   2.66031173066111900000E+015   4.11247585497263690756E-018
      8193   2.44392612970951000000E+015   3.92460855371614480874E-018
      8194   2.81708468889400800000E+015   3.63410024474399856902E-018
      8195   3.49737687645033100000E+015   3.66847593846783436617E-018
      8196   3.70540614189634200000E+015   3.53890213143269347437E-018
      8197   4.19482944138861200000E+015   2.93841448781731515318E-018
      8198   3.93021584549645550000E+015   2.40840907837181336370E-018
      8199   4.69714378986038900000E+015   2.27190726046091974575E-018
      8200   5.56095111100177600000E+015   2.58246914223232614581E-018
      8201   5.55890564300819900000E+015   2.66916185288821837545E-018
      8202   6.54362119518684800000E+015   2.76587172099192896082E-018
      8203   1.10654634113790540000E+016   2.43434252763752984150E-018
      8204   1.99595029760361320000E+016   1.73377279920494087540E-018
      8205   2.84071085379667920000E+016   1.52395558203408358553E-018
      8206   3.66513560998294640000E+016   8.46746952095628492212E-019
      8207   6.11604390954673280000E+016   4.59987651946973655672E-019
      8208   4.31751257249875280000E+016   1.10806891717442268182E-018
      8209   5.92235392836913600000E+016   8.18532906693430332877E-019
      8210   1.37545616565359712000E+017   4.85592001046701802743E-019
      8211   1.74523694561319200000E+017   4.30619251297721530819E-019
      8212   3.13589323959515584000E+017   2.85756450465644063000E-019
      8213   3.86691469439060608000E+017   3.11126047911585565515E-019
      8214   3.25370725123244928000E+017   3.75794283350955477018E-019
      8215   7.08177215391190272000E+017   1.87177931530962110442E-019
      8216   5.94432171895177984000E+017   1.51081430342471782821E-019
      8217   7.95375923902666880000E+017   1.59514864882478021078E-019
      8218   4.89960809658803392000E+017   2.47384300841349408656E-019
      8219   2.26441340131488608000E+017   2.71308386226109296772E-019
      8220   1.75893685261537632000E+017   3.86101353636263737419E-019
      8221   1.34663729710817152000E+017   7.33209022133637906393E-019
      8222   8.34066043772709920000E+016   1.07527617873601201392E-018
      8223   4.76463419594442320000E+016   1.35527568528798938700E-018
      8224   5.26922091424669440000E+016   8.72222358481513728671E-019
      8225   4.92859193305092560000E+016   9.30884875349534772244E-019
      8226   2.71016306365439840000E+016   2.12957234779787197434E-018
      8227   2.23770564995001840000E+016   1.80542084438875144363E-018
      8228   1.35061892791390200000E+016   1.91425170935421991966E-018
      8229   1.10027303344382240000E+016   2.14902884057159391358E-018
      8230   5.91562061920512100000E+015   2.35278285079549100146E-018
      8231   4.92040550523397000000E+015   3.17005122805582180744E-018
      8232   5.02667813191495600000E+015   3.58932808404095838636E-018
      8233   4.37899349332585900000E+015   3.83676795787385361622E-018
      8234   3.88605873794450800000E+015   4.13470322065625749355E-018
      8235   3.82833594815601900000E+015   4.13112953327958233404E-018
      8236   3.79447369535148100000E+015   3.89812109059986745877E-018
      8237   3.87002938168166200000E+015   3.88472850896672438756E-018
      8238   3.73171453579509250000E+015   3.28262133032656189061E-018
      8239   3.75551477848324100000E+015   2.84921723742353482782E-018
      8240   3.32709941532131900000E+015   3.06952064220698098502E-018
      8241   2.89445616927860000000E+015   3.54716345727211249911E-018
      8242   2.65424691391426050000E+015   3.69910499127190628934E-018
      8243   2.66047511641805850000E+015   3.40099970420535485369E-018
      8244   3.09377738571125850000E+015   2.81157330215928476838E-018
      8245   3.32444727954098150000E+015   2.21672096506153277093E-018
      8246   3.03166076641419800000E+015   2.19849775391102236935E-018
      8247   3.28628128705103250000E+015   2.45977678035106316678E-018
      8248   3.43092068392309950000E+015   2.68175578300401539065E-018
      8249   3.18608773435295100000E+015   3.17899094046546554642E-018
      8250   2.59903699396848150000E+015   3.42024352945124102998E-018
      8251   2.18909294133006650000E+015   3.55240122467416397428E-018
      8252   1.94371325552495225000E+015   3.60624953111818825737E-018
      8253   2.01634782325140275000E+015   3.63090105881022217110E-018
      8254   2.34246586594031400000E+015   3.35845961452916200132E-018
      8255   2.31369480943233500000E+015   3.77750975196018182241E-018
      8256   2.21040730669216700000E+015   4.30253228489051518352E-018
      8257   2.02339772723895950000E+015   4.59291727780752572377E-018
      8258   1.83299386304118825000E+015   4.68390061482579672295E-018
      8259   1.87356383673193425000E+015   4.20011799669592790688E-018
      8260   1.78934247882083225000E+015   4.34237018919504475865E-018
      8261   1.70847731933269550000E+015   4.51354019793512930914E-018
      8262   1.40488782319578650000E+015   4.74139883677698862884E-018
      8263   1.49231898546045600000E+015   5.10222776198895052195E-018
      8264   1.54068811238194200000E+015   4.93493280340484677115E-018
      8265   1.74907310763412675000E+015   4.57090202744771865053E-018
      8266   1.95406240654840275000E+015   4.11961436873849950755E-018
      8267   2.10277638055103075000E+015   3.97849661144595636912E-018
      8268   2.23015084664916025000E+015   3.77924398233796745357E-018
      8269   2.29132872703816400000E+015   3.47869304422954679391E-018
      8270   2.30506219663756300000E+015   3.71075888751958172884E-018
      8271   2.05894582911467725000E+015   3.99271390563952811083E-018
      8272   2.10157007916310950000E+015   4.11278646848551819962E-018
      8273   1.94375990173320975000E+015   4.18748452611464103260E-018
      8274   1.50458894149075275000E+015   4.57987436916480722762E-018
      8275   1.39311305725605825000E+015   4.74330130567911288929E-018
      8276   1.13042407061814850000E+015   5.24841310121314632807E-018
      8277   1.02853665417068300000E+015   5.09670167291843680848E-018
      8278   1.03720257483567625000E+015   4.82650870682699971972E-018
      8279   9.17174065784093750000E+014   4.81635564157726359606E-018
      8280   9.68115245590610750000E+014   4.01119544171820421257E-018
      8281   1.03647567569349775000E+015   3.52273863944092043428E-018
      8282   1.23531032255791300000E+015   3.57412691324642944345E-018
      8283   1.39207221394843175000E+015   3.47481390431749723351E-018
      8284   1.70478467129178625000E+015   3.38709826527136832422E-018
      8285   1.93967785236488575000E+015   3.17050012143670213449E-018
      8286   2.01484912761639600000E+015   3.20796246960099041394E-018
      8287   2.10127374389858350000E+015   3.15048838140539301389E-018
      8288   1.76049271154995950000E+015   3.63183992716713264328E-018
      8289   1.54553031033996650000E+015   3.61533415678083392947E-018
      8290   1.31025340681786525000E+015   4.26912869027273017037E-018
      8291   1.21007017267774300000E+015   4.60617141332271650836E-018
      8292   1.23518211206948625000E+015   5.39635752053412022086E-018
      8293   1.74162835745139100000E+015   5.79993846130773917070E-018
      8294   2.05004076220869825000E+015   5.98244907215761525127E-018
      8295   2.00571180680055225000E+015   5.73345857367352395470E-018
      8296   1.63269523042195525000E+015   5.77949076078370799929E-018
      8297   1.39429009747069850000E+015   5.85497667004438379753E-018
      8298   1.58585753063035700000E+015   4.97925830900073762438E-018
      8299   1.61258280484876350000E+015   4.57507658712100059179E-018
      8300   1.46516303753419575000E+015   4.73931269212964799864E-018
      8301   1.06592607307572775000E+015   5.73878976107898811541E-018
      8302   9.67556231618826750000E+014   5.91581694015058059207E-018
      8303   1.57626012700499475000E+015   4.32434533934051823761E-018
      8304   1.47639145096578200000E+015   4.33105934513894193863E-018
      8305   1.27772456121873175000E+015   4.22585039808280670016E-018
      8306   1.05911378770331262500E+015   4.73791015762605974371E-018
      8307   1.14192300192801500000E+015   4.19502192429196319511E-018
      8308   1.15706223316740900000E+015   3.97567219523639891778E-018
      8309   1.15016906081958125000E+015   3.80858313053076529551E-018
      8310   1.00972791576812137500E+015   4.33080952377896637835E-018
      8311   8.19383952038372750000E+014   5.00730281597026440848E-018
      8312   1.03006121459226725000E+015   4.22731480302722769493E-018
      8313   1.05413564447100675000E+015   4.24092920978105021282E-018
      8314   1.05079170674699725000E+015   4.08747186426944680599E-018
      8315   1.31670531315431725000E+015   3.59437099745577818875E-018
      8316   1.61474316619621325000E+015   2.55533884034370559248E-018
      8317   1.42365992030927650000E+015   2.36385433425966597386E-018
      8318   1.40069789203632600000E+015   2.47435639634817925821E-018
      8319   9.94221332646218750000E+014   3.44267045948601668382E-018
      8320   7.29845180943402000000E+014   3.88357171505723923103E-018
      8321   4.96303645172013625000E+014   4.47112341559510957892E-018
      8322   6.75061429217715875000E+014   4.71386697261986435249E-018
      8323   8.98396413471949875000E+014   3.84734199652809435031E-018
      8324   8.77760742294793375000E+014   3.75502988289128253704E-018
      8325   8.30562461249775750000E+014   4.17528998985460155990E-018
      8326   1.12035089725535587500E+015   3.59829403932576093325E-018
      8327   1.05342259245570662500E+015   4.03923780262597228122E-018
      8328   8.72246495713396500000E+014   4.74830352691302152146E-018
      8329   6.35895122614359625000E+014   5.77373869358237086890E-018
      8330   6.78599184726586250000E+014   5.62079606547385333835E-018
      8331   7.85973970061063000000E+014   4.67188630492134818667E-018
      8332   7.33582376325404625000E+014   4.48264548740717654561E-018
      8333   8.51071326213065625000E+014   3.99401982637923662568E-018
      8334   8.69986780251591125000E+014   3.74469856756441481288E-018
      8335   8.14186519657761000000E+014   3.87119259349829016375E-018
      8336   6.44237289635537500000E+014   4.77575582173454571757E-018
      8337   3.57662407963308312500E+014   6.19949157843901702067E-018
      8338   3.23655633092720500000E+014   7.25598373295923201382E-018
      8339   6.63321008977233125000E+014   5.62923622408412938624E-018
      8340   7.08389211586407375000E+014   5.14849892180442209438E-018
      8341   5.99324299297341500000E+014   5.05490583542568719202E-018
      8342   5.48769035367598437500E+014   5.17783997074238626430E-018
      8343   6.94045985472559500000E+014   6.10675361062874102881E-018
      8344   9.00904571032771500000E+014   4.81424071562496919449E-018
      8345   8.00691953180694750000E+014   4.19150103616409550073E-018
      8346   8.61882330407100500000E+014   4.16873463038151998197E-018
      8347   1.02420043263041575000E+015   4.73735943363258397284E-018
      8348   1.06852898144453937500E+015   5.48839428412921669291E-018
      8349   8.33273551223722125000E+014   6.09977812679643636236E-018
      8350   8.30843155197198125000E+014   6.38278179038771360473E-018
      8351   7.79085135944034125000E+014   6.38468336597623304389E-018
      8352   5.54367297274287875000E+014   6.56574590242286830540E-018
      8353   7.90623693499917625000E+014   5.52729411492383789208E-018
      8354   8.68983965974272125000E+014   4.58048336442663366392E-018
      8355   8.07153646109063500000E+014   4.89939940347217447863E-018
      8356   6.07099051668120375000E+014   6.44148219812672300636E-018
      8357   6.80817719803787375000E+014   7.01526509810549248917E-018
      8358   8.55844740966775250000E+014   7.37237650399379098015E-018
      8359   1.26118109563167700000E+015   5.25991820457844215586E-018
      8360   1.33986431215803350000E+015   4.02487299495575388016E-018
      8361   1.24784160883238875000E+015   3.42566556496069266342E-018
      8362   8.23761911894729625000E+014   3.75919584962370466195E-018
      8363   7.87788020424985125000E+014   4.45603548873073795792E-018
      8364   8.95552743404409000000E+014   4.98177619534440964962E-018
      8365   9.65454602377790250000E+014   5.08390370207045581818E-018
      8366   1.10327221067263137500E+015   4.94707745491436350703E-018
      8367   1.05533576171128212500E+015   4.61336860404508925132E-018
      8368   9.25793564309816750000E+014   5.11074153455342098721E-018
      8369   9.20850418333820250000E+014   5.39392978548481160905E-018
      8370   1.05937106690869500000E+015   5.13982004892475857592E-018
      8371   1.36666241258617825000E+015   4.98163321802741289254E-018
      8372   1.43125227843192775000E+015   4.59460051033438672181E-018
      8373   1.39174772353138050000E+015   4.43776120171841120501E-018
      8374   1.25964797608476475000E+015   4.63470824057249732518E-018
      8375   7.53506123532417375000E+014   5.99683169853946758373E-018
      8376   6.50751619817033125000E+014   6.42960745513943653882E-018
      8377   8.74318661611773375000E+014   6.02546424730191789158E-018
      8378   1.21297586267486275000E+015   4.19039328487875103247E-018
      8379   1.33732357433112900000E+015   3.48262632347156126765E-018
      8380   1.25421001252484875000E+015   4.25216968403010792797E-018
      8381   1.18761580169538300000E+015   5.02112395777210629221E-018
      8382   1.18552148774307500000E+015   5.27136177824984406564E-018
      8383   1.12809460294311675000E+015   5.51868491916433619907E-018
      8384   1.06358747257149812500E+015   5.91139590709439636313E-018
      8385   9.78478183700437875000E+014   5.90115183157328347044E-018
      8386   8.76048149068001250000E+014   5.85288706189086585015E-018
      8387   8.67894700901123250000E+014   5.63287144809563982014E-018
      8388   8.65141428563600875000E+014   5.36431543471843687435E-018
      8389   9.35642450203678875000E+014   5.03930197204572814447E-018
      8390   9.25763066694100000000E+014   5.17280526025280059783E-018
      8391   1.00059739766277225000E+015   5.29921919748345466490E-018
      8392   1.11088432860916512500E+015   5.09258907493676176517E-018
      8393   1.25986830777516250000E+015   5.15917382614021243571E-018
      8394   1.33764382550556300000E+015   4.49607003929075226291E-018
      8395   1.29696747627686375000E+015   4.33094469551274934427E-018
      8396   1.36322769496825950000E+015   4.00318322758783276944E-018
      8397   1.46944925043988600000E+015   3.76452143896830444401E-018
      8398   1.45504206245120000000E+015   4.02371990805795784947E-018
      8399   1.43863783752352875000E+015   3.82732660358496705756E-018
      8400   1.48253831354654625000E+015   4.79908985125017560307E-018
      8401   1.52465663563050050000E+015   4.97516246837023077918E-018
      8402   1.49743265201235800000E+015   5.48803219039462029894E-018
      8403   1.48017344349457525000E+015   5.90044819660333551825E-018
      8404   1.51759869034092675000E+015   5.09501571540895761850E-018
      8405   1.56711104077103050000E+015   4.68689385380042376518E-018
      8406   1.67159617086799675000E+015   4.75258556160163636289E-018
      8407   1.71992220035901700000E+015   4.51722357595320371941E-018
      8408   1.85191345987012725000E+015   4.17888735983736767761E-018
      8409   1.73623695288629525000E+015   4.75120429700434140185E-018
      8410   1.71519769834388750000E+015   4.99637428268280129817E-018
      8411   1.70623416299868350000E+015   5.12056627665540992100E-018
      8412   1.80542764629569700000E+015   5.38066058765834263823E-018
      8413   1.92671954014527125000E+015   5.44310266155646340198E-018
      8414   1.96739957923894000000E+015   4.93925482614924365224E-018
      8415   2.06484049711389525000E+015   4.53013692925653165904E-018
      8416   1.92923209302745800000E+015   4.52232498539024781865E-018
      8417   2.10861499137909525000E+015   4.48948000080564000330E-018
      8418   2.38869631343422900000E+015   4.26230199453077864297E-018
      8419   2.64508356407733100000E+015   4.18893571441863916745E-018
      8420   3.18335975915884850000E+015   4.09118858049354914476E-018
      8421   3.37967681211173100000E+015   3.75618080442566381632E-018
      8422   3.30453473768253750000E+015   3.98021524455136669686E-018
      8423   2.67269977049398550000E+015   4.54495700615691018771E-018
      8424   2.39068859720104000000E+015   4.10120780743575442817E-018
      8425   2.47441017948397550000E+015   3.55461627561214394013E-018
      8426   2.99164634304135900000E+015   3.57060475143995742787E-018
      8427   3.47886125427581200000E+015   3.87873567891565667395E-018
      8428   3.26099452855371350000E+015   3.71990305086417558465E-018
      8429   3.53263876795055300000E+015   2.89155241958733706066E-018
      8430   3.36510121266906350000E+015   2.80932077036256343312E-018
      8431   5.49614649473482600000E+015   2.76233458825606290921E-018
      8432   6.07647709907560400000E+015   2.46576138053872278971E-018
      8433   5.34060361753963200000E+015   3.35896414851746621189E-018
      8434   3.51337613539125000000E+015   3.63876023172800542801E-018
      8435   4.93054640427495000000E+015   3.02351928887297497984E-018
      8436   2.52899088379402440000E+016   1.24816242672829632910E-018
      8437   3.89497893224427840000E+016   7.26677788406204728929E-019
      8438   5.25300068921606400000E+016   7.45389456880462443013E-019
      8439   8.17661774634097440000E+016   6.86290468693039313922E-019
      8440   6.27318758098060960000E+016   5.87055719431640378248E-019
      8441   1.04645705044777600000E+017   1.96268175731813937249E-019
      8442   1.59754571371591456000E+017   3.89649052809258728852E-019
      8443   2.82202123359364352000E+017   3.07896507058201975650E-019
      8444   3.56110288490201792000E+017   2.14961786591919663591E-019
      8445   3.56077323096320576000E+017   2.41489531775041130825E-019
      8446   6.57418792967104512000E+017   2.19040457860982360529E-019
      8447   3.39597596768712448000E+017   2.29582585038407705866E-019
      8448   2.95674428121794112000E+017   3.27187539376530301656E-019
      8449   1.97360599389716352000E+017   2.58363243541528254654E-019
      8450   1.24692920485810112000E+017   3.42325471408636595705E-019
      8451   1.05707096662624000000E+017   5.80410622436192931407E-019
      8452   1.46854642667228896000E+017   3.85876787437950342413E-019
      8453   5.35141852098084240000E+016   1.43614966186989042954E-018
      8454   2.93178428399674280000E+016   1.42020432406995834546E-018
      8455   2.24145899876746400000E+016   1.82238534182278681443E-018
      8456   1.58558482280933700000E+016   1.77187361314364338246E-018
      8457   1.07382739988184220000E+016   1.75792038103708045182E-018
      8458   8.52502398197441000000E+015   1.70522704395608700845E-018
      8459   6.93449157325185400000E+015   2.25067686851576116641E-018
      8460   6.60621665043374000000E+015   2.90023537410330593865E-018
      8461   5.29960021400841100000E+015   3.16366879813151825751E-018
      8462   4.22282387290298050000E+015   3.50658290219964279673E-018
      8463   3.80169484521380950000E+015   4.04862208774249576044E-018
      8464   3.76807867794876400000E+015   4.23896633037946685330E-018
      8465   4.15490406117567550000E+015   4.24643980961724408919E-018
      8466   4.04853596516650400000E+015   3.51600158753491309126E-018
      8467   4.28781753469065850000E+015   3.12347369212580602657E-018
      8468   3.84185785746434000000E+015   2.87317973570723180243E-018
      8469   2.73864554968295550000E+015   3.35082426780243322583E-018
      8470   2.52249596801666650000E+015   3.70448918419115335464E-018
      8471   2.57207170343512900000E+015   3.51001611018767725620E-018
      8472   2.91254434234442900000E+015   3.04061714886913423489E-018
      8473   3.00921092636177200000E+015   2.47808907320380476938E-018
      8474   2.77081141973854200000E+015   2.29419585706902212531E-018
      8475   3.21293650790762700000E+015   2.18758632029237616370E-018
      8476   3.57772842347408850000E+015   2.70915538238251994249E-018
      8477   3.60004042070005250000E+015   2.99358634141076787336E-018
      8478   3.21973446066189500000E+015   2.97395986645008425620E-018
      8479   2.54971605300503000000E+015   3.16703487387933555030E-018
      8480   2.16277539098262050000E+015   3.13497647428635444302E-018
      8481   2.33068190232560550000E+015   2.89460867111838490897E-018
      8482   2.35214065996285100000E+015   2.91567200079431322419E-018
      8483   2.29494920518636250000E+015   3.56046118904929818745E-018
      8484   2.15924159631331175000E+015   4.32766253245459767021E-018
      8485   2.02824206155970200000E+015   4.58366399091701660517E-018
      8486   1.75255996512091700000E+015   4.74562570255031135965E-018
      8487   1.73735706950947600000E+015   4.40516078938338049502E-018
      8488   1.63884770645481700000E+015   4.31256132202367830319E-018
      8489   1.55774949215547725000E+015   4.46179886369666630004E-018
      8490   1.41400922947592225000E+015   4.51479221267334487746E-018
      8491   1.49381989608114900000E+015   4.90839151935261106055E-018
      8492   1.57652242336339525000E+015   4.86237495001966768065E-018
      8493   1.62004577214044000000E+015   4.65663985129253261802E-018
      8494   1.89522192947857575000E+015   4.27928009898038051908E-018
      8495   2.03480647746766100000E+015   4.07051017121571801668E-018
      8496   2.15616582749600425000E+015   4.12831257058739848692E-018
      8497   2.26954516119515400000E+015   3.86763286074605079698E-018
      8498   2.29800770493563200000E+015   3.53696676618366192272E-018
      8499   2.33131610244038400000E+015   3.84471006608251881907E-018
      8500   2.21766173814592425000E+015   3.92202640338246005572E-018
      8501   2.15225844740315575000E+015   4.02261391858162107753E-018
      8502   1.88981543914670550000E+015   4.22884127552924109972E-018
      8503   1.56252823809160125000E+015   4.60759824190327855077E-018
      8504   1.40240516351517700000E+015   4.91452025354860994880E-018
      8505   1.22955961851844500000E+015   4.65422634955367861188E-018
      8506   1.08224681035151087500E+015   4.61217727822060056874E-018
      8507   1.05781181300051075000E+015   4.54093203945008802230E-018
      8508   9.42296958831045750000E+014   4.30368012408443557548E-018
      8509   9.76776218090565875000E+014   3.87560481462759760179E-018
      8510   1.06768684520074525000E+015   3.69674214915902486773E-018
      8511   1.21036023922738650000E+015   3.96837750618547897926E-018
      8512   1.54529173501993850000E+015   3.31193632482285606436E-018
      8513   1.79284607934770175000E+015   3.22854375508221174974E-018
      8514   2.00573100937282750000E+015   3.17919795119340749741E-018
      8515   2.03800217396347600000E+015   3.21854003261707034452E-018
      8516   1.89372046369931750000E+015   3.60713484051922145077E-018
      8517   1.73736652061173975000E+015   3.50324719545923901609E-018
      8518   1.51335163959530100000E+015   3.66092794241196187599E-018
      8519   1.22908965775306625000E+015   4.32450612122563402299E-018
      8520   1.07586596593932650000E+015   4.68722976170739504782E-018
      8521   1.35819588787384900000E+015   5.61186160198272495763E-018
      8522   1.84471408489848900000E+015   6.15812658873196339892E-018
      8523   2.09916437415033800000E+015   5.92318626573528480181E-018
      8524   1.83893476724588100000E+015   5.86248994798268184917E-018
      8525   1.57813202451488900000E+015   5.69788519847597234042E-018
      8526   1.56125320002353925000E+015   5.48693026466417149885E-018
      8527   1.60873285757762225000E+015   4.82352365769161156868E-018
      8528   1.66534205155140550000E+015   4.54407568009306350414E-018
      8529   1.50923836791907700000E+015   4.82197588782101681427E-018
      8530   1.03600979930048375000E+015   5.61615155267905735439E-018
      8531   1.03918652870164812500E+015   5.69545680880705229153E-018
      8532   1.67433957103304650000E+015   4.00787114875004625132E-018
      8533   1.50332206845722000000E+015   4.30391368246265014530E-018
      8534   1.17156027172416175000E+015   4.51937277273150675036E-018
      8535   1.11396535011174150000E+015   4.51651852981024474111E-018
      8536   1.24076421755775725000E+015   3.90174901541323715027E-018
      8537   1.20446001732729725000E+015   3.87587239895028828423E-018
      8538   1.19705585993568175000E+015   3.82393524114079337629E-018
      8539   1.01522521707980975000E+015   4.40961054477572215298E-018
      8540   8.01246241322642625000E+014   5.06261321647523462521E-018
      8541   9.44681572787718875000E+014   4.39217264836498697709E-018
      8542   8.50675599438490750000E+014   4.64302504380644291864E-018
      8543   9.60020521363937875000E+014   4.48969865025845814574E-018
      8544   1.29054732813238650000E+015   3.60691801955997497193E-018
      8545   1.69044749710241325000E+015   2.33220812930776013365E-018
      8546   1.44055419335702750000E+015   2.29628712953998752282E-018
      8547   1.33044497255939575000E+015   2.69416176780735826157E-018
      8548   9.73505147835179250000E+014   3.58710399704287433020E-018
      8549   7.00146188146168000000E+014   4.06667627535943962233E-018
      8550   4.34696149000353750000E+014   4.96221500063661774535E-018
      8551   6.26989080528947750000E+014   4.62792395325463080583E-018
      8552   7.68131319542593000000E+014   4.01640310178049081296E-018
      8553   8.80288025866468500000E+014   3.93378400879488073897E-018
      8554   8.19365952821893875000E+014   4.21728504470079885419E-018
      8555   1.02028799316671225000E+015   3.89707003800399258169E-018
      8556   1.07813116898662587500E+015   3.95467580945827849568E-018
      8557   9.03602610213369125000E+014   4.86949980005461331999E-018
      8558   7.34201810003869000000E+014   5.46876002450112917737E-018
      8559   7.00874700837560250000E+014   5.73744387546864804051E-018
      8560   7.79672937528438000000E+014   4.60434734473929337664E-018
      8561   7.02616143600520750000E+014   4.52698203373819520057E-018
      8562   8.49158477923075500000E+014   4.15644167857884834248E-018
      8563   8.74654467572864375000E+014   3.70075156317029665057E-018
      8564   8.11592835910800000000E+014   3.89092371715895264314E-018
      8565   6.38640780598049750000E+014   4.80951686512077339717E-018
      8566   3.55238705167524312500E+014   6.67342350081561086561E-018
      8567   4.84510918640909312500E+014   6.25047467457473816352E-018
      8568   7.06437677492599875000E+014   5.42612534048807928386E-018
      8569   7.41320064787086250000E+014   5.61455252360895929894E-018
      8570   6.11995798275817125000E+014   5.01459431698335080313E-018
      8571   5.92236008654022375000E+014   4.92528404849087348012E-018
      8572   7.90702478200372875000E+014   5.76923734588954283397E-018
      8573   9.02825872622165500000E+014   4.75453928608481210780E-018
      8574   8.71494416302828625000E+014   3.69729981829347437250E-018
      8575   8.18228905555915875000E+014   4.22058071861218702747E-018
      8576   9.23708630955211125000E+014   4.58534764702895833387E-018
      8577   1.05070210373952962500E+015   5.42330903995103673007E-018
      8578   9.36613707536359000000E+014   5.97927883167091377466E-018
      8579   8.67958609636933375000E+014   6.23806082295970388129E-018
      8580   8.05473214609040500000E+014   6.26482709373705408087E-018
      8581   6.74188858341885500000E+014   6.27968671018137269394E-018
      8582   7.51534755380698375000E+014   5.54380965581984477297E-018
      8583   8.45769478663257250000E+014   4.73515700684389706119E-018
      8584   8.26888517731158875000E+014   4.93328902417495265837E-018
      8585   6.28536324845382250000E+014   6.64450512496221591829E-018
      8586   6.46417583945473750000E+014   6.78447686244929224901E-018
      8587   9.43530427559251875000E+014   6.67839725604684766527E-018
      8588   1.30948417468446250000E+015   4.92414489272417314174E-018
      8589   1.46024098410230150000E+015   3.66596773187749951482E-018
      8590   1.29646350408131100000E+015   3.26404873669104775110E-018
      8591   9.02566081006874750000E+014   3.66762860818472773252E-018
      8592   8.16573858107977250000E+014   4.35815790591733550347E-018
      8593   9.04838161053907625000E+014   4.89294545963915254695E-018
      8594   9.99222204244374250000E+014   5.03727769920421000588E-018
      8595   1.08855997707118725000E+015   5.04046119558654211524E-018
      8596   1.04417898634229087500E+015   4.67752681077382294547E-018
      8597   9.28460707314777625000E+014   5.09274193688849847097E-018
      8598   8.99379446722800625000E+014   4.98114692673284917983E-018
      8599   1.01797238235653437500E+015   5.21739212870381659921E-018
      8600   1.37763121519098625000E+015   4.73966658642174256046E-018
      8601   1.62565333698385075000E+015   4.18443387186093995775E-018
      8602   1.59414832092182325000E+015   4.00610607847093240800E-018
      8603   1.30558519732058200000E+015   4.57028691732526905654E-018
      8604   8.68286255505880250000E+014   5.94754292466730948264E-018
      8605   5.92053968330277000000E+014   6.62885731531766282578E-018
      8606   8.46518703166247125000E+014   5.50126993808598469104E-018
      8607   1.29661708040235825000E+015   3.89498632765649041772E-018
      8608   1.39469365658217725000E+015   3.39947964225173821229E-018
      8609   1.35848581859331975000E+015   4.05156750400843082150E-018
      8610   1.40861923962099350000E+015   4.46131319642540562210E-018
      8611   1.13191451583809500000E+015   5.25529785212543745366E-018
      8612   1.01368210198475237500E+015   6.11017510487023188973E-018
      8613   9.87210118570570750000E+014   6.19163353962605643402E-018
      8614   9.56209754887409000000E+014   6.08861485998799966021E-018
      8615   8.25745151563491625000E+014   5.99771028106597036825E-018
      8616   7.88297543149449375000E+014   5.72375596770962612198E-018
      8617   8.30037362107517500000E+014   5.32743149727467882888E-018
      8618   8.85037986350659125000E+014   5.05336208929083660218E-018
      8619   9.38632118054120000000E+014   5.07043409878169021963E-018
      8620   9.75191884086220625000E+014   5.00516751798150330756E-018
      8621   1.12537612782127512500E+015   4.89526878266796412932E-018
      8622   1.29444269108631475000E+015   4.53505900956222583233E-018
      8623   1.32743492831523500000E+015   4.28614751495887716230E-018
      8624   1.33514277125444750000E+015   3.88298813273214485098E-018
      8625   1.36112330763653000000E+015   3.96018614509353521934E-018
      8626   1.50095906839425900000E+015   3.66067691794433931519E-018
      8627   1.51674983525246450000E+015   3.90720927687911647679E-018
      8628   1.46640206045271975000E+015   4.00248017638375155842E-018
      8629   1.50251841881606775000E+015   4.50603533620457488239E-018
      8630   1.52110126133909775000E+015   4.51928851071974583992E-018
      8631   1.57935990234830275000E+015   5.34366983109090365045E-018
      8632   1.59470655807424575000E+015   5.58007346045828078193E-018
      8633   1.49329502585513975000E+015   5.32793675714827940972E-018
      8634   1.50211780515394950000E+015   4.66376601804859692029E-018
      8635   1.53865198151069950000E+015   4.73333036472692142557E-018
      8636   1.68392566503318925000E+015   4.16566677708031198172E-018
      8637   1.75765904854714450000E+015   4.52610909145965317381E-018
      8638   1.80229962544379975000E+015   4.56277096472854403684E-018
      8639   1.82181114693080900000E+015   4.49585741392604776241E-018
      8640   1.82271332684167925000E+015   4.54247979340933982948E-018
      8641   1.86833389824171175000E+015   5.11545429833135971841E-018
      8642   2.04494020052045925000E+015   5.18157979719536751591E-018
      8643   2.03449894575896400000E+015   4.99893815182069810753E-018
      8644   2.16402704675172600000E+015   3.99028240921230754521E-018
      8645   2.02633925584881725000E+015   3.72474460822684411976E-018
      8646   2.05074044742543125000E+015   3.76180661179966414987E-018
      8647   2.40370128007952400000E+015   3.64994963944720321114E-018
      8648   2.71564353508777800000E+015   3.86488785861581706815E-018
      8649   3.00332328818046200000E+015   4.11541350835146166308E-018
      8650   2.88943917278665000000E+015   4.37529966815410091762E-018
      8651   3.08252981651139950000E+015   4.31920230440311532634E-018
      8652   3.13155569920197250000E+015   4.62353112100104963126E-018
      8653   2.86787790677911550000E+015   4.26459141733255627458E-018
      8654   2.63846983773804350000E+015   3.61917831759811284719E-018
      8655   2.78294251764306600000E+015   3.57193183813487425332E-018
      8656   3.18394539231312700000E+015   3.32571388286117987803E-018
      8657   3.62152841834533350000E+015   3.68565608107365599677E-018
      8658   3.72174875585103350000E+015   3.72201136301435897010E-018
      8659   3.10591844946119250000E+015   4.13805983190985712192E-018
      8660   4.68203469655267100000E+015   3.75376743460711842545E-018
      8661   6.86210481545003000000E+015   3.42707780383696969766E-018
      8662   9.46123486486382600000E+015   2.87271071592631172714E-018
      8663   1.02765365833003200000E+016   2.83620589597274076478E-018
      8664   1.37234102660719640000E+016   2.88148718492578165342E-018
      8665   1.80299942211772880000E+016   1.16388049570798337328E-018
      8666   2.30764796312403000000E+016   7.56515662941242798650E-019
      8667   3.57442306519116360000E+016   8.33505845896404936459E-019
      8668   8.02285392744924160000E+016   3.96713197599741623117E-019
      8669   1.02286586815294720000E+017   4.75163319829692223751E-019
      8670   8.59003918559666240000E+016   6.35515266642291983731E-019
      8671   3.39603670098087872000E+017   1.08237398415709554734E-019
      8672   3.63200451266496896000E+017   2.40023808874343907073E-019
      8673   3.73978943797505280000E+017   1.93090599131430273430E-019
      8674   1.20349170764776896000E+017   5.20661880876934182600E-019
      8675   1.07904987633151008000E+017   3.17607421938317076423E-019
      8676   2.18368316078635360000E+017   4.00992559115789022660E-019
      8677   7.01622942189747760000E+016   8.02189699524383354387E-019
      8678   4.66962832811545840000E+016   1.20972826552601336273E-018
      8679   3.04839170359751960000E+016   1.25606910624263107929E-018
      8680   1.46975703517025720000E+016   2.21840680633652336306E-018
      8681   1.11154774820636420000E+016   1.88502721497733236209E-018
      8682   9.47032320344506000000E+015   1.80634956023986299367E-018
      8683   7.85747292818499800000E+015   1.65872149396393081133E-018
      8684   6.65193058469859900000E+015   2.01146184342114451431E-018
      8685   5.70384138027731300000E+015   2.55976327117482154563E-018
      8686   4.08239981742928700000E+015   2.83763109176832479414E-018
      8687   3.92137380939115350000E+015   2.79179673398718952317E-018
      8688   3.78087843665297300000E+015   3.18777320812728131093E-018
      8689   3.38096013171906200000E+015   3.86418651172934270850E-018
      8690   3.77746265637964200000E+015   3.84050326813338775106E-018
      8691   3.58765794454297650000E+015   3.72889218351241300242E-018
      8692   4.76802155993725600000E+015   3.35093437415597660254E-018
      8693   4.31520567466023400000E+015   2.86596941531511147165E-018
      8694   3.55693840930386850000E+015   3.12002370864201060650E-018
      8695   2.65305724872731150000E+015   3.76614167212320497504E-018
      8696   2.38493644199758700000E+015   3.73874015196550275339E-018
      8697   2.58412116949008300000E+015   3.37676573866738772429E-018
      8698   2.59463816633054050000E+015   2.92309433446697095398E-018
      8699   2.76163525296099800000E+015   2.58990441736513354844E-018
      8700   2.98710572690391350000E+015   2.51442961452441353694E-018
      8701   3.38860246931914400000E+015   2.71104024589794684163E-018
      8702   4.18011724489299000000E+015   3.01678432126151104507E-018
      8703   3.81967260564350800000E+015   3.02282418441391744285E-018
      8704   3.28752680383270600000E+015   2.88715165056472307145E-018
      8705   2.86890133971544600000E+015   2.83316342214603823133E-018
      8706   2.54931885185642900000E+015   2.41374144532748986112E-018
      8707   2.60389282889307950000E+015   2.67839847418507528172E-018
      8708   2.59133919354754050000E+015   3.06168964520785683239E-018
      8709   2.16220472445314875000E+015   3.85839431037392510370E-018
      8710   1.94522898782655025000E+015   4.68589786743349109875E-018
      8711   1.71320814300242375000E+015   5.14764929030354275972E-018
      8712   1.55803210037855000000E+015   4.79872974069360707435E-018
      8713   1.58126381472085950000E+015   4.36953671234939838687E-018
      8714   1.47011049909138425000E+015   4.30416419696439591932E-018
      8715   1.46670974097634300000E+015   4.38264098110737075222E-018
      8716   1.34953676792758850000E+015   4.64831579747182634706E-018
      8717   1.57995851133577575000E+015   4.75955433149908295248E-018
      8718   1.80976642128969275000E+015   4.54870468329193651457E-018
      8719   1.60072680408436375000E+015   4.51129177516921944032E-018
      8720   1.73771186742345425000E+015   4.41096964047578798270E-018
      8721   1.92786809457397375000E+015   4.05876983296155093517E-018
      8722   2.19429118616458250000E+015   3.92234656877349378362E-018
      8723   2.25437169067425250000E+015   3.81242454295968954068E-018
      8724   2.34413110975701900000E+015   3.83891147276077489653E-018
      8725   2.42934753307617600000E+015   3.90784701009185855200E-018
      8726   2.34541302367409200000E+015   3.82771454423270120886E-018
      8727   2.19670976766484925000E+015   4.11217339740928812159E-018
      8728   1.72980949704812300000E+015   4.47637752932722199559E-018
      8729   1.52835803837619825000E+015   4.63431656572006104303E-018
      8730   1.36965242729281700000E+015   4.49101513477896009500E-018
      8731   1.18403223185493175000E+015   4.54301513666693476794E-018
      8732   1.06197020515551025000E+015   4.38249925368336139866E-018
      8733   1.04645597196993750000E+015   4.02706417205606213413E-018
      8734   9.51779642488959125000E+014   3.97013628397982044391E-018
      8735   1.06109573740228550000E+015   3.73629288804173748865E-018
      8736   1.24917690732277100000E+015   3.90628435841731898146E-018
      8737   1.37137849285757025000E+015   3.62548288833266389188E-018
      8738   1.60458169990832400000E+015   3.50366302743529233934E-018
      8739   1.94803089333998000000E+015   3.22710166214891191628E-018
      8740   2.06660968207458750000E+015   3.23328929966931477621E-018
      8741   2.19244910754974750000E+015   3.11000863931553265107E-018
      8742   1.96338334455633675000E+015   3.65002845147706459183E-018
      8743   1.64190822643103525000E+015   3.76863246029114678914E-018
      8744   1.39783451255227575000E+015   3.91662664925305621987E-018
      8745   1.19505506328154800000E+015   4.40765406978980107198E-018
      8746   1.12224856819843300000E+015   4.93136129222493151501E-018
      8747   1.53074490731278775000E+015   5.58679318776066494469E-018
      8748   1.98141653702990250000E+015   5.88464807649859830578E-018
      8749   2.06071123918492150000E+015   5.83785558213592446784E-018
      8750   1.92259751209830925000E+015   5.79896319151083065219E-018
      8751   1.61451600750462600000E+015   5.61397708281449688064E-018
      8752   1.57362511866763200000E+015   5.27147668306964983371E-018
      8753   1.73905350901675350000E+015   4.08411093341682827080E-018
      8754   1.71051268708154250000E+015   4.05591640550051921691E-018
      8755   1.09305243519339925000E+015   5.35676463658593194265E-018
      8756   1.18672448048786725000E+015   5.14147359398463073595E-018
      8757   1.40928909604962725000E+015   4.75955778099855495572E-018
      8758   1.64349637707001525000E+015   3.99718087764974574002E-018
      8759   1.49384265264680225000E+015   3.87430575235672826052E-018
      8760   1.12031574281914137500E+015   4.49548657376471705129E-018
      8761   1.38053916835565400000E+015   3.90255532333046462946E-018
      8762   1.33916909376705800000E+015   3.72782893820275598915E-018
      8763   1.27587024528953300000E+015   3.68930653145007313772E-018
      8764   1.20126290918268200000E+015   3.90412108550908053230E-018
      8765   9.47437343695101500000E+014   4.80487963183596033544E-018
      8766   8.79662521327280750000E+014   4.32019336894114331583E-018
      8767   9.50724997128081500000E+014   4.27117135112220803521E-018
      8768   8.53638656738738875000E+014   4.62914057137251834034E-018
      8769   1.15699351063615325000E+015   4.23016611732861408888E-018
      8770   1.61834280966432150000E+015   2.66622657533405467003E-018
      8771   1.79861226172436900000E+015   1.98976976321809105550E-018
      8772   1.51937475438006825000E+015   2.31144833741612112718E-018
      8773   1.19504319942587825000E+015   3.05271040582867616408E-018
      8774   9.65557620069077125000E+014   3.49590600526071479129E-018
      8775   6.18137732715384375000E+014   4.57250413217272071052E-018
      8776   3.26590555131123125000E+014   5.09171827800102957600E-018
      8777   6.75439703854023250000E+014   4.52801115492593866097E-018
      8778   9.10186133124157750000E+014   3.65716709261721452921E-018
      8779   8.40122781128107250000E+014   4.08771859617338295820E-018
      8780   9.95245278115324250000E+014   3.90693425880147309858E-018
      8781   1.14238363967928775000E+015   3.49840439262819989462E-018
      8782   1.05612925838566325000E+015   3.72212547478125651868E-018
      8783   8.86477320998148125000E+014   4.73077888390115632106E-018
      8784   6.85076653303606750000E+014   5.61585332453938951660E-018
      8785   7.80311439741685000000E+014   5.31911047831532069097E-018
      8786   7.75644448016173750000E+014   4.47024997596115079567E-018
      8787   7.88407778523127000000E+014   4.38587213921569166274E-018
      8788   8.60106502560275500000E+014   3.97499603937224081860E-018
      8789   8.89703743446894500000E+014   3.56856970463243847288E-018
      8790   8.15763262219952500000E+014   3.99268084210692946742E-018
      8791   5.99137384608805625000E+014   4.98673702933560183983E-018
      8792   3.93066524251073250000E+014   6.57473329676757610816E-018
      8793   5.13166149977473437500E+014   6.16842561420786383647E-018
      8794   6.62300259324689500000E+014   6.00516998566808006986E-018
      8795   7.57612372631836500000E+014   5.61274496649702706964E-018
      8796   5.39901978119101750000E+014   5.17148382241897764222E-018
      8797   6.16080662414610250000E+014   5.03122886049649201316E-018
      8798   6.86122509393360750000E+014   5.99181885456802934811E-018
      8799   8.84520678561697875000E+014   4.88339667451107290626E-018
      8800   8.73688352664366250000E+014   3.61009222501921960343E-018
      8801   8.63651627867905125000E+014   4.32717257759697539853E-018
      8802   9.71577763118643750000E+014   4.52646980065126370533E-018
      8803   1.01191818972631612500E+015   5.30255196466820054601E-018
      8804   9.13702944957403125000E+014   5.77437232641231895883E-018
      8805   8.99204485665830125000E+014   6.09218505008727201651E-018
      8806   8.26509928674761875000E+014   6.12518925044602285313E-018
      8807   7.05639846078147250000E+014   6.10857493739607392697E-018
      8808   7.08719040084763625000E+014   5.58915850491896347798E-018
      8809   8.84401834479784375000E+014   4.67955669992233556297E-018
      8810   7.81043290006956750000E+014   4.75726804792029508642E-018
      8811   6.86691835314464000000E+014   6.25132906812577095902E-018
      8812   7.19183470427939000000E+014   6.16692602932211962069E-018
      8813   1.05979838269107525000E+015   5.72955207472294436585E-018
      8814   1.37112454773900475000E+015   4.53144799483782681963E-018
      8815   1.57567237602853825000E+015   3.28477968658668573182E-018
      8816   1.45360538519427425000E+015   3.10316823702404264399E-018
      8817   9.40933324220947875000E+014   3.54762405482487778048E-018
      8818   8.55780987816935125000E+014   4.39073553170501895985E-018
      8819   9.16980280715516625000E+014   4.77545818318710178507E-018
      8820   1.02315578958544325000E+015   5.00987027297824329494E-018
      8821   1.08909379104456425000E+015   4.98247858032760668413E-018
      8822   9.52016676237178750000E+014   5.35074579060339414013E-018
      8823   8.80255105480499625000E+014   5.22569450454680960014E-018
      8824   9.06917416548087375000E+014   4.98137801779954342663E-018
      8825   1.02209657788706825000E+015   4.75856780249184559759E-018
      8826   1.27674094547786975000E+015   4.64852061729943306375E-018
      8827   1.60918825411709950000E+015   4.18623513104701722592E-018
      8828   1.74228864916662800000E+015   3.67278077255413029570E-018
      8829   1.53719842126739550000E+015   4.09836768602688080929E-018
      8830   9.75276994596157375000E+014   5.59202644285559332303E-018
      8831   6.67847961148418125000E+014   6.57759816615628157741E-018
      8832   8.86593984666828500000E+014   5.52597428178637860916E-018
      8833   1.31548575395078025000E+015   3.81027625370545232936E-018
      8834   1.41527518711328325000E+015   3.37513867775272270171E-018
      8835   1.44440436310021725000E+015   4.08026908379785156000E-018
      8836   1.25029922832156600000E+015   4.94388262072223355574E-018
      8837   1.13895842355111925000E+015   5.77509159939817937416E-018
      8838   1.00120172451769600000E+015   6.13454044185843241002E-018
      8839   8.04664173794158875000E+014   6.49908150833616371194E-018
      8840   8.19925975192212625000E+014   6.48050818115862611525E-018
      8841   7.37206066189541875000E+014   6.26266999950081033212E-018
      8842   7.15141723625682500000E+014   5.79772982194466699894E-018
      8843   7.50381009969297625000E+014   5.63957493502334791036E-018
      8844   9.03933114760829000000E+014   5.04812680230089385113E-018
      8845   1.01179249358578662500E+015   4.92498424090010655510E-018
      8846   9.72358525312823250000E+014   4.91954075656751551698E-018
      8847   1.12417165930752187500E+015   5.08399376582399088838E-018
      8848   1.26277348249001775000E+015   4.53291013138639047053E-018
      8849   1.31575569931638775000E+015   4.21540900217567390868E-018
      8850   1.42190065375942425000E+015   3.93144237149015719851E-018
      8851   1.40086785876648575000E+015   3.62337063176437614957E-018
      8852   1.45593117094409525000E+015   3.91543745594959660736E-018
      8853   1.52984463548402800000E+015   3.93456261894637827836E-018
      8854   1.58468394591087950000E+015   4.03469661031008192407E-018
      8855   1.57861719351791900000E+015   4.22300105707631525396E-018
      8856   1.60323184787113775000E+015   4.31450724393617448335E-018
      8857   1.57896991037935050000E+015   5.17104685078463618071E-018
      8858   1.70672942901170975000E+015   4.69524473619047021606E-018
      8859   1.50069944857519675000E+015   5.08545386684812672712E-018
      8860   1.39252026726046325000E+015   5.21457565231070632096E-018
      8861   1.47424491262044525000E+015   4.79083512628822444934E-018
      8862   1.48054915255299775000E+015   4.75759728490461620032E-018
      8863   1.41783547994561625000E+015   4.79790566971397294649E-018
      8864   1.69006446844314750000E+015   4.25285394478311783194E-018
      8865   1.71069360887749850000E+015   4.17909078891915366368E-018
      8866   1.83872486581662200000E+015   4.28757718196761955316E-018
      8867   1.88482496941904300000E+015   4.67360089372995497503E-018
      8868   2.11073826120435450000E+015   4.93174899706282401841E-018
      8869   2.15555788006759875000E+015   4.82077167759998558156E-018
      8870   2.22089646812018950000E+015   4.34960425364367475308E-018
      8871   1.87735908291496950000E+015   3.96143438692883831282E-018
      8872   2.10917411164773425000E+015   3.77895322165329465647E-018
      8873   2.30105836234088350000E+015   3.80655018758170852455E-018
      8874   2.72089685815294200000E+015   4.21341483356922758913E-018
      8875   2.98566343725053700000E+015   4.15740376192701299614E-018
      8876   2.78875086783841400000E+015   4.29756815227008844814E-018
      8877   3.22789625283794550000E+015   3.99941488315597043672E-018
      8878   3.23590694795487900000E+015   4.28940468359948457039E-018
      8879   3.33469873302296400000E+015   3.98601481379055718656E-018
      8880   3.59186582962009650000E+015   3.31484192673984453324E-018
      8881   2.93767461617956100000E+015   3.17527714545302834347E-018
      8882   3.07639743211435600000E+015   3.44522031414968280876E-018
      8883   3.25046912229702900000E+015   3.50863630542195173645E-018
      8884   4.12022498792363950000E+015   3.59257842716516687257E-018
      8885   4.28909779644058100000E+015   4.29520587107841768740E-018
      8886   4.06448023463048000000E+015   4.47579889355921781389E-018
      8887   5.39961461213313100000E+015   4.28300248543630167336E-018
      8888   6.06781371617557100000E+015   3.90384297984579542639E-018
      8889   9.82908957747242400000E+015   2.36311663623048918007E-018
      8890   1.25486618441342020000E+016   1.53404468673233947021E-018
      8891   1.66475980891582380000E+016   1.46135488510348362527E-018
      8892   1.43309684840762960000E+016   3.09698703885420022848E-018
      8893   1.22099534023783240000E+016   4.01701936454712987820E-018
      8894   1.72308665901192480000E+016   1.80028280635507358659E-018
      8895   2.80468225541796800000E+016   1.39931297924317037532E-018
      8896   1.24087284032582240000E+017   4.59524335898046257119E-019
      8897   1.13209940029932528000E+017   9.77664449839170008564E-019
      8898   3.98216558015589952000E+017   1.62687526840113687088E-019
      8899   3.51660723567447744000E+017   6.29248506581313568545E-020
      8900   5.00077989758828096000E+017   2.50859648833971420952E-020
      8901   2.90525532484301056000E+017   6.60836464842688849140E-020
      8902   6.40172088909707120000E+016   1.80413907773157296538E-019
      8903   3.08349953293017280000E+017  -6.90395145759793074112E-019
      8904   2.85045028103165152000E+017  -3.34244240598390964620E-019
      8905   2.03932825677007232000E+017  -1.72196276749434036051E-019
      8906   3.30496583387999040000E+017  -6.79145233960138949570E-019
      8907   5.11385642268128576000E+017   1.18555865709552506964E-019
      8908   2.09481047723657728000E+017   4.38352420080043411630E-019
      8909   6.63767585781214208000E+017   1.36956794308693895847E-019
      8910   4.85213596603192128000E+017   6.36597265409011056627E-019
      8911   5.67450811960095552000E+017  -1.08896926006647078981E-018
      8912   8.54655786441654400000E+016   1.31354330890319700729E-019
      8913   2.41194193059945312000E+017  -1.09307129618264292832E-018
      8914   2.58524930858571980800E+018   4.07892898899269822563E-019
      8915   2.41543865369956352000E+018   4.39178486288863053230E-019
      8916   1.08038281987209152000E+018  -2.32635431126681960613E-019
      8917   1.07117065637474150400E+018  -2.29506050865572913056E-020
      8918   5.11381229622756480000E+017   8.36581554260218218683E-019
      8919   2.56378421164040512000E+017   4.46276355009335846294E-019
      8920   3.31771139313100864000E+017   1.25831366116473286756E-019
      8921   3.67069684576308480000E+017   1.25038564190899742705E-019
      8922   2.90930759816564416000E+017   1.89031241137812462606E-019
      8923   4.13627663911770880000E+017   3.89073785798657881710E-020
      8924   3.48675807689375104000E+017   2.61255688145310439003E-019
      8925   4.42721054704777600000E+017   2.46070722467783125556E-019
      8926   3.40339886142233664000E+017   3.88454692689394416346E-019
      8927   3.69543370144788032000E+017   2.91134791056257452165E-019
      8928   3.88383950730235584000E+017   3.47771986864065281261E-019
      8929   6.42722725398278656000E+017   1.23156931721598976279E-019
      8930   7.12281167609798400000E+017   2.39726138910967631568E-020
      8931   1.26517201719962700800E+018  -5.40235414864661383970E-020
      8932   1.24530581313089536000E+018   5.66025841791435856950E-020
      8933   1.20444657549260262400E+018   1.21479538009141986498E-019
      8934   2.22262588513888000000E+017   2.94915848786759527372E-019
      8935   5.89452002556119552000E+017   1.72054245199725180286E-019
      8936   1.41329358300048051200E+018  -1.17414865742165263503E-019
      8937   1.51262111441441664000E+018  -1.40024144145379913301E-019
      8938   7.48129851713071360000E+017   7.74998400016249262304E-020
      8939   3.70276395790052096000E+017   1.16145624697336832427E-019
      8940   1.02710149214805964800E+018  -3.06366359121968825071E-021
      8941   7.40791795279564032000E+017   1.87510505848387867894E-019
      8942   3.64357657977166336000E+017   4.87196432313964662665E-019
      8943   6.05326224487748352000E+017   2.65000730325535546997E-019
      8944   1.02623910745022668800E+018  -2.96043322630676926873E-019
      8945   1.05520401611467942400E+018  -1.35220159121499163707E-019
      8946   1.22613560634957081600E+018   1.05712875296818910445E-019
      8947   8.58251618980213760000E+017   1.07404494882924576942E-019
      8948   1.86382444741704934400E+018   9.37224183601526224116E-020
      8949   1.88828593317589836800E+018   4.91633799698907144188E-020
      8950   2.00910592988658534400E+018   5.27946524544987297563E-020
      8951   7.92555829675619456000E+017   3.93873668193567579741E-019
      8952   3.99560667734145152000E+017   5.54196669840266153236E-019
      8953   4.07376404510441344000E+017   1.79357219880312128993E-019
      8954   2.63071334112583488000E+017   4.56165966632161661711E-019
      8955   1.01071748780391065600E+018   1.22224308593521905270E-019
      8956   1.21950476557719091200E+018   5.22900739287450133624E-020
      8957   1.51430725172850636800E+018   5.50269227555653572374E-020
      8958   1.30736580574766412800E+018   1.11330273641323695627E-019
      8959   7.65864857657019520000E+017   8.01275959982973801596E-020
      8960   9.29843520819530368000E+017   3.12427754066737194094E-020
      8961   8.56844500433790720000E+017   9.84753071766310852549E-020
      8962   7.69146647364536576000E+017  -5.85632800315335037267E-020
      8963   7.01336093154322816000E+017   1.22969361650839082846E-019
      8964   6.47228909092928640000E+017   1.68434939362464335204E-019
      8965   6.26790351409247744000E+017   2.04360278071032620669E-019
      8966   6.96038057180853632000E+017   2.15789163905299334333E-019
      8967   1.12873150605515008000E+018   2.48598474330301651161E-020
      8968   9.61566895662321152000E+017   8.94885008777134333668E-020
      8969   1.01512303309252697600E+018   8.44866097483979751424E-020
      8970   8.89307193233608704000E+017   1.21857546469155643644E-019
      8971   8.41852339795576064000E+017   1.26869375458297275342E-019
      8972   9.24436071138348160000E+017   1.52998693065138894611E-019
      8973   9.20580498490608768000E+017   1.29848413776356925853E-019
      8974   9.26311499607179264000E+017   1.86746242021496953525E-019
      8975   1.11995706273773836800E+018   1.83128669614007815443E-019
      8976   1.54102254709050521600E+018   1.53871265498482169213E-019
      8977   1.91867046815028096000E+018   5.58210109766323439817E-021
      8978   1.87865731937283123200E+018  -2.47662686862653405036E-022
      8979   1.65204822610140876800E+018   1.68924943760096213075E-020
      8980   1.34169146049269248000E+018   2.66798059797169414872E-020
      8981   7.40722603165047680000E+017   1.18688552286964566510E-019
      8982   1.14891701446562342400E+018   8.48514045321860571741E-020
      8983   1.00087076793590528000E+018   4.85627302861598894980E-020
      8984   1.03105549985352089600E+018   2.12234004775839588664E-020
      8985   1.25487346545010150400E+018  -8.67331341423350824815E-020
      8986   1.07604895301277542400E+018   1.43947862507962599634E-020
      8987   1.15873170733470745600E+018   4.75376782135874785041E-020
      8988   1.15824567854128972800E+018   5.37353579282461445795E-020
      8989   1.23509687940343065600E+018   1.64999563442870165875E-019
      8990   1.06708002967480217600E+018   1.59640641604217436336E-019
      8991   1.28034343998568396800E+018   6.06344903304553964756E-020
      8992   1.04306100243383616000E+018   1.53437465681933599125E-019
      8993   1.32020416649652940800E+018   3.03216264577638617226E-020
      8994   8.55641891462795520000E+017   1.97366603439260398800E-019
      8995   1.10234161977788876800E+018   1.58767047883631737701E-019
      8996   1.41963012826104422400E+018   8.45334298360199802523E-020
      8997   1.42602501746453273600E+018   8.33577105735035273929E-020
      8998   1.54831868605720908800E+018   5.91640420239221731937E-020
      8999   1.77507561972641792000E+018   2.26844256107832383341E-020
      9000   1.66187571356536448000E+018   4.32707254591789490222E-020
      9001   9.90512615636956672000E+017   1.88866321831425720264E-019
      9002   6.07559002183288448000E+017   2.29900489469073344808E-019
      9003   4.85380934067461440000E+017   7.12474572396712224742E-019
      9004  -1.14043520408648256000E+017   2.56069333976737977444E-018
      9005  -6.40102496377724080000E+016   1.99839804117875178599E-018
      9006   1.56967910183463712000E+017   1.73042535216760996537E-018
      9007   6.40899914327971072000E+017   8.26485846493331513347E-019
      9008   3.41527915694538816000E+017   6.03800582889910387737E-019
      9009   2.84608630879830848000E+017   4.36545857569598770859E-019
      9010  -7.83715686405813120000E+016   1.75941925338913624440E-018
      9011   1.80406488906953550000E+015   1.83756237180258095220E-018
      9012   5.14564016986276480000E+016   1.22671947386108630173E-018
      9013   4.07080529394330112000E+017   9.54148314042763870019E-019
      9014   8.36803723792673152000E+017   4.25477769870987937521E-019
      9015   7.96153958190657152000E+017   4.28955243652312739992E-019
      9016   8.43512453050388096000E+017   1.61167651860482152918E-019
      9017   4.42666049562048384000E+017   2.61316238197505011765E-019
      9018   2.29699700332893664000E+017   5.35750649466632778311E-019
      9019   1.76329654074030016000E+017   1.16763464013035938294E-018
      9020   3.96730800122297360000E+016   1.76335620102556246886E-018
      9021  -1.57194177382007760000E+016   2.54533138721119640004E-018
      9022  -6.44611597554270500000E+015   2.15591669082417401893E-018
      9023  -2.35599815103301840000E+016   2.30558640075486852930E-018
      9024  -6.16441050353320600000E+015   2.08121281040407953658E-018
      9025   2.49603389125598150000E+015   1.70679636177027441243E-018
      9026   4.39465053697830400000E+016   1.28808796771325106830E-018
      9027   4.69843739597422960000E+016   4.80284004945290600065E-019
      9028   1.63795496836264180000E+016   2.07680109947587542057E-018
      9029   1.17593920155596975000E+015   2.88346434471788662176E-018
      9030   9.31055034596384800000E+015   3.09803208964235589251E-018
      9031   1.66466052621052980000E+016   2.79033644864587035027E-018
      9032   1.73475381304994840000E+016   2.53779415352919591701E-018
      9033   3.86860839457710000000E+016   6.11434236652217637362E-020
      9034   2.33370557808147240000E+016   1.55204141009075821475E-018
      9035   1.24257237130377100000E+016   3.33587753655982212103E-018
      9036   1.02105178975113820000E+016   3.38928609529831165043E-018
      9037  -2.92168552284400900000E+015   4.84624842625663150150E-018
      9038  -3.13709637241902950000E+015   4.66988520541889332208E-018
      9039   3.04889289286919100000E+015   3.40605479950256260732E-018
      9040   8.55563197776639200000E+015   2.35764823772981636870E-018
      9041   8.02004910061852100000E+015   2.65917450084404592567E-018
      9042   2.85721865706577120000E+017  -3.32338848491924527362E-017
      9043   2.26993697318252736000E+017  -3.89837657753768756107E-017
      9044   3.58283406986328256000E+017  -3.37689642512767995769E-017
      9045   2.01756973456092480000E+016   2.03696297042479922189E-018
      9046   2.36875136676988240000E+016   6.97101151588927707694E-019
      9047   2.28679499377187760000E+016   2.49252399602814934087E-019
      9048   1.85989540904331800000E+016   2.40890386480407475936E-019
      9049   4.99913719336816000000E+015   1.85467957556137598651E-018
      9050  -3.69318305687143120000E+016   7.90989557128274065059E-018
      9051   7.08293789752412800000E+015   5.99969801358048233141E-018
      9052   6.49451610629499100000E+015   2.85333958736278463282E-018
      9053   1.53240205922470720000E+016   2.82808317891742024511E-018
      9054   1.12500056436450160000E+016   3.16399455097995444728E-018
      9055  -3.52091930739714120000E+016   1.92694912979366141754E-018
      9056   3.71994022425124240000E+016   1.15258331098936419885E-018
      9057   3.97899265495343440000E+016   7.91136458442513874481E-019
      9058   2.30689250695403440000E+016   9.46806539352598723060E-019
      9059   2.38201183361122640000E+016   7.89939326914543417869E-019
      9060   1.63093797767103320000E+016   1.44791092394378661973E-018
      9061   2.26877522958136760000E+016   1.83868662803428863410E-018
      9062   3.58844549670691760000E+016   1.67496070955705856058E-018
      9063   4.89788086431573200000E+016   9.05412953438080781103E-019
      9064   5.26827106351522160000E+016   1.84522398607575784940E-018
      9065   5.96581658010057760000E+016   1.10790088249881609492E-018
      9066   5.13297220397432240000E+016   1.82241398034428844528E-018
      9067   2.77888254378541320000E+016   2.23936777171240008582E-018
      9068   9.72045610423086400000E+015   2.79968334336948151373E-018
      9069   8.24799789117156600000E+015   2.79797333139232513398E-018
      9070   8.78119445506042400000E+015   2.47194692456038739234E-018
      9071   2.95171135472324840000E+016   1.58989427101419450803E-018
      9072   4.09205024866000960000E+016   6.89480197864242557307E-019
      9073  -7.73880560197200640000E+016   4.68023171401263027928E-018
      9074   3.45399901052481160000E+016   9.40748143180118208399E-021
      9075   3.02310021097062840000E+016   2.21972649020881712947E-019
      9076  -9.08494558982603200000E+016   4.04028106440585220864E-018
      9077  -1.48249507382148512000E+017   5.00297063397685284662E-018
      9078  -2.49555509259628480000E+017   7.47896746461748654646E-018
      9079  -2.39812611112091840000E+017   9.69489317638353859960E-018
      9080  -7.18977032665205040000E+016   3.15554596775249148001E-018
      9081  -4.41132637765269760000E+016   5.72139714807590431714E-018
      9082   1.18056321165829040000E+016   1.04126326409875497103E-018
      9083   4.91020238601694144000E+017  -3.08719681135020316871E-017
      9084   2.62578842449773888000E+017  -1.82629536249294080371E-017
      9085   2.42484243950509664000E+017  -9.56282212793967846729E-018
      9086   3.46978934732538624000E+017  -2.29691289292253026349E-017
      9087   2.32332723769209840000E+016   4.93278307371603584970E-018
      9088   8.91709716504857200000E+015   6.59836802779564851982E-018
      9089  -3.82329944342922000000E+015   7.90079436586756975554E-018
      9090   2.25947569654061260800E+018  -3.69226902561453696320E-016
      9091   1.70312961345132876800E+018  -4.54439817111682803230E-016
      9092   6.28770219950468736000E+017  -1.84553717858438656464E-016
      9093   1.50299550567525880000E+016   1.38723729386586570392E-018
      9094  -1.06985855706432800000E+015   4.93197287587938614022E-018
      9095   3.55523897000720360000E+016   1.13465960487507332238E-018
      9096   4.55310403798002080000E+016   2.08167043005079451498E-018
      9097   1.26338403359407600000E+016   3.91419740169412980933E-019
      9098   1.43762083329531860000E+016   1.96139198106608543185E-019
      9099   1.69453490108443740000E+016   6.64893211832274775590E-019
      9100  -1.69280543151787808000E+017   9.29426679300428884149E-018
      9101   2.38422587675737280000E+016   7.47479892228823254594E-019
      9102   1.40061679104648560000E+016   1.42207269912318758080E-018
      9103   1.15371648658877500000E+016   1.63074907687677751388E-018
      9104   1.12665712397325040000E+016   1.81834291423481819177E-018
      9105   6.32506097682351040000E+016   2.28931617433326468321E-018
      9106   8.65669181410151100000E+015   2.38805431085998368703E-018
      9107   1.25703425103730400000E+016   2.30513040662827845025E-018
      9108   1.08806315943139840000E+017  -8.28373458626025073774E-018
      9109   2.23155295345156768000E+017  -1.04543612787433531501E-017
      9110   1.66549338731810336000E+017  -8.62661231683094984403E-018
      9111   1.25115388301853984000E+017   1.55233284717023232739E-018
      9112   1.01241791134578976000E+017  -2.19448656427736704629E-018
      9113   5.00038645336923840000E+016  -2.17303140958905642842E-018
      9114   2.17969626177377920000E+016  -1.85807214208399439757E-018
      9115   2.78478813873721600000E+016  -1.94706866723127560480E-018
      9116   7.88667786728412160000E+016  -9.30468041811855701062E-019
      9117   7.85164194806952320000E+016  -1.46426576926749152583E-018
      9118   1.37463919032210060000E+016   8.34746743928927219770E-019
      9119   2.14108868018915968000E+017  -2.74338522515891362887E-018
      9120   4.05421104595954752000E+017  -3.43092638076450477480E-018
      9121   2.19336223318207560000E+016   8.64398172442295570175E-019
      9122   4.57198371735047104000E+017  -5.36949707299928894282E-018
      9123   4.41031999820030144000E+017  -9.35440599180861958858E-018
      9124  -1.45340938734380480000E+017   4.57728002515152884177E-019
      9125  -1.10640572105818624000E+017  -5.48336665291424753447E-019
      9126   1.02296397899511400000E+016   1.66257113190830931960E-018
      9127  -3.50862859489411800000E+015   3.74264959361276249923E-018
      9128   6.19208573547697760000E+016   1.39704518094628449284E-017
      9129  -5.41170420112778600000E+015   4.36651616415413483182E-018
      9130   1.74977994699207550000E+015   4.69033138148088858563E-018
      9131   3.32438878476235850000E+015   5.14966433955154288167E-018
      9132  -8.58799079079337000000E+015   1.13703604793066030566E-017
      9133   8.16887240632085760000E+016   7.93126399466469274174E-018
      9134   7.34184177717679680000E+016   4.30988626283942599470E-018
      9135   1.55716146262757260000E+016   3.52132772726094711327E-018
      9136   1.37693341432878368000E+017  -9.37365682341974395457E-018
      9137   2.22107548024829632000E+017  -9.53901931380530572158E-018
      9138   6.27758580147168880000E+016   8.26190554013703980190E-019
      9139  -1.37397900280181552000E+017   5.22121243575759653435E-018
      9140  -1.51432623310694496000E+017   4.17814301445071915800E-018
      9141  -6.39030561193980240000E+016   4.30927815459583242956E-018
      9142  -7.29191147046661280000E+016   8.70710217304668314737E-018
      9143  -2.86473043431287120000E+016   6.20457591872534907659E-018
      9144   6.08140300155076480000E+016  -7.49970147911064149007E-018
      9145   7.04590062436278160000E+016  -3.26539947527305653571E-018
      9146   5.26356467243802880000E+016  -1.90900032755733202378E-018
      9147   1.11220842661785080000E+016   1.67289307636261223244E-018
      9148   9.35844082674644640000E+016  -1.03264225446234268294E-018
      9149   6.13188483876988720000E+016  -2.82064145367543679460E-018
      9150   2.68835181055074080000E+016   1.26486322473379895513E-018
      9151   1.46900439011985664000E+017  -8.77616968585837932060E-018
      9152   2.49459560523706208000E+017  -8.87527170231293032955E-018
      9153   6.04926816086009680000E+016  -9.02111885989158064303E-019
      9154   5.52772510810395520000E+016  -2.66385615557562100575E-019
      9155   5.77773863983009440000E+016   1.60823310293799894741E-019
      9156   2.69705173252767168000E+017  -1.14272315622711633571E-017
      9157   1.58277379670544300000E+016   2.95888561646252549889E-018
      9158   1.66429766263480840000E+016   3.53285592460447935427E-018
      9159   2.32665720333088150000E+015   4.15743649904942243509E-018
      9160  -5.77954431567189000000E+014   4.22631218885967699704E-018
      9161   3.48142323374790400000E+015   3.39174159443182300546E-018
      9162   8.47121872836395100000E+015   2.68835815161651487091E-018
      9163   3.41046463346534640000E+016   1.47763033953820875117E-018
      9164   4.62295338962326800000E+016   4.16070820513196682054E-019
      9165   5.07783627997421840000E+016   1.90209331170315049519E-020
      9166   5.30820118869674560000E+016  -1.03303134701369910474E-019
      9167   7.05551105232156320000E+016  -4.64965159725586665653E-019
      9168   4.36031278713287760000E+016  -3.20517562117360519442E-020
      9169   3.23154514129304720000E+016   1.21710997761703520208E-019
      9170   2.32854061066204400000E+016   5.28206721562417926709E-019
      9171   2.89247080238236960000E+016   4.15586398349951086738E-019
      9172   2.79846623879974720000E+016   5.19056399867965869024E-019
      9173  -9.65633578855236160000E+016   6.16362883181419998247E-018
      9174   1.60174225428268680000E+016   1.21443250899754948896E-018
      9175   3.01401558724130320000E+016   9.50759119513663553095E-019
      9176  -8.12330992341785600000E+016   6.44233915142171153371E-018
      9177   1.25735127744248040000E+016   1.37694454757030689269E-018
      9178   1.31408163437434520000E+016   8.86554281716814211462E-019
      9179   1.10359747295990500000E+016   1.07069728001739794070E-018
      9180  -6.50961046057527520000E+016   8.95732399147183576761E-018
      9181   2.50821183896923480000E+016  -2.36712677338155724173E-019
      9182   2.90684648877516360000E+016  -4.54503167493264913932E-019
      9183   3.24574636703966400000E+016  -2.52101642068790652844E-019
      9184   3.63607731490082560000E+016  -7.97200221841480523433E-019
      9185   3.76565621539708320000E+016  -8.29068744542735200728E-019
      9186   3.67269063536402080000E+016  -7.69737372667096875451E-019
      9187   2.65760263771338960000E+016  -7.74941614192268090507E-019
      9188   1.67224656276338740000E+016  -5.51131307733671619296E-019
      9189   1.77401879118486180000E+016  -6.93429543739012316227E-019
      9190   1.70299853399638720000E+016  -9.12227112652356314227E-019
      9191   6.65635440775526300000E+015   4.50803332900582958643E-019
      9192   1.43455964133013060000E+016   2.12074833467192674473E-019
      9193   1.63416600032826920000E+016  -1.07051643267621953733E-019
      9194   1.84823063785459360000E+016  -1.41404544070801362304E-019
      9195   3.08342513136467320000E+016   7.25323166414363577782E-019
      9196   3.38444891070902360000E+016   1.59634859695115811608E-018
      9197  -7.50197337188080512000E+017   3.15269920625374778216E-017
      9198  -6.07902923355310848000E+017   2.90613243345627987637E-017
      9199  -1.16551165633109072000E+017   1.13187775257278075024E-017
      9200   1.36191212918984576000E+017   8.99303006382564096794E-018
      9201   1.01850868820789296000E+017  -9.71654838213229168787E-018
      9202  -7.69052399259739680000E+016  -1.01209761879894044970E-018
      9203  -2.51287970648883360000E+016  -1.21816040943527042017E-018
      9204   8.44293395617030240000E+016   2.34648473308329959412E-019
      9205   4.44408588860052560000E+016   2.87180645402546253348E-018
      9206   1.34559984056932250000E+015   8.57136076087545598707E-018
      9207  -4.09063027644624500000E+015   8.02829461386138608767E-018
      9208  -9.54287995644915000000E+015   7.47182222416325469638E-018
      9209  -4.55761536403140400000E+015   5.10548593178837870418E-018
      9210  -6.16294409641928400000E+015   5.32345039584123247546E-018
      9211  -6.55853359531571800000E+015   3.84379368055004857761E-018
      9212  -5.58121576153336600000E+015   3.51081408797789651092E-018
      9213  -2.73521173890923560000E+016   8.86015867600538458021E-018
      9214   3.68096102974852050000E+015   2.29885915478153630058E-018
      9215   8.78664764855114400000E+015   1.85880891686100695499E-018
      9216   1.13754897670214160000E+016   1.44230413791744549331E-018
      9217   9.91650293657420200000E+015   1.65681274774850590163E-018
      9218   1.41471773407006300000E+016   1.20747047891461898908E-018
      9219   2.23041353105773800000E+016   1.30452789930382264119E-019
      9220   1.42326873191074120000E+016   8.18974501883579093569E-019
      9221   5.40232266477833000000E+015   1.59941786017143670386E-018
      9222   3.31347689585539950000E+015   8.08652440648061523616E-019
      9223   8.23616543756696700000E+015   7.56993424147214851357E-019
      9224   7.91953229731546600000E+015   7.29272104699267298651E-019
      9225   8.88102048817937400000E+015   7.54672412118612121832E-019
      9226   1.10666430420878900000E+016   9.27979012480336729127E-019
      9227   1.23951543059413500000E+016   7.91193380490832467846E-019
      9228   1.72841975467058120000E+016   3.14029373000242788728E-019
      9229   1.41317237304096940000E+016   6.21785817451074513621E-019
      9230   1.36272103950834340000E+016   9.78189304791898386073E-019
      9231   1.48288245878960200000E+016   8.00147267998388611043E-019
      9232   1.76439843263547880000E+016   8.30226772589470419696E-019
      9233   1.85411608230441040000E+016   6.93116860780253456967E-019
      9234   1.60056752036543520000E+016   8.77405686492706538050E-019
      9235   1.35532123373916860000E+016   9.80173240475408170556E-019
      9236   1.12192247080645120000E+016   1.19517335540679832768E-018
      9237   7.69061668269568800000E+015   1.57425920274661897690E-018
      9238   9.32871998519320200000E+015   1.24969831146484052120E-018
      9239  -1.33125127091300675000E+015   2.28366830702481747337E-018
      9240   5.94771371753340700000E+015   1.45309984499508542080E-018
      9241   1.07734179615748580000E+016   8.23674100236898249065E-019
      9242   1.21368348096436500000E+016   2.74123100858102100842E-019
      9243   9.19279422749032800000E+015   5.93174819046834286035E-019
      9244   6.30450291479564500000E+015   8.62742157490228028460E-019
      9245   5.28263709124564300000E+015   7.17028290553630448795E-019
      9246   6.04496868375949100000E+015   1.37248055415770326128E-018
      9247   6.26766173036249400000E+015   1.06092751177483555483E-018
      9248   3.60135830761933850000E+015   1.09629516962237833095E-018
      9249   5.57590575402563400000E+015   5.01164392141772730023E-019
      9250  -5.16585968423722200000E+015   2.03655918496215762414E-018
      9251  -1.19336476007208600000E+016   1.96293245673834612042E-018
      9252  -1.19675344898379320000E+016   4.09214472068210856973E-018
      9253  -1.16125472155043120000E+016   4.06265873697096266104E-018
      9254  -5.72683695506492500000E+015   3.44846158377478182875E-018
      9255  -8.68529143757771300000E+015   2.54729189021857384703E-018
      9256   1.08310592058951550000E+015   2.68514322963001111487E-018
      9257   1.01381645108931675000E+015   4.18250345542150771912E-018
      9258   3.78710419207234750000E+015  -1.65491135700707131709E-020
      9259   7.73782434811828875000E+014   3.27360827959170277608E-018
      9260   2.86424618086164650000E+015   2.93623479226154378503E-018
      9261   4.45232490156702550000E+015   3.71155320675528502309E-018
      9262   9.06047293960248800000E+015   5.90147535819495856902E-019
      9263   1.93717504640994760000E+016  -4.75973317161385135799E-018
      9264   1.43933745140362160000E+016  -4.02999403291909698596E-018
      9265   3.39577154900098050000E+015   1.25274987865959204046E-019
      9266  -2.51622187974218800000E+015   1.17117266635302643943E-018
      9267  -6.39551617629785300000E+015   1.68117410800343681711E-018
      9268  -9.37499338620066400000E+015   2.26942345381185322745E-018
      9269  -8.47502440096516400000E+015   2.63058194143096394174E-018
      9270  -2.44559447903438500000E+015   2.24402136817379546162E-018
      9271   1.87817110506527350000E+015   1.71584541203155115661E-018
      9272   4.46151353393641250000E+015   1.47464661903910988708E-018
      9273   9.96790895754282800000E+015   7.42252125172715048975E-019
      9274  -1.95657863452015424000E+017  -7.36040721495625912539E-017
      9275   1.57446379012903860000E+016  -2.10706041159189142550E-019
      9276   1.64218087217027720000E+016   7.11501269305174512316E-021
      9277   1.44216264114176540000E+016   8.94048553240000079456E-020
      9278   1.19716597952871420000E+016   2.21453288262030580342E-019
      9279   6.65257002208598800000E+015   3.41361821819332554496E-019
      9280   4.52060230557602200000E+015   4.57799150175563568705E-019
      9281   6.85435830521535750000E+014   6.43936779127547491141E-019
      9282   1.51444189392372960000E+016  -8.95670726260299762994E-019
      9283   1.00951873354030320000E+016   1.74344964000344021039E-019
      9284   4.95991790434889100000E+015   3.07432624970019874440E-019
      9285   2.80830613424327550000E+015   3.36175467396155726889E-019
      9286   5.68844304948055800000E+015   2.56111218998711888384E-019
      9287   1.43201378837647820000E+016   3.93062443754378622499E-020
      9288   1.54165133710322980000E+016   1.91063118325218822750E-019
      9289   1.48711910214015040000E+016   3.65234406511917129009E-019
      9290   7.22906568865902720000E+016  -6.72162346863959565626E-018
      9291   1.66948435559832240000E+016   1.20347563960494301493E-018
      9292   1.54681239570697900000E+016   1.21221351604987310992E-018
      9293   1.07144211087008900000E+016   1.36368044334418196364E-018
      9294   8.56896680124750200000E+015   8.61491775561424553796E-019
      9295   6.63125108832151400000E+015   9.29570116820225192692E-019
      9296   5.09085992800282100000E+015   9.73735351373525113500E-019
      9297   5.58217894844739100000E+015  -4.35906401673070740755E-020
      9298   6.20897747418792100000E+015   5.74604075164316012445E-019
      9299   5.85725348745451400000E+015   4.50510320554439904412E-019
      9300   5.70422279670745300000E+015   1.62224459850652837394E-019
      9301   7.26519916660786000000E+015  -2.80216268847425671873E-019
      9302   6.85037906606587800000E+015  -1.00809056088930832775E-018
      9303  -4.41698003595011840000E+016   9.35825692232057076330E-018
      9304   1.28807936610927760000E+016   4.82016161222575063250E-019
      9305   1.43267621681258640000E+016   4.57292432898223145578E-019
      9306   1.56381209297188860000E+016   3.65665141630605258330E-019
      9307   2.33508489128990080000E+016  -7.86393591015994805362E-020
      9308   2.56724879304047600000E+016  -3.32530818197273627665E-019
      9309   8.39123289148841440000E+016  -1.65862930553323791140E-018
      9310   4.69980580385907680000E+016  -1.15664843561764558496E-018
      9311  -5.56132059777598720000E+016  -3.26959434296384303752E-018
      9312   2.12530066057273920000E+016  -7.11095023499913828487E-018
      9313   4.19877536893616880000E+016  -8.83716265677075762707E-018
      9314   2.42302944087577880000E+016  -2.12216331196447289657E-018
      9315   4.12592667678254880000E+016  -4.62305706465958717986E-018
      9316   4.92578067507454480000E+016  -2.67250976596567852470E-019
      9317   6.06186624357345440000E+016  -9.76158938264447404209E-019
      9318   5.34401665168388800000E+016  -7.33826926285415128948E-019
      9319   1.89092500172713240000E+016  -3.84327159149160105070E-019
      9320   6.62607673186789280000E+016  -1.53569075287862463670E-018
      9321   6.50493494879290400000E+016  -7.00588156534609889530E-019
      9322   1.28657852882429220000E+016  -1.41597770001669336462E-019
      9323   9.50994213216987200000E+015  -9.60091342833560427361E-020
      9324   3.19229313215821056000E+017   3.01554011484515830656E-017
      9325   1.81966633937528896000E+017   2.69274896780215863677E-017
      9326   7.82282161733990000000E+015   8.67501027316704025556E-019
      9327   9.05268452938428800000E+015   1.27734286587132163240E-018
      9328   6.24040758890361600000E+015   1.30238909551955481214E-018
      9329   5.68663162036121600000E+017  -1.14500673630582351472E-017
      9330  -2.95426681505962950000E+015   1.80467382729524987739E-018
      9331  -4.14593826628750750000E+014   1.72079275216971665936E-018
      9332   4.31592755933284350000E+015   1.59329779970497390160E-018
      9333   9.98953813966062400000E+015   1.07375235363569895777E-018
      9334   9.34439647430375800000E+015   1.26274251666386202111E-018
      9335   1.83605185973803280000E+016   6.27417437334195813789E-019
      9336   1.63746207934779000000E+016  -2.80355511647271723954E-019
      9337   1.35991592402215720000E+016   4.41334551790062749197E-019
      9338   9.74716565653991400000E+015   1.10945592728442498413E-018
      9339   5.37898599486350800000E+015   2.55877790980632234078E-018
      9340   1.81037936002912000000E+015   2.73515436115085272718E-018
      9341  -3.44654606564588700000E+015   3.24813035717327665627E-018
      9342  -3.47363661768502400000E+015   3.07808809850551873856E-018
      9343   3.49541700735284000000E+015   2.07083136065379684312E-018
      9344   7.55620908757166800000E+015   1.43476990869744073717E-018
      9345   4.02361658445747680000E+016  -6.95878720311079570072E-018
      9346   1.23777386365544720000E+016   4.75393402468302973508E-019
      9347   1.25937279896463920000E+016   1.43887384510735066174E-019
      9348   4.72291501055084800000E+015  -5.33576249150351541789E-018
      9349   7.76080234131265300000E+015   5.04289084432315265145E-020
      9350   5.11303483784527000000E+015   1.03162548725099674128E-019
      9351   8.64203071195832100000E+015  -3.63446712493317038819E-019
      9352   1.03113137451008420000E+016  -2.08084793103510088939E-020
      9353   7.67491347564565900000E+015   6.37183333581932065403E-019
      9354   1.03515679780085180000E+016   3.03851577155079965107E-019
      9355   1.26724532777213840000E+016   1.24912846217291272348E-019
      9356   7.22263404317276600000E+015   6.98211836308810103741E-019
      9357   5.90493449203177200000E+015   3.90982455081575197323E-019
      9358   4.02819840980919650000E+015   8.26707642710463823015E-019
      9359   5.12313540586115300000E+015   2.41575764577480386180E-019
      9360   5.86119000109950000000E+015   1.92638941780484697704E-019
      9361   5.65472655231520400000E+015   8.96486730948001611290E-019
      9362   6.43911415834628700000E+015   5.73163659726134872528E-019
      9363   1.23583535966682960000E+016   4.04449149247342094216E-019
      9364   1.37264514729510420000E+016   2.75759159627601916788E-019
      9365   1.22952757671491320000E+016   5.39147330731268083377E-019
      9366   1.25644122510475640000E+016   5.65490763662442432700E-019
      9367   1.21220957993895800000E+016   6.08389799824975324271E-019
      9368   1.27000740134717080000E+016   3.91359098826511922302E-019
      9369   1.36707736274294560000E+016   7.14067806877395762382E-019
      9370   1.15920632143175400000E+016   8.26607837879764537596E-019
      9371   1.38729103148917820000E+016   3.56889917092311676143E-020
      9372   1.46192841694641540000E+016   1.42190606039739583082E-019
      9373   7.04239049649285500000E+015   7.17802767693617441471E-019
      9374   1.01191354065917260000E+016   6.81754141211764292660E-019
      9375   1.33706718906702120000E+016   6.88246861233386468167E-019
      9376   1.61085326230116500000E+016   5.82993789857853080002E-019
      9377   2.45147810402112760000E+016   6.32892838579306134123E-019
      9378   2.36765876455940480000E+016   6.78436237822962424275E-019
      9379   2.49827558924329680000E+016   5.31512821811356795497E-019
      9380   1.30193079098618740000E+016   7.31168031255072672847E-019
      9381   1.20749512619432300000E+016   5.89847951183286431246E-019
      9382   8.76069788751879600000E+015   1.04628063357312383659E-018
      9383   1.12185957156414900000E+016   8.53911846431228807873E-019
      9384   1.52791376646656320000E+016   9.17149544025946192224E-019
      9385   1.12721619962629860000E+016   1.02711403108767804557E-018
      9386   1.61667792027447140000E+016   9.87529832573957920174E-019
      9387   3.44640636152645120000E+017  -4.69837406578285569597E-017
      9388   1.26271448176863940000E+016   1.56711343357222747581E-018
      9389  -1.68722182053087000000E+015   1.70003972695130247971E-018
      9390  -7.95108945710439700000E+015   2.46045167259221072580E-018
      9391  -1.05156902914562280000E+016   3.00293775400013115398E-018
      9392  -1.63200404093550520000E+016   3.45359283829947789406E-018
      9393  -1.72426807693545540000E+016   3.53380021763974844173E-018
      9394  -1.25657156704216460000E+016   4.12665269685062219614E-018
      9395  -2.01437121110063120000E+016   7.69534228738413907029E-018
      9396  -1.58773832377584940000E+016   6.27275528996996056652E-018
      9397  -4.89276720892574560000E+016   9.92888719301467890159E-018
      9398  -5.55680548310703440000E+016   1.12436102851184751300E-017
      9399  -1.17371934510311750000E+015   2.93512342699054571238E-018
      9400  -8.19619055420596500000E+014   3.96180045766688011976E-018
      9401  -2.33057396757254700000E+015   4.90722822667991737634E-018
      9402   1.41383226661352280000E+016   2.42768922687294793498E-018
      9403   1.33788512449335220000E+016   1.75224406016362045698E-018
      9404   1.02720409090493500000E+016   1.94579457059884754844E-018
      9405   9.29343605012542800000E+015   1.46948317080232603307E-018
      9406   1.20597920157435200000E+016   1.10782317616889992499E-018
      9407   6.37941068870031800000E+015   5.61861028580905571659E-019
      9408   1.49999936576240780000E+016   3.24319281921517946762E-019
      9409   1.63657097116884800000E+016   6.30229734447671573345E-020
      9410   1.52022480344675520000E+017   1.81474367667895265456E-017
      9411   1.51612618180944704000E+017   1.69268546893057096559E-017
      9412   4.58115659461069376000E+017  -4.40875560287505189021E-018
      9413   5.08089343488334592000E+017   1.15864125242044769210E-017
      9414   4.09373390744910720000E+017   2.10563065602655851648E-018
      9415   7.20019520900282160000E+016  -2.84086998091556955142E-019
      9416   5.42141191442695600000E+016   4.32570834048276425445E-020
      9417   3.36243248836554880000E+017  -5.78512068058812858146E-018
      9418   2.34768252642959808000E+017  -3.65872601902447740206E-019
      9419   1.91216088879506120000E+016   8.01160960248275154294E-019
      9420   1.27684291249069120000E+017   1.78888707621179674225E-019
      9421   1.34040960008589360000E+016   1.17104600418634042643E-018
      9422   1.36309405767504720000E+016   1.32238799271745228205E-018
      9423   1.17728320268603840000E+016   1.38141920270169669174E-018
      9424   4.80805046389840300000E+015   1.75525065968326563893E-018
      9425  -1.08465550440414225000E+015   1.93893319257831212368E-018
      9426  -7.28733176372001300000E+015   2.01411033947029076887E-018
      9427  -5.37832816109622500000E+013   1.41712836086853041010E-018
      9428  -7.32557676695582400000E+015   2.00884342821499768594E-018
      9429  -3.06898952505198500000E+015   1.21994633169770086294E-018
      9430  -2.21689438832041900000E+015   1.04390454935375827186E-018
      9431  -1.94120549689963350000E+015   1.19677741186480412421E-018
      9432  -1.06553583791444740000E+016   3.16358248739237757207E-018
      9433  -9.53974727130423400000E+015   3.15284944180983016706E-018
      9434  -1.73681019880270160000E+016   3.80965184111647588318E-018
      9435  -2.52062541432799280000E+016   5.89023766823400646104E-018
      9436  -1.91511356822092640000E+016   5.42410864753510609758E-018
      9437  -1.33398392225405560000E+016   4.03584638302156449042E-018
      9438  -1.65248155053313760000E+016   5.29378324307772205234E-018
      9439  -1.51545268911200300000E+016   4.90938296463109936298E-018
      9440  -1.93060584211388200000E+015   3.53563754050761697779E-018
      9441  -4.13244997532892950000E+015   4.45755900173481534982E-018
      9442   1.18805810016372900000E+015   4.24669456255864991955E-018
      9443   8.02083431455345000000E+015   2.91896157058926053905E-018
      9444   1.43701489592713180000E+016   1.46202809317731039139E-018
      9445   1.66121897852826880000E+016   1.00388430527100477615E-018
      9446   1.87413046435366360000E+016  -6.78563498610104987420E-021
      9447   1.68602715287029560000E+016  -2.03797195008107841413E-019
      9448   1.37586950429499860000E+016   1.90240663463180505445E-019
      9449   8.30566640612643500000E+015   1.52658434332803675685E-018
      9450   8.69527489583875200000E+015   1.58013901555337304591E-018
      9451   5.59421658320614400000E+015   2.64734608142893978066E-018
      9452   4.81209133223908900000E+015   3.06157764910404159453E-018
      9453  -7.94847159331985280000E+016   2.06372430966634797550E-017
      9454  -1.41898474743041344000E+017   2.57888291845991455916E-017
      9455  -1.58928171691497600000E+017   7.31788300336044037247E-018
      9456   1.68882853916194720000E+016   8.23270296458720465498E-019
      9457   1.83354697717933840000E+016   7.80887566275415421323E-019
      9458   2.60310736294396840000E+016   3.58170685070286128062E-020
      9459   2.56555539040770520000E+016   8.57100978006876358093E-019
      9460   2.89924326214631240000E+016   1.38107725040775985797E-018
      9461   1.51092044626017820000E+016   4.70483807204731024478E-018
      9462   1.12142608198439000000E+016   4.97512721059283404176E-018
      9463   4.27826218415319150000E+015   4.36502362375899131745E-018
      9464  -2.14566454532307424000E+017  -3.31305731470107139494E-017
      9465   1.94279850592042800000E+015   4.12143929580928679546E-018
      9466   1.65412257752118976000E+017  -1.94660033042856941397E-017
      9467  -3.26342434775115700000E+015   1.65720572982510192015E-018
      9468   7.24737868651372500000E+013   2.21545339671283145917E-018
      9469   1.44129847943304840000E+016   1.52782885956834075033E-018
      9470   1.26940445559001840000E+016   1.15162126022651498645E-018
      9471   4.57645450409105680000E+016  -1.02531025061821027147E-018
      9472   5.80313719547228960000E+016  -2.25828433162809605028E-018
      9473   1.99522556132743680000E+016  -6.35288890628021936798E-019
      9474   2.51454665421425600000E+015   1.63620755692023859098E-019
      9475   2.99885334428116480000E+016  -1.15291769711655568869E-018
      9476   3.00880634112126880000E+016  -1.01849988830154443378E-018
      9477  -2.66170855392780760000E+016  -5.43174272472120851911E-018
      9478   2.75463911169448120000E+016   9.72713541342980148121E-019
      9479   1.34547416477050256000E+017  -1.07288936446712236990E-017
      9480   9.17255571940164000000E+016   3.94771144691294205828E-018
      9481   2.99645605910417360000E+016   6.74575500535062605387E-019
      9482   9.29185591350297120000E+016  -4.90882074517828176187E-018
      9483   1.96953135092321480000E+016   8.75609247985487000516E-019
      9484   1.77257860440804560000E+016   8.05109013384538356775E-019
      9485   1.78525734867265700000E+016   4.45340820447584841289E-019
      9486   4.43504343952640000000E+015   2.70598157570941994300E-018
      9487   1.49753661004808440000E+016   9.64035835705056484691E-019
      9488   1.74869232530305620000E+016   5.77994546178000334888E-019
      9489   1.57084905571450180000E+016   4.35784587698638929094E-019
      9490  -3.46907152480622640000E+016   2.18838039095917533635E-018
      9491  -2.50054073185008280000E+016   1.38786906814462634824E-018
      9492  -3.37921165847600960000E+016   1.51909338845497744951E-018
      9493   2.42902201254719280000E+016  -2.85966481321948084378E-019
      9494   5.48519499924550560000E+016  -2.12479023678541830332E-019
      9495   1.27793261539568752000E+017  -3.36299214917903002612E-018
      9496   4.15629905407197280000E+016  -5.50329693323281088720E-019
      9497   1.84034095281483296000E+017  -4.93482772460947258706E-018
      9498   1.04243394252328352000E+017  -2.22913156616032966634E-018
      9499   1.59956914635273344000E+017  -4.91179984219171502127E-018
      9500   2.40937771687580480000E+016   1.42232058756123293541E-019
      9501   4.80038645552395280000E+016  -1.91302943626886211507E-019
      9502   2.06360834740355375000E+015   5.41150675571467618022E-019
      9503   2.92467615850538086400E+018  -1.19716517518169055896E-016
      9504   1.64289017009218124800E+018  -6.95642008190326392631E-017
      9505   4.70952981151849120000E+016  -2.55589299873081386301E-019
      9506   4.01950106848402480000E+016   2.07935391616799273462E-019
      9507   3.29268003756368040000E+016   4.88915636355468739969E-019
      9508   1.97059660698974840000E+016   1.21710001211520489047E-018
      9509   4.51681675362975000000E+015   1.97001658451495854399E-018
      9510  -1.99398936905438000000E+014   2.21980475287182609085E-018
      9511   4.23211523912891840000E+016  -1.22488739364059996510E-018
      9512   9.40474673409352192000E+017  -9.87557934028064343024E-017
      9513  -2.76700365774695680000E+016  -2.56818668330821827725E-019
      9514  -8.04162312028963456000E+017  -3.12338753929460980934E-018
      9515  -6.30618952887651328000E+017   1.88200961621791765052E-017
      9516   2.00149107465853040000E+016   1.09556457930546674343E-019
      9517   2.90187307287245520000E+016   3.43580556980080871081E-019
      9518  -7.16174935123373312000E+017  -1.03602439922631741166E-019
      9519   4.21602206256403120000E+016   4.07869854446835177562E-020
      9520   5.45146173748368000000E+016  -3.84356061972882051819E-019
      9521   6.40310228295302240000E+016  -3.31452212887492891688E-019
      9522  -1.36489487695730585600E+018  -5.56048513069370297627E-017
      9523   2.51606789281297880000E+016   3.66343275232974361436E-019
      9524   1.78012711217303280000E+016   5.53997256652171843333E-019
      9525   1.89737687569881520000E+016   1.12737243209060333655E-018
      9526   5.49789068780048400000E+015   2.26993596306497495948E-018
      9527   8.85573179217956200000E+015   1.90228185870305204817E-018
      9528  -6.09526832746113280000E+017   6.39671286400744331798E-017
      9529   3.26794794844399080000E+016   3.05481752724582021314E-019
      9530   2.98684781291691840000E+016   4.34832595145725971574E-019
      9531   3.10258958302204760000E+016   3.05139038570101139936E-019
      9532   3.69322806025035600000E+016   1.59077577795428442030E-019
      9533   4.11356296393425440000E+016   6.05402722158543500943E-019
      9534   4.81439310553057840000E+016   9.06467657287786193159E-019
      9535   5.16783792515355680000E+016   5.55012845972521010235E-019
      9536   4.17773801976276800000E+017   5.86068890939321282717E-018
      9537   7.23175284363667328000E+017  -2.35818702659139417505E-018
      9538   5.71765354692274240000E+016  -3.32869308043736431021E-019
      9539   4.49774667197271760000E+016  -1.29457820055496985050E-019
      9540  -7.98317170339329152000E+017   5.50165251422608476613E-017
      9541  -5.26756702673175142400E+018   8.88450975312835233853E-017
      9542  -2.21492905666699571200E+018   7.54573133923381820676E-017
      9543   3.89850403494977680000E+016   1.18861684747227733916E-018
      9544   4.65460381636941440000E+016   9.67361205255908251589E-019
      9545   5.49683010741366960000E+016   8.22058210886628115160E-019
      9546   8.85225324498550720000E+016  -4.91383904812737271173E-019
      9547   1.16136724111096736000E+017  -1.76010112635402043275E-018
      9548   8.53968337510768960000E+016  -8.13767403914991681931E-019
      9549   1.09118450993866784000E+017  -1.75012202290922141818E-018
      9550   9.88140072978314560000E+016  -1.46059634658826525818E-018
      9551   1.33631058762090816000E+017  -2.34791182728061575816E-018
      9552   7.23932486616134720000E+016  -3.87655190255517367399E-019
      9553   9.53608778701113120000E+016  -2.11327735564731897759E-018
      9554   6.84068730564710720000E+016   1.22753281049929629005E-018
      9555   1.11129441777356080000E+017  -6.77714813136464046461E-019
      9556   3.69898533004207680000E+016   8.68636970074360673089E-019
      9557  -4.07351613392346720000E+016   2.99315887749490072313E-018
      9558   3.14767358543339240000E+016   1.56134391106965501215E-018
      9559   4.06098113856473360000E+016   1.44603449197581834445E-018
      9560   3.68343457735348000000E+016   1.15167860150912782513E-018
      9561   7.03284963287690560000E+016   8.51189861231047345693E-019
      9562   5.71312145783979040000E+016   8.36403725528897558072E-019
      9563   3.12549985810043400000E+016   1.36520070027909004177E-018
      9564   2.85859340852599120000E+016   1.35143809995373314726E-018
      9565   2.85297416211857960000E+016   1.16875613529506750861E-018
      9566   2.25580698518316000000E+015   1.54534123747256860149E-018
      9567   2.63172882055083880000E+016   6.59543810765355174493E-019
      9568   2.45813190387605760000E+016   5.45261460910945686521E-019
      9569   6.54809615065961920000E+016  -1.34657114085527437116E-018
      9570   5.73941585031524800000E+016  -5.38190108126942163516E-019
      9571   6.26493868172937440000E+016  -2.21204116049728454719E-019
      9572   5.48188105929490160000E+016   8.20960269228523618071E-019
      9573   9.41503565087472200000E+015   4.41489783375607501935E-018
      9574   8.23220812626270800000E+015   4.42370867280788019636E-018
      9575   1.63573340198006480000E+016   4.04311301149525674061E-018
      9576   3.04042432071376800000E+016   3.57282962934737349761E-018
      9577   4.95253693350444720000E+016   3.39784929611564060516E-018
      9578   7.96600281078832000000E+016   2.06318060666460607998E-018
      9579   9.39603407259494400000E+016   8.74720773533022476325E-019
      9580   1.04143558390058464000E+017   1.50223573665044322924E-018
      9581   7.82069475521677600000E+016   3.40575530435964105795E-018
      9582   3.76229422748792480000E+016   7.15360788576131693490E-018
      9583   2.63526031588382700000E+015   7.30659003127299579005E-018
      9584   1.64457370017964120000E+016   7.95981086520992772394E-018
      9585   1.47621659560281024000E+017   2.91783948885828569583E-018
      9586   1.66273063331128384000E+017   3.98979759821602268878E-019
      9587   1.68327706186976320000E+017  -1.94101949613997838487E-019
      9588   8.69921778431422400000E+016   3.17738786058516698172E-020
      9589   3.82900096711021840000E+016   5.78792035836319574327E-019
      9590   1.44393299722654976000E+017   3.35415319114624497517E-019
      9591   1.92415580536393376000E+017   3.62492935132772894539E-019
      9592   5.81162388640770240000E+016   2.09604641502277121278E-019
      9593   5.92693547842317312000E+017   7.80522873066750785493E-020
      9594   1.02340654137977932800E+018   9.63185175205509952742E-020
      9595   9.87712936029849600000E+017   9.51386154385673878439E-020
      9596   5.67731030293233728000E+017   1.61050779496885801619E-019
      9597   5.31676958681343488000E+017   2.45992320359040565601E-019
      9598   7.47799531288697088000E+017   6.24198885634463985854E-020
      9599   7.79163714358556544000E+017   6.68234336936535031463E-020
      9600   4.47751973016311232000E+017   1.84721222700029699751E-019
      9601   7.37752455074082560000E+017   1.40625708819822014815E-019
      9602   2.74302488512408992000E+017   1.90142894041640199089E-019
      9603   6.96819888645044096000E+017   3.00625367548360328669E-019
      9604   1.30800884203344691200E+018   1.21462632937327892679E-019
      9605   1.34308105287318579200E+018   8.72442962433026330132E-020
      9606   1.57649587270329318400E+018   2.52694843085991042989E-020
      9607   1.56423916992637619200E+018  -1.05635462016539569739E-020
      9608   9.94337991695090688000E+017   4.57359121725286237099E-020
      9609   1.06120604953467481600E+018   1.17467859156189870040E-019
      9610   8.55782282186291968000E+017   1.21725948276000873013E-019
      9611   9.86463605080104448000E+017   1.39098305381183462219E-019
      9612   1.05606116744666816000E+018   2.10426777451604698029E-019
      9613   7.79933769144697984000E+017   3.05131951145159274362E-019
      9614   9.77310320096360704000E+017   2.29644977060203848906E-019
      9615   1.10726847782094707200E+018   1.60875371702820315029E-019
      9616   1.26963289410033587200E+018   1.80246195192104153933E-019
      9617   1.13793884609863283200E+018   2.17489071968022015086E-019
      9618   1.33853767874709606400E+018   5.48737213602218730723E-020
      9619   1.33016007339563392000E+018   5.97497346781328938602E-020
      9620   1.18021513227881216000E+018   7.78756272310478685592E-020
      9621   1.34205979486589312000E+018   1.25739742445957798458E-022
      9622   1.26878074770438220800E+018   7.06017013448508267089E-020
      9623   1.22440345481822668800E+018   9.35794833743940294617E-020
      9624   1.15138729417785420800E+018   1.10063529146735514659E-019
      9625   8.88633683528565120000E+017   1.91792296951686815641E-019
      9626   7.94632689442381056000E+017   2.57944613550056548797E-019
      9627   6.43206611059601408000E+017   2.59103906089919016022E-019
      9628   7.07454302821124864000E+017   2.35254830812562762130E-019
      9629   7.26054460945161856000E+017   1.93491576382038976259E-019
      9630   9.14664068304583168000E+017   1.34310971494424959481E-019
      9631   9.00074152726283648000E+017   1.21888667555825844691E-019
      9632   7.54718242154543104000E+017   1.24057745731995735027E-019
      9633   7.69796122041002496000E+017   1.04319710819698066261E-019
      9634   7.16416661421536640000E+017   4.68844805407148974700E-020
      9635   6.18978241860223744000E+017   2.06729054973546929668E-020
      9636   4.57460170094093632000E+017   5.04519587229232986319E-020
      9637   4.65220464276912832000E+017   1.12196065205648642348E-019
      9638   4.36091289873963008000E+017   6.89084547033783140612E-020
      9639   5.57272341589336896000E+017  -3.86478165118255392799E-020
      9640   5.49706081482927168000E+017   9.22640722144294479896E-022
      9641   7.49926627751383552000E+017   3.41974295766724163169E-020
      9642   5.18156721504249856000E+017   7.16227335306853656742E-020
      9643   6.26892586639960704000E+017   1.70107459484346706790E-019
      9644   8.22468166919216256000E+017   1.73998841979432618754E-019
      9645   1.42824918012181760000E+018  -1.58619097584260067108E-020
      9646   9.26680853310119808000E+017   2.03493720565876023918E-019
      9647   8.41777648032549248000E+017   8.27967917495519645072E-020
      9648   5.82274496555394048000E+017  -1.99087104293150550858E-018
      9649   7.83792499308678016000E+017   8.09820391085367269018E-019
      9650   4.30196474205890752000E+017  -3.22029333432346177939E-018
      9651   8.94326794996082176000E+018  -4.68251719864571646013E-019
      9652   9.35091708834994380800E+018  -6.60686375556685846670E-020
      9653   6.92826794259619456000E+017  -1.16913625287601894476E-018
      9654   1.37188615911883008000E+018  -5.35159978194033416045E-020
      9655   6.15553837051114624000E+017   2.01805535268497657641E-019
      9656   1.09252656152141952000E+018   2.91471519336713411587E-020
      9657   7.56860599882002048000E+017   2.33187408783507612992E-019
      9658   6.80198742175939328000E+017   5.73454335562837637670E-020
      9659   6.45125076538900224000E+017   2.57455440606520492448E-019
      9660   1.59485225401580979200E+018  -4.98016542813556759747E-021
      9661   1.38864559990061414400E+018   9.42125427736981267463E-021
      9662   1.45663000148340403200E+018  -9.93589261914776702530E-020
      9663   7.24110800114156160000E+017   2.46429346630975654617E-019
      9664   7.96565905849838464000E+017   1.65229581821116024987E-019
      9665   7.57301961670368128000E+017   1.78895922415878102912E-019
      9666   6.48049131303250304000E+017   2.37631756505862895562E-019
      9667   6.33528783935903232000E+017   2.88148920030022914849E-019
      9668   4.23565260672629888000E+017   4.33455438772814201758E-019
      9669   5.27989003813585728000E+017   5.19731562421966990701E-020
      9670   6.63881747963977984000E+017  -2.23734377843972489848E-019
      9671   5.09319219622484992000E+017  -2.47270200911326931847E-019
      9672   4.56629295431700480000E+017   1.73703657281841628846E-019
      9673   1.33413447176523008000E+018   1.66738035987234985174E-019
      9674   1.31934120408319769600E+018   1.76340260872250475141E-019
      9675   4.11281219447973184000E+017   2.22265705423629961849E-019
      9676   6.46123719563120384000E+017   2.33481180695972990884E-019
      9677   5.19801071831863040000E+017   3.94650666459938406310E-019
      9678   3.23208842845738368000E+017   4.01955938713684936718E-019
      9679   3.86793287405123648000E+017   4.25462008276987254083E-019
      9680   5.37732894494145792000E+017   4.92307004852343924301E-019
      9681   4.09949661169385408000E+017   3.65742442304590173517E-019
      9682   9.09633037085624640000E+016   7.07377743450429628536E-019
      9683   2.22565387271780800000E+017  -1.39277601395412933599E-019
      9684   3.21084646004138176000E+017  -8.36111021495926808040E-019
      9685   3.36416685649271000000E+016   1.07199110007744390453E-018
      9686   7.07650195984862720000E+016   3.50958835347800576078E-019
      9687   2.44911319354463000000E+016   9.47439537534058527238E-019
      9688   3.69363350633173040000E+016   1.03116796286166827710E-018
      9689   2.89118890085046464000E+017   1.61801129489453544958E-019
      9690   1.39663849535473868800E+018  -8.41206865609471057512E-019
      9691   2.58997947718375520000E+016  -1.04837098229310124581E-018
      9692   3.45007225778410368000E+017   6.49937878550293159244E-019
      9693   3.20931758948489088000E+017   9.13427122466039852580E-019
      9694   1.01073274817648976000E+017   2.51371866689362280422E-019
      9695   5.45038955266001600000E+017   6.31694151199632645341E-019
      9696   8.18617202065654144000E+017   2.24562242868236378905E-019
      9697   9.57158506384587136000E+017   2.51961810951584196222E-019
      9698   1.50349032551253068800E+018  -4.97481661650831225001E-019
      9699   1.49346055740902348800E+018  -7.12335823925888603454E-019
      9700   6.80949232482819968000E+017  -1.25277636614980279061E-018
      9701   2.89205426442965504000E+017  -5.06348001145352988663E-020
      9702   4.49147936487764352000E+017   1.24264934210764828717E-019
      9703   5.20459737529751040000E+017   6.84396132770555717971E-020
      9704   3.92081393200096960000E+017  -2.59234151211895792125E-019
      9705   2.86712179028748480000E+017  -2.28703845396902837240E-019
      9706   2.86759339739932896000E+017   1.71614059306297382668E-019
      9707   1.80600003144463520000E+017   2.42094132456536659610E-019
      9708   1.06942517501038112000E+017   8.16302821063253178512E-019
      9709   1.15822058145413184000E+017   3.76462787227476796219E-019
      9710   8.84183197626210080000E+016   2.19988859104219745708E-018
      9711   4.41076636916720480000E+016   3.39289470311023271853E-018
      9712   6.02936577961176240000E+016   2.29779227626257635788E-018
      9713   8.34195206178547200000E+016   2.55226885351650787716E-018
      9714   1.26125999846988304000E+017  -2.34383471748926820246E-019
      9715   1.28325862576743632000E+017  -4.45852702583262941859E-019
      9716   2.22175232980029536000E+017   1.38251008959742010717E-019
      9717   3.13605322281746688000E+017   8.87451133259141746468E-020
      9718   3.61218583599697600000E+017   1.87203574491608903345E-019
      9719   4.01714959256558784000E+017   7.33026576352929344495E-020
      9720   2.92763564057109824000E+017   3.06172437313018519526E-019
      9721   3.55790880454155712000E+017   1.37148450806649852434E-019
      9722   5.62003100548245248000E+017   5.03655180530626556907E-020
      9723   3.48218564018501100000E+015   1.68028698254320633412E-018
      9724   5.37372959322121000000E+015   1.74554261772797767513E-018
      9725   4.29509802924082600000E+015   2.13238481890407231493E-018
      9726   2.09837394438493125000E+015   3.37035055275622559687E-018
      9727   8.76420764344331875000E+014   2.38705149254915133958E-018
      9728   1.59182777269869800000E+015   3.19640789025779248854E-018
      9729   5.88479665160992800000E+015   1.98660368187160216177E-018
      9730   5.40367645140357500000E+015   1.24970450379212264675E-018
      9731   3.34514700604527232000E+017   2.26161158283166533089E-019
      9732   2.35317338507139456000E+017   3.89731053579654808490E-019
      9733   2.58622010173036000000E+015   2.06947712627055624643E-018
      9734   3.58241994220171450000E+015   2.04244031399448472953E-018
      9735   4.70400418025066240000E+016   1.41180220443115045312E-018
      9736   2.16359764195156750000E+015   1.80803438761755044017E-018
      9737   4.34325570948214480000E+016   6.88553477034240975742E-019
      9738   2.99359369227979900000E+015   1.26907160245997503489E-018
      9739   1.87608819393176000000E+015   2.75537112733882431540E-018
      9740   1.32740515398727504000E+017   4.56159397269338072066E-019
      9741   3.02546276468476850000E+015   3.24727752078265018652E-018
      9742   8.14682991630991520000E+016  -5.05139714379539877318E-019
      9743   3.17782903588462720000E+016  -3.33646598796550276286E-019
      9744   2.72456403203709200000E+015   1.98859193156659458725E-018
      9745   1.14415419918478160000E+016   1.71118477999807153979E-018
      9746   2.60405125713316750000E+015   2.41808785113714232265E-018
      9747   2.11192043612614700000E+015   2.86035199061037020701E-018
      9748   3.14970363406493750000E+015   2.80141055436052385984E-018
      9749   1.79799229199898560000E+016   2.47201628524017826726E-018
      9750   2.44328131322739800000E+015   1.43996581209257305903E-018
      9751   2.63969553155363000000E+015   3.98453806026908158694E-018
      9752   5.50448448472334500000E+015   1.48284149994651719451E-018
      9753   2.39183932436926400000E+015   2.57557305549875714957E-018
      9754   1.22896948608022100000E+016   1.23877591442410098337E-018
      9755   1.89167819187406050000E+015   4.26295580012658618659E-018
      9756   1.50845075196909760000E+016   1.38994754233554834475E-018
      9757   1.93994198614284450000E+015   2.18062233443961360812E-018
      9758   5.43613220229553900000E+015   1.77644126585412080277E-018
      9759   1.10389139617518100000E+015   3.89046288588983233378E-018
      9760   5.27400285727812750000E+014   2.62359215527955093460E-018
      9761   7.43926614675985400000E+015   7.21285474556360602476E-019
      9762   4.58538839572336900000E+015   3.58785001186359107949E-018
      9763   4.15713399278668550000E+015   2.61281221195413512331E-018
      9764   6.60695647993535000000E+015   2.15868911185433909210E-018
      9765   8.12045049174184200000E+015   1.95757732441139203484E-018
      9766   1.02652868446318887500E+015   2.16381806379146558349E-018
      9767   2.09441210622347475000E+015   1.47078424966142853531E-018
      9768   2.49537769384995900000E+015   1.59355024710250133784E-018
      9769   1.64337330939562800000E+015   1.36311949452289656304E-018
      9770   1.76113936663108650000E+015   3.20802571179593661366E-018
      9771   1.69383928309491775000E+015   1.70775716948918818596E-018
      9772   3.18764355129563050000E+015   2.56624386586831624468E-018
      9773   3.19985176380233000000E+015   1.29392909185186325345E-018
      9774   1.22626191853986250000E+015   3.20426145851397474989E-018
      9775   1.30885308857018850000E+015   1.71927640343043565603E-018
      9776   9.23463023543519875000E+014   3.27860514879828224632E-018
      9777   2.77975617933329250000E+015   1.42631870440814775729E-018
      9778   2.46363853544701000000E+015   2.55725768924319733772E-018
      9779   1.02395500278837440000E+016   1.35929101486782357043E-018
      9780   5.87701165514826100000E+015   1.13244124133666379374E-018
      9781   1.85206489442536850000E+015   3.78102967828053040487E-018
      9782   6.79873187888247800000E+015   1.40307563728814624417E-018
      9783   1.56574095165126050000E+015   3.52261446499286741272E-018
      9784   5.57006758306953500000E+015   1.77878497083782274230E-018
      9785   2.49589013149380750000E+015   3.00855088190178510524E-018
      9786   1.96814777265599575000E+015   4.13321015923391432030E-018
      9787   1.87333917730068525000E+015   2.56630639873154040583E-018
      9788   1.09013591221586587500E+015   4.11422451642920510741E-018
      9789   2.46510556866678950000E+015   4.16819977726273361658E-018
      9790   3.27564111686922650000E+015   3.49409511311254873494E-018
      9791   1.03603053020158900000E+015   4.57209775346996460215E-018
      9792   3.62859748715127520000E+016  -3.08720064677272190728E-018
      9793   2.99846567054629750000E+015   3.18355347370792982603E-018
      9794   7.23630972642899500000E+015   1.24840702733469951963E-018
      9795   1.23345988304079950000E+015   4.90141913077872976073E-018
      9796   3.87890095725284450000E+015   2.56991347705732954253E-018
      9797   7.26826059402632700000E+015   1.23218611935206359880E-018
      9798   2.18326106376506100000E+015   3.33958717959958068878E-018
      9799   1.67572725358846600000E+015   4.87388780347289807141E-018
      9800   1.42859718331816432000E+017   4.61046225560688702930E-019
      9801   4.25408730313599950000E+015   1.85947573975874223788E-018
      9802   1.37018500947809900000E+015   2.96130001850726057500E-018
      9803   1.67202648301713175000E+015   3.16492192933338602846E-018
      9804   6.85494190189133600000E+015   1.32447689070633183075E-018
      9805   3.85623825048944480000E+016   1.88684985657437473230E-018
      9806   2.16422930072592800000E+015   2.76063970567977675767E-018
      9807   4.36025815508097500000E+015   1.91860906470449553481E-018
      9808   1.73652640228734240000E+016   3.46246973578354974756E-018
      9809   8.91047133171862250000E+014   3.69040334691826788646E-018
      9810   3.72135999442567800000E+015   1.79282574597541727417E-018
      9811   1.39507041777888325000E+015   3.65756046881861615014E-018
      9812   2.93210974013729250000E+015   2.15528803829040862780E-018
      9813   2.08103319902492875000E+015   4.09074354284250928167E-018
      9814   5.91148590853200500000E+015   2.03261008942980855394E-018
      9815   3.87311345645481600000E+015   2.27602716158247510406E-018
      9816   6.84623009039876800000E+015   2.41508471253280217795E-018
      9817   2.30549699309133880000E+016   1.98430718690334320884E-018
      9818   6.28694313906400200000E+015   1.23110937515021289494E-018
      9819   1.92551745770932500000E+015   2.51612952330016921655E-018
      9820   4.02204382652418000000E+015   1.92115581179054127054E-018
      9821   2.12566538110332320000E+016   9.67875527770737184374E-019
      9822   4.48328815162086000000E+016   1.16937689755719778359E-018
      9823   5.11288005990344500000E+015   2.38336929699683019375E-018
      9824   1.07701239565286160000E+016   2.01970885851496010533E-018
      9825   1.33160799665710575000E+015   4.31398770152545237776E-018
      9826   5.79454107565092000000E+015   1.12611838792359717834E-018
      9827   2.46810038586205000000E+015   2.14578034054279055035E-018
      9828   1.04036940136302925000E+015   5.01408193019042719225E-018
      9829   7.52626467849053800000E+015   9.61963480988349598083E-019
      9830   2.89502353079889450000E+015   2.41091839815101654778E-018
      9831   5.61907875618648400000E+015   1.92776262847606454882E-018
      9832   2.33922030951842050000E+015   3.96103614028022594901E-018
      9833   1.80690041964832950000E+015   4.98905643539748065346E-018
      9834   1.44386168495359160000E+016   2.88284519915977938462E-018
      9835   9.86672530172038000000E+015   2.60675807909671596023E-018
      9836   2.81768242035728440000E+016   6.98567347782729063296E-019
      9837   1.11328803826406337500E+015   4.39944813075430010196E-018
      9838   2.21467289730560375000E+015   1.63163580442738547521E-018
      9839   4.20609244458096250000E+015   3.19155421356876753302E-018
      9840   8.89088580391913875000E+014   3.28248523694486156150E-018
      9841   2.01774173808319025000E+015   2.50851573903639553349E-018
      9842   6.59608648565631900000E+015   1.97889695449317802367E-018
      9843   1.70023972014829425000E+015   3.53403635230029440635E-018
      9844   2.88632179474679950000E+015   2.68712532671689187420E-018
      9845   1.66732776586728600000E+015   3.63142537826499930385E-018
      9846   2.54570143089927680000E+016   4.69174539300352921728E-019
      9847   2.14887678194740825000E+015   2.51083254253705641759E-018
      9848   1.06888244352213940000E+016   5.70194106089347354962E-019
      9849   2.58754142979229050000E+015   3.21817668188769383282E-018
      9850   3.51430696585003000000E+015   2.60976114040997954787E-018
      9851   4.48993417412503850000E+015   3.42880293872296649330E-018
      9852   2.27982136216872840000E+016   4.52537585783895273612E-019
      9853   2.89637447166355000000E+015   3.23921350978131326255E-018
      9854   1.75363949613343975000E+015   1.64489066024754646819E-018
      9855   1.97071616106162625000E+015   1.95732584417774059029E-018
      9856   4.45146619817179300000E+015   2.81938877841873674044E-018
      9857   3.97410714351687650000E+015   2.59820962572136928220E-018
      9858   2.08010465027377450000E+015   2.97316213622723008520E-018
      9859   3.97795423257819900000E+015   2.33841687283918427481E-018
      9860   3.28774232834405600000E+015   2.61515396907199472848E-018
      9861   1.29247898702579900000E+015   3.09687029895025085296E-018
      9862   2.43805752312296000000E+015   2.16749311087185007781E-018
      9863   2.22862417051016025000E+015   3.82363635411502460678E-018
      9864   3.33361827529311700000E+015   2.58075689469255263259E-018
      9865   7.32052672666130000000E+015   1.72433502899227030013E-018
      9866   3.60915885968690250000E+015   4.24541859563160763340E-018
      9867   4.63175815213453500000E+014   2.01434243441201913128E-018
      9868   1.27943689946685020000E+016   1.81195679193014072578E-018
      9869   3.21174264907709200000E+015   3.66737712648980082419E-018
      9870   8.32716800471505000000E+015   1.58356301986787457780E-018
      9871   3.57087124551476850000E+015   2.30384181485069930600E-018
      9872   1.13825214341667875000E+015   3.90561863900726903418E-018
      9873   3.93233934491015100000E+015   9.58622720882940912069E-019
      9874   2.31083895493407700000E+015   2.40390352201650870635E-018
      9875   1.27650374304160775000E+015   3.76679978239573747523E-018
      9876   3.45608156631394350000E+015   2.42793162094274176974E-018
      9877   2.36393535827821150000E+015   3.40553697715237042301E-018
      9878   6.71096715657059700000E+015   1.99726841403537248805E-018
      9879   3.86573114634801200000E+015   3.37387597592850688138E-018
      9880   1.14993063687417280000E+016   1.04683422649437239345E-018
      9881   6.93872280103355200000E+015   2.63877462775516530831E-018
      9882   2.20459060610460975000E+015   3.85592812212208747843E-018
      9883   8.68143392641121500000E+014   3.72375206044937473725E-018
      9884   1.30210325120036050000E+015   2.87670112690937340053E-018
      9885   1.41384981302926725000E+015   2.65290587124372283804E-018
      9886   7.18266636597335500000E+014   3.87319377459381868006E-018
      9887   1.38994580367125875000E+015   2.55980534957991752316E-018
      9888   1.95903938207176225000E+015   1.53678778538217266028E-018
      9889   1.63580428157168650000E+015   4.16371560556410656919E-018
      9890   1.35239344831076900000E+015   4.12431301958085221799E-018
      9891   1.70735632579876925000E+015   4.30549571487991412088E-018
      9892   1.70943481931322525000E+015   3.65207123907497420672E-018
      9893   1.62045701695872725000E+015   4.25109483810499746836E-018
      9894   1.46392574449625350000E+015   3.14418781322221455471E-018
      9895   9.63240218911347500000E+014   4.59555295120328255186E-018
      9896   9.86604694582668375000E+014   4.48255314584089189056E-018
      9897   1.35128917122755875000E+015   4.74538464355628358116E-018
      9898   3.71052800450248400000E+015   2.33165792141071201506E-018
      9899   3.34757687550128650000E+015   2.26053651885139588342E-018
      9900   1.88255638302455000000E+015   4.24682731059470240727E-018
      9901   3.08934016201464300000E+015   2.61624260981965202756E-018
      9902   1.81794755299703600000E+015   4.27324334785527846146E-018
      9903   1.78332182242880950000E+015   4.75509770724626437948E-018
      9904   3.80307640189515550000E+015   2.62654918603332038679E-018
      9905   1.33726686259543100000E+015   3.59327211726922312939E-018
      9906   3.18579795965202100000E+015   2.26562722748686106860E-018
      9907   1.94317969193913125000E+015   3.04754847474644348935E-018
      9908   2.52132159973501300000E+015   4.13209843984267041123E-018
      9909   2.19362855780779525000E+015   4.16532923656999405760E-018
      9910   2.69386808371039400000E+015   4.36873194597519475140E-018
      9911   3.27894416934926850000E+015   2.65054614871427150766E-018
      9912   2.89487088391154800000E+015   3.40296467539417648464E-018
      9913   6.93916332346227125000E+014   5.76254476303215555671E-018
      9914   9.35693090713073250000E+014   4.68083069453113969473E-018
      9915   2.23334826279785425000E+015   1.46326439741305826787E-018
      9916   1.45271033235047700000E+015   4.01278466872933941402E-018
      9917   2.12807498818438450000E+015   2.77632313243474949310E-018
      9918   1.45918596231187300000E+015   3.48651266059665433364E-018
      9919   9.79563519994496200000E+015   1.37240396623542097973E-018
      9920   2.83821598555923000000E+015   2.17935674062568781630E-018
      9921   3.39753590900651400000E+015   2.48196078880020052914E-018
      9922   1.09082271320415750000E+015   5.69573741806084814266E-018
      9923   1.09708817237204775000E+015   4.75219495123437005225E-018
      9924   2.97072846942349200000E+015   2.90660215782202313766E-018
      9925   2.62964995392136400000E+015   3.51580297064318571649E-018
      9926   2.89199458684467500000E+015   2.46751285125244430957E-018
      9927   5.63217388227444600000E+015   2.40580322783931241185E-018
      9928   3.85757924885755050000E+015   2.26171909622219988628E-018
      9929   3.49488523555955900000E+015   2.27387092376675836940E-018
      9930   1.59194351620961700000E+015   4.28350184267109268344E-018
      9931   1.42921270874720000000E+015   4.21869831533513286357E-018
      9932   1.91858071697777575000E+015   3.85812659106951609983E-018
      9933   2.37755864834631250000E+015   3.32190101919731600132E-018
      9934   1.60324603998292475000E+015   4.29015178186876777693E-018
      9935   4.05066331103684250000E+015   2.34352419436586083436E-018
      9936   2.01459972773081175000E+015   2.18597845674071864209E-018
      9937   2.07280072235616750000E+015   2.11942418778946505832E-018
      9938   1.58416047856230225000E+015   3.66475908343078900098E-018
      9939   1.56846568169281600000E+015   3.99222984271248868195E-018
      9940   1.91360134486766575000E+015   3.59203508175987275102E-018
      9941   1.90818375246056450000E+015   3.17087381187301542358E-018
      9942   1.85541495170553375000E+015   3.41943226634216050635E-018
      9943   4.56302131583001000000E+015   1.43890079685318622033E-018
      9944   7.72298216894375500000E+014   4.78011399367991046568E-018
      9945   6.43608250005754750000E+014   5.46254360119946685067E-018
      9946   9.87843481068359500000E+014   4.64578798179832117585E-018
      9947   9.44880407614857375000E+014   4.50725551905913450751E-018
      9948   1.02149081924382550000E+015   4.79528237606805772095E-018
      9949   9.32649738006362625000E+014   4.33020621449482888547E-018
      9950   7.57432018868082300000E+015   2.72660625258087528708E-019
      9951   2.05144954172404675000E+015   2.08401028271295957606E-018
      9952   1.64416980642092475000E+015   5.13220227511973900859E-018
      9953   1.74429733665099800000E+015   4.44297916102930492186E-018
      9954   1.79494159343260625000E+015   5.27897933053002263523E-018
      9955   4.32000979218882500000E+015   1.31627596704817974913E-018
      9956   1.37652244189357080000E+016   3.23789701491091309596E-018
      9957   1.98696757823347040000E+016   1.52296055098588945512E-018
      9958   1.60832592759756675000E+015   2.82784621043452398796E-018
      9959   1.52879989206387475000E+015   3.11077524942205479933E-018
      9960   1.78977856253997975000E+015   3.24325114046544441312E-018
      9961   5.23325733919732600000E+015   2.11813968183447965276E-018
      9962   5.68863131531652300000E+015   1.96787171647240663924E-018
      9963   7.82236168087498200000E+015   1.82657709405823963089E-018
      9964   8.59489612248598000000E+014   4.67932864688514651885E-018
      9965   8.30284304261041875000E+014   4.25502309087887518679E-018
      9966   1.88699530815402750000E+015   2.51246462051278973796E-018
      9967   8.56293647229375500000E+014   5.12448834466883827989E-018
      9968   8.45508286202052875000E+014   4.76857333075698485690E-018
      9969   9.46150708116868500000E+014   5.36165419533538373081E-018
      9970   3.32505898933096750000E+015   2.27910482206259166333E-018
      9971   6.41371250447117800000E+015   1.27164371294882188893E-018
      9972   1.23515775929711550000E+015   4.98241185937255987317E-018
      9973   2.17808528186327450000E+015   4.69649617047811253837E-018
      9974   2.71563299430100700000E+015   4.30726095466695248767E-018
      9975   3.82406115579604700000E+015   2.65954497061824308166E-018
      9976   1.09950227222648540000E+016   2.19629698736110278283E-018
      9977   1.09904395039564825000E+015   3.87331924247826391420E-018
      9978   8.87623317862122625000E+014   4.92102223820555626375E-018
      9979   1.14018279693230275000E+015   2.29929982878953700326E-018
      9980   3.80073333145455100000E+015   2.56167729798317170980E-018
      9981   1.21573841465589850000E+015   3.01291756800444217632E-018
      9982   1.00087124070261325000E+015   4.89189902733902993730E-018
      9983   9.03553877038959000000E+014   4.99719177276493149515E-018
      9984   1.69992807382416850000E+015   3.55520933255450931379E-018
      9985   1.94174209156604350000E+015   2.81529832783854645156E-018
      9986   1.59709153308842675000E+015   3.87733982950164432489E-018
      9987   1.17400630859010850000E+015   4.25385130711083060215E-018
      9988   1.81593558275891975000E+015   3.37798823310175971531E-018
      9989   4.82736719488181900000E+015   4.04823295487638491432E-018
      9990   6.32290266155255300000E+015   2.91268144986783794701E-018
      9991  -8.74901295691105125000E+014   2.04651836501616476646E-018
      9992   1.67651336424979580000E+016   1.41962385452977656781E-018
      9993   1.32364302458063050000E+015   4.24072893022255874319E-018
      9994   7.02895496455050250000E+014   5.56114666577337075607E-018
      9995   1.29327503080405975000E+015   3.55474634421784892537E-018
      9996   2.33862063645529000000E+015   3.55714527985594163146E-018
      9997   1.49841904282527875000E+015   4.59459704488555853646E-018
      9998   2.57372461604862600000E+015   2.85349418433712721908E-018
      9999   2.59664008366441950000E+015   2.27338984462791905737E-018
     10000   2.13695048092372100000E+015   4.36669653891866250564E-018
     10001   3.89995305049265700000E+015   3.26318045823132575099E-018
     10002   4.29652500139920000000E+015   3.07786167310435672714E-018
     10003   3.74004937083010350000E+015   3.32420856389089250664E-018
     10004   1.34319623756468060000E+016   1.34489977995803286948E-018
     10005   1.03152676815575300000E+015   3.26714861449269136808E-018
     10006   9.71935509010140250000E+014   3.50298062370400571196E-018
     10007   3.62462041141708050000E+015   4.03302513230413736346E-018
     10008   4.41893617938261050000E+015   4.01482192739585428180E-018
     10009   1.48100985310084250000E+015   3.05208026945201043191E-018
     10010   1.45790265818371150000E+015   3.15685960567033323954E-018
     10011   1.29409320283268725000E+015   4.14440900191833283694E-018
     10012   2.53264785455360900000E+015   3.02728094052346429105E-018
     10013   2.92805810506782250000E+015   3.12573971500208666244E-018
     10014   4.96870485392134800000E+015   1.57107176496427343016E-018
     10015   4.24360857645037350000E+015   2.39220640525019764217E-018
     10016   2.50371110311897550000E+015   2.60824767441140883276E-018
     10017   3.18782953529114750000E+015   2.03416464451121229539E-018
     10018   1.41430029457336300000E+015   2.97184516006965430340E-018
     10019   1.55139308615281900000E+015   2.49797870474895793665E-018
     10020   3.58612579405966150000E+015   1.08781694574355198445E-018
     10021   9.87485896188800375000E+014   5.60576615826021813707E-018
     10022   1.29652330720953100000E+015   4.09282625077420707102E-018
     10023   7.35984415673134400000E+015   1.27910575354829642970E-018
     10024   2.61489444491959950000E+015   2.64984170494394668622E-018
     10025   7.57435402578060400000E+015   9.37579306044646163640E-019
     10026   2.35011504677299900000E+015   4.16549707672136127252E-018
     10027   2.22483655557709725000E+015   3.79054619286420760514E-018
     10028   1.92947491601612675000E+015   4.30957437901330189217E-018
     10029   5.30141875947168100000E+015   1.66136630840839096668E-018
     10030   3.56769770335230500000E+015   2.45127052145436265426E-018
     10031   3.83562756647812100000E+015   2.89926789072346476179E-018
     10032   2.55508880136665450000E+015   2.61934137168892354303E-018
     10033   3.52326984952460900000E+015   3.76100709626764053825E-018
     10034   3.36916937053468700000E+015   3.89029256578437720225E-018
     10035   3.64833819689461300000E+015   3.11106159031472123650E-018
     10036   2.53597703329246250000E+015   3.57329576520064190441E-018
     10037   2.38631865824265250000E+015   4.08186574327016520220E-018
     10038   8.97634425617337600000E+015   2.34272852355627738638E-018
     10039   4.05648383364831200000E+015   2.67280031884856698691E-018
     10040   1.01326179836749500000E+016   2.51778601376043019710E-018
     10041   3.74100741514057000000E+015   3.05849611523638731363E-018
     10042   8.45454666284638500000E+015   1.77129494575868615036E-018
     10043   1.04976114724122600000E+015   4.23563805858732889533E-018
     10044   6.36890818649159000000E+014   5.69918638628572913164E-018
     10045   2.31223549995085500000E+015   1.77438679735226088590E-018
     10046   5.29840588851962625000E+014   5.67364273365537127223E-018
     10047   7.65491574168537625000E+014   4.73874332367934598280E-018
     10048   1.13806457873003875000E+015   3.04936292876271914734E-018
     10049   8.55385275337708750000E+014   3.74383274485713212884E-018
     10050   2.75278660305398800000E+015   1.67627152690991568774E-018
     10051   7.57169830235064750000E+014   5.13290270226844911653E-018
     10052   9.25819630660604875000E+014   4.01548785479479419881E-018
     10053   9.97988400760820250000E+014   3.35282337491336583081E-018
     10054   6.59922113530352625000E+014   4.80129521773574885707E-018
     10055   1.21513334915995850000E+015   3.35722332662060097677E-018
     10056   3.98040055399773050000E+015   3.30017413863626433119E-018
     10057   4.08596290273952100000E+015   3.04675080775446284985E-018
     10058   3.40934762687157350000E+015   3.80402866887914372945E-018
     10059   4.48492034741612350000E+015   2.86686799362772100379E-018
     10060   2.39318697433243250000E+015   3.84325806672554456676E-018
     10061   2.87433203900543900000E+015   3.82610413865674199420E-018
     10062   4.84464301777963200000E+015   2.89273507993404628200E-018
     10063   1.29255384158939620000E+016   1.33969513102394309022E-018
     10064   2.51889647857331050000E+015   3.13587823281574469666E-018
     10065   3.40184093520658600000E+015   2.86529845409376615091E-018
     10066   4.75798792289071600000E+015   3.00051246518754591475E-018
     10067   7.53816973820838000000E+015   1.93597108150043126397E-018
     10068   6.51955952253022375000E+014   4.05895859660684308268E-018
     10069   7.27120909549571000000E+014   4.34518985771335580537E-018
     10070   7.33772708644235500000E+014   4.03005658612661903261E-018
     10071   1.00508376153826825000E+015   3.92175537573285045651E-018
     10072   7.04774702812044500000E+014   4.47931913729548480457E-018
     10073   8.09929847788669125000E+014   3.85848716153289062612E-018
     10074   6.65477429126596000000E+014   4.18261240511844080821E-018
     10075   7.68053914585990125000E+014   3.45952145802276783897E-018
     10076   1.21543593409677975000E+015   2.58056242460123953070E-018
     10077   1.11253128174640125000E+015   3.50619199581269620268E-018
     10078   1.56946322099265300000E+015   4.31413483228598897234E-018
     10079   1.64891296827432575000E+015   3.98457388620511030838E-018
     10080   1.49870509286083200000E+015   3.27432554208335178267E-018
     10081   1.95412973412271650000E+015   3.92612615361241798628E-018
     10082   2.02768570236952425000E+015   3.10267907198582818583E-018
     10083   1.64939159822743425000E+015   3.90426872423976826809E-018
     10084   1.69885688294525650000E+015   4.53248575133665005759E-018
     10085   1.70352435264643775000E+015   3.91501247510867707061E-018
     10086   1.34790683649725700000E+015   4.13409620695263166125E-018
     10087   1.32875930256686100000E+015   4.48934353320206851788E-018
     10088   1.31814965270453225000E+015   4.36139400691555181998E-018
     10089   1.10022012927002100000E+015   4.22433272145854379970E-018
     10090   1.47855913381527575000E+015   5.38615951343794393671E-018
     10091   1.25886853452779300000E+015   4.91578473245100781354E-018
     10092   2.09571371442904850000E+015   2.84138462412383644952E-018
     10093  -1.81769565005761625000E+014   2.11748491819965440095E-018
     10094   1.70091612876880075000E+015   3.24178377662807823815E-018
     10095   1.60771311971695500000E+015   4.69213258471528128813E-018
     10096   1.76003616419901900000E+015   4.50847955444305464470E-018
     10097   1.99098988462520400000E+015   4.63744600784044419311E-018
     10098   1.81559921555055550000E+015   4.17721711063200787409E-018
     10099   1.72594735141009750000E+015   4.23883692576711238941E-018
     10100   4.49259107328825550000E+015   1.64612922389798087522E-018
     10101   1.41822053329159800000E+015   4.05901437236903124869E-018
     10102   1.97902002923322650000E+015   3.94587687869694449325E-018
     10103   2.64835831474104700000E+015   3.92294616236529980142E-018
     10104   1.61468024304736475000E+015   4.49160661938572863537E-018
     10105   7.53176060542742000000E+014   5.89295492476995368522E-018
     10106   1.03570062279789650000E+015   4.28120184170479933906E-018
     10107   1.04940347832773925000E+015   4.81772727896202392835E-018
     10108   1.24516871430828225000E+015   3.95958128999473753292E-018
     10109   3.35921638500636750000E+014   6.12836000282273763495E-018
     10110   3.48257960333288700000E+015   2.66169776431083873457E-018
     10111   5.44029607442861500000E+015   7.61142709107239636551E-019
     10112   1.42344160794119625000E+015   4.12403082958522599392E-018
     10113   8.51504915437607625000E+014   6.24047472078760287711E-018
     10114   1.01994679837922300000E+015   6.07984795676049794445E-018
     10115   7.58421845093701750000E+014   6.28197507328968558158E-018
     10116   2.41134495778888750000E+015   3.67999483626162136678E-018
     10117   3.63201117456007150000E+015   2.87001949816095246802E-018
     10118   2.88184722154859100000E+015   2.68266345577105242348E-018
     10119   2.91471188851898900000E+015   2.45474338622005602903E-018
     10120   4.60417857450690900000E+015   2.32837968805935483227E-018
     10121   3.17913614996092500000E+015   2.14209790515226524772E-018
     10122   5.91080217147057700000E+015   1.69802763203892605872E-018
     10123   4.61813074241609600000E+015   1.90836263982612739415E-018
     10124   2.91152279014405750000E+015   3.58413730608938930284E-018
     10125   1.67927080997246225000E+015   4.52930474477300286217E-018
     10126   1.59030629535220700000E+015   4.26356700472454507912E-018
     10127   1.86117971148079575000E+015   4.29738556506136103310E-018
     10128   1.77880917545241450000E+015   2.90801029025116070371E-018
     10129   1.49244586614845625000E+015   2.60531181128130044648E-018
     10130   1.41650685532882875000E+015   4.43480550580024164873E-018
     10131   1.72214607455126750000E+015   3.01328455074054900457E-018
     10132   1.93295521793219275000E+015   3.61165317675312702554E-018
     10133   2.17732617365203400000E+015   2.88875123735755056598E-018
     10134   1.64412369379131300000E+015   3.74820243035371568559E-018
     10135   1.76324786180615500000E+015   3.54671818840480501707E-018
     10136   7.18119212367077625000E+014   4.87720822827534301380E-018
     10137   1.64863041648585700000E+015   3.15058864534348281408E-018
     10138   9.74367810491255250000E+014   5.20761659750217439607E-018
     10139   9.97279248011585375000E+014   3.90794822308502787832E-018
     10140   1.16128931763249575000E+015   3.24217482145559469646E-018
     10141   1.99100277253075575000E+015   4.48198502775319372475E-018
     10142   1.93157271989485650000E+015   5.20397676533925430803E-018
     10143   1.48932937104983550000E+015   2.98238767344243796187E-018
     10144   1.48817915059884650000E+015   3.86259287853910809866E-018
     10145   2.25329074297488450000E+015   2.92699540017831045041E-018
     10146   5.04148747427130100000E+015   2.59184642110097028761E-018
     10147   8.13252186757651000000E+015   2.40462751370378846112E-018
     10148   1.34525545298952380000E+016   2.01074720621143091818E-018
     10149   6.41585645079299125000E+014   5.70550586600520632792E-018
     10150   9.23853536144493875000E+014   4.29874457251319212508E-018
     10151   1.04010370282888525000E+015   5.04015334109609700231E-018
     10152   1.41094428685878000000E+015   3.64152552401148084352E-018
     10153   4.40831687756117750000E+015   1.85164427928998806124E-018
     10154   8.96256125433493500000E+014   4.85973208638202577379E-018
     10155   2.28782701591143650000E+015   5.25783952547173683870E-018
     10156   2.37810533755427750000E+015   4.48630109590799560251E-018
     10157   1.89857259872178275000E+015   5.38117670823362889134E-018
     10158   4.91628253570010700000E+015   3.01850751945969934789E-018
     10159   3.83812848304281650000E+015   3.01756507537900230488E-018
     10160   1.02224384161535750000E+015   4.52382165804894801543E-018
     10161   1.07845237907390200000E+015   5.32512818621826000391E-018
     10162   8.94133012195664375000E+014   5.17928872436736114175E-018
     10163   1.17944717715953650000E+015   4.71275243426628088831E-018
     10164   1.02177769752278625000E+015   4.53998705842208097571E-018
     10165   1.03840039760259325000E+015   4.67903871522187547855E-018
     10166   3.81118758146441500000E+015   2.99341338430057263464E-018
     10167   1.00545226742215800000E+016   2.06718947806233731209E-018
     10168   1.57623850426944775000E+015   2.91613345925256518866E-018
     10169   2.05209796190065600000E+015   2.10265882926101024649E-018
     10170   6.67775545060492875000E+014   6.39623438527631679032E-018
     10171   3.98678983369549800000E+015   2.12956091600293089126E-018
     10172   1.72243612987204050000E+015   4.40463487508558771530E-018
     10173   4.54593595379942100000E+015   3.00692799002570893336E-018
     10174   7.08498569926606750000E+014   4.01714586907778364959E-018
     10175   2.64335593709187100000E+015   1.95974108212304342105E-018
     10176   1.32917540492991150000E+015   3.41802057943673261357E-018
     10177   1.27367793500278950000E+015   3.70564038006443682102E-018
     10178   2.53497628252793650000E+015   3.49558071912517041483E-018
     10179   1.75428212917397600000E+015   3.70029318795458766303E-018
     10180   2.18348480676154025000E+015   3.53762248626232259139E-018
     10181   2.46724552255329750000E+015   2.08526942098156713303E-018
     10182   1.78245462094151475000E+015   2.19431165035262579430E-018
     10183   1.36336981855930325000E+015   4.33149743740436566109E-018
     10184   2.21492384313571600000E+015   4.02885176450456923491E-018
     10185   1.73693358793509425000E+015   4.24285165421439887010E-018
     10186   1.83284309987575500000E+015   4.09483400099312458110E-018
     10187   1.46884958672531650000E+015   4.00788644319875664516E-018
     10188   2.32585740011626350000E+015   3.51028181711297684441E-018
     10189   3.01635569305945250000E+015   2.73293334847512174704E-018
     10190   4.08310811230360350000E+015   2.94186753805577114812E-018
     10191   2.70576720615314700000E+015   2.80927195625339951272E-018
     10192   2.58085515327748950000E+015   4.06860440873195735771E-018
     10193   3.92384169440575800000E+015   2.68704394070262279704E-018
     10194   7.98554042142613750000E+014   4.52056158488237476039E-018
     10195   6.11789098940218125000E+014   6.04876421205655683659E-018
     10196   8.55036473067976250000E+014   4.22255040999906006874E-018
     10197   1.47228655413972825000E+015   3.04708464415322898817E-018
     10198   1.63484830673106525000E+015   2.43365102223214530141E-018
     10199   3.71633950390728437500E+014   6.54161980645514798341E-018
     10200   4.74514631825566750000E+014   4.59026782471583136609E-018
     10201   4.19503232533638900000E+015   2.83882017255087084608E-018
     10202   1.84723745107122075000E+015   3.89921369765508595752E-018
     10203   5.95037802309139200000E+015   2.22786204600935585129E-018
     10204   2.31647335587851400000E+015   3.86474328322292171126E-018
     10205   2.79311264421403850000E+015   4.17716672010352221451E-018
     10206   4.01523419074240950000E+015   2.47006724503452105839E-018
     10207   1.13241759500148240000E+016   1.14083330834442956789E-018
     10208   1.36390232524673850000E+015   2.88300522496413535231E-018
     10209   8.78134165901932125000E+014   3.69471581185639211082E-018
     10210   9.09780813431562125000E+014   4.17096645301108165246E-018
     10211   7.49533543201988500000E+014   3.96788177843998055901E-018
     10212   1.91095655212668925000E+015   1.76884717979785847938E-018
     10213   9.62575230472797125000E+014   4.08627448229230261571E-018
     10214   1.46452683460501675000E+015   4.53134708341430011229E-018
     10215   3.01445914807557750000E+015   3.03990211089319353456E-018
     10216   2.00006754436059975000E+015   3.86931928176403452172E-018
     10217   5.82733869110643750000E+014   2.98842563968373269811E-018
     10218   1.81785410513785725000E+015   3.53442921401212103140E-018
     10219   1.79200297991162750000E+015   4.62459410780669491922E-018
     10220   1.76215147932988475000E+015   4.29124337301534088892E-018
     10221   1.73542043377815000000E+015   4.49171093008509893931E-018
     10222   2.38336555224967150000E+015   3.90911614563828096945E-018
     10223   1.37530041562801750000E+015   4.69617640436053725927E-018
     10224   1.68245716587186850000E+015   5.61008905283251456499E-018
     10225   1.05933499706560300000E+015   5.39217996604148883510E-018
     10226   1.13795232447737300000E+015   4.43449614314251000478E-018
     10227   1.25826581419987725000E+015   3.88960770117914978760E-018
     10228   4.07733268167370600000E+015   1.30729664487536175375E-018
     10229   8.55020460018792300000E+015   1.07010514081159748768E-018
     10230   1.27788504612577800000E+015   5.25666622391996479903E-018
     10231   2.30668078063236100000E+015   1.84405482597284704991E-018
     10232   3.29263731766552100000E+015   2.58171606236878972393E-018
     10233   1.84826348987071100000E+015   4.94605935061528618149E-018
     10234   5.34325261789142200000E+015   2.41572370283700104668E-018
     10235   1.54014369513971500000E+015   4.84621046845361720799E-018
     10236   1.78330954488495225000E+015   5.23819183594866838074E-018
     10237   1.81145463992177275000E+015   4.30264607078534068006E-018
     10238   1.43867651504102450000E+015   3.78874796182012228710E-018
     10239   1.09925524642543225000E+015   3.12345129972078147858E-018
     10240   1.12562861881596275000E+015   3.68511000994485769298E-018
     10241   1.28975589296580400000E+015   3.58986937222530558882E-018
     10242   1.31381390647582125000E+015   4.03594771612724837277E-018
     10243   9.90247948088628375000E+014   5.04333727501143577437E-018
     10244   1.00068096288281287500E+015   4.97158527297001146124E-018
     10245   2.22616060401209250000E+015   5.12548155440854087915E-018
     10246   1.99177412892617550000E+015   4.85518557715491709501E-018
     10247   2.24990997533226925000E+015   4.85745561729570943024E-018
     10248   1.53730076131805900000E+015   4.16542460624578561722E-018
     10249   1.60519904462058425000E+015   3.94648806454169210897E-018
     10250   1.20958734651200700000E+015   5.12655758776978297392E-018
     10251   8.83345403020531750000E+014   4.99552419078051250431E-018
     10252   1.37463986357360600000E+015   4.24625730933923583325E-018
     10253   4.33155875133222750000E+015   3.00084209529447723626E-018
     10254   4.86929822503990400000E+015   2.53667396877143627232E-018
     10255   4.58212414591075500000E+015   3.16392417887080021313E-018
     10256   3.36872754610482250000E+015   3.15018204581261205058E-018
     10257   1.30093050877832375000E+015   3.57885511165461206528E-018
     10258   2.14808662529692850000E+015   3.31367297428122938449E-018
     10259   1.93912669965242825000E+015   3.26308157605333701415E-018
     10260   1.50155159068499225000E+015   3.70531776511398102476E-018
     10261   3.13595631460842650000E+015   2.23790001150481547524E-018
     10262   1.64263511596250425000E+015   3.15902947968521867494E-018
     10263   1.18267415023333025000E+015   5.56194836366594591704E-018
     10264   3.15765423396222150000E+015   3.46701392938287796989E-018
     10265   1.76386243660697950000E+015   3.98636779180281382276E-018
     10266   1.77959735822208475000E+015   3.70694013475969905699E-018
     10267   1.69247887898960050000E+015   3.16701963300528692541E-018
     10268   3.83263946453787700000E+015   2.91721691756802010531E-018
     10269   2.44505085895236350000E+015   4.10012380110532126104E-018
     10270   3.96366245801153100000E+015   2.44988470297102607883E-018
     10271   7.57346504041712600000E+015   2.12770830300953158909E-018
     10272   7.51105782600321750000E+014   4.03056854363025107764E-018
     10273   7.03027749158771500000E+014   6.20467713903161028393E-018
     10274   5.50683087274340900000E+015   2.46973890276374359787E-018
     10275   3.04641192227427600000E+015   3.49616982235883397270E-018
     10276   3.31517016310486450000E+015   4.02981917668033790342E-018
     10277   7.92426666321323625000E+014   3.80216109360341646302E-018
     10278   1.15665652349776425000E+015   2.95081775339776675356E-018
     10279   1.24729443254377000000E+015   2.11161349747676286670E-018
     10280   1.26880313333658750000E+015   4.29831540479987135693E-018
     10281   1.71564923626057925000E+015   5.07822354594077674435E-018
     10282   1.73044053886652975000E+015   4.29443185366320424583E-018
     10283  -5.60237706935996000000E+014   1.80644174456850460873E-018
     10284   1.77224991596872650000E+015   4.07453517556412835105E-018
     10285   2.30389887090812800000E+015   4.28564676856887786635E-018
     10286   2.03466042267100200000E+015   3.61347736264947670898E-018
     10287   1.21778859884904225000E+015   4.15211847294272409333E-018
     10288   1.88849878709031625000E+015   3.50516288200590977231E-018
     10289   1.36310799264875600000E+015   4.48952141368743441538E-018
     10290   4.12049791295375100000E+015   2.46362763684722124056E-018
     10291   4.31082098385770150000E+015   2.89009303171898042460E-018
     10292   1.95640815184611875000E+015   4.33297413158385747303E-018
     10293   1.99507088672244275000E+015   3.61609345579414044213E-018
     10294   1.51803053204501450000E+015   2.73189682946188129857E-018
     10295   9.84529752204259250000E+014   5.48453242174224479429E-018
     10296   2.56424113220652000000E+015   2.78425895755333166749E-018
     10297   7.84521595730547375000E+014   6.35531453698858798909E-018
     10298   1.13226298666732900000E+015   3.94978222177567863188E-018
     10299   5.00382812274447100000E+015   2.54935491609947093590E-018
     10300   4.56665017924521800000E+015   2.88958320678351997764E-018
     10301   1.52375488414324850000E+015   3.66402872577059965275E-018
     10302   2.35288088774942100000E+015   3.04050812983213916376E-018
     10303   2.70646346367513250000E+015   2.96018176725620894871E-018
     10304   2.60754862468784000000E+015   3.57589875053599613572E-018
     10305   1.83997958935516525000E+015   3.01131523921931456945E-018
     10306   1.62642440758777525000E+015   3.89058490532067950986E-018
     10307   2.87355712205919950000E+015   3.41992316719857595683E-018
     10308   4.21378476633908300000E+015   2.77694029465463193816E-018
     10309   3.71118070539834300000E+015   3.67336832325011358797E-018
     10310   1.12200934841483750000E+015   4.07095445056517935426E-018
     10311   1.50471254322928200000E+015   4.70185635168838440049E-018
     10312   2.06064473189574250000E+015   3.32557670403226889187E-018
     10313   1.69173299640806825000E+015   5.13971847445102927068E-018
     10314   2.01978676240589050000E+015   3.97152238604081448315E-018
     10315   2.30539113745282850000E+015   3.68706336238375156586E-018
     10316   1.38077369590040725000E+015   5.16527745366577168627E-018
     10317   1.84681577818745125000E+015   4.08623444109840780684E-018
     10318   1.33973592696665775000E+015   4.97739861108723181262E-018
     10319   2.66506528048964250000E+015   2.37331689905990551342E-018
     10320   1.09449873005668262500E+015   4.13903859314548455751E-018
     10321   1.17786739794084500000E+015   3.41772520596049597693E-018
     10322   1.99684090304261050000E+015   3.64638133934401146591E-018
     10323   1.56148760640490950000E+015   3.78978697742113596584E-018
     10324   3.05747384036018875000E+014   5.92961713270125452654E-018
     10325   2.82555678156096800000E+015   3.75104383167629244264E-018
     10326   1.30325585599270375000E+015   4.12398405502278841156E-018
     10327   1.13565792780304025000E+015   5.86949978225564801688E-018
     10328   1.53711125453133100000E+015   4.51757015035710785043E-018
     10329   1.45725715244209250000E+015   3.24315449671542592905E-018
     10330   1.64499498386684575000E+015   3.41316035924613221320E-018
     10331   1.35578973461098625000E+015   3.22064251956752881769E-018
     10332   4.06404527961076750000E+015   3.44403876188793458935E-018
     10333   1.47767148637696350000E+015   4.46404219434380400358E-018
     10334   1.66204029738745175000E+015   3.47378771538958613875E-018
