         1   9.98037040028518375000E+014   7.46886018651895793024E-018
         2   7.18564099004184750000E+014   8.48335667098010952549E-018
         3   9.68325277065770250000E+014   7.89786820815918338924E-018
         4   9.47614058615567750000E+014   7.47227603172856422421E-018
         5   9.88418958512162500000E+014   7.87474983645921544875E-018
         6   1.15095292608612950000E+015   8.54239989881285645863E-018
         7   1.23108134779378375000E+015   6.82338288140105688753E-018
         8   1.12207706719663475000E+015   6.72259001788447842308E-018
         9   1.15623642098792600000E+015   7.27034035131562601256E-018
        10   1.03913489445511175000E+015   7.37420459530935387131E-018
        11   8.68717304450888250000E+014   7.45863017172491999169E-018
        12   9.79239933332655500000E+014   7.26204686315955332805E-018
        13   8.37796513845943750000E+014   8.19199312836195001357E-018
        14   7.49728063725652000000E+014   8.15931900440941906686E-018
        15   8.34794735320813625000E+014   7.35181070095832346522E-018
        16   8.93677769196075750000E+014   7.11292335666240369441E-018
        17   7.70445868514588500000E+014   8.39893059177719377412E-018
        18   7.47013148146104125000E+014   8.45259487683114260165E-018
        19   7.75265619243615250000E+014   7.77949172432655869729E-018
        20   8.62640376886095625000E+014   7.65093010209674402200E-018
        21   1.00228879929601837500E+015   6.68861367043665526346E-018
        22   9.79207543898427750000E+014   7.55355108268877029362E-018
        23   1.12839022973337675000E+015   7.31666478658272229385E-018
        24   1.31405415066337925000E+015   8.57939739831072910416E-018
        25   1.38326618492775150000E+015   7.71622310775636139371E-018
        26   1.32475198081992600000E+015   7.08413903623186074756E-018
        27   1.12540862269014675000E+015   7.23510913771354937767E-018
        28   1.29961745207081475000E+015   8.16704156652936127768E-018
        29   1.41212352595496450000E+015   7.59008623738229186150E-018
        30   1.22255969971030100000E+015   7.78591199659344114314E-018
        31   9.49175797702621125000E+014   7.15284003366362831475E-018
        32   1.04414834112183000000E+015   6.78949774972687993018E-018
        33   1.05681639869234950000E+015   7.66989306631986743009E-018
        34   8.51399306112244875000E+014   9.95865197385739106781E-018
        35   6.82083839962468625000E+014   9.39822870482730161909E-018
        36   6.85488361115791875000E+014   9.86630642953871161924E-018
        37   6.54554047621507875000E+014   1.01634019351557182953E-017
        38   7.05533547550136500000E+014   8.92292836783589220998E-018
        39   7.71877450491035875000E+014   8.44341932035560707693E-018
        40   8.39391826945012875000E+014   8.32873289897568863829E-018
        41   7.39596449157890625000E+014   7.98469042085236470847E-018
        42   6.99353262243053125000E+014   8.38126322602689001815E-018
        43   6.87210343314423125000E+014   9.13525531081564309629E-018
        44   8.36981807745346875000E+014   7.59007079183524380031E-018
        45   9.45897854479805250000E+014   7.79933385339712346067E-018
        46   9.02861680850898500000E+014   8.28397495665341970305E-018
        47   9.03669631813434875000E+014   8.81102578330652680402E-018
        48   1.07566046656374700000E+015   7.94881363545087407129E-018
        49   1.32595147526301325000E+015   9.00250981778565500951E-018
        50   1.61774743985647900000E+015   7.66098653782075353323E-018
        51   1.77577293046965425000E+015   6.79229191582448204898E-018
        52   1.75729263114222225000E+015   7.42719700911516446986E-018
        53   1.56430047175391525000E+015   7.36207849593856581013E-018
        54   1.38907793805221625000E+015   8.54311780506151032632E-018
        55   1.39499510392323000000E+015   8.92444584356332574572E-018
        56   1.84268961874587225000E+015   9.33193900363002804126E-018
        57   1.78508449266607050000E+015   8.14925749567593770643E-018
        58   1.51124969810627525000E+015   9.18113341006035910882E-018
        59   1.25678249252315825000E+015   8.84748209440792226233E-018
        60   1.52420073179740150000E+015   6.85156432424075050848E-018
        61   1.25109113238905550000E+015   7.66441969204502224400E-018
        62   9.96708311056624375000E+014   7.82859609657950156342E-018
        63   9.78781208905774125000E+014   8.91400133922997239443E-018
        64   9.33833664415615250000E+014   9.65320376917136272111E-018
        65   8.13081381100657000000E+014   9.57048817588824512179E-018
        66   7.81007200664160125000E+014   9.52827433779443733645E-018
        67   8.29593891464829250000E+014   9.94227965855651047370E-018
        68   7.68771077817052125000E+014   1.03984187400725134666E-017
        69   7.42217795091143875000E+014   1.06135714183730164467E-017
        70   7.46455925184785875000E+014   1.02558268303948757888E-017
        71   7.36956640643911875000E+014   9.40181676226608548759E-018
        72   7.94458296910186250000E+014   8.25168758323184793116E-018
        73   7.89701054876062625000E+014   7.78630451720559718815E-018
        74   6.49439907800063250000E+014   6.77799528834094039654E-018
        75   7.41526114370229500000E+014   8.63703801567840045877E-018
        76   7.90427413972754000000E+014   9.13143646635181957264E-018
        77   7.88386875195566250000E+014   8.18515140552090268885E-018
        78   7.92242471806100250000E+014   7.94252123650873742137E-018
        79   8.55721203308885375000E+014   7.92120123979675021998E-018
        80   8.96013519170027125000E+014   7.82494504850070326937E-018
        81   9.03868318050859375000E+014   8.34872116450057433491E-018
        82   1.04428608206682562500E+015   7.52131530395964289693E-018
        83   1.24164609789812425000E+015   8.30983769216341158852E-018
        84   1.34341103550092500000E+015   9.04788526694596724451E-018
        85   1.57256046685135625000E+015   7.32371253942729254301E-018
        86   1.88140044935008150000E+015   5.95101744147672911317E-018
        87   1.86374572258175200000E+015   6.49807544054584363715E-018
        88   1.93762830660227100000E+015   6.07204006450839818526E-018
        89   1.81600700815088650000E+015   7.16544453686716274630E-018
        90   1.63725016557162100000E+015   8.47376942080540996602E-018
        91   1.97974641505806900000E+015   9.02424844448152594537E-018
        92   2.08372226200367375000E+015   9.34111595780933392550E-018
        93   1.85124936543700200000E+015   8.50422560588033643332E-018
        94   1.64102263532762750000E+015   8.32252863191923795595E-018
        95   1.57566866441419650000E+015   8.79938283673352155338E-018
        96   1.62929839800038300000E+015   7.77504550124335184012E-018
        97   1.57441983349897225000E+015   8.05181280227604044545E-018
        98   1.35400456680096425000E+015   8.08883375474672373314E-018
        99   1.16336913531147375000E+015   6.58865437961075868882E-018
       100   1.20863288599171700000E+015   6.76701418028395360551E-018
       101   1.18913019193305475000E+015   7.65770901074879599070E-018
       102   1.08495516333714750000E+015   8.91605267540608262575E-018
       103   1.00895032003519125000E+015   8.46484017736548483031E-018
       104   9.03770380880455125000E+014   8.66031539422542162657E-018
       105   7.47631945209311875000E+014   9.80853110303573297172E-018
       106   7.43231876315250750000E+014   1.02558554091932093404E-017
       107   6.05255426638358000000E+014   1.07204193892101458736E-017
       108   6.94413505984219000000E+014   1.04892456860159619180E-017
       109   7.00088981263735000000E+014   1.09443108569166066311E-017
       110   6.05449884775895750000E+014   1.13381483286597780688E-017
       111   6.55660744709504375000E+014   9.85513235257429168643E-018
       112   7.78695957092020000000E+014   7.01915000866044332140E-018
       113   6.60338544169375875000E+014   7.45456925628738047838E-018
       114   8.03851898338866375000E+014   7.53428656339577866729E-018
       115   7.09540597812256125000E+014   8.45804788467952467517E-018
       116   6.57032398208237750000E+014   7.57459466591186676287E-018
       117   6.64152308952693875000E+014   7.50686533700313808485E-018
       118   7.65509535182799875000E+014   7.29486428165040347849E-018
       119   9.02267932507563625000E+014   7.06382580154341067496E-018
       120   8.97432759413513125000E+014   7.99869353870477289713E-018
       121   9.38296564136425000000E+014   8.22233319112894315921E-018
       122   1.10904710205803550000E+015   7.22650180511969240280E-018
       123   1.12960522827848575000E+015   6.99850897275082957956E-018
       124   1.24795802725840450000E+015   7.44216442997379115699E-018
       125   1.20291865124981950000E+015   8.44738189782740553242E-018
       126   1.32930491203704975000E+015   7.37853755199092783825E-018
       127   1.87844091855743900000E+015   6.10283090319653010501E-018
       128   1.74353470700289275000E+015   6.67493196192525130238E-018
       129   1.57476165441059075000E+015   6.61656849502795673221E-018
       130   1.70186517460207725000E+015   6.30031279573463760697E-018
       131   1.76850157054361750000E+015   7.49669758877147447697E-018
       132   1.92163154826788300000E+015   8.04441085874537468857E-018
       133   2.38357229860502850000E+015   7.79252917748955795542E-018
       134   2.31522117934491350000E+015   7.61403969059292665133E-018
       135   2.27472064454551250000E+015   8.60207462608853109363E-018
       136   2.01575317492641925000E+015   8.59587101610222507993E-018
       137   1.74398544614980600000E+015   8.11420550712397243895E-018
       138   1.88678889867513850000E+015   6.29048141415319222932E-018
       139   1.42103988904442175000E+015   7.25277612642271289490E-018
       140   1.44692296642240775000E+015   6.62874175681762873622E-018
       141   1.31438636412880300000E+015   6.84115554777720164820E-018
       142   1.30013635663868200000E+015   7.49412723654883557164E-018
       143   1.42265161973331150000E+015   7.15681884627640285598E-018
       144   1.38846806328236850000E+015   8.50833282233925395756E-018
       145   1.05450608985228650000E+015   8.68105860814137488043E-018
       146   1.15047495245241425000E+015   8.57341318280657168062E-018
       147   1.02413747046883537500E+015   8.56293095981941407355E-018
       148   8.96952934784562000000E+014   8.72443324793314813506E-018
       149   6.95427626629916625000E+014   9.02532697599348349445E-018
       150   6.65240854931032500000E+014   8.87762484330784635543E-018
       151   7.10944053066084875000E+014   8.29314974314280749273E-018
       152   6.58793874987325500000E+014   9.73533806232582093849E-018
       153   6.86248431211064375000E+014   1.00730943979061650969E-017
       154   5.40389799201240500000E+014   1.10953685988734479874E-017
       155   5.26681942758861375000E+014   9.46169708202423563891E-018
       156   7.53530175145226125000E+014   9.35919515474234771698E-018
       157   6.95849236074585750000E+014   9.18482918063314699463E-018
       158   6.91592773435077500000E+014   8.12974902337968627935E-018
       159   6.90861739012948625000E+014   8.42198789369323694152E-018
       160   6.76202369832207375000E+014   8.32376214945786176179E-018
       161   8.14217583088947000000E+014   7.90460200682607898268E-018
       162   7.12341191570677875000E+014   6.61318466594435270020E-018
       163   7.18027764186705125000E+014   7.65499277580161699747E-018
       164   7.85168911167976125000E+014   8.13508677788539239770E-018
       165   8.24165087747163000000E+014   7.91898289352448676167E-018
       166   8.65409044211061375000E+014   7.96626333359497571952E-018
       167   9.85667545960857875000E+014   7.61823779269228291642E-018
       168   1.21199091602996050000E+015   6.80910699291472780707E-018
       169   1.35829041296159525000E+015   7.35082006346549501113E-018
       170   1.39913947893858075000E+015   7.46666703572014221230E-018
       171   1.27513097568290425000E+015   7.98305802145666456615E-018
       172   1.16083710288430000000E+015   9.07496212514020852380E-018
       173   1.31533874959746950000E+015   7.44428029080664733171E-018
       174   1.44422353020235000000E+015   6.57287802960598044273E-018
       175   1.88883856215923400000E+015   6.42695565900025405408E-018
       176   1.87416738453744325000E+015   7.33219871948072379396E-018
       177   1.90825661281382925000E+015   7.86940483700401570396E-018
       178   1.65260453027814750000E+015   7.71062551729611304903E-018
       179   1.75567303305287350000E+015   6.81863741550831343497E-018
       180   2.47713810948431900000E+015   6.92187261208881121448E-018
       181   2.38628362025408650000E+015   7.65999165436142650319E-018
       182   2.18031693763634975000E+015   7.65709481743062506103E-018
       183   2.57219787233072450000E+015   8.53207311675636931938E-018
       184   2.81611528293846850000E+015   8.34435810125861157862E-018
       185   2.18208091312326525000E+015   8.67084279888816821353E-018
       186   2.15548965485536900000E+015   7.27268600826303190332E-018
       187   1.87760884341303350000E+015   6.70323471408977611934E-018
       188   1.57595541089160775000E+015   7.07160094354267300590E-018
       189   1.46321004014738550000E+015   5.18870682300368124189E-018
       190   1.35524384060834200000E+015   6.11980513913262836991E-018
       191   1.42604869847920350000E+015   6.88939047134344097862E-018
       192   1.16903827484079050000E+015   8.32272654776843344683E-018
       193   1.40087695721508575000E+015   8.29054788819253637785E-018
       194   1.27390567873692500000E+015   8.59276763449988368587E-018
       195   9.19883024724651250000E+014   8.19977248975218418161E-018
       196   9.58899642044709375000E+014   9.00588289374960483223E-018
       197   7.83649737023186750000E+014   8.83783646870259298262E-018
       198   7.56191668438574500000E+014   9.16556947702903165027E-018
       199   7.16779695303176500000E+014   9.86164736456823719739E-018
       200   8.10384222181587125000E+014   8.70796501605974927891E-018
       201   8.41916133174715500000E+014   8.30634037885010381150E-018
       202   7.34158641903775250000E+014   9.09675584874848225446E-018
       203   6.36631779230851000000E+014   9.74322915285544404787E-018
       204   5.76965844460318250000E+014   1.06071507594896922424E-017
       205   5.86515391364090375000E+014   9.98065335364383028419E-018
       206   5.14652860607925625000E+014   8.46286953809430584648E-018
       207   4.93328591350355625000E+014   9.40164272446655200803E-018
       208   6.61815534334358125000E+014   8.81109441933255490049E-018
       209   6.05603895814470875000E+014   9.75510308418463953538E-018
       210   6.33807363858913000000E+014   9.13057132020632518960E-018
       211   6.34590752743953500000E+014   7.43572353638802552738E-018
       212   6.61450588451567750000E+014   7.45585004683868431483E-018
       213   8.38878761637821500000E+014   7.88587416615810001147E-018
       214   8.91243156838744625000E+014   7.71830952737465435941E-018
       215   7.95246248187632750000E+014   8.17400286844358956147E-018
       216   8.04615038148989875000E+014   8.89867902821748651997E-018
       217   7.58927999708981125000E+014   8.22048915980317843324E-018
       218   8.56593886189446500000E+014   7.92049450470204465865E-018
       219   8.87637544368395750000E+014   7.47653322501737582001E-018
       220   9.67301359187337625000E+014   5.71680865697769023499E-018
       221   1.17083338266499000000E+015   6.61780641749642856950E-018
       222   1.15101740368691300000E+015   7.41253714986771935734E-018
       223   1.37871416960048975000E+015   7.80472941682895263202E-018
       224   1.58675548611121325000E+015   8.12048730894113354835E-018
       225   1.46486122003226750000E+015   8.89779022120229473922E-018
       226   1.37093467173031750000E+015   8.17914963162779719463E-018
       227   1.48813141340901675000E+015   6.72399515630786640518E-018
       228   1.65938447130200850000E+015   7.66600404821201716325E-018
       229   2.11578856878763500000E+015   7.35252805350102439336E-018
       230   2.26052468595461050000E+015   7.06359755125352443259E-018
       231   1.83660255898927850000E+015   9.25254744667521357486E-018
       232   1.59581769778973250000E+015   9.09550057319366677053E-018
       233   1.44066833405585775000E+015   6.35862505787519047117E-018
       234   2.28388426317343700000E+015   6.06439975196735168299E-018
       235   2.41780209415495500000E+015   6.64165807048571215661E-018
       236   1.87665710036405350000E+015   7.72237103778916767999E-018
       237   2.75090928747961800000E+015   7.43335254942056891231E-018
       238   3.11425055799094900000E+015   7.70631772966325423529E-018
       239   2.38776160502025250000E+015   6.66628335674936702188E-018
       240   2.06750086500752100000E+015   8.05083136819410893391E-018
       241   2.20633389545420325000E+015   6.68549422641645212677E-018
       242   1.87672691304377550000E+015   7.88092802514508579234E-018
       243   1.94911938928390125000E+015   7.04835339997867931342E-018
       244   2.01522604246545500000E+015   6.06279780964168366993E-018
       245   1.64994772326289725000E+015   5.95697284980419706533E-018
       246   1.61368353254394875000E+015   4.90413901546510516568E-018
       247   1.39462235066169700000E+015   6.16654530829090766068E-018
       248   1.16264694450205125000E+015   7.71359972410136372679E-018
       249   1.37574255668104975000E+015   7.40291630803845765530E-018
       250   1.25185456720134300000E+015   7.84473428321991742462E-018
       251   1.29490259920809550000E+015   7.51951272001515689230E-018
       252   1.03857877929495900000E+015   8.37701628622693749793E-018
       253   8.93868891112582500000E+014   8.73724359374501401608E-018
       254   6.88828402617113875000E+014   8.43302383276623854818E-018
       255   6.96859476137104250000E+014   8.71250633556863533591E-018
       256   7.79831739044174625000E+014   9.35789126964070304399E-018
       257   9.11338924545494250000E+014   8.82913569815218109253E-018
       258   7.79710476940319750000E+014   9.63893311227663560179E-018
       259   5.71269040589711250000E+014   1.01513074077384764838E-017
       260   5.99479734624035000000E+014   9.37341803760081027704E-018
       261   5.26185196237639125000E+014   1.18511496018760023222E-017
       262   6.50395269346123250000E+014   9.99973781338055689792E-018
       263   6.15612074710360500000E+014   1.02410067512073568436E-017
       264   5.74313706330608625000E+014   9.95403696165806281361E-018
       265   7.05469691948559750000E+014   8.30022289145310101888E-018
       266   6.13603588367356000000E+014   8.53539860114261922418E-018
       267   6.23127226113014375000E+014   7.62654672269818054044E-018
       268   6.95855159778735250000E+014   7.71815970286418376226E-018
       269   7.01203732307686125000E+014   6.84569326203932427529E-018
       270   8.01494669744588375000E+014   7.79334981494158422022E-018
       271   8.25131436550617250000E+014   8.76723499523646390457E-018
       272   9.45272774893062000000E+014   7.56609970589862310932E-018
       273   8.93044282582668125000E+014   6.78180699699720563370E-018
       274   7.55621372333827000000E+014   6.64840643522431755244E-018
       275   7.31875733849778250000E+014   5.83223267538316408587E-018
       276   8.69690779859322125000E+014   7.33815936913802658908E-018
       277   9.07540667471850250000E+014   6.41972188511572952294E-018
       278   1.08077475149114537500E+015   5.46929666786305711517E-018
       279   1.33871418767745075000E+015   5.69927903372079811660E-018
       280   1.32493338152622000000E+015   5.86184506649659577385E-018
       281   1.44739813537491050000E+015   6.94772592808610408966E-018
       282   1.71992308544964650000E+015   7.85226537465563829114E-018
       283   1.75330700816476700000E+015   7.58211993718041626941E-018
       284   1.55894398402869575000E+015   7.74232952531332565436E-018
       285   1.57496036686334400000E+015   7.86019336056225147079E-018
       286   1.71112345237919725000E+015   8.36991056470983242493E-018
       287   1.95183256467408150000E+015   8.37381256683784424776E-018
       288   2.36724120189822100000E+015   6.60765978233706393920E-018
       289   1.66716607114687650000E+015   7.54596158304076751645E-018
       290   1.44612414391395600000E+015   8.99049793507121878625E-018
       291   1.58344352712083975000E+015   6.14132158183326033982E-018
       292   2.13572411907180275000E+015   5.39850768998931858348E-018
       293   2.51697301934911800000E+015   6.96706449156968394201E-018
       294   2.11792336068382200000E+015   6.19052681884025499648E-018
       295   2.44611456882969100000E+015   6.89791254556165012541E-018
       296   3.36565408772362300000E+015   6.55636699197319079592E-018
       297   2.77129802118116600000E+015   6.15268206347981339608E-018
       298   2.12008884191918075000E+015   6.45894578545789481568E-018
       299   1.76307991676123825000E+015   7.26772794287956220309E-018
       300   2.06089544113627800000E+015   6.58215178989759359548E-018
       301   2.03804125007344375000E+015   6.98333422036725156743E-018
       302   2.24808604544450150000E+015   7.46028827031706046500E-018
       303   2.33889376647471050000E+015   6.44805049935245140076E-018
       304   2.00407633861415975000E+015   6.03929981352542374278E-018
       305   1.92036425472496200000E+015   5.18508161037494191334E-018
       306   1.59637754667889575000E+015   5.83444252949819128738E-018
       307   1.30940694827312150000E+015   6.81498496148553641780E-018
       308   1.30845915327808925000E+015   7.41812068706905665616E-018
       309   1.23881808577720150000E+015   7.50170288404893548492E-018
       310   1.20022713616218075000E+015   6.24758844165548307518E-018
       311   1.32485127055311900000E+015   6.66318420804933741936E-018
       312   1.32686473047885100000E+015   6.51626568563122187273E-018
       313   1.05184967288643975000E+015   7.14765146014613606671E-018
       314   8.76113172404269500000E+014   7.85600794494453265736E-018
       315   8.33892968947115750000E+014   7.87252436378963686440E-018
       316   8.28509001973633625000E+014   8.60751420227034476534E-018
       317   7.75285149611915125000E+014   8.81046760042031605024E-018
       318   8.05815264457676625000E+014   9.04083452573430960612E-018
       319   5.79750579689885750000E+014   8.98431899361736724081E-018
       320   5.96392346585136000000E+014   7.47590578448605933659E-018
       321   6.04048506434357000000E+014   7.46212691660104930722E-018
       322   5.56299873042840000000E+014   1.14018575502100376183E-017
       323   5.89462924534820500000E+014   1.13149129964181181097E-017
       324   5.96721231880227500000E+014   1.13569739400364278171E-017
       325   7.39913700928191625000E+014   9.41596972381620312247E-018
       326   6.64969365055434250000E+014   7.46246031631853473776E-018
       327   6.54618532410187250000E+014   8.04918049180831561113E-018
       328   7.41675207017538250000E+014   7.26506109986717955116E-018
       329   6.39671065885787500000E+014   7.22930006602208232019E-018
       330   6.68862498735150875000E+014   8.34094716095887732662E-018
       331   7.43032558516989500000E+014   7.73908865826047759574E-018
       332   7.33326855544426000000E+014   7.41928104481393723760E-018
       333   7.69459658063651750000E+014   8.63287908890376655531E-018
       334   8.13758765888454750000E+014   6.90077474182151220326E-018
       335   9.85942683323925125000E+014   6.20850513079405290124E-018
       336   8.74160913797322000000E+014   6.49846980467761283099E-018
       337   5.05529251262126312500E+014   3.85625629528569446647E-018
       338   5.57656329084497937500E+014   5.06589340484749538253E-018
       339   6.87140792467567375000E+014   5.59806222302071883135E-018
       340   9.63687676397266625000E+014   6.29976493585407393882E-018
       341   9.23907990824158375000E+014   6.98768793207720085915E-018
       342   1.06287943113747075000E+015   5.63499767131490607825E-018
       343   1.32210671058127975000E+015   5.66551252609907370039E-018
       344   1.37989941508473450000E+015   5.48180260174504308252E-018
       345   1.51520844040684700000E+015   5.42670349137046529033E-018
       346   1.92149010897169525000E+015   6.83861080532360000911E-018
       347   1.71521482778512150000E+015   7.46908623499208995374E-018
       348   1.84540561317915450000E+015   7.65713789424966331513E-018
       349   2.14940084749766825000E+015   8.39340815747710498486E-018
       350   2.07778020419007725000E+015   8.48280489476631106265E-018
       351   2.21070778860669650000E+015   8.48310330755413406593E-018
       352   3.14792761674791000000E+015   7.04252870692679587790E-018
       353   2.45570644577045100000E+015   6.29845997563514377703E-018
       354   1.55660654178288450000E+015   7.75469987064699301486E-018
       355   1.99248210114373950000E+015   7.25699381676935837606E-018
       356   2.49805216741295000000E+015   5.83066202855174288159E-018
       357   2.53821511483616350000E+015   7.01542069817566489856E-018
       358   2.47881271563284950000E+015   6.85158397155308403070E-018
       359   3.09816356644778500000E+015   6.16419814929195339201E-018
       360   2.98315805239898500000E+015   6.43716778801565679230E-018
       361   2.98661826255855300000E+015   6.05213502363463421562E-018
       362   2.52645314819517450000E+015   6.90798228583803445857E-018
       363   2.45903318160689900000E+015   5.92406053469546304453E-018
       364   1.83412482001176950000E+015   4.69803652571326927514E-018
       365   2.12754388766217975000E+015   4.97963293238673656895E-018
       366   1.33357272238078275000E+015   4.24246286625755434535E-018
       367   1.93727743113381550000E+015   5.18914634501599006345E-018
       368   2.13659107966808200000E+015   4.85617034073753992070E-018
       369   1.77885572902580300000E+015   4.54309171545565837746E-018
       370   2.27232883720580900000E+015   5.50460275003195789257E-018
       371   1.75655321270836600000E+015   6.21911625689000172354E-018
       372   1.64206303383186250000E+015   7.46739361307140262561E-018
       373   1.66239005805745975000E+015   6.29704769414169441446E-018
       374   1.53065058449116975000E+015   5.85912259277832364615E-018
       375   1.15222235775778450000E+015   4.78558029585413266046E-018
       376   9.98575261417951000000E+014   3.66242689310198236553E-018
       377   1.17910679113371950000E+015   6.21542561666442967794E-018
       378   9.82503822102306125000E+014   6.93778980693625709686E-018
       379   9.07416380851575750000E+014   4.71135978994090684489E-018
       380   8.67286042500638500000E+014   4.68874277828516537779E-018
       381   5.84668196219375875000E+014   4.68242012126364604532E-018
       382   5.18187449719110812500E+014   5.64482542938843798328E-018
       383   6.90478673721811500000E+014   7.33871007826623904722E-018
       384   8.91274088004483875000E+014   8.47235814882236010690E-018
       385   7.15754664149746625000E+014   7.56886330956455548356E-018
       386   6.42398442035584500000E+014   7.93880191809911292957E-018
       387   4.99175972739170000000E+014   7.67053913119429731706E-018
       388   5.74608607623260375000E+014   7.01726606626452409032E-018
       389   5.50130039301393125000E+014   1.06772365056402865093E-017
       390   5.55602532397798437500E+014   9.82333717825124856771E-018
       391   6.30725333205310375000E+014   8.82187795753592483305E-018
       392   6.46846921081206750000E+014   7.69625808372230102190E-018
       393   4.60758512524089750000E+014   8.03358616705315814624E-018
       394   6.74665907176262000000E+014   8.21859769090214581239E-018
       395   6.56214577562721500000E+014   9.26296129759724773734E-018
       396   7.22705785630240750000E+014   8.17473176986435693382E-018
       397   5.59250801039367250000E+014   6.69656265368716814547E-018
       398   7.05828645400202500000E+014   7.85323738978879001346E-018
       399   7.05786597633531750000E+014   8.29026175794636027032E-018
       400   7.62661108178168125000E+014   8.06273636325910274666E-018
       401   8.18344980717980500000E+014   6.24733677148393114658E-018
       402   7.95580619312423000000E+014   5.64151827077074724566E-018
       403   9.87887683719802750000E+014   5.14249524232450953304E-018
       404   8.84450371514475750000E+014   5.53886758646771898110E-018
       405   8.23704994487847000000E+014   5.39404256233212330869E-018
       406   8.00920025447661750000E+014   6.23256570667471718418E-018
       407   8.49883214785955750000E+014   4.99559886778561298208E-018
       408   1.07844983178615262500E+015   6.75780248189067092137E-018
       409   1.18322321986250675000E+015   6.97860212937151344452E-018
       410   1.10908109403802550000E+015   6.38175409132054244220E-018
       411   1.20397572255444800000E+015   6.99697504542911025323E-018
       412   1.45962194076598950000E+015   6.94934291791136172503E-018
       413   1.92906296587239775000E+015   6.89076742498636683291E-018
       414   2.42604451248294200000E+015   5.87628623160096671233E-018
       415   2.18896487252129500000E+015   7.39323834491588921953E-018
       416   2.04916630657180750000E+015   8.42993503540721281240E-018
       417   2.52697407266502950000E+015   8.67519157363491944313E-018
       418   2.42150324769345900000E+015   8.91544594272807296203E-018
       419   1.84824232413590850000E+015   8.42846815816944154444E-018
       420   3.02563513129600900000E+015   7.94926915534688930320E-018
       421   3.12436528906745500000E+015   6.31708953745451932006E-018
       422   2.04026815863761750000E+015   6.65205926213037546629E-018
       423   2.17318738571128575000E+015   7.89468257884648891128E-018
       424   2.95668197928186150000E+015   6.64203122813330219449E-018
       425   3.28713103759267350000E+015   6.30050745031344171690E-018
       426   2.16720720094858075000E+015   5.67919353834965696946E-018
       427   2.55643910096991300000E+015   4.49551381006994400356E-018
       428   3.39850685868051400000E+015   7.02481606214504430490E-018
       429   3.16910039429876850000E+015   6.51727948459498477866E-018
       430   2.84766647763583550000E+015   5.69438961969018896642E-018
       431   3.05832656539206200000E+015   6.34370780913062305429E-018
       432   2.50962131224337000000E+015   4.64242153685299414343E-018
       433   2.82537348900618550000E+015   5.58138259760001079303E-018
       434   2.35158567642635900000E+015   6.80633311507927288103E-018
       435   2.50098221564345050000E+015   6.81690380646623874202E-018
       436   2.57291109557342800000E+015   5.85438448806081291813E-018
       437   2.47210352853946550000E+015   5.11431254334617636588E-018
       438   2.68647732861220650000E+015   5.41268341531138075099E-018
       439   2.47810326135447350000E+015   5.79064205150786635627E-018
       440   1.87958986484901875000E+015   5.29267217119668482061E-018
       441   1.85781617395687200000E+015   5.99633467449910325335E-018
       442   2.08181944292845200000E+015   6.87651341507715902588E-018
       443   2.01117146668848025000E+015   6.79390387150331236010E-018
       444   1.55239524742463750000E+015   5.75424375040550030527E-018
       445   1.55073652618088950000E+015   4.82451214537381167787E-018
       446   1.44659242063824400000E+015   4.73969734919764460562E-018
       447   1.49030827180594425000E+015   4.38159411212314979927E-018
       448   1.35639165144277850000E+015   5.52003881707495059599E-018
       449   1.13421002800030850000E+015   5.42888523633107153587E-018
       450   1.25864436981806800000E+015   4.42828390728249525278E-018
       451   1.11271291170570112500E+015   5.47057252497306783798E-018
       452   1.00391863011800187500E+015   6.59866078466871392835E-018
       453   9.27457809824251250000E+014   7.78980048092901846215E-018
       454   9.08833258322632750000E+014   9.07425566670254302342E-018
       455   6.50478604939539875000E+014   8.51256772348351805114E-018
       456   6.82214044130828750000E+014   6.47404428156118385208E-018
       457   7.83177974157510875000E+014   6.49962912078979879679E-018
       458   4.29532062103325500000E+014   7.24581239873774014829E-018
       459   4.76856419460227562500E+014   8.19811808228276225951E-018
       460   5.61069005831578875000E+014   8.03651055415081202175E-018
       461   5.17946609212337125000E+014   1.05764861979501024455E-017
       462   4.88574713908416562500E+014   8.24286939070039236795E-018
       463   3.71674726703129687500E+014   5.35835073812546909310E-018
       464   6.69327011843745000000E+014   7.01834394275342023460E-018
       465   7.36291028591619625000E+014   7.01929002827551077593E-018
       466   6.89708237449091875000E+014   8.29913581276668385635E-018
       467   8.53346865669674750000E+014   6.87875737255896367457E-018
       468   8.12055273464119750000E+014   7.18818609558052342720E-018
       469   7.11299634707534750000E+014   8.13600686401742994164E-018
       470   7.07921900924246000000E+014   7.54036572062858815908E-018
       471   8.42282595226704250000E+014   5.28413903547624326737E-018
       472   8.32456390198902250000E+014   5.78602226941847080174E-018
       473   6.84686322897425250000E+014   5.56438362519652490592E-018
       474   9.21479886908973500000E+014   5.80458157883741118709E-018
       475   8.20601475137348125000E+014   6.74052736045685617014E-018
       476   1.02204687847758537500E+015   6.36270152419880986565E-018
       477   1.05283101844346912500E+015   5.41361312923850744289E-018
       478   1.11683780797783887500E+015   5.50662417164672237102E-018
       479   1.46051106546773150000E+015   5.59884910141985815030E-018
       480   1.43847396937783300000E+015   5.83177322814620676572E-018
       481   1.27443488530854675000E+015   6.03377222713216523659E-018
       482   1.40550185120029125000E+015   6.08929470827469028192E-018
       483   1.54725711945179525000E+015   6.43533155832245654778E-018
       484   1.56127894065790350000E+015   6.30046183354619184967E-018
       485   1.91028940748559325000E+015   6.91051261784730624211E-018
       486   2.31174650213350600000E+015   6.43133253239024602653E-018
       487   2.25377344411585250000E+015   6.96446508540063824956E-018
       488   2.25406682640965750000E+015   8.25553809385456484218E-018
       489   2.66540904639331350000E+015   9.34539201878640856187E-018
       490   2.43067281884736900000E+015   1.00566749288723268905E-017
       491   1.96033237946522500000E+015   7.93539370435544465621E-018
       492   2.87022423049138500000E+015   7.86211322056967734163E-018
       493   3.60764245535431400000E+015   5.80933991698464797385E-018
       494   2.43625776440540650000E+015   6.09708372039408213144E-018
       495   2.28343006902291250000E+015   6.31495224205407114419E-018
       496   2.74968943739365000000E+015   6.14948886774761664680E-018
       497   3.28407585908254050000E+015   4.68068103684104466532E-018
       498   2.83750382348574400000E+015   5.60070494211470222870E-018
       499   3.26057417730849600000E+015   6.94814915925106411982E-018
       500   4.04826879298995550000E+015   7.48999298753858437667E-018
       501   2.67696611712176450000E+015   8.65719563335679613981E-018
       502   3.00300792316861500000E+015   6.25487135415838236476E-018
       503   3.47792471221630300000E+015   5.54808783809111889162E-018
       504   3.53786883325422000000E+015   6.06863336150893921228E-018
       505   2.91081390682237400000E+015   7.28728025329316045506E-018
       506   2.89833358805948550000E+015   6.35099237830451215074E-018
       507   2.53511221279801150000E+015   6.36192114567376856263E-018
       508   3.01734522884078450000E+015   6.04034252133463628204E-018
       509   3.14894701796424350000E+015   4.89302540116863149282E-018
       510   2.94046550296937200000E+015   5.42622841821667953701E-018
       511   2.88940418854286850000E+015   5.30917283559027350259E-018
       512   2.71284213532093600000E+015   6.02597741978076107662E-018
       513   2.33968157108735950000E+015   5.98333952714393216806E-018
       514   2.35331885857607250000E+015   5.53558102751312496827E-018
       515   2.56511682695096300000E+015   5.46036274395566601534E-018
       516   1.98319474908882450000E+015   6.24408114173156639855E-018
       517   1.74823876515836575000E+015   6.29458935860951417519E-018
       518   1.67216709178482400000E+015   5.37063936178934430379E-018
       519   1.42863595843420600000E+015   5.49943331569504555502E-018
       520   1.29545854741042625000E+015   5.23875468138458990576E-018
       521   1.21161424246882800000E+015   4.75841376256313595616E-018
       522   1.27444313270132100000E+015   4.87083065470384112463E-018
       523   1.36614910323733600000E+015   5.29262171935084988878E-018
       524   1.37890856011105150000E+015   4.69812290064768520801E-018
       525   1.24649372562763075000E+015   4.77136413088822176835E-018
       526   9.80968045200613750000E+014   5.84057653894341691748E-018
       527   9.23138495393365250000E+014   6.32703783345082103545E-018
       528   9.55764888496891750000E+014   6.68875056965637756974E-018
       529   8.12843112757192500000E+014   7.36798040682843417501E-018
       530   6.21514402894975500000E+014   7.40336049215386950143E-018
       531   6.49642275604716125000E+014   7.34335185500957128479E-018
       532   5.58358962439204000000E+014   6.71648435998165238142E-018
       533   5.20320523113930625000E+014   8.40023654500379905080E-018
       534   5.44363091699375750000E+014   8.44433970278439688978E-018
       535   6.08274216982013125000E+014   8.52420088156532398660E-018
       536   6.56063117617799125000E+014   8.55574430616221896349E-018
       537   4.69788208523680875000E+014   5.64039580333743169207E-018
       538   2.91355135428765375000E+014   6.87924461257009159968E-018
       539   3.82976363167228250000E+014   8.46197351704052795727E-018
       540   5.67565545383459250000E+014   8.76163952838429352935E-018
       541   7.14068121087862500000E+014   7.37874337590303242610E-018
       542   5.54988930506865062500E+014   7.78294153064921771431E-018
       543   6.10796363760954625000E+014   9.81437730259944391295E-018
       544   8.26841887525501250000E+014   7.62920540960719048379E-018
       545   9.54554600808308625000E+014   6.58774768016662011332E-018
       546   9.38378804087524875000E+014   7.09466124894800827064E-018
       547   8.76522973911308000000E+014   5.26698812374138513332E-018
       548   7.40324238504381375000E+014   5.55553489551533851199E-018
       549   6.00847753845566500000E+014   7.20336542812707438436E-018
       550   7.66434094616110375000E+014   5.90788978386350138020E-018
       551   7.75463609330867750000E+014   5.68454348850474394173E-018
       552   8.97534917129324750000E+014   5.76637768925645235041E-018
       553   8.96614732933757250000E+014   6.20620075975382537835E-018
       554   1.08084407966587187500E+015   5.49599237108583197917E-018
       555   1.12214859761653087500E+015   5.38868387698195798750E-018
       556   1.31456350870230000000E+015   6.08149912817565143988E-018
       557   1.37737156754581825000E+015   5.60752229979097511502E-018
       558   1.23520000975800225000E+015   5.98185794176766406733E-018
       559   1.48669108023987650000E+015   5.79167254618292579659E-018
       560   1.78686328993336650000E+015   5.48509053119236235297E-018
       561   1.69292209806939025000E+015   5.14920585784076801763E-018
       562   1.76346447473037950000E+015   5.87989353193789415773E-018
       563   2.03181122942835750000E+015   6.51328328534003942087E-018
       564   2.16165289543121750000E+015   5.88380171672348404874E-018
       565   2.28911168359124900000E+015   5.80386650734869979184E-018
       566   2.56496740363713450000E+015   6.74300748896196206190E-018
       567   2.81142622051945200000E+015   6.48938703554099150491E-018
       568   3.75744326501387450000E+015   9.34224384824503843449E-018
       569   3.06372453341221900000E+015   9.04284188339824354479E-018
       570   3.11487338631214600000E+015   7.16047958745213517280E-018
       571   3.92454178640832100000E+015   6.04367939902543401139E-018
       572   3.10974661667036950000E+015   6.52978252023351086678E-018
       573   2.41219052230725200000E+015   6.92798743464635182264E-018
       574   2.61910155312963250000E+015   6.56149541756145002105E-018
       575   3.47057004004283100000E+015   4.61280529794169951937E-018
       576   3.18517468778239900000E+015   5.06745369907675986646E-018
       577   3.04402766011294800000E+015   6.68425678778688250295E-018
       578   3.80388951914606250000E+015   6.89363110155563213100E-018
       579   3.69747208633701050000E+015   7.33665822038952004825E-018
       580   2.69869443867828550000E+015   8.87512942990515115384E-018
       581   3.37052962551688750000E+015   6.83431398597078596739E-018
       582   3.64927367142534950000E+015   5.64769606311426658955E-018
       583   3.47506611996639250000E+015   6.35982235713633522971E-018
       584   3.15584227072822500000E+015   7.87379583234997779232E-018
       585   3.18956757902539450000E+015   6.77361170287566584206E-018
       586   3.40535740020366600000E+015   4.89426937692497579378E-018
       587   3.21919744197680950000E+015   5.20411665235187803513E-018
       588   3.89962062543628250000E+015   4.77199891818725807053E-018
       589   3.72650378842980250000E+015   4.45825120779458100836E-018
       590   3.90740238684099500000E+015   5.00409037594780953321E-018
       591   2.96568154407056150000E+015   6.07551450376062126644E-018
       592   2.54269346810321950000E+015   6.27396846510435407858E-018
       593   2.64622886486510700000E+015   5.51896353463178237657E-018
       594   2.61794620361309300000E+015   4.92295218341147341972E-018
       595   2.25927035797286450000E+015   5.10750813481445354151E-018
       596   2.00271238961029925000E+015   4.85021159346759538370E-018
       597   1.98702960201580025000E+015   4.55984414255229344800E-018
       598   1.61111521750324825000E+015   5.32469021331806921902E-018
       599   1.39879057724401200000E+015   6.24075883662382728718E-018
       600   1.22566216449183600000E+015   6.47952592836678879151E-018
       601   1.09123965412764300000E+015   6.51799993312797092639E-018
       602   9.13749452821469375000E+014   5.89721808363002438282E-018
       603   1.16878655154173675000E+015   5.68860759326347043219E-018
       604   1.39339744383534425000E+015   5.12268202890272960560E-018
       605   1.29507912942184475000E+015   4.72520961316892859139E-018
       606   9.98077486617443000000E+014   5.18700362256180367902E-018
       607   8.80693343734471000000E+014   6.12618387044341439089E-018
       608   7.25391218277535000000E+014   7.86502458917667521980E-018
       609   9.20474019753412750000E+014   7.96698684139703541601E-018
       610   8.09464774711315000000E+014   6.91120855947235879630E-018
       611   6.53557689610811250000E+014   8.58367821134369581497E-018
       612   5.95957168315953000000E+014   8.87165813919280655203E-018
       613   5.97054149473804000000E+014   8.96558502491083521611E-018
       614   5.98711880252238000000E+014   8.35800262319337005785E-018
       615   4.93773160566844937500E+014   8.05893084883367836239E-018
       616   6.24105494136536750000E+014   8.55799108143745465428E-018
       617   7.19064729415373000000E+014   8.42929106722427199256E-018
       618   6.03514335604128750000E+014   6.76375255151155732762E-018
       619   3.50185312388426187500E+014   7.28030981343504708519E-018
       620   3.99663550030872750000E+014   9.35466905320995584236E-018
       621   5.56800826389042812500E+014   7.66427990593293989076E-018
       622   5.26445801072455937500E+014   6.33534939545964690814E-018
       623   3.50687509200358937500E+014   9.97670663350114132682E-018
       624   4.88865515220132375000E+014   1.09659083982517582812E-017
       625   7.21031633468373750000E+014   8.31735616615312562432E-018
       626   1.07410742477143362500E+015   7.26064602550869134158E-018
       627   1.07150250918882187500E+015   6.13725680292157238179E-018
       628   6.90333996787323625000E+014   5.95835975269362547366E-018
       629   6.38230299797561000000E+014   7.38496300011062074600E-018
       630   8.04400305486607375000E+014   7.10690072029159029674E-018
       631   8.49690110652692000000E+014   5.01225469084983809878E-018
       632   7.51860902488092500000E+014   5.25828948606790800405E-018
       633   9.68914247626144875000E+014   4.68301064561555477266E-018
       634   1.00105733617587050000E+015   5.84203312083816592911E-018
       635   9.45910410322246750000E+014   5.99859124997596423391E-018
       636   7.64019905686790000000E+014   5.50014072448918535615E-018
       637   9.02991949682116875000E+014   5.74848935716947273770E-018
       638   1.02245915403439250000E+015   6.53018723181623207741E-018
       639   1.07949808010937387500E+015   5.71803816853307719843E-018
       640   1.55331608650057475000E+015   5.35076698244719928222E-018
       641   1.80257746640489850000E+015   5.03614864785920615823E-018
       642   1.87195332785804175000E+015   4.87821516208486624888E-018
       643   1.85771407972288650000E+015   4.85936845466555323313E-018
       644   2.05490319501796825000E+015   5.11195689524120275493E-018
       645   2.46552440184815600000E+015   5.58813846965537677167E-018
       646   2.72813549314434650000E+015   5.73710920907242077550E-018
       647   2.83294393856791300000E+015   5.41556847920797219432E-018
       648   2.77044487348717250000E+015   6.29164898054363830370E-018
       649   3.38871296704829300000E+015   6.21562001676787538687E-018
       650   3.92579105059187650000E+015   6.86200195636880894353E-018
       651   4.14996561499129800000E+015   6.72435304922797197380E-018
       652   3.76406172290709400000E+015   6.65063742556208433133E-018
       653   3.87561358347279450000E+015   5.91495816578671221871E-018
       654   3.54058305045708000000E+015   5.70418218910755848912E-018
       655   2.78925818295165250000E+015   7.07478900467078482558E-018
       656   2.98406740734359400000E+015   7.11567550165218310522E-018
       657   3.68037672616170450000E+015   6.16379857930424482349E-018
       658   3.62187238784874800000E+015   5.82867497932626015955E-018
       659   2.84266547368841550000E+015   7.02711983135816426103E-018
       660   3.17161413118283400000E+015   6.33158872798986475356E-018
       661   4.09280183660763300000E+015   4.99325386516738135943E-018
       662   4.00534621770701550000E+015   6.50166595370804151670E-018
       663   3.09329033446926450000E+015   7.47844250622315137462E-018
       664   3.19975000029438600000E+015   6.71203993182038660715E-018
       665   3.87748057216996600000E+015   6.47540263267820496526E-018
       666   4.04915582708389400000E+015   6.71934095142502324424E-018
       667   4.06830888602375300000E+015   6.48030103066907041770E-018
       668   3.82557038320175400000E+015   5.87982872792978916871E-018
       669   3.64475295942433650000E+015   5.98708591965142472133E-018
       670   3.48098169841202900000E+015   6.09624940437983513078E-018
       671   4.11405557865387000000E+015   5.54947931107458670278E-018
       672   4.00399156084765200000E+015   4.30299689486728233117E-018
       673   3.80960671744577800000E+015   4.37065528475543660815E-018
       674   3.48716104977977600000E+015   5.70675749378293047185E-018
       675   2.67139868156197900000E+015   6.47407815079446756387E-018
       676   2.86596982898185300000E+015   4.92287227151405908646E-018
       677   2.71655134086366650000E+015   4.31587393881381259351E-018
       678   2.39075628437099850000E+015   4.86341972173951629706E-018
       679   2.04124358876239325000E+015   5.17445977540860009692E-018
       680   1.74528557929535950000E+015   4.48712167942357646941E-018
       681   1.44119044006547075000E+015   6.19984810024825239745E-018
       682   1.31693974050309575000E+015   6.02669977318588560031E-018
       683   1.30230478034933950000E+015   6.26276632674853806239E-018
       684   1.25574420983776950000E+015   6.79043557929471979401E-018
       685   1.15457890285076650000E+015   6.39748508678120734338E-018
       686   1.21995581518885825000E+015   5.64346083610318823268E-018
       687   1.06487445714314150000E+015   5.61046382596341007146E-018
       688   1.25993722965036925000E+015   5.11638232923498176695E-018
       689   1.26962991731909000000E+015   4.89700124142791845726E-018
       690   1.12915909246656900000E+015   5.49572383663554605132E-018
       691   1.07739143504030337500E+015   4.90774404335292704712E-018
       692   9.28242447338865125000E+014   5.51910352753112617752E-018
       693   8.05757510399510000000E+014   7.55757113814604514485E-018
       694   8.90258434135571250000E+014   7.81271462862922626116E-018
       695   6.90053655493487625000E+014   8.03773859482616109862E-018
       696   6.86996869042488625000E+014   8.44976672595729296422E-018
       697   7.33491100879812875000E+014   9.29530896793086323729E-018
       698   6.55178812806783625000E+014   9.10798292212728317258E-018
       699   5.91788071582847750000E+014   8.04172954288568468812E-018
       700   5.52247033727800062500E+014   8.37768088987033352651E-018
       701   6.09766672218159750000E+014   8.27713765888643767041E-018
       702   8.19536055199684375000E+014   8.40171742947716056639E-018
       703   8.35900776683602125000E+014   7.82457760611846120965E-018
       704   4.05100803710165125000E+014   7.95020315575812628159E-018
       705   4.03427805612509812500E+014   8.52840378787166294701E-018
       706   5.33675694231336875000E+014   5.78071313400303948941E-018
       707   3.61502737685799562500E+014   6.73659150099999323712E-018
       708   3.53793244322469562500E+014   9.45976325103944841784E-018
       709   5.05297480442893000000E+014   8.60621891769620471604E-018
       710   7.63131779525506500000E+014   7.62976846802439064704E-018
       711   1.07848765455041587500E+015   6.37550193703382539118E-018
       712   8.34703452764966875000E+014   6.79766898361298409760E-018
       713   6.32107652959418875000E+014   6.87762999750681925639E-018
       714   7.51738624406085750000E+014   6.15085034362826473379E-018
       715   8.22649083052872250000E+014   5.08781099571200867398E-018
       716   6.35403389851160500000E+014   5.65311410665754319021E-018
       717   5.87669496189573125000E+014   6.26636506901989671073E-018
       718   8.04322873107169750000E+014   5.00365617468894310937E-018
       719   1.01289323821278475000E+015   5.00148588077784268460E-018
       720   1.03434675360961200000E+015   6.23880066948866987009E-018
       721   8.72466854767038750000E+014   6.37019353023873822989E-018
       722   9.72241178279080250000E+014   5.31734267535941070549E-018
       723   1.26270407381178350000E+015   4.51984140950658101560E-018
       724   1.41951323188996850000E+015   4.63671927582860371685E-018
       725   1.69407057234844025000E+015   4.56717598320491946337E-018
       726   1.79504046612241400000E+015   4.86368977209250471813E-018
       727   1.95636212558718050000E+015   4.58812641457623593183E-018
       728   2.29949794707703550000E+015   3.59442509624565116686E-018
       729   2.30607708776087600000E+015   3.60939902132877273963E-018
       730   2.31468835556570650000E+015   3.79986530262900524080E-018
       731   2.61996123030816000000E+015   4.79354572473891771228E-018
       732   2.94222460400865000000E+015   4.68708012469406464205E-018
       733   2.97078844235643700000E+015   5.52172287548629024267E-018
       734   3.00628849691481500000E+015   5.99075748459867996658E-018
       735   3.20272934949864700000E+015   5.58736479600573156143E-018
       736   3.86906088399853100000E+015   6.29464663333291200444E-018
       737   3.99318146472375500000E+015   6.48454072089198341905E-018
       738   3.85729154078437250000E+015   5.36037810567587345171E-018
       739   3.93924069878084200000E+015   5.21399866365852409811E-018
       740   3.84739808335090250000E+015   5.25348067117907251810E-018
       741   3.34781214861213750000E+015   5.64313264331539742462E-018
       742   3.49546248623150100000E+015   5.83299135310668769690E-018
       743   4.28647945863837850000E+015   5.84309674352077317714E-018
       744   4.33071269052696900000E+015   6.54250770794487076646E-018
       745   3.40098988569468050000E+015   7.65001278503811497674E-018
       746   3.13451063650488100000E+015   7.44587732219442278457E-018
       747   4.62330350783019000000E+015   5.85369773239854167129E-018
       748   4.71514947465604100000E+015   5.61686666486066088517E-018
       749   4.11272100523427950000E+015   5.42260257500116961232E-018
       750   3.14289530927599100000E+015   6.38646005637090727245E-018
       751   3.90805666519283450000E+015   6.34529675240987001086E-018
       752   4.30891102317743600000E+015   6.13582434415095756009E-018
       753   4.44474773818702800000E+015   5.87922519872123843220E-018
       754   4.96848329513112000000E+015   5.94529921920463387298E-018
       755   4.74480787774091400000E+015   5.96418268263558098737E-018
       756   4.19383868404017750000E+015   6.71867460516065262193E-018
       757   3.51095956023602500000E+015   7.61547219178324627824E-018
       758   4.04485694610769750000E+015   6.84424787900379465126E-018
       759   4.70650920519833300000E+015   5.70938268092813664014E-018
       760   3.56302352466859350000E+015   5.31584323363577687216E-018
       761   3.21947235107202700000E+015   5.62056712435214878346E-018
       762   2.96728898604430550000E+015   6.54507959158722943023E-018
       763   2.96473724831894200000E+015   5.99559474444087770630E-018
       764   2.86776655761137600000E+015   4.66851456581760438051E-018
       765   2.74230035490824700000E+015   5.23593478042155374358E-018
       766   2.39771881576569100000E+015   5.93251519259577337678E-018
       767   1.84516791243445275000E+015   4.52680738828777311401E-018
       768   1.60675109341037475000E+015   5.25796791843084590586E-018
       769   1.66001056135027350000E+015   6.22408613451984620193E-018
       770   1.55608900724437800000E+015   5.38069540429680791511E-018
       771   1.41863220208274025000E+015   5.55516682142921946602E-018
       772   1.45374335849627375000E+015   5.62326644402372144631E-018
       773   1.38053930074469325000E+015   5.76835324122562510764E-018
       774   1.44056066305928625000E+015   4.83218250866562670024E-018
       775   1.51307550795092950000E+015   4.96572505410484160060E-018
       776   1.46241593623516675000E+015   5.20138931377969939797E-018
       777   1.37814781689647275000E+015   6.10638823904738900798E-018
       778   1.12434833383443575000E+015   6.22078969407443032610E-018
       779   1.00753923655087225000E+015   5.82713290512356763389E-018
       780   1.00470361592450550000E+015   4.15182979620265747064E-018
       781   8.93276610392825750000E+014   5.61381507427953007012E-018
       782   8.70664749823301125000E+014   7.97144911380868369728E-018
       783   7.39586721434634250000E+014   7.34016049887039632112E-018
       784   6.53381147948611500000E+014   7.35671996575697924145E-018
       785   7.19670368224543500000E+014   6.62335103364549209173E-018
       786   7.80313699415885750000E+014   8.00691053868535708147E-018
       787   6.69354944554920000000E+014   8.29844600487764211010E-018
       788   5.63415962519841000000E+014   8.53368074000671087346E-018
       789   6.46002496645593375000E+014   7.67588293449524139925E-018
       790   7.33805581139403250000E+014   7.58620686336463372020E-018
       791   9.91626917392488250000E+014   7.18920677916483749460E-018
       792   6.99775617381198125000E+014   7.28565549896238812993E-018
       793   4.12849205055972750000E+014   8.61663877488951528629E-018
       794   5.33827167025530062500E+014   8.07797420658537937003E-018
       795   6.33371793647323875000E+014   6.13973144295879047225E-018
       796   5.24982158725666500000E+014   5.88714630668197891046E-018
       797   4.53488737400599875000E+014   7.37132244950593252371E-018
       798   6.87490087255433000000E+014   8.02223142144189341212E-018
       799   6.65494929364471375000E+014   7.02959865828580797606E-018
       800   6.75494195945041250000E+014   5.84817259132267273801E-018
       801   8.85544863498030375000E+014   5.94552522059959863063E-018
       802   7.44970032378680625000E+014   7.21884787806271162716E-018
       803   6.19573803122935500000E+014   6.20222076503591716955E-018
       804   5.78095766712936750000E+014   5.50546424609942238655E-018
       805   6.35478060321027000000E+014   5.46737201468304383900E-018
       806   6.31713121351763375000E+014   6.73962394024031645820E-018
       807   6.77847305421602125000E+014   5.55072585919465671123E-018
       808   7.99067514147036375000E+014   5.03116499952338009303E-018
       809   8.55704548941255625000E+014   5.93210795018183160529E-018
       810   9.11158401307963250000E+014   6.97899469743262064013E-018
       811   9.38696368553181250000E+014   5.40432089842579872579E-018
       812   1.16791345625477875000E+015   5.12070077580865769283E-018
       813   1.11864494396920762500E+015   5.96435427531556335125E-018
       814   1.25648638960765075000E+015   5.61963221469747433871E-018
       815   1.48721131011292550000E+015   4.98983571728274130904E-018
       816   1.62280026429922175000E+015   4.66835670053354446644E-018
       817   1.81554172833954575000E+015   4.67413221987857169422E-018
       818   2.15896100211314625000E+015   4.67204035105631622934E-018
       819   2.42047117003391750000E+015   4.86678893108364468198E-018
       820   2.66761284699326200000E+015   3.56177460299129386483E-018
       821   2.65043053480032500000E+015   3.76540782555570128040E-018
       822   2.54595746642638350000E+015   4.45489938208558042506E-018
       823   3.04128664343396950000E+015   4.74429230028164260249E-018
       824   3.09140875627726000000E+015   5.58613462371270931415E-018
       825   3.22293998054764950000E+015   5.09871829124460367820E-018
       826   3.22353270352754100000E+015   4.92382083532522873701E-018
       827   3.92376088908519950000E+015   5.63698310252513718953E-018
       828   3.94724609394652200000E+015   6.08881005270733235086E-018
       829   3.99131305630561450000E+015   5.55442731164335573763E-018
       830   4.41587046775000950000E+015   4.95768349171902333769E-018
       831   4.84680341350396700000E+015   4.96075198209050411379E-018
       832   4.20024786879788650000E+015   5.38995174456433994795E-018
       833   3.92790424514163500000E+015   4.76022922711111635967E-018
       834   4.35815524503164500000E+015   5.00141069497108853068E-018
       835   4.72548257786269600000E+015   5.54936550221074397757E-018
       836   4.22274534316194300000E+015   5.47384624211562747197E-018
       837   3.60928208885167950000E+015   6.21064042766275785775E-018
       838   3.89118469846859550000E+015   6.03686016999083460176E-018
       839   4.89474665443501300000E+015   6.52027851319716491168E-018
       840   4.80704110248530600000E+015   6.09632087259520460279E-018
       841   3.92173250540097600000E+015   5.79963157855701338956E-018
       842   3.79502612346103900000E+015   6.17730330088961325810E-018
       843   4.55768370220706500000E+015   5.16021210750313690863E-018
       844   4.31652835929143600000E+015   5.42612778950860458338E-018
       845   4.44104215659967300000E+015   6.15456466170431212609E-018
       846   4.82380982120790200000E+015   5.94621268116622795241E-018
       847   4.89765068501512400000E+015   5.59704350513696813276E-018
       848   4.09923290915659150000E+015   6.02838312519417628207E-018
       849   4.15316969912957150000E+015   6.33571064039943128058E-018
       850   5.18062874388491900000E+015   5.41585638827652838554E-018
       851   5.67264636144933600000E+015   5.37628061206938422509E-018
       852   4.64728217050956400000E+015   5.66510570685930857257E-018
       853   3.76547628138350600000E+015   5.61650851871830939685E-018
       854   3.37514571518728800000E+015   5.24936476375407168449E-018
       855   3.13176265537606100000E+015   5.88440034080734220617E-018
       856   3.05354236003169450000E+015   5.21125985547690929998E-018
       857   2.71561910396811200000E+015   5.44872445445606754665E-018
       858   2.75019552840320050000E+015   5.73417659092336972315E-018
       859   2.28923722713890650000E+015   5.03563147103661097379E-018
       860   1.91922440146368575000E+015   4.33971394244886702579E-018
       861   1.89220810328122400000E+015   4.81863705991474876657E-018
       862   1.70357101102662300000E+015   5.34916225432538707842E-018
       863   1.79254148564245550000E+015   3.91509943816954709488E-018
       864   1.79077577571179400000E+015   4.36097487820733730240E-018
       865   1.56074057549289600000E+015   4.47581153282734288767E-018
       866   1.45780905558560850000E+015   3.81777931731915281441E-018
       867   1.54851644611276650000E+015   4.94655472153224523298E-018
       868   1.53379643819858150000E+015   4.48102701081869363148E-018
       869   1.59047882809105725000E+015   5.55814089191706239839E-018
       870   1.65820675575189025000E+015   6.04125143953436643418E-018
       871   1.43689681713333800000E+015   5.20436122968916270417E-018
       872   1.18143069956284900000E+015   4.91500867491205171886E-018
       873   1.11126841765009437500E+015   5.03472861080600257867E-018
       874   8.81732658257432375000E+014   5.34343175200885963440E-018
       875   9.59082236253818750000E+014   6.34192000140849303600E-018
       876   8.02329458306548625000E+014   6.79355289738146790193E-018
       877   6.93323733780361750000E+014   6.58593079146274772819E-018
       878   6.51108590523073250000E+014   6.06334627144365690901E-018
       879   6.44785619810830375000E+014   5.42677041931718481995E-018
       880   7.56883019612900250000E+014   6.22066433520643299970E-018
       881   6.88229332649636000000E+014   6.28736363030273802190E-018
       882   7.09470752802642000000E+014   6.87895807626120886274E-018
       883   6.39381178812783875000E+014   7.16494863439190123311E-018
       884   7.84311791734879875000E+014   7.02673168803631715523E-018
       885   8.11180985110524125000E+014   6.74576350585739473942E-018
       886   6.80952462317411000000E+014   7.88440599887047864883E-018
       887   6.47643561184950875000E+014   7.72839213739487665495E-018
       888   5.66061013719720000000E+014   6.94379010705893603667E-018
       889   6.34707698086131750000E+014   5.85045948770008878148E-018
       890   5.67512533847301750000E+014   6.64592319935067176698E-018
       891   7.30129555449030750000E+014   6.54800368039338376365E-018
       892   7.30117605470657750000E+014   7.29306851931042835207E-018
       893   6.74826282033525875000E+014   7.12802430082823274260E-018
       894   6.61718945368015500000E+014   5.57605166805241733538E-018
       895   6.57152061320091500000E+014   5.43653880638655056705E-018
       896   8.16656608749105750000E+014   6.19603185222959125697E-018
       897   6.29492766572593375000E+014   6.77727196462644927365E-018
       898   5.74551421735718750000E+014   6.10373017751601221410E-018
       899   6.00772435284089375000E+014   5.02853518347474586031E-018
       900   6.69210924799319500000E+014   5.60049581860400711756E-018
       901   8.19856275112007750000E+014   5.61639555294201256271E-018
       902   7.66599064118268250000E+014   5.00261537372917422728E-018
       903   7.46932799363737750000E+014   5.00054019093722413440E-018
       904   8.11394855989150750000E+014   6.15693524863172931511E-018
       905   9.03826084842289750000E+014   5.02793194152960332980E-018
       906   1.00789751359617637500E+015   5.11992832122466694251E-018
       907   1.19440690553590225000E+015   5.95202670328303167934E-018
       908   1.04902954179823050000E+015   6.33239481270258533038E-018
       909   1.13586859199948475000E+015   4.81495420578920171221E-018
       910   1.30506472822673575000E+015   3.78820970158335134022E-018
       911   1.45798301137039275000E+015   4.54771378691086868903E-018
       912   1.53736596853416200000E+015   4.46220195569845192199E-018
       913   1.74696586912301400000E+015   5.22423693169768872081E-018
       914   1.99978014250919825000E+015   4.26548728878380003226E-018
       915   2.51945817478527650000E+015   3.45753912099626961494E-018
       916   2.95285367482098550000E+015   3.94307642507594348845E-018
       917   3.18420040025005400000E+015   4.21989691100160562939E-018
       918   3.07951638521698250000E+015   4.08351454758389848565E-018
       919   3.53657725053738150000E+015   4.25487863791840180421E-018
       920   3.63168574498102550000E+015   4.77826713299932103396E-018
       921   3.68119008744973800000E+015   4.85105577299142424053E-018
       922   4.77543158251354600000E+015   5.03324890646950514237E-018
       923   4.91618479965376700000E+015   5.43759721135939619625E-018
       924   4.46111161390616600000E+015   5.45569907190773594313E-018
       925   4.53036480638931200000E+015   5.76256648134821343732E-018
       926   5.63281024919187900000E+015   5.01808910910625351268E-018
       927   5.32686524426619200000E+015   5.14648468742715900381E-018
       928   5.80387687553938600000E+015   4.81379935111215767641E-018
       929   5.50812809142688900000E+015   4.87303747347303325628E-018
       930   4.72744918374643100000E+015   5.95442923264768825247E-018
       931   4.10543847367638900000E+015   5.64004047737087349074E-018
       932   4.02755876148120800000E+015   4.77060925285215161453E-018
       933   3.74170420318104350000E+015   5.31647710956283947418E-018
       934   3.27647744689597700000E+015   5.98706833702345422398E-018
       935   3.78442227835355200000E+015   6.02662441126751515910E-018
       936   4.15018623577479650000E+015   7.10338080985116504040E-018
       937   4.22579194923638050000E+015   5.92760949614446922486E-018
       938   4.66256158926815400000E+015   4.78478964701044261828E-018
       939   6.16405998277077200000E+015   4.29982110983801860135E-018
       940   6.03760864976531000000E+015   4.78351552764860420358E-018
       941   4.88213055117429400000E+015   5.85207218936471719525E-018
       942   4.49289921362442850000E+015   6.73766387027711642646E-018
       943   5.56341531354538700000E+015   5.80348091632286600365E-018
       944   5.51129800158657800000E+015   5.10449589086324974677E-018
       945   5.07318771093479500000E+015   5.67830667369482453956E-018
       946   5.43557247088380400000E+015   5.68887922536036829482E-018
       947   5.84807628454065200000E+015   5.28374655779257187431E-018
       948   5.77902918074576100000E+015   4.65717101966807774300E-018
       949   4.26935329115821650000E+015   5.73565394142515990260E-018
       950   4.33847600526707800000E+015   5.74501103009629835284E-018
       951   3.88139740190379200000E+015   5.33441680811986780840E-018
       952   3.66848909717725300000E+015   4.97735227940204540671E-018
       953   3.14169900958480300000E+015   4.95152818123068300214E-018
       954   2.80805494344105400000E+015   4.72871121966767228169E-018
       955   2.76927686689673300000E+015   4.65712981129980421225E-018
       956   2.68697226710720150000E+015   4.57586745303625697697E-018
       957   2.43907597265330300000E+015   5.04669529404082310349E-018
       958   1.89522471352713850000E+015   4.85282784995309634304E-018
       959   2.00126879990784175000E+015   4.29901559877667142472E-018
       960   1.69894226015143900000E+015   4.12775791642037293978E-018
       961   1.49762567813716775000E+015   4.82858335949185827785E-018
       962   1.36984691636149200000E+015   5.62881911184663317703E-018
       963   1.22130182954981775000E+015   4.73011871185755647461E-018
       964   1.09893758358125600000E+015   5.58800831445528008464E-018
       965   1.11651469116527237500E+015   6.46680344048111566039E-018
       966   1.17230310204348100000E+015   6.57617125687854535259E-018
       967   1.61661631309256475000E+015   6.66661068432450947845E-018
       968   1.34542029214425250000E+015   5.65066566414963939707E-018
       969   1.09552149956271162500E+015   4.35142982605220587436E-018
       970   1.32646362120184950000E+015   4.31955128295700550468E-018
       971   1.27976572670761150000E+015   5.06760997553483375477E-018
       972   1.17063819667362850000E+015   4.46971486449827807569E-018
       973   9.80174009754691125000E+014   4.97542910746325341353E-018
       974   7.90389578090827250000E+014   6.08498651618819847760E-018
       975   5.16217983672249250000E+014   6.88435111777284880689E-018
       976   4.32483771903547062500E+014   6.31317197129390732653E-018
       977   5.01326764069988250000E+014   5.86388849280821578623E-018
       978   6.11883729606144250000E+014   5.73982762964351866044E-018
       979   6.43549721078063250000E+014   5.60947899058688212895E-018
       980   6.58070379180571500000E+014   6.37802021565465095627E-018
       981   4.78955039468135375000E+014   8.14056308016362225354E-018
       982   6.02635548281771000000E+014   7.66512779723480553696E-018
       983   7.41746328997416250000E+014   6.50874092017308951963E-018
       984   5.90327597717641875000E+014   7.39767040633922735546E-018
       985   5.37944471320867437500E+014   7.96029332207293745610E-018
       986   5.23305730283241375000E+014   6.64331013645275252367E-018
       987   6.50754864466879125000E+014   6.12496041090678370235E-018
       988   7.18501311559558375000E+014   6.84713267268873945235E-018
       989   6.75462130272015875000E+014   6.95673502699251289673E-018
       990   7.35906161090956000000E+014   6.68367833831615953505E-018
       991   6.77447923312560375000E+014   7.00983038596893048411E-018
       992   6.47597153510100875000E+014   6.11393637178867901880E-018
       993   5.87997814080803875000E+014   5.76209138743689418073E-018
       994   7.29694224292065250000E+014   5.76960254963325310527E-018
       995   6.64535287994992375000E+014   6.04496535569954916362E-018
       996   6.70111591677721500000E+014   6.82127535457946913068E-018
       997   7.39549942656610000000E+014   5.99242599087929672032E-018
       998   5.89275729530008875000E+014   6.67284039545889088219E-018
       999   6.96889746303218375000E+014   5.04621582820816913229E-018
      1000   8.52599994597597375000E+014   4.82127461918641654231E-018
      1001   7.53556039653099875000E+014   4.42766393645066643394E-018
      1002   9.10277405401525500000E+014   4.63167962923719523738E-018
      1003   1.10195916802299775000E+015   4.43812828270722620834E-018
      1004   9.98742343930229875000E+014   5.43978057735854960512E-018
      1005   1.26102094923058350000E+015   5.70272979260127475340E-018
      1006   1.10945949461819825000E+015   5.51308624279269919179E-018
      1007   1.05700809665432125000E+015   3.88192041402075584308E-018
      1008   1.20812644383947225000E+015   3.42435816301216856281E-018
      1009   1.10315739051085200000E+015   5.08039391170006038438E-018
      1010   1.01558508019374325000E+015   5.44831195466503664953E-018
      1011   1.22457124270377375000E+015   6.01150962667679555899E-018
      1012   1.66869285024201675000E+015   5.13706657330968014291E-018
      1013   1.68397905009383975000E+015   3.10688342628675313406E-018
      1014   1.74683686925549525000E+015   3.58174779291756864375E-018
      1015   2.23430765756290925000E+015   4.26641229046137038730E-018
      1016   2.64039180199744950000E+015   4.68144512067630278931E-018
      1017   3.09999489680883750000E+015   3.44578977908129389624E-018
      1018   3.59706516439148000000E+015   3.56362151218628354428E-018
      1019   3.92411284954255050000E+015   3.94350345017470289670E-018
      1020   4.07569206490392750000E+015   4.07129109226311748758E-018
      1021   4.58013171112133200000E+015   4.48907377384927464778E-018
      1022   6.20300685883689500000E+015   4.54154209479314978943E-018
      1023   6.48196871158321300000E+015   4.50868180721396734925E-018
      1024   5.88552871340834000000E+015   4.91925376518940149832E-018
      1025   5.70716215079106100000E+015   5.36995602496030383051E-018
      1026   6.19852957955293600000E+015   4.89268460094029105640E-018
      1027   6.91949580280136700000E+015   4.56551184987232679605E-018
      1028   7.13736813526661600000E+015   4.32302958900976157108E-018
      1029   7.58582389862780700000E+015   4.31587169752583136589E-018
      1030   6.05287681663876100000E+015   5.47546440077510189989E-018
      1031   4.42033447573435700000E+015   6.25354058743160977367E-018
      1032   5.12940518170464300000E+015   5.55514235299097461372E-018
      1033   5.74488036605722200000E+015   4.77334874615561304834E-018
      1034   3.97048669968684700000E+015   6.11427383069732439919E-018
      1035   3.45152901231554050000E+015   6.13769515697055529458E-018
      1036   4.22395537049455050000E+015   5.38334360564784778448E-018
      1037   4.97658161035734600000E+015   5.41024516035367780028E-018
      1038   5.73599309381745800000E+015   4.70248921264380967453E-018
      1039   7.11900144587709200000E+015   4.31794112582617936818E-018
      1040   7.39676396267405700000E+015   4.47105126577360077714E-018
      1041   6.98263833843372200000E+015   5.16466746082646747425E-018
      1042   5.96799725368794300000E+015   5.77296781249763460948E-018
      1043   5.02069284633700800000E+015   6.59654747584799207892E-018
      1044   7.38384386332822100000E+015   5.26401546773385796480E-018
      1045   7.34295368242102600000E+015   5.43066276903639539746E-018
      1046   6.76743796480486900000E+015   5.50193736746670347742E-018
      1047   6.77541141872662500000E+015   5.90266532787946607437E-018
      1048   7.22954844819786900000E+015   4.78440005748044590391E-018
      1049   5.14502647352985700000E+015   5.10252438809422729312E-018
      1050   5.53646287981976600000E+015   5.78698162139051841228E-018
      1051   6.37682088799867000000E+015   5.70295331523643076780E-018
      1052   5.54157989759300900000E+015   5.66767011122137528507E-018
      1053   4.87539762755096600000E+015   4.87655676516381003690E-018
      1054   3.43435597568409200000E+015   5.43237289040531913473E-018
      1055   3.20944101904668100000E+015   4.00802079373193799463E-018
      1056   3.39913579628486100000E+015   3.66147475789433496568E-018
      1057   3.19040546428742650000E+015   3.97472062704884305229E-018
      1058   2.97700774694958100000E+015   4.86307408590129990970E-018
      1059   2.76124547498396900000E+015   4.47525006060073782919E-018
      1060   2.45980077124444550000E+015   3.41913168393284379309E-018
      1061   2.07680777238247100000E+015   3.29895746543607665241E-018
      1062   1.46417638149072175000E+015   4.70663875212653173727E-018
      1063   1.26268141342997425000E+015   5.56768904091273166451E-018
      1064   1.41849416491457500000E+015   5.29883695344596177521E-018
      1065   1.53475960008957775000E+015   4.38331196923832347923E-018
      1066   1.35496872039610775000E+015   5.03755525700088087458E-018
      1067   1.18951819403111400000E+015   6.11049962870077718011E-018
      1068   9.85712223500330500000E+014   6.92001731186002222828E-018
      1069   1.47691554769870350000E+015   6.20381918051132316438E-018
      1070   1.52930198494058025000E+015   5.53442970571005708958E-018
      1071   9.80927392315831500000E+014   5.63493595791640782275E-018
      1072   9.68052270864303125000E+014   4.74005044933463202598E-018
      1073   1.50822257920679775000E+015   4.28029912101824779212E-018
      1074   1.35088164042973550000E+015   4.60412900123814157407E-018
      1075   1.09026338655097200000E+015   4.49858372099115468886E-018
      1076   7.92730734705350250000E+014   6.35770089615938787042E-018
      1077   6.21434005513386625000E+014   6.54843812017930550488E-018
      1078   4.60747744293763250000E+014   6.31866572624124238664E-018
      1079   6.03171852465958250000E+014   4.39261110960253155410E-018
      1080   7.11784544505553000000E+014   5.42822697599565757326E-018
      1081   6.88639882814617500000E+014   5.32793135906540787123E-018
      1082   6.47324495300112250000E+014   5.87777525221093038684E-018
      1083   4.41398665460367687500E+014   7.57421753025815674584E-018
      1084   4.35285197625228875000E+014   7.48627703311740428379E-018
      1085   6.60929098473925625000E+014   6.49157557635979256814E-018
      1086   5.09823422816099000000E+014   6.34569311340287084964E-018
      1087   5.48181496473741000000E+014   7.56935890077868920830E-018
      1088   4.48493691110052250000E+014   7.86283272113707714017E-018
      1089   5.39927213936312937500E+014   6.76636704078393353715E-018
      1090   6.10476035816008500000E+014   6.02913403443115396355E-018
      1091   7.38635539525211750000E+014   6.45255668233106605856E-018
      1092   7.56836201228133875000E+014   7.22417787560286640273E-018
      1093   7.38066284901327375000E+014   6.31626010711547525038E-018
      1094   8.17419435099686875000E+014   6.55070310610033132904E-018
      1095   7.04008086953741625000E+014   6.51364438237307020744E-018
      1096   6.09173657442096250000E+014   6.10758606352508942577E-018
      1097   6.93371395260789375000E+014   5.68008977195752682780E-018
      1098   7.08047160820671375000E+014   5.01114472497094143428E-018
      1099   6.00312872293726000000E+014   6.21483906015903691687E-018
      1100   7.61159808713436250000E+014   6.15976525950018926171E-018
      1101   5.57335890295929750000E+014   8.65575625415213700200E-018
      1102   5.57537503544889250000E+014   5.74847017852686174877E-018
      1103   6.46383094393083125000E+014   4.15542932051915849665E-018
      1104   6.46413374359567875000E+014   4.22616875689344651603E-018
      1105   8.72864064075996000000E+014   4.00921952325279908526E-018
      1106   1.04507889296778637500E+015   4.57925444070914718240E-018
      1107   9.06349269106799250000E+014   5.69854803223024947274E-018
      1108   9.72498554196064250000E+014   6.25735469986471444253E-018
      1109   1.20788363884148950000E+015   5.90927965286789655603E-018
      1110   1.06918459934621925000E+015   4.59078121666250450135E-018
      1111   1.05652622378089412500E+015   3.12684219138962612950E-018
      1112   8.16218824416134750000E+014   4.19596452693157442014E-018
      1113   1.00218950180090700000E+015   4.89284276222808147244E-018
      1114   1.08216490482876275000E+015   4.95907519636492200982E-018
      1115   1.41647371387739700000E+015   5.32257547024467675064E-018
      1116   1.80833115834567775000E+015   3.34770898621659754530E-018
      1117   2.17560735306334150000E+015   1.99740669394455522379E-018
      1118   2.22871696780890750000E+015   3.13468756207984795560E-018
      1119   1.90596387219032600000E+015   4.63158379958603534454E-018
      1120   2.22238474476577225000E+015   4.96826502499333380734E-018
      1121   2.77847892138232900000E+015   4.72440597034188470868E-018
      1122   4.01911366093244650000E+015   3.43178503164010283749E-018
      1123   4.45588717962061700000E+015   3.95919102580436845523E-018
      1124   4.56055487646767600000E+015   3.74045882218501677173E-018
      1125   4.71357383593572100000E+015   4.01558610633994255449E-018
      1126   5.29646052445677200000E+015   4.85513448082345139663E-018
      1127   7.49572041122875600000E+015   4.59732183925078677832E-018
      1128   8.77459001532729300000E+015   3.91550094283566286730E-018
      1129   8.10000337436617700000E+015   4.25823136192492101517E-018
      1130   6.97303511878835200000E+015   4.51534311088547660077E-018
      1131   8.01047692443585300000E+015   4.37474521729989602802E-018
      1132   8.54684883241902200000E+015   3.69958076245025164435E-018
      1133   8.82869698473651600000E+015   3.53349196534538874621E-018
      1134   8.38969401948796000000E+015   3.71966350210867338476E-018
      1135   6.31851097673562800000E+015   5.26834234652101722273E-018
      1136   6.65905004834450100000E+015   5.36983894840695523454E-018
      1137   9.50017955157728000000E+015   4.19073608635925310516E-018
      1138   6.50689496055678000000E+015   5.55360610548689895743E-018
      1139   4.34601008321797650000E+015   6.34665848855746600524E-018
      1140   4.56927785467800600000E+015   5.55942192795821296901E-018
      1141   5.38710733862315600000E+015   4.87330671886132380385E-018
      1142   6.89422541885899100000E+015   5.06303651425843190646E-018
      1143   7.55801080019063900000E+015   4.83225955444128308005E-018
      1144   8.33688506031385100000E+015   4.09214236306364307731E-018
      1145   9.51339830171384400000E+015   4.13752773366973307485E-018
      1146   1.06503705055011600000E+016   4.26381397606327740568E-018
      1147   5.83263785137806200000E+015   5.17468424366674065413E-018
      1148   7.26084644572945600000E+015   4.85390040735735914197E-018
      1149   1.06832426086847360000E+016   4.38554643220176387724E-018
      1150   9.52607558011678800000E+015   4.92901272857100494607E-018
      1151   8.09965646518041400000E+015   4.94458225613975648344E-018
      1152   7.50574298910434900000E+015   5.49561048299809819503E-018
      1153   8.46578353307065600000E+015   5.15207482353395597015E-018
      1154   6.76586057136148100000E+015   4.91674184063376420711E-018
      1155   6.48638360680527100000E+015   5.26968399711023367777E-018
      1156   7.23636133208605900000E+015   5.34013779643092794181E-018
      1157   6.64913823613004600000E+015   5.08999060093297392852E-018
      1158   5.77227485310831500000E+015   4.65010161694633777424E-018
      1159   3.75129910325228000000E+015   5.04757020738985413306E-018
      1160   3.79790826399561050000E+015   4.75157435048943705028E-018
      1161   3.56714401001030300000E+015   3.37730947092188571951E-018
      1162   3.33015961014629100000E+015   3.30252075100986659699E-018
      1163   2.95326081942654150000E+015   4.30321859742468133791E-018
      1164   3.05928746137185950000E+015   4.47711653417412259624E-018
      1165   2.88938397348420150000E+015   3.81688556971033341145E-018
      1166   1.96624944510529075000E+015   3.27438204133739188799E-018
      1167   1.74072798647760325000E+015   4.70972311076708741556E-018
      1168   1.52477381073960675000E+015   5.16206543682654917727E-018
      1169   1.59456232866591150000E+015   4.16551959568288170342E-018
      1170   1.41733946964729300000E+015   5.52724809310697832409E-018
      1171   1.27807179701170250000E+015   5.84593649866657751984E-018
      1172   1.37673792743773700000E+015   5.90471786998939222524E-018
      1173   1.18227082518979825000E+015   5.20414175843971076832E-018
      1174   1.04416646314353537500E+015   5.78729041674425410728E-018
      1175   1.42419485504964225000E+015   5.75868898998236707213E-018
      1176   1.28483501656961550000E+015   5.49070142211474788899E-018
      1177   1.08277098724601137500E+015   5.45945506325786517568E-018
      1178   1.39393759050659375000E+015   4.02751126657525244687E-018
      1179   1.28831382855372000000E+015   5.15565882193254121118E-018
      1180   1.05865238957011450000E+015   5.09733734456705270995E-018
      1181   1.15401909788635600000E+015   4.22024406666900956186E-018
      1182   1.05922976629297662500E+015   4.64064878653974387507E-018
      1183   7.71516279879101750000E+014   5.70308292808952751951E-018
      1184   6.11475029116895375000E+014   5.69927216620504323696E-018
      1185   6.46752649796090500000E+014   5.30833970395563952262E-018
      1186   6.43977170849606875000E+014   5.87335608042402549704E-018
      1187   6.22255584825153000000E+014   6.40671025428294075940E-018
      1188   6.83310822372075875000E+014   5.46247507844952523858E-018
      1189   5.68333936379897500000E+014   6.96140628976431755143E-018
      1190   4.52085528212136937500E+014   6.69371533077818335008E-018
      1191   6.38454308812607500000E+014   6.19889122864442927132E-018
      1192   5.47412597822036562500E+014   5.53376875269562632183E-018
      1193   4.92211803242202437500E+014   6.22201954355202316571E-018
      1194   5.09964319360812875000E+014   7.41084391794612216333E-018
      1195   5.43780137643737875000E+014   6.19741194986771938220E-018
      1196   5.49320108543389000000E+014   6.97770601811609016399E-018
      1197   4.96292845433424187500E+014   7.11652598093391163465E-018
      1198   5.43669624176589062500E+014   8.19838430659641409192E-018
      1199   5.95824075834025500000E+014   7.04198069677982078192E-018
      1200   7.58782185723998750000E+014   6.37183400969588844860E-018
      1201   7.63812725634066500000E+014   6.83350892012015362118E-018
      1202   5.89160781233378750000E+014   5.97084784180372639404E-018
      1203   6.13640867361498375000E+014   5.50803303956926719916E-018
      1204   8.37853692984919125000E+014   4.86721952822528632899E-018
      1205   5.97869939962179000000E+014   5.52886284709320281221E-018
      1206   7.39942592783515625000E+014   5.42427924855416300102E-018
      1207   4.63254537035888437500E+014   8.10507476124579895628E-018
      1208   5.56823493966223687500E+014   6.65831196976832459821E-018
      1209   6.11723825859109250000E+014   4.13645842966532784238E-018
      1210   5.24975965607066125000E+014   4.27688542385966937164E-018
      1211   9.80253978951627500000E+014   3.40691306168749043559E-018
      1212   9.68111902533386250000E+014   4.78703359774211703464E-018
      1213   7.15558417924422375000E+014   6.17498563037576367308E-018
      1214   7.76121445622728750000E+014   5.86606383211166833325E-018
      1215   9.62146091716059875000E+014   5.76328146681664822496E-018
      1216   1.10254995853741987500E+015   5.40512300212180181221E-018
      1217   9.26663607604323875000E+014   3.69861445221214406992E-018
      1218   8.02966648803740125000E+014   3.08090636810762682194E-018
      1219   8.79471166069154750000E+014   4.33856817063409548878E-018
      1220   1.36773358164172325000E+015   3.33536893411030324081E-018
      1221   1.81113346201162600000E+015   2.93452574537735426119E-018
      1222   2.64475790358271700000E+015   2.65586654834799223882E-018
      1223   2.27629688015908200000E+015   2.35902482061773794474E-018
      1224   2.04398700144503600000E+015   2.41866474586815376375E-018
      1225   2.68577927032319600000E+015   2.36591487308806629082E-018
      1226   3.04137436601881400000E+015   3.23805430150665763357E-018
      1227   2.75205337771630500000E+015   4.10346326835448407088E-018
      1228   2.60179405177106900000E+015   4.98977062763983376397E-018
      1229   3.31236059367143150000E+015   4.70884522328887064494E-018
      1230   4.92538130420340000000E+015   3.55749445098613536924E-018
      1231   5.61990243339108600000E+015   3.22541644189156570242E-018
      1232   4.85475509774461000000E+015   3.82864635991835853289E-018
      1233   4.61460325810670700000E+015   4.30697876778615741456E-018
      1234   6.67420809271699500000E+015   4.90835526288290814723E-018
      1235   9.81064410367073000000E+015   3.96962232363404602289E-018
      1236   1.10428236044752020000E+016   3.66166064822046326825E-018
      1237   9.26003976540967600000E+015   3.73814499292452064541E-018
      1238   9.24913530786482800000E+015   4.07853261017990895393E-018
      1239   8.51935988460371200000E+015   3.65379664648802493496E-018
      1240   9.20253290555830800000E+015   3.62651438736134372045E-018
      1241   1.28597480253781560000E+016   2.95183889835286359164E-018
      1242   9.98065569376592600000E+015   4.50243548161237839394E-018
      1243   7.42932063380738500000E+015   6.07706256924815507874E-018
      1244   9.99535065284558400000E+015   4.47102842853791748062E-018
      1245   1.11727366969275160000E+016   3.24733357997660161563E-018
      1246   5.31331671882696600000E+015   5.10702138188795981693E-018
      1247   3.85222861391958000000E+015   6.89971982940221158020E-018
      1248   5.46193688554932800000E+015   6.59545558723950373355E-018
      1249   8.12791442808978700000E+015   4.09080239358833012568E-018
      1250   7.69213144898056200000E+015   4.64062204582940722075E-018
      1251   1.04528599329702400000E+016   4.12479503375796346926E-018
      1252   8.34547028228397000000E+015   3.68680563605198138785E-018
      1253   9.92260926859997000000E+015   3.37941439777827391159E-018
      1254   1.40743893243731480000E+016   2.72412239840600810229E-018
      1255   1.10676372745969700000E+016   3.45613694257901046904E-018
      1256   9.98562460988141200000E+015   3.23155768967332138319E-018
      1257   1.35541038995698640000E+016   2.92328034286943092704E-018
      1258   1.18625529082824000000E+016   4.05757941227177239051E-018
      1259   9.79180203852803200000E+015   4.21148386135087079681E-018
      1260   9.63056218619565200000E+015   4.80015400834605844008E-018
      1261   1.04673102257424160000E+016   4.28887555563480127536E-018
      1262   1.02035165755300180000E+016   3.78141199094600079824E-018
      1263   7.49328058738836000000E+015   4.64287447793253473748E-018
      1264   7.58247070792010200000E+015   4.69896017041074932228E-018
      1265   7.53336222708140600000E+015   4.71289314020995263717E-018
      1266   7.33748648381497200000E+015   3.82775124581996788416E-018
      1267   5.06406946902452900000E+015   4.07683883564222551499E-018
      1268   4.92915339287641000000E+015   4.37502745493121157009E-018
      1269   4.30035044564503100000E+015   4.64559029979342023915E-018
      1270   3.40412234072176300000E+015   3.79926936507349475883E-018
      1271   3.27599167451985250000E+015   4.17183207005199334605E-018
      1272   3.14329850402159000000E+015   3.78622198456344035846E-018
      1273   3.02252254177399700000E+015   4.47488495624373252869E-018
      1274   2.92016282968535200000E+015   4.77030341145320353698E-018
      1275   2.17812366001180650000E+015   3.92530648875893791190E-018
      1276   1.62182197770463925000E+015   4.21660830054702341947E-018
      1277   1.62028546473846750000E+015   5.15918640397275000535E-018
      1278   1.69360500343446525000E+015   4.15844758397740812305E-018
      1279   1.68456076058107800000E+015   3.95371684169320254949E-018
      1280   1.15399486906925875000E+015   5.45980668109207875736E-018
      1281   1.19796373985775250000E+015   6.74266243366163056939E-018
      1282   1.40056566842361125000E+015   5.77076585971612545664E-018
      1283   1.36223156678559350000E+015   5.28245606621354555635E-018
      1284   1.46481161367004125000E+015   6.17844486762865301941E-018
      1285   1.15546978225573675000E+015   5.64929683632991462719E-018
      1286   1.12051850376257375000E+015   5.48370210012496797236E-018
      1287   1.26271134532475325000E+015   4.29012017523617660625E-018
      1288   1.28983299676427600000E+015   4.86598380349797122904E-018
      1289   1.05049628493040087500E+015   5.03757327067990430259E-018
      1290   1.28227588657404400000E+015   4.63895499845548443781E-018
      1291   1.09500744977006975000E+015   4.57336242370074431143E-018
      1292   9.15590295683104500000E+014   5.23483339069960134238E-018
      1293   5.22628057285855250000E+014   7.68355121577502542028E-018
      1294   6.23504311214857375000E+014   5.75511350977280858113E-018
      1295   5.94798551194436000000E+014   4.91227605635440250209E-018
      1296   4.54863902118269000000E+014   6.23722854313238456399E-018
      1297   5.02494950826216625000E+014   5.66123512528211287479E-018
      1298   4.50340499234821000000E+014   5.65368632661777836075E-018
      1299   4.21353322408451687500E+014   7.05962289509460066174E-018
      1300   5.95994172094725500000E+014   5.22821612770871768345E-018
      1301   7.16648050846342125000E+014   6.01009110075963249737E-018
      1302   2.90484763989488812500E+014   4.89180692133755317444E-018
      1303   3.21130280618534125000E+014   5.36179725638887627112E-018
      1304   5.92496417162083500000E+014   6.74725592580151300627E-018
      1305   4.80264236436116812500E+014   6.25497257885905487439E-018
      1306   4.72895538797191187500E+014   6.51130834541478144411E-018
      1307   4.86466302874452375000E+014   8.80953709420306649336E-018
      1308   6.10592902725739000000E+014   6.15475839232849524507E-018
      1309   5.44188215889996500000E+014   7.74894768465521673881E-018
      1310   4.91787964141121187500E+014   7.82669157091331874459E-018
      1311   4.46010862180557312500E+014   6.73508296739888433178E-018
      1312   5.21805972967906250000E+014   6.05018531073990718619E-018
      1313   5.30694364497310250000E+014   7.51939164193638591073E-018
      1314   6.74102882779203000000E+014   5.59930363831098767152E-018
      1315   9.80961410594099000000E+014   5.95204087846256499459E-018
      1316   7.40093732393669875000E+014   7.60839102823974134751E-018
      1317   4.58115217165786187500E+014   7.61449390672763692769E-018
      1318   5.20990883430414875000E+014   5.94866444509531274991E-018
      1319   4.81730675298207500000E+014   6.11488566308491258496E-018
      1320   7.04010265612991000000E+014   4.85469800952266303883E-018
      1321   9.37953341307385250000E+014   4.54175729369511921640E-018
      1322   8.65925812934444500000E+014   5.16956844598005531977E-018
      1323   6.15341346921379750000E+014   4.62537329631303884299E-018
      1324   7.90841921401907500000E+014   4.46000018911286614183E-018
      1325   9.01858965186896125000E+014   3.73257282577484804650E-018
      1326   5.90192883217699125000E+014   6.38925152936152167833E-018
      1327   4.00108755690222250000E+014   7.69664976555303630875E-018
      1328   4.84723438371436500000E+014   7.44859066951245566020E-018
      1329   6.27854338306379875000E+014   5.65500332021961830306E-018
      1330   5.27117159527005500000E+014   4.08505274190431831616E-018
      1331   4.87103023638230500000E+014   5.08207622801179624367E-018
      1332   6.24085057607412250000E+014   3.35275387822491535099E-018
      1333   1.20983247251999075000E+015   3.46065820215470091302E-018
      1334   8.07018198718995625000E+014   5.40909805057985937620E-018
      1335   4.94930038873261250000E+014   7.01713099306493859791E-018
      1336   7.28511962066756375000E+014   5.93605059249374530634E-018
      1337   8.68486162782149875000E+014   5.82524485156068287928E-018
      1338   1.23325232078985850000E+015   5.49808910717746370451E-018
      1339   1.09316559932118612500E+015   5.49893604315093439455E-018
      1340   7.98729945132586500000E+014   5.13180036257321159930E-018
      1341   1.01831154380636025000E+015   2.77853704131147842460E-018
      1342   1.24117035828461650000E+015   2.51403823920067724496E-018
      1343   1.51162513157721625000E+015   3.20216382940988238715E-018
      1344   1.76327971366169375000E+015   3.33764679814585252246E-018
      1345   1.88098009950779250000E+015   2.53873598183474621654E-018
      1346   2.15654123710449700000E+015   2.99437455945837558956E-018
      1347   1.65640696757502950000E+015   4.08439702626342702543E-018
      1348   1.13968850998342250000E+015   3.79689793286578956283E-018
      1349   1.51494070683521100000E+015   3.19560312069547529735E-018
      1350   1.88284287135103875000E+015   2.74962805581741084411E-018
      1351   2.81416485814592000000E+015   3.24283820480024035891E-018
      1352   3.28830264857405300000E+015   3.04941489806592538659E-018
      1353   4.02050782291442450000E+015   2.74043167187582043827E-018
      1354   3.36726736951517650000E+015   3.78327466133796469940E-018
      1355   2.52850623132747200000E+015   5.08706704159064782000E-018
      1356   3.09361736727756700000E+015   5.81625300659079673860E-018
      1357   4.20858859123391600000E+015   4.44362374934579737160E-018
      1358   6.31815781350429300000E+015   3.37533464732019560794E-018
      1359   6.21836441937880800000E+015   3.19804733373007848323E-018
      1360   5.62688985002938600000E+015   3.70671362815827028752E-018
      1361   6.40563702633206200000E+015   5.04756164588243128049E-018
      1362   8.44978520955244000000E+015   4.91452942198614289705E-018
      1363   9.68069590618616200000E+015   3.78375785448980539775E-018
      1364   1.31064800253927000000E+016   3.22967070126654281482E-018
      1365   9.42570332968364200000E+015   3.77314314892022662498E-018
      1366   1.16340550901807840000E+016   3.30922272208452690500E-018
      1367   1.23833499265199300000E+016   3.95166194492790497019E-018
      1368   8.52943561902993800000E+015   3.99601835280165928079E-018
      1369   9.28168746069669200000E+015   3.30782731731918525069E-018
      1370   8.76144818893078500000E+015   3.75781097086360520837E-018
      1371   1.55621831671726100000E+016   2.19396033089085704952E-018
      1372   1.48375897882884680000E+016   2.74705554499401020138E-018
      1373   1.15373468157448260000E+016   4.23054929321856299652E-018
      1374   9.27398616155843600000E+015   4.71115508553571535758E-018
      1375   1.34786847861552220000E+016   2.65824053788905216657E-018
      1376   1.44206162455153440000E+016   2.45636749356099677740E-018
      1377   5.16440296893269200000E+015   3.93346884548910900993E-018
      1378   4.13848502146129250000E+015   5.22642036067751155394E-018
      1379   4.62618788277371900000E+015   7.79409433775229941000E-018
      1380   9.40621804894559000000E+015   6.27937513201695308182E-018
      1381   1.31292542787436580000E+016   3.06691291351158532692E-018
      1382   9.93454203580427000000E+015   3.61981288874731669993E-018
      1383   1.17192736680988440000E+016   3.69820932127727036806E-018
      1384   1.28488422959421840000E+016   3.54606317861299205392E-018
      1385   8.64898287457881500000E+015   4.42485088563499300106E-018
      1386   1.16072191663448680000E+016   3.60358028272904763551E-018
      1387   1.69752158414839060000E+016   1.92696495688559875901E-018
      1388   1.44837342726016600000E+016   2.52001349291633840550E-018
      1389   1.23912521781162740000E+016   3.36046436521096899364E-018
      1390   1.29106450382126580000E+016   2.97422366684143755664E-018
      1391   1.81068233173426840000E+016   2.01229595787981514614E-018
      1392   1.27456480610166680000E+016   3.69874120961348527933E-018
      1393   1.17110167328988660000E+016   4.20896373094491160721E-018
      1394   1.08795447317620860000E+016   4.33788929511940801199E-018
      1395   1.05616184322749700000E+016   4.95086230048329067564E-018
      1396   1.13919653144010180000E+016   4.29292192441921793288E-018
      1397   1.33615021452638500000E+016   3.10130033246228944675E-018
      1398   1.08084113021923540000E+016   3.99423433809742492215E-018
      1399   8.01744065243367000000E+015   4.71973787620828088339E-018
      1400   7.57966551749502600000E+015   4.47111077495332652788E-018
      1401   7.35855407176629700000E+015   4.26472437115968602777E-018
      1402   8.58663729453254600000E+015   4.06334375068200838565E-018
      1403   7.20111556684300900000E+015   3.74449099921800402554E-018
      1404   4.47753551914532100000E+015   4.62779357518331401553E-018
      1405   4.86678793492936900000E+015   4.95729719142492613222E-018
      1406   5.20643095891810800000E+015   5.09990828188767556554E-018
      1407   3.96478638774235050000E+015   4.19503020126721536264E-018
      1408   3.21805732846712350000E+015   4.67556050443766307927E-018
      1409   3.11745108504812000000E+015   5.03687314009169486574E-018
      1410   3.12518622173723700000E+015   4.06855635187037752663E-018
      1411   3.30066060021404800000E+015   4.57986242745226240663E-018
      1412   2.45640605352553900000E+015   5.79683902707090372031E-018
      1413   2.45747514426639650000E+015   5.03556598579407190464E-018
      1414   2.25335947331695250000E+015   4.14128843215568945591E-018
      1415   1.96879775895851275000E+015   4.07490804244626080183E-018
      1416   1.95462365776917125000E+015   4.35166972054249422178E-018
      1417   1.63154501628364250000E+015   3.82808388254494423117E-018
      1418   1.78816193873697100000E+015   4.04031338008166573445E-018
      1419   1.48902121576091725000E+015   4.62266318457173081984E-018
      1420   1.37778319537513500000E+015   3.73608365402572120027E-018
      1421   1.15030745899211075000E+015   5.07042045377908457272E-018
      1422   1.13224932409491275000E+015   7.60806329239045321773E-018
      1423   1.46433494791168700000E+015   5.74836467200142657070E-018
      1424   1.57694351303397125000E+015   5.26017228542688892056E-018
      1425   1.76962093308836050000E+015   6.38607565752251492329E-018
      1426   1.44007689686175625000E+015   5.79497256358143160820E-018
      1427   9.52434393287498500000E+014   5.88305036221663467267E-018
      1428   9.48130833318740625000E+014   3.99767922543410069029E-018
      1429   1.12104659544059062500E+015   4.18675657642389962693E-018
      1430   1.20163358683366600000E+015   4.66231372733533214440E-018
      1431   1.09626728177085900000E+015   4.87213106322659444861E-018
      1432   1.13469947244007300000E+015   4.47282002132888918023E-018
      1433   1.21268227626237425000E+015   5.46683647533934062526E-018
      1434   1.33361471590737275000E+015   4.32784203324729367943E-018
      1435   9.55761353782406750000E+014   4.71116659882657231929E-018
      1436   7.73487348055903375000E+014   5.59789085939969985185E-018
      1437   9.94222616391514000000E+014   4.16745951379980738213E-018
      1438   8.17745546264867250000E+014   6.62890112782438768066E-018
      1439   4.06472820274336562500E+014   1.00388239681069728976E-017
      1440   5.84721042355671750000E+014   6.32613937356340304245E-018
      1441   7.55284442563883000000E+014   4.90589338235565126013E-018
      1442   4.60213727993351000000E+014   4.77429362728595204319E-018
      1443   4.69580852500629250000E+014   3.94874449972290516205E-018
      1444   6.13366348736210000000E+014   4.40352125307294037829E-018
      1445   5.66524951029940625000E+014   5.04357270017446486559E-018
      1446   5.30592135438416687500E+014   5.92188806503074301877E-018
      1447   5.26403152338616875000E+014   5.36463715486461653163E-018
      1448   4.56424474275849937500E+014   4.77426742195986319639E-018
      1449   3.61823185442087125000E+014   6.31835676267945853962E-018
      1450   3.49897737132436375000E+014   7.03669936707158948901E-018
      1451   4.37263625872819875000E+014   5.95607055425176557001E-018
      1452   5.50562736033505250000E+014   4.46619994178803728109E-018
      1453   7.22319543873842375000E+014   5.46052418047358277642E-018
      1454   7.87702462457813250000E+014   6.40123873096080375724E-018
      1455   4.10535474881992187500E+014   5.10325736379299154593E-018
      1456   2.70884830694839343750E+014   3.46723240459063142331E-018
      1457   5.28943133576257062500E+014   4.66027832219376513866E-018
      1458   6.76141073242655000000E+014   6.41209691277391316948E-018
      1459   5.58718381224399375000E+014   6.42190250664266259326E-018
      1460   4.10943361255152187500E+014   6.09509924674739090663E-018
      1461   4.74183347862082125000E+014   6.31366228416010935506E-018
      1462   3.08683268655330375000E+014   9.25315382107926882432E-018
      1463   5.70897745354577625000E+014   8.20664519455189967731E-018
      1464   4.94827601471948500000E+014   7.07585481679161367944E-018
      1465   4.99302927693969437500E+014   9.46800451782682599401E-018
      1466   4.55120283192548500000E+014   6.64693057632478105951E-018
      1467   4.68508818924031750000E+014   6.23116536390852416194E-018
      1468   4.42507431023390187500E+014   7.18840956880617089660E-018
      1469   5.55576635347894375000E+014   6.30601702272879095663E-018
      1470   7.93601984543193875000E+014   5.12886763067469820079E-018
      1471   1.00403872772821937500E+015   5.76640138123158697567E-018
      1472   5.81290188041875625000E+014   6.99812766180413176570E-018
      1473   5.46720308894493062500E+014   6.64611416898478236432E-018
      1474   3.82367463444204250000E+014   6.22690984914489505336E-018
      1475   4.95516463270331875000E+014   5.60032293228819710275E-018
      1476   7.30489921756403250000E+014   4.18586763593317690445E-018
      1477   9.42576368492328625000E+014   4.47558688665652723339E-018
      1478   9.22207777057177500000E+014   5.00034983253980867772E-018
      1479   7.49994894511758250000E+014   3.75223509224209942195E-018
      1480   8.26622913933562750000E+014   4.29198999422067966240E-018
      1481   6.04431013159749000000E+014   3.75533289216969886411E-018
      1482   5.12114189276248125000E+014   7.75075131155819058462E-018
      1483   4.35344191619859312500E+014   9.95340417308990395370E-018
      1484   6.80310798457545750000E+014   8.40104777321835005572E-018
      1485   7.12504650646628750000E+014   4.59441994673924502246E-018
      1486   6.03270593540434125000E+014   4.64620136579002570231E-018
      1487   4.87972483805013937500E+014   3.57193509211976616639E-018
      1488   9.45857800588931125000E+014   2.77901048071271629418E-018
      1489   1.03426696621263500000E+015   4.10100961926364934174E-018
      1490   6.87871678820725500000E+014   7.02872660292775941652E-018
      1491   6.23341075543728250000E+014   6.89798562822612996000E-018
      1492   7.73207968553151750000E+014   6.39820164227210619721E-018
      1493   8.56084151722602500000E+014   6.02375762122519074132E-018
      1494   1.19892666081745625000E+015   5.18853408222578644814E-018
      1495   8.91856091710409625000E+014   5.05319409019387392435E-018
      1496   1.19701591484904850000E+015   3.34142537319098934149E-018
      1497   1.36068158725713125000E+015   4.45745445756268934098E-018
      1498   1.61568422599276900000E+015   4.64728136995835408874E-018
      1499   1.31728627604525550000E+015   6.36351494990360437327E-018
      1500   1.62267147444914900000E+015   5.77922104370113980768E-018
      1501   1.64861751406415375000E+015   7.48313199741463747022E-018
      1502   1.39379216601321700000E+015   7.87897385704173601716E-018
      1503   1.32362155481486450000E+015   6.87793557678733514860E-018
      1504   8.27727441638593875000E+014   6.03948471529097243156E-018
      1505   9.58155864286813750000E+014   5.19722592816193483942E-018
      1506   1.36165838443639000000E+015   3.92017530760556255099E-018
      1507   2.28407141735097100000E+015   3.80622527317482153935E-018
      1508   2.79532240118807400000E+015   3.74076893771121308645E-018
      1509   3.79414046740420900000E+015   3.27272084052529041166E-018
      1510   4.55072982870264300000E+015   3.36996557991928960327E-018
      1511   3.63991613849810050000E+015   3.51412038685583476073E-018
      1512   3.09134791608611400000E+015   5.44388541980667540464E-018
      1513   3.92570378312150650000E+015   5.51734288954617020216E-018
      1514   4.92192384018790200000E+015   4.45778632849636824625E-018
      1515   7.14579635838304400000E+015   3.69393764322474570084E-018
      1516   6.01615667224669500000E+015   4.05813105931573748807E-018
      1517   5.57607720851336100000E+015   5.16725188228379890713E-018
      1518   7.04898817936559800000E+015   5.11348593218328859374E-018
      1519   8.74306326057259600000E+015   4.04509193908664554846E-018
      1520   1.37645340004459980000E+016   3.48867428441294729334E-018
      1521   1.32222217119400320000E+016   3.17056140656505278763E-018
      1522   1.17388022678090840000E+016   3.39866297835027234861E-018
      1523   1.46342884998116960000E+016   3.12085815435789569687E-018
      1524   1.01504947010687900000E+016   4.29920090167226347311E-018
      1525   1.18897595719402800000E+016   3.23463777733719676095E-018
      1526   1.03004687013937140000E+016   3.88336161582210038506E-018
      1527   1.31878556433903860000E+016   2.76005245358447486741E-018
      1528   1.62107866051985080000E+016   1.63651249656129385783E-018
      1529   1.27194231076546940000E+016   2.92113797628002353011E-018
      1530   1.05178322969235040000E+016   3.52112214104031541787E-018
      1531   1.02411826247662720000E+016   3.62715918951609431503E-018
      1532   1.80001300543896620000E+016   2.22791620886542131861E-018
      1533   1.16052815659859100000E+016   3.89463261465695705696E-018
      1534   6.03875035981799600000E+015   4.84461752661017454813E-018
      1535   7.70598098821468900000E+015   4.62806364527464151702E-018
      1536   7.17379525778991000000E+015   7.03390061033910238290E-018
      1537   1.42510861568920760000E+016   4.44478891391049353709E-018
      1538   1.65887479651145160000E+016   2.37901305175057155626E-018
      1539   1.01965609583451080000E+016   4.06049849971802155707E-018
      1540   1.49732578401764740000E+016   2.84612809082083381579E-018
      1541   1.25299513452359960000E+016   3.68747424585593693993E-018
      1542   1.00850435720061120000E+016   3.48689478785213253492E-018
      1543   1.44047830652814400000E+016   2.75514182946857504754E-018
      1544   1.62034738358823260000E+016   2.26601548176489070719E-018
      1545   1.49788260814523360000E+016   2.72630172657681517194E-018
      1546   1.61703407029918640000E+016   3.02937176256257694199E-018
      1547   1.92339003854763840000E+016   2.19082941536407429717E-018
      1548   1.75371285579439400000E+016   2.56292792426574993339E-018
      1549   1.37154553002622640000E+016   3.38720426737519936583E-018
      1550   1.44825426999602760000E+016   3.61574170882487039736E-018
      1551   1.36694567646199860000E+016   3.65837109668036050147E-018
      1552   1.14664481001353120000E+016   4.09730633797456026885E-018
      1553   1.38062338434730800000E+016   3.33275418126428952818E-018
      1554   1.38795150978758880000E+016   3.43069801152820910578E-018
      1555   1.05623042046946500000E+016   4.05859579760658261547E-018
      1556   8.55680103201777100000E+015   3.91041991868464686083E-018
      1557   8.39284001884368600000E+015   4.25618591471985097749E-018
      1558   8.35128394411865300000E+015   4.13060557144494260691E-018
      1559   9.41675761053573400000E+015   3.71562572784844358055E-018
      1560   6.13274549834191000000E+015   4.39812133265205754491E-018
      1561   4.16889964270322950000E+015   5.65858131605087329425E-018
      1562   4.99211412119634400000E+015   5.22867026486239987665E-018
      1563   5.15022506805924900000E+015   3.99478591648989537065E-018
      1564   3.82784499891649400000E+015   3.89250612446157718905E-018
      1565   3.62010048685221250000E+015   4.38627790569808005951E-018
      1566   3.05523641735932900000E+015   5.15431579069818459693E-018
      1567   2.81993220477516550000E+015   4.36245913287961709361E-018
      1568   2.78678507662972600000E+015   4.82381154847869145255E-018
      1569   2.80093228156058250000E+015   5.14880232581059452636E-018
      1570   2.39911726207596500000E+015   4.33631037970107243877E-018
      1571   2.02670748531991725000E+015   5.11860787166382525246E-018
      1572   1.73247531674263850000E+015   5.44718631766393782325E-018
      1573   1.98966329483609225000E+015   5.11411458904532731212E-018
      1574   1.88548539579761150000E+015   4.39896782721889174176E-018
      1575   2.02305574033590800000E+015   3.89930159609331215446E-018
      1576   1.95972415931041875000E+015   4.00351156433683619024E-018
      1577   1.75648529880668650000E+015   3.44163762029862991190E-018
      1578   1.70287870663254800000E+015   3.46098462383006757609E-018
      1579   1.43338399945858300000E+015   5.79526985030954514220E-018
      1580   1.30390665246821150000E+015   6.89908259425737479994E-018
      1581   1.57874687905698675000E+015   5.82286434221284565710E-018
      1582   1.58381276377612625000E+015   6.36960067126731943459E-018
      1583   1.72313116186788250000E+015   6.50520833805188856778E-018
      1584   1.23988645916832175000E+015   6.26121769688988144280E-018
      1585   9.75182568469605500000E+014   4.07439884237692615560E-018
      1586   9.16110608632354625000E+014   3.74939017724386253554E-018
      1587   1.16824306029726825000E+015   4.48035345731856905040E-018
      1588   1.13740432313465200000E+015   4.65451470311087612691E-018
      1589   1.11980263556613362500E+015   4.15649473717988868053E-018
      1590   1.01409788055014237500E+015   6.79074334866939282362E-018
      1591   9.13890892723129750000E+014   6.75464642908190448243E-018
      1592   1.05113929220484187500E+015   4.89880933031444355512E-018
      1593   9.35790011669785250000E+014   5.32730091871588523169E-018
      1594   7.57864062847230500000E+014   5.79207313183997448218E-018
      1595   1.00503391075239837500E+015   4.90632557408703412936E-018
      1596   7.63400592687117250000E+014   7.48323260140653700160E-018
      1597   3.83815728258140312500E+014   6.92703358362555453406E-018
      1598   7.32891758276812875000E+014   4.04717215758557241426E-018
      1599   4.78880625309118062500E+014   6.05463049060803147420E-018
      1600   3.06920112934043187500E+014   5.57821619741447684764E-018
      1601   4.36354995593083250000E+014   5.21664065822817491300E-018
      1602   6.03783048849940625000E+014   3.98546579372602096722E-018
      1603   5.51005749415660312500E+014   5.09155939100335186679E-018
      1604   5.83586174769725250000E+014   4.87276635733912614530E-018
      1605   4.36029102042102687500E+014   5.87451911712936134127E-018
      1606   3.81950582612909937500E+014   4.89597562003117753361E-018
      1607   3.37169685649427875000E+014   7.44024457286998201123E-018
      1608   4.47051713674209437500E+014   6.71194826222407498337E-018
      1609   5.08947569581869187500E+014   5.62640480450441211296E-018
      1610   5.59460752066732562500E+014   5.04345170913087163145E-018
      1611   6.64415418974345000000E+014   6.66629368156385829649E-018
      1612   6.15495011296500625000E+014   5.51846423856302263413E-018
      1613   3.88019822955048250000E+014   3.45057700096697015267E-018
      1614   4.64790791783871812500E+014   3.91240971625332582046E-018
      1615   6.26870932449889500000E+014   6.15064869049503470183E-018
      1616   3.56512475965660312500E+014   6.99341727035259570399E-018
      1617   5.37051143561042187500E+014   5.82723733693414731839E-018
      1618   4.18858229247402437500E+014   7.50118685691078682585E-018
      1619   4.99430541275239937500E+014   9.31615349445152076849E-018
      1620   5.79876851030296000000E+014   6.24132321614292183165E-018
      1621   4.50659911363543625000E+014   8.11721493996521898852E-018
      1622   4.41618910886165562500E+014   8.00348303025756701659E-018
      1623   4.14313073409592250000E+014   6.44643581884561116104E-018
      1624   4.46164378009898875000E+014   6.89137469761553729969E-018
      1625   4.33545622649936562500E+014   6.81320922832815416536E-018
      1626   6.26870356484527000000E+014   5.18014050622320518670E-018
      1627   8.95364842976040750000E+014   6.50981342795065819447E-018
      1628   7.14351355995333250000E+014   6.83208589570566492878E-018
      1629   5.98433697885079750000E+014   7.04396095350566241985E-018
      1630   4.72931237446032437500E+014   5.76443763237962991893E-018
      1631   4.37519389273922875000E+014   5.51173861883058649753E-018
      1632   7.46798751360750875000E+014   4.47496883631923323856E-018
      1633   7.65372072777209625000E+014   4.71743841098434353075E-018
      1634   1.08081252010482487500E+015   4.53873133881764143955E-018
      1635   9.11921793830389250000E+014   3.60406424095118847863E-018
      1636   8.06439408991540000000E+014   3.39108701847611829512E-018
      1637   5.46425988082021125000E+014   3.83116370528413339055E-018
      1638   3.51108461068095250000E+014   6.55859287917662802552E-018
      1639   3.66219857593905062500E+014   1.06822712299406811402E-017
      1640   5.20363951052711000000E+014   9.64068769610256014027E-018
      1641   7.08960797730260875000E+014   5.80372543482175211351E-018
      1642   5.92200040768375000000E+014   5.53242650242520040708E-018
      1643   5.27328084346958187500E+014   5.08106055337946250257E-018
      1644   9.55186615988518500000E+014   2.86739312167413886656E-018
      1645   9.74687708084025750000E+014   4.43539900638480059489E-018
      1646   8.57233510598470500000E+014   5.88703975525036910142E-018
      1647   7.41780287832310000000E+014   6.89427278511550165992E-018
      1648   7.68191130386828125000E+014   6.57652130576298546181E-018
      1649   7.79832188420883125000E+014   7.03234443412402825742E-018
      1650   1.14076076529121400000E+015   5.14744875382630793912E-018
      1651   1.22041378439268650000E+015   4.80747992629757281721E-018
      1652   1.40573351843971275000E+015   4.63302211891631558313E-018
      1653   1.51279353297436300000E+015   4.47781766330689241924E-018
      1654   1.62232884096146675000E+015   5.35954593075510914092E-018
      1655   1.31991309975556900000E+015   4.89364225687158600378E-018
      1656   1.23436738672838600000E+015   5.58545996806206292819E-018
      1657   1.41906738752527825000E+015   7.97731448479382297522E-018
      1658   1.43297778190187850000E+015   9.52466707262561236575E-018
      1659   1.48403404154630650000E+015   6.67923417782141550742E-018
      1660   1.25827506975522150000E+015   6.68751871657976729343E-018
      1661   1.38490706019955550000E+015   5.90895999579868569571E-018
      1662   1.45946897187991650000E+015   4.77373832417920525084E-018
      1663   2.05658906795661675000E+015   4.21296706112681217920E-018
      1664   2.66816038631065650000E+015   3.86032398756318798989E-018
      1665   3.69099774017248750000E+015   3.35571350995952198337E-018
      1666   4.01272078972633800000E+015   3.63411639496095123818E-018
      1667   4.03717870274708600000E+015   3.28875653184602338144E-018
      1668   4.26846410502324700000E+015   3.43978645331068803241E-018
      1669   4.44549714907131150000E+015   4.85152033403643056592E-018
      1670   4.63155945998557800000E+015   4.52886989879112787278E-018
      1671   4.98855987583226900000E+015   4.41611755262797694261E-018
      1672   6.39599547736001800000E+015   3.96473233724166616329E-018
      1673   8.11562421822532900000E+015   3.47264693760076159221E-018
      1674   6.98088297799133600000E+015   4.36276523434579029146E-018
      1675   9.33339522254677200000E+015   4.37132739223959319648E-018
      1676   9.87334972105866000000E+015   4.05163701480372187605E-018
      1677   1.23774885276575720000E+016   4.07352586929796490067E-018
      1678   1.67036767208926880000E+016   3.04583004685844099308E-018
      1679   1.43846501065875040000E+016   3.29496565479849637148E-018
      1680   1.82375940486145840000E+016   2.77799361488748767201E-018
      1681   1.37295918196917440000E+016   3.95283257108981574528E-018
      1682   1.20390120335558000000E+016   3.97746375698630182044E-018
      1683   1.58727299266156060000E+016   2.98210725589890735949E-018
      1684   1.46025024592991040000E+016   2.95949263776468220779E-018
      1685   1.96357943103378440000E+016   1.46807758345269394217E-018
      1686   1.83326721406284320000E+016   1.78521948265598786719E-018
      1687   1.23141992044959300000E+016   2.61956351848750960911E-018
      1688   1.46299049860092520000E+016   2.78157860792093734899E-018
      1689   1.68614537973993520000E+016   2.46490851346092639474E-018
      1690   2.08127096223242760000E+016   1.68849601458108593388E-018
      1691   8.97387869065681500000E+015   3.80676496803737505406E-018
      1692   1.34569577940233920000E+016   2.97146770896257661005E-018
      1693   1.28168214480291160000E+016   3.79147669924729128581E-018
      1694   1.36582517709544740000E+016   3.58083455143192946244E-018
      1695   2.42082323691564480000E+016   1.79409245476722043519E-018
      1696   1.89292335175113960000E+016   3.20538259704454841613E-018
      1697   1.26468527215552160000E+016   3.93147640451674302131E-018
      1698   2.20435154798766200000E+016   1.63809391029406318252E-018
      1699   2.46797979810293440000E+016   1.53391416185393734405E-018
      1700   2.07443391433085840000E+016   1.72335369232421780604E-018
      1701   1.89682456417891800000E+016   1.90435976152686256616E-018
      1702   1.63563662900296840000E+016   2.46381071648086457644E-018
      1703   1.65798698869344980000E+016   2.93005622241892876363E-018
      1704   2.99137203266465320000E+016   1.96114069109638872943E-018
      1705   2.75741966653559720000E+016   1.63574688917695301974E-018
      1706   2.08859441091017360000E+016   2.29993971351592561375E-018
      1707   1.83241040588919320000E+016   3.41255170617182671564E-018
      1708   1.77632207305180460000E+016   3.30969773010877842452E-018
      1709   1.57752160857320880000E+016   2.98697362405597187451E-018
      1710   1.34194313895814340000E+016   3.37694376683037585551E-018
      1711   1.57065424433081620000E+016   2.95324322408130577845E-018
      1712   1.38802007682979880000E+016   3.51000808981641910144E-018
      1713   1.13536975047433200000E+016   3.63941752921983085768E-018
      1714   1.08241166771233540000E+016   3.65050139540025255539E-018
      1715   1.00264188908657840000E+016   4.21458729803689553802E-018
      1716   1.18857058458869720000E+016   3.45164958059473579511E-018
      1717   8.99623875269622800000E+015   3.76825225739203884738E-018
      1718   5.26060227992267500000E+015   4.68354150591745550063E-018
      1719   5.17517570480206400000E+015   4.83379724893915063601E-018
      1720   5.78239957715370500000E+015   4.11324338776392276016E-018
      1721   4.62527982155737300000E+015   4.61541421429042587324E-018
      1722   4.07415062827804200000E+015   4.76172361443512724741E-018
      1723   3.92484456796930400000E+015   4.47526902814081252953E-018
      1724   3.77457453518770650000E+015   4.21488662195231099082E-018
      1725   3.53273181932836400000E+015   4.54117313614436163289E-018
      1726   2.90861086991191500000E+015   4.30847193001687388789E-018
      1727   2.43616017598438800000E+015   5.67768343181572651804E-018
      1728   2.78043520632272300000E+015   4.70808009596694763698E-018
      1729   2.46668245160690950000E+015   4.60120276439551169382E-018
      1730   2.14761307607174800000E+015   5.36871239967673748884E-018
      1731   1.82143490384047225000E+015   5.67210238467917254295E-018
      1732   1.61527215735640100000E+015   6.33015059700091603814E-018
      1733   1.87137386857081975000E+015   5.58900991322886012891E-018
      1734   1.80049279122052600000E+015   4.42126819351072234417E-018
      1735   1.78906075271426600000E+015   4.11290485713648401897E-018
      1736   1.73528787097655000000E+015   4.22731688002545830903E-018
      1737   1.87145413877085125000E+015   4.70895109060801909476E-018
      1738   1.93216089959523125000E+015   5.45129755594438538470E-018
      1739   1.52664131519252100000E+015   5.60945591149956010422E-018
      1740   1.53471532616024025000E+015   5.60223227079805370407E-018
      1741   1.52081213027443350000E+015   6.32537531104612172443E-018
      1742   1.43944012617873625000E+015   6.80449314589538999494E-018
      1743   1.21949907398060075000E+015   5.87787288341174563578E-018
      1744   1.01349374076271937500E+015   3.92062696718968304735E-018
      1745   9.62851946180747875000E+014   4.91090314062957864097E-018
      1746   1.29802754970002850000E+015   4.76968236577166329874E-018
      1747   1.28252515698846500000E+015   4.39192613547494370945E-018
      1748   1.23893612860997700000E+015   5.65107606362644229042E-018
      1749   8.29162935324196875000E+014   7.70826153013730186182E-018
      1750   9.66441057108361000000E+014   6.39457097868039708449E-018
      1751   9.91343177132214750000E+014   6.40530852107239513186E-018
      1752   9.64036536640371250000E+014   6.58598812860014399193E-018
      1753   8.07264061169964250000E+014   6.54021744912728466567E-018
      1754   1.04428409022289925000E+015   5.45035554722263749043E-018
      1755   7.90342723995758750000E+014   5.44431245387037985903E-018
      1756   6.47656159210918500000E+014   4.28840294533845229975E-018
      1757   5.89919647147295000000E+014   5.51032173676523171031E-018
      1758   3.67212646964020250000E+014   6.99055907524328530364E-018
      1759   2.84121362898582937500E+014   6.54932353937312511475E-018
      1760   4.36460443767638750000E+014   5.82887652886040665379E-018
      1761   6.15871856585677625000E+014   4.68640127156244484540E-018
      1762   6.09457875996372375000E+014   4.67977792681018652754E-018
      1763   5.10737370325564312500E+014   6.28882922015145852471E-018
      1764   3.32928970876475062500E+014   5.93124550573461414982E-018
      1765   3.79263612657675062500E+014   5.84184494035777488366E-018
      1766   5.22441219959883375000E+014   7.24366608061964381009E-018
      1767   4.17308555301438875000E+014   5.78814397853937816634E-018
      1768   4.33049870924304625000E+014   5.78158987158041532760E-018
      1769   6.24569274429384750000E+014   6.09570277642124169547E-018
      1770   4.94866761489166125000E+014   7.17065726434255704497E-018
      1771   5.57096257985603000000E+014   4.17173374680011439618E-018
      1772   4.12262368310615000000E+014   3.55814254407758499181E-018
      1773   4.59993829708321062500E+014   4.81593913046473482193E-018
      1774   3.40411910992501875000E+014   8.00911444636428072157E-018
      1775   2.88419733260476875000E+014   7.45611381226268714464E-018
      1776   4.47250690363906562500E+014   4.88558969193344677811E-018
      1777   5.25249916520132125000E+014   6.09363831446827223590E-018
      1778   4.00187019392480875000E+014   8.06945398001084495472E-018
      1779   5.31300885813412250000E+014   7.34535311064342042192E-018
      1780   4.91132012476082187500E+014   7.03544863941873634848E-018
      1781   4.45115644720421125000E+014   8.60811919578633229688E-018
      1782   3.60022593160701750000E+014   8.16257949795551904564E-018
      1783   4.30674163816776875000E+014   7.07094032167703801120E-018
      1784   3.92582118848128125000E+014   7.46459511893444677438E-018
      1785   5.38512123667623125000E+014   5.57323916144418985299E-018
      1786   8.82072230266864750000E+014   5.59743015787657025807E-018
      1787   7.39172734355106500000E+014   7.07757622255628218034E-018
      1788   6.20111096675254000000E+014   6.71816330640186148054E-018
      1789   6.00132070042692125000E+014   5.37684072536139593463E-018
      1790   5.36002023567154562500E+014   4.67662932486030779033E-018
      1791   7.69718819875024125000E+014   5.20533133709780446942E-018
      1792   7.79263783936644250000E+014   5.22928453654044334158E-018
      1793   9.91135455925169750000E+014   5.38005856801037011022E-018
      1794   9.05349835536120625000E+014   4.68646886480972443869E-018
      1795   9.28704696765145625000E+014   3.48326251962353323657E-018
      1796   6.34482765835396250000E+014   4.51449768527502437130E-018
      1797   3.69770013023776687500E+014   5.89978808087159687045E-018
      1798   2.75057776792197875000E+014   1.03519347405247967222E-017
      1799   5.47750728097811187500E+014   9.52271293105565614521E-018
      1800   6.92954099214238250000E+014   6.80194299562673443704E-018
      1801   6.72442098176960750000E+014   5.76140815817926559271E-018
      1802   5.17235783056769625000E+014   6.25001850129712237395E-018
      1803   1.00219800585715562500E+015   3.30842585842641635109E-018
      1804   7.91900081493518500000E+014   3.50445370673177972883E-018
      1805   7.03856810066523125000E+014   6.27245729590082011050E-018
      1806   6.18264572645699625000E+014   6.59935957646645945448E-018
      1807   8.92422882267476375000E+014   5.24063780926284205696E-018
      1808   7.39002758119622000000E+014   6.40836203394675299796E-018
      1809   1.07779318257225325000E+015   4.55237332336498564876E-018
      1810   1.29119416908509700000E+015   4.08612630677129107195E-018
      1811   1.63225339613828475000E+015   3.82553838166259260123E-018
      1812   1.30409797093265450000E+015   4.87288691273583908179E-018
      1813   1.50526331416108625000E+015   3.38404852480113866260E-018
      1814   1.14557970748695075000E+015   3.03477925228512891960E-018
      1815   1.14091526640681800000E+015   4.19884883729917501450E-018
      1816   1.33770736599970150000E+015   5.82450375235440948487E-018
      1817   1.46255450691745825000E+015   5.29824208470294395299E-018
      1818   1.90892120624195950000E+015   2.31057459318267254391E-018
      1819   1.80910800845372700000E+015   3.12217347229395861440E-018
      1820   2.31308338803779150000E+015   3.34439833563126474255E-018
      1821   2.59168354379937750000E+015   3.65339119898948147717E-018
      1822   1.96480449030007225000E+015   3.85181450826485760630E-018
      1823   2.33155408872132700000E+015   4.25132633881973341057E-018
      1824   2.43382756719410850000E+015   3.27819617265530084896E-018
      1825   2.97153329494166600000E+015   3.56509425324868301185E-018
      1826   3.38730469906112300000E+015   3.64115655243554891444E-018
      1827   3.09427265349777500000E+015   3.89886876807842508430E-018
      1828   4.45809423170184100000E+015   3.82262549900367855077E-018
      1829   4.55649635065501000000E+015   4.45699385941534018196E-018
      1830   4.86587577513522200000E+015   4.30817142945566054364E-018
      1831   5.54303809340076000000E+015   4.24411501313668341732E-018
      1832   6.47846055238068300000E+015   3.58337939339721197753E-018
      1833   7.80111502591562200000E+015   2.81293301330077220082E-018
      1834   7.10056807166720800000E+015   3.66750802516750003978E-018
      1835   9.64709024172158200000E+015   3.92518872443909805108E-018
      1836   1.24547374704656260000E+016   3.99614579599890411749E-018
      1837   1.20126488812428680000E+016   4.18443946969836179611E-018
      1838   1.50916611284284640000E+016   3.35059029489795510810E-018
      1839   2.00688522128399880000E+016   2.40424220796660406228E-018
      1840   2.05214030015707160000E+016   2.54769967698310014915E-018
      1841   2.25847992439106400000E+016   2.44705478293404723770E-018
      1842   1.30080591625318200000E+016   4.42034683282729525056E-018
      1843   1.83810631798009400000E+016   2.71888859935272623393E-018
      1844   1.93523052457239640000E+016   2.15585443383003343021E-018
      1845   2.35039169233123600000E+016   1.67131639663734762044E-018
      1846   2.42291225481569560000E+016   1.33535145803592171009E-018
      1847   2.38555407363293200000E+016   1.71254340697916611125E-018
      1848   1.79598740085849280000E+016   2.52669682303189467025E-018
      1849   2.23333681513898480000E+016   2.25129023003621565759E-018
      1850   2.46222159620016960000E+016   1.81312865934831892828E-018
      1851   2.38633744331100320000E+016   2.49060580500284392709E-018
      1852   1.23618407307025640000E+016   4.45447754556763486537E-018
      1853   2.63620132979083960000E+016   1.69862362040104163038E-018
      1854   1.43021240699874760000E+016   2.78243065564440252790E-018
      1855   1.83532701922584120000E+016   2.01908113684544991471E-018
      1856   3.49080003854391360000E+016   1.05535241264011014138E-018
      1857   1.85597843113933720000E+016   2.58290438702068012075E-018
      1858   1.92046624402428200000E+016   1.93294240216306888957E-018
      1859   3.37533100377972480000E+016   1.00594427897135175834E-018
      1860   3.82373538762108000000E+016   8.71398754421413489735E-019
      1861   2.67310624876434840000E+016   8.35549454774313014940E-019
      1862   1.59833172919629000000E+016   2.32192271541866560598E-018
      1863   1.99821339606253800000E+016   2.78283233035273816083E-018
      1864   2.40337420320012720000E+016   2.75539255661485754235E-018
      1865   4.24904688294380000000E+016   1.53364388526270523145E-018
      1866   3.19877885251958680000E+016   1.26004235038658522284E-018
      1867   2.48355821763653760000E+016   2.16268240752601316246E-018
      1868   2.51004967210153960000E+016   2.56825548906149849557E-018
      1869   2.19770869558810080000E+016   2.82622489213101013402E-018
      1870   1.78096045094233480000E+016   3.10328220376735072614E-018
      1871   1.63167953276902380000E+016   3.24133780001630426639E-018
      1872   1.84162141051512920000E+016   3.12392174645243527804E-018
      1873   1.66805335934787420000E+016   2.94342116704557246204E-018
      1874   1.53608061971694160000E+016   3.31074111020700006813E-018
      1875   1.39053848074624280000E+016   3.36137617503328989201E-018
      1876   1.09854555128264460000E+016   4.01647773410812728582E-018
      1877   1.42147932159828820000E+016   3.34427879284686293722E-018
      1878   9.54391744864180800000E+015   4.02381561756785213370E-018
      1879   7.34932440760533300000E+015   4.30058457855359481616E-018
      1880   7.49569702536294500000E+015   3.53395802128022195840E-018
      1881   6.25748174438502500000E+015   4.07903312698039738813E-018
      1882   5.47389907587189200000E+015   4.59090094283006715868E-018
      1883   5.79954412889234900000E+015   5.13119915797591804849E-018
      1884   4.22835848090203600000E+015   5.38141327215945623838E-018
      1885   3.83157013725656300000E+015   4.41593822285983908059E-018
      1886   4.16857652374337200000E+015   3.77874287500325504489E-018
      1887   3.97893523259604800000E+015   3.84012030005431741951E-018
      1888   3.07656155755967200000E+015   3.78927915901849169918E-018
      1889   2.33244925882972150000E+015   5.38094099037160869720E-018
      1890   2.44668815547243600000E+015   4.12079667073727472323E-018
      1891   2.90443566579067400000E+015   3.68871795148401272817E-018
      1892   2.19331532025797650000E+015   5.62338694818532297681E-018
      1893   1.79764477974080800000E+015   4.99132816394670548994E-018
      1894   1.83262036686055050000E+015   6.47789393282495932170E-018
      1895   1.31008262055140000000E+015   7.28732076219078526315E-018
      1896   1.09828436960199387500E+015   5.06187665108155888779E-018
      1897   1.34373551596298925000E+015   5.96541274894059003093E-018
      1898   1.40308350445756250000E+015   6.70816792013555447979E-018
      1899   1.95397564044111800000E+015   5.57279306489933598107E-018
      1900   1.72257088909922000000E+015   4.80217527935500254549E-018
      1901   1.33473620234113150000E+015   5.86652087484235104047E-018
      1902   1.84775262202817325000E+015   4.61457106748198870013E-018
      1903   1.64415886676333075000E+015   6.39273692601214282692E-018
      1904   1.13062792656821300000E+015   6.15461180841817183365E-018
      1905   1.27803170470839825000E+015   4.98312694666355496588E-018
      1906   7.36911699893608125000E+014   6.22142318363410010418E-018
      1907   9.94708175325342000000E+014   5.70523523646988801815E-018
      1908   1.42378428287049975000E+015   4.98649815394759523159E-018
      1909   1.22802230441957825000E+015   4.38667587843013203595E-018
      1910   1.25972758566404550000E+015   4.65312025732823281644E-018
      1911   1.18101369684084575000E+015   5.84371906507722744512E-018
      1912   8.67809842021288750000E+014   5.57069806718972167894E-018
      1913   1.00541235530599912500E+015   6.73484129103494274899E-018
      1914   9.33374395103666750000E+014   6.21323588236555056143E-018
      1915   8.51003318534289500000E+014   6.13439141120269321648E-018
      1916   7.24182840245726750000E+014   5.57323280408624223468E-018
      1917   1.13212111462938500000E+015   4.79704741992390422459E-018
      1918   9.46162835847512250000E+014   4.84675740527020541761E-018
      1919   5.39758696045537000000E+014   4.88536713461216255461E-018
      1920   4.86925749367624062500E+014   6.99202701233661374266E-018
      1921   3.71484565497850187500E+014   6.84430779268550039715E-018
      1922   3.65970240591412125000E+014   6.97165709148305810731E-018
      1923   5.64555234751625625000E+014   5.37579518891903391392E-018
      1924   4.81192935622969500000E+014   4.37975208430229926180E-018
      1925   5.52599995464746375000E+014   3.97345107232873944934E-018
      1926   4.41424271808019937500E+014   5.76751272511823607423E-018
      1927   4.45101141017449187500E+014   4.90435873772259757164E-018
      1928   6.04090069342305750000E+014   6.36932479229273241334E-018
      1929   4.26764049664917562500E+014   5.67946971444635738917E-018
      1930   3.30626112474543437500E+014   5.38599053507297664891E-018
      1931   5.65407972041412375000E+014   5.25910546400174662288E-018
      1932   5.86805395857239000000E+014   7.56178346685156445671E-018
      1933   4.00452721458529687500E+014   7.21527319697001818590E-018
      1934   5.61769911776165562500E+014   3.95769268704496799126E-018
      1935   4.48993558033806437500E+014   3.16551959646895456091E-018
      1936   3.84848621257495437500E+014   4.19535780735770072048E-018
      1937   2.77859091239799062500E+014   9.59115333033190187630E-018
      1938   1.69217416858435343750E+014   9.91463441994239605655E-018
      1939   3.50729047084895375000E+014   6.89210199865693531047E-018
      1940   6.95534270201687625000E+014   4.98027589158949949535E-018
      1941   5.85616284852958250000E+014   7.01424068824117110732E-018
      1942   5.10032035665300375000E+014   7.87374187056809171902E-018
      1943   6.55065507884689000000E+014   7.25528624028582621263E-018
      1944   5.50569881431812562500E+014   7.84098563356828475238E-018
      1945   4.06554356871410812500E+014   7.04722205451988949836E-018
      1946   4.71452506678802812500E+014   6.30523328048474285390E-018
      1947   4.46718833685929062500E+014   7.34664555871902248971E-018
      1948   4.74813838116139562500E+014   6.88361358083575992504E-018
      1949   6.35309775950433750000E+014   5.69113421814542256714E-018
      1950   7.85354551286127750000E+014   6.38594394586838099916E-018
      1951   6.16364936373139000000E+014   7.39921807467684463124E-018
      1952   7.45680299055811750000E+014   6.96500498885589929017E-018
      1953   6.21733993589797875000E+014   5.13780984303006916902E-018
      1954   7.53269052180655750000E+014   5.59850746157626635665E-018
      1955   7.63335025593671125000E+014   4.81667057164559051118E-018
      1956   1.05079445611176925000E+015   4.41205585859909911726E-018
      1957   1.09292342665636437500E+015   5.09000880193640089121E-018
      1958   7.95510603770858000000E+014   4.87979721730699196986E-018
      1959   9.34682532360494625000E+014   3.97405909964171378202E-018
      1960   4.41835070776246687500E+014   5.93806782335927012361E-018
      1961   2.96093080982308062500E+014   9.98815223221515048211E-018
      1962   4.01492168331295625000E+014   1.02060613253331079909E-017
      1963   5.71489714668890625000E+014   7.88898726002381423397E-018
      1964   6.39795094326293750000E+014   5.85647909513262756018E-018
      1965   6.31757402948002125000E+014   5.48508153669397514433E-018
      1966   6.07985716486133125000E+014   6.34175331004596022589E-018
      1967   5.00740300146015500000E+014   5.87191392014456624182E-018
      1968   9.88937428306127625000E+014   3.87291379462620600028E-018
      1969   1.03547892217713612500E+015   2.08291650599733962759E-018
      1970   5.94239606509106000000E+014   1.86355913646428708996E-018
      1971   3.18878929927532750000E+014   2.99837479667531912099E-018
      1972   6.72673278481980750000E+014   4.89044608292418829167E-018
      1973   5.50681997833393875000E+014   6.46050824383827972897E-018
      1974   7.36484936613374000000E+014   7.07201034598228464342E-018
      1975   7.81826969855321125000E+014   6.02899059518641591073E-018
      1976   1.11293227143802937500E+015   4.68417076560329749501E-018
      1977   8.84892403492568625000E+014   5.85493120270411723629E-018
      1978   6.85356657702188250000E+014   6.49349576887327405136E-018
      1979   7.68826458572316625000E+014   4.90934510577738592762E-018
      1980   1.22240820212202825000E+015   4.95607375633511646689E-018
      1981   1.30483104089231500000E+015   3.36458611690302904213E-018
      1982   9.97474763322535750000E+014   3.46068574280856143820E-018
      1983   1.02360517228233250000E+015   4.80087499857657857544E-018
      1984   1.42547621708336100000E+015   4.12505995381135120132E-018
      1985   1.52961667031958575000E+015   3.50015808987915204237E-018
      1986   1.56374594270877725000E+015   3.49591989115310892247E-018
      1987   1.49400365094329600000E+015   5.24177582578485412665E-018
      1988   1.23764086437581000000E+015   5.39627027976683947206E-018
      1989   1.29774163752206150000E+015   2.62036059414129952998E-018
      1990   1.33007582057036600000E+015   3.26191562374835375841E-018
      1991   9.22282714566976250000E+014   4.24767636822244598273E-018
      1992   7.79700668388197000000E+014   3.70569706695710864258E-018
      1993   1.01931302414907450000E+015   2.35433852585979834773E-018
      1994   1.47924756456765100000E+015   3.48118536401439894084E-018
      1995   1.25697785686274250000E+015   3.41060473327228748342E-018
      1996   1.23511580874400175000E+015   4.32617459706323022019E-018
      1997   1.35222000889542850000E+015   4.16933206849426982768E-018
      1998   1.24718988298035050000E+015   4.78092329929524112923E-018
      1999   1.34546896416271475000E+015   4.82966348146916651768E-018
      2000   1.47773827002786450000E+015   5.61072514594269239601E-018
      2001   1.45262896810843150000E+015   3.46653478768397132741E-018
      2002   1.92958419516462825000E+015   1.77168008298541210694E-018
      2003   1.76422577813414450000E+015   2.49234596437900248391E-018
      2004   1.35662122747768550000E+015   2.46126831980669771276E-018
      2005   1.54898350165171000000E+015   2.66606752379629089165E-018
      2006   1.42122550336747400000E+015   3.63254320815770497890E-018
      2007   1.97273483285055500000E+015   3.10047562762956762607E-018
      2008   1.79341384133016025000E+015   2.02498752884942325502E-018
      2009   2.45040310439404000000E+015   2.92895272460839355965E-018
      2010   2.26322125579790400000E+015   2.44157337603056884029E-018
      2011   2.17080729021010500000E+015   2.66991721833512403265E-018
      2012   2.50897886029164550000E+015   2.42916654707059829211E-018
      2013   2.59498337688020750000E+015   4.37484444186569972151E-018
      2014   2.51324529596482850000E+015   4.06840510781281923082E-018
      2015   2.46065957743346400000E+015   3.22875010637774502174E-018
      2016   2.65295933614152700000E+015   3.95055772753760693765E-018
      2017   2.87307545799294250000E+015   4.15839836414001151558E-018
      2018   2.61035968853745950000E+015   3.96398587253422459003E-018
      2019   2.77516551724335050000E+015   3.95822534999671309681E-018
      2020   3.14614017060145350000E+015   3.37836980476239297661E-018
      2021   3.37112675127865250000E+015   3.94294416589395947098E-018
      2022   3.08193437714580350000E+015   4.91044631336489151930E-018
      2023   3.55038779332285550000E+015   4.21730448681543027495E-018
      2024   4.78455560230664400000E+015   4.10187681291492346943E-018
      2025   4.57366533925684800000E+015   4.62685273194283055490E-018
      2026   4.19573753074513850000E+015   4.90678917677487029015E-018
      2027   4.86776470988648600000E+015   4.54288352924159336950E-018
      2028   5.87689248024669400000E+015   4.09701834770969279450E-018
      2029   4.43745321678347700000E+015   3.86118384623397435960E-018
      2030   5.83802998756692900000E+015   4.72055260523240099474E-018
      2031   7.41728449160589200000E+015   4.13397187832932367826E-018
      2032   9.23021550431778200000E+015   3.20354951203522177576E-018
      2033   7.85693082008113600000E+015   3.16494913743139486699E-018
      2034   9.29804477552334800000E+015   3.28050288588908573939E-018
      2035   9.45166427014005000000E+015   2.81539770578089037328E-018
      2036   7.99277500811646300000E+015   3.73355218005633705267E-018
      2037   9.81642260952530400000E+015   4.18484846046061017071E-018
      2038   1.00728183111367380000E+016   4.78293193845954942777E-018
      2039   1.50721643247363880000E+016   3.25705244769640217736E-018
      2040   1.58294570027714000000E+016   3.98959648306035386049E-018
      2041   1.55442212005262900000E+016   4.59641370247435551378E-018
      2042   1.37833065216340360000E+016   3.81843989267936514571E-018
      2043   1.54244668965773200000E+016   3.80532664346346781536E-018
      2044   1.36186036656146680000E+016   3.45180367891262969546E-018
      2045   1.95375247554192680000E+016   2.71674109678804227604E-018
      2046   2.39779713337898680000E+016   1.97098789157624493050E-018
      2047   2.41102403475462600000E+016   2.26279104104673031267E-018
      2048   2.53038788602161800000E+016   2.22790875245103230678E-018
      2049   3.12160945209743680000E+016   1.65410508968197170393E-018
      2050   2.28744424842206920000E+016   2.80433749957684041676E-018
      2051   1.95594501937753520000E+016   3.20250782552893787844E-018
      2052   1.91842760997877760000E+016   3.65760432086632596671E-018
      2053   1.48165215300495280000E+016   4.34316940313879276427E-018
      2054   2.27618179655098880000E+016   3.32908019731561464063E-018
      2055   2.75379291928908000000E+016   1.69958832017087074825E-018
      2056   2.06642005591954080000E+016   2.34784223050528847627E-018
      2057   2.73851987160962520000E+016   2.02050766623824432275E-018
      2058   3.17428201801249440000E+016   1.29308067091744463030E-018
      2059   2.88073306814915760000E+016   1.27522861518410230772E-018
      2060   2.49006514431662280000E+016   1.44884916187730698480E-018
      2061   3.84377789957367360000E+016   1.38265205298920516409E-018
      2062   4.85232305430150880000E+016   1.05533335429512350213E-018
      2063   2.89239297931432520000E+016   2.05095289526640306874E-018
      2064   1.82161636776067880000E+016   2.87867554355751105357E-018
      2065   2.18860732042111800000E+016   2.41362171028161857546E-018
      2066   1.90983710029984800000E+016   3.48151623354201774130E-018
      2067   2.49913764142707280000E+016   2.30218509107866763794E-018
      2068   3.37957173062792080000E+016   1.48387707584745639797E-018
      2069   4.36254152546469440000E+016   9.93163943026752012338E-019
      2070   4.35852247072113120000E+016   1.80162269045266756760E-018
      2071   1.17322243035202100000E+016   4.74221397806459103347E-018
      2072   1.26255798359847540000E+016   4.34866271963742621404E-018
      2073   1.87356647251273400000E+016   2.63522092391271536243E-018
      2074   3.75834783828297280000E+016   1.51088747132098656227E-018
      2075   3.73695544236918480000E+016   1.48247023308137960106E-018
      2076   1.08410121686253340000E+016   4.75659779288825401796E-018
      2077   1.79848993331796320000E+016   2.89218210120623906468E-018
      2078   1.77498334190119180000E+016   2.14141876519942113065E-018
      2079   2.16836059435152520000E+016   1.84165955487021339097E-018
      2080   4.01898450662984640000E+016   9.33742695634678715135E-019
      2081   4.04932767966176000000E+016   2.11488095369955660476E-018
      2082   4.69857683080052640000E+016   9.71428338061374241570E-019
      2083   3.20827389809724160000E+016   1.80034076677310194292E-018
      2084   3.05811066153661760000E+016   1.86382570225226296560E-018
      2085   2.77160387977641040000E+016   2.01950818505819553559E-018
      2086   2.79924851393608680000E+016   1.78993396006741644295E-018
      2087   4.45179993250039680000E+016   1.05708556435977652541E-018
      2088   5.56022465955783760000E+016   7.62794208687334568094E-019
      2089   7.08246472631770640000E+016   8.58450880859855923742E-019
      2090   4.54558110359364560000E+016   1.04139669815614388232E-018
      2091   3.97928667794300960000E+016   9.10580704955296930171E-019
      2092   2.68005617656198680000E+016   2.75352812299267329062E-018
      2093   1.60901346458425360000E+016   3.52226231811608118138E-018
      2094   2.96546680002326040000E+016   1.55718484371083709768E-018
      2095   3.88799593321148160000E+016   1.44144617657085329148E-018
      2096   2.18292690169853080000E+016   2.47999438578395790249E-018
      2097   3.31434667529070880000E+016   1.45487619142442452714E-018
      2098   6.20758822504644480000E+016   1.18457871851879882889E-018
      2099   5.83750691893459840000E+016   1.14062489941026466827E-018
      2100   5.23995975917517680000E+016   1.10764799283347875383E-018
      2101   3.81025916447597760000E+016   1.21548841497853457544E-018
      2102   2.53561340551020240000E+016   1.72408374894809517402E-018
      2103   2.45915697233476560000E+016   2.30936606199517054378E-018
      2104   2.96157898143166240000E+016   1.86937422894047384498E-018
      2105   2.93821400431611920000E+016   1.89728418124599608567E-018
      2106   2.72170094940555600000E+016   2.69777760081240755658E-018
      2107   2.09749955482030640000E+016   3.43477281388812276600E-018
      2108   2.99701315770627400000E+016   1.94051987732246536276E-018
      2109   2.30102540641790320000E+016   2.87816549653744423350E-018
      2110   1.55195818019908300000E+016   4.38194358504895628679E-018
      2111   1.90355796728441600000E+016   3.68886063716747364244E-018
      2112   2.52746537043469520000E+016   2.47279487437429506491E-018
      2113   2.24185360622193720000E+016   2.32279741482410437463E-018
      2114   1.83364661148936600000E+016   2.48656212518932673772E-018
      2115   1.77044242576685680000E+016   2.38154767735128030761E-018
      2116   1.73544198043373660000E+016   2.68183843445363861166E-018
      2117   1.91599601723326800000E+016   2.74951661343148237809E-018
      2118   1.81247223578433200000E+016   2.84068361225965172276E-018
      2119   1.16157964695302920000E+016   3.73278997921267096929E-018
      2120   1.14668443568997480000E+016   3.76848926064739263519E-018
      2121   1.19513901648191280000E+016   3.30871545912244133048E-018
      2122   1.69222923092076720000E+016   2.57260166969525754143E-018
      2123   1.70232248559995540000E+016   2.30140401077575013155E-018
      2124   1.10204728289808080000E+016   3.23035027002892203005E-018
      2125   6.37512349838006500000E+015   4.08946431744759257313E-018
      2126   7.63979189525094000000E+015   4.23955411026732503690E-018
      2127   9.14308105774243600000E+015   3.78297375857381710511E-018
      2128   8.82591206909538500000E+015   3.51797741353824043677E-018
      2129   9.57086801736935000000E+015   3.47873134820835514770E-018
      2130   8.25749859865192900000E+015   4.24574938640713133208E-018
      2131   5.96386493979766900000E+015   5.33163229336865233300E-018
      2132   6.69056248756164300000E+015   5.02490629999974344302E-018
      2133   6.70867372618629300000E+015   4.71693306408070358357E-018
      2134   6.81441676784254300000E+015   4.40137417939749689970E-018
      2135   6.38309257129888700000E+015   4.69408736130160306571E-018
      2136   5.27133373035641000000E+015   5.73904702088527833780E-018
      2137   4.95701132058498500000E+015   5.52475280339463086221E-018
      2138   4.63209096781992300000E+015   4.59703453821916954034E-018
      2139   4.32479161172333800000E+015   3.90452654118396081302E-018
      2140   4.32380562820661500000E+015   3.87345895304762621759E-018
      2141   3.91849675788209550000E+015   3.75000943993159478638E-018
      2142   3.68241974979912000000E+015   4.94123933345451272064E-018
      2143   3.41275564736197700000E+015   4.25531443654511717274E-018
      2144   2.84774022759610050000E+015   3.41059791638446609104E-018
      2145   3.21279776273124100000E+015   3.53966686244487455809E-018
      2146   3.87321214142229050000E+015   4.28000492881364972099E-018
      2147   4.05871555947861600000E+015   4.21825475145264215838E-018
      2148   3.32036296726360750000E+015   4.41912356744571298590E-018
      2149   3.19747433922845000000E+015   3.11118537176623426905E-018
      2150   2.99565438239013100000E+015   2.47722854553588425272E-018
      2151   3.07392320303398800000E+015   2.38380795101327460478E-018
      2152   2.67659551724842550000E+015   4.88108986352141160332E-018
      2153   2.28664138396751500000E+015   5.17439111521000571242E-018
      2154   1.88334922474855225000E+015   4.94425227291399780017E-018
      2155   1.83480101823797700000E+015   5.43164519582761923835E-018
      2156   2.06625598733333950000E+015   4.73303231907235831412E-018
      2157   2.38077146308403450000E+015   4.67887823408528516184E-018
      2158   2.34234468575229200000E+015   4.96976979031775494234E-018
      2159   1.97577966643423675000E+015   5.13056971837968544065E-018
      2160   1.21607672611805825000E+015   6.16422345276685468530E-018
      2161   8.18739965832976750000E+014   6.82821190250136495972E-018
      2162   8.50762603556890250000E+014   6.72576563694219709699E-018
      2163   7.57110505621156875000E+014   7.70076112741144897543E-018
      2164   9.21460664808122375000E+014   5.56554150670134327564E-018
      2165   1.11906094726640737500E+015   5.46322058183146482417E-018
      2166   1.57021132290141925000E+015   6.70344484743098417222E-018
      2167   1.40290728753815200000E+015   6.20092701989793914577E-018
      2168   1.02919722055973275000E+015   6.33949236585559960907E-018
      2169   1.52780115743243200000E+015   6.32175243553673104273E-018
      2170   1.80072311580366250000E+015   5.87142520623631253497E-018
      2171   2.03891973311224850000E+015   7.25778578705539174685E-018
      2172   1.71625507889503425000E+015   6.54723726358909670432E-018
      2173   1.72756447857276800000E+015   4.02724787879623668610E-018
      2174   1.63569381296061975000E+015   4.37771725289900053385E-018
      2175   1.55556120150835475000E+015   4.75226996451943979447E-018
      2176   1.38446636024121450000E+015   4.68877458111745925334E-018
      2177   7.73224117311229250000E+014   6.82511569058693052884E-018
      2178   8.15229558864148000000E+014   5.62516270356628433958E-018
      2179   1.45957638697804475000E+015   4.53315273764633675950E-018
      2180   2.01989326056687425000E+015   4.29559203228233116949E-018
      2181   2.08845192621649250000E+015   5.87354799684533912560E-018
      2182   1.70129030080628250000E+015   6.13949161396550533277E-018
      2183   1.14791745381431275000E+015   6.20792532823056358821E-018
      2184   1.45517384334596950000E+015   4.90129696884761417573E-018
      2185   1.09433250719521887500E+015   4.86072938878412864969E-018
      2186   6.01165467359521000000E+014   6.21208931572802130472E-018
      2187   3.48358390501717937500E+014   7.35053579985358425162E-018
      2188   7.78246580587097625000E+014   5.72300178496317641153E-018
      2189   1.39479216184304050000E+015   5.63753697736526247507E-018
      2190   1.48860176547208300000E+015   5.55979656208927166652E-018
      2191   1.48797624957866450000E+015   4.11234797822104852448E-018
      2192   1.01566842808419450000E+015   4.73515663992564644761E-018
      2193   1.10888637786077712500E+015   4.46680751182101921557E-018
      2194   1.31729249056055850000E+015   4.81402294582149631095E-018
      2195   1.02769692860640437500E+015   4.15208907900788750404E-018
      2196   8.35952989900246125000E+014   5.65461370909505890191E-018
      2197   8.64465606849913250000E+014   6.82242266680663115974E-018
      2198   8.97194680835413625000E+014   5.62450802842886948616E-018
      2199   9.41684957186587375000E+014   4.96877696298314629225E-018
      2200   9.61912479469782625000E+014   4.33902877003483754449E-018
      2201   1.22681835784394650000E+015   4.49889525027470964417E-018
      2202   7.47286512449031125000E+014   5.02082287161418635712E-018
      2203   5.38577013529131437500E+014   5.04851664292753382789E-018
      2204   3.78844009677706250000E+014   5.54926783416819698412E-018
      2205   3.63451119133771250000E+014   6.96739166539626969043E-018
      2206   5.05425091058247750000E+014   6.73452913612687969946E-018
      2207   4.77840581804130687500E+014   6.01944021408083001891E-018
      2208   4.04838230645521750000E+014   4.17752667048943974646E-018
      2209   5.25654301403898312500E+014   4.16067045828785825668E-018
      2210   4.90086894192490187500E+014   5.41376650624359045421E-018
      2211   6.17514963196641250000E+014   4.41847529500482141660E-018
      2212   5.45860262132364437500E+014   6.22425121718971301585E-018
      2213   3.61697526817493125000E+014   5.59038990353068080017E-018
      2214   4.41794934350356500000E+014   5.60334654909767323117E-018
      2215   6.91958033049736625000E+014   5.72498733722195330594E-018
      2216   5.00972509013701250000E+014   7.57261828730929669808E-018
      2217   4.06563606126841750000E+014   5.71029338071189174927E-018
      2218   4.69045649520553812500E+014   4.22200392940972706819E-018
      2219   3.99760060710943250000E+014   4.14704155427313505119E-018
      2220   5.16643631604185937500E+014   4.57600522416769453088E-018
      2221   2.23778406109925906250E+014   1.10164505326443355460E-017
      2222   3.69136163640536375000E+014   7.29715413957402979375E-018
      2223   5.64543450369596000000E+014   4.40646354326841409439E-018
      2224   6.82539118953963500000E+014   5.86211453179404388877E-018
      2225   4.97345777174276687500E+014   7.09330838918162924031E-018
      2226   6.56430892483545125000E+014   6.72979076848506529724E-018
      2227   5.53595725075862187500E+014   8.36303474542808776358E-018
      2228   4.01411102293379312500E+014   7.45900160928350523407E-018
      2229   4.44222630898170187500E+014   6.05238199702402818386E-018
      2230   3.93904113906123437500E+014   7.17561401760355886257E-018
      2231   5.74116213624272625000E+014   7.21880076434576189372E-018
      2232   6.21353359493100250000E+014   5.44916350809284040429E-018
      2233   8.19754981057772000000E+014   6.19314807572516057046E-018
      2234   7.86023279871532750000E+014   6.42537565077185029822E-018
      2235   6.97138714382328625000E+014   6.88236479926795918103E-018
      2236   6.36252131607824125000E+014   5.27174557788866947991E-018
      2237   5.45757903580318500000E+014   5.63170674667327344019E-018
      2238   5.71052542262904000000E+014   4.92853212769637002330E-018
      2239   7.78340720281004250000E+014   3.51104569055382537214E-018
      2240   1.13580748081144425000E+015   4.20843148137158658793E-018
      2241   8.00627741726165625000E+014   4.97227659023665959718E-018
      2242   9.74224102032984250000E+014   3.97053073020819921417E-018
      2243   8.79352642286254625000E+014   4.75973307250540397519E-018
      2244   5.23087682111120562500E+014   7.01305589661059089354E-018
      2245   4.50646500339133000000E+014   8.57033160910763586194E-018
      2246   4.53939533812312562500E+014   8.54362241681429122244E-018
      2247   6.00364361610889125000E+014   7.67155065783698662988E-018
      2248   7.11594288655531750000E+014   6.02579538585632658058E-018
      2249   5.13367268950719937500E+014   5.87047140852401272667E-018
      2250   7.56932878558544500000E+014   5.28851185359842415753E-018
      2251   9.74619005552703250000E+014   3.45898435013332506246E-018
      2252   9.63032918915872875000E+014   2.94741740699567561935E-018
      2253   5.38171421774647750000E+014   2.33894527027860382936E-018
      2254   4.56240924302810125000E+014   2.50757050228762979847E-018
      2255   4.99582007721666000000E+014   5.15482400008365348061E-018
      2256   5.12453690119577625000E+014   7.40536716606104285268E-018
      2257   5.38931010089960875000E+014   8.46610886114741074285E-018
      2258   8.56557356616600125000E+014   7.60985150332384350105E-018
      2259   8.45079722178202250000E+014   5.16869539521533013611E-018
      2260   9.99414081613388500000E+014   3.74770095050065991204E-018
      2261   7.92574116778050750000E+014   6.42106233934219299146E-018
      2262   1.11952902814299750000E+015   4.84833495467308824542E-018
      2263   1.44902365507221775000E+015   3.80278516566866936791E-018
      2264   1.29505472032975075000E+015   4.10449377293202740241E-018
      2265   7.48957101221348000000E+014   3.98367065931526807715E-018
      2266   9.83636911884590000000E+014   3.53660561389882643079E-018
      2267   1.18202904984021275000E+015   3.50438442644099883777E-018
      2268   1.70056858247108625000E+015   3.41879529416676927226E-018
      2269   1.43563012745990975000E+015   3.42465055982832063693E-018
      2270   1.16369356983813775000E+015   3.86889796879546644641E-018
      2271   1.35710067739643925000E+015   5.69265803080914777800E-018
      2272   1.69383869988470000000E+015   3.76229883788557426789E-018
      2273   1.23867451253499650000E+015   2.98035772074284824106E-018
      2274   1.00103800188193087500E+015   3.21901934541714169404E-018
      2275   9.34537382286534125000E+014   3.93182458549041141537E-018
      2276   1.13158896974954400000E+015   4.78786198523153221620E-018
      2277   1.24536129545990150000E+015   3.53149288087499330674E-018
      2278   1.26712051160003475000E+015   2.85408242347742087936E-018
      2279   1.81007598628192900000E+015   2.99006781583753914112E-018
      2280   1.75261157440840775000E+015   2.73510969177096764712E-018
      2281   1.28643580833706850000E+015   1.65831461018687089283E-018
      2282   1.06440584289572325000E+015   2.53396960842070117316E-018
      2283   1.34906338388928550000E+015   4.80101161488616149217E-018
      2284   1.56590113720817200000E+015   4.30215352744093150449E-018
      2285   1.51828904631624050000E+015   2.55609537008151808853E-018
      2286   1.37738102385042550000E+015   2.52692898784844373048E-018
      2287   1.13193290787755350000E+015   3.18210670172106161558E-018
      2288   1.37618986756974650000E+015   3.16161051315136021965E-018
      2289   1.46685574981891425000E+015   2.69619676779395525783E-018
      2290   1.45084332629260450000E+015   3.47953911429106165854E-018
      2291   1.33756829925094200000E+015   2.62539586579250352930E-018
      2292   1.53865942614232750000E+015   3.21052637649081885212E-018
      2293   1.58936314511367875000E+015   3.49972081286734638722E-018
      2294   1.26334184385695600000E+015   2.08000156814754825676E-018
      2295   1.52449093670928550000E+015   2.12009073676152722372E-018
      2296   2.10159356080198500000E+015   2.79306630928455573475E-018
      2297   2.29358061594898150000E+015   3.50840123615554226213E-018
      2298   2.48641875585588100000E+015   3.54244988949999898608E-018
      2299   2.81134502526732400000E+015   3.08426830601095960992E-018
      2300   3.18982390207833600000E+015   3.55754865478802419613E-018
      2301   3.33315123760536100000E+015   4.71826536291507724984E-018
      2302   2.94832374282380800000E+015   4.29656347332221025848E-018
      2303   3.23718568663249050000E+015   3.94669154770829097287E-018
      2304   3.15501974989128750000E+015   3.22894985450064696718E-018
      2305   3.71628653879659750000E+015   3.21656727420730976871E-018
      2306   4.36335692584934750000E+015   4.35292279678147104574E-018
      2307   3.87291159195214900000E+015   3.87375575077763175117E-018
      2308   3.57906230947611800000E+015   3.29512112450581002263E-018
      2309   5.58170827319416400000E+015   3.33912622056884464869E-018
      2310   6.01107208053365000000E+015   4.35985090213977963609E-018
      2311   6.17130257088481400000E+015   4.32121033335536481474E-018
      2312   6.25926279961809100000E+015   3.89713044534469546037E-018
      2313   8.03220765200942300000E+015   3.42378311997403831669E-018
      2314   5.88729259570088800000E+015   3.82897941341088553389E-018
      2315   6.43487366141740500000E+015   4.76794982204453779012E-018
      2316   9.63103944138974800000E+015   3.64965343640549461582E-018
      2317   1.29905386576817120000E+016   2.46517997175931107786E-018
      2318   1.01575579413425360000E+016   3.08798081440676220752E-018
      2319   9.21348289878502800000E+015   3.67815729656905295836E-018
      2320   1.12065130349649200000E+016   3.03395154879721572500E-018
      2321   9.18236853163731200000E+015   3.18443558911843862562E-018
      2322   1.00172589077260620000E+016   3.16835351104526292964E-018
      2323   1.34388020300377260000E+016   3.75243833897700621453E-018
      2324   1.65779128930698380000E+016   3.30074496098568415098E-018
      2325   2.43828478965300680000E+016   2.14132310059789251830E-018
      2326   1.93649516753021720000E+016   3.63428262572390641265E-018
      2327   2.41305184553323600000E+016   2.74843820187138139056E-018
      2328   2.17481865562269240000E+016   2.87979744530187853171E-018
      2329   2.24301419224799120000E+016   2.50187346414060729890E-018
      2330   2.71158375499019520000E+016   2.10241250343354149313E-018
      2331   3.71371999677872720000E+016   1.30138806348868597532E-018
      2332   3.31645886661301160000E+016   1.68908968158914579749E-018
      2333   3.30456001519406840000E+016   1.75318581312162406204E-018
      2334   4.93027586104282800000E+016   1.27783399508707213342E-018
      2335   3.73436969972313200000E+016   1.46997016599666176909E-018
      2336   2.55874274526905760000E+016   2.33471283254658916739E-018
      2337   3.26516631832216080000E+016   1.73200432043283035199E-018
      2338   2.40204536210846280000E+016   2.86756172408648187569E-018
      2339   1.59187162580945980000E+016   4.26439000884486840033E-018
      2340   3.46987862170058400000E+016   2.12375209721050519763E-018
      2341   3.77646572200806720000E+016   1.78787704485287577523E-018
      2342   3.50332494658111840000E+016   1.74260668369811297101E-018
      2343   4.25004359701874880000E+016   9.97203227621508454709E-019
      2344   4.76003564381239360000E+016   1.12612481611978575651E-018
      2345   3.31068236828217800000E+016   1.47010149898970724482E-018
      2346   4.01146497963043680000E+016   1.49791722915117914481E-018
      2347   5.69414067230810880000E+016   9.37863043148900007047E-019
      2348   7.27099314810219520000E+016   6.34263624533438374880E-019
      2349   5.57616422451171120000E+016   1.59565567090321056939E-018
      2350   2.89486919511497200000E+016   1.67541205167316790299E-018
      2351   2.84203017002686600000E+016   2.92366865740590659144E-018
      2352   1.72572311102526320000E+016   3.99790510210034872686E-018
      2353   4.08097603372161200000E+016   1.84560472049190404824E-018
      2354   7.13513489899209600000E+016   1.00027433771036240857E-018
      2355   6.97266186070430080000E+016   7.76195606223404637364E-019
      2356   4.39627856456182560000E+016   2.41382761743221621858E-018
      2357   1.33946949460898760000E+016   3.08809211922921858009E-018
      2358   2.63316383235173280000E+016   1.72872124129851574024E-018
      2359   2.76816191895723600000E+016   1.52931991592293767424E-018
      2360   4.22075223277381680000E+016   1.09741279922092800247E-018
      2361   4.54139187680883600000E+016   1.31168287357556815549E-018
      2362   3.23922294502687960000E+016   3.64913119762221958369E-018
      2363   2.08964144583082520000E+016   4.28516470448735262263E-018
      2364   2.78330050898698800000E+016   1.28435930006117673354E-018
      2365   1.38481023239992660000E+016   2.01880892808639355507E-018
      2366   3.97093927792999040000E+016   1.31327771280570853587E-018
      2367   5.43104428308266560000E+016   1.94063444572045288893E-018
      2368   3.77293094610335040000E+016   2.16453740716012304543E-018
      2369   5.91367093776674480000E+016   8.44625093379641885705E-019
      2370   4.53530385253482960000E+016   1.04770302479523532586E-018
      2371   4.34268526752936000000E+016   1.34613260204634337815E-018
      2372   5.02433027735589280000E+016   1.50651903899558240455E-018
      2373   5.05052309716592480000E+016   1.06707676742101113184E-018
      2374   5.51815996748809040000E+016   8.66908298569636018011E-019
      2375   8.87534759433546240000E+016   6.96416610029694811411E-019
      2376   8.77466027735675840000E+016   7.49100572569771070905E-019
      2377   4.08718276372694080000E+016   1.18984313891228771028E-018
      2378   5.07627097980801600000E+016   1.11356631260589087255E-018
      2379   3.57310691854700680000E+016   2.01239492717631045614E-018
      2380   4.25657715138946480000E+016   1.09347581916077937021E-018
      2381   5.33747200090411200000E+016   1.06453995024220216165E-018
      2382   5.15555741974646240000E+016   1.03168383851908183391E-018
      2383   4.39994467598366160000E+016   1.12366137052065848080E-018
      2384   7.22659211684598400000E+016   7.79242276629856975165E-019
      2385   7.87498301687462720000E+016   8.01598471096460850827E-019
      2386   8.08320533943631680000E+016   7.23430442736615370905E-019
      2387   6.00749977129468640000E+016   8.88547859860337371965E-019
      2388   2.98582010380364040000E+016   1.31111225897233280644E-018
      2389   2.98322507552752080000E+016   1.74833787707784881034E-018
      2390   3.98186783735377920000E+016   1.46053730707437534876E-018
      2391   4.01800826620469440000E+016   1.53380661834379806250E-018
      2392   3.80098144395684160000E+016   1.62226966544219328262E-018
      2393   2.83083594596344800000E+016   2.57838288845500589718E-018
      2394   3.26638838486849840000E+016   2.28264439574946211811E-018
      2395   3.56382589973274320000E+016   1.86686060141470774354E-018
      2396   2.93234044065803880000E+016   2.55983462334015219724E-018
      2397   2.91510899763057080000E+016   2.61034120832557825258E-018
      2398   3.25443686653963760000E+016   1.72049288262255109908E-018
      2399   2.72374054841505800000E+016   2.00226816224118934363E-018
      2400   2.49957598929601640000E+016   2.05042411608196237930E-018
      2401   2.54158457681497720000E+016   1.66362201013292757029E-018
      2402   2.16829786454439800000E+016   1.74022838863369506093E-018
      2403   2.35851762591708240000E+016   2.25430704486076137005E-018
      2404   2.53503293880471040000E+016   2.34702511602991327332E-018
      2405   1.57447299602658140000E+016   4.47586861882642646873E-018
      2406   8.70903240767682800000E+015   5.65749476757246445751E-018
      2407   1.39348772511730600000E+016   3.49476192332982067110E-018
      2408   1.78638398667036740000E+016   2.72282449042926894895E-018
      2409   2.01025822848663600000E+016   2.20361686620514886155E-018
      2410   1.78554226538813000000E+016   2.42293335219741634833E-018
      2411   1.06293340456013620000E+016   2.56314897931593246162E-018
      2412   6.63715804684449600000E+015   3.29015350270762677657E-018
      2413   1.08693288098415300000E+016   2.83926893796825368785E-018
      2414   1.05669592266547680000E+016   3.44498675447093358463E-018
      2415   1.02895927983108660000E+016   3.33643651856488047684E-018
      2416   1.05135184046538840000E+016   3.42461361341926610285E-018
      2417   8.90154416317465000000E+015   3.67006589283796056831E-018
      2418   6.84601485930879800000E+015   3.59717040875774631622E-018
      2419   6.98229120020569700000E+015   3.84750563557240041093E-018
      2420   6.88193248374468100000E+015   4.00182584315138573583E-018
      2421   6.27547625770214100000E+015   4.15501186531348374950E-018
      2422   5.81522353443599300000E+015   4.37448099653775048132E-018
      2423   5.10239207091768900000E+015   4.19410423689238323923E-018
      2424   5.23032533829944900000E+015   4.22287963630618657870E-018
      2425   5.46635194190080900000E+015   4.34772499694128939775E-018
      2426   4.57707879475879600000E+015   4.47646546749326530702E-018
      2427   4.88602500918918100000E+015   4.68107736149884643128E-018
      2428   4.03446199594558800000E+015   5.05839561901800843971E-018
      2429   2.95386353219312300000E+015   5.13266343225135641666E-018
      2430   2.89331416257062800000E+015   4.98997523087175293798E-018
      2431   3.07698713972661550000E+015   3.96653488219698465389E-018
      2432   3.25224946210622700000E+015   3.28558436021092819965E-018
      2433   3.13284580038348700000E+015   2.75564719789061755222E-018
      2434   3.47723404240927450000E+015   2.90677009405116394520E-018
      2435   3.37356640017952350000E+015   3.42944965576884424998E-018
      2436   3.00400125711275300000E+015   3.31912482812111902162E-018
      2437   2.94845507180191200000E+015   3.90505344034093004650E-018
      2438   2.49938221360451450000E+015   2.87163225655466552876E-018
      2439   2.17357523331118550000E+015   2.93951665503839866899E-018
      2440   3.13467513492900500000E+015   3.48543559774731677040E-018
      2441   3.66872016747819350000E+015   2.99043404597621741968E-018
      2442   2.54121218745958650000E+015   2.49322479951565251839E-018
      2443   2.56947126711713550000E+015   3.21988265676962875117E-018
      2444   2.76026584599289000000E+015   3.98600706827049781374E-018
      2445   2.61114340664565600000E+015   4.26810677114283872428E-018
      2446   2.44662242734905850000E+015   4.94637884542808394494E-018
      2447   2.32047317541577150000E+015   4.55656394647559569682E-018
      2448   2.00070778940425375000E+015   4.44869266682097864192E-018
      2449   1.80326841918016725000E+015   4.47545463925541816714E-018
      2450   1.01679142251946725000E+015   5.82509561035625862683E-018
      2451   8.52181328870356875000E+014   7.77974927400878417673E-018
      2452   9.15445184513391875000E+014   7.10495680785877763071E-018
      2453   1.16939045591259825000E+015   4.47239035889403881046E-018
      2454   1.26065739465766600000E+015   6.89677327315388004455E-018
      2455   1.33336064208170200000E+015   8.19567540614231158783E-018
      2456   8.47893026919414625000E+014   5.39892154156286254373E-018
      2457   1.53644780743537675000E+015   4.65485627195135195002E-018
      2458   1.80289804443762800000E+015   5.25191057838079586938E-018
      2459   2.10678346406417425000E+015   6.38275143071928808212E-018
      2460   1.53830366893485800000E+015   6.86722669031250089489E-018
      2461   1.33513592255996100000E+015   3.62928838213591529233E-018
      2462   1.10649456311334200000E+015   4.89373155675514444110E-018
      2463   1.49439982747584225000E+015   6.34056838089110675600E-018
      2464   1.27499613730506300000E+015   3.86972757252914270475E-018
      2465   1.29805080738266750000E+015   3.60193940694276600024E-018
      2466   7.63184877097563875000E+014   7.73131435244698936269E-018
      2467   6.47631694967326500000E+014   8.90096779064809558793E-018
      2468   1.09566046029716050000E+015   5.95133767493754113562E-018
      2469   1.64735348325157600000E+015   5.24731986773620337541E-018
      2470   1.94614490618237425000E+015   5.06006634440633146034E-018
      2471   1.90004049447088250000E+015   5.64523086911823533526E-018
      2472   1.74422595910429550000E+015   5.89912429129698218516E-018
      2473   1.19666714320082525000E+015   4.82659158585631266082E-018
      2474   4.74368948566581937500E+014   5.32201515621578569902E-018
      2475   4.19229268898932000000E+014   6.71605734892038081059E-018
      2476   4.19046404032185625000E+014   6.61980819449797407597E-018
      2477   1.26733065672881400000E+015   4.77359243650658829061E-018
      2478   1.49341486192669775000E+015   4.76353813100114396387E-018
      2479   1.17909558125170925000E+015   5.08789237743109921886E-018
      2480   1.25168780739371225000E+015   3.93622327985042473045E-018
      2481   8.75107657466893250000E+014   5.23881851507884087880E-018
      2482   1.03464147831249587500E+015   5.00155979448121832255E-018
      2483   1.23909715281150750000E+015   5.48600605880054333162E-018
      2484   1.02369128727966575000E+015   4.73481017225133792688E-018
      2485   6.98392670427238625000E+014   6.48821066832249938258E-018
      2486   4.80588819934415875000E+014   6.43940800492103502291E-018
      2487   7.65507778351071750000E+014   6.25907830258352150532E-018
      2488   1.02990350199489037500E+015   4.70334386941910742195E-018
      2489   8.78810871205877750000E+014   3.88981796222227975777E-018
      2490   8.96708944292219375000E+014   4.25436013956317261390E-018
      2491   8.86845952338338500000E+014   4.56888354370500032171E-018
      2492   7.39141888263254750000E+014   5.30611649433160940018E-018
      2493   6.08350970948619625000E+014   4.64283235130131709890E-018
      2494   3.56611772871688750000E+014   5.13066526889679666722E-018
      2495   4.54009083829820625000E+014   6.17439969306694529802E-018
      2496   4.86784239403595312500E+014   5.88355754233069369554E-018
      2497   3.79454188360810437500E+014   5.45290056573946029220E-018
      2498   5.81778572357233000000E+014   4.36620475348342054791E-018
      2499   6.02813298967264000000E+014   6.04577914232211533517E-018
      2500   4.13889252241777187500E+014   5.87985643940503725421E-018
      2501   5.29260928151507250000E+014   5.69633229170989901616E-018
      2502   3.91385907598670437500E+014   5.91987968505608829095E-018
      2503   4.99906422059999062500E+014   5.35850300910033764159E-018
      2504   6.64558077057778125000E+014   5.22231399779650006081E-018
      2505   6.63167408919034875000E+014   7.00239605345261966235E-018
      2506   3.72355343652565250000E+014   6.28658662281971547956E-018
      2507   4.55672963370239937500E+014   4.42248268996269128007E-018
      2508   3.13395647417428125000E+014   5.26976397362860038367E-018
      2509   5.40374132007794375000E+014   3.71717953198124899778E-018
      2510   5.32843118827981062500E+014   6.25661803365731979387E-018
      2511   5.77347534350525875000E+014   4.75913148205410889386E-018
      2512   5.86319769157921000000E+014   4.04883572168964434673E-018
      2513   5.92108367577220000000E+014   5.00905142698527444328E-018
      2514   5.22778523111656687500E+014   6.56652171112159757903E-018
      2515   5.77376564478868625000E+014   7.05939061088045726308E-018
      2516   4.67486290960797687500E+014   7.53472988368416632713E-018
      2517   3.35318900757387875000E+014   7.92318598027915861350E-018
      2518   5.76863778960349000000E+014   6.15140196326169613545E-018
      2519   5.27222117347141937500E+014   6.43171402891228251082E-018
      2520   7.07335269578981625000E+014   7.99989780283873315273E-018
      2521   8.90891734820881750000E+014   5.27420607239483703532E-018
      2522   8.17087077800250125000E+014   6.26893198869565288077E-018
      2523   6.95615547602884250000E+014   6.63469406838048825316E-018
      2524   5.79283677408396625000E+014   6.49149165483064506876E-018
      2525   5.84737884222211875000E+014   5.34745160651359644172E-018
      2526   6.43398581984544750000E+014   5.00375319941603511118E-018
      2527   4.79921179019505937500E+014   4.72655437804398435088E-018
      2528   9.03186783686718375000E+014   2.60657354084608281358E-018
      2529   1.17860893865058925000E+015   3.73641328419401457574E-018
      2530   1.04686307827982587500E+015   4.47643829844157133139E-018
      2531   6.86824553067469625000E+014   4.35298893865593561733E-018
      2532   8.74179808769111750000E+014   4.18307789324579299129E-018
      2533   6.95417934857991000000E+014   6.50795366741620584234E-018
      2534   6.38899051035883125000E+014   6.46500207516665802156E-018
      2535   5.68233608369402250000E+014   7.95034547677503372490E-018
      2536   5.92542334535875375000E+014   6.88966764130539690996E-018
      2537   7.88134948805924625000E+014   5.95507785452717731212E-018
      2538   4.82221577455803062500E+014   6.19236895532144514312E-018
      2539   7.73988796467483750000E+014   4.34599426620647316483E-018
      2540   1.04700835102136637500E+015   2.94430072302455527796E-018
      2541   7.91837516422671750000E+014   3.25120770317233127164E-018
      2542   5.22176862258146625000E+014   3.22505400045881429398E-018
      2543   4.68240124115110187500E+014   2.58937350076365058078E-018
      2544   3.68331737306485937500E+014   5.28883295730761201631E-018
      2545   4.42928468620027500000E+014   7.97575550217308965716E-018
      2546   4.42197775548258375000E+014   9.47322741582553026029E-018
      2547   6.37866198869196250000E+014   6.93817896755535586453E-018
      2548   8.12707194554346250000E+014   4.98988293574454497086E-018
      2549   4.63470674045708750000E+014   3.54986434879518486667E-018
      2550   9.76931838302473750000E+014   4.39692198535935416691E-018
      2551   1.42729474731699425000E+015   5.09711608274085269820E-018
      2552   1.85170360461973375000E+015   3.26943880757247061777E-018
      2553   1.11293893523668437500E+015   4.62402348952152852483E-018
      2554   5.23510188515705875000E+014   6.13034297160668451257E-018
      2555   9.66695894047390375000E+014   4.23144391980677829016E-018
      2556   1.27913969156994725000E+015   2.87761801172316607614E-018
      2557   1.58448185525380250000E+015   3.65711976328043979294E-018
      2558   1.84640506000516100000E+015   3.72110818434916698945E-018
      2559   1.05386189380847800000E+015   4.95040449987348679844E-018
      2560   6.39726334304275375000E+014   6.23994673087340032201E-018
      2561   1.46677094584090650000E+015   5.47619261532078389694E-018
      2562   2.10790643321466450000E+015   3.14463610933819179702E-018
      2563   1.19915308955360950000E+015   2.21354226520748641673E-018
      2564   1.26835261246415900000E+015   4.42139781946730409562E-018
      2565   1.55135544578864325000E+015   5.28040162773512579464E-018
      2566   1.16963468845019125000E+015   4.81688900913051583353E-018
      2567   1.21453316065086275000E+015   1.00634888773094179102E-018
      2568   1.70232418561734975000E+015   1.70217032598214153980E-018
      2569   2.16239928718509700000E+015   2.57877520723928064966E-018
      2570   1.45418992281836925000E+015   2.01233831433987241250E-018
      2571   8.50713677339495000000E+014   1.17213898654635294843E-018
      2572   1.35515526742556300000E+015   2.57519659262010972512E-018
      2573   1.74000144525323375000E+015   4.46751449663570715208E-018
      2574   1.23132621372097400000E+015   2.87073751790825366964E-018
      2575   1.02973600022243800000E+015   3.05120475418795737067E-018
      2576   9.58418947618613375000E+014   3.63746102824687635462E-018
      2577   1.52727775338507425000E+015   2.51169863009272729415E-018
      2578   1.22465891646313000000E+015   4.22721208162068036116E-018
      2579   7.37274960920410000000E+014   4.56179985364809806151E-018
      2580   8.22032974041969125000E+014   5.90269800478468598842E-018
      2581   1.20930204036152775000E+015   2.59682868378174579966E-018
      2582   1.58402051925382900000E+015   3.92097795881939858393E-018
      2583   2.35028120440445900000E+015   2.95977390992216206964E-018
      2584   1.88063782138694275000E+015   1.09488868908552190467E-018
      2585   1.82173400010531800000E+015   2.11806464668862708310E-018
      2586   1.96567876468046800000E+015   3.64876046116419834628E-018
      2587   1.90875838450869500000E+015   3.61549326263106706068E-018
      2588   2.86256289000061050000E+015   2.85154587390367549794E-018
      2589   2.46161118315008300000E+015   2.91894582579912866881E-018
      2590   3.12806653876377600000E+015   4.59959279056785830168E-018
      2591   2.98527187673484200000E+015   5.85781678312000583645E-018
      2592   2.78718401140480500000E+015   5.17456234300610188521E-018
      2593   2.48747918079393900000E+015   5.67331870904078967223E-018
      2594   3.07682895717709250000E+015   3.02181277755653566261E-018
      2595   4.48994812213794750000E+015   3.28336588290206137733E-018
      2596   5.57549288758983000000E+015   2.79964434668923832423E-018
      2597   5.99467065830880300000E+015   2.23145519250370798256E-018
      2598   6.56060290289869700000E+015   2.51112877808910881626E-018
      2599   6.48238071713717000000E+015   3.30736351846005115541E-018
      2600   8.37564543586483200000E+015   3.41750891885306758966E-018
      2601   8.05394059649083300000E+015   3.20417014463958972666E-018
      2602   6.70634091821592700000E+015   2.99683745586724165885E-018
      2603   7.53595109773657200000E+015   3.71660056560208625369E-018
      2604   9.65086966328620600000E+015   3.23181273602352673082E-018
      2605   7.71397105660468300000E+015   3.62305492150122248043E-018
      2606   6.25152150303457200000E+015   4.88147508313027510985E-018
      2607   1.21879896762233040000E+016   3.06779236940665033953E-018
      2608   1.72276398487548160000E+016   1.91735258370998688084E-018
      2609   1.10592996850713220000E+016   2.48655564214319260378E-018
      2610   9.22409128875083000000E+015   3.42329628824099844339E-018
      2611   9.46250980651859800000E+015   3.28785296887708060118E-018
      2612   9.42112098418626000000E+015   3.18965317464833389863E-018
      2613   1.05240360078370900000E+016   3.12894357396051035427E-018
      2614   1.56908119462453240000E+016   2.80135407608618752877E-018
      2615   2.89774641042748480000E+016   2.19017576350286123998E-018
      2616   3.23996442512071320000E+016   2.16340442705966014332E-018
      2617   2.18869775837654320000E+016   2.76543017415931181685E-018
      2618   2.84930414480894400000E+016   1.78185744903498955648E-018
      2619   3.07499374371153600000E+016   1.67026172720648590493E-018
      2620   3.33094177816961080000E+016   1.65030963434209943855E-018
      2621   5.12908840087777600000E+016   1.03561578560694633252E-018
      2622   4.26151604184336000000E+016   1.24634456839933948363E-018
      2623   2.82784597248786040000E+016   1.69064044472149896870E-018
      2624   5.61679710958301200000E+016   1.16944057653364026317E-018
      2625   5.90648971845121360000E+016   1.13865969753858174614E-018
      2626   3.79972833952254880000E+016   1.54841040176370388429E-018
      2627   4.47887955719152880000E+016   9.79403923357528053396E-019
      2628   4.55217025873649120000E+016   1.12101657094990067800E-018
      2629   1.55839711631507260000E+016   3.79895304935572752449E-018
      2630   1.81798042973205640000E+016   2.60047934578791523296E-018
      2631   6.07136570904924800000E+016   1.15252532139626378341E-018
      2632   4.33749137255121280000E+016   1.99591164046156532573E-018
      2633   4.99496751192856880000E+016   9.67006905719591849623E-019
      2634   6.22575267872963600000E+016   9.03474710291166823586E-019
      2635   5.63482600403320560000E+016   1.05478299224267117465E-018
      2636   4.16370951546021120000E+016   1.15791739190433067247E-018
      2637   5.23781258456253760000E+016   8.31197098443603631685E-019
      2638   5.56816650835907360000E+016   8.85760560785412200296E-019
      2639   1.00324154742286528000E+017   5.09750128980948097281E-019
      2640   4.91413532707077440000E+016   1.14448617833440719875E-018
      2641   4.54829581301149360000E+016   1.09609202489727614524E-018
      2642   2.84465249322814200000E+016   2.98842200539849899041E-018
      2643   5.73845227801183360000E+016   2.01451715992594053734E-018
      2644   1.01285222242771008000E+017   9.55566102986265514335E-019
      2645   1.00332449175301984000E+017   5.31936370128199290379E-019
      2646   7.75747777075552000000E+016   5.29781689147125727678E-019
      2647   5.28269164118257920000E+016   1.58026962794932595559E-018
      2648   4.59527956595754640000E+016   1.20220483070739628373E-018
      2649   5.49482214011503840000E+016   8.82216912499413187604E-019
      2650   3.62964168947136480000E+016   9.38327644996382148465E-019
      2651   3.90024068686720160000E+016   1.11932215497471419541E-018
      2652   4.39581060587957200000E+016   1.04715928086827124265E-018
      2653   2.60164581747653360000E+016   2.42715267962756487069E-018
      2654   3.87248290808021920000E+016   6.80471576146679651313E-019
      2655   2.00798578494480600000E+016   1.58010293369759990235E-018
      2656   1.02389931023872440000E+016   2.16542951688672968142E-018
      2657   6.17799800495279520000E+016   6.19351767914939882418E-019
      2658   4.56602556235972720000E+016   9.66387617674873165389E-019
      2659   7.69637455733176320000E+016   5.35913111236279946461E-019
      2660   8.00001160850324960000E+016   5.56677230606916145798E-019
      2661   4.33775438046864160000E+016   1.38438306844334259105E-018
      2662   7.87446894513129760000E+016   6.04703030636758348488E-019
      2663   8.06775446075051520000E+016   4.40664035160427782131E-019
      2664   5.75470379760376560000E+016   6.57759124158313917321E-019
      2665   8.86397471077772640000E+016   6.47826614110548882696E-019
      2666   1.22404087170948208000E+017   5.21489913595226258577E-019
      2667   6.20055825862232160000E+016   1.08683490316869006455E-018
      2668   5.76336438744370080000E+016   9.32564629048157876145E-019
      2669   7.12562946325190240000E+016   7.01487597748995373726E-019
      2670   5.38602536487353680000E+016   1.01715593430748849218E-018
      2671   4.99183836411580400000E+016   1.04107506612921962700E-018
      2672   6.39152846572369120000E+016   8.90689288034810154594E-019
      2673   6.78215677884589680000E+016   9.13355203876122716538E-019
      2674   8.42296289257651680000E+016   9.25770314538126213220E-019
      2675   8.43659599898264320000E+016   7.73963717636204212638E-019
      2676   1.22708364685214704000E+017   4.31905230231952514061E-019
      2677   9.11722977521503360000E+016   5.29265446558630530511E-019
      2678   5.42662725243821040000E+016   6.51477956749770178366E-019
      2679   4.59434567839968320000E+016   9.07785165577408018969E-019
      2680   3.02499696312064040000E+016   1.79031429919610741352E-018
      2681   3.06975072086893520000E+016   2.09395726929663538883E-018
      2682   5.83972268822512000000E+016   9.17413672095448172346E-019
      2683   4.20583866733089760000E+016   1.27521824999492508745E-018
      2684   3.18151722976403920000E+016   1.66525470890260831330E-018
      2685   4.34720614366400720000E+016   1.70008430547465164647E-018
      2686   5.28421336801298640000E+016   1.24548224326061071400E-018
      2687   4.83282917665329360000E+016   1.54120251100606973731E-018
      2688   4.27876305272636560000E+016   1.15213392276584255082E-018
      2689   3.91135705844554880000E+016   9.85073419125151360774E-019
      2690   3.57053709546685280000E+016   1.75854602901342606510E-018
      2691   2.81647950286953280000E+016   2.16113135638149124518E-018
      2692   3.29405351915559000000E+016   1.60423576229121651496E-018
      2693   2.76187131384087400000E+016   1.57589137542961777107E-018
      2694   2.50074284384908160000E+016   2.02335251468350409423E-018
      2695   2.98885769078813520000E+016   2.29125531210439227068E-018
      2696   2.21967974650316880000E+016   3.76481538740204455284E-018
      2697   8.03204510328138400000E+015   6.99735915928500307539E-018
      2698   1.54339277132331180000E+016   4.58672855948399297816E-018
      2699   2.25131196791198880000E+016   2.18296045792797127377E-018
      2700   2.34883114455076960000E+016   1.96252902389998774146E-018
      2701   1.68129636437697380000E+016   2.67368685827454752167E-018
      2702   1.26619108770536200000E+016   2.51472496747183934013E-018
      2703   8.58334652350749000000E+015   3.07372486605538897313E-018
      2704   1.23393630487503400000E+016   2.97639450834406586688E-018
      2705   1.41681039553006680000E+016   2.79796637765408679519E-018
      2706   1.09689056883497660000E+016   3.74179367594205942873E-018
      2707   1.30208730526849100000E+016   2.70294585147056279505E-018
      2708   9.09471072008441600000E+015   3.01229942085393166176E-018
      2709   7.13226288533748600000E+015   2.58270921121612953767E-018
      2710   6.36271847257605700000E+015   2.25796660959358904839E-018
      2711   5.37611289900518400000E+015   3.44191796535351353306E-018
      2712   5.28019249813482900000E+015   3.22502575033328557155E-018
      2713   5.02713180913527200000E+015   3.76183486035191379705E-018
      2714   4.97192733511471200000E+015   3.58736226689208214491E-018
      2715   4.68686249082890800000E+015   3.91804621741164334504E-018
      2716   4.74558186851540200000E+015   3.76453086848088085242E-018
      2717   4.10246179925491900000E+015   3.90459070971481057225E-018
      2718   4.48257551508333500000E+015   5.03439811882323019387E-018
      2719   4.04683782030249250000E+015   5.70800434331903940101E-018
      2720   3.64216458095953250000E+015   6.31601411864129613430E-018
      2721   3.76715674724409700000E+015   3.84198063998398964527E-018
      2722   3.87824009451616500000E+015   3.06850967903396255416E-018
      2723   2.87596300382890150000E+015   2.79681933445090664882E-018
      2724   2.80869170727254700000E+015   4.29592398070696850073E-018
      2725   3.19191724641162350000E+015   3.32766337343568149459E-018
      2726   2.59943515190036850000E+015   3.75219925925100566898E-018
      2727   8.62848226631390375000E+014   4.14601284899021499285E-018
      2728   1.17786691753160350000E+015   4.00732408331339986797E-018
      2729   1.63071460863083300000E+015   4.29583190660847042209E-018
      2730   2.07159499207727300000E+015   3.73766866987900858750E-018
      2731   1.42052367654989800000E+015   3.08183938410543998035E-018
      2732   1.33256958054536675000E+015   5.30015411940797533296E-018
      2733   2.89008618220884000000E+015   3.64587002788465758771E-018
      2734   3.08891035729001550000E+015   2.18412533325948626407E-018
      2735   2.64741724455004900000E+015   2.12137228481108070953E-018
      2736   2.42613375662447750000E+015   3.14194604334809557390E-018
      2737   3.50051574678398200000E+015   3.27554233616119131766E-018
      2738   3.31129389162751900000E+015   3.50576570658898633429E-018
      2739   1.74243343524195700000E+015   5.03468578653362406429E-018
      2740   2.20385764119950525000E+015   4.41601225188515572346E-018
      2741   2.63736551396665000000E+015   4.55499374856214037666E-018
      2742   1.34690490113078600000E+015   6.02008833583932701095E-018
      2743   8.96893926241618625000E+014   8.46816888554319197536E-018
      2744   9.98663880138896125000E+014   6.15514015553293485966E-018
      2745   1.16871072583960975000E+015   3.42647712083764324849E-018
      2746   1.09347777561782162500E+015   7.70326161006083270849E-018
      2747   1.02361006666357175000E+015   8.12562512737803389723E-018
      2748   1.59193037645184100000E+015   4.10918603817173925074E-018
      2749   1.59659684626252250000E+015   4.77184253833837533091E-018
      2750   1.98539540772194900000E+015   5.67103501030826496595E-018
      2751   1.27531740568674750000E+015   7.57098627388933072545E-018
      2752   1.80651901772088675000E+015   5.52649187501735931301E-018
      2753   1.07646156805253287500E+015   2.12596067693011505638E-018
      2754   9.43428491452564750000E+014   6.72748567329257713858E-018
      2755   1.22784129566187875000E+015   5.75161237476821068026E-018
      2756   9.25574674166615250000E+014   3.42688629452688556773E-018
      2757   1.64892086329678925000E+015   2.83610759328543524150E-018
      2758   1.06575430243116937500E+015   7.15332884961431650395E-018
      2759   7.14694005132830250000E+014   8.44682716071508010473E-018
      2760   1.31361977176181900000E+015   6.77883967356580390135E-018
      2761   1.66434021335517525000E+015   4.80992401550975800263E-018
      2762   1.53095753669793975000E+015   3.84589217363368375599E-018
      2763   1.84275915441510725000E+015   4.77541147716456893005E-018
      2764   2.03714603197174875000E+015   4.18919742880023318453E-018
      2765   7.95650226999954500000E+014   5.70466868373577140653E-018
      2766   4.80971648739555625000E+014   5.94955492700967939294E-018
      2767   5.13738265040123875000E+014   7.14904235229378840582E-018
      2768   9.18219305971588125000E+014   5.11122092714281742491E-018
      2769   1.36808175281924625000E+015   3.73126507982519753418E-018
      2770   9.84285319440894125000E+014   5.45206258882999295088E-018
      2771   1.25292454480609925000E+015   4.39858180767039512803E-018
      2772   1.28446561779541875000E+015   4.57035055923325989634E-018
      2773   7.18551729833092625000E+014   5.40023174313099392964E-018
      2774   9.21011352171618875000E+014   5.81026775874536183414E-018
      2775   1.28692945110896500000E+015   5.44069469117050051393E-018
      2776   9.96171232723634750000E+014   5.59928336184755416350E-018
      2777   6.69218123149213000000E+014   6.38982646664295330707E-018
      2778   5.38653452463090875000E+014   7.98940297763541749949E-018
      2779   6.41683501154752375000E+014   7.21750549401406329467E-018
      2780   9.74132645937277000000E+014   4.74511365110534712784E-018
      2781   1.07245460745632075000E+015   3.61924917301882001673E-018
      2782   6.03499879719748250000E+014   3.86937271964501775496E-018
      2783   8.09773156193240250000E+014   3.41506291494669506046E-018
      2784   7.23703228909204625000E+014   4.83341321122328192479E-018
      2785   7.64878855396664125000E+014   5.58261402266958515669E-018
      2786   5.96686084319356625000E+014   5.09157388393900755937E-018
      2787   5.10472523014012062500E+014   5.66726727910514027102E-018
      2788   4.28130788530973875000E+014   4.92798827368580005757E-018
      2789   3.86604214695050437500E+014   4.87735504157609930122E-018
      2790   4.95041987967394000000E+014   5.00399605110803636929E-018
      2791   6.87469745766804000000E+014   5.39012824615370142472E-018
      2792   3.46515276342980750000E+014   6.76247660825939792070E-018
      2793   4.75859455469837125000E+014   5.00726932793657577502E-018
      2794   4.83559539828590000000E+014   5.41096126157573412387E-018
      2795   5.26455335528624062500E+014   5.24785305882370549039E-018
      2796   7.19518040409081375000E+014   5.42149716091085898586E-018
      2797   8.04379059306174000000E+014   6.06459840195266455212E-018
      2798   5.91018268686732750000E+014   5.91566149820746261918E-018
      2799   4.31986612484527125000E+014   3.68545193077524584088E-018
      2800   4.56441617398994875000E+014   5.14922642560078745059E-018
      2801   3.49593187933388687500E+014   4.73010248267721415910E-018
      2802   7.34058151280421250000E+014   4.04620826178118647753E-018
      2803   7.90574286501678250000E+014   4.13159343349116686462E-018
      2804   5.19609021443977500000E+014   4.33546772776543279772E-018
      2805   6.46413834087948125000E+014   3.77451000262462107601E-018
      2806   5.89522455573954000000E+014   5.21222294674223019204E-018
      2807   6.22150883550737625000E+014   7.36915732375461092411E-018
      2808   5.60008600367966687500E+014   7.72893234340931310513E-018
      2809   5.45351746759562375000E+014   6.93079404992624322992E-018
      2810   6.42160421123664750000E+014   5.91911714287191793984E-018
      2811   5.68264595773189250000E+014   6.44920427044453385029E-018
      2812   6.17092981132913750000E+014   7.10655469941597129751E-018
      2813   8.48558655165963125000E+014   6.10598494809141410427E-018
      2814   9.78789468903052500000E+014   5.24369806342696621681E-018
      2815   9.57241936502912500000E+014   5.96301475068775102034E-018
      2816   5.32577139072188937500E+014   6.67326803339613443249E-018
      2817   5.93889514454898625000E+014   6.57663198919492971515E-018
      2818   6.69569601449427625000E+014   4.44212764232598031617E-018
      2819   6.35243993937978125000E+014   5.02766717872215862542E-018
      2820   9.18303287740473375000E+014   2.43933618098539149726E-018
      2821   1.24253174306207400000E+015   3.32527041597988801071E-018
      2822   1.07050812041551675000E+015   4.88853344707839916219E-018
      2823   7.40517277180739750000E+014   5.58318541552347086249E-018
      2824   7.39174794220658125000E+014   4.99018110889594850503E-018
      2825   8.76243917398181250000E+014   5.41612300453369643944E-018
      2826   6.28776869017263250000E+014   6.49205567331277753764E-018
      2827   5.93352507334847875000E+014   7.50598866353685625178E-018
      2828   5.65747495713431000000E+014   7.23190749621076154272E-018
      2829   8.18382822896008250000E+014   4.47396150916099754632E-018
      2830   7.83403319085058000000E+014   6.38175801355295073072E-018
      2831   4.69157836222770125000E+014   5.29771819134020282611E-018
      2832   1.08366070395408475000E+015   3.13588503443321499776E-018
      2833   6.95065425184643000000E+014   3.17443028117218235152E-018
      2834   6.11331491970194500000E+014   3.54397583761048583082E-018
      2835   4.43913839767626000000E+014   3.10995922806406842026E-018
      2836   3.91269348817574625000E+014   4.87339677307982546805E-018
      2837   3.72661271444290625000E+014   7.08683651912430235527E-018
      2838   5.72274337070012500000E+014   8.61632767428441317045E-018
      2839   5.05331756572595625000E+014   7.92048772775236887886E-018
      2840   8.17801348557200875000E+014   4.64819105359671925789E-018
      2841   5.44226596252152312500E+014   4.74070852227249640500E-018
      2842   5.51951572323672625000E+014   3.78563215415492627300E-018
      2843   1.54579179684875200000E+015   4.42153613724123481409E-018
      2844   1.59270724602608100000E+015   4.15737942029973329844E-018
      2845   1.55227489933047700000E+015   3.75626528880138646793E-018
      2846   5.52597580556034062500E+014   5.71591269592101738185E-018
      2847   1.02301255534649050000E+015   4.77330430707550446015E-018
      2848   1.35596320565015900000E+015   3.30446105542608614273E-018
      2849   1.46702879935457950000E+015   3.13647513272086540681E-018
      2850   1.80958325842681425000E+015   4.49017865584026598000E-018
      2851   1.34901018814857400000E+015   5.85017236714088318145E-018
      2852   4.26340551742409437500E+014   9.31060749484812408493E-018
      2853   1.17273668449037525000E+015   5.19327003532358582697E-018
      2854   2.43757138303003700000E+015   3.59218848815678449594E-018
      2855   2.07485164516894850000E+015   3.28634678440284412236E-018
      2856   1.37110320973870125000E+015   4.26237442562342039228E-018
      2857   1.52756384563509450000E+015   5.71126819457448670698E-018
      2858   1.17227190962054550000E+015   5.32421682988989181155E-018
      2859   9.26933311132547125000E+014   3.83959503062847769388E-018
      2860   1.54488084452122100000E+015   9.17376062113107311907E-019
      2861   1.22484754107090675000E+015   3.29928229468008870045E-018
      2862   8.97090871923199375000E+014   3.12044988340771466517E-018
      2863   1.55147262476099650000E+015   1.29632068032994366300E-018
      2864   1.73384056139878825000E+015   1.57797419449788569921E-018
      2865   1.88272839032570900000E+015   4.85889931454429765239E-018
      2866   1.12515324273322312500E+015   4.57635457744114582249E-018
      2867   6.92943566909998750000E+014   2.58220971245674738405E-018
      2868   8.86291364930531750000E+014   4.01211324046355960301E-018
      2869   1.31892206176431775000E+015   4.16110417293802782859E-018
      2870   9.91701434532290625000E+014   5.30480656012024012199E-018
      2871   3.37630618490699500000E+014   6.44785274783493401828E-018
      2872   3.44465869533605562500E+014   8.98883461425974325523E-018
      2873   1.00478117945974925000E+015   7.23419988791560230735E-018
      2874   1.26478068787112300000E+015   5.35001441555726867832E-018
      2875   1.86502118762832150000E+015   4.34319150530747893285E-018
      2876   2.20528506560650700000E+015   2.67668530819608479795E-018
      2877   1.54309298487978250000E+015   1.57856188735824154400E-018
      2878   2.55267045895254600000E+015   3.21863493155748590530E-018
      2879   2.24488732970363450000E+015   2.80972935815009926587E-018
      2880   2.54134981881636600000E+015   3.61295166111143209044E-018
      2881   2.04989403730656075000E+015   4.17726124128647909379E-018
      2882   1.86889791154684075000E+015   6.21645604245097335245E-018
      2883   2.35609097445027900000E+015   6.44818837901799926343E-018
      2884   1.96539181230303375000E+015   4.77012011696820743874E-018
      2885   2.16321339175372350000E+015   5.51194066918801464323E-018
      2886   2.55957718646552400000E+015   4.99151820284617212015E-018
      2887   3.00901709156459150000E+015   3.06181985905587491080E-018
      2888   4.76682015884729000000E+015   2.14651223466899818614E-018
      2889   5.24299736513810300000E+015   1.83954100910396957980E-018
      2890   6.16823568066284700000E+015   2.56557174469580632517E-018
      2891   5.60086690754662600000E+015   2.69300092555758927706E-018
      2892   5.71114821807857100000E+015   3.64074209103531779256E-018
      2893   7.28479940744095700000E+015   2.85081845003708444148E-018
      2894   1.02655827011752900000E+016   2.19681999219491159018E-018
      2895   8.47521428030457300000E+015   3.36593960660450483481E-018
      2896   6.86899080230872300000E+015   4.62419599120568545585E-018
      2897   9.00072586491095400000E+015   3.93092554421024677346E-018
      2898   8.87795101077290900000E+015   3.49591651643733102981E-018
      2899   7.25275086896911500000E+015   4.04115516757378253992E-018
      2900   9.74222659453263200000E+015   3.80587186290857073663E-018
      2901   1.69802944016116400000E+016   2.08742023397529825644E-018
      2902   1.73502887547305760000E+016   1.87671994768172831634E-018
      2903   1.13830822156619140000E+016   2.96882786370773272034E-018
      2904   1.43412151793927260000E+016   3.07431739957676320436E-018
      2905   1.92726507888495840000E+016   2.05530615888971490719E-018
      2906   1.19123179104696240000E+016   3.45711453499684236114E-018
      2907   1.43736230999057420000E+016   3.17518206489334838145E-018
      2908   2.27139527021814480000E+016   2.43103065355679623984E-018
      2909   3.94663557689219280000E+016   1.93889479948396846697E-018
      2910   2.69381856899572680000E+016   2.50687852517216574434E-018
      2911   2.74915227367787920000E+016   2.18310458404428257605E-018
      2912   3.99293590160060800000E+016   1.07375753937319791079E-018
      2913   3.69819977228092800000E+016   1.40035662609130939381E-018
      2914   4.80870855548677520000E+016   1.39815627334024059300E-018
      2915   6.20420225221305600000E+016   8.59375636765335859418E-019
      2916   3.87510940570619520000E+016   1.10962023173109210600E-018
      2917   5.74101020158708000000E+016   8.61230087188997227178E-019
      2918   7.66729465790294720000E+016   7.37000824914452550468E-019
      2919   6.01786079168361920000E+016   1.17388168554074140765E-018
      2920   4.66949392091155040000E+016   1.05880159208961423666E-018
      2921   5.64107723613962400000E+016   5.93918961265592902355E-019
      2922   2.73114979950189080000E+016   2.35449191108588011221E-018
      2923   9.13767854147162200000E+015   3.15915130282733896039E-018
      2924   5.76535687449602080000E+016   1.15174895871383223516E-018
      2925   7.37092092694656320000E+016   1.55589108471760041670E-018
      2926   6.04021572323983040000E+016   1.58087190858927254080E-018
      2927   6.26088487553282080000E+016   9.58633990456417593421E-019
      2928   7.74850381896071840000E+016   7.92957436411840255910E-019
      2929   4.54244807778152240000E+016   1.33180808524837568910E-018
      2930   5.38082929098457920000E+016   4.85712636707155402470E-019
      2931   5.23610484163654560000E+016   1.00224945207357543238E-018
      2932   8.06150310813228960000E+016   1.11836237279577397851E-018
      2933   1.09158538484971920000E+017   4.17047033760649288352E-019
      2934   5.93590442678129360000E+016   7.71829175155138333699E-019
      2935   6.03369714987275840000E+016   1.88895185736174877960E-018
      2936   6.55971906255361520000E+016   2.01773778853124620086E-018
      2937   1.05784306579846880000E+017   5.13903070242722135139E-019
      2938   9.12218138273677760000E+016   4.10174983898248559285E-019
      2939   7.81354605814538880000E+016   2.88626759867207294890E-019
      2940   7.02528894289635200000E+016   4.87923628715504475255E-019
      2941   5.63010761454974080000E+016   1.13065296131799954147E-018
      2942   8.25322913442671200000E+016   8.96451873477767509112E-019
      2943   6.08333298752280960000E+016   1.02812917404393466442E-018
      2944   4.94579689676937200000E+016   8.51443402200001205011E-019
      2945   5.08084726578865520000E+016   8.60955372974696024131E-019
      2946   4.29807625733914000000E+016   6.43160611423034979990E-019
      2947   4.16779981086403680000E+016   6.64936848012683080389E-019
      2948   3.10164536580183240000E+016   7.23355026628524721866E-019
      2949   1.90504955936863720000E+016   1.78380333692182371972E-018
      2950   4.02320639184294000000E+016   1.16657589961301245348E-018
      2951   6.74851694575218560000E+016   4.30817897726629546155E-019
      2952   6.98355278597728800000E+016   5.51131511801485222503E-019
      2953   1.27385819373274592000E+017   3.10640922624306576584E-019
      2954   7.26011779275766400000E+016   1.19907877300384248242E-018
      2955   7.03504647813686480000E+016   1.31793879481842328820E-018
      2956   1.27286483513257072000E+017   2.56100374360140820769E-019
      2957   9.55349318802153600000E+016   3.63866099381729217179E-019
      2958   7.39387803973761920000E+016   4.13029285278813073758E-019
      2959   1.46725369016475136000E+017   3.37672442894774719013E-019
      2960   9.22580183794517600000E+016   8.16167361549283002405E-019
      2961   6.92080336315894320000E+016   1.04745482605449852332E-018
      2962   8.31601307133547520000E+016   8.42783326992514512324E-019
      2963   5.86135008190472320000E+016   2.41826159970349347146E-018
      2964   3.82401059587445040000E+016   2.52967634756093238729E-018
      2965   4.65787767802521920000E+016   9.14005382611079643466E-019
      2966   9.35905598250935200000E+016   6.34723876837154662966E-019
      2967   9.42474510410090240000E+016   9.71536798973526886466E-019
      2968   1.02693058189786576000E+017   7.89461851799089775769E-019
      2969   1.05165768817503008000E+017   6.22645298761672149264E-019
      2970   1.36477937289949280000E+017   4.98219811419901635326E-019
      2971   5.36226517602544400000E+016   7.20337765081629017553E-019
      2972   5.15810853617658160000E+016   6.74695249492804199704E-019
      2973   4.77440329931237280000E+016   1.06262390901122729580E-018
      2974   2.82789406884992320000E+016   2.12724263097369766534E-018
      2975   6.11186413973150800000E+016   1.16639257468017307753E-018
      2976   6.41012738579700160000E+016   9.40244828466261604520E-019
      2977   3.09234479058508040000E+016   1.95880879591330695386E-018
      2978   3.87399726177231440000E+016   1.77270347481191785211E-018
      2979   6.71816409559961760000E+016   1.07326709172401735328E-018
      2980   6.20846405510958560000E+016   8.58562986240873035639E-019
      2981   5.18354231981320240000E+016   1.22771708623182075817E-018
      2982   4.68365723847694400000E+016   9.62487551727446910398E-019
      2983   4.20608596731044320000E+016   1.21137343226124283743E-018
      2984   3.35049402117903320000E+016   1.94651829713209865075E-018
      2985   3.46880808920451200000E+016   1.59739540240757047353E-018
      2986   3.16606736900699440000E+016   1.59985458732136315868E-018
      2987   3.04105232788439320000E+016   1.50274474477465086259E-018
      2988   2.76657646245938560000E+016   2.19883192113546369542E-018
      2989   3.98715686581439040000E+016   1.51669163491008653144E-018
      2990   1.50017814295303520000E+016   4.39830197280898352409E-018
      2991   1.10969425710664580000E+016   5.37848147317285446097E-018
      2992   2.46869806129121200000E+016   2.17672432999587861558E-018
      2993   2.41375172625419680000E+016   1.64177756223889134958E-018
      2994   1.85649752941498280000E+016   1.74802742346043471124E-018
      2995   1.27857828686346560000E+016   2.63802628230341383525E-018
      2996   1.15320339956917260000E+016   2.99191681987401118322E-018
      2997   1.17085786891513920000E+016   3.45093920739572520942E-018
      2998   1.45333088588192380000E+016   2.32613587369470820557E-018
      2999   1.34851239288266300000E+016   3.03700870808485770034E-018
      3000   1.46416283873878880000E+016   2.75121179775003301990E-018
      3001   1.04846869307686040000E+016   2.54510189410306693786E-018
      3002   9.02088180092504000000E+015   2.68487530893241745879E-018
      3003   8.17045618599015500000E+015   2.36191986749640037598E-018
      3004   4.35987412401160000000E+015   3.00284655694777471005E-018
      3005   4.66919582738117600000E+015   3.69891588267609131957E-018
      3006   4.45824767859291850000E+015   3.43625819891028545203E-018
      3007   3.25191065934712350000E+015   3.00238556547268801172E-018
      3008   4.45557715376694050000E+015   3.88593584359047256696E-018
      3009   5.64464874798153300000E+015   3.94372592302186710162E-018
      3010   4.57246148952148000000E+015   4.15030611363363493258E-018
      3011   3.64446058960491400000E+015   4.55447602139568815660E-018
      3012   3.51103701675843200000E+015   4.42556201632199727397E-018
      3013   4.55707159900027600000E+015   5.29109701546074566349E-018
      3014   5.02899328302677100000E+015   4.92723953630532735684E-018
      3015   4.24442468541231400000E+015   4.85433651764944189795E-018
      3016   2.40306390840778600000E+015   3.02494161468457196015E-018
      3017   1.67545946360863700000E+015   3.43854944930092645956E-018
      3018   2.42513978172591700000E+015   4.73688930454332677268E-018
      3019   2.52251637378917600000E+015   4.41310950390255269753E-018
      3020   1.63469967470024800000E+015   3.82402329543815822586E-018
      3021   1.39956644643127450000E+015   3.94816756516500445901E-018
      3022   1.23060695766354875000E+015   4.05896665187314382388E-018
      3023   1.06364883292231137500E+015   6.97484221750620670646E-018
      3024   1.69542569178778225000E+015   4.12521060207374595309E-018
      3025   1.36987215003199900000E+015   5.06332855523338723487E-018
      3026   1.25239912930435625000E+015   5.72558106727180602505E-018
      3027   1.81476719298088775000E+015   3.22228904681371297485E-018
      3028   2.59352356410061400000E+015   2.63250477124862911991E-018
      3029   2.54704911326062800000E+015   3.12488457917975909980E-018
      3030   1.77210905820447825000E+015   4.84471238604783447142E-018
      3031   1.85510778111590950000E+015   5.09104581318897619181E-018
      3032   3.74221873493586700000E+015   2.70806868110313966363E-018
      3033   2.83825995574158800000E+015   3.38771854265351338387E-018
      3034   1.80914095975365550000E+015   5.74343479305768006033E-018
      3035   2.18665520304791450000E+015   3.89608255633217329537E-018
      3036   2.47459677374920250000E+015   2.69450822512238813059E-018
      3037   1.49321862166802675000E+015   5.05211890860233462119E-018
      3038   1.07088516507507537500E+015   8.95168266653218092795E-018
      3039   1.34630699800108350000E+015   4.37420777428046291982E-018
      3040   1.23698028227492525000E+015   5.70889448832403208855E-018
      3041   1.08124425031188737500E+015   8.16079178745587182323E-018
      3042   2.01113863658366975000E+015   6.41227524945863987711E-018
      3043   1.40468664598759700000E+015   4.75633562778651826761E-018
      3044   1.62516794513169800000E+015   6.80665844639756978334E-018
      3045   1.59240192859581175000E+015   6.05664593387935802386E-018
      3046   1.22745526750464600000E+015   6.99501380421699944251E-018
      3047   1.68959392827883950000E+015   2.78352986380372000757E-018
      3048   8.10330889206646375000E+014   6.12184992773464523683E-018
      3049   9.09014564757848250000E+014   6.74491507219091075075E-018
      3050   8.72854572138837875000E+014   3.63357394092972876515E-018
      3051   1.09556848559429912500E+015   4.70665824955397207955E-018
      3052   2.06750267024870950000E+015   4.54097581683688869560E-018
      3053   7.04724948340559625000E+014   7.04284026508734536667E-018
      3054   1.00556650880342212500E+015   7.56327421314204219343E-018
      3055   1.76028282742939600000E+015   4.50658567130856166326E-018
      3056   1.49500222218628125000E+015   3.88006932962700102266E-018
      3057   9.77637649430035000000E+014   4.97375646150193087184E-018
      3058   1.89040608394082725000E+015   4.54737020015459231276E-018
      3059   1.80812538754140500000E+015   5.13456031203016383559E-018
      3060   6.73371044220163875000E+014   7.73433344500087841190E-018
      3061   5.52134012105922437500E+014   6.42425622667397386261E-018
      3062   9.43260282569015125000E+014   5.02175412235992519819E-018
      3063   1.29058514790477150000E+015   3.80956353515574978875E-018
      3064   9.34973656093328000000E+014   3.37729674608402568928E-018
      3065   7.55741028370091500000E+014   5.67163155018571758790E-018
      3066   1.31143770106752275000E+015   3.10217457176807461545E-018
      3067   8.86036195040272500000E+014   5.24373010852224972330E-018
      3068   8.78016984732679375000E+014   5.36361053971612516279E-018
      3069   1.21879189009626825000E+015   5.53360044652762910189E-018
      3070   1.35346636443744675000E+015   5.15531846374959119329E-018
      3071   7.36334864877464875000E+014   6.10555308907829813464E-018
      3072   6.81267671066136000000E+014   6.84467858201315129543E-018
      3073   6.53902352741992500000E+014   8.08934856485454840123E-018
      3074   6.46158806951527625000E+014   5.68073389205097459476E-018
      3075   1.23300643818654200000E+015   4.11758704992863423889E-018
      3076   5.08820114499730125000E+014   4.67484134907025334943E-018
      3077   5.76080179264828875000E+014   4.59089185808607097069E-018
      3078   7.69624608756502125000E+014   4.24024629985215516487E-018
      3079   5.27637489184044875000E+014   6.45721093161952513127E-018
      3080   6.46025956101226500000E+014   5.15579551259239463785E-018
      3081   7.12578551282892750000E+014   5.09942773954924153437E-018
      3082   3.76631698571077625000E+014   5.20993696420699329912E-018
      3083   3.08143758387669250000E+014   3.90426171266115789697E-018
      3084   4.26400232322582250000E+014   4.58681061526036170949E-018
      3085   6.58167062332608625000E+014   4.94233941924021562348E-018
      3086   4.91745539058705125000E+014   6.71688379694793193347E-018
      3087   3.18532000408164625000E+014   5.36049570318371708078E-018
      3088   4.80707791465731625000E+014   5.32403216457664418524E-018
      3089   5.41827721126868500000E+014   5.12370507118297914689E-018
      3090   6.87250016273402000000E+014   5.55358021184097095117E-018
      3091   8.12362985169907125000E+014   5.77207238733733282501E-018
      3092   6.62486362628159500000E+014   6.82923110494559371810E-018
      3093   3.09834812388693687500E+014   4.68855477581105732842E-018
      3094   3.38488172291229000000E+014   4.65238373968984818731E-018
      3095   2.31695849688050343750E+014   5.58704260996634704556E-018
      3096   6.01952839923314500000E+014   3.83913099456181876775E-018
      3097   4.88993791894560375000E+014   5.54802852690821266212E-018
      3098   4.65326591916805875000E+014   5.31283224321346584506E-018
      3099   6.92903389427080125000E+014   3.88197885771311314603E-018
      3100   5.55926025384665250000E+014   7.26143930364882185199E-018
      3101   6.60096593580286875000E+014   8.20498228352364147188E-018
      3102   5.97370216887147500000E+014   7.41114891620408210498E-018
      3103   5.96611603047303750000E+014   5.62706270139662407565E-018
      3104   3.94129535094345187500E+014   6.66716314434240788674E-018
      3105   2.82494016197389625000E+014   6.91686444378503479484E-018
      3106   5.06391204597968750000E+014   7.97863685154419123040E-018
      3107   6.17281061679497000000E+014   7.52324468316060231070E-018
      3108   9.71152678005152000000E+014   6.47915925751810830293E-018
      3109   9.09020021577855000000E+014   4.83017791211464885814E-018
      3110   7.61367669886537250000E+014   6.76971619730054516470E-018
      3111   5.23284918279366125000E+014   4.60741452491083656296E-018
      3112   7.29464404605465750000E+014   4.86574681903984315061E-018
      3113   6.77954524249134125000E+014   3.92818848890487768526E-018
      3114   1.05684045279026275000E+015   2.84074796143527845737E-018
      3115   8.06835603939793750000E+014   4.86067971639143714657E-018
      3116   8.11938880974873625000E+014   4.85822176295932669411E-018
      3117   3.82743465309441062500E+014   6.26978030676827997863E-018
      3118   8.60479346597767500000E+014   4.15539504331786646151E-018
      3119   6.65427116811513125000E+014   6.89259209767284521350E-018
      3120   8.28334569625007500000E+014   6.78883267607544651665E-018
      3121   5.07720409956011875000E+014   8.73614345536346934216E-018
      3122   4.12149337837015812500E+014   5.70014797103917654671E-018
      3123   7.98742464801258500000E+014   5.64953985788469762326E-018
      3124   6.14891987263102750000E+014   5.74880471754110488997E-018
      3125   9.86923615334920625000E+014   3.39114180636800633206E-018
      3126   9.55731355851203875000E+014   3.29524527551954075579E-018
      3127   6.44641657429846750000E+014   3.48624735251595944016E-018
      3128   5.81538499117482250000E+014   3.58166430893343559508E-018
      3129   5.12056989751766750000E+014   3.43078575662787364262E-018
      3130   3.62862375045836812500E+014   5.78261748009174178200E-018
      3131   5.04981657386657812500E+014   7.41226682781810602526E-018
      3132   5.06007034974351687500E+014   9.10308011785971064142E-018
      3133   6.79966293169380875000E+014   5.42167959101978601888E-018
      3134   7.05832016064505000000E+014   5.85543622175705095857E-018
      3135   3.02754032504006375000E+014   4.42996812051149226793E-018
      3136   1.30901456552874375000E+015   3.46064002102052234094E-018
      3137   1.43364884154770775000E+015   4.15989012581736323926E-018
      3138   1.72267771520659300000E+015   4.02409573688397352031E-018
      3139   9.67518731591112250000E+014   4.64112715589069983978E-018
      3140   7.53063138019170125000E+014   4.69672069626682966672E-018
      3141   1.28821587225897150000E+015   4.18317006296674208289E-018
      3142   8.83167102798057000000E+014   3.65744668075587146355E-018
      3143   1.75957217424061375000E+015   3.99694166504791108920E-018
      3144   1.69628724063883200000E+015   4.06842029532835320441E-018
      3145   8.82351154084384625000E+014   6.13648935138766365825E-018
      3146   9.93141433427651250000E+014   4.90421616942506905030E-018
      3147   1.78478201129418575000E+015   3.05873950763329942158E-018
      3148   1.88827086342909750000E+015   4.05682692604588689251E-018
      3149   1.82242013207682150000E+015   5.13367410558185563058E-018
      3150   1.32073881405978400000E+015   4.80089256087571987142E-018
      3151   1.00024052680803475000E+015   3.44518492139142132205E-018
      3152   8.35495690972530625000E+014   5.08917303024816953889E-018
      3153   1.58945967640162825000E+015   2.32051319691706991956E-018
      3154   1.10902004235541525000E+015   3.20902697688658996778E-018
      3155   7.17644875076165250000E+014   3.05178176919756439580E-018
      3156   1.88447074811072825000E+015   2.09094251509208185054E-018
      3157   1.61946742493169700000E+015   2.22020008997877132760E-018
      3158   1.49250082706214325000E+015   1.99928753401148848363E-018
      3159   1.04717809046983950000E+015   6.87066445082977550074E-018
      3160   6.05410224644387000000E+014   6.58966551419508318494E-018
      3161   7.32096993418870500000E+014   3.49660713435834948912E-018
      3162   1.39342281444237625000E+015   4.14600238543737735118E-018
      3163   1.47595394634458950000E+015   5.92350331048396131049E-018
      3164   8.41972993656773625000E+014   6.55037383948287324473E-018
      3165   5.43757417906160375000E+014   5.30201550482670565773E-018
      3166   6.88220736643887000000E+014   5.67043149905838695955E-018
      3167   1.22394935710771850000E+015   6.19393949513482806120E-018
      3168   1.35165210753832150000E+015   5.37551510593929335073E-018
      3169   1.74103788159709725000E+015   4.52620431564469168485E-018
      3170   1.49404075934312450000E+015   4.52468993329590840839E-018
      3171   1.36610040454491850000E+015   4.80989153689712344175E-018
      3172   2.18526717162441000000E+015   4.16491090414125674363E-018
      3173   2.26058918478104850000E+015   2.43300011065680758128E-018
      3174   2.73951493225584250000E+015   3.50841780581928068663E-018
      3175   2.30718235860036550000E+015   5.63288208145758045073E-018
      3176   1.94230174025128675000E+015   5.54607381643769307250E-018
      3177   2.16864636083802625000E+015   5.82934955644947964584E-018
      3178   3.22432050969520200000E+015   4.14957421175233911576E-018
      3179   3.09511690786465250000E+015   3.04817467365600689388E-018
      3180   3.68957276004063000000E+015   4.03025295304894090297E-018
      3181   3.71427349284385900000E+015   4.09184026237812822222E-018
      3182   3.89803831488856550000E+015   2.39014006987954405872E-018
      3183   4.32001124729597800000E+015   2.23543861605124189651E-018
      3184   4.35661752547540900000E+015   2.89916237057001910437E-018
      3185   4.60184816114096300000E+015   3.99010054939035151475E-018
      3186   4.57894572271315900000E+015   3.93238921380729992197E-018
      3187   5.62535365538137100000E+015   3.11146650035531765629E-018
      3188   7.30140245602673800000E+015   2.45039707542626252961E-018
      3189   1.10764862329242500000E+016   2.29486088387957093105E-018
      3190   8.86255727150561200000E+015   2.90893605235372053328E-018
      3191   8.92044337684325200000E+015   3.59856724097597017948E-018
      3192   1.02137007679959440000E+016   3.31450498275737206710E-018
      3193   1.14857806618139680000E+016   3.37231677247802225293E-018
      3194   1.02440128659172920000E+016   3.66163161008666624458E-018
      3195   1.26994723076585780000E+016   2.61091134194380695763E-018
      3196   1.82979729203001960000E+016   1.76044083312484742452E-018
      3197   1.75832547243732120000E+016   2.13466617171577125448E-018
      3198   1.39956545190136360000E+016   3.02987073156678812949E-018
      3199   2.23531652374146120000E+016   2.03171758431910313987E-018
      3200   2.22590643065459560000E+016   2.50874788643891291111E-018
      3201   1.32899282509257820000E+016   3.92394129385897677103E-018
      3202   2.04664804080008560000E+016   3.40064889496420102721E-018
      3203   3.01886896980541120000E+016   2.73360095020257308379E-018
      3204   3.84611174641389280000E+016   1.91282882988333335642E-018
      3205   2.33584723122812800000E+016   2.17947861074431361474E-018
      3206   3.57221593210575920000E+016   1.24498691498804450689E-018
      3207   4.36664862052724640000E+016   1.24798279164075643903E-018
      3208   4.16843386991869040000E+016   1.71183825896979667712E-018
      3209   5.50821193189131600000E+016   1.35416236383159615453E-018
      3210   5.33783361256821600000E+016   9.00593500265456839560E-019
      3211   4.54965860999896000000E+016   8.35100196411861500383E-019
      3212   7.15290819657236960000E+016   6.23187008102977356832E-019
      3213   5.96084206956378000000E+016   8.88584351533640786784E-019
      3214   5.14162938572781680000E+016   1.15531829345156460176E-018
      3215   5.26689172297260480000E+016   9.81433166024728940345E-019
      3216   4.82383416125021920000E+016   1.22763090657417339706E-018
      3217   1.88762085267230840000E+016   2.13807331953907118399E-018
      3218   2.95322200992660160000E+016   1.31775237936921472142E-018
      3219   8.06176168187021760000E+016   5.58809155603642958064E-019
      3220   7.74780302516916960000E+016   9.92120356697628289267E-019
      3221   7.52280128292264000000E+016   9.64596084925177705125E-019
      3222   8.12800463545941440000E+016   7.22090319598928861317E-019
      3223   7.53614860404121280000E+016   1.04685659705752231641E-018
      3224   5.79610022044771760000E+016   9.84044530890974684941E-019
      3225   7.12611654867540720000E+016   5.50647197352108843019E-019
      3226   6.09494662631863200000E+016   1.06439473957926545917E-018
      3227   1.19810353338944800000E+017   5.71362960358618675666E-019
      3228   1.13783352739204784000E+017   5.85312801710443640877E-019
      3229   8.03701338423542720000E+016   1.05186014980665809430E-018
      3230   9.20578242767904160000E+016   1.11317970546230443167E-018
      3231   9.96883446018029120000E+016   6.37052498054273849690E-019
      3232   1.10164112970829536000E+017   2.72174497867485913449E-019
      3233   1.00373550835311024000E+017   3.07631701315021107895E-019
      3234   9.19960462371981440000E+016   3.68160546907952969314E-019
      3235   6.79725225353975680000E+016   5.23513420899255440567E-019
      3236   7.59634028298913280000E+016   7.53907654435015810309E-019
      3237   1.07934968923405360000E+017   6.24957168737535160304E-019
      3238   6.25679766165011680000E+016   8.43261283981073673669E-019
      3239   6.35564395933996160000E+016   9.22790541049959575193E-019
      3240   5.37465576503358000000E+016   6.64353062762352488540E-019
      3241   5.20915053533238240000E+016   4.82555681373156936956E-019
      3242   3.85967635574207040000E+016   1.07263928032075065871E-018
      3243   2.64041673679998200000E+016   1.41225024415297723161E-018
      3244   3.13885004934803880000E+016   1.53114288887565401212E-018
      3245   5.13577724389272480000E+016   8.79637023179577961050E-019
      3246   6.60062051418104480000E+016   6.05110876652200263093E-019
      3247   1.03802238164435200000E+017   4.54839749214674550406E-019
      3248   1.56313560672718880000E+017   1.37155556012159502425E-019
      3249   9.66832211296111360000E+016   4.50339976586198442333E-019
      3250   1.04505686299257072000E+017   2.96202335913040174083E-019
      3251   1.22381314055805968000E+017   3.61248455061383134321E-019
      3252   8.00648062293176160000E+016   4.28751942049286835211E-019
      3253   1.27633912465629984000E+017   2.65958146175042421928E-019
      3254   1.51737910741407648000E+017   3.35520508176209108090E-019
      3255   9.36568845991442240000E+016   5.25573584812159198394E-019
      3256   8.94598157852977440000E+016   7.39331804697586769642E-019
      3257   9.35590834631340480000E+016   7.97246316098378911949E-019
      3258   5.11462135093128160000E+016   2.29404906454433140947E-018
      3259   4.59103073896389600000E+016   1.19648338572272144696E-018
      3260   7.72452290554653600000E+016   9.39156326246815345166E-019
      3261   1.02134647356591088000E+017   7.42263136201295304892E-019
      3262   1.18747488463413728000E+017   6.88472517288229338807E-019
      3263   1.10190486400720592000E+017   4.59947018295304414383E-019
      3264   1.42083053214493440000E+017   4.38146235320908203745E-019
      3265   1.41447197967560512000E+017   5.50361936096282465459E-019
      3266   5.15557539769630880000E+016   8.89602642327586064315E-019
      3267   5.69169910100928400000E+016   7.26301244763749220069E-019
      3268   5.22004544257200640000E+016   1.27564053655955839746E-018
      3269   4.23135351714647920000E+016   1.60101959285314604944E-018
      3270   8.13936548701328800000E+016   6.91591813772708426743E-019
      3271   6.02932753854060960000E+016   1.11346279919982693941E-018
      3272   3.51843635297789240000E+016   1.63296744734310949766E-018
      3273   6.80398001849662640000E+016   1.29270153538151140576E-018
      3274   7.60886798706172960000E+016   9.21360416936413151667E-019
      3275   6.76680246033155200000E+016   1.03141827141729730659E-018
      3276   5.71105537982428400000E+016   1.27021382221273808258E-018
      3277   6.18535474983346240000E+016   1.03287418865874239025E-018
      3278   4.00701184098469280000E+016   1.70875688170879936411E-018
      3279   3.78676780346760320000E+016   1.67533920254292407935E-018
      3280   3.56513115728326240000E+016   1.54989800025175693220E-018
      3281   3.49009798345308560000E+016   1.33270255680257676284E-018
      3282   2.85698419671779440000E+016   1.80474087899162615936E-018
      3283   3.69995713019597120000E+016   1.65586480851247502985E-018
      3284   3.78198690367999920000E+016   1.84278475426501814238E-018
      3285   1.61716013371928100000E+016   4.52401385162865978806E-018
      3286   1.96222863083678200000E+016   3.74869928416875814379E-018
      3287   2.45548614531914200000E+016   1.85947151681751383760E-018
      3288   1.99808868985535520000E+016   1.21025497013552402023E-018
      3289   1.47534569079799460000E+016   2.05805949854663816662E-018
      3290   1.55412550940067460000E+016   2.84746780447343050331E-018
      3291   1.36050562653446080000E+016   2.91083954595903010070E-018
      3292   1.79566107870338800000E+016   2.19113944825677108562E-018
      3293   1.73919142480008840000E+016   2.23065149051170485932E-018
      3294   1.66332996429925240000E+016   2.98339092169996419499E-018
      3295   1.24885927113241120000E+016   2.62074323515870211259E-018
      3296   9.10973041418840200000E+015   2.92465198579554353249E-018
      3297   8.69179675408708700000E+015   2.34987472000738137999E-018
      3298   5.20270146785887000000E+015   2.38059826348054814478E-018
      3299   5.26915453942752800000E+015   3.06411945487575515244E-018
      3300   5.16941876210494500000E+015   3.54005156095308497841E-018
      3301   4.26770414572951300000E+015   3.07822175172472428009E-018
      3302   3.67545329922914750000E+015   2.24886029947731917202E-018
      3303   3.68884483769728500000E+015   2.94228144872878079004E-018
      3304   5.75693540902441200000E+015   4.38718864800354184593E-018
      3305   5.45423571824016000000E+015   5.12954376499603410632E-018
      3306   4.90109350340575200000E+015   4.20318368900653276849E-018
      3307   3.66848570977083500000E+015   3.94503220748667213049E-018
      3308   5.30147219634900900000E+015   3.67988224611059811346E-018
      3309   5.50146986040894800000E+015   4.34136591611955434203E-018
      3310   4.27380181367569300000E+015   5.76878567183231225791E-018
      3311   2.59142834260289450000E+015   5.99489569108525346072E-018
      3312   2.16885315822500950000E+015   2.86010543940793544484E-018
      3313   2.10619897503399350000E+015   3.18765582957751750181E-018
      3314   2.53742176626731350000E+015   4.67480169950254852959E-018
      3315   2.58582607278852550000E+015   4.60157976741236007456E-018
      3316   1.74000948174770800000E+015   3.36261780990571766170E-018
      3317   1.50923082733750250000E+015   4.01162065602863002522E-018
      3318   7.73570364102598375000E+014   7.28096151466233686204E-018
      3319   7.08557687605735750000E+014   7.44228774702253106296E-018
      3320   1.21641983933272675000E+015   4.32683653019868693330E-018
      3321   1.12584167897104187500E+015   6.12125823565971273174E-018
      3322   1.47839245988921250000E+015   3.67416114711588493441E-018
      3323   1.28829440116005250000E+015   2.76016038626323009174E-018
      3324   2.60852930536793500000E+015   2.79625075973050072427E-018
      3325   2.87715785145838650000E+015   4.34600413108928158995E-018
      3326   1.37653041792810675000E+015   5.88158918922974715671E-018
      3327   1.86834768761987575000E+015   4.66672402398385655962E-018
      3328   3.12726595080967000000E+015   2.45211511787961548146E-018
      3329   3.10709465389725050000E+015   4.52973400301123636281E-018
      3330   1.97724620765363950000E+015   4.84987541461309195302E-018
      3331   1.92504543822978525000E+015   2.89345789776821746856E-018
      3332   1.85993115505287475000E+015   2.39407218306839998704E-018
      3333   1.56848315082665800000E+015   4.82021596572526618933E-018
      3334   1.44604030839558725000E+015   5.64538279047097066229E-018
      3335   1.28821574867572625000E+015   5.76610018317841762990E-018
      3336   1.35869079854848925000E+015   5.05366383335214170003E-018
      3337   1.75606968022899825000E+015   5.38540672899212953484E-018
      3338   1.80390947887944825000E+015   4.40661522604088836340E-018
      3339   1.14304828347411050000E+015   5.82061286332848256145E-018
      3340   1.83457973855706925000E+015   5.48928517188794882829E-018
      3341   1.34423966244550725000E+015   5.77930964340286907549E-018
      3342   1.33678548482400375000E+015   3.70558868628138610764E-018
      3343   1.45394652450134725000E+015   5.12202714356440564854E-018
      3344   7.29573746716029375000E+014   9.48815043108663857636E-018
      3345   8.71670199405848250000E+014   4.01145525045053556555E-018
      3346   5.63044313350316750000E+014   5.14285416080775932887E-018
      3347   1.95966868437942250000E+015   5.16987960618975871938E-018
      3348   1.55939562778309350000E+015   5.22529298953050209866E-018
      3349   5.43104454175979062500E+014   7.69416404976329118965E-018
      3350   1.56450913617579350000E+015   5.96602762192991847525E-018
      3351   1.53023093415947000000E+015   4.57714336198212904072E-018
      3352   1.01914859279902937500E+015   4.92344409674374786480E-018
      3353   1.20677649357754075000E+015   5.13417300852564204937E-018
      3354   1.95298421210995150000E+015   4.34016963775161357795E-018
      3355   1.49520034233156775000E+015   6.98118273857882541576E-018
      3356   5.53712563729413500000E+014   7.37724088483723126765E-018
      3357   8.59949464647960500000E+014   4.10657864883963078674E-018
      3358   1.18963700195361000000E+015   4.58001528652485325323E-018
      3359   8.58603086113186250000E+014   2.75483225148041903423E-018
      3360   6.28654314255371250000E+014   5.64414272495728104060E-018
      3361   1.28730702928108750000E+015   4.16792695702857856701E-018
      3362   1.21062516166293325000E+015   4.89863143402479792635E-018
      3363   6.88029123090545125000E+014   5.70442678919063817291E-018
      3364   9.00309049700983000000E+014   6.15714585377710395242E-018
      3365   1.36443886009722800000E+015   5.70777538707429967702E-018
      3366   9.80124398790588125000E+014   6.70579192242571451386E-018
      3367   5.61856904901161562500E+014   5.61099499748433775930E-018
      3368   6.19324936634944125000E+014   6.70819839695841253452E-018
      3369   6.09163911276984375000E+014   6.26870050081044533706E-018
      3370   1.24690218052389650000E+015   4.65711144013197639338E-018
      3371   1.09023679221510425000E+015   4.49132340576549064367E-018
      3372   4.85644041829364250000E+014   4.62705785352958677486E-018
      3373   8.70716440151054750000E+014   3.62878346152149884394E-018
      3374   7.00865358731981750000E+014   4.83787387070937371867E-018
      3375   4.50960308775011687500E+014   5.48699138083073550877E-018
      3376   8.33269580578406750000E+014   4.57480233115411547955E-018
      3377   5.99111078228444250000E+014   5.32498858520034968752E-018
      3378   3.04811495779842375000E+014   4.07475539900845635223E-018
      3379   3.55350489733130062500E+014   3.69028282859832487378E-018
      3380   5.89313576949334750000E+014   4.35610104798918274924E-018
      3381   6.05767576575734500000E+014   6.13168037944008861670E-018
      3382   2.93196464132906812500E+014   5.50498152087964994163E-018
      3383   4.10218026638218062500E+014   4.69987609950931361238E-018
      3384   5.44930307139271062500E+014   4.96276349276420916267E-018
      3385   7.46095435342147875000E+014   4.78379810829882034498E-018
      3386   7.56386642208370000000E+014   5.15900076800619704738E-018
      3387   7.11755541630580750000E+014   7.02155745938168257856E-018
      3388   3.90379696118482750000E+014   7.57878551135895013918E-018
      3389   3.06875874911512687500E+014   4.73926626464491592879E-018
      3390   2.88914476356799750000E+014   5.41004783313628347002E-018
      3391   3.51742978343039937500E+014   3.60770997913475944550E-018
      3392   7.37137999204530875000E+014   4.20079237702263366527E-018
      3393   5.69582272914575875000E+014   5.03906812088108371151E-018
      3394   3.88896234870243812500E+014   5.48031132506257832503E-018
      3395   6.38977565749196000000E+014   4.12456768929509369821E-018
      3396   7.76953477083148125000E+014   6.14329497212212208971E-018
      3397   7.61597768656098500000E+014   8.78978891414970057549E-018
      3398   6.23190277433801500000E+014   7.92889392693424164466E-018
      3399   3.94708022092495625000E+014   7.24733065392223137277E-018
      3400   3.74222780055465625000E+014   6.92079177801437895865E-018
      3401   2.97897219479150000000E+014   7.31457490573283613467E-018
      3402   4.56491986637395625000E+014   7.81016258493148992181E-018
      3403   6.23621484949856500000E+014   8.14644525831168183981E-018
      3404   5.26486575437471000000E+014   7.48959850742104002244E-018
      3405   6.28998983299345000000E+014   4.78473968595828482591E-018
      3406   8.90452127517988000000E+014   6.10782601148666178570E-018
      3407   6.33237232789865125000E+014   5.77945070484837561753E-018
      3408   8.12601920972464750000E+014   4.33634221378798530500E-018
      3409   8.12463111491814000000E+014   4.43411678672400587816E-018
      3410   8.30284492130141875000E+014   2.61125097555585232551E-018
      3411   8.66099884902621750000E+014   4.41637247248275302364E-018
      3412   8.74900070360382875000E+014   4.91066435093415397142E-018
      3413   4.51932580785830437500E+014   5.97120870734490670518E-018
      3414   6.64077812782817000000E+014   4.33532550724887543401E-018
      3415   6.38112744950344250000E+014   6.33305135026657313764E-018
      3416   8.14556594977647750000E+014   7.91942257821750953577E-018
      3417   7.47818932582937875000E+014   7.79404360056938989147E-018
      3418   4.02756726266872937500E+014   6.42449556460958385994E-018
      3419   5.86073824014280500000E+014   5.58488161590158738373E-018
      3420   7.10599864213414750000E+014   6.24583331058643407447E-018
      3421   9.53182800064075625000E+014   3.55111087259587263633E-018
      3422   9.52963749453559125000E+014   2.92550137995288462659E-018
      3423   6.39732920047246000000E+014   4.02052229083062754224E-018
      3424   6.20418076660661625000E+014   3.52674530959200930373E-018
      3425   5.28276443854405812500E+014   3.84604391074969802044E-018
      3426   3.49254279354988187500E+014   5.47789659485923513714E-018
      3427   4.23595420917277812500E+014   7.27338331175390158172E-018
      3428   5.94901125506616250000E+014   8.67922533673416222376E-018
      3429   6.93830019116665625000E+014   5.87149992625365327649E-018
      3430   7.82129093195176625000E+014   5.59247433529743345303E-018
      3431   5.64810018827117625000E+014   4.42969282791586680303E-018
      3432   9.76751409777885750000E+014   3.35393494292824289983E-018
      3433   1.43221770656331425000E+015   3.66813507404847075044E-018
      3434   1.54522437411744800000E+015   4.50619385635644852918E-018
      3435   1.32171069513000925000E+015   4.14239462638513433500E-018
      3436   8.33906252628804875000E+014   3.61086119087202923411E-018
      3437   1.24250330354901400000E+015   3.42020195623114226391E-018
      3438   8.27808140933229750000E+014   3.99460619351691895167E-018
      3439   1.67572137146372300000E+015   3.72764217374529820772E-018
      3440   2.15262390004204000000E+015   4.75724597996149114135E-018
      3441   1.02650956599938550000E+015   5.06078781412961863724E-018
      3442   1.05189945614906837500E+015   3.57179922185375231729E-018
      3443   1.22679186358659300000E+015   2.95340865368101560376E-018
      3444   1.53637955572663550000E+015   2.90848958117767222135E-018
      3445   1.91684041268522950000E+015   5.14103678894063639186E-018
      3446   1.60951415225775775000E+015   4.41519763245621468293E-018
      3447   1.02999198289818962500E+015   2.59064167652171925486E-018
      3448   8.51111915267657750000E+014   5.54196477493417309578E-018
      3449   1.34952438129931550000E+015   3.95056904031402715473E-018
      3450   1.49066973499376775000E+015   2.40883767103236281505E-018
      3451   1.00007925851246887500E+015   2.35522378614146164595E-018
      3452   1.42529053747875825000E+015   1.24975567745564098769E-018
      3453   1.46333603680478900000E+015   2.23058908197561598876E-018
      3454   9.33775257914961375000E+014   2.38236121636674252733E-018
      3455   8.17729807939989250000E+014   7.32141737041075006084E-018
      3456   5.73540714739558500000E+014   9.04934828635227283383E-018
      3457   1.06482333577147375000E+015   4.26551036746481786109E-018
      3458   1.53534503096223225000E+015   4.83249523246230850134E-018
      3459   1.66157110362601675000E+015   5.24291203053819342933E-018
      3460   1.03560986344013950000E+015   6.08963326913418090242E-018
      3461   6.62987441878971875000E+014   4.02957290714082609144E-018
      3462   8.98717199524780375000E+014   3.07949572099736147376E-018
      3463   1.66375934630661850000E+015   4.36235167378675670464E-018
      3464   1.74331297820124750000E+015   3.67078207908421948046E-018
      3465   1.84591771636287300000E+015   3.21352568355246680687E-018
      3466   1.22217825456361650000E+015   4.49040612996291644972E-018
      3467   1.48771087955894400000E+015   5.44088106874286702829E-018
      3468   2.12330200011414100000E+015   5.79464112952715035742E-018
      3469   2.51882876724716950000E+015   4.47540721093527133126E-018
      3470   3.24328639121050200000E+015   3.21038965595342139693E-018
      3471   4.69741960702064500000E+015   4.31109234052302190368E-018
      3472   3.91307871906694600000E+015   3.18826868991635335682E-018
      3473   3.60698001607431500000E+015   2.89017349060134330362E-018
      3474   4.19748602663939800000E+015   3.41714593749034985201E-018
      3475   4.93930075993237400000E+015   2.97733583308666373194E-018
      3476   3.04634158325869250000E+015   3.27989043570780443548E-018
      3477   3.53181927825065450000E+015   5.24900609423426816681E-018
      3478   3.36879286483013850000E+015   5.14776708286918597035E-018
      3479   2.86925257666049750000E+015   3.63926033700257494491E-018
      3480   3.50465047025808200000E+015   3.04064467922308058778E-018
      3481   5.08212978685993100000E+015   3.89122097906805688106E-018
      3482   3.89968248271163250000E+015   5.81393637561478927979E-018
      3483   5.31448631345351500000E+015   3.50626985772705794839E-018
      3484   6.99668504723793500000E+015   3.01966497823253343361E-018
      3485   9.00125272327343100000E+015   3.39873891862098469489E-018
      3486   1.05222241148821700000E+016   2.88197637972108092579E-018
      3487   8.11033374837485300000E+015   3.23438807720190752909E-018
      3488   1.04440303265566560000E+016   2.93712931576000774441E-018
      3489   1.32970149398071580000E+016   2.77623664919658681362E-018
      3490   1.25808276438808160000E+016   3.42925439208020991119E-018
      3491   1.48497908244910440000E+016   2.95341667258743840585E-018
      3492   1.63180895853914080000E+016   1.57159496797154246805E-018
      3493   1.89393618426082720000E+016   1.66306357802277349114E-018
      3494   1.31908669269145700000E+016   2.43810477140076265782E-018
      3495   1.29087119301663480000E+016   2.41851534972521772771E-018
      3496   2.10325170675515960000E+016   1.90601863900046651981E-018
      3497   1.74220020908934200000E+016   2.26857451531151489332E-018
      3498   1.92918477521853760000E+016   2.83708222965211440135E-018
      3499   3.07045897549538560000E+016   2.72005406427043812435E-018
      3500   3.50558167630274760000E+016   2.08864174776370936979E-018
      3501   3.61093378316124480000E+016   1.71188952726034355408E-018
      3502   3.09877809843127760000E+016   2.05236103925754250711E-018
      3503   3.90773999362725360000E+016   1.47203849437522186120E-018
      3504   5.35880675829627280000E+016   1.31490463223601470627E-018
      3505   5.18206466180124160000E+016   1.54301544248406216802E-018
      3506   6.11649108729940640000E+016   9.17775359239429368754E-019
      3507   5.57967728875296400000E+016   8.08552369376518774872E-019
      3508   6.73418861576884800000E+016   6.69446871836789019953E-019
      3509   7.39062872986345920000E+016   7.49602917888666227929E-019
      3510   6.30949854339331200000E+016   9.20535103203607199027E-019
      3511   5.89320278640283760000E+016   9.07061917990079261657E-019
      3512   6.02231338096916480000E+016   8.67154524507301158259E-019
      3513   4.25702586954858720000E+016   1.38705176560197367543E-018
      3514   3.10863368686304120000E+016   1.30297910397858491931E-018
      3515   6.81714230776927840000E+016   5.37475627105075891052E-019
      3516   1.03081059118553856000E+017   6.64147283923881858132E-019
      3517   9.72102172855675840000E+016   6.83584989327241170089E-019
      3518   9.86822732914054400000E+016   5.23934608841519514609E-019
      3519   9.49003411915779200000E+016   7.15559799849896573301E-019
      3520   7.55483967427475840000E+016   9.88517579211437777033E-019
      3521   7.61829648246113920000E+016   8.41548532336162816937E-019
      3522   6.66387361133346080000E+016   1.05564172861343777153E-018
      3523   7.43934814017766880000E+016   9.63432907992081615795E-019
      3524   1.37304079740560512000E+017   4.20058556057205373410E-019
      3525   1.11039170535978192000E+017   8.29697920092167162643E-019
      3526   1.15634399258651872000E+017   5.77540463894316961512E-019
      3527   1.07511847301801280000E+017   6.15650210064642794379E-019
      3528   1.03894709567077312000E+017   5.18691667886401183367E-019
      3529   1.13873469852214752000E+017   3.20263701425964794878E-019
      3530   1.05186873883536432000E+017   3.42201384608820259982E-019
      3531   8.75483750202138400000E+016   5.12176704656889486279E-019
      3532   6.64701892501020560000E+016   6.62336120066666138913E-019
      3533   1.20423185551431712000E+017   6.51116893870041067624E-019
      3534   1.03086683818250928000E+017   4.40810673144976656697E-019
      3535   8.07666142006147840000E+016   5.27803813933429947557E-019
      3536   6.31292326801663040000E+016   7.72947471735673695703E-019
      3537   7.56095398786182880000E+016   3.45707871939909195131E-019
      3538   5.25501502335151120000E+016   6.06598532658856953457E-019
      3539   1.99583301648524480000E+016   1.58762776246992247931E-018
      3540   3.37576389373731720000E+016   1.61075034206715154929E-018
      3541   3.68074176969289920000E+016   1.80890476931555013028E-018
      3542   6.33087518888643680000E+016   5.68416514750843169799E-019
      3543   7.25987029459806400000E+016   7.49845823128204939135E-019
      3544   1.11293737109384496000E+017   3.63726151286422933385E-019
      3545   1.64282016764175808000E+017   1.87313883247625936304E-019
      3546   1.27249371107994432000E+017   2.25392757937417553907E-019
      3547   1.84652579981246784000E+017   2.29021550882622358157E-019
      3548   1.34829634158813600000E+017   3.98484611135872900128E-019
      3549   1.20585671220959968000E+017   3.58860159243679778846E-019
      3550   1.78866727657709600000E+017   2.32140586132799564757E-019
      3551   1.59365411066612160000E+017   4.16334208004404071932E-019
      3552   1.01848950410242224000E+017   6.99080274318472538831E-019
      3553   8.28452507106781280000E+016   8.67409650836348685801E-019
      3554   7.26283523327682080000E+016   9.26347676317215426260E-019
      3555   6.94520063885714560000E+016   7.78774213256126684728E-019
      3556   7.49938587197708000000E+016   1.07518592325576887546E-018
      3557   1.09755335398987872000E+017   8.02291389561763554069E-019
      3558   1.31739061341065856000E+017   6.23803978027598821424E-019
      3559   1.37518187963063856000E+017   4.69855546983241413901E-019
      3560   9.83474359222536800000E+016   4.27179676395659195709E-019
      3561   1.55302742409720416000E+017   3.58324462352677645681E-019
      3562   1.33901852446056960000E+017   6.49030814102684128322E-019
      3563   5.60396244682412000000E+016   1.29638408812459600947E-018
      3564   8.79663997005163200000E+016   8.73716493978316807463E-019
      3565   6.17136999030734000000E+016   1.21816371146768885128E-018
      3566   7.06904039735052320000E+016   1.02162908436367382667E-018
      3567   8.40608571601634240000E+016   8.03081422861910617495E-019
      3568   6.99820734018150480000E+016   8.51322748422135781002E-019
      3569   5.78382628538511680000E+016   1.35332920546722988434E-018
      3570   7.73719136087303200000E+016   1.14975223223118240676E-018
      3571   8.09712143343089920000E+016   9.65527611974645529215E-019
      3572   8.02673518737405760000E+016   9.45422198900675237048E-019
      3573   7.47542005768216960000E+016   7.50770757302191899503E-019
      3574   6.16616002221158240000E+016   1.24337791575596719049E-018
      3575   3.93076403344738480000E+016   1.81647343258028985017E-018
      3576   4.30680117971676800000E+016   1.48372165323323693270E-018
      3577   3.45430285923844680000E+016   1.62776917032722670936E-018
      3578   3.37869593788191160000E+016   1.59198128740367475796E-018
      3579   2.85074923530838880000E+016   1.44268514331818142862E-018
      3580   3.90926451623768640000E+016   1.25780958329258101202E-018
      3581   3.80626583443149760000E+016   1.77749083591713330184E-018
      3582   2.16254469914456280000E+016   3.73065579439451653337E-018
      3583   2.26317711317571200000E+016   3.09062399699480489469E-018
      3584   2.11373983218994720000E+016   1.97967894403619882650E-018
      3585   2.24778795111320720000E+016   1.31357968401535975752E-018
      3586   1.91441326037725640000E+016   2.40640159041773607778E-018
      3587   1.66465674469245080000E+016   2.82426702747828867749E-018
      3588   1.75591068463075300000E+016   2.56445051628021978013E-018
      3589   1.81099067820343440000E+016   2.39775722821717740620E-018
      3590   1.75676266588110940000E+016   2.25088062043321153570E-018
      3591   1.30278558463274200000E+016   2.84769917759549174877E-018
      3592   1.24366221174415680000E+016   2.62390670418534729316E-018
      3593   9.63014636600247200000E+015   2.99475052631824246863E-018
      3594   7.41314174271082000000E+015   2.73160448975336503163E-018
      3595   5.02464823736678900000E+015   2.52299924314052813696E-018
      3596   6.30076939978207000000E+015   2.94886160032607275542E-018
      3597   5.54493294794795000000E+015   3.95976483021440457985E-018
      3598   3.78372733191463850000E+015   3.81360951268825783077E-018
      3599   4.09386027954490550000E+015   2.37842719969354137054E-018
      3600   4.51893511384825600000E+015   1.96339446756341611180E-018
      3601   5.74377433181214900000E+015   3.86253735964708978969E-018
      3602   5.36292811578195800000E+015   5.35208111745481389582E-018
      3603   6.28464180816125800000E+015   4.38744136693342180599E-018
      3604   6.57027461965367600000E+015   3.24641933793037633063E-018
      3605   5.11085573381420600000E+015   4.41891608940335390724E-018
      3606   5.25047150257972000000E+015   4.43201193109252259345E-018
      3607   4.25277207720145600000E+015   3.93673028228364054738E-018
      3608   4.05851899877807500000E+015   5.14688373888697416530E-018
      3609   3.59105932161789950000E+015   3.78825638500730264320E-018
      3610   3.17800548646680950000E+015   2.63089331384276479826E-018
      3611   2.49799771745233800000E+015   3.34907020081916139293E-018
      3612   3.07408092215270900000E+015   5.20294955861152167317E-018
      3613   2.09626718526602550000E+015   4.76900605027153549619E-018
      3614   1.14744522605498800000E+015   3.51869717579144076241E-018
      3615   1.04168859462045387500E+015   6.24421717999388549860E-018
      3616   8.21308244738542500000E+014   7.90681105543964932407E-018
      3617   1.06134113412493000000E+015   4.37267596215356069012E-018
      3618   1.50507299881371275000E+015   4.92607849569580929384E-018
      3619   1.29042390899471725000E+015   4.17380162591017086536E-018
      3620   1.33864292055740200000E+015   2.17048302273935927417E-018
      3621   1.04636347880157275000E+015   2.29424351060835920795E-018
      3622   3.04414379588061100000E+015   2.99230214570449780311E-018
      3623   2.56071984249640850000E+015   4.53057452336331721575E-018
      3624   1.41398029892283475000E+015   5.85023527603473332475E-018
      3625   1.27586856794582400000E+015   4.32681079224384401422E-018
      3626   2.76608914126710100000E+015   3.66137109975959035922E-018
      3627   2.83197313854272450000E+015   4.45385325484321686792E-018
      3628   2.50087730024766650000E+015   3.56674448823854410363E-018
      3629   1.69545334239625625000E+015   2.85155460373482825501E-018
      3630   1.98424973312156500000E+015   2.54685031594966562008E-018
      3631   1.87375110207288250000E+015   4.49631085331860136283E-018
      3632   1.50253732327254775000E+015   6.66953404480364264323E-018
      3633   1.47348472454320675000E+015   5.91559847882967374325E-018
      3634   1.64811468415523950000E+015   3.15067519687466102428E-018
      3635   1.81303185390108000000E+015   5.79848121811646849431E-018
      3636   1.19370072764983375000E+015   5.59897354630685606613E-018
      3637   1.36858988493335675000E+015   5.97762183222805376264E-018
      3638   1.71255031884666550000E+015   4.58492488524750128927E-018
      3639   1.08161430026656237500E+015   4.71023326890754463696E-018
      3640   1.26389285268724900000E+015   3.09725726284933480650E-018
      3641   1.15939842667797300000E+015   7.60138326168453641535E-018
      3642   6.55004290062648375000E+014   5.87761924090289115746E-018
      3643   7.48485787636836750000E+014   2.47115525207742463341E-018
      3644   1.08367835080516175000E+015   5.72373075201531219068E-018
      3645   2.09009392010138300000E+015   4.13977519662327092796E-018
      3646   7.25859987138781125000E+014   5.55175311472887535882E-018
      3647   1.51252887837267650000E+015   5.37738171455575579687E-018
      3648   1.82090585486509625000E+015   4.65679038896661016752E-018
      3649   1.18379673456892475000E+015   5.32226915061808575271E-018
      3650   1.11334038054983375000E+015   5.55969002374020429501E-018
      3651   1.12349739702388675000E+015   5.57060099410936120264E-018
      3652   1.92271048055284425000E+015   4.22831005498404170030E-018
      3653   9.16668337041917375000E+014   6.38196757847473739620E-018
      3654   7.07359057135630000000E+014   4.01906883299171546465E-018
      3655   1.02007664281314775000E+015   3.69858097070054400778E-018
      3656   1.04700540047677350000E+015   3.70991944272718017665E-018
      3657   6.70916955447171000000E+014   4.18335674309186449713E-018
      3658   8.04091252873425000000E+014   6.35923597629051064236E-018
      3659   1.26083397777895450000E+015   4.59011727036540299168E-018
      3660   5.64115068605785375000E+014   6.83288330635015114254E-018
      3661   8.04495271684466125000E+014   5.38028871709506038890E-018
      3662   1.20247266276918975000E+015   5.28830505881227955523E-018
      3663   1.32445151911810050000E+015   5.38789738839064729319E-018
      3664   6.70580494752318250000E+014   6.62817287777479806381E-018
      3665   5.35567925497778125000E+014   5.91870566201704653899E-018
      3666   6.27920352897898375000E+014   7.02059306499924177875E-018
      3667   7.25227023465577500000E+014   4.91255854990683276544E-018
      3668   1.21904405455861600000E+015   4.37044310926898669172E-018
      3669   4.14107002700540062500E+014   5.26747800509175417994E-018
      3670   6.85690553948232500000E+014   4.31072022362400754043E-018
      3671   8.35270331793529250000E+014   4.11997933656570704915E-018
      3672   5.77227011875919125000E+014   5.20409356237649749982E-018
      3673   5.57060754390088437500E+014   5.74912766119057125891E-018
      3674   7.57232120224063250000E+014   5.61330968833241831782E-018
      3675   3.08894789365861000000E+014   5.14375967960798269305E-018
      3676   3.35965659525638375000E+014   4.02740253599485583429E-018
      3677   4.67131554662870187500E+014   3.39880688483140387000E-018
      3678   5.92805483776920000000E+014   5.41190667702646418798E-018
      3679   4.03495464006608750000E+014   6.44500937913578879544E-018
      3680   3.11169247126374500000E+014   4.91444982681792968733E-018
      3681   5.41867286637487500000E+014   5.48143049338852642471E-018
      3682   7.49012802878775250000E+014   4.36051004391864043803E-018
      3683   7.87086555451431500000E+014   4.90053810174429222292E-018
      3684   5.56808782391342187500E+014   7.03767596428484183052E-018
      3685   4.73868707661978812500E+014   8.68797854543294855616E-018
      3686   1.66671756387891718750E+014   7.71004584024981694669E-018
      3687   3.54984314844522625000E+014   4.93181024888759463533E-018
      3688   3.77400686480622687500E+014   4.82942525713594050107E-018
      3689   5.67997508424712000000E+014   4.48649952498566947280E-018
      3690   6.83301686438925750000E+014   4.48317053907082608725E-018
      3691   5.38355053716400625000E+014   5.29539203547359850039E-018
      3692   3.62633274180911812500E+014   5.81510792187195542287E-018
      3693   5.41482990793001312500E+014   4.51451635377709521641E-018
      3694   8.63888009723313750000E+014   5.77880378840986677540E-018
      3695   8.37780784322021000000E+014   7.98080385719039749081E-018
      3696   5.57441105638782125000E+014   7.89326813230961343533E-018
      3697   3.04745680108790125000E+014   7.10151803313476418173E-018
      3698   4.21924056772769687500E+014   6.46138337857398400132E-018
      3699   3.28516205943370250000E+014   7.19208649857263331260E-018
      3700   5.02055871726656937500E+014   7.79836826140351338062E-018
      3701   6.15189508932390625000E+014   6.95497927933621951735E-018
      3702   4.77612904872052500000E+014   6.87498084814725096305E-018
      3703   5.25775784791849750000E+014   4.97663975920830749225E-018
      3704   8.06166188559981125000E+014   5.26656295681999864255E-018
      3705   8.92424549805356250000E+014   5.98417450635605205993E-018
      3706   8.76746331796468000000E+014   4.60333444341822521356E-018
      3707   9.63155348017094500000E+014   3.96978947379180971127E-018
      3708   7.23080467303591875000E+014   2.14228986758534332447E-018
      3709   7.99939911842834625000E+014   4.01930644903348472290E-018
      3710   9.25885282913833750000E+014   4.89942778255795378830E-018
      3711   4.58010303885026562500E+014   6.29793968292177100610E-018
      3712   6.16293409900942625000E+014   4.41125442379969008653E-018
      3713   6.90686476842462000000E+014   4.84568639313093239126E-018
      3714   6.58598926602933375000E+014   7.12453453848363808023E-018
      3715   9.08082416298556375000E+014   7.15870908786328345081E-018
      3716   4.26793967729048250000E+014   6.66079883793353726490E-018
      3717   4.17751744923935875000E+014   5.04145262297388156178E-018
      3718   6.29188897106645000000E+014   6.83474880453826076392E-018
      3719   8.97428227883642000000E+014   4.71748251513936686665E-018
      3720   1.05241711830663050000E+015   2.64792556300492021110E-018
      3721   6.36640344066965125000E+014   4.13904885835749692313E-018
      3722   5.99411668080482500000E+014   3.09391788156559080092E-018
      3723   5.06981966279970875000E+014   3.93117439025895528324E-018
      3724   3.58244757787536375000E+014   5.21085565940249605526E-018
      3725   3.99401965899536500000E+014   7.21273186496474384004E-018
      3726   6.24883205942961750000E+014   8.14840544667205536703E-018
      3727   6.79960220483436625000E+014   5.68094089448590688679E-018
      3728   7.40705036154441125000E+014   5.79035572401646488830E-018
      3729   6.47212661712667750000E+014   4.28510779461957372550E-018
      3730   9.12674758852042750000E+014   3.75732155401589494859E-018
      3731   1.22031283986412850000E+015   4.33367333227675014587E-018
      3732   1.63015021571045300000E+015   4.84334772573162068264E-018
      3733   1.32431344242318200000E+015   4.26769174682027098839E-018
      3734   1.12182270145073400000E+015   3.01246945127688539170E-018
      3735   1.18784403927029700000E+015   3.07773794635696823498E-018
      3736   7.90257067298139500000E+014   4.80168462291448483283E-018
      3737   1.48010835063389800000E+015   4.11868188313337132693E-018
      3738   2.11550023443023700000E+015   4.35394796919739913932E-018
      3739   1.00260957810781500000E+015   5.58031692914886422512E-018
      3740   9.58093178262019625000E+014   3.47611522127084389821E-018
      3741   1.11319039801422600000E+015   3.27060942179456175445E-018
      3742   1.62126258030159425000E+015   3.10939742845200480392E-018
      3743   1.57000605551937100000E+015   5.48547347844383616099E-018
      3744   1.65942569161084550000E+015   4.83981054185782526484E-018
      3745   1.01708556975774075000E+015   2.59524297648745998440E-018
      3746   1.20422943791196600000E+015   5.14792058601346900130E-018
      3747   1.79283537285546750000E+015   4.34647172294720265317E-018
      3748   1.39101168490677850000E+015   2.46477927661595190416E-018
      3749   1.05503995930559125000E+015   1.63203588055529010748E-018
      3750   6.44697688571626375000E+014   1.35343999561695917518E-018
      3751   1.28142799402008500000E+015   2.01363144500661681342E-018
      3752   1.28483041123096500000E+015   2.85075767111482361921E-018
      3753   6.75937413508057250000E+014   7.50592535359023722122E-018
      3754   8.29438930847430000000E+014   9.50252486105454704021E-018
      3755   1.44769613493832200000E+015   5.39030513985820182183E-018
      3756   2.24290897882376600000E+015   3.81915223978090042104E-018
      3757   1.70008199036655975000E+015   3.71577048030195566408E-018
      3758   1.49623284716561800000E+015   3.83724816072737990323E-018
      3759   1.37871267011647950000E+015   4.46601684584954036951E-018
      3760   1.75809335648583025000E+015   2.43486514880148380890E-018
      3761   2.09056825788417300000E+015   4.26582957688703639288E-018
      3762   2.44533141124734900000E+015   3.89947220005952027382E-018
      3763   2.30678940272178850000E+015   3.18336698593139094055E-018
      3764   1.64762620006612150000E+015   3.51407780618207136038E-018
      3765   1.97080846639499550000E+015   4.43656401918124285081E-018
      3766   3.05396538579479750000E+015   3.58630420345113507909E-018
      3767   3.55366189866020350000E+015   4.88197956854430036997E-018
      3768   4.21748556190913550000E+015   3.65069114090278647828E-018
      3769   4.77750569528973300000E+015   5.05487764063694907079E-018
      3770   4.53874955846612500000E+015   3.57249321345648221539E-018
      3771   3.75799711811230800000E+015   2.30364250560437281180E-018
      3772   3.85256957966080750000E+015   2.84892364046303935835E-018
      3773   3.98352518818325450000E+015   3.30817550876673475781E-018
      3774   4.32624804027027900000E+015   3.11356761547568935550E-018
      3775   3.64769653787805700000E+015   3.64982500090272164293E-018
      3776   4.69417574322127300000E+015   4.95165254048572956505E-018
      3777   2.50689464868315250000E+015   5.26103991807371705884E-018
      3778   2.45135715151078500000E+015   3.55125178413613431152E-018
      3779   4.27401535258923900000E+015   3.77518581101794590910E-018
      3780   5.34212579356434900000E+015   4.99723137254465326177E-018
      3781   3.47600211906081200000E+015   5.28097833726934856997E-018
      3782   6.73768897002634200000E+015   4.05456321880601988665E-018
      3783   1.05061046379132640000E+016   3.38458049024381703463E-018
      3784   1.23517644636694780000E+016   3.11541873259365402550E-018
      3785   1.14733813876075860000E+016   2.85706234537604053941E-018
      3786   8.04406161128174200000E+015   3.75640755354578254284E-018
      3787   1.37068675554173900000E+016   2.83440778293559200947E-018
      3788   1.52252173215867360000E+016   2.58456217931330935063E-018
      3789   1.43102330341534520000E+016   3.28306281679588538260E-018
      3790   1.64975812840064480000E+016   2.26822524171181864136E-018
      3791   1.80355360543396600000E+016   1.56096918228705184599E-018
      3792   1.73956829507596200000E+016   1.75836917129933705844E-018
      3793   1.22544945449395280000E+016   2.24610050602702874061E-018
      3794   1.48168265694220820000E+016   2.22583992278700589515E-018
      3795   1.37883906251300700000E+016   2.25462870700372006261E-018
      3796   1.43241990922915700000E+016   2.49325836732175079734E-018
      3797   2.64454628874341080000E+016   2.40110538066171032924E-018
      3798   3.74673817731921360000E+016   2.07883485862987683638E-018
      3799   3.98242671366303280000E+016   1.71108282054224982698E-018
      3800   4.27151916173074800000E+016   1.45706687347771042629E-018
      3801   4.44626655313139360000E+016   1.59203903432553037952E-018
      3802   4.57128187513604080000E+016   1.34068093465454759542E-018
      3803   6.34906533732464640000E+016   1.30132715989108577296E-018
      3804   6.37150944853883280000E+016   1.19530352353145784854E-018
      3805   8.06446234567225280000E+016   6.32147104921625469780E-019
      3806   7.67414765157304960000E+016   7.46460212839608111362E-019
      3807   9.00153015868556960000E+016   6.44843299663139173170E-019
      3808   8.77975260268590880000E+016   7.49687045112880207267E-019
      3809   7.74211292468128960000E+016   7.73034477622075475632E-019
      3810   7.17781478406854400000E+016   7.55082737711672241612E-019
      3811   6.27297409454742240000E+016   9.67806934946970266642E-019
      3812   3.76420675796299280000E+016   1.66984568521418934483E-018
      3813   4.85110041783854720000E+016   9.74430334510704267407E-019
      3814   9.73273010978751520000E+016   4.75513378633976460398E-019
      3815   1.04376724658380224000E+017   5.96286302586710771394E-019
      3816   1.11519598710234496000E+017   4.41812678579419615469E-019
      3817   1.10355857030791152000E+017   5.99983428114382820980E-019
      3818   9.47352346060727840000E+016   6.99447825069855814942E-019
      3819   9.46234798838376320000E+016   6.09880094599212777776E-019
      3820   9.45639776840776960000E+016   6.57854509339655370077E-019
      3821   7.44318500350269120000E+016   1.36978326877329113272E-018
      3822   1.30607776174253472000E+017   6.66212077383004836384E-019
      3823   1.61759970434630112000E+017   5.12261942808449909306E-019
      3824   1.44520767846474688000E+017   3.55705127512323577975E-019
      3825   1.26371347554679744000E+017   2.73282445051768359041E-019
      3826   1.06943458733741744000E+017   5.70680236092735058848E-019
      3827   1.07125442224223600000E+017   4.79338647090355546870E-019
      3828   1.13512376908104624000E+017   2.67212369766142749299E-019
      3829   1.12595478834377440000E+017   3.58548775066227965835E-019
      3830   1.05372578333119616000E+017   4.78072019682349097199E-019
      3831   9.59871633515135520000E+016   7.32254479225945881655E-019
      3832   1.42686286485100704000E+017   3.34479539119980117920E-019
      3833   1.11758514742723488000E+017   4.49747487367332189213E-019
      3834   9.40718665589248160000E+016   5.96786230799808256156E-019
      3835   8.13747476789392960000E+016   6.54620675109602867923E-019
      3836   9.56851417194059520000E+016   4.16827086342881314107E-019
      3837   5.50225525429876640000E+016   1.50454434008973050103E-018
      3838   2.79386273245165040000E+016   1.73219817620703911557E-018
      3839   3.30032583923203760000E+016   1.73975839598017243082E-018
      3840   4.25191804818012480000E+016   1.24546051542845728912E-018
      3841   7.43287284511782560000E+016   6.53308893126668635862E-019
      3842   9.92503799540101280000E+016   5.29657475956270728348E-019
      3843   1.23721047430236080000E+017   2.27182132172884031394E-019
      3844   1.62409148348588480000E+017   1.64136806073001999620E-019
      3845   1.85524109958297504000E+017   1.95147422974538307216E-019
      3846   2.10846765514794624000E+017   2.79069669826186694561E-019
      3847   9.39502007943354400000E+016   3.88166651144430579184E-019
      3848   1.71889732554978336000E+017   3.68849555150957735771E-019
      3849   2.42447973137697696000E+017   2.94665509088955289960E-019
      3850   1.55026784592971776000E+017   4.95103237662522166510E-019
      3851   1.11047829773319376000E+017   8.49198510667036610022E-019
      3852   6.82183076472793600000E+016   9.38662868212735991491E-019
      3853   1.00241001519230608000E+017   5.23863054326043999270E-019
      3854   1.29077114260546656000E+017   4.49371439620526842885E-019
      3855   1.04925981728895984000E+017   8.00239641709446773347E-019
      3856   1.19178862887176336000E+017   7.90013699817914830481E-019
      3857   1.57143459805074720000E+017   4.34314661526408053370E-019
      3858   1.38565729238064512000E+017   3.60385812864565169735E-019
      3859   1.28062747795249120000E+017   3.96652774047307155624E-019
      3860   1.71313926282130432000E+017   3.07747355217794726062E-019
      3861   1.19598422419526832000E+017   6.57089590394604771004E-019
      3862   8.06358757376800320000E+016   1.18840479167317869165E-018
      3863   1.12187785106026720000E+017   6.96103116523905771833E-019
      3864   8.62462512650597760000E+016   8.12550384430864257961E-019
      3865   8.26060237647255040000E+016   9.28681906318362750743E-019
      3866   8.70260970819167360000E+016   8.37525475259227798996E-019
      3867   8.06218561599807680000E+016   9.96774653102063714112E-019
      3868   6.44020550768897760000E+016   1.30010266993618302326E-018
      3869   7.78787130250149280000E+016   7.96500538667582670363E-019
      3870   8.89213173159997120000E+016   8.04066340701026633370E-019
      3871   9.51904490274140960000E+016   6.54074362396588527234E-019
      3872   8.64479804184466080000E+016   6.77746365609473983303E-019
      3873   6.37026818287316160000E+016   1.43714694700052049807E-018
      3874   4.67346566711882240000E+016   1.70593354638407321336E-018
      3875   4.93556692815268960000E+016   1.13334170997952416012E-018
      3876   3.56522029361125800000E+016   1.65753879581871866399E-018
      3877   3.94664662246904240000E+016   1.32890723609694730871E-018
      3878   3.58895986173970760000E+016   1.25402823746647654629E-018
      3879   4.01920661637050800000E+016   1.30541043854290956469E-018
      3880   3.35042210821229880000E+016   1.84926574118343747231E-018
      3881   2.79938463634748280000E+016   2.76529020239080143881E-018
      3882   2.61204794119307200000E+016   2.29988333084109168480E-018
      3883   2.29421166838725040000E+016   2.07638666764515624746E-018
      3884   2.13903839704206760000E+016   2.15869968819540205208E-018
      3885   1.48678276231352860000E+016   3.25995886515444489847E-018
      3886   2.12137876758620320000E+016   1.83226740283363142988E-018
      3887   1.88988372134953560000E+016   1.88867247581066016520E-018
      3888   1.73679122672842500000E+016   2.33366318957889684868E-018
      3889   1.58026109945487280000E+016   2.26253848272394904522E-018
      3890   1.36821145066529960000E+016   2.23318321383153126290E-018
      3891   1.28224727194993680000E+016   2.83155354432774400759E-018
      3892   1.03341533340313060000E+016   3.07374281239390211709E-018
      3893   7.90885847043541900000E+015   2.92934820591073678667E-018
      3894   6.18842289884027700000E+015   2.29794646484029953391E-018
      3895   5.90773172632538600000E+015   2.80346930163146753612E-018
      3896   7.17316526347715100000E+015   3.32855881171637024000E-018
      3897   5.38138388771328200000E+015   3.18066389741227331625E-018
      3898   5.00728995067699700000E+015   2.22055205288396078288E-018
      3899   5.25248799263371800000E+015   2.20996102435464443666E-018
      3900   5.10344026484717200000E+015   3.78748031432422981956E-018
      3901   5.06880127849278800000E+015   4.53516717074402283666E-018
      3902   7.95857800701703300000E+015   3.45740279509498828085E-018
      3903   8.15601833567235000000E+015   3.25079633721346991292E-018
      3904   6.08145458790411400000E+015   3.63362219325260128634E-018
      3905   4.63644715542986200000E+015   4.22181802742372460021E-018
      3906   4.40973923241862200000E+015   2.83652497902256536816E-018
      3907   4.83103322152984700000E+015   2.86769633032789065781E-018
      3908   4.27006818210390850000E+015   2.89369821718573939149E-018
      3909   4.03151959957353900000E+015   2.91807348903326969137E-018
      3910   3.09842283661120950000E+015   1.81746371194547409157E-018
      3911   3.24110120709886400000E+015   3.21957233821693708743E-018
      3912   3.99536174248594100000E+015   3.91155923286928793154E-018
      3913   3.50135226513731600000E+015   3.16236117781265076326E-018
      3914   1.95557965176311050000E+015   4.41651036096086943673E-018
      3915   1.24890618863453650000E+015   8.32782357170345938420E-018
      3916   5.44004032197525687500E+014   8.63351603061882504859E-018
      3917   1.33170232856313700000E+015   5.32161472176297463507E-018
      3918   1.35680719829789125000E+015   3.42275263258068926969E-018
      3919   1.25726817040139025000E+015   2.76095660536845948693E-018
      3920   1.04159098582445950000E+015   1.28161564436244903628E-018
      3921   1.38033442290581550000E+015   3.60056049608879446093E-018
      3922   2.70039277969396000000E+015   3.75383727810938195604E-018
      3923   2.68662203514120250000E+015   4.13732485499182149407E-018
      3924   1.33777000308646250000E+015   5.25327056178469250446E-018
      3925   1.33176645571376000000E+015   3.60679962096322650436E-018
      3926   2.02805652350509050000E+015   3.50119438657305685761E-018
      3927   3.05113129043519800000E+015   4.15747602138689254404E-018
      3928   2.28306699804660950000E+015   2.33519095316413269689E-018
      3929   1.39753623262968050000E+015   4.10962675751273196313E-018
      3930   1.98683288240225150000E+015   2.97195150534477206971E-018
      3931   1.93259887273879950000E+015   5.18411662915016928664E-018
      3932   2.02315566773340100000E+015   6.36331254857149553217E-018
      3933   1.46086174857578900000E+015   4.72548257598287369729E-018
      3934   1.77857782368382250000E+015   4.97068146931119056937E-018
      3935   1.45035933695692275000E+015   6.73828141635353101949E-018
      3936   1.38660313383760375000E+015   5.92627613741564307674E-018
      3937   1.44724796853732675000E+015   5.55174897020176022919E-018
      3938   1.67284807910984900000E+015   5.25048629521165387615E-018
      3939   7.13720262652705750000E+014   5.29692767893491284103E-018
      3940   1.43057395642663600000E+015   4.70721046741590170242E-018
      3941   7.73983099468850875000E+014   7.57932337348329024494E-018
      3942   7.47974049575879750000E+014   5.12739988801957379868E-018
      3943   8.18477426944204750000E+014   4.79794459940071682783E-018
      3944   1.52687515547989550000E+015   6.34477277491942742524E-018
      3945   1.62706151206714875000E+015   3.75324052849840953158E-018
      3946   1.29730246067223950000E+015   4.04915494518880839827E-018
      3947   1.68650789648398750000E+015   4.40714081300010819420E-018
      3948   1.07574512536620762500E+015   5.32123533974100760523E-018
      3949   1.09598623059849025000E+015   4.84732055843607219289E-018
      3950   8.31418733336108375000E+014   5.95269464543379742935E-018
      3951   1.12318221957265862500E+015   5.59046060283631710901E-018
      3952   1.58667828768706475000E+015   4.32580270684725807655E-018
      3953   4.46315811345201125000E+014   2.99894009498445205825E-018
      3954   8.80162531400283250000E+014   3.04942408499659203196E-018
      3955   1.09489070844548900000E+015   4.66042522407500142001E-018
      3956   9.81441662881112750000E+014   2.75528768699171707113E-018
      3957   6.48272948128297125000E+014   6.52177350894652397789E-018
      3958   1.31189906823305925000E+015   4.33646249314865965404E-018
      3959   1.20036170401188025000E+015   5.37353918844438281133E-018
      3960   6.94517733533558375000E+014   6.56550764248975094279E-018
      3961   8.71498789303691000000E+014   6.02629656873373515758E-018
      3962   1.31641326293738850000E+015   4.53921207741504289184E-018
      3963   1.09602371157227275000E+015   5.00626266528833903027E-018
      3964   8.70145980170749625000E+014   5.64007047215329969191E-018
      3965   8.17674270582101750000E+014   6.05441461467835739632E-018
      3966   6.61847599986229250000E+014   6.53624782870940582771E-018
      3967   9.06651312325319750000E+014   4.33927195044184075679E-018
      3968   9.70267906953123250000E+014   4.95122680738939505147E-018
      3969   5.97335534428521250000E+014   3.80526564329478305034E-018
      3970   8.78635763393628750000E+014   4.06185485544318695043E-018
      3971   7.31049378147548000000E+014   4.48783295524288279114E-018
      3972   4.93383966822441062500E+014   5.70358811177328634473E-018
      3973   6.60072231891448375000E+014   5.84103595993871746949E-018
      3974   6.73648410721687375000E+014   4.58825797281706593620E-018
      3975   2.88303191924283000000E+014   3.64302997914916191327E-018
      3976   4.82880168530758062500E+014   3.65707084245920314327E-018
      3977   5.05835461607005250000E+014   4.50408538328875623308E-018
      3978   5.06026820968018062500E+014   7.30443001974203321153E-018
      3979   3.26249700734353687500E+014   5.67019663789097286988E-018
      3980   4.09891230655168437500E+014   4.91534168255105715000E-018
      3981   5.98333017074067500000E+014   4.57166535349652287938E-018
      3982   7.72578355220527625000E+014   4.50578988972813215808E-018
      3983   5.60205203678796125000E+014   5.76934074177625172542E-018
      3984   6.14399621598023250000E+014   7.34734576029492427974E-018
      3985   3.80663012702641187500E+014   9.38964310367004818239E-018
      3986   2.83872360131164875000E+014   7.58834786642954571727E-018
      3987   5.33750006327767375000E+014   4.72015262097952566013E-018
      3988   4.49671395365154312500E+014   4.40300498935207053278E-018
      3989   5.65428513805371500000E+014   4.50435976166567014698E-018
      3990   5.54447190796331625000E+014   5.01604702707653381707E-018
      3991   2.89918131149779312500E+014   5.91352717914148164495E-018
      3992   5.37969003625427750000E+014   4.58464752872477073509E-018
      3993   8.27258952247831750000E+014   5.53224954945327744453E-018
      3994   9.05652934617905625000E+014   7.51895075583363600476E-018
      3995   4.89594764502494437500E+014   7.54347153124414655917E-018
      3996   3.04045399527113312500E+014   6.81741948691601016760E-018
      3997   5.07676318186264812500E+014   5.43749921597095001635E-018
      3998   4.52329041026528312500E+014   6.06919073700070888956E-018
      3999   5.13685685403401812500E+014   7.10754320216271762413E-018
      4000   6.37017122985898125000E+014   6.53762778907370554531E-018
      4001   4.30016935280381687500E+014   5.74762942339025350577E-018
      4002   4.20621871236424687500E+014   6.25264177486392139321E-018
      4003   6.53845659334999500000E+014   4.72708813705934350909E-018
      4004   8.86743145220674750000E+014   6.31649119167601915170E-018
      4005   1.15421234459515950000E+015   5.41810464238239745555E-018
      4006   8.98074670529833250000E+014   4.32938900713962898466E-018
      4007   7.25181587717722625000E+014   1.73994410148376994481E-018
      4008   5.29698605333447875000E+014   3.97266143372270547988E-018
      4009   9.60752931390566375000E+014   4.38216795692730084343E-018
      4010   4.69444469383540625000E+014   6.21088700307286437379E-018
      4011   3.72454747577383687500E+014   5.90073030500114259923E-018
      4012   7.70748593172048625000E+014   4.63799634986791416059E-018
      4013   4.24618050184292750000E+014   6.06151067911708152534E-018
      4014   8.55740746512098000000E+014   6.78795652692189836811E-018
      4015   6.62795349162215750000E+014   5.90710701313864361580E-018
      4016   4.44941091758281687500E+014   5.70331182888331753003E-018
      4017   6.55410966487523875000E+014   5.90317294426835100140E-018
      4018   8.41480091295265250000E+014   5.12127907252247526611E-018
      4019   1.01358428757658687500E+015   2.25822309256773737006E-018
      4020   7.86662727318672500000E+014   3.68766233240998261505E-018
      4021   6.76348697547228750000E+014   3.09762223166632897625E-018
      4022   4.99662635362591750000E+014   3.87167296337822184098E-018
      4023   4.39805856508716562500E+014   5.61624507070343645741E-018
      4024   3.57700970477569812500E+014   7.39307325242842426188E-018
      4025   5.89476702773762750000E+014   8.13616094412946455168E-018
      4026   6.35107625563813125000E+014   5.82508154838103084619E-018
      4027   7.15929836586235625000E+014   4.52141738207492624528E-018
      4028   7.65130191736988875000E+014   5.24885989836325354186E-018
      4029   8.21608722033216875000E+014   4.48452738727807439479E-018
      4030   7.43297210834653250000E+014   5.09669559965385522630E-018
      4031   1.38977615776324875000E+015   4.97419217799832826769E-018
      4032   1.05368754068701750000E+015   5.76392856497884693067E-018
      4033   1.23963290612948800000E+015   3.61607591796491129903E-018
      4034   1.50139816450715500000E+015   2.79004212986458802818E-018
      4035   8.14943225444092375000E+014   4.94177714272069323391E-018
      4036   1.37768255054752925000E+015   4.60369084449979476562E-018
      4037   2.05737677594291700000E+015   3.68467912240232390100E-018
      4038   1.31432667875294950000E+015   5.16803476583303092452E-018
      4039   9.57988141058923625000E+014   4.13427489390092332868E-018
      4040   9.49139159655564125000E+014   3.93270561468376975883E-018
      4041   1.71493317754082900000E+015   3.47758576998467275417E-018
      4042   1.51643113506638775000E+015   4.89679281284060741053E-018
      4043   1.39777763637301425000E+015   4.02510128763362023931E-018
      4044   1.46300047427085975000E+015   3.18977288587548037530E-018
      4045   1.28750096250121150000E+015   4.17886362989281462899E-018
      4046   1.98942245481450075000E+015   2.64912533123191173701E-018
      4047   1.11469449009530100000E+015   2.07290556941159869834E-018
      4048   5.91081141150015750000E+014   3.77782152091909546882E-018
      4049   3.67820694348423500000E+014   4.40873516674149500756E-018
      4050   1.11181413798463000000E+015   2.59834973569902092311E-018
      4051   1.41131464815624425000E+015   4.24535052784427628057E-018
      4052   8.08120862271690500000E+014   6.06062538304014244383E-018
      4053   1.32087244656889550000E+015   7.23436859127210014432E-018
      4054   2.36872472728279100000E+015   3.70949689361098979240E-018
      4055   2.29723995756866450000E+015   3.19462707857903358258E-018
      4056   1.52879481816023050000E+015   4.46947321317884907431E-018
      4057   1.16014676284632750000E+015   4.02664221694606516124E-018
      4058   1.08969677520383775000E+015   4.42294949472380733641E-018
      4059   1.54743595641510475000E+015   2.90631621429534485822E-018
      4060   1.51508295605096275000E+015   4.15457139768346049983E-018
      4061   1.96629353252603200000E+015   4.42008795561049927181E-018
      4062   1.86886260688614425000E+015   1.57153856162378413803E-018
      4063   2.19569163261394450000E+015   1.57416525784876761533E-018
      4064   3.28864296892340450000E+015   2.05598388357219829345E-018
      4065   3.97495272457704200000E+015   2.78491640002407307778E-018
      4066   4.18068309493154600000E+015   4.24882995576006034876E-018
      4067   3.65295182623504150000E+015   3.70969867801888199619E-018
      4068   2.95470561276505700000E+015   3.70579941041738875276E-018
      4069   2.18899083599562925000E+015   5.55769344020799359259E-018
      4070   2.58945052354732650000E+015   4.70862543637372919717E-018
      4071   3.60446513682671200000E+015   3.51635942647024474633E-018
      4072   2.15391496804863950000E+015   3.42987811786194533103E-018
      4073   1.77547423186854475000E+015   4.13754270739853677408E-018
      4074   3.05356579364415900000E+015   4.32764407635928592385E-018
      4075   3.56953038400081450000E+015   3.77492780654093185389E-018
      4076   3.95946389853421400000E+015   3.62326381797771440222E-018
      4077   3.60566935537597450000E+015   2.91769641992295682855E-018
      4078   3.68560710522035900000E+015   3.18491295919334521126E-018
      4079   5.22128980416978700000E+015   3.13951641988581344677E-018
      4080   5.88390436792633500000E+015   3.25433141443825815384E-018
      4081   5.26907977252358300000E+015   4.40588512116572879298E-018
      4082   7.26607686835479000000E+015   3.68436285811662984658E-018
      4083   1.19133764456196380000E+016   2.55527414839920171355E-018
      4084   1.46707537246118780000E+016   2.57333963527223174524E-018
      4085   1.29218659914758100000E+016   2.57393853228398224199E-018
      4086   9.05173097017862800000E+015   3.85660699874996246308E-018
      4087   1.21620090496169240000E+016   2.71236933499802024241E-018
      4088   1.47180320935273180000E+016   2.13771250487720289943E-018
      4089   1.73110687656341300000E+016   2.47776365259866995486E-018
      4090   2.19413011837027520000E+016   2.00860857193870109050E-018
      4091   1.74890275334967340000E+016   2.42485729583477049396E-018
      4092   1.87823435674202800000E+016   2.23248561887606908679E-018
      4093   1.90376900460673040000E+016   1.99646937298861678833E-018
      4094   1.99446056514216720000E+016   1.83907319265890764786E-018
      4095   1.47528297164933200000E+016   2.62924224196927890807E-018
      4096   1.70570333256521700000E+016   2.95175597730062400655E-018
      4097   3.58396393064659440000E+016   2.49730478861660540330E-018
      4098   4.49371941737574720000E+016   1.54155307718021961823E-018
      4099   5.05976061634326960000E+016   1.24642392081819564760E-018
      4100   4.93431963180080560000E+016   1.44501809650857955592E-018
      4101   5.39064222400955040000E+016   1.37961370247449755409E-018
      4102   6.52090799542945120000E+016   1.03601737544000749504E-018
      4103   7.05554601117409680000E+016   1.01429015728542992342E-018
      4104   7.98489032534010880000E+016   8.06482477872979963756E-019
      4105   9.29791175033991360000E+016   6.31508099455807640336E-019
      4106   8.80813872072942720000E+016   8.05671977136335059503E-019
      4107   9.40828180899049760000E+016   7.30363547978078720951E-019
      4108   9.81569610538425920000E+016   7.54281400791261724730E-019
      4109   9.77041240043983040000E+016   6.41200829571615679935E-019
      4110   8.21978857885809600000E+016   6.89666914211914764870E-019
      4111   6.66654166378973200000E+016   1.16137979814633472113E-018
      4112   3.81466569091647840000E+016   1.67878633231650999086E-018
      4113   6.94114018357381040000E+016   8.56980102394072200434E-019
      4114   1.10197125966321296000E+017   5.75041952174927856641E-019
      4115   1.12685349993121472000E+017   6.06406412070386018115E-019
      4116   1.57101916801631296000E+017   4.35706378948322004938E-019
      4117   8.89409259344879520000E+016   6.99950158505771400299E-019
      4118   1.03080027865464192000E+017   5.73887551500563603135E-019
      4119   1.07407416218595680000E+017   5.33722289633739884589E-019
      4120   8.30949698762817600000E+016   1.14184762257328148780E-018
      4121   9.08717410538334880000E+016   1.13548974638479514911E-018
      4122   1.75164751071345024000E+017   4.27166990818845876418E-019
      4123   1.84380928590581632000E+017   3.38392773668989477363E-019
      4124   1.96111001661842944000E+017   3.41749629892390169633E-019
      4125   1.54356261554941632000E+017   4.61666201589274224088E-019
      4126   1.37113598695792448000E+017   4.39557266616156200038E-019
      4127   1.50360890084718144000E+017   2.81489976886442907846E-019
      4128   1.73602963392493504000E+017   1.87592157497502385923E-019
      4129   1.23814825475854272000E+017   3.69342217612422975535E-019
      4130   9.90751986900632000000E+016   6.42755834084608577196E-019
      4131   1.41881367855542112000E+017   4.58687979196860954180E-019
      4132   1.24355667639688752000E+017   4.52050388823653226217E-019
      4133   1.33449299078785568000E+017   2.87578834230650587751E-019
      4134   9.24555678338553440000E+016   4.20241845139431365416E-019
      4135   1.09097849555009856000E+017   4.00598871815150299212E-019
      4136   9.37463680206881280000E+016   8.77110586823903631453E-019
      4137   2.63472369489862200000E+016   1.75865889867606576508E-018
      4138   3.09451674701539800000E+016   1.62752368632947977075E-018
      4139   4.33281881204921760000E+016   1.00130725574107153928E-018
      4140   1.12430689694845296000E+017   3.70892691670350965760E-019
      4141   1.10135416441247744000E+017   6.59809922117950372412E-019
      4142   9.63719003077666880000E+016   6.88926729188365861187E-019
      4143   1.31872377970109424000E+017   3.17895996450082051164E-019
      4144   1.95882111976191104000E+017   1.76510448715887265878E-019
      4145   2.53746723543887296000E+017   1.83906522543584691297E-019
      4146   2.02660619144555008000E+017   2.64313137923401072084E-019
      4147   2.02194819689855296000E+017   3.40403184906632599910E-019
      4148   3.04098164526249472000E+017   2.78932149835989766474E-019
      4149   2.58859818353808352000E+017   3.62299876775346396438E-019
      4150   1.51681394749744224000E+017   3.58646833287155779311E-019
      4151   1.00831279873784512000E+017   6.36015004128740360945E-019
      4152   1.04322777804978624000E+017   5.21893275308550753363E-019
      4153   1.52888104266647872000E+017   3.49361581426204979497E-019
      4154   1.55788046455683456000E+017   3.61848100295298666575E-019
      4155   1.11563369641628064000E+017   6.46048700893810645328E-019
      4156   1.45713257811269344000E+017   5.75235454493721608016E-019
      4157   1.51925234936249792000E+017   3.61362227900182733853E-019
      4158   1.38810831909467792000E+017   3.45504430995961014162E-019
      4159   1.47373369132101920000E+017   4.13629133795415345122E-019
      4160   1.61951519919449856000E+017   3.11147509382985901580E-019
      4161   1.17206312157056208000E+017   4.06973195854968485468E-019
      4162   1.07321727618333408000E+017   6.72826117131450904297E-019
      4163   1.23256378723689344000E+017   6.14038698513591254117E-019
      4164   8.95887054311547840000E+016   1.11644830958536088350E-018
      4165   7.18990979348807040000E+016   1.07334069389210522333E-018
      4166   9.38754323966775680000E+016   8.44046785287071785420E-019
      4167   7.86204636329085920000E+016   1.24795248118341629187E-018
      4168   7.69791365885058560000E+016   9.27511489535495512614E-019
      4169   8.02845164796429920000E+016   6.55036104826955291441E-019
      4170   9.44235870973303520000E+016   7.46960430854237075703E-019
      4171   1.03404513234254000000E+017   6.29117817565468520746E-019
      4172   9.72274564194816960000E+016   6.47771247274956566050E-019
      4173   8.42670095842454560000E+016   1.14584322350128221157E-018
      4174   5.35838439271896080000E+016   1.62977969609541280779E-018
      4175   5.68564881614926240000E+016   1.16781678608674887859E-018
      4176   4.84482936911851120000E+016   1.21335003071898318655E-018
      4177   4.52561248011751840000E+016   1.32417291973908740978E-018
      4178   4.47138917173376800000E+016   1.17613636107942689959E-018
      4179   4.66342874934492160000E+016   1.05480364757872167612E-018
      4180   4.06749282090671280000E+016   1.14599270859689152183E-018
      4181   4.03341945976736080000E+016   1.51700255540186318076E-018
      4182   2.73773713145302800000E+016   2.31761123342207786383E-018
      4183   2.58189774331244080000E+016   2.14342134568506079911E-018
      4184   2.68293176518597800000E+016   1.59946653148396010066E-018
      4185   1.86751011717718880000E+016   2.05314933146945524894E-018
      4186   2.30875052092369520000E+016   2.13842396593639942871E-018
      4187   2.11857986806371440000E+016   1.83129137427840470695E-018
      4188   1.56541025484584240000E+016   2.18326481142446953260E-018
      4189   1.47513640997300280000E+016   2.60221239009087621748E-018
      4190   1.77476079643299180000E+016   1.93112783555758735074E-018
      4191   1.45651971426892240000E+016   2.99736600235664296240E-018
      4192   1.11745497456600800000E+016   3.35343348234453607260E-018
      4193   8.85750060669542600000E+015   2.39534119093427291698E-018
      4194   7.24130141650633000000E+015   1.96941664544780724591E-018
      4195   6.67354178864414200000E+015   2.54208660911455726465E-018
      4196   5.16034879497233500000E+015   3.68559141158156252044E-018
      4197   5.52022424535580100000E+015   3.34776796836827606451E-018
      4198   4.96849184600733000000E+015   2.45197913707094399203E-018
      4199   4.13356034474943550000E+015   3.11968190747197180452E-018
      4200   3.31555831991916900000E+015   3.69926085621483414209E-018
      4201   3.90240656077405900000E+015   4.06182891453917284368E-018
      4202   8.18075620452130400000E+015   3.02233637594025195149E-018
      4203   8.27936199559384200000E+015   3.67588684359463604396E-018
      4204   5.36423984831425300000E+015   4.03083274360308681772E-018
      4205   4.83336764958539300000E+015   4.52938188900103627811E-018
      4206   3.74943776885675800000E+015   3.01921475155001904831E-018
      4207   3.75817448249018250000E+015   3.15775998019482512383E-018
      4208   4.19527750082846200000E+015   2.10619616883627498052E-018
      4209   2.83540640749352650000E+015   3.99833965822867315776E-018
      4210   1.92280130395290050000E+015   5.84056552507899774457E-018
      4211   1.88876366234436450000E+015   4.40740282032826698631E-018
      4212   1.90374703230196650000E+015   4.66208906210896733804E-018
      4213   3.34769227052312450000E+015   2.40122615521888404129E-018
      4214   4.19006085216358750000E+015   2.90888682830868584285E-018
      4215   3.03150615871719400000E+015   2.68480449680610160096E-018
      4216   2.40866351907127400000E+015   5.46799758134407572826E-018
      4217   1.98376108927844200000E+015   6.24801576977388694266E-018
      4218   1.96680775624479750000E+015   3.59525533909647623484E-018
      4219   1.64786920269003900000E+015   2.76572443911250695233E-018
      4220   1.57952492521670550000E+015   1.90169790743470188121E-018
      4221   1.79279160491015450000E+015   1.97526335928250360100E-018
      4222   1.40211084246733050000E+015   4.66209812064892479192E-018
      4223   2.64221299644864750000E+015   4.21772511367796453514E-018
      4224   2.35732425025029050000E+015   5.35550951197939799076E-018
      4225   9.67119223839387625000E+014   4.20069179665137820366E-018
      4226   1.13486196877892825000E+015   2.84033530918818012665E-018
      4227   1.94231562542357500000E+015   5.28903530782199313711E-018
      4228   2.91714928377484550000E+015   3.99992513905100869015E-018
      4229   2.04631416243566450000E+015   4.64949202890720143881E-018
      4230   1.31533138898829200000E+015   5.88378812727893755360E-018
      4231   2.00243978782890025000E+015   3.84250596553593231530E-018
      4232   2.87832847625611450000E+015   4.26833128081505360326E-018
      4233   2.09118339857434750000E+015   5.08297860405579888501E-018
      4234   1.70825889474941650000E+015   4.10027121810975886774E-018
      4235   1.56326319831449275000E+015   5.60901222637671486012E-018
      4236   1.55045771065220000000E+015   6.14409438560170870921E-018
      4237   1.40483312457886375000E+015   5.85183031020038020188E-018
      4238   1.71625803816191350000E+015   4.42030829185060377742E-018
      4239   9.94170211521579250000E+014   6.41782429797715203178E-018
      4240   9.53025558393998500000E+014   6.56286966700879027045E-018
      4241   1.19638663524593325000E+015   4.95125347507776506365E-018
      4242   6.80139138117031750000E+014   6.62525621376881335678E-018
      4243   9.57767032164088750000E+014   4.31206076130879625622E-018
      4244   9.91448836185543125000E+014   6.03480537409353095064E-018
      4245   1.71338689812160375000E+015   4.58314527054870545765E-018
      4246   1.70992407818064525000E+015   2.57400556270617697974E-018
      4247   1.54260315184226625000E+015   4.18639744368112840730E-018
      4248   1.03073096679764300000E+015   5.50318443685903848571E-018
      4249   1.15843267340267025000E+015   5.71473060155235912066E-018
      4250   1.01389630023316887500E+015   5.06843011005105970847E-018
      4251   9.89224744642237000000E+014   5.22773919308960216712E-018
      4252   1.43222656800494225000E+015   4.31653095417371607960E-018
      4253   1.54108103864784700000E+015   4.46800833074077246841E-018
      4254   8.55400970843299500000E+014   4.05496243700788458579E-018
      4255   8.88914511215375500000E+014   4.10217105919102007950E-018
      4256   1.04967392966767800000E+015   3.46980687407545822914E-018
      4257   6.71960073669407500000E+014   4.33118653791995299187E-018
      4258   7.09825466339592875000E+014   5.64621590984070959965E-018
      4259   1.18246135923780350000E+015   3.30684474918474048174E-018
      4260   6.87962962288041375000E+014   6.28311337985336534302E-018
      4261   1.04707717046625925000E+015   5.52817006678183921222E-018
      4262   1.52410734840851850000E+015   4.27405244574703911627E-018
      4263   1.43600886709911425000E+015   3.76548620119987945896E-018
      4264   1.01482109949382425000E+015   5.67645424723454812847E-018
      4265   9.93754524006174125000E+014   5.33524263519409753166E-018
      4266   1.07897485536216487500E+015   5.48794521957243825844E-018
      4267   1.14354099959585225000E+015   4.11568260850996112879E-018
      4268   1.15527409763711450000E+015   3.93989341902794960458E-018
      4269   5.55522597245186750000E+014   5.68531001857758786975E-018
      4270   7.67686235290783000000E+014   4.28480086565441249551E-018
      4271   8.83425957416305750000E+014   3.84520249651725661552E-018
      4272   6.32791167782570500000E+014   4.54329212992161971730E-018
      4273   5.39149353123975937500E+014   5.76644950725083975640E-018
      4274   6.58155011486269250000E+014   4.98840251272153294013E-018
      4275   4.77989907905002125000E+014   4.07466735466311262314E-018
      4276   3.30269411367355687500E+014   3.31709292118630615078E-018
      4277   4.79427670445983625000E+014   3.82831391692827666645E-018
      4278   4.40507761407102812500E+014   6.03165965249206823605E-018
      4279   4.37195775565011000000E+014   7.10894820977765329604E-018
      4280   3.46765961404446812500E+014   4.48881383933554639210E-018
      4281   5.36393282667437437500E+014   4.70606471540164211631E-018
      4282   7.82698688639766125000E+014   4.47410090263577437861E-018
      4283   6.87618065321944125000E+014   5.49602147412747098148E-018
      4284   5.46070738887902000000E+014   7.02739757336059340178E-018
      4285   4.78680368722008125000E+014   6.88274866392680505986E-018
      4286   2.06398217772097875000E+014   7.16112148083836588312E-018
      4287   4.91450446541049687500E+014   4.31926631225456274581E-018
      4288   4.12367212289905812500E+014   4.37564843166033137584E-018
      4289   3.56233534686467812500E+014   3.37234638664511773557E-018
      4290   4.43545631129456500000E+014   4.90439872620554548037E-018
      4291   1.11484422697492048000E+017   3.30789492396337990781E-019
      4292   2.07244722215765632000E+017   2.95426459865200039197E-019
      4293   3.36576391759529280000E+017   1.75321208520699145052E-019
      4294   3.03411949922993152000E+017   1.90855281518956335334E-019
      4295   3.26531025587779776000E+017   1.89719212118858795938E-019
      4296   3.87363864446467328000E+017   2.29079029947231583281E-019
      4297   3.47717781247386624000E+017   2.32559363972274267234E-019
      4298   1.79280508643587072000E+017   3.28026760845228473145E-019
      4299   1.55735600837638912000E+017   3.39563586177544109992E-019
      4300   1.44008554673308432000E+017   4.38636602699780484314E-019
      4301   1.65973559384490976000E+017   4.11733219521921775801E-019
      4302   1.94747676698636096000E+017   3.33208758204017829684E-019
      4303   1.71388443311108800000E+017   4.05413858893681337985E-019
      4304   1.73321190899789152000E+017   4.62245830409082642386E-019
      4305   1.85833347465491200000E+017   3.93243152462672608488E-019
      4306   1.51253862060128480000E+017   3.22854249252528894509E-019
      4307   1.63970542811651232000E+017   3.54480444936743168831E-019
      4308   1.75207538788729920000E+017   2.94473861721480080458E-019
      4309   1.70813619528718944000E+017   3.63108582831347476810E-019
      4310   1.16773116266933152000E+017   4.17570962392307763240E-019
      4311   1.28926832818833712000E+017   5.58647298148055730897E-019
      4312   1.68076145083252384000E+017   5.93257071975876080983E-019
      4313   1.08000954681006352000E+017   8.79265373514438142596E-019
      4314   9.85017910628633600000E+016   6.19082195132637240617E-019
      4315   1.13105085262142288000E+017   7.46551946779232069233E-019
      4316   1.00678807493594032000E+017   8.12540392623981679271E-019
      4317   9.95500355617079840000E+016   5.38480821800567797787E-019
      4318   8.99373277029888640000E+016   5.96122423408036824919E-019
      4319   1.06475739972014144000E+017   5.88691262666533414152E-019
      4320   1.00225149532979680000E+017   6.71782744902628509854E-019
      4321   9.17800666983199040000E+016   7.55991727738450261209E-019
      4322   7.88449286174196960000E+016   1.12275712308962082661E-018
      4323   6.87617592856474240000E+016   9.59961175228446316459E-019
      4324   7.11220697557744640000E+016   1.05503885114269637032E-018
      4325   5.37149856541482800000E+016   1.37471194777071432018E-018
      4326   5.38747703140241360000E+016   1.14640956708961313589E-018
      4327   4.45850909283205840000E+016   1.34505581008548221009E-018
      4328   4.98713122079297520000E+016   9.27931821238178024183E-019
      4329   4.74156189027948880000E+016   1.16764412999313292711E-018
      4330   3.13085769290083600000E+016   2.22953065420749473787E-018
      4331   2.64813221133899640000E+016   2.32903679739121433201E-018
      4332   3.57281631089182280000E+016   1.25522497240997252024E-018
      4333   2.54789139427969680000E+016   1.51484544226959390166E-018
      4334   2.35732791029505200000E+016   2.15586348993722628219E-018
      4335   2.25520721265955920000E+016   2.24660641517737906247E-018
      4336   1.98165093395975240000E+016   1.92827509151807113522E-018
      4337   1.55311593830889260000E+016   2.56106141760501660352E-018
      4338   2.01636170448747560000E+016   2.30423915069756230018E-018
      4339   1.94577338591842080000E+016   1.92455585827938313814E-018
      4340   1.34832478790486400000E+016   2.67981435822507497353E-018
      4341   9.53554537623855400000E+015   2.45281175971574899952E-018
      4342   7.58026595378116800000E+015   2.25307576112052082400E-018
      4343   6.98571931823350100000E+015   2.38845600674339443518E-018
      4344   4.81806853128199500000E+015   3.30061739128278374486E-018
      4345   4.68421340246453100000E+015   3.95648350910626522339E-018
      4346   6.38919708037300100000E+015   2.89231451403778082819E-018
      4347   4.97075537125816300000E+015   3.59405529831970480298E-018
      4348   3.01632412937087750000E+015   3.10580908882729321990E-018
      4349   4.13667037773856900000E+015   2.45953581352470858544E-018
      4350   8.78635283886850300000E+015   2.44341780435748241461E-018
      4351   7.89574853203565000000E+015   3.98256654157500510559E-018
      4352   4.48505803559609300000E+015   4.43084520977972434027E-018
      4353   3.97283394587830700000E+015   5.61278554597889118169E-018
      4354   4.62593370782601900000E+015   4.08077729728810808982E-018
      4355   4.20031458231380150000E+015   2.58239664472237517945E-018
      4356   3.85851577416374750000E+015   3.36936049704009333353E-018
      4357   2.70533039500250100000E+015   2.67294514827376441294E-018
      4358   1.44438175372977775000E+015   4.21906420372374477540E-018
      4359   1.57753616207186800000E+015   5.64492120452850582738E-018
      4360   1.84617984167992700000E+015   6.65645292703377882764E-018
      4361   1.25436219742045700000E+015   4.42935033154614463422E-018
      4362   2.27793847211077950000E+015   3.00691917982478931405E-018
      4363   2.88148425206299650000E+015   3.54769109435611179095E-018
      4364   2.49359224506418850000E+015   3.44862041162727266461E-018
      4365   2.74486212818690300000E+015   3.82833838713191133557E-018
      4366   2.35537840912829550000E+015   4.80091066154650981554E-018
      4367   1.80422035994802450000E+015   1.92904222854780983703E-018
      4368   2.03659896129594200000E+015   2.27314251474005544610E-018
      4369   1.77640793679819750000E+015   1.83821793008490776544E-018
      4370   2.17488304397394175000E+015   2.40409529722003337226E-018
      4371   1.20423456834199325000E+015   4.57574301047087747558E-018
      4372   1.86859991231581425000E+015   4.89725244131095057865E-018
      4373   3.30989398095556700000E+015   4.07372381024637554636E-018
      4374   1.73471137419617525000E+015   4.13033667703525779997E-018
      4375   8.04403403572639625000E+014   2.83541300155485424067E-018
      4376   1.36663830078285100000E+015   4.26753775999411759753E-018
      4377   1.95324924102307475000E+015   5.54911796241362176749E-018
      4378   2.59896122312292150000E+015   3.06275204503253684864E-018
      4379   2.18269145280363525000E+015   4.64467428698122480612E-018
      4380   1.44302484279725925000E+015   3.48403954768178614625E-018
      4381   2.33145526976188300000E+015   3.65818987125510669067E-018
      4382   2.60016286021925100000E+015   4.35602857235390364671E-018
      4383   1.90910461026530450000E+015   4.84614351860048071127E-018
      4384   1.42040650497601975000E+015   6.18182573072415822271E-018
      4385   1.60853142349020575000E+015   5.78578705139443959583E-018
      4386   1.71867493320955350000E+015   6.13732123841238105045E-018
      4387   1.46897581348430150000E+015   4.86614437327905791028E-018
      4388   1.21351408916644150000E+015   4.73241178126276604923E-018
      4389   7.82247777560542125000E+014   8.00362312295438968245E-018
      4390   1.12709153437406925000E+015   4.81616002428656681316E-018
      4391   1.01105656160306312500E+015   5.49186575945138891357E-018
      4392   9.32435530516273000000E+014   6.19085475955606924784E-018
      4393   8.55413680603480250000E+014   5.42318775799452284558E-018
      4394   1.08549053553730537500E+015   6.17606900087010927653E-018
      4395   1.93288118229697750000E+015   3.08702636066178691748E-018
      4396   1.79698076314065000000E+015   3.42513226509124310035E-018
      4397   1.05337055862587862500E+015   5.14500863279680825101E-018
      4398   1.16278501049625500000E+015   5.20563758372962295603E-018
      4399   1.05422285962803175000E+015   5.64173793670109581368E-018
      4400   9.73247124397858125000E+014   5.11587202844403822320E-018
      4401   9.30765949465383000000E+014   4.80750879092905274605E-018
      4402   1.61888152594481150000E+015   4.72938893843437179871E-018
      4403   1.38431175602554600000E+015   3.39580295281301783377E-018
      4404   7.00722463239223750000E+014   3.39093553006811344991E-018
      4405   1.03213207310637887500E+015   3.68501192761725138822E-018
      4406   7.70401951481975250000E+014   4.20011631450856266738E-018
      4407   7.20235197037900000000E+014   6.27261369142455469651E-018
      4408   1.13555510568591200000E+015   3.78045406165422383857E-018
      4409   1.53522837241970300000E+015   3.96376935783318470546E-018
      4410   1.13484522884379450000E+015   6.30554251362078990955E-018
      4411   1.25996726196806600000E+015   4.49939771789973603792E-018
      4412   1.44103347704210025000E+015   3.40714437818359750111E-018
      4413   8.11710046697128875000E+014   5.16667695375962851341E-018
      4414   5.21244899392655437500E+014   7.00792287620081240494E-018
      4415   6.52343861451891000000E+014   6.37821090058027198216E-018
      4416   1.14854102287733075000E+015   5.08925937000712440393E-018
      4417   1.20937587190809850000E+015   3.16846376398038951243E-018
      4418   1.02015324236392875000E+015   4.01076440592609976388E-018
      4419   6.17087574440856000000E+014   4.88649700385641979710E-018
      4420   9.21685417010722750000E+014   3.74327248207306456273E-018
      4421   7.59070161619587250000E+014   4.43398892892744311889E-018
      4422   4.55760059440281500000E+014   6.06824560935784742672E-018
      4423   5.76856482573468250000E+014   6.30973834046235066145E-018
      4424   4.34538188503642312500E+014   5.09929798884021329380E-018
      4425   5.12705384649980812500E+014   4.49552687584407756179E-018
      4426   5.25612237350081250000E+014   3.76457311443149121440E-018
      4427   4.13400545848262937500E+014   5.23843104387205943293E-018
      4428   4.67670659293079500000E+014   7.16749371885390962980E-018
      4429   3.84279301656493000000E+014   6.87353950743388739536E-018
      4430   4.81047384011672812500E+014   4.05538234203040042731E-018
      4431   7.21723121047410875000E+014   4.63956907363210053868E-018
      4432   8.25443288896878125000E+014   5.51548539239891241738E-018
      4433   6.27198478749501000000E+014   7.07436579925882999585E-018
      4434   5.81030831593378000000E+014   7.30178156775842292954E-018
      4435   3.11579680583387625000E+014   6.85044745056920692643E-018
      4436   3.81929779816116625000E+014   5.31453276124297303160E-018
      4437   4.78620290773588250000E+014   4.39754862900291235532E-018
      4438   3.12667795789521562500E+014   3.98451952224602503131E-018
      4439   5.49471742056136062500E+014   5.11504296701534966438E-018
      4440   4.42269465086529187500E+014   5.03749521444372862949E-018
      4441   3.69447677531139750000E+014   5.83382532031843026774E-018
      4442   8.59977296872564125000E+014   4.78292548159295928053E-018
      4443   1.21315975213937675000E+015   6.25123415330985824432E-018
      4444   8.79118768688231125000E+014   7.12415527733964184059E-018
      4445   3.68710125589447625000E+014   7.43890218376961635312E-018
      4446   3.34647548828668000000E+014   5.64739207975114174156E-018
      4447   5.23871065934242562500E+014   5.94790958077579192684E-018
      4448   3.88090993388574937500E+014   6.42231840407725291085E-018
      4449   6.71074506668124500000E+014   7.29010901808446798211E-018
      4450   4.64998078267664312500E+014   6.18293975108088340268E-018
      4451   3.98291378247510250000E+014   7.41185352222708988217E-018
      4452   4.99928421374576375000E+014   5.48336366478088715142E-018
      4453   7.23315672134623125000E+014   4.95139108725672234029E-018
      4454   9.56961931266696125000E+014   5.81326614523096295846E-018
      4455   1.09143598490474350000E+015   5.36031065116506976232E-018
      4456   7.62508502332848875000E+014   2.37932809771767013172E-018
      4457   4.77253731588118937500E+014   3.99711830512213265598E-018
      4458   9.64784581409052750000E+014   5.12349357843744497238E-018
      4459   7.11936327773268500000E+014   5.07270102673111979832E-018
      4460   3.38986877093933500000E+014   5.83629549133597244007E-018
      4461   7.89850971525532750000E+014   3.60620024774100627385E-018
      4462   6.59409400966342000000E+014   4.73539841786032375078E-018
      4463   5.07006393129835062500E+014   7.35063051534577411353E-018
      4464   8.14208707179669125000E+014   7.05145400073588003221E-018
      4465   4.77023522791753187500E+014   5.97579700437139810768E-018
      4466   5.37914213411418687500E+014   5.03325496291800351920E-018
      4467   7.89845589036853250000E+014   4.86293736180994348361E-018
      4468   9.08588887631455500000E+014   2.23180628933247875076E-018
      4469   6.70282324908841125000E+014   3.74672703800192443918E-018
      4470   7.87876603836953125000E+014   3.57164941627853189529E-018
      4471   4.38289249240342375000E+014   4.17556658590088949515E-018
      4472   4.52655020059906625000E+014   6.70293284168998380564E-018
      4473   3.77274457729525562500E+014   8.47892013792476871709E-018
      4474   5.28148647873640937500E+014   7.96419749252064800605E-018
      4475   6.55267045199425875000E+014   5.22290848730468720048E-018
      4476   6.30135800024400500000E+014   2.37218431502497045564E-018
      4477   7.70428967678603750000E+014   3.81874175473034854806E-018
      4478   6.65481805812811875000E+014   4.95938108742266638215E-018
      4479   5.02371531027068687500E+014   5.52063954960502480610E-018
      4480   1.34884600290206950000E+015   4.17542501860575694750E-018
      4481   1.47114813735838675000E+015   4.98066399424433665296E-018
      4482   1.26284600973411200000E+015   3.57121975621182347406E-018
      4483   1.56323351340469500000E+015   2.60523263112599822969E-018
      4484   1.08584921346910812500E+015   4.37031329008354161925E-018
      4485   1.14828462936946450000E+015   4.64948563384828229799E-018
      4486   1.85403367400318300000E+015   3.22965673115836944112E-018
      4487   1.32679897878722300000E+015   4.15437160650196308280E-018
      4488   1.23976184117753000000E+015   4.74879717692354100519E-018
      4489   6.24928808874665625000E+014   4.56472075244693592692E-018
      4490   1.55382658444640125000E+015   3.65598088244502610731E-018
      4491   1.58306828756376250000E+015   5.39205122284850571453E-018
      4492   1.18894537361807300000E+015   2.74428686365192364830E-018
      4493   1.45400462550655200000E+015   3.02556163251339549028E-018
      4494   1.56827683286431825000E+015   3.18560095642659354956E-018
      4495   1.98036108860612200000E+015   3.61633641046379774876E-018
      4496   7.65733984348790625000E+014   2.40707534106434667254E-018
      4497   5.17140710590755500000E+014   4.06991395119826054698E-018
      4498   4.89281589761503000000E+014   4.99681451838868754082E-018
      4499   1.01230629146117100000E+015   3.12395257409902195025E-018
      4500   1.65173816765181850000E+015   4.34368688541074787754E-018
      4501   1.41207207561654200000E+015   5.08843557939108420410E-018
      4502   1.86149061975657825000E+015   4.61629735980239299147E-018
      4503   2.07848396492781550000E+015   3.27703183849998678816E-018
      4504   1.84942728201150450000E+015   3.46831397739447467094E-018
      4505   6.26296289284209625000E+014   6.52728413741519247011E-018
      4506   3.90802503329819875000E+014   7.15631112415440232374E-018
      4507   6.85946973765136125000E+014   4.73950871639884573657E-018
      4508   9.55300967438456250000E+014   3.93982131973231155859E-018
      4509   7.90604477604081375000E+014   4.30306006660288308754E-018
      4510   1.41409175194090550000E+015   5.26351732842287298773E-018
      4511   2.00921075101054600000E+015   2.07311551223466132316E-018
      4512   2.23120948935878250000E+015   1.41226439223667341869E-018
      4513   3.29970073821095600000E+015   1.69586754631171440273E-018
      4514   3.29473767441075800000E+015   2.95009080986186593883E-018
      4515   3.51862991288247100000E+015   3.42453992053005869093E-018
      4516   3.97419728064538250000E+015   3.04291501250032668684E-018
      4517   2.68367772747622800000E+015   3.44421674026838504168E-018
      4518   2.28091202429800350000E+015   4.32749529969733020057E-018
      4519   2.04897328790535875000E+015   4.64260111272418558944E-018
      4520   3.71954521714494500000E+015   4.22421054437735915217E-018
      4521   4.78538550439732300000E+015   3.29060109463497235583E-018
      4522   3.05663578332886400000E+015   3.43947082036517873874E-018
      4523   2.04898698751929275000E+015   5.57824894858683720188E-018
      4524   2.28666766426875200000E+015   5.27259496819470920493E-018
      4525   1.83593180578358100000E+015   4.75794634279231244232E-018
      4526   3.00657095122403200000E+015   4.40823037480859623890E-018
      4527   4.25317158288853200000E+015   4.12069548757682879858E-018
      4528   4.39065751356372900000E+015   3.19264716084616864759E-018
      4529   6.00837355098943100000E+015   2.94240889900242110278E-018
      4530   8.05069009713593400000E+015   3.43232315703547910387E-018
      4531   5.37156193512705600000E+015   4.01663524386452568615E-018
      4532   6.50046223970634000000E+015   3.24924794251450259210E-018
      4533   1.10978481749240220000E+016   2.59768590916630017642E-018
      4534   1.36030257052487180000E+016   2.27559486341045737561E-018
      4535   1.53874426191353880000E+016   2.63828239252809487277E-018
      4536   1.00061005483080980000E+016   3.32902911492004166399E-018
      4537   1.04929050688695040000E+016   1.55735215793332998192E-018
      4538   1.47752986013728040000E+016   2.09508685626415115595E-018
      4539   2.14997908269200520000E+016   2.06446092212745345710E-018
      4540   2.79098392936637560000E+016   2.29801804427006520340E-018
      4541   1.70145250074118100000E+016   3.16772363624048474614E-018
      4542   2.26516977473199400000E+016   2.12432136638815157694E-018
      4543   2.41887582402038000000E+016   1.77055100897124445628E-018
      4544   2.38599750994498560000E+016   1.98918144966448349448E-018
      4545   2.01065166267612320000E+016   2.28089172013241968809E-018
      4546   1.86872934325313280000E+016   3.11496967220034401147E-018
      4547   3.37057918641148720000E+016   2.44095104137532807127E-018
      4548   4.20297569299842160000E+016   1.63070438199561166973E-018
      4549   5.91717986812055360000E+016   1.37673729993504058908E-018
      4550   5.95937985188202720000E+016   1.36927427961551082105E-018
      4551   6.61775453292006400000E+016   1.13049390967971281260E-018
      4552   8.44267517415158720000E+016   9.17892775337214084943E-019
      4553   6.13150438768989920000E+016   1.18748598264897813514E-018
      4554   9.54681149023823040000E+016   7.42419247882159644093E-019
      4555   1.13396439890759216000E+017   5.27216666253393742432E-019
      4556   9.22148014815648800000E+016   5.93536595790470736222E-019
      4557   9.80013447531527360000E+016   6.91234276721958625545E-019
      4558   1.13659493018974400000E+017   6.40177787665814105112E-019
      4559   1.24695231625209248000E+017   5.82806468449184921119E-019
      4560   9.23723204590628320000E+016   7.27574302691406740272E-019
      4561   8.71198263720665440000E+016   1.09193704827632332149E-018
      4562   5.35536730684269760000E+016   1.30340346768860106156E-018
      4563   9.71824986441776480000E+016   8.12449331879774650306E-019
      4564   1.19652624247407536000E+017   6.31167763606661747957E-019
      4565   1.21872009069086816000E+017   6.23384463663822217007E-019
      4566   1.86633883688512736000E+017   4.11775387062102641484E-019
      4567   1.66735474766972704000E+017   4.05686248845093004427E-019
      4568   9.75657889633455200000E+016   5.90768586447990150316E-019
      4569   1.38233777939837712000E+017   5.70626500501358695998E-019
      4570   9.58392560706371040000E+016   7.37844266517135931582E-019
      4571   8.56827051037370080000E+016   9.12301691102475645479E-019
      4572   1.65981600039385728000E+017   3.95308415199313203013E-019
      4573   2.23144227076922720000E+017   2.78892226855745770169E-019
      4574   2.24077906401971168000E+017   3.53663078133219326541E-019
      4575   2.04345801864221504000E+017   3.27547411770368936123E-019
      4576   1.60525270952766944000E+017   4.25654162946620066587E-019
      4577   1.94465457202649088000E+017   2.34514168531930622405E-019
      4578   1.93838729685927008000E+017   2.10354959245049651203E-019
      4579   1.91967220665780160000E+017   1.39406760936577292409E-019
      4580   1.61568613481788192000E+017   2.77241446149161482482E-019
      4581   1.56241512211053056000E+017   3.08605034836465382825E-019
      4582   1.38063716529955504000E+017   4.54492941554076320858E-019
      4583   1.21390718011028496000E+017   3.79384855786061548271E-019
      4584   1.35712161417898352000E+017   2.03148335276060868014E-019
      4585   9.10344133308602560000E+016   3.38500029884032071989E-019
      4586   3.09555879830970368000E+017   1.85127279854450314624E-019
      4587   4.25915839459037952000E+017   1.49679122767660445413E-019
      4588   3.95044694331222656000E+017   1.25571495274747062617E-019
      4589   1.87540812844127392000E+017   1.89251402953523742067E-019
      4590   1.99354711187202272000E+017   2.30556229161516511796E-019
      4591   1.91095756921207008000E+017   3.07745596232291906176E-019
      4592   1.50721748266698688000E+017   4.89299924469521130326E-019
      4593   1.56660665333154464000E+017   5.28634829227780737171E-019
      4594   2.12411937381684096000E+017   3.58325355182130016043E-019
      4595   2.32294434451611040000E+017   3.31765973120866655843E-019
      4596   2.24352826249915104000E+017   3.22411304742618209229E-019
      4597   1.71456617145983616000E+017   4.20822742609331731421E-019
      4598   1.64497805264133888000E+017   4.80580598509656844852E-019
      4599   2.28197885351843680000E+017   2.70050888734763684345E-019
      4600   2.29030189568616640000E+017   3.64499250380622879309E-019
      4601   1.38772562102380256000E+017   6.57333666595899165737E-019
      4602   1.31145751224973552000E+017   6.40508481270967301829E-019
      4603   1.68267663472159712000E+017   5.52258513816208481645E-019
      4604   1.65806059306638528000E+017   4.27574379909575348932E-019
      4605   1.02749183415914576000E+017   6.30970431666612363857E-019
      4606   1.32184685559673568000E+017   5.41303442927278689755E-019
      4607   1.28416882266114800000E+017   7.02207215119148466915E-019
      4608   1.37615683774125584000E+017   4.89545562305642638558E-019
      4609   1.06480595918125568000E+017   5.66547593099480232825E-019
      4610   9.47829930193435200000E+016   5.79993508770507290425E-019
      4611   1.15153539878066048000E+017   5.53806295423971422004E-019
      4612   1.24155694972904352000E+017   6.05970104472709531290E-019
      4613   1.13098142715223392000E+017   7.47720409965752282944E-019
      4614   8.65902141729934400000E+016   8.50730609092488691798E-019
      4615   7.66068863800070400000E+016   8.75216076464309749482E-019
      4616   6.18929028666380800000E+016   1.34226692418433379259E-018
      4617   5.67910422275663440000E+016   1.15259750775492640530E-018
      4618   5.91271010400799760000E+016   1.18030581165952970284E-018
      4619   5.27087385746125600000E+016   1.27425387411049944679E-018
      4620   6.60868445519168720000E+016   8.48211194766806940184E-019
      4621   4.55114754779723120000E+016   1.50676260551328433482E-018
      4622   2.73461187587587480000E+016   2.32477869716599553533E-018
      4623   3.29381489637468920000E+016   1.63927583281495882334E-018
      4624   3.43733347823031240000E+016   1.59056937913004174981E-018
      4625   2.09953519285323800000E+016   2.40494895202340467862E-018
      4626   2.56598675295925320000E+016   1.98099998348473520131E-018
      4627   2.24268669073084160000E+016   2.20132407047744246440E-018
      4628   2.36897930034398960000E+016   1.87535892551647520482E-018
      4629   2.02505758104589320000E+016   1.93641036833286935206E-018
      4630   2.17929788438088400000E+016   1.90017637783361676469E-018
      4631   1.86677628562258560000E+016   1.90026645368728665225E-018
      4632   1.09248615644378840000E+016   2.43150108503498935363E-018
      4633   9.08211546549133800000E+015   2.57798130342705424203E-018
      4634   8.40244506862348600000E+015   1.86861847962449553956E-018
      4635   6.20574754314227600000E+015   2.75069610774880116145E-018
      4636   4.62274977514510600000E+015   3.58021343811832319108E-018
      4637   6.83343470033726500000E+015   3.26704298349621233248E-018
      4638   6.19385063834153800000E+015   3.78285449937526374364E-018
      4639   4.21102040423774450000E+015   3.18296507234662320200E-018
      4640   7.01565726501778900000E+015   1.57215969746169924349E-018
      4641   9.50658491468770000000E+015   2.01264925710210607738E-018
      4642   7.95528872822505600000E+015   3.10185969272158200946E-018
      4643   3.89534200227797000000E+015   4.90769241321902833798E-018
      4644   3.87557630361482200000E+015   4.09086622662181148299E-018
      4645   3.94762834047703700000E+015   5.21137173650318404287E-018
      4646   5.38412934243037200000E+015   3.46138209338515776048E-018
      4647   4.23783627300904850000E+015   3.91699965480129186475E-018
      4648   1.92619303485747350000E+015   6.50644352551439697346E-018
      4649   1.63176465074810650000E+015   4.17112548234893060692E-018
      4650   1.88853925012278950000E+015   2.16682651044945807218E-018
      4651   2.52713747633155350000E+015   4.83324959336889065480E-018
      4652   2.48786421664520800000E+015   7.17454979847573047710E-018
      4653   1.46145432542129050000E+015   5.51537364091175115843E-018
      4654   1.34108708695631700000E+015   4.25947826075616983589E-018
      4655   1.59555314945843900000E+015   3.91770864170291112001E-018
      4656   1.63375636924484875000E+015   4.19847851123418292321E-018
      4657   2.20306307580878050000E+015   6.26183791226284775707E-018
      4658   1.62892606563998900000E+015   4.63675239704560372642E-018
      4659   1.62506874767053300000E+015   2.14440677826157797239E-018
      4660   1.79390988090617775000E+015   2.27071072324035005489E-018
      4661   2.10819457050975125000E+015   2.11267782267167389493E-018
      4662   2.01620720063299200000E+015   2.60218480618991751629E-018
      4663   1.55094768790376000000E+015   3.78570794682452164150E-018
      4664   2.45210827044474800000E+015   4.22057904506068010303E-018
      4665   3.03012114196714550000E+015   3.67883435416181008860E-018
      4666   1.40295716996610450000E+015   3.09776672923372455729E-018
      4667   8.46210457852592625000E+014   3.88496526978986093207E-018
      4668   1.45167247610216725000E+015   4.01841783984584093983E-018
      4669   1.96673767397654450000E+015   4.25997282593342678942E-018
      4670   2.03967637672752500000E+015   4.96644739425964668484E-018
      4671   2.18050286553350650000E+015   3.14975200691418318049E-018
      4672   2.24377828131068550000E+015   1.99661706753705029180E-018
      4673   2.10031006661437925000E+015   5.24568705079428985811E-018
      4674   2.57681704761949600000E+015   4.84109409085084116504E-018
      4675   2.19754428650817300000E+015   5.76418300762524692913E-018
      4676   1.09598121749118800000E+015   6.42759005310231575645E-018
      4677   1.63681128187065000000E+015   5.26589352791542849270E-018
      4678   1.82594910039749225000E+015   5.76758246629310606863E-018
      4679   1.15846430695819250000E+015   4.88338324541125836370E-018
      4680   1.22381417543826250000E+015   6.89340281879424424040E-018
      4681   6.72363437241130375000E+014   7.30027170257019326180E-018
      4682   1.16781320153914275000E+015   4.09520367703176726362E-018
      4683   9.43466407907419750000E+014   5.55852798903028700011E-018
      4684   9.13246253489626500000E+014   4.96834580511531210979E-018
      4685   8.50475461826580500000E+014   6.16082632533923272586E-018
      4686   1.45625246975944800000E+015   5.29195637223893324690E-018
      4687   2.25208769729861600000E+015   2.49890802132703425430E-018
      4688   1.45499944447778700000E+015   4.73725900417795776981E-018
      4689   1.26676411103094200000E+015   5.06928383323647458316E-018
      4690   1.12537496283221350000E+015   6.03292190663508374535E-018
      4691   8.55316211153757875000E+014   5.46703047307841832509E-018
      4692   8.41380108677215625000E+014   4.39964800156432787167E-018
      4693   8.65626546242561625000E+014   5.27067361269575202146E-018
      4694   1.68435750842763975000E+015   4.28102127592656982543E-018
      4695   1.03265528297011075000E+015   3.92427570337479362430E-018
      4696   8.41230159351308000000E+014   2.90789116874438874046E-018
      4697   1.00820771821118325000E+015   3.87148477450989667185E-018
      4698   7.30982271661793500000E+014   4.90621194324089670555E-018
      4699   1.04711029021764950000E+015   4.90914285051937890781E-018
      4700   1.57077016363791250000E+015   2.57392702709566932702E-018
      4701   1.18532910915719350000E+015   5.25534119694158409972E-018
      4702   8.29927861117664375000E+014   6.71015000139742441276E-018
      4703   1.14088688745791900000E+015   4.09633213217841644448E-018
      4704   1.09605008708686612500E+015   4.12264334618012713708E-018
      4705   6.68982378280263875000E+014   6.40859394374785550808E-018
      4706   4.79015687947273437500E+014   6.70165763702713169078E-018
      4707   8.10040707234429500000E+014   6.58392556215695838113E-018
      4708   8.70560391901780375000E+014   4.79909694103902222686E-018
      4709   1.06905136734261600000E+015   3.75341330176865532077E-018
      4710   8.90350864977063500000E+014   3.73788887594704581445E-018
      4711   8.94811509323129500000E+014   3.86427794812078238633E-018
      4712   7.86051042282581625000E+014   4.03256798067010968078E-018
      4713   6.72699458634022875000E+014   4.57130693645050268270E-018
      4714   5.67067332097656000000E+014   5.71753340164273426636E-018
      4715   5.12953140076913812500E+014   6.34569342532161049910E-018
      4716   4.04686913153752937500E+014   5.87435683093462443687E-018
      4717   6.60693755939711375000E+014   4.26456184251249343784E-018
      4718   4.96437081705933000000E+014   4.15202163268163511397E-018
      4719   4.20244935682361437500E+014   5.17310388117101164386E-018
      4720   3.75017480124836250000E+014   7.86116786081040481132E-018
      4721   4.54259057869838812500E+014   6.55418696843953673011E-018
      4722   7.08158621769250500000E+014   4.98004720617549197199E-018
      4723   9.47766535343938000000E+014   5.27317770032252321497E-018
      4724   9.03205400205481625000E+014   5.62582886905853318748E-018
      4725   7.58412553056588250000E+014   7.00351297669618560998E-018
      4726   6.43947477257814625000E+014   7.35415630143936928682E-018
      4727   4.34157969336995625000E+014   5.68463321617696171753E-018
      4728   4.57481199584950875000E+014   3.99508370347932191690E-018
      4729   3.71158017354175312500E+014   4.90783394255294538309E-018
      4730   3.37488001246015562500E+014   5.06744004830746082435E-018
      4731   5.31138688685294625000E+014   4.97971340628251569205E-018
      4732   6.09347766374992000000E+014   3.85754049967582819638E-018
      4733   1.05006003014953737500E+015   3.73546869637390908509E-018
      4734   1.41866660808972500000E+015   3.56386723138262241096E-018
      4735   1.29243850232995675000E+015   5.49531000556491841124E-018
      4736   1.14994763864963525000E+015   5.46434393321542438911E-018
      4737   8.70009184633538875000E+014   4.88199030980413498925E-018
      4738   5.11776997593673000000E+014   4.59107094396827963772E-018
      4739   4.94645449444112812500E+014   6.15524524559451003221E-018
      4740   5.44532792236828750000E+014   7.00551662491867335311E-018
      4741   6.09208213074452500000E+014   7.58048796171242980968E-018
      4742   4.25822150736272625000E+014   6.62525353524504190884E-018
      4743   3.89962904734221000000E+014   7.31495260573829410373E-018
      4744   4.51913904644414687500E+014   6.20159897694272655280E-018
      4745   7.63501693106984750000E+014   5.76732727992703879951E-018
      4746   1.00286993527206037500E+015   5.69500262385635564372E-018
      4747   1.10693998878183450000E+015   4.63132646406320142073E-018
      4748   9.73889399146853375000E+014   2.22372457917527308236E-018
      4749   4.85871283521439000000E+014   3.03990196133427362736E-018
      4750   8.34372299895344750000E+014   5.05907366375864629538E-018
      4751   8.34437811666997875000E+014   5.11589478227148277696E-018
      4752   3.72498364517314750000E+014   5.89967041885271831289E-018
      4753   5.53117196455346562500E+014   4.51772133900540203087E-018
      4754   8.35967738852259000000E+014   4.03943920377011161831E-018
      4755   4.74252917507164750000E+014   6.62992966899742049337E-018
      4756   7.34442441628326750000E+014   7.33589914681233937572E-018
      4757   7.64548419417011500000E+014   6.11034097237694047659E-018
      4758   6.26747023334544500000E+014   4.48391083852950238996E-018
      4759   1.03197663336653325000E+015   4.19311479794831375499E-018
      4760   1.20329736103974175000E+015   2.56486714458677204306E-018
      4761   8.50127826599814625000E+014   3.00735440688026581519E-018
      4762   8.96731738266589375000E+014   3.97921042131506655988E-018
      4763   1.15644356298721750000E+015   2.96810074185903831444E-018
      4764   5.60189709714730062500E+014   5.91139813455074547173E-018
      4765   4.48033560192592875000E+014   8.86959297504794719561E-018
      4766   3.86438744883959437500E+014   8.71023047702078980208E-018
      4767   6.31077506669361000000E+014   5.96608133807570038330E-018
      4768   6.10704576996819500000E+014   2.37997528895785054134E-018
      4769   8.41903227960663875000E+014   3.09412442121288604748E-018
      4770   6.95299822173404375000E+014   5.89789335676504027857E-018
      4771   3.81375119361370750000E+014   6.09749959944458721649E-018
      4772   9.20475205578381750000E+014   4.18977660776942652087E-018
      4773   1.34473255643372650000E+015   5.27915258824796094518E-018
      4774   1.56287946945455375000E+015   3.13786011755229494906E-018
      4775   1.26173829183433400000E+015   2.82848306458254685372E-018
      4776   9.56338821494784125000E+014   4.05303976098696673485E-018
      4777   1.14491403020381875000E+015   5.17612677676597211057E-018
      4778   1.82679199392181350000E+015   2.73942939498250187936E-018
      4779   1.24746107952853325000E+015   2.43147089745468327883E-018
      4780   1.16561534228678700000E+015   3.89248461552136002390E-018
      4781   1.04833335988894362500E+015   5.56892225629602368860E-018
      4782   1.49878930473670775000E+015   3.90197532006576419691E-018
      4783   1.41631265163475850000E+015   5.56686673195358081497E-018
      4784   1.38674933234834800000E+015   3.21099731144714028265E-018
      4785   1.51835708236588950000E+015   2.00010731043800411120E-018
      4786   1.81548841961776525000E+015   4.23232772983517311003E-018
      4787   1.71656060701433150000E+015   4.49271994345611763305E-018
      4788   7.47109651543843375000E+014   3.85191314703868467188E-018
      4789   4.94509484504626125000E+014   2.39594693742705829347E-018
      4790   6.89086940774818125000E+014   4.26413646052381660823E-018
      4791   1.01844122151964325000E+015   3.92207041761769938841E-018
      4792   1.24695131106783200000E+015   4.76256227873381004417E-018
      4793   1.80383513713757575000E+015   4.41535228189136169185E-018
      4794   1.52152156288465450000E+015   3.69639864028806418470E-018
      4795   1.59716011000928525000E+015   3.83019131819592196754E-018
      4796   9.32614745762227250000E+014   3.78401985144204897010E-018
      4797   6.18472385707002625000E+014   6.37679617183395434164E-018
      4798   2.88315537055738625000E+014   7.21662031867673619615E-018
      4799   6.28909950216468625000E+014   4.44831177670039757991E-018
      4800   8.26249719054597125000E+014   2.58557113848089791164E-018
      4801   5.23704881120959750000E+014   3.91988824926271953605E-018
      4802   1.42758307023983000000E+015   4.43308166678970138442E-018
      4803   2.46437959990205000000E+015   2.70699339900202392087E-018
      4804   2.88317047973257500000E+015   1.61114447178447504377E-018
      4805   2.43133362204189600000E+015   2.29196274574858928453E-018
      4806   1.24920082910788825000E+015   2.63289929825353809001E-018
      4807   1.37031663875919475000E+015   3.52934665834594927478E-018
      4808   2.74550218526836050000E+015   2.59294285924168446682E-018
      4809   2.96946840257938550000E+015   3.01687852594129124279E-018
      4810   2.52920732997152400000E+015   5.16187398934051223608E-018
      4811   1.65163610959506300000E+015   4.42208592981446097992E-018
      4812   2.20098512466263425000E+015   4.89467248505875507521E-018
      4813   3.16640453828476400000E+015   4.32764935414912780374E-018
      4814   5.47985476996735500000E+015   4.27250632822264831542E-018
      4815   3.97591701823123900000E+015   4.50272887536851849885E-018
      4816   1.85778357994417600000E+015   4.92576953603358599809E-018
      4817   1.97086925840999050000E+015   4.67394709194318179736E-018
      4818   1.53652336934403200000E+015   4.33741115419050962869E-018
      4819   2.90886358558176200000E+015   5.97502780297491496965E-018
      4820   3.58356114453321800000E+015   4.29238648304440399092E-018
      4821   4.28910615282114000000E+015   3.82551518443256712307E-018
      4822   7.63090933361634100000E+015   3.20280908814687328703E-018
      4823   9.05537878867414000000E+015   2.79119921703270332199E-018
      4824   6.57348404712953500000E+015   3.85298125710271690546E-018
      4825   5.93838019229560000000E+015   3.89201999384297841634E-018
      4826   1.01745691951565840000E+016   2.74607301319811331222E-018
      4827   1.46659465515252080000E+016   2.18613570251749697370E-018
      4828   1.69758435943173740000E+016   2.77054807488017634129E-018
      4829   1.07510840354062800000E+016   2.57399397092098213555E-018
      4830   1.32735288527160280000E+016   1.80935418430098231345E-018
      4831   1.43684781158231580000E+016   2.22859634578920046436E-018
      4832   3.25040193363920920000E+016   1.31652813663465914621E-018
      4833   2.73455515052451080000E+016   2.43509862733957765862E-018
      4834   1.84917393070373520000E+016   2.43825192972084831107E-018
      4835   2.56995502989873240000E+016   2.09052200379520886676E-018
      4836   2.70011944832197360000E+016   1.98114516384443418706E-018
      4837   2.77053763881548360000E+016   1.90909046326092661070E-018
      4838   1.90352509502835920000E+016   3.06766247692668641180E-018
      4839   1.74076549302033140000E+016   3.63847700153907994715E-018
      4840   3.17506044523353440000E+016   2.67596178659450016054E-018
      4841   3.66294734899768080000E+016   1.98157165084223709715E-018
      4842   7.19117847043735680000E+016   1.18537216861510390439E-018
      4843   7.09183791288794160000E+016   1.24587501484823012413E-018
      4844   1.01189455967383136000E+017   8.80283944744836818688E-019
      4845   9.72236189732191040000E+016   1.03878023243768309823E-018
      4846   5.95804450686837040000E+016   1.16350989990474014602E-018
      4847   1.29113703812342256000E+017   4.71777920340457570516E-019
      4848   1.28947669451311888000E+017   3.79969789407626384720E-019
      4849   1.05901711992648032000E+017   5.97669433587303257804E-019
      4850   1.13490737472565840000E+017   5.61551513960645879445E-019
      4851   1.51121635360556128000E+017   5.03100487101158144061E-019
      4852   1.37086193864723440000E+017   5.57587351529582629091E-019
      4853   1.13105401647908000000E+017   6.95519852027661120863E-019
      4854   1.06965315835884448000E+017   6.83744101873705361912E-019
      4855   1.19887752374539904000E+017   6.62203049777150667929E-019
      4856   1.14129582175207328000E+017   7.01282233956640598126E-019
      4857   1.19191529319305040000E+017   6.95179625860291813327E-019
      4858   1.49094362371288064000E+017   5.26137150859190689078E-019
      4859   2.05183756524328352000E+017   2.73922357337569864967E-019
      4860   1.43536300319989664000E+017   3.73027860875322306888E-019
      4861   1.57250912014991232000E+017   5.81283206028711076715E-019
      4862   1.59843086274131488000E+017   6.62798537951886596418E-019
      4863   1.05791503433082304000E+017   7.17624350993855419155E-019
      4864   1.32981206507946672000E+017   4.33720369180561567866E-019
      4865   2.07621538895634016000E+017   2.80373476177949400025E-019
      4866   2.91424191178236288000E+017   2.33477131477914379574E-019
      4867   2.52628604159844032000E+017   2.10843643502154874126E-019
      4868   1.57447034478537760000E+017   3.18238175836169984083E-019
      4869   2.52531366339032992000E+017   2.56194165925570483203E-019
      4870   2.05045649680131936000E+017   2.22228226599726456660E-019
      4871   2.20103587432544544000E+017   1.27241620633445283607E-019
      4872   1.97097566146911264000E+017   1.57679718384865655951E-019
      4873   2.19856941688844384000E+017   2.34629400337599392364E-019
      4874   1.98001472695109856000E+017   2.53024326703620284299E-019
      4875   2.94123053192283008000E+017   1.78719562489262115341E-019
      4876   2.23396797988165472000E+017   2.37869741978081820221E-019
      4877   2.97030936158160384000E+017   1.86080983225780491194E-019
      4878   2.67698510183783168000E+017   3.08676559974317149770E-019
      4879   2.21293978099662144000E+017   4.26477271373027141417E-019
      4880   2.02746525466789024000E+017   3.80409015476247785134E-019
      4881   3.09226672035307072000E+017   2.15068838794964801101E-019
      4882   2.87753805379353696000E+017   2.67486306598846323701E-019
      4883   2.50003014792899136000E+017   3.09304165624990077677E-019
      4884   2.26892768031239872000E+017   3.66957180578527923863E-019
      4885   2.81835692065886240000E+017   2.91779406000630205538E-019
      4886   2.57416171791104704000E+017   3.72412131618811942514E-019
      4887   1.71189906314170464000E+017   6.11030630662813103904E-019
      4888   1.60158885614780096000E+017   7.12002496814049146402E-019
      4889   2.06639815288345600000E+017   4.89665857074505055367E-019
      4890   1.78824686966208224000E+017   5.22400321117947889703E-019
      4891   1.45978286067385536000E+017   5.24975180565474184053E-019
      4892   1.22911677829470432000E+017   6.34888471420746356804E-019
      4893   1.22231891765281824000E+017   7.55495017329582909513E-019
      4894   1.64942567157022112000E+017   4.78239720360000010710E-019
      4895   1.18908693856972848000E+017   5.89478477856298374152E-019
      4896   1.00867468630360992000E+017   7.34783949026628100211E-019
      4897   1.16304782919461408000E+017   6.32194358717880916345E-019
      4898   1.40687719988835408000E+017   5.60912540626917382635E-019
      4899   1.36753967716943120000E+017   6.71584430642283606428E-019
      4900   1.02120009916152528000E+017   7.73322723060951505007E-019
      4901   9.24878578045753280000E+016   8.20551324467353091592E-019
      4902   7.49555671313496160000E+016   9.68468214599013291139E-019
      4903   6.06525960609869760000E+016   1.15845907802741776105E-018
      4904   7.65794280163702720000E+016   8.93646927883170144587E-019
      4905   6.35338277068515840000E+016   1.48848956805751660939E-018
      4906   7.26141593108064000000E+016   1.26661892756981735013E-018
      4907   6.34567951965900640000E+016   9.77430737568301037339E-019
      4908   3.20087136349975240000E+016   1.66285030086885138511E-018
      4909   4.30494807439759520000E+016   1.38381541991804588778E-018
      4910   4.67925706133858960000E+016   1.22486626778406564649E-018
      4911   2.94228531986213160000E+016   2.13644244052467185728E-018
      4912   2.86772515008294040000E+016   1.78193843821613330624E-018
      4913   2.25101032936366440000E+016   2.13250354459048885652E-018
      4914   2.41057646176808120000E+016   2.18686189212393253350E-018
      4915   2.39593847656570400000E+016   1.85411460766049911420E-018
      4916   2.22093654414902880000E+016   1.94067026080368880301E-018
      4917   2.71387842822854880000E+016   1.85120702913853415403E-018
      4918   1.64527748060609960000E+016   2.29890872129644943740E-018
      4919   1.03209799044398000000E+016   2.62763883645646251154E-018
      4920   1.09328906314611020000E+016   2.23174400151084035885E-018
      4921   8.05940659274437700000E+015   2.09113757033205011953E-018
      4922   5.95109180955507200000E+015   3.32053192938857730132E-018
      4923   7.31604540141178200000E+015   2.99331821321313572680E-018
      4924   9.58862068613196600000E+015   2.63781045417741176660E-018
      4925   7.06760476429113600000E+015   2.65720009573130265239E-018
      4926   7.96488167603297400000E+015   1.59410118404666331274E-018
      4927   8.93275782430785700000E+015   1.66738588735194827337E-018
      4928   6.30946068943026600000E+015   2.63954382359357178272E-018
      4929   3.90104368310823750000E+015   4.06979879917798782368E-018
      4930   3.43711646958909200000E+015   4.69360306011145932945E-018
      4931   3.46545362023294000000E+015   5.73867102829553513618E-018
      4932   4.41985537793310000000E+015   5.76714858755928889102E-018
      4933   5.54729560121286800000E+015   4.11834838329908322447E-018
      4934   5.13837308173621900000E+015   3.63660476290220679419E-018
      4935   3.95211704262184100000E+015   3.47707211269877315781E-018
      4936   2.63828699228553600000E+015   4.21292155767040489851E-018
      4937   2.37974498796740450000E+015   1.86960598224816040867E-018
      4938   2.36986080497067450000E+015   2.45810017195662430947E-018
      4939   2.95270135180145250000E+015   4.75094077224340735363E-018
      4940   2.49643496498270500000E+015   5.92010478194877131172E-018
      4941   2.03408506311660850000E+015   3.98780311134986433376E-018
      4942   2.40813106294697050000E+015   2.78066726849980624106E-018
      4943   2.54044393530282100000E+015   3.42858675575039956165E-018
      4944   2.36932468259898000000E+015   5.42135159201652860978E-018
      4945   2.22545029278861575000E+015   6.08980917081066819908E-018
      4946   1.90856272018126000000E+015   2.64951679803406518059E-018
      4947   1.43812649959744250000E+015   2.84775773400848578456E-018
      4948   1.98705904427792450000E+015   2.62482572154714746551E-018
      4949   1.76602631763502000000E+015   1.97711890870007420957E-018
      4950   1.28902936066363300000E+015   2.49238922407958389152E-018
      4951   1.58513655547415125000E+015   4.54816546769968279205E-018
      4952   2.41743651395056200000E+015   3.69419086180115256077E-018
      4953   2.99292761047776750000E+015   2.99486541079114264206E-018
      4954   9.26078814587652500000E+014   3.68093166158294026583E-018
      4955   7.30964588104953750000E+014   4.05148989072044910991E-018
      4956   4.27123366524964200000E+015   2.31007769824398754031E-018
      4957   2.93330351491369400000E+015   5.03567400548219163736E-018
      4958   1.53762607607968175000E+015   5.70805927777970205435E-018
      4959   2.02624773187166525000E+015   2.37821322550624278279E-018
      4960   2.36627647048709200000E+015   3.73343702252030959108E-018
      4961   1.43865202722423600000E+015   7.03096596114875470949E-018
      4962   2.53707115563195050000E+015   4.39625945797424646780E-018
      4963   1.66736284821293175000E+015   4.98094871669719755650E-018
      4964   1.42650249069783900000E+015   4.94915766790808048619E-018
      4965   2.40643996808284850000E+015   5.13781167707569010587E-018
      4966   1.56110534801907850000E+015   4.95585999756152793338E-018
      4967   9.70418254686180250000E+014   4.83790481749467084099E-018
      4968   1.01174115603440287500E+015   6.11292656026303994971E-018
      4969   7.12042377360237125000E+014   5.65749645255210070827E-018
      4970   1.16159473995419325000E+015   3.85476722555719020221E-018
      4971   1.04267770343804012500E+015   5.25010858687624537105E-018
      4972   8.57256948667530750000E+014   6.18176197549593858420E-018
      4973   1.18941238754985700000E+015   6.87168359595462901755E-018
      4974   1.63702602915738700000E+015   2.97168233362599742651E-018
      4975   2.01915616666133550000E+015   3.15841634411824295520E-018
      4976   1.36131078930937875000E+015   4.75128731704906312037E-018
      4977   1.26060565214302950000E+015   5.04899545892723565310E-018
      4978   8.17672634624768125000E+014   5.53143953129306947517E-018
      4979   9.43468933223805875000E+014   4.89661143440372625141E-018
      4980   8.15576620377286500000E+014   4.42872335937712681302E-018
      4981   1.33560937951850150000E+015   4.42619068560689966086E-018
      4982   1.67651813033526125000E+015   4.30216034493788987154E-018
      4983   1.05376436367590500000E+015   3.31494587130546405306E-018
      4984   1.12132078328916150000E+015   3.32199064081685824589E-018
      4985   1.39325637628293150000E+015   4.56240710645541265138E-018
      4986   1.57205334857506525000E+015   4.61168494771388116883E-018
      4987   2.03071998476221125000E+015   3.42200095155124224722E-018
      4988   1.44025886566950500000E+015   3.79855329090850851956E-018
      4989   7.83200876224977375000E+014   7.23920596471951115886E-018
      4990   7.90324275182949750000E+014   5.03548068721820022825E-018
      4991   1.25023931521652700000E+015   3.69450560194234416986E-018
      4992   8.66251565595444250000E+014   4.58424539580281349668E-018
      4993   5.25214854833005125000E+014   6.53531161376454542998E-018
      4994   4.80843046688604812500E+014   6.38595818946357884178E-018
      4995   9.84318511631764625000E+014   6.29496643637407336180E-018
      4996   7.41952227278610875000E+014   5.10225040379449805263E-018
      4997   8.44658350246991375000E+014   4.22654030842976995865E-018
      4998   1.00171689552222525000E+015   3.20940639590857707240E-018
      4999   1.07376655993632837500E+015   3.63649343811639184947E-018
      5000   9.41796646249375500000E+014   3.90821981157687191436E-018
      5001   8.00342485648820750000E+014   5.12193840251503544343E-018
      5002   7.29165044490856625000E+014   5.40468565256980166088E-018
      5003   4.73980530230427750000E+014   6.80254762942605035149E-018
      5004   5.98889304860784750000E+014   4.99945658007250256748E-018
      5005   6.93513687851030375000E+014   4.23701279670696064310E-018
      5006   3.76337110848798812500E+014   4.96065812476671205365E-018
      5007   3.91521213571076375000E+014   6.57064017753653562308E-018
      5008   4.77239801639943062500E+014   7.97382065958318833979E-018
      5009   6.17336745225562375000E+014   4.61108269102082791188E-018
      5010   6.01979513966642750000E+014   5.15417331316829684045E-018
      5011   7.35305329892863375000E+014   5.21360416827018260723E-018
      5012   5.50257365702173812500E+014   5.66338856594251902148E-018
      5013   6.10911285507979250000E+014   7.86335317213825247560E-018
      5014   6.05776014008698500000E+014   7.25593520301821953004E-018
      5015   4.47808956509209187500E+014   5.10134081323427405439E-018
      5016   4.76593567872786875000E+014   5.09658283474502194745E-018
      5017   2.39176639505319812500E+014   6.18068836213608977374E-018
      5018   4.59828950138230937500E+014   5.41313070926935821585E-018
      5019   8.89389615633330125000E+014   3.65489432753287264653E-018
      5020   9.67872598457439125000E+014   3.29496077457294564086E-018
      5021   9.83526601599733875000E+014   4.00670248971089410874E-018
      5022   7.36123668037389250000E+014   5.12299072666807276347E-018
      5023   7.90283335210831125000E+014   7.53773650642408671384E-018
      5024   1.05084433051455937500E+015   5.39365587816833407593E-018
      5025   8.52445328705907875000E+014   4.00804592612245559368E-018
      5026   8.69899619448897250000E+014   4.44859446799651699930E-018
      5027   4.95338714751300875000E+014   7.27462232073159538825E-018
      5028   5.97571249102666375000E+014   8.39251514754437236112E-018
      5029   4.97920761277115500000E+014   7.96112441116366900737E-018
      5030   4.18455787212717375000E+014   7.08208282988789976365E-018
      5031   4.36924163901304187500E+014   6.72247609963701926108E-018
      5032   5.42707100709779562500E+014   5.74708115487971088863E-018
      5033   8.51031013200081125000E+014   5.04959096497501977749E-018
      5034   9.40250505341434125000E+014   5.52164322959367525552E-018
      5035   1.10576544848773500000E+015   4.04762947734215159650E-018
      5036   8.21904521956832000000E+014   2.32954516329958784586E-018
      5037   5.55394354171031187500E+014   3.87012462413503369556E-018
      5038   9.23183939929304625000E+014   4.29208164896638121884E-018
      5039   4.67741497249938812500E+014   5.66079643691343382471E-018
      5040   3.69817663603730250000E+014   6.85132833877557628510E-018
      5041   8.01036195002328625000E+014   5.36128673017207055310E-018
      5042   7.42639161693455375000E+014   5.39268667433287231640E-018
      5043   5.01179132777545375000E+014   6.70902047219462860902E-018
      5044   9.35367440323172625000E+014   5.47364009931701444453E-018
      5045   8.06631569822572000000E+014   4.49359616424853045640E-018
      5046   8.62368057386474125000E+014   4.26469151054433897951E-018
      5047   1.17665878896428400000E+015   3.46360659957412887508E-018
      5048   9.18993001239385500000E+014   2.42822967343237055000E-018
      5049   7.20990804047276000000E+014   3.38788948226690799551E-018
      5050   1.25628452173650875000E+015   3.31705470749487557460E-018
      5051   1.21090191115790100000E+015   3.35725518056950687033E-018
      5052   7.81261084792654000000E+014   5.64367796511406033667E-018
      5053   5.73137117474638500000E+014   5.40783220515508551576E-018
      5054   5.35586259397196437500E+014   6.61015350148341523785E-018
      5055   7.45913927933999375000E+014   3.90969579250678711310E-018
      5056   7.90356397418020500000E+014   2.19536951450982152777E-018
      5057   8.93666308789240750000E+014   4.78652574164576123099E-018
      5058   2.72216426439867218750E+014   7.02054993629258628313E-018
      5059   7.34953694158913500000E+014   4.06711257254551677790E-018
      5060   1.14253391840845900000E+015   5.36135992860116870145E-018
      5061   1.69107175556017075000E+015   4.38384340804724139797E-018
      5062   1.68540892348588475000E+015   3.00200404936550014441E-018
      5063   6.31957728720163625000E+014   3.80823043965978132159E-018
      5064   1.01912861667998487500E+015   5.21119596460103252834E-018
      5065   1.82475072953873275000E+015   4.09488471159969769983E-018
      5066   1.66602206080414725000E+015   1.93442208321765481473E-018
      5067   8.34540116016530500000E+014   1.90810975333186086211E-018
      5068   9.25754993012869000000E+014   4.79368569653996243968E-018
      5069   1.71232931142474600000E+015   4.88586435665464040246E-018
      5070   1.48666395546267025000E+015   5.19828484965537570222E-018
      5071   1.34196176210103750000E+015   2.94873125585519267998E-018
      5072   1.70645239466749175000E+015   1.25226201621466260078E-018
      5073   1.79417006807924450000E+015   2.37760522584421598097E-018
      5074   1.54381057906440525000E+015   4.88446955149709869172E-018
      5075   1.06688393976691687500E+015   4.45587016705416990731E-018
      5076   6.63326997317415625000E+014   2.89311324779132324075E-018
      5077   6.27644221907944250000E+014   1.63315960247207327967E-018
      5078   1.21108464334540825000E+015   4.60149938408626308106E-018
      5079   1.64232695130404300000E+015   4.94657718592525239902E-018
      5080   1.82264050574668500000E+015   3.87584104432898530658E-018
      5081   1.23216367759670375000E+015   4.90029872163997385521E-018
      5082   1.02661481035824662500E+015   4.87522441450404592561E-018
      5083   9.68502617858319000000E+014   4.14989177338231211436E-018
      5084   8.03656172246602625000E+014   5.24525053148030680206E-018
      5085   4.28935277334893187500E+014   7.21157719791952798036E-018
      5086   3.55363156844814812500E+014   5.57279734713857186987E-018
      5087   8.33703237105245125000E+014   2.86872153545430326863E-018
      5088   4.42331502182325312500E+014   2.59211822323959381711E-018
      5089   9.20221184893500375000E+014   2.86843132764399844633E-018
      5090   2.04019400708653325000E+015   3.73032911312694689668E-018
      5091   2.70384850325460700000E+015   2.38515074522187527115E-018
      5092   2.27952665562785750000E+015   2.95522491444720206081E-018
      5093   1.29189259106848625000E+015   2.68791008305742934557E-018
      5094   8.68636090556946375000E+014   2.68969047331126713916E-018
      5095   1.16312876204236925000E+015   2.86535903737697518626E-018
      5096   2.57102850598742750000E+015   2.96451558644181648968E-018
      5097   2.98756992986980750000E+015   4.36141108110434098266E-018
      5098   2.94942044860944150000E+015   3.26796592057636114776E-018
      5099   3.21006563775724000000E+015   3.29360214964733909152E-018
      5100   3.56651969634464400000E+015   5.33333361228357368160E-018
      5101   3.04195849445083550000E+015   4.37674346062650038764E-018
      5102   3.19472013639617250000E+015   5.22230635341258338306E-018
      5103   5.91154646374045500000E+015   3.99277712729016937070E-018
      5104   4.80122238912463800000E+015   2.75974251793613597233E-018
      5105   2.75702460535284900000E+015   3.46856023870824724581E-018
      5106   1.71323773313529550000E+015   3.77043979216918506693E-018
      5107   1.71174558326950175000E+015   5.06647013749760603371E-018
      5108   2.94351871160080000000E+015   5.91024356043555444428E-018
      5109   3.01960574832522200000E+015   4.69261401556425654861E-018
      5110   4.91772828919300000000E+015   3.71511589340925571883E-018
      5111   9.55593645089811600000E+015   2.28911970913980965118E-018
      5112   9.67863673332279800000E+015   2.78434483076469728633E-018
      5113   5.44590820815350900000E+015   3.82096284373843393674E-018
      5114   8.02320477691907200000E+015   3.70421063396619257994E-018
      5115   1.29419567173251220000E+016   2.42272320220048148395E-018
      5116   1.68342094352015980000E+016   2.34727933838771746089E-018
      5117   1.37141125375982140000E+016   2.53488459740656717324E-018
      5118   1.36964387762089240000E+016   1.99957718551465087973E-018
      5119   1.46087144827486720000E+016   2.39298963565256480720E-018
      5120   2.20089414435266480000E+016   2.26462252030363540280E-018
      5121   3.34337330795561960000E+016   1.95078662546991981238E-018
      5122   2.04374268857830160000E+016   2.33795898429088257281E-018
      5123   3.16059893903829760000E+016   1.75525270661045173189E-018
      5124   2.64817132338391800000E+016   2.42331136762071783070E-018
      5125   3.28168304094252760000E+016   1.80251002188223727319E-018
      5126   2.50682953161226600000E+016   1.92611046711472653372E-018
      5127   2.14109395482360520000E+016   2.75438935499563928693E-018
      5128   3.20119153155892160000E+016   2.48458274152621697125E-018
      5129   3.13878871191921840000E+016   1.80466333677132876044E-018
      5130   4.30724760885360400000E+016   1.49223046754590777633E-018
      5131   8.73055541220187520000E+016   8.72822076192233891505E-019
      5132   9.40060311812757280000E+016   7.79415150088642474848E-019
      5133   1.31339819822373600000E+017   6.58301439681450355579E-019
      5134   6.23980283832526480000E+016   1.23313041841155141878E-018
      5135   8.52822335973055200000E+016   8.39153059456531416070E-019
      5136   1.44593687390554656000E+017   4.11632318588638208255E-019
      5137   1.22127643339853648000E+017   4.53524759623830319204E-019
      5138   1.32104422733548096000E+017   4.94072195887282325172E-019
      5139   1.55691998588808896000E+017   3.95528910030790599114E-019
      5140   2.00845789615120160000E+017   4.45159319407415418019E-019
      5141   1.16232345159909520000E+017   8.03219295022259131636E-019
      5142   1.31591427389831088000E+017   5.48289704848008907392E-019
      5143   1.52732886360550016000E+017   3.77055378284288597624E-019
      5144   1.73714287150723424000E+017   5.20593492759770134244E-019
      5145   1.73599494958984256000E+017   5.79368818845798848694E-019
      5146   1.66745328178949184000E+017   5.55005619980729183579E-019
      5147   1.82436820229055296000E+017   4.55892826161654993132E-019
      5148   1.98085380736605440000E+017   3.04883516869527064258E-019
      5149   1.68580262531052736000E+017   5.06930753318551288304E-019
      5150   2.45159171564625696000E+017   5.33215641067692983434E-019
      5151   1.78879999231240992000E+017   5.37439274407084589575E-019
      5152   1.66722212449339808000E+017   3.10060035204949577378E-019
      5153   1.71018319645328576000E+017   2.90527728265122961517E-019
      5154   3.56296671035690112000E+017   2.04316781491524191910E-019
      5155   3.77880016049222720000E+017   1.34344584980651505771E-019
      5156   2.38344294677314752000E+017   1.86994710601312909829E-019
      5157   2.76800525393264928000E+017   2.21312513369775958852E-019
      5158   3.66583564585835776000E+017   2.04728014477435272350E-019
      5159   2.48623074667837984000E+017   2.35665612166808966668E-019
      5160   2.54979875917134656000E+017   1.43453064717254719336E-019
      5161   3.31408471639068288000E+017   2.68007941774011421146E-019
      5162   3.71018538481769472000E+017   2.50636458894382940743E-019
      5163   3.11914860291829120000E+017   2.31255196278160311956E-019
      5164   4.56984277034551040000E+017   1.76965074506503724420E-019
      5165   3.10670608712748416000E+017   2.65406064634560615843E-019
      5166   2.90495915309675520000E+017   2.74303131149653271013E-019
      5167   3.30885779842673408000E+017   2.09223359363020156865E-019
      5168   3.15757942476791680000E+017   2.35467232641809280846E-019
      5169   2.78028743270664832000E+017   3.02491866299940085686E-019
      5170   2.04840254932837984000E+017   3.58792754639800772328E-019
      5171   1.71144110741310592000E+017   4.87113852144339212131E-019
      5172   2.23447403455533952000E+017   3.80066137267975208501E-019
      5173   1.63536241421507744000E+017   5.39552187531914047406E-019
      5174   1.79517286571975872000E+017   4.77793729873418807620E-019
      5175   1.60545174187212384000E+017   4.30596901384934476406E-019
      5176   1.25762485237684400000E+017   5.53048396186847785544E-019
      5177   1.75809230579769696000E+017   5.22063954786410879961E-019
      5178   1.61715081707119776000E+017   3.45979694834936188522E-019
      5179   1.17827198941582208000E+017   5.84280975931421675900E-019
      5180   1.40738892455104448000E+017   5.29718559376427968306E-019
      5181   1.50024376213794336000E+017   5.55327375516320406944E-019
      5182   1.78649389129947232000E+017   4.96409501015087759413E-019
      5183   1.28665118507534112000E+017   8.15590385893934038249E-019
      5184   1.23217560505730720000E+017   9.24692945082666470505E-019
      5185   1.02619162673237984000E+017   8.88614313028855430339E-019
      5186   7.12838506729773840000E+016   1.11803464082852640788E-018
      5187   8.73848597656496480000E+016   9.22255640432744533754E-019
      5188   7.67642920400710080000E+016   1.09246944640339074325E-018
      5189   7.95074337288737280000E+016   1.28372639297885491923E-018
      5190   7.61039475088505440000E+016   7.73878805263535884260E-019
      5191   3.62544824006968960000E+016   1.24423063827208934948E-018
      5192   4.39417632351698320000E+016   1.18351305815506986133E-018
      5193   4.90411205952864720000E+016   1.15772431023236519515E-018
      5194   3.48650376968690120000E+016   1.72647580867085720805E-018
      5195   2.82237324519137960000E+016   1.55269955469564513473E-018
      5196   2.67017101351463960000E+016   1.70947668184529225933E-018
      5197   2.42486585177961400000E+016   2.07865907720550705370E-018
      5198   3.33304772547875040000E+016   1.59690628153363923101E-018
      5199   2.70178043322258960000E+016   1.80318259096702982291E-018
      5200   3.16060789709309680000E+016   1.78398943983920403932E-018
      5201   2.24727623646150360000E+016   2.50929699962738121173E-018
      5202   1.08296108827639560000E+016   3.10316586418760172512E-018
      5203   1.25278251365054060000E+016   2.81548427908112822694E-018
      5204   1.11672028054498800000E+016   2.29377435967397419149E-018
      5205   8.21747275242516100000E+015   2.34621729345978857531E-018
      5206   7.64103519905181000000E+015   2.95689921406953204014E-018
      5207   1.11330714345763680000E+016   2.02132125220137934344E-018
      5208   8.42226483800212800000E+015   2.46639201635466109301E-018
      5209   8.08488962223058700000E+015   1.91304987610581414710E-018
      5210   6.35106963286015200000E+015   2.40887835401784635452E-018
      5211   4.09835291133536000000E+015   2.72143383748877364255E-018
      5212   4.21670394601623700000E+015   3.51891146927159088944E-018
      5213   3.84840989066554100000E+015   3.89003227768189198207E-018
      5214   3.63034249096050200000E+015   4.16239777518282000141E-018
      5215   3.77357228679743800000E+015   5.64554111627525989829E-018
      5216   5.42386503315258300000E+015   4.69474566501534961147E-018
      5217   4.69856727337403800000E+015   3.91257669342847921690E-018
      5218   4.19932526395240800000E+015   3.01485023939592530826E-018
      5219   4.51295488828399500000E+015   2.07810372490141331456E-018
      5220   3.93471248185300050000E+015   1.44021200733375592131E-018
      5221   2.84399235472851750000E+015   1.35040706898219088492E-018
      5222   2.89934920313357800000E+015   1.81982413268370330431E-018
      5223   3.28489164013763200000E+015   2.86750956046697256499E-018
      5224   2.71926553034693100000E+015   2.91217660021671463050E-018
      5225   2.30890327679372300000E+015   1.84778999464609017914E-018
      5226   2.69480518361299000000E+015   2.17706840510825386012E-018
      5227   2.71033624390871700000E+015   3.54072051432386742862E-018
      5228   2.31536716794273750000E+015   6.51753598715386501581E-018
      5229   2.38308204529410150000E+015   4.32563493472867666419E-018
      5230   2.66052054140621900000E+015   2.41249107440812104658E-018
      5231   2.61274254408971750000E+015   3.07789846766222449712E-018
      5232   2.08859465359252275000E+015   2.40272560353563628304E-018
      5233   1.36207998499622775000E+015   1.84857426872800488244E-018
      5234   1.61539355243267200000E+015   5.48072587234903901927E-018
      5235   1.23052571074137475000E+015   6.21542034763202544826E-018
      5236   2.89850706628358100000E+015   2.92835006420800824706E-018
      5237   2.62785509377480700000E+015   2.82373241513607538978E-018
      5238   1.31681241932026050000E+015   3.95992881146274180624E-018
      5239   4.00470851388338400000E+015   2.58157178664015016598E-018
      5240   5.01070622637175400000E+015   3.46130693305047494674E-018
      5241   1.89161444147299850000E+015   5.58770760424817212812E-018
      5242   1.27547182215912650000E+015   4.80702998229858828197E-018
      5243   2.35031798978380650000E+015   2.25844507240164448582E-018
      5244   2.40775608079053400000E+015   5.04948100993035287778E-018
      5245   1.85747200419696600000E+015   6.02560123607234669024E-018
      5246   2.17174285290639300000E+015   4.48770506890922979282E-018
      5247   1.68141200185210075000E+015   4.36781616314483674685E-018
      5248   2.27504886580723650000E+015   5.24772661840089167288E-018
      5249   2.09662784800744700000E+015   5.31283348686563596042E-018
      5250   9.03649701761922875000E+014   5.39478736005975540272E-018
      5251   1.17818672997181550000E+015   5.99191696263815917216E-018
      5252   7.66599049911519250000E+014   6.66232718817367651930E-018
      5253   7.06003715378300875000E+014   4.51559231745230705171E-018
      5254   1.17953672083131750000E+015   4.17156884172118606727E-018
      5255   8.72745237354050000000E+014   5.47656845343568063796E-018
      5256   1.20255329484441200000E+015   6.76285851365961873112E-018
      5257   1.39682960211584750000E+015   3.43374754435046420527E-018
      5258   1.94176676241660125000E+015   2.39791745623144097465E-018
      5259   1.98184564211706500000E+015   3.81410198921418696707E-018
      5260   1.39716916173109850000E+015   5.32588843874579709489E-018
      5261   8.00737708112938000000E+014   4.88234710887592357188E-018
      5262   8.56445151443183500000E+014   4.39621728379607788897E-018
      5263   8.91023511101559500000E+014   5.05956718160145451431E-018
      5264   9.45527189224451625000E+014   4.59068993360897166745E-018
      5265   1.36840737621613425000E+015   5.11108879973664489158E-018
      5266   1.69833774849889150000E+015   4.23986133273718785093E-018
      5267   1.33336083843527050000E+015   2.90301132509236653845E-018
      5268   1.67477641590712725000E+015   3.83794015294329066452E-018
      5269   1.56165959107275175000E+015   3.63652066616406628344E-018
      5270   1.33584827697475750000E+015   4.11242360504637122113E-018
      5271   1.32749702894859275000E+015   3.11706048169006093730E-018
      5272   9.00898201806890750000E+014   6.25027821597563259433E-018
      5273   7.87270041243300125000E+014   6.38131611412529060675E-018
      5274   1.09934423518465775000E+015   3.86070531243421061988E-018
      5275   1.12139342070051087500E+015   3.81546255395116571174E-018
      5276   7.61619093171375875000E+014   5.75825747598840405316E-018
      5277   4.14819855418449875000E+014   6.19350907733824263325E-018
      5278   8.51539739601232875000E+014   6.51863426213378308662E-018
      5279   9.12891721127226000000E+014   5.24803655225230750016E-018
      5280   6.37496549275358250000E+014   5.04639658775231831715E-018
      5281   7.26577947653900000000E+014   3.52877255433575114421E-018
      5282   1.00363467468489262500E+015   4.02917522334874439692E-018
      5283   9.93623614932318375000E+014   4.16026551837653020777E-018
      5284   8.91033323480153750000E+014   4.45055489215724196203E-018
      5285   7.03807420733627250000E+014   5.24047480702584614945E-018
      5286   5.60514096478634625000E+014   6.32954200159865860690E-018
      5287   3.63960912878541375000E+014   6.36944095433948761320E-018
      5288   8.60170167934126125000E+014   4.61914216917233185434E-018
      5289   7.03836164856063000000E+014   5.17550088035960811733E-018
      5290   5.48854169042307625000E+014   6.38401434207804779349E-018
      5291   5.06078568011176687500E+014   7.79004014240280544924E-018
      5292   5.64766412910011250000E+014   6.58402296109323466835E-018
      5293   4.65063798817398375000E+014   4.30340425106250204113E-018
      5294   7.18906805415583500000E+014   5.02697751307605562525E-018
      5295   6.41946280508172625000E+014   4.97889501062413511735E-018
      5296   6.04483163827856375000E+014   6.85325239270275391390E-018
      5297   5.14586259022830937500E+014   7.47710952748157436786E-018
      5298   4.47381029888174250000E+014   6.62964660939214539530E-018
      5299   5.08002870488508187500E+014   5.30002866054661203663E-018
      5300   4.40098238780375062500E+014   5.99842550637317977313E-018
      5301   4.41751307631480500000E+014   5.21316132336043358257E-018
      5302   8.30130018143223125000E+014   4.05509388265295977715E-018
      5303   8.25705853435482500000E+014   4.12075884550508192822E-018
      5304   4.61524392808248875000E+014   5.71592572963867486892E-018
      5305   6.22086398830247375000E+014   4.63698356256548555716E-018
      5306   7.06521909543842125000E+014   7.35506828408383160899E-018
      5307   6.00829701955155125000E+014   8.70328242685201187686E-018
      5308   4.79588176485089375000E+014   6.63434200541337203305E-018
      5309   9.87718048877724250000E+014   3.35675481953381618080E-018
      5310   9.52467914686551125000E+014   5.77460480542054281100E-018
      5311   5.84340736730045750000E+014   8.09608815017099555333E-018
      5312   5.86547640475935000000E+014   8.46193403437597132233E-018
      5313   4.83126889861315875000E+014   6.78812979473599516596E-018
      5314   5.82640938541275000000E+014   6.41227837767827186929E-018
      5315   1.06141953892316787500E+015   3.85368022091158666690E-018
      5316   1.30850256578041800000E+015   4.11860539786285848801E-018
      5317   9.57669705095029875000E+014   5.05438850067356171655E-018
      5318   9.28837891872754500000E+014   4.78267056144793246056E-018
      5319   1.01503227717589862500E+015   2.71216287852169417689E-018
      5320   6.48655463276800500000E+014   4.33821481903959791975E-018
      5321   9.02493848515703000000E+014   4.33042462964266849028E-018
      5322   7.77089772392187500000E+014   4.74203309604933872693E-018
      5323   4.45178591367193500000E+014   6.15426414194182375533E-018
      5324   4.82259746017552000000E+014   6.34694514193657961714E-018
      5325   8.39956707756426750000E+014   4.06425944109035026236E-018
      5326   6.45843699814425750000E+014   4.95104376540972823634E-018
      5327   7.14688623563422500000E+014   5.31536418577519251264E-018
      5328   9.19405155682603250000E+014   4.99303561055251872220E-018
      5329   5.95564270417681500000E+014   4.29672425181909835209E-018
      5330   8.81615402943768500000E+014   4.05340179767726615008E-018
      5331   9.58003989980857750000E+014   3.06154394671688120790E-018
      5332   5.52070532374834687500E+014   3.87889655238596817447E-018
      5333   6.67892782796357250000E+014   4.59629881059788827796E-018
      5334   8.05574830410464750000E+014   4.57798906597881059835E-018
      5335   9.05261956557037750000E+014   4.93603395419168167020E-018
      5336   9.16525935665986000000E+014   4.88748287616091443512E-018
      5337   9.54274966945571625000E+014   5.35539050066275798414E-018
      5338   8.70764224375165125000E+014   6.10438851436371251623E-018
      5339   7.09509401067251375000E+014   2.91625165646675667063E-018
      5340   8.96713031987194125000E+014   3.38869625846978674736E-018
      5341   3.71611313631775750000E+014   6.23645312007604719417E-018
      5342   3.11456813050733437500E+014   5.33546052578518889836E-018
      5343   8.36232189000510250000E+014   3.60643441588647072573E-018
      5344   1.23012873817357125000E+015   5.40998760966006792910E-018
      5345   2.10047137580473725000E+015   3.37543690374674164778E-018
      5346   9.47846922993574250000E+014   4.41215977109547904299E-018
      5347   5.35294375816787750000E+014   4.52805041825912826746E-018
      5348   1.66094439084698750000E+015   4.43111035704289305024E-018
      5349   1.83922586781601525000E+015   3.12730538141815363038E-018
      5350   1.23730612926727225000E+015   2.37296267528826719479E-018
      5351   5.25880486698454500000E+014   2.61618135615354408719E-018
      5352   1.44736258369067575000E+015   4.87259101023581955321E-018
      5353   1.93061300756868625000E+015   6.15439916218643777918E-018
      5354   1.16392105039221500000E+015   4.46257545899757246702E-018
      5355   1.69983861539696150000E+015   1.45087927856994105558E-018
      5356   1.56389156170169600000E+015   1.86385429758266206321E-018
      5357   1.27094524857437975000E+015   3.87321963978859914509E-018
      5358   1.36200171051655700000E+015   4.75302885001820688501E-018
      5359   8.49383634351256625000E+014   6.21719815048815659551E-018
      5360   7.09563117184122500000E+014   4.04788297658878585387E-018
      5361   1.25354742725745800000E+015   3.57900059680152047237E-018
      5362   1.89669834362126525000E+015   4.24431258120861786201E-018
      5363   1.49915825769963300000E+015   2.89445313211852119713E-018
      5364   8.94388522300968000000E+014   5.03692930450383949234E-018
      5365   9.64141265521360875000E+014   5.25097732496805255849E-018
      5366   1.23658227064536975000E+015   5.01344380705166756432E-018
      5367   9.24109991497889000000E+014   4.58642638582958163611E-018
      5368   6.42591202382117625000E+014   6.11225247755524815227E-018
      5369   3.46094541094483937500E+014   6.22523756228017942759E-018
      5370   1.01989236664335450000E+015   3.79915606726959800690E-018
      5371   1.08277499750083150000E+015   1.98661050981080670180E-018
      5372   1.16729285358441250000E+015   1.62525744990681413237E-018
      5373   1.82763757886543350000E+015   2.69094150025725708206E-018
      5374   2.78254832079966100000E+015   3.31375334909282437541E-018
      5375   2.23974625898097525000E+015   3.01063434396788905120E-018
      5376   1.47609910597369300000E+015   3.52123199933460118822E-018
      5377   9.29168743045279625000E+014   2.86096466962153323215E-018
      5378   1.28054299125428200000E+015   2.40974091021633146839E-018
      5379   2.58110664757531100000E+015   2.56404088977901696303E-018
      5380   2.38084953664749500000E+015   3.37747724151306563383E-018
      5381   2.73271947096477700000E+015   4.65423970821281497966E-018
      5382   2.26547339678916550000E+015   2.89574151905528384381E-018
      5383   2.70249008046598750000E+015   2.02854819186275277121E-018
      5384   3.94386803231129250000E+015   3.96016940502951651316E-018
      5385   3.66079008032401050000E+015   4.79046575593114952832E-018
      5386   2.38084571758188800000E+015   5.40873614177885406180E-018
      5387   2.77129641575771450000E+015   4.22587607057355439108E-018
      5388   5.52041677858230500000E+015   3.01566761551421789697E-018
      5389   5.34976134241247800000E+015   2.67015221213086211115E-018
      5390   4.60498680170587700000E+015   3.64086370071065869346E-018
      5391   2.22209971253778500000E+015   3.87009650934956721261E-018
      5392   2.54792535685677350000E+015   5.92284694730958578274E-018
      5393   4.43576993739246200000E+015   5.41478976610182191367E-018
      5394   4.13839994611386350000E+015   4.08421502496699601527E-018
      5395   8.02431621288675700000E+015   2.16069369859615551920E-018
      5396   9.63359311997459400000E+015   2.14249097597852457614E-018
      5397   9.79466616402335600000E+015   2.26135498017322045778E-018
      5398   5.55547756223037000000E+015   3.28520623715398110216E-018
      5399   1.02437033407216920000E+016   3.11653350439372119902E-018
      5400   1.40466220020959700000E+016   2.83070159777325323671E-018
      5401   1.81780212959176480000E+016   2.16412764788380956285E-018
      5402   1.53459427917353500000E+016   1.88840318339597404500E-018
      5403   1.89129541174705280000E+016   1.94962557781767461025E-018
      5404   1.64129723034967460000E+016   3.01930941077544259085E-018
      5405   3.61446858879675600000E+016   1.50174185744696975562E-018
      5406   2.50022792222669280000E+016   2.70037726344886262126E-018
      5407   3.11855731590164320000E+016   2.00784342181335654754E-018
      5408   3.78043182422955760000E+016   1.79039557823572748019E-018
      5409   2.92442401119241640000E+016   2.53802779306567694984E-018
      5410   3.60656551036116960000E+016   1.54396917586980860314E-018
      5411   2.39046593942790440000E+016   1.97925432985555697989E-018
      5412   2.94479142709747840000E+016   2.20525086935504351073E-018
      5413   3.28937917887114120000E+016   1.84486731669066984384E-018
      5414   2.87691995574641920000E+016   2.01004125940228596999E-018
      5415   5.09036582073909200000E+016   1.51918784080500205672E-018
      5416   9.20118767514100000000E+016   7.87581833634575285611E-019
      5417   1.41055883487553456000E+017   5.73259601106831674725E-019
      5418   1.26339363299965392000E+017   9.17803531923495679600E-019
      5419   6.44903485339941760000E+016   1.35198902253381559589E-018
      5420   1.46932214927550880000E+017   4.40174937474889900074E-019
      5421   1.66184636290663584000E+017   3.34486531189195223350E-019
      5422   1.48055319444839744000E+017   4.42973390950897860204E-019
      5423   1.64811231468819648000E+017   2.97640584199404868118E-019
      5424   2.09506867823801952000E+017   3.42896527227237305528E-019
      5425   1.82006055055137728000E+017   5.94066113732851795509E-019
      5426   1.35179635346707232000E+017   7.19871598794752266449E-019
      5427   1.62834777930164000000E+017   4.06728516765719869771E-019
      5428   1.86780199324014464000E+017   3.92652604849640231898E-019
      5429   1.77482047635723136000E+017   5.24957789373334318404E-019
      5430   2.38096477408437152000E+017   4.86282924543415802647E-019
      5431   1.96572919340111648000E+017   4.99121981775098802361E-019
      5432   2.08837024122256800000E+017   4.03459907110129737246E-019
      5433   1.98469042638466624000E+017   3.19743541194509225829E-019
      5434   2.66993316645444160000E+017   3.49275211517225132223E-019
      5435   3.55084237026273280000E+017   2.73555610646762524048E-019
      5436   2.39424651036124640000E+017   2.53078269515639517636E-019
      5437   2.00124367114957056000E+017   2.78425441838053153012E-019
      5438   2.57739341182686240000E+017   2.42157900011065442940E-019
      5439   3.94051342576079296000E+017   1.67731902419980812545E-019
      5440   2.81838984303627200000E+017   1.35890200231172537761E-019
      5441   3.54858920650623680000E+017   1.10521452353963030812E-019
      5442   2.74953851107648832000E+017   2.13681919808643119490E-019
      5443   5.57472053745736000000E+017   1.90317629798628921803E-019
      5444   2.71154107417786816000E+017   2.71229480205877364016E-019
      5445   4.19769220541897728000E+017   1.59367697054560868584E-019
      5446   3.83491839428674560000E+017   2.18250352409481627060E-019
      5447   3.23274971770806016000E+017   3.00439477230320402238E-019
      5448   2.99014167139927360000E+017   2.65809295934522017388E-019
      5449   2.81959994609829056000E+017   3.02859487103647344798E-019
      5450   2.13215113913512000000E+017   2.99372253939626721431E-019
      5451   2.27202931444220608000E+017   3.99007540061113449840E-019
      5452   2.24940832981330752000E+017   5.02610694773216087569E-019
      5453   2.38903569070094656000E+017   5.05192277021734802461E-019
      5454   1.61490114309200800000E+017   4.84408846823577891281E-019
      5455   1.84707908692880896000E+017   5.33352431259371357773E-019
      5456   2.34756502727058176000E+017   3.54508040339489494476E-019
      5457   1.97335459651104928000E+017   3.74527451347508715839E-019
      5458   1.62655737089525184000E+017   5.26669861294036764619E-019
      5459   1.61124710586620256000E+017   5.91962817338763555384E-019
      5460   2.10833050633235808000E+017   5.10463577956522719131E-019
      5461   2.18153302869988480000E+017   5.15395469533247122997E-019
      5462   1.47585205811475072000E+017   8.66415762955431527096E-019
      5463   1.51768598092226368000E+017   8.49771955299730183562E-019
      5464   1.08379627526447056000E+017   9.20891362742187198791E-019
      5465   9.66079826345012320000E+016   9.60045349699577447068E-019
      5466   7.79467462982257120000E+016   9.34494802190881275123E-019
      5467   8.55423805425465440000E+016   1.07718831788290231969E-018
      5468   9.75290582638707840000E+016   8.99704690702763565660E-019
      5469   6.00697723964430720000E+016   7.25421549054082514716E-019
      5470   4.69845115623706000000E+016   1.07631615785552864122E-018
      5471   5.64629208604411840000E+016   9.10075837748310479577E-019
      5472   5.05751500533366480000E+016   1.27644173196298105333E-018
      5473   3.80512664016064800000E+016   1.49982412867370296609E-018
      5474   2.82687354716311280000E+016   1.58654324233864111630E-018
      5475   2.36435684199703680000E+016   2.12553337481157900810E-018
      5476   3.16200534594906960000E+016   1.76752103007195990317E-018
      5477   3.08245790549591720000E+016   1.54951907556664056735E-018
      5478   2.25637274277926960000E+016   2.36398977036425812101E-018
      5479   2.61109550544961840000E+016   2.21450618465367468959E-018
      5480   8.81992772363164600000E+015   3.58536449729003919146E-018
      5481   1.32401985578685000000E+016   3.00375398905081504825E-018
      5482   1.36668634042796140000E+016   2.32054338376441597615E-018
      5483   1.06906237378165600000E+016   2.03780033831434914418E-018
      5484   1.27072421885324240000E+016   2.10383264700756448440E-018
      5485   1.40180391266815940000E+016   2.24978795488265460098E-018
      5486   1.12803381989478460000E+016   2.34642775365462580972E-018
      5487   9.72970830514153800000E+015   2.29280746425174506485E-018
      5488   8.37141963606394800000E+015   1.74087993664766139454E-018
      5489   4.04815709421939450000E+015   2.57404206897093078042E-018
      5490   6.17221090510836300000E+015   2.78089518540885021617E-018
      5491   4.46258103654838250000E+015   4.28718941067774300481E-018
      5492   4.43539069524799250000E+015   4.43322299540795744283E-018
      5493   5.21844872303350000000E+015   3.78687043823535427449E-018
      5494   6.10230476087080600000E+015   5.07227602319729205345E-018
      5495   5.36625496322687600000E+015   4.97136277496466937109E-018
      5496   4.26775942240110000000E+015   5.06393336793758345737E-018
      5497   2.78986676291317200000E+015   4.69692471491790096207E-018
      5498   3.37836697549177200000E+015   3.23881199746996704943E-018
      5499   3.23828351911590750000E+015   2.15463545568496450341E-018
      5500   2.74158056342332200000E+015   1.56182217470817985926E-018
      5501   2.77305913462763400000E+015   2.77945016736259366979E-018
      5502   3.22021848848968400000E+015   3.88140180199069024009E-018
      5503   2.64367773055077000000E+015   2.42659188016188261232E-018
      5504   1.96919779308482700000E+015   1.76047722390718441878E-018
      5505   2.13493158712058475000E+015   2.69014833190445143598E-018
      5506   2.50105441735931900000E+015   4.92610373634315336382E-018
      5507   1.93487146256485975000E+015   7.63267969111061022880E-018
      5508   1.73470389446080975000E+015   4.34140760729159666720E-018
      5509   2.66130515350125400000E+015   3.35283800569365358127E-018
      5510   3.48686431738790600000E+015   3.42195568428481589649E-018
      5511   2.59814077864141050000E+015   2.36531246007686903834E-018
      5512   1.52829237130559600000E+015   3.54589696361769774912E-018
      5513   2.05527419571535000000E+015   5.40565036106187533331E-018
      5514   7.54598418506574625000E+014   7.72072070831992658248E-018
      5515   1.39678577267370850000E+015   3.87189944060455589696E-018
      5516   3.05059950811852850000E+015   2.75349128556586445959E-018
      5517   2.56288793350927950000E+015   2.83192149002458251691E-018
      5518   3.70166440123078800000E+015   2.75827535485199335133E-018
      5519   2.88712131608398100000E+015   3.49832012232560331494E-018
      5520   2.21453831788822075000E+015   4.10988311134756250911E-018
      5521   1.24141841783487100000E+015   5.63924971383947582622E-018
      5522   1.38740781847139475000E+015   4.26514121684260384745E-018
      5523   2.64530731339327500000E+015   3.70447200337861769141E-018
      5524   2.87269939220613550000E+015   4.89100407989890085880E-018
      5525   1.50221462749522000000E+015   5.72300870601907269180E-018
      5526   1.63255090814238850000E+015   3.95771139998771437685E-018
      5527   2.59596020986959650000E+015   4.72261307321672170262E-018
      5528   2.42583541371271900000E+015   5.66650533998248995858E-018
      5529   1.17751041966939075000E+015   6.45354829594779229575E-018
      5530   9.84217856683304625000E+014   7.09576974664954379883E-018
      5531   1.13374313311988200000E+015   5.56454353410927499358E-018
      5532   7.42891191541700625000E+014   5.00177264024437521873E-018
      5533   1.39425801781773025000E+015   2.87652081650995371368E-018
      5534   1.46894234336281275000E+015   5.02055055007397322724E-018
      5535   1.22331387503913200000E+015   6.33092961436541422185E-018
      5536   1.53237997019319350000E+015   4.43776949266561489545E-018
      5537   1.52361084161323375000E+015   3.09624312663766722392E-018
      5538   2.32471447055907350000E+015   3.61493918953162493584E-018
      5539   1.82490738154037400000E+015   4.22921017061066918564E-018
      5540   7.85099870544609625000E+014   4.87333697262215833498E-018
      5541   7.43576185720697000000E+014   3.73887444706140772164E-018
      5542   1.00444797057227825000E+015   4.16277117722134656947E-018
      5543   1.21502993003825525000E+015   4.07718397926908850120E-018
      5544   1.72084807914016800000E+015   4.44869200739451415311E-018
      5545   1.92756638836072425000E+015   4.32201228570932151791E-018
      5546   1.59875251706735775000E+015   2.94655763940810673221E-018
      5547   1.17176094920533375000E+015   2.81653126963409518917E-018
      5548   1.05871360003536650000E+015   4.50765921204316074823E-018
      5549   1.05131952156670300000E+015   4.24742920271222318317E-018
      5550   1.36637836651845025000E+015   3.85599363052920039168E-018
      5551   1.22280213846154175000E+015   5.36130444622574895489E-018
      5552   7.70083064858896750000E+014   7.66622158305604430658E-018
      5553   9.05404352286766000000E+014   4.96402639980596994068E-018
      5554   1.16766721066849300000E+015   3.71112877712064085473E-018
      5555   9.27128524810773875000E+014   4.82874375848861729833E-018
      5556   4.95112733265377812500E+014   6.27107234314041087717E-018
      5557   4.85328286690754125000E+014   6.39714332303846464843E-018
      5558   9.14836398228200125000E+014   6.01952461704017153562E-018
      5559   5.37369361306657375000E+014   5.81448591109519422032E-018
      5560   7.89468393001424125000E+014   5.19393195175212104398E-018
      5561   9.73771401685577625000E+014   3.99542211968284920098E-018
      5562   9.66796079536136375000E+014   4.43155774995200485856E-018
      5563   1.00153801273599525000E+015   3.35525927575032664637E-018
      5564   8.12353522991182875000E+014   4.85761044629305663723E-018
      5565   5.34261366028770500000E+014   4.88063082389610393704E-018
      5566   3.09804608604824937500E+014   6.73063676418504989510E-018
      5567   4.82959859379089750000E+014   4.42154588697357316985E-018
      5568   8.79623072232598500000E+014   4.85638831615089472869E-018
      5569   6.63955494451164750000E+014   6.18743892000604151816E-018
      5570   5.81849514340926750000E+014   6.86432495077507553500E-018
      5571   4.52781042686200250000E+014   8.31848176159638793258E-018
      5572   4.12375420745129812500E+014   5.54869616892349647443E-018
      5573   5.83050333773103375000E+014   4.23615730129569838175E-018
      5574   6.63369055819312000000E+014   5.13592755406839260614E-018
      5575   5.90553299936964500000E+014   6.13882910215476601113E-018
      5576   5.67498460743634750000E+014   7.36914281694606661161E-018
      5577   4.63139647605573812500E+014   5.48527113045298872036E-018
      5578   4.31996991060711875000E+014   5.19173965497153749070E-018
      5579   5.24777780357726562500E+014   4.64767064928523262960E-018
      5580   5.82974712382423125000E+014   5.16164403988247356077E-018
      5581   7.96079326248287125000E+014   4.46893479127705186450E-018
      5582   5.89756513477255375000E+014   5.23790653470099395260E-018
      5583   5.39923106997189250000E+014   5.16237140816503391497E-018
      5584   5.57560359661072750000E+014   4.93596050562618890005E-018
      5585   8.11113517654515000000E+014   6.27596045629574497499E-018
      5586   7.56344168126704875000E+014   9.56167411767205867004E-018
      5587   5.57304395243908250000E+014   9.30784118945019329053E-018
      5588   6.09383364337025250000E+014   6.91432217715235446330E-018
      5589   9.90925496342109750000E+014   4.78600469797439544957E-018
      5590   9.63540340581396875000E+014   5.78922917230982718414E-018
      5591   5.17280017042136000000E+014   8.20818479235499905097E-018
      5592   4.48987891582819875000E+014   6.93961109056637998904E-018
      5593   3.15872027938933375000E+014   6.59575475754439464768E-018
      5594   7.19170060097040625000E+014   4.00094679740027897929E-018
      5595   1.31448945435530300000E+015   3.81088454817803440284E-018
      5596   1.53947601601921500000E+015   4.42161313274231423652E-018
      5597   1.61075303778501650000E+015   4.38293401209355541749E-018
      5598   1.04910404327400562500E+015   3.19483347214110822909E-018
      5599   8.53795985768521000000E+014   4.19458732034397152159E-018
      5600   7.01125607068056750000E+014   5.29055371378297756481E-018
      5601   7.76557240559671500000E+014   4.51726388114028099566E-018
      5602   3.77787390156179312500E+014   5.38279718989616431982E-018
      5603   3.98420019606080187500E+014   6.75171064155142467955E-018
      5604   7.75333180070646625000E+014   5.66689905035210562296E-018
      5605   1.01503915809484487500E+015   4.04373608446324665429E-018
      5606   6.80536982710837250000E+014   5.10793480679745821663E-018
      5607   5.65084270803113000000E+014   6.33147660305315913493E-018
      5608   6.63499099370420000000E+014   5.86093867908509557435E-018
      5609   7.31487253731830750000E+014   4.77520396147971110275E-018
      5610   9.28680951223060500000E+014   4.38127799367455570868E-018
      5611   7.23498548668206125000E+014   3.49585183874386055979E-018
      5612   4.68523355483927375000E+014   4.11341351422455684351E-018
      5613   1.13917671533936625000E+015   3.73314705595798848932E-018
      5614   9.33362331061314000000E+014   3.91507146255198947528E-018
      5615   9.36967353329705750000E+014   5.55043544037622160472E-018
      5616   9.46091037598656500000E+014   5.07642935951235886064E-018
      5617   1.03849440571173337500E+015   5.33639898263002095618E-018
      5618   8.53099729719716125000E+014   4.08827074050503216722E-018
      5619   9.19042689615564500000E+014   2.10682542802998062955E-018
      5620   5.78941549980315750000E+014   7.15994123457127836066E-018
      5621   2.49802080990762125000E+014   8.13426102363672144011E-018
      5622   7.60819314035537125000E+014   4.91163457651891253388E-018
      5623   1.01552851059913412500E+015   4.99212915378934664975E-018
      5624   1.71281419056768300000E+015   3.84864653277962434671E-018
      5625   1.54441366949562875000E+015   4.66322925297491843779E-018
      5626   4.98942362433125500000E+014   6.11440493973179668808E-018
      5627   1.22253228856058100000E+015   4.72912733313566642060E-018
      5628   1.88539042642312800000E+015   3.58674518204249206665E-018
      5629   1.43981498851354075000E+015   3.00377349154082956843E-018
      5630   7.05360927832148375000E+014   2.57594034467804227657E-018
      5631   1.08017068735952600000E+015   3.78108436153508841186E-018
      5632   2.31354571852527950000E+015   5.45834433522677655875E-018
      5633   1.62759633831135575000E+015   4.77700753987767784636E-018
      5634   1.72361163092267600000E+015   1.68732054632977388090E-018
      5635   1.66706896439146625000E+015   2.38203513337568993798E-018
      5636   1.26816030066714550000E+015   3.28373397886332259922E-018
      5637   1.22308390651022500000E+015   3.71314696282103645767E-018
      5638   1.11350218835670462500E+015   6.47752103109035658072E-018
      5639   9.41141810199221750000E+014   7.52039291097450385681E-018
      5640   1.70511506568547525000E+015   3.52578132277425936351E-018
      5641   1.43884817302193300000E+015   3.11617768402828289892E-018
      5642   1.05158441650564150000E+015   2.90091286763833556807E-018
      5643   3.82958504504035812500E+014   3.87137277409841093490E-018
      5644   9.40941090312252875000E+014   3.82379468121421052977E-018
      5645   1.19859838423097950000E+015   5.12039574090505880100E-018
      5646   1.05116743059478087500E+015   4.39992034934779012857E-018
      5647   8.57509674505790000000E+014   5.28540804617684086753E-018
      5648   7.14332369948724500000E+014   6.27099929845232287308E-018
      5649   9.89771188151388500000E+014   4.55493212464554592184E-018
      5650   1.26340230410609525000E+015   2.51125773220732287770E-018
      5651   1.31557520405966550000E+015   1.24322818457855308132E-018
      5652   1.58731200411377050000E+015   1.85848692779685938437E-018
      5653   2.21845714480996850000E+015   3.16783995682556940359E-018
      5654   2.02684556856141050000E+015   3.59751864596364101684E-018
      5655   1.36212975272217200000E+015   2.90356616743877331530E-018
      5656   1.45462417155211800000E+015   3.46223585234216448756E-018
      5657   1.90888435767084725000E+015   2.79752584383366238710E-018
      5658   2.61579386305490000000E+015   3.03045455872552562267E-018
      5659   2.48067639806462850000E+015   3.30407713850649296977E-018
      5660   2.25557565109030200000E+015   4.60078947339743545082E-018
      5661   2.74778933829070050000E+015   4.21164166182689889604E-018
      5662   1.77944779045082200000E+015   2.87085423181303857557E-018
      5663   2.87455435114133700000E+015   4.52543341806803242238E-018
      5664   3.79821288456885800000E+015   4.95896973243938164254E-018
      5665   3.08078224919902150000E+015   4.42037669886054046044E-018
      5666   2.46115424491418300000E+015   4.37269523692176341589E-018
      5667   2.95371660160415800000E+015   3.22748638740276723780E-018
      5668   4.16906479472660850000E+015   3.04942503171090593332E-018
      5669   5.96716961919371000000E+015   3.01745213903382009370E-018
      5670   5.65478071241923300000E+015   2.69413536025468326070E-018
      5671   4.33481267968198150000E+015   2.81915390860372887420E-018
      5672   5.16190729023527500000E+015   4.92499590258744179856E-018
      5673   6.56984752608548700000E+015   4.02924513035906168179E-018
      5674   7.65048937940406600000E+015   2.73303150728078869027E-018
      5675   8.40515065134293700000E+015   2.68754575021791257526E-018
      5676   9.45310616107441000000E+015   2.65084921690876030411E-018
      5677   1.12514780096956560000E+016   2.17992772869317103720E-018
      5678   8.92737928044713600000E+015   2.74606638100977273316E-018
      5679   1.39839115352265400000E+016   2.48264805573114695513E-018
      5680   1.32003007624913080000E+016   2.70414344349143632398E-018
      5681   1.74150356391496080000E+016   1.86017405591353835513E-018
      5682   1.73697921295935320000E+016   1.81279194509023173863E-018
      5683   2.08986071448288560000E+016   2.52138477500446831350E-018
      5684   2.28208412180942320000E+016   2.53107928963876334397E-018
      5685   4.01940114833729920000E+016   1.22400731238039107351E-018
      5686   1.88070052760282720000E+016   2.29333608436285067670E-018
      5687   5.03814786643045360000E+016   1.22781704311026692892E-018
      5688   3.84283245370950240000E+016   2.16909582464314401187E-018
      5689   4.16389955378169760000E+016   1.98186995877912672109E-018
      5690   3.95740622335182320000E+016   1.42620269510217310360E-018
      5691   4.03624646085177120000E+016   1.78684576386786002164E-018
      5692   4.08489614771777120000E+016   1.69330177652750616796E-018
      5693   4.51659835882635760000E+016   1.47744874536326185363E-018
      5694   3.31465075506599280000E+016   2.11779847414970333816E-018
      5695   7.22717686282762240000E+016   1.29374824052821205174E-018
      5696   1.29183663727219552000E+017   6.01179173047021355141E-019
      5697   1.96856084705100576000E+017   3.23290921605283548114E-019
      5698   1.21163084744921040000E+017   1.19306833271689568966E-018
      5699   1.06857683330020480000E+017   8.50793452052345300568E-019
      5700   1.81190277901851776000E+017   3.58044310867741031287E-019
      5701   1.72200509045548416000E+017   5.17401797547117003382E-019
      5702   2.09107110553455520000E+017   4.44092260256161607468E-019
      5703   2.03228053079101856000E+017   3.42111974542322443992E-019
      5704   2.20830369377256704000E+017   3.90274313985262081518E-019
      5705   1.69871192226277120000E+017   4.17144969009129330385E-019
      5706   1.83300552184883808000E+017   5.03445498075521328016E-019
      5707   2.36026080013829728000E+017   3.98944198208424232310E-019
      5708   2.16130475050786944000E+017   4.05402775278484259403E-019
      5709   2.75529895074683232000E+017   3.09496977458730117836E-019
      5710   3.14002248392239104000E+017   2.22305600357809958437E-019
      5711   2.56940881610304768000E+017   2.74237788282054693730E-019
      5712   2.42466003863922272000E+017   2.56426324988370708583E-019
      5713   1.90806824591103072000E+017   4.05785446784358574863E-019
      5714   4.01185895019845504000E+017   3.04061425992305725099E-019
      5715   4.31136981969180416000E+017   1.76002035966730111117E-019
      5716   2.91574220798384192000E+017   2.04237430392608304224E-019
      5717   1.93063676716657536000E+017   2.50902861376392959245E-019
      5718   3.27800247610061184000E+017   2.38380270209539152932E-019
      5719   3.45523898342538176000E+017   3.03478731734440238277E-019
      5720   3.66172527434001728000E+017   3.05333945761903502066E-019
      5721   3.87393846872371456000E+017   3.00119498355137151601E-019
      5722   2.51018258012573440000E+017   3.80830711273832508946E-019
      5723   2.75503149966631936000E+017   3.75332107253379477165E-019
      5724   3.03804806450514368000E+017   4.26791264601069394418E-019
      5725   2.58207122222595840000E+017   4.06646363627991075022E-019
      5726   2.11994146595066752000E+017   5.59102303763860055625E-019
      5727   2.38829883772409088000E+017   5.75942677812294961710E-019
      5728   2.62044334363405792000E+017   3.56794760745897206989E-019
      5729   2.22933487916671584000E+017   4.59753796229830079460E-019
      5730   1.88696315660297152000E+017   5.17859451599182227957E-019
      5731   2.43256329975420736000E+017   4.37018258942600612175E-019
      5732   2.78109271961048832000E+017   4.31107233105465565982E-019
      5733   1.91798705168082688000E+017   6.18259715758530234329E-019
      5734   1.23579046212338112000E+017   1.10384763360340630737E-018
      5735   1.38359091013289184000E+017   7.06178619614214989776E-019
      5736   1.09092061401655744000E+017   8.58152543006687486763E-019
      5737   8.73193338721466560000E+016   8.92431353310657157284E-019
      5738   8.87529207440342880000E+016   8.32575699750702988972E-019
      5739   8.67206984233101920000E+016   1.09256166101517915904E-018
      5740   7.67224552525927680000E+016   1.00958533831213158801E-018
      5741   6.01808116775161600000E+016   9.12632438336429368555E-019
      5742   6.84446440087195040000E+016   8.63905759245987882519E-019
      5743   6.62083758750667680000E+016   8.51223276821045595446E-019
      5744   4.40017687182867440000E+016   1.67924437403175007636E-018
      5745   3.18507288464436040000E+016   1.72104352294871049032E-018
      5746   2.88541876483762960000E+016   1.96251282562920825963E-018
      5747   2.70968212796751000000E+016   1.92645515687606792011E-018
      5748   4.02373210289015440000E+016   1.40054745045066345250E-018
      5749   2.19337156437225080000E+016   2.69020686049761507002E-018
      5750   2.77057486672200720000E+016   2.11052089762924705130E-018
      5751   2.10246341337996360000E+016   2.32701587905646546064E-018
      5752   1.42353370858106300000E+016   3.00545894491036543116E-018
      5753   1.60460464321850440000E+016   2.49072368865409893640E-018
      5754   1.06443384024157840000E+016   2.65981163335693146761E-018
      5755   1.46664362996173360000E+016   1.94720351101588378481E-018
      5756   1.27740700960922120000E+016   2.55908967438488666979E-018
      5757   9.73247812041502000000E+015   2.81064193380299463608E-018
      5758   1.23788696842871960000E+016   2.07214491939613666187E-018
      5759   1.08945251360973680000E+016   2.05564683001599930495E-018
      5760   6.17800188024136400000E+015   2.56070217543614447326E-018
      5761   7.64086874614288000000E+015   2.95027955820998187242E-018
      5762   6.58439402637490100000E+015   2.92023847715997400327E-018
      5763   5.46496334448621000000E+015   4.11827474805928688349E-018
      5764   3.89496670995247950000E+015   3.20990645471946499077E-018
      5765   4.71513345358639700000E+015   3.55147103678964712375E-018
      5766   6.17872757214122500000E+015   4.53107297408124907071E-018
      5767   5.53529864455968600000E+015   4.73989864626519072719E-018
      5768   5.05131430107925900000E+015   4.08886037977472907033E-018
      5769   4.00499860038665350000E+015   4.66300819827466004709E-018
      5770   2.62088252946932750000E+015   4.95222722068100599722E-018
      5771   3.47325122323257900000E+015   4.59583558203445311457E-018
      5772   4.05459704381990100000E+015   3.70098912724100582653E-018
      5773   2.94889474670523900000E+015   3.20227496016668445985E-018
      5774   2.66324155353667800000E+015   4.84817118012568227181E-018
      5775   2.48737123197118100000E+015   4.45246873396950307919E-018
      5776   2.34489539509107500000E+015   2.07451063064786354691E-018
      5777   2.23529234771933000000E+015   1.62324002385681592851E-018
      5778   2.29531353846879400000E+015   2.81263049629884075895E-018
      5779   2.80831809775125900000E+015   5.24525295160312380638E-018
      5780   2.07454416620823600000E+015   5.89993053393103244330E-018
      5781   1.12647938814721700000E+015   5.09252125027203114057E-018
      5782   2.27468004541795450000E+015   4.49822919332736247569E-018
      5783   3.59134244430025400000E+015   3.00762911640103202516E-018
      5784   2.62349118825681300000E+015   3.30515873322174866158E-018
      5785   2.38206465176547800000E+015   3.45828345140716768758E-018
      5786   1.49440805552483175000E+015   5.07096315267791200753E-018
      5787   1.09342040083922875000E+015   4.43973599047619987388E-018
      5788   2.23298753375561225000E+015   3.10731805516682082846E-018
      5789   2.70053084558517600000E+015   2.55525096868995104442E-018
      5790   3.93103012370845200000E+015   2.43041778125612428566E-018
      5791   2.71328843041871900000E+015   3.84963748041843787731E-018
      5792   1.61784096952595925000E+015   3.83252683034656543593E-018
      5793   1.66790004886227400000E+015   3.28254194913015851179E-018
      5794   1.21106316610540050000E+015   4.78787484892677456556E-018
      5795   1.33469254954827300000E+015   4.47791352412599983303E-018
      5796   2.82838604646346200000E+015   5.27270520216612383467E-018
      5797   2.53158354630348050000E+015   3.81811723462285703811E-018
      5798   7.74543591952293625000E+014   4.79326961871870288525E-018
      5799   2.09470522674485300000E+015   4.36808505567345036967E-018
      5800   3.05688850145263750000E+015   5.13906470191664110985E-018
      5801   1.73900330368886175000E+015   5.44624439934246032731E-018
      5802   1.03013169670620125000E+015   7.16461709721823397883E-018
      5803   1.22493220231924350000E+015   5.32453515926752034865E-018
      5804   1.18316960801367275000E+015   5.33355414771173545323E-018
      5805   1.03979056886274687500E+015   4.20025299546695229636E-018
      5806   1.44103769343529750000E+015   3.98277417859094186850E-018
      5807   1.28455093841542300000E+015   6.28666667819869881737E-018
      5808   1.35730388274978850000E+015   5.13424257488862883875E-018
      5809   9.48118650380184250000E+014   4.21076717982104662147E-018
      5810   1.46952313984629325000E+015   4.82860795413526470963E-018
      5811   1.86258233490871375000E+015   4.61026591235803459818E-018
      5812   9.02465465653106500000E+014   3.90906448347100579289E-018
      5813   5.33767234893637000000E+014   3.61575101324685324073E-018
      5814   7.99960117049167750000E+014   3.75691052755020665499E-018
      5815   1.41096324290514750000E+015   4.27490898721269387101E-018
      5816   1.46882861090551175000E+015   4.12053005611747453015E-018
      5817   1.83503045912952775000E+015   4.58048339253034113206E-018
      5818   1.91590764876574025000E+015   2.75149614671768403750E-018
      5819   1.61446616627329225000E+015   2.22404056069547201940E-018
      5820   1.31112202498194850000E+015   3.86154517250764227258E-018
      5821   1.59487751205876350000E+015   3.68537999547758079220E-018
      5822   1.43272327421322275000E+015   3.80729385681670708039E-018
      5823   1.43165239882786600000E+015   4.46395626655041009909E-018
      5824   9.73328687571019125000E+014   6.94951826587702964237E-018
      5825   7.64325799599619000000E+014   5.95044132455937625777E-018
      5826   7.09792057090961750000E+014   2.18163912535744024678E-018
      5827   9.99026090376003750000E+014   3.89380163532175442220E-018
      5828   7.69692087275147125000E+014   5.59589293899061690550E-018
      5829   3.98439932498986750000E+014   5.94628994003272604350E-018
      5830   9.05445021038012250000E+014   6.28015628789264785633E-018
      5831   8.78063192194894500000E+014   5.04113117942848247029E-018
      5832   7.58795087803160500000E+014   5.06262008840071580206E-018
      5833   9.45988967539906250000E+014   3.08249709091291740448E-018
      5834   7.68879955723169000000E+014   4.08878639568534855686E-018
      5835   7.00419819152248250000E+014   3.97969286780997341451E-018
      5836   9.92532606505394750000E+014   3.88633993783127991319E-018
      5837   7.31366324353769250000E+014   4.34783613967068080686E-018
      5838   3.36758589870921437500E+014   5.86830113522265302273E-018
      5839   3.52589840745770937500E+014   6.42226609155925858206E-018
      5840   7.30192486001204500000E+014   4.54296274731179516997E-018
      5841   8.50688671088163500000E+014   5.79340447016603749548E-018
      5842   5.99040459507195250000E+014   5.76335715010200469610E-018
      5843   3.88443421674907375000E+014   6.60337735910620142488E-018
      5844   3.85204870215772500000E+014   7.91221043171564734490E-018
      5845   5.13531279073467312500E+014   4.52638736939078820624E-018
      5846   7.18710007343828250000E+014   4.74562697959717147910E-018
      5847   6.12287763081336375000E+014   5.18353866200189286442E-018
      5848   6.18649197216591125000E+014   7.31591054632436982900E-018
      5849   4.64218214888556562500E+014   6.39009265838888326085E-018
      5850   4.48080995770558312500E+014   4.39459372633859484522E-018
      5851   4.82206835262725875000E+014   3.72741104172751934593E-018
      5852   6.06559101255114500000E+014   4.15816726014506493096E-018
      5853   7.73176320497073000000E+014   4.24659105943020366775E-018
      5854   5.16079445573174937500E+014   6.11182619615125528124E-018
      5855   5.28566670120230312500E+014   5.81314019398788157958E-018
      5856   4.57728129010505375000E+014   6.08504554438064710552E-018
      5857   6.83005507376431875000E+014   6.30889423726336816785E-018
      5858   6.45448920007918250000E+014   8.13122913443822552817E-018
      5859   6.39207028337045250000E+014   9.78959292993872948337E-018
      5860   4.94436097197952500000E+014   9.17647955842022721258E-018
      5861   7.20848000783744125000E+014   5.56727990091963900058E-018
      5862   8.60817626886566625000E+014   6.50575347396188557787E-018
      5863   9.02113014281134750000E+014   6.49719942461444030164E-018
      5864   5.58195812309486625000E+014   6.67987825046155027765E-018
      5865   4.43089627725915312500E+014   6.99868612797718687281E-018
      5866   2.92962608410917125000E+014   5.79614348505081993624E-018
      5867   3.79044257528112375000E+014   5.34775343948634720184E-018
      5868   5.13793511068788375000E+014   6.72285767164035557817E-018
      5869   1.54927064814341500000E+015   5.18774705228595108701E-018
      5870   1.64145461569145975000E+015   3.49941586314554353870E-018
      5871   1.13995062635769275000E+015   2.27275202923800074876E-018
      5872   5.96333213326871125000E+014   5.34184241451086830164E-018
      5873   9.56071576264155250000E+014   4.69199217888444870382E-018
      5874   6.86815441863424875000E+014   5.45446553483282621918E-018
      5875   3.34487735163999750000E+014   5.85766278505227870851E-018
      5876   4.91719227677951187500E+014   6.69754133893222132268E-018
      5877   1.03596399972263025000E+015   3.96344486979535101525E-018
      5878   7.85472990623771625000E+014   4.57350665310710135107E-018
      5879   5.02582045833130750000E+014   6.58496866057602225549E-018
      5880   5.33829955693292750000E+014   6.98869639645280467894E-018
      5881   6.54123834384827500000E+014   5.70478105381221357697E-018
      5882   8.08371320190986125000E+014   4.27924920471974818970E-018
      5883   8.61460694229019250000E+014   4.02397425736562988145E-018
      5884   9.32142100760666250000E+014   3.12785201559120684700E-018
      5885   1.00859075900943437500E+015   3.79269561649728648810E-018
      5886   1.04706867633988275000E+015   3.67019742955874519694E-018
      5887   5.87202726827589375000E+014   6.55587270378818123979E-018
      5888   3.89329142348618687500E+014   9.40235253380160762983E-018
      5889   5.37884086197675312500E+014   6.89781769438258734483E-018
      5890   8.00231128361783500000E+014   5.97468531991860493488E-018
      5891   8.81005685789736375000E+014   2.78589240499214957861E-018
      5892   7.54457511695797625000E+014   4.54550353908315677465E-018
      5893   2.52297855171495000000E+014   8.46040607381378445122E-018
      5894   4.52851693873102000000E+014   5.99065768394292427368E-018
      5895   9.18769765875618750000E+014   3.58046474972941705577E-018
      5896   1.22739351029455575000E+015   4.14696064454499856196E-018
      5897   1.58687563425879450000E+015   2.91317666817439016139E-018
      5898   1.07144147922856575000E+015   5.83235831797023066744E-018
      5899   7.55649709881846750000E+014   5.79800113231376972325E-018
      5900   1.54369598931865475000E+015   3.89642401303657757570E-018
      5901   1.64083841495010250000E+015   3.21514660501640577921E-018
      5902   9.04546051759198250000E+014   2.94171964259379544507E-018
      5903   7.11007674344736000000E+014   2.11629609016799716670E-018
      5904   1.66848827531202150000E+015   4.57369542731073049156E-018
      5905   2.45780856448961300000E+015   5.00200869735970854047E-018
      5906   2.08044013115776725000E+015   2.73081605231204523838E-018
      5907   1.61651414403979450000E+015   1.90725424878563130358E-018
      5908   1.41514163744479900000E+015   3.77856635374532168511E-018
      5909   9.91102882546998375000E+014   3.01131670389693127760E-018
      5910   1.25642273316650750000E+015   3.43484801048674794090E-018
      5911   1.36610269821867325000E+015   6.38569499862903291023E-018
      5912   2.11325448847762775000E+015   3.91577116878587556904E-018
      5913   1.18754514171871775000E+015   3.57400270869305535515E-018
      5914   6.02048810957268500000E+014   3.58301313563674166599E-018
      5915   2.71899505711821781250E+014   2.49456653497763992751E-018
      5916   6.70485393414886875000E+014   3.15421831021460539560E-018
      5917   1.16560609699519050000E+015   4.22316212747248593745E-018
      5918   1.12226185452352700000E+015   5.94858555227884624465E-018
      5919   1.00231002462652162500E+015   4.58687415176777494162E-018
      5920   7.93848596754871750000E+014   6.10262381131211742809E-018
      5921   8.84194091267622750000E+014   4.51814290608727062581E-018
      5922   1.07540140911549262500E+015   3.21981356353473477527E-018
      5923   1.11901049464674675000E+015   1.60139399281026224570E-018
      5924   1.07770074552991637500E+015   1.08516061842845159603E-018
      5925   1.77493929610516800000E+015   2.00775448741349938987E-018
      5926   1.44691602151731950000E+015   4.21083439613440326639E-018
      5927   1.25167571215079425000E+015   3.30096647919169992997E-018
      5928   1.48878129999135950000E+015   2.59240497352184292153E-018
      5929   1.64102651500436225000E+015   3.26991285114972142918E-018
      5930   1.95336511334808950000E+015   2.90805003369582119082E-018
      5931   2.70151879438684000000E+015   3.13845929629991453338E-018
      5932   2.08093123773625050000E+015   2.52462548479897536302E-018
      5933   3.38736458592868500000E+015   4.47913749912055153790E-018
      5934   2.06468599231891950000E+015   4.62734308525684011870E-018
      5935   1.86522405466466200000E+015   3.29771939263585505836E-018
      5936   2.24048391243714675000E+015   3.79960249194138036895E-018
      5937   2.75117594266868100000E+015   5.40490131659464402804E-018
      5938   3.24790291913995700000E+015   4.31126221592404912783E-018
      5939   3.78760777134061050000E+015   3.43548889724545745921E-018
      5940   3.58605155338516200000E+015   3.20523658268058503977E-018
      5941   3.53345740445079050000E+015   2.90734916739686830508E-018
      5942   4.73459866722133600000E+015   3.42496261234226707772E-018
      5943   6.12521710773873400000E+015   3.65649235698437388226E-018
      5944   6.56418180679897900000E+015   3.07732890464299787532E-018
      5945   6.43665700186874500000E+015   3.31561516339027690567E-018
      5946   6.75307989055617100000E+015   3.95638683990269475630E-018
      5947   7.18841532397733000000E+015   3.85737340495444032439E-018
      5948   6.54220597481427800000E+015   3.17028427908966070469E-018
      5949   5.68302531088513700000E+015   3.24288350511819374588E-018
      5950   8.55429066199744000000E+015   2.81374760552019386116E-018
      5951   9.75447362357804000000E+015   2.39770723196404190017E-018
      5952   1.54918475183615460000E+016   2.46132728638452169261E-018
      5953   1.60455967478542560000E+016   2.03557928446410140878E-018
      5954   1.48948608023637500000E+016   2.48695425072397625918E-018
      5955   1.97044197605932600000E+016   1.91819785896331407098E-018
      5956   2.53424099208449240000E+016   1.73219661754698837192E-018
      5957   2.85187975760047920000E+016   2.04917653994561721777E-018
      5958   4.28736581705546880000E+016   1.25668923954296005974E-018
      5959   3.25345556815956440000E+016   1.46941784545600161030E-018
      5960   3.29113418881437080000E+016   1.90277915664343264251E-018
      5961   5.06283089764198960000E+016   1.39985000885641533931E-018
      5962   3.85869009899205680000E+016   1.72256864862038993509E-018
      5963   5.18730030820157200000E+016   9.05950098933762630607E-019
      5964   3.36846118492909640000E+016   1.73638741702238513181E-018
      5965   4.91522445284049840000E+016   1.72388885396955660974E-018
      5966   4.14586565002464320000E+016   1.41723221533113949996E-018
      5967   4.24371974478096800000E+016   1.67119973372448463531E-018
      5968   3.42968804039535920000E+016   2.07846834363805816605E-018
      5969   1.18005719894651968000E+017   6.55657951333624040022E-019
      5970   1.72115812001821152000E+017   3.76223557874361234518E-019
      5971   1.99549283618144064000E+017   3.53424895786481696406E-019
      5972   1.23146393934211680000E+017   7.38394491197628713345E-019
      5973   1.86969164954219328000E+017   3.60820299220459427561E-019
      5974   1.81238928911939072000E+017   4.72873726126234723550E-019
      5975   2.28733508056565024000E+017   4.53795734561396682656E-019
      5976   2.53890125107384064000E+017   3.28919459552677801742E-019
      5977   2.41018867462244928000E+017   3.39979002051564727115E-019
      5978   2.15655308304317312000E+017   3.72524209427767854814E-019
      5979   1.82409771070857504000E+017   4.65675454145698019563E-019
      5980   2.68715154264928896000E+017   3.53506373383385435212E-019
      5981   2.42860024871386528000E+017   3.12651068111876014136E-019
      5982   3.33441516308597248000E+017   2.79318619594138763142E-019
      5983   3.84539818281945344000E+017   2.62286820526935097628E-019
      5984   3.54094245235971776000E+017   2.01914998291410148087E-019
      5985   4.04431896553623936000E+017   1.96995745780568168249E-019
      5986   3.36172953656953856000E+017   2.51351356487742317387E-019
      5987   3.66598831259169152000E+017   3.20894796033131508836E-019
      5988   3.27026519688961152000E+017   2.94874101958029685393E-019
      5989   3.03444426060076544000E+017   3.16811274764595966640E-019
      5990   3.73839960920012032000E+017   2.74736838209212545827E-019
      5991   3.10890999067907776000E+017   3.29125213555224222995E-019
      5992   3.03823824884462528000E+017   3.48182806867770139176E-019
      5993   3.26718034876264256000E+017   4.24481204787864899439E-019
      5994   2.80296029769069856000E+017   4.17172371744507965829E-019
      5995   3.03079015107503744000E+017   2.90984308662575615829E-019
      5996   2.56483421026606240000E+017   4.28403740413802885740E-019
      5997   2.50429953738492800000E+017   3.34748618698987903690E-019
      5998   3.07534661591520128000E+017   3.38232646079477027083E-019
      5999   2.42471589353340000000E+017   4.26338640195803268557E-019
      6000   1.36206921486704096000E+017   1.05860414004894233615E-018
      6001   1.46783726926836640000E+017   1.02198883498275247016E-018
      6002   1.67120172159458272000E+017   5.72534653980379014138E-019
      6003   9.61161177141672160000E+016   8.58178865149470760999E-019
      6004   9.68384802475086240000E+016   8.70396651895041518596E-019
      6005   8.72489057341422880000E+016   9.91211156674839697253E-019
      6006   9.69286955564551520000E+016   1.01621666936463020094E-018
      6007   8.76480921754125440000E+016   9.73709112608194880761E-019
      6008   6.47989054069625440000E+016   1.11955114365973065803E-018
      6009   7.26397892724416160000E+016   8.60220658332044894281E-019
      6010   5.07469382966617280000E+016   1.37554412329638703385E-018
      6011   3.77251807239597200000E+016   1.70753107575236681587E-018
      6012   3.39245378353402920000E+016   1.78389923162204864143E-018
      6013   3.05605112787876080000E+016   1.74016115231568482436E-018
      6014   4.39554709136475120000E+016   1.21397187171967225429E-018
      6015   3.53483312072339040000E+016   2.23373313648505491591E-018
      6016   2.06958052404025560000E+016   2.62060353912716421651E-018
      6017   3.06468686670296760000E+016   1.28389335426633158078E-018
      6018   1.89701527456036680000E+016   2.25704260177656800258E-018
      6019   1.60159407193157100000E+016   2.99118079407458753380E-018
      6020   1.19691686730384100000E+016   2.90871467375154516425E-018
      6021   1.53495124839262000000E+016   2.23520544873014199501E-018
      6022   1.23920888555201780000E+016   2.47458058574584641626E-018
      6023   8.68595077340460000000E+015   2.92457832140862018331E-018
      6024   1.22624228520653380000E+016   2.31828404307858810082E-018
      6025   1.12223203494814880000E+016   3.12531533482592011904E-018
      6026   6.25084972040534100000E+015   3.27506035479652292969E-018
      6027   8.00325026391734400000E+015   3.12908165145327495466E-018
      6028   6.82062323101149000000E+015   2.66568371763247491480E-018
      6029   5.76608723926569200000E+015   2.69500992663913713234E-018
      6030   5.67564174354256800000E+015   2.86028655023249245188E-018
      6031   4.33931514836675100000E+015   2.36159934994647746701E-018
      6032   5.21824562154841600000E+015   3.87672421457652889496E-018
      6033   4.51060151452737400000E+015   5.21636335014950656350E-018
      6034   4.78220496145444800000E+015   4.07210527520493428470E-018
      6035   5.00242456516220800000E+015   3.30647132159055567317E-018
      6036   3.63603437723057550000E+015   3.25382860260547502094E-018
      6037   2.93658280087853500000E+015   3.94103038471459677573E-018
      6038   3.04286301934551350000E+015   4.48163223560203599967E-018
      6039   2.73290254880469900000E+015   4.38112497766379160248E-018
      6040   2.49242556043495700000E+015   5.60299498094802950915E-018
      6041   2.29986696946692500000E+015   6.01578754662367315145E-018
      6042   1.06834579652567450000E+015   5.58387202743590493022E-018
      6043   1.62490375664816150000E+015   3.17684943422083305525E-018
      6044   1.94929573486687850000E+015   2.27219897409348108023E-018
      6045   1.45968459989774200000E+015   4.62893036228608717805E-018
      6046   2.33293540991900250000E+015   4.48438040925899646632E-018
      6047   1.99565851305384250000E+015   5.49184401717635114615E-018
      6048   1.92369477160494650000E+015   4.35796104527646443533E-018
      6049   2.07992508427485350000E+015   4.52075571122689744790E-018
      6050   2.21115653099076375000E+015   3.58238057047583158332E-018
      6051   2.89417646047852150000E+015   3.24905227568948198154E-018
      6052   2.39499975284985100000E+015   3.39679486502289162022E-018
      6053   1.49557177211149125000E+015   4.25190974475514573795E-018
      6054   1.26672317329313850000E+015   3.73869047716663295569E-018
      6055   2.28406756866996250000E+015   3.05998965414480063034E-018
      6056   3.37785823461879500000E+015   2.36462068503260325850E-018
      6057   4.50028621703735700000E+015   2.84200245067273281258E-018
      6058   1.95859439487182150000E+015   4.48985595263796471253E-018
      6059   1.26670552068773425000E+015   3.45611647078657254693E-018
      6060   1.45988724125529475000E+015   4.56959072330361597944E-018
      6061   1.29846087392497325000E+015   4.95512285650477332426E-018
      6062   1.44352530949269650000E+015   7.60010255138242390067E-018
      6063   2.67676216458782850000E+015   4.88815035662800968012E-018
      6064   2.08920985019484750000E+015   3.21843688294982286514E-018
      6065   7.40973161015872875000E+014   4.22566397434610125630E-018
      6066   2.48227041175665850000E+015   4.75120625690262096046E-018
      6067   2.56444431603790750000E+015   5.08487387464473298885E-018
      6068   1.81441904967008150000E+015   5.61908326316403672462E-018
      6069   9.29892563383049750000E+014   7.17982374394451078855E-018
      6070   1.20184507508416800000E+015   5.38860375786813339999E-018
      6071   1.31142528360070100000E+015   4.61389843854570374409E-018
      6072   1.03002630540818050000E+015   3.21000079398848402434E-018
      6073   1.49514845447447850000E+015   5.67213232114653081763E-018
      6074   1.32590712914088475000E+015   6.32727675292150054090E-018
      6075   1.23985307563052350000E+015   4.02475101371434182354E-018
      6076   1.16449064344403175000E+015   4.92664883685763640249E-018
      6077   1.86012446106001825000E+015   3.85616806698073324557E-018
      6078   1.57584026381245950000E+015   4.55303220122293257856E-018
      6079   5.53512183387054312500E+014   4.09616873675937189423E-018
      6080   4.75634276848556437500E+014   3.97009055654155856483E-018
      6081   1.55510982832678675000E+015   3.56638345519182323959E-018
      6082   1.42369218817737950000E+015   5.37824857688275805204E-018
      6083   1.28441751454350700000E+015   5.16252412633970310337E-018
      6084   1.91106498365793400000E+015   3.18759083038922701662E-018
      6085   2.02504819204189700000E+015   2.06961727535909995165E-018
      6086   1.39930528789215825000E+015   3.11524830659954595683E-018
      6087   1.28034245140522175000E+015   3.90327322984928101639E-018
      6088   1.37288623475468200000E+015   3.77300021216464107725E-018
      6089   1.32132696275662425000E+015   4.32676164267013107890E-018
      6090   1.53742024163422925000E+015   4.69968918320245710021E-018
      6091   1.02420195637139000000E+015   5.94591729507972734513E-018
      6092   1.21794985309060075000E+015   4.23436763099149890740E-018
      6093   1.22272692859408200000E+015   3.59543024085204655507E-018
      6094   1.03705274970410337500E+015   4.47503888347216328716E-018
      6095   5.99977881868465625000E+014   6.16184322686667542605E-018
      6096   4.48131384138665562500E+014   6.31482218999433845998E-018
      6097   8.90775919751351875000E+014   6.24703937979472412191E-018
      6098   8.21826173460296000000E+014   5.70499877864606042378E-018
      6099   7.04578273406651625000E+014   5.07163588250796753813E-018
      6100   9.62056464383863000000E+014   3.10143730428396581510E-018
      6101   6.77026342589329625000E+014   4.39159594580164067246E-018
      6102   6.61188195228602875000E+014   4.22185062294003176259E-018
      6103   1.05055373665155362500E+015   4.51121021114946431689E-018
      6104   6.53640919395723125000E+014   3.88731887050372697838E-018
      6105   2.76061725453430156250E+014   6.08795269816825613707E-018
      6106   4.76836482360976625000E+014   4.86257076536720597669E-018
      6107   7.44143904833712625000E+014   5.20345847465612349313E-018
      6108   6.97624462978759875000E+014   5.47137495158556080960E-018
      6109   4.71736427714665062500E+014   5.31237439748735017321E-018
      6110   3.35086252995037750000E+014   7.65337154466262095342E-018
      6111   4.03366747385268437500E+014   6.73366209575152597525E-018
      6112   5.73558159241641750000E+014   4.64501467801070741770E-018
      6113   6.68748367562086125000E+014   4.78368532049066461993E-018
      6114   5.87894456983985500000E+014   5.90628373413287770786E-018
      6115   6.41067599832162375000E+014   6.72772022498033554203E-018
      6116   3.84640597298071625000E+014   5.29313357210749869728E-018
      6117   4.95281067621526312500E+014   4.07304387061728811611E-018
      6118   5.69680541090284000000E+014   3.64829211933140063496E-018
      6119   6.59334485077229500000E+014   5.56266971242590431824E-018
      6120   5.19186057185517812500E+014   6.29317947729725774940E-018
      6121   6.09151611909111500000E+014   5.99264127532125588611E-018
      6122   4.55448701526067125000E+014   5.88773946749629819859E-018
      6123   5.85994274446378500000E+014   6.38150235080097807290E-018
      6124   6.90668468028637125000E+014   5.09200908322956846963E-018
      6125   6.21799275265720375000E+014   7.48082042098231867982E-018
      6126   5.70340286836119625000E+014   9.14257333743768684638E-018
      6127   4.71281479214450500000E+014   6.57397391358750642561E-018
      6128   6.60061630579068500000E+014   5.59085449132221872491E-018
      6129   7.27129613025568750000E+014   8.20501479933051766834E-018
      6130   7.94242414234132250000E+014   6.54795181820173935389E-018
      6131   6.82084975235356875000E+014   5.64815870667607361854E-018
      6132   3.39505123956310375000E+014   7.45418726826607006388E-018
      6133   3.50702835135274500000E+014   5.14204513626913821459E-018
      6134   3.95710132242827625000E+014   5.58616308769518232411E-018
      6135   4.83702740187198312500E+014   7.62976180930804719126E-018
      6136   1.21237416986018975000E+015   6.04493277368361956242E-018
      6137   1.67342305952565700000E+015   2.91762112082262489450E-018
      6138   1.19782212158533350000E+015   2.44676828789242171620E-018
      6139   6.57836635234142250000E+014   4.61712216735142370795E-018
      6140   9.01959219396170000000E+014   4.96380643975936538668E-018
      6141   6.06077383067939500000E+014   5.90399523531390820749E-018
      6142   4.33901932868100500000E+014   6.25246078839377854849E-018
      6143   8.34967860472053500000E+014   5.70158202890409630054E-018
      6144   9.45022163819207625000E+014   4.13262407199651574081E-018
      6145   6.19394483660678625000E+014   5.33490288514248630842E-018
      6146   4.95056941796856875000E+014   6.39427551670368242825E-018
      6147   5.50763463266084000000E+014   7.01807873972488065142E-018
      6148   7.83461049589002750000E+014   5.47833861533032192245E-018
      6149   8.94439573707163750000E+014   4.04295226557116727696E-018
      6150   1.17608367001895025000E+015   3.35914551439831604687E-018
      6151   9.21500480992039375000E+014   3.67062512355124982531E-018
      6152   6.90847148600425750000E+014   4.02714037953093822531E-018
      6153   7.46637095174881625000E+014   4.37820035599218227256E-018
      6154   5.21604298270979062500E+014   9.30141489316286436616E-018
      6155   3.65934601475353500000E+014   8.87945296458300752039E-018
      6156   7.16293154218852500000E+014   5.61058457754720779020E-018
      6157   1.01523971156254800000E+015   3.95742147670794011765E-018
      6158   1.01321231823332362500E+015   2.50445568488203875058E-018
      6159   4.58802919535366937500E+014   6.14893807537931684860E-018
      6160   2.76451877387068812500E+014   8.15268531976382438268E-018
      6161   7.42936189333754875000E+014   5.73236344096859295078E-018
      6162   1.10199441149639225000E+015   3.50289687665278901711E-018
      6163   1.30700490279421350000E+015   3.64813642941995051950E-018
      6164   1.15364777587346125000E+015   3.50782552818733115499E-018
      6165   1.08001766609009250000E+015   5.64170145787744291342E-018
      6166   1.03545073127829512500E+015   5.51116271982629116313E-018
      6167   1.59095054086246600000E+015   3.61587102183758621228E-018
      6168   1.51349388079137675000E+015   3.50720480116666973000E-018
      6169   1.25687375750308425000E+015   2.80752628022428978338E-018
      6170   1.04510715706020737500E+015   3.27237544579098277756E-018
      6171   1.97738580316412550000E+015   5.03047793295930488895E-018
      6172   2.58439911747795750000E+015   3.57081837507479501600E-018
      6173   1.69947739177151800000E+015   2.36995379987516292149E-018
      6174   1.13966086051328350000E+015   2.67966566489214873145E-018
      6175   9.14785453041472875000E+014   4.37110062208089848399E-018
      6176   1.01536729058305025000E+015   1.98123398691985675469E-018
      6177   1.47809165728053450000E+015   4.66501577355165402155E-018
      6178   2.45564107547139000000E+015   3.94201303476385681587E-018
      6179   1.00954624319863625000E+015   4.11997122822353112045E-018
      6180   5.76092092785278000000E+014   5.15300568745742506781E-018
      6181   4.72930605981788312500E+014   2.45260246649935561891E-018
      6182   2.49669474970014000000E+014   1.94755365445471463403E-018
      6183   9.23927076682974500000E+014   4.01346678880749369418E-018
      6184   1.26009132709666275000E+015   5.41498007885209306072E-018
      6185   1.14177689974150900000E+015   4.94449200716103144377E-018
      6186   8.01233822425165625000E+014   5.68834021274914988571E-018
      6187   6.65735397038584250000E+014   6.15805505838649605515E-018
      6188   9.64296897428377875000E+014   3.87448708080329124795E-018
      6189   1.12316931238110450000E+015   2.89041676217211370730E-018
      6190   1.14957120584752925000E+015   1.59902718744272057208E-018
      6191   1.51868010708639100000E+015   2.37732757509825597317E-018
      6192   1.28285033913576700000E+015   4.81013999139619690741E-018
      6193   1.62402656087060175000E+015   4.61754831423218899197E-018
      6194   1.56416456121514800000E+015   2.22956557997174065432E-018
      6195   1.66031830952682000000E+015   4.00355753572140054583E-018
      6196   1.58956083371140750000E+015   3.74355933004168403833E-018
      6197   2.15831837319744200000E+015   2.65488539141108636938E-018
      6198   1.94630437602077200000E+015   2.59583927566857685165E-018
      6199   2.45044020107200600000E+015   3.59827385056890823281E-018
      6200   3.05750242108355050000E+015   4.74907649798160648211E-018
      6201   2.25757526486794950000E+015   3.11448511825027537940E-018
      6202   2.14088646431031325000E+015   2.86893285121826126660E-018
      6203   2.70113587182465750000E+015   3.88811399474971644865E-018
      6204   2.84129573496264650000E+015   4.60051293431267495864E-018
      6205   3.46208163772327200000E+015   3.81380394294679833992E-018
      6206   4.14175616186622800000E+015   2.90112520846883637189E-018
      6207   3.21285666219439400000E+015   3.45011572552339664173E-018
      6208   3.22532030617881650000E+015   3.63329714618531548983E-018
      6209   4.02620586085911500000E+015   3.11533564210672686975E-018
      6210   6.14576088695735700000E+015   4.08897705254761728030E-018
      6211   7.92882801090929900000E+015   3.69214616289906863093E-018
      6212   7.68165121364046200000E+015   2.88528716795581388277E-018
      6213   6.79287725317083000000E+015   3.67834535554551516680E-018
      6214   6.33019696645582100000E+015   3.95020909728221918938E-018
      6215   6.06220189329724700000E+015   2.57216562674404483320E-018
      6216   5.05298086309880600000E+015   3.74102773256931971233E-018
      6217   7.39145208037113900000E+015   3.61257578386549073936E-018
      6218   1.17130767426788760000E+016   2.77603055482016628596E-018
      6219   1.76048053057153940000E+016   1.93619397751664682779E-018
      6220   1.38208428043868780000E+016   2.12124247699001976371E-018
      6221   1.27587615866106820000E+016   2.37890000492963542953E-018
      6222   1.95383718456658160000E+016   2.14932103339974937326E-018
      6223   3.43661881059816200000E+016   1.68681633792347279120E-018
      6224   3.99768133756132080000E+016   1.69120590939432383936E-018
      6225   3.42998265703689120000E+016   1.16395531435029509623E-018
      6226   4.45344446747156160000E+016   7.35667001500995065448E-019
      6227   4.65385047909384320000E+016   1.33596469378645244844E-018
      6228   5.79499799463050880000E+016   1.27185310291551897650E-018
      6229   5.14680583730924480000E+016   1.39362384006028849180E-018
      6230   5.78860893825129600000E+016   9.65566673474199934860E-019
      6231   5.10296972213582080000E+016   1.06239350562567711355E-018
      6232   5.11081912391675120000E+016   1.35683129192394649055E-018
      6233   6.17812396254286640000E+016   1.14382051542121153241E-018
      6234   5.40561653401288720000E+016   1.28345584895815568794E-018
      6235   5.59785453592035360000E+016   1.60862246724982442455E-018
      6236   7.62867317080808800000E+016   9.17934402391153560739E-019
      6237   1.72896509247482080000E+017   3.86093859555971883668E-019
      6238   1.97847947707459616000E+017   4.23024345668887387870E-019
      6239   1.90487483291770528000E+017   3.67092720135237628018E-019
      6240   2.14777627013973568000E+017   3.07486302848749856637E-019
      6241   2.47293457069928832000E+017   3.61044406846001249201E-019
      6242   2.58577617227242528000E+017   5.31758550824602397052E-019
      6243   2.93357080891309056000E+017   3.81146066861433879314E-019
      6244   2.82933486200259168000E+017   3.53079429079004589969E-019
      6245   2.41320662370633856000E+017   3.88941865633426316775E-019
      6246   2.19226899490048224000E+017   4.99906658935387782313E-019
      6247   2.74004359443819872000E+017   4.32256970631030131575E-019
      6248   3.00220684418074112000E+017   2.12042329284695537891E-019
      6249   3.32250804522081152000E+017   2.08066622230249483716E-019
      6250   1.07942995732660710400E+018   1.57128417032234355993E-019
      6251   4.20158707144573184000E+017   2.28893896132747649296E-019
      6252   3.49663385414964352000E+017   3.46254917876857995973E-019
      6253   4.41453642287719744000E+017   2.66718972545534986904E-019
      6254   6.61886313048730368000E+017   2.21351476511272954792E-019
      6255   4.77075193215696064000E+017   2.72965541459833937482E-019
      6256   4.26407823301268096000E+017   2.99973561840090499945E-019
      6257   3.66927537685481600000E+017   3.41304551778395332258E-019
      6258   3.29098845150927552000E+017   3.55248346105849110046E-019
      6259   3.39059168434915328000E+017   2.95074678657003206610E-019
      6260   3.66181011547635584000E+017   3.14765881696992864800E-019
      6261   2.82113676512495712000E+017   3.70405926484436895180E-019
      6262   1.95479071750262144000E+017   5.99346315357097410298E-019
      6263   2.02318292180213216000E+017   5.88531509004387339042E-019
      6264   1.64802573108809248000E+017   6.60251387842362617089E-019
      6265   1.34541625072877632000E+017   7.09950844597860755328E-019
      6266   1.20255670311398976000E+017   9.30670139466659495909E-019
      6267   9.94741545931842240000E+016   1.12309509526826031748E-018
      6268   1.22747042742179088000E+017   7.70836109958375101697E-019
      6269   9.11061075050785760000E+016   9.72494786171508593616E-019
      6270   8.30237474629637600000E+016   8.07852584260514967297E-019
      6271   9.69821443380844480000E+016   7.04425010665710678068E-019
      6272   7.61864564735789760000E+016   1.03285788272889039581E-018
      6273   4.87828303504737760000E+016   1.69509879149354644492E-018
      6274   4.32169890317920560000E+016   1.78349877343296028867E-018
      6275   5.07202437584983360000E+016   1.16533986648549978626E-018
      6276   4.65430591877110400000E+016   1.39846004664816218211E-018
      6277   2.35935093938092480000E+016   2.32375516672649873650E-018
      6278   3.76504407050060560000E+016   1.49331318669077796586E-018
      6279   2.70825773219191560000E+016   1.63035409204882572361E-018
      6280   2.18686902632445280000E+016   2.41181702777406599863E-018
      6281   1.79828868939056400000E+016   2.52996439231591737773E-018
      6282   1.66152562213081960000E+016   2.10676078173975316402E-018
      6283   1.60469919100985600000E+016   2.59765788698074912584E-018
      6284   1.09492720771344840000E+016   2.87741181620925008021E-018
      6285   1.09153812513547060000E+016   2.86420111452539952412E-018
      6286   1.23738776186991440000E+016   2.43723889569187480791E-018
      6287   1.03654143227108180000E+016   2.90606968298985528518E-018
      6288   7.62274592845519500000E+015   3.47896269495429273703E-018
      6289   7.81646095225936700000E+015   2.59191975525346815676E-018
      6290   6.67079234313865400000E+015   2.94299753512601332231E-018
      6291   4.73619293376470300000E+015   3.47001404633718356182E-018
      6292   4.50568798979249400000E+015   4.13766913071474470599E-018
      6293   4.71832797655763600000E+015   3.27574078841686083782E-018
      6294   4.82656269936847100000E+015   2.83778800233236482883E-018
      6295   4.41568331699300800000E+015   4.00086382280032331109E-018
      6296   3.99317237401329950000E+015   4.93506451798547746809E-018
      6297   4.66945468057668400000E+015   4.25694810695955368644E-018
      6298   3.77401433879347950000E+015   2.96779448101381909003E-018
      6299   4.01930968315314600000E+015   2.59447028814339058896E-018
      6300   3.26412263196239500000E+015   3.34498197418684015144E-018
      6301   2.71128248564839400000E+015   2.32705677930309233126E-018
      6302   2.89580027476750300000E+015   3.66992403236360551573E-018
      6303   3.53994533740079500000E+015   4.27609371786875112785E-018
      6304   2.70067965616255750000E+015   4.24986659225829994501E-018
      6305   1.77798290774139000000E+015   4.74695961852913973828E-018
      6306   1.97065622586827950000E+015   3.15053152880676621241E-018
      6307   2.06527063929880300000E+015   4.19118223509669137343E-018
      6308   1.70979990237972075000E+015   4.88570934337610934382E-018
      6309   1.90426371728212150000E+015   5.34222577756024173306E-018
      6310   1.97967884092663950000E+015   4.11002486348343551297E-018
      6311   2.09946847818284775000E+015   4.54212459702601123375E-018
      6312   1.91968699580047400000E+015   4.16261169372064517259E-018
      6313   2.34387957770200900000E+015   3.50794374919104726650E-018
      6314   2.60050730351248300000E+015   3.49537595428204932722E-018
      6315   2.23414825839976775000E+015   3.59412164894892464599E-018
      6316   1.76159129814412325000E+015   2.51888116995024030603E-018
      6317   1.37317464693200700000E+015   2.72392292774207571324E-018
      6318   2.24956985681114950000E+015   3.23884299757013301346E-018
      6319   3.88288296150822000000E+015   2.32525964492853557457E-018
      6320   3.79112216861891900000E+015   3.05481641269538595060E-018
      6321   1.63833437157643175000E+015   3.31605504966148723651E-018
      6322   1.49629509177566225000E+015   2.30995450530623465172E-018
      6323   1.44726655206911400000E+015   3.22555638510417412807E-018
      6324   1.69953846702232325000E+015   6.05099743981186589332E-018
      6325   1.54101002814967225000E+015   7.71984208178750614239E-018
      6326   2.07564460713479600000E+015   3.55992887891652124023E-018
      6327   1.74565516830102100000E+015   2.01803961006760231371E-018
      6328   2.05751796938357050000E+015   3.18714614411132850254E-018
      6329   2.39954637812078600000E+015   6.16110383719880436883E-018
      6330   2.13474893457215150000E+015   4.95394675809376621808E-018
      6331   1.45044979549655825000E+015   4.85754309271332416318E-018
      6332   9.70615558124868125000E+014   6.60757374413588103134E-018
      6333   1.09280255528216437500E+015   6.50184323607873627494E-018
      6334   1.20376290150200700000E+015   3.62938507015830884720E-018
      6335   1.11565298034766712500E+015   3.63820208829604884756E-018
      6336   1.68236448213624975000E+015   6.66681904585441500962E-018
      6337   1.46335613229436300000E+015   5.09079706095708849792E-018
      6338   8.52116641738420125000E+014   5.99845845011009397342E-018
      6339   1.56062516256629425000E+015   4.42899245899742746688E-018
      6340   1.66748370726347125000E+015   4.41471889009023342813E-018
      6341   1.31739345810974450000E+015   4.95849592196804618542E-018
      6342   8.56785896691847250000E+014   4.82613259966014349689E-018
      6343   1.28739469135762475000E+015   4.60025837943077304697E-018
      6344   1.89929266106473100000E+015   4.11624213175729252232E-018
      6345   8.41167691004959625000E+014   6.97416838390153347859E-018
      6346   1.54148157897518625000E+015   4.88529711284340363316E-018
      6347   1.40147928328764000000E+015   2.45048054083503892442E-018
      6348   1.19259695726340700000E+015   2.82863253654531691040E-018
      6349   1.09290133260253175000E+015   3.63451910078688932475E-018
      6350   1.37878702122877075000E+015   3.69085740801488655663E-018
      6351   7.92791917194088500000E+014   5.23788135075609891846E-018
      6352   1.16235911732689600000E+015   5.42951625237247648499E-018
      6353   1.12950246340651775000E+015   4.96113134366387683311E-018
      6354   9.18978474894457625000E+014   5.27969501761622298106E-018
      6355   1.20209767912875175000E+015   4.04501394384707246356E-018
      6356   1.09253174187359537500E+015   3.86833592857054535324E-018
      6357   1.07963199251866012500E+015   4.65503644357079667924E-018
      6358   5.29438622220825937500E+014   5.70759332243801099686E-018
      6359   6.81433650979208625000E+014   5.97441525490782593027E-018
      6360   9.73686556690857125000E+014   6.06155774720917149935E-018
      6361   7.40169635685366000000E+014   6.48543784345128840440E-018
      6362   5.29073187321328562500E+014   5.75364466077207172477E-018
      6363   9.63916236170517500000E+014   3.94514974954065481039E-018
      6364   5.08864811187589062500E+014   4.99612864658564719608E-018
      6365   7.01430151874783000000E+014   4.34226377038998746809E-018
      6366   1.04548199342942525000E+015   4.60195600041651986488E-018
      6367   5.59986608927348250000E+014   4.22982356221485699482E-018
      6368   3.90204673894666437500E+014   5.40017859221643819385E-018
      6369   6.70385478086251500000E+014   5.08552509893412428452E-018
      6370   6.29941534999950250000E+014   5.45154473910367303875E-018
      6371   5.78967215298908750000E+014   5.11666884643875038912E-018
      6372   4.50578808133409437500E+014   5.93325880928305992122E-018
      6373   3.06758845194843625000E+014   7.42590222838542455338E-018
      6374   4.99258306652947000000E+014   5.33037972025366999058E-018
      6375   7.18151860399016875000E+014   4.41622983730172121624E-018
      6376   6.51092233235580000000E+014   5.37390052330640328099E-018
      6377   6.82241975981696500000E+014   6.59382392939153726347E-018
      6378   4.96226255782952625000E+014   5.72746069268683862687E-018
      6379   4.12029478026993000000E+014   4.73289881255824509562E-018
      6380   6.31582914929377625000E+014   3.07474654701577669231E-018
      6381   5.57708831173567875000E+014   4.93816617666646907546E-018
      6382   3.26882217896312187500E+014   7.62011593113275409482E-018
      6383   7.21143338269686125000E+014   6.25392243920637433878E-018
      6384   4.50873779727000750000E+014   7.05598670463515461885E-018
      6385   4.18599930899964937500E+014   6.08535417858174557706E-018
      6386   6.14270687676689250000E+014   4.39570797403245735773E-018
      6387   6.54781526273407250000E+014   5.09111802650648242642E-018
      6388   6.04157606811165750000E+014   8.50220335528897811378E-018
      6389   4.71744509191700500000E+014   8.05199907296316616550E-018
      6390   5.41048094049942687500E+014   4.65808825646444225403E-018
      6391   6.43892541865607625000E+014   6.36663215970071740846E-018
      6392   6.33387425158620750000E+014   7.86690293103139731182E-018
      6393   7.33686989646091625000E+014   6.90270057039211085559E-018
      6394   7.20074047183855500000E+014   6.81699422990302823366E-018
      6395   3.32767633876167375000E+014   6.73105165876948625032E-018
      6396   3.94518295203336625000E+014   4.87914318453801152472E-018
      6397   4.16725152884917937500E+014   6.39086288905008326794E-018
      6398   6.02278018219286500000E+014   8.17193881636107589100E-018
      6399   1.23454964799354100000E+015   5.24137711822628048699E-018
      6400   1.43695777676447050000E+015   2.48175368642027469403E-018
      6401   1.12713963283435050000E+015   2.40961313683212145810E-018
      6402   9.73598139284253750000E+014   3.50386958336016806766E-018
      6403   8.41397450123861000000E+014   5.84997193419712239871E-018
      6404   5.03426877756179937500E+014   6.31019952610329564325E-018
      6405   5.77884195214738250000E+014   5.45473600702029053307E-018
      6406   8.32059496591552500000E+014   4.99114929962674554315E-018
      6407   7.55541782011220875000E+014   4.92365718414937517128E-018
      6408   5.83575960619176125000E+014   5.85540405746166914054E-018
      6409   4.04367587870450625000E+014   7.26816042812131274226E-018
      6410   5.51325680806540500000E+014   6.76168108901343293309E-018
      6411   1.01417409092169775000E+015   4.79149396824407466185E-018
      6412   1.19817514191239450000E+015   3.67851120575691062988E-018
      6413   9.04556795440548375000E+014   4.69512309764939607928E-018
      6414   5.39784751647600062500E+014   4.41118239204447462319E-018
      6415   6.46552129400221000000E+014   3.32625742245825298898E-018
      6416   8.20466544747388500000E+014   6.08930316291365412335E-018
      6417   3.95218772319610687500E+014   1.06353122900776666551E-017
      6418   4.25503561558349000000E+014   7.98477403090954516466E-018
      6419   8.94020538894000250000E+014   5.18452636139725123187E-018
      6420   1.19368068018790175000E+015   3.20262990981073044038E-018
      6421   6.96632222525325250000E+014   3.81201046316712723748E-018
      6422   3.28526003331063000000E+014   7.48039564357414437676E-018
      6423   3.30302690384122875000E+014   8.97492287193748491261E-018
      6424   8.55083813478197250000E+014   5.12966529389155763014E-018
      6425   1.25536322826478050000E+015   3.19462715767780840030E-018
      6426   1.14586166569772300000E+015   3.62583085328041879136E-018
      6427   1.05618077642120512500E+015   4.16927776723657179215E-018
      6428   1.51244229971046400000E+015   5.29628021636719966828E-018
      6429   1.39157906646420850000E+015   4.24642619598125796294E-018
      6430   1.20514922141383375000E+015   3.53477482905076240554E-018
      6431   1.29663620117848225000E+015   4.45643693796238766608E-018
      6432   1.35298129838114450000E+015   3.16274165863116611101E-018
      6433   1.15618986030586500000E+015   4.66844528725588718604E-018
      6434   2.33470648125387700000E+015   4.03838941826399436662E-018
      6435   2.14301475028944850000E+015   2.91488307822909573631E-018
      6436   1.47994701126686325000E+015   2.47483689710781572022E-018
      6437   1.12762507583310750000E+015   4.75342412612996278096E-018
      6438   1.21577950973172725000E+015   4.01214533749743586479E-018
      6439   1.62345856564658675000E+015   3.70426434339473297614E-018
      6440   1.82009945238341200000E+015   5.13793436552703180357E-018
      6441   1.07936570852291262500E+015   5.24299717753347535068E-018
      6442   2.88415308219329250000E+014   6.59810823943751588510E-018
      6443   5.06607811268269375000E+014   5.18467137788995856027E-018
      6444   3.38325744563158062500E+014   1.74238468835916556317E-018
      6445   8.38932049521283625000E+014   2.34567968837616211946E-018
      6446   1.15631503207378500000E+015   4.81296839680977491718E-018
      6447   1.28559372111021450000E+015   6.56647960309601876120E-018
      6448   6.36926324735327750000E+014   5.54981828754743279867E-018
      6449   7.22579680113852750000E+014   5.31718224489922259940E-018
      6450   1.09435671515844975000E+015   3.95762697110698514542E-018
      6451   8.63441155592623625000E+014   4.22676065900611332504E-018
      6452   1.01217160311925937500E+015   3.62307994877981237779E-018
      6453   1.15172449941724850000E+015   2.40008589800017049620E-018
      6454   1.35539538284965500000E+015   2.85661571886554391406E-018
      6455   1.48415137326184125000E+015   3.92597383562698539449E-018
      6456   1.62589621260233350000E+015   4.47738066935097899107E-018
      6457   1.86276670515345825000E+015   2.78318848510425054414E-018
      6458   1.27248142880288250000E+015   3.77543205012116713415E-018
      6459   1.64592191027693725000E+015   4.53411130508807283669E-018
      6460   2.02961190858133950000E+015   2.30050142956057777003E-018
      6461   1.91073770864085250000E+015   1.82252829105750053326E-018
      6462   2.14883536068252525000E+015   3.77219393991895955282E-018
      6463   2.66743002877197350000E+015   5.86215994163992056179E-018
      6464   2.37800973287225650000E+015   4.63268280083864520134E-018
      6465   1.84584824657178975000E+015   3.27335472782524281734E-018
      6466   2.40739249794787050000E+015   4.37050069724697075026E-018
      6467   2.47587570544848250000E+015   4.58274987284477692576E-018
      6468   2.57507111081975100000E+015   4.58554032193672820702E-018
      6469   3.27378307785847550000E+015   3.27324325718180674006E-018
      6470   3.37281478243163900000E+015   2.82947477228707687220E-018
      6471   3.56093881320625100000E+015   3.64068447477920403528E-018
      6472   3.37811423014802200000E+015   3.38287799135036269266E-018
      6473   4.62275808257304500000E+015   3.27511432692567717039E-018
      6474   6.39136400166332600000E+015   4.08900537111587292729E-018
      6475   7.06370217345602800000E+015   4.01868471004815117732E-018
      6476   5.95988320326400000000E+015   3.20324594625528199470E-018
      6477   6.46998489678371000000E+015   3.84371949633020166141E-018
      6478   6.70682497304267700000E+015   2.76068294625393671718E-018
      6479   8.84784896072585400000E+015   1.89575555304888839876E-018
      6480   6.00722850005129900000E+015   4.15683610686031257013E-018
      6481   1.01248406622141620000E+016   3.59375277261856312128E-018
      6482   1.26683538976734000000E+016   2.56856590836697958045E-018
      6483   1.73432791444529140000E+016   1.54315756494499985677E-018
      6484   9.45203504556464200000E+015   2.30981074535805159789E-018
      6485   1.26635050820322400000E+016   2.46516294839006193555E-018
      6486   2.11312429765490200000E+016   1.67437603211450982055E-018
      6487   4.46597901045596400000E+016   1.37327819345559438360E-018
      6488   4.60726257415754880000E+016   1.17669766566975042126E-018
      6489   3.80106505299934080000E+016   9.35919478803472026879E-019
      6490   4.56224151364101840000E+016   1.06687560674057890111E-018
      6491   6.32415555352976080000E+016   1.15402481372226419139E-018
      6492   6.32724068901143440000E+016   1.34276877944179884910E-018
      6493   7.29232560364917280000E+016   9.63967887420280341142E-019
      6494   8.23164721041235360000E+016   5.54347896504372579757E-019
      6495   6.99291077585957040000E+016   6.96392642471886952058E-019
      6496   8.76158607207858400000E+016   7.29992717801655539683E-019
      6497   6.78110469912688800000E+016   1.19988131594521734514E-018
      6498   8.10578795736499840000E+016   1.22095764559926383120E-018
      6499   9.07036871030506560000E+016   8.28024785088616743305E-019
      6500   1.51724535758568768000E+017   4.24397013338144639226E-019
      6501   2.30592376165993920000E+017   3.57286129828143005316E-019
      6502   2.27152710941754848000E+017   3.21833517912447580791E-019
      6503   2.20868677084085056000E+017   2.24542211247459047276E-019
      6504   2.89327260026806656000E+017   2.27174642566093478289E-019
      6505   2.93461706577586752000E+017   4.14960716700749218594E-019
      6506   3.43974763963818432000E+017   3.85910207145913788022E-019
      6507   3.79232947892221888000E+017   2.76864503026623986302E-019
      6508   3.72235859551109504000E+017   2.69113097663274172944E-019
      6509   3.96491900592710592000E+017   2.71850610087158855757E-019
      6510   2.70290152701713760000E+017   4.66934740598467993065E-019
      6511   3.26617376654047872000E+017   2.51036204781650631872E-019
      6512   3.44284691783507328000E+017   1.85626711612765025777E-019
      6513   4.04839380642205632000E+017   1.43133419302826828626E-019
      6514   5.84468886866718336000E+017   1.65394942281239742100E-019
      6515   4.54266146797768768000E+017   2.31636700830616403600E-019
      6516   5.13660376477281408000E+017   2.27817539184581881582E-019
      6517   6.09816402164027520000E+017   2.07398929498830346417E-019
      6518   4.82796198801190272000E+017   2.41543360492760213311E-019
      6519   4.05848898111547840000E+017   2.74760975568464741086E-019
      6520   3.39197418066849088000E+017   2.89540047203637847778E-019
      6521   2.59513966598912160000E+017   4.66956724688475841823E-019
      6522   2.47159730719704416000E+017   6.01782037697771659242E-019
      6523   2.75438310015892384000E+017   4.60556261902560076360E-019
      6524   2.07372411150789120000E+017   5.59334102614086644031E-019
      6525   1.33003346563833040000E+017   8.76209961405648448817E-019
      6526   1.50204043117504256000E+017   6.41258956292588094764E-019
      6527   1.78085091607781792000E+017   5.55514539121707604883E-019
      6528   1.17008753897431216000E+017   7.72043016237191626400E-019
      6529   1.10511166553786528000E+017   7.14885085099926061520E-019
      6530   1.09756791984200704000E+017   7.23618847664018933438E-019
      6531   7.79468968129412800000E+016   1.12686205191389599109E-018
      6532   6.87559739216307040000E+016   1.34060808935847149030E-018
      6533   6.21126865137477840000E+016   9.26653074698024388957E-019
      6534   5.50783300419990640000E+016   1.16764102342602872042E-018
      6535   4.56613756632905520000E+016   1.55458292188330887273E-018
      6536   5.54637205146173840000E+016   1.26823462222603723182E-018
      6537   4.20918822202895680000E+016   1.45814043260888228097E-018
      6538   2.88259439822431280000E+016   1.64225986118475702396E-018
      6539   2.81246243174387360000E+016   1.80482963778026368864E-018
      6540   1.86952607711261040000E+016   2.39799647801972404684E-018
      6541   1.75357079888604860000E+016   2.89113724652737948726E-018
      6542   1.43827402870366600000E+016   2.80815227745480506517E-018
      6543   1.03063006702384180000E+016   2.74483487193597983506E-018
      6544   1.30577749540199360000E+016   2.32752666774356383149E-018
      6545   1.14498121511236920000E+016   2.24539587507264444028E-018
      6546   9.40065144319062200000E+015   2.98657575866560647438E-018
      6547   9.95702747867200600000E+015   2.85885982047572727243E-018
      6548   6.60797105902364500000E+015   3.14565107612858118575E-018
      6549   4.66278276925453300000E+015   4.19647521626453221406E-018
      6550   4.81888185107934800000E+015   3.95711404301519196392E-018
      6551   4.93420717575045900000E+015   3.30641630516097606540E-018
      6552   4.81946689841331500000E+015   2.39412535740780551740E-018
      6553   4.13068655468115100000E+015   2.43895419332880868821E-018
      6554   4.09722773163242050000E+015   3.56108001220032323931E-018
      6555   4.32441582842053500000E+015   4.14529339238336179225E-018
      6556   3.93683576147150300000E+015   4.85641356163232372945E-018
      6557   2.87362267941247300000E+015   4.31358660936223741298E-018
      6558   3.14219301038359250000E+015   3.97200459883954158152E-018
      6559   3.00376552946129250000E+015   3.25215796771862963204E-018
      6560   2.55367487605870150000E+015   3.40078415015324778216E-018
      6561   2.77911486936438650000E+015   4.18113818759299909400E-018
      6562   3.11065994607312400000E+015   3.12110616625826484875E-018
      6563   2.47699257228317850000E+015   3.04216788898821519622E-018
      6564   1.95843935527077900000E+015   4.00931726093501920443E-018
      6565   1.72878305250975250000E+015   3.46576924412120984592E-018
      6566   1.83071946999022750000E+015   3.38528093803097115292E-018
      6567   1.96156635053079750000E+015   2.76571552994597307786E-018
      6568   2.23960344146086075000E+015   3.62638548793195153045E-018
      6569   2.50403779869075700000E+015   4.79477877421668709968E-018
      6570   1.85930609575937675000E+015   4.90975095473017762888E-018
      6571   1.76216513127197225000E+015   4.35282835853731056677E-018
      6572   2.06250294653697400000E+015   3.38515133534007110098E-018
      6573   1.93509789281457300000E+015   3.53601627251671996034E-018
      6574   1.95138162455069400000E+015   3.85950991823871089289E-018
      6575   1.91511949870625775000E+015   3.60314130804735056983E-018
      6576   1.67275827722433575000E+015   2.44846268047990766692E-018
      6577   2.27301809995655500000E+015   3.10460698376226901188E-018
      6578   3.30422857121101000000E+015   3.17619921784734460276E-018
      6579   2.97397687048643000000E+015   3.21982330859090097417E-018
      6580   1.65601209820954600000E+015   2.03202793996568123720E-018
      6581   1.16129320884859975000E+015   2.31247256617442726758E-018
      6582   2.04004476929239275000E+015   3.53661289955750556008E-018
      6583   2.51719268718900700000E+015   6.45110345643112295969E-018
      6584   1.33220285917907525000E+015   5.96003829766255380218E-018
      6585   9.56718447565795875000E+014   4.66791551656532073692E-018
      6586   1.88878938378499375000E+015   2.92278270856810996596E-018
      6587   2.65441267174554400000E+015   4.78072041611331280265E-018
      6588   1.70664671151947200000E+015   8.01727980177984986396E-018
      6589   1.34223183380348450000E+015   4.35022203882706836239E-018
      6590   1.49862001151493425000E+015   3.01973061991726063860E-018
      6591   1.40574327341871850000E+015   5.94458536583566877142E-018
      6592   1.31541725648796350000E+015   6.01000975471441982323E-018
      6593   1.04799085585873550000E+015   3.54939376849511753168E-018
      6594   1.31964212477603925000E+015   5.66152588282465022693E-018
      6595   1.67878816027266500000E+015   5.84234299481650429761E-018
      6596   8.71909885586132500000E+014   5.02160239485895825484E-018
      6597   1.45114125739320600000E+015   3.88727799712222161381E-018
      6598   1.52486157179423725000E+015   5.54265894432596574413E-018
      6599   1.44815831641375650000E+015   5.92987155438389552477E-018
      6600   1.62793701180949275000E+015   4.10422218480621482639E-018
      6601   1.21497287801254950000E+015   4.65679063149641582184E-018
      6602   1.49983049761620600000E+015   4.00845139015926994383E-018
      6603   1.19048836073041175000E+015   4.07822368320035165811E-018
      6604   9.11948502719568875000E+014   6.84103577790414483621E-018
      6605   1.29994382114799600000E+015   3.56964411280661251138E-018
      6606   9.47988820042862750000E+014   3.02452351911658924237E-018
      6607   1.09357757471644512500E+015   3.31913272277678852951E-018
      6608   1.46733669709761975000E+015   3.43497810050781707606E-018
      6609   1.22595566308393850000E+015   3.66484852543756113457E-018
      6610   7.29488794931334000000E+014   6.21078310749134782989E-018
      6611   1.25929840301251275000E+015   4.71944786666620841529E-018
      6612   8.76598633934506875000E+014   5.02393836202883278211E-018
      6613   8.57726695642327875000E+014   5.82215325882301153661E-018
      6614   1.13586605728464525000E+015   3.78647262942163886253E-018
      6615   1.06856545742888587500E+015   4.15698790664566043887E-018
      6616   1.11099282658507250000E+015   4.36903321109550249231E-018
      6617   5.18913604787766250000E+014   5.88002844906937297630E-018
      6618   7.73139159886275625000E+014   6.61638117984983988451E-018
      6619   8.56587232646141000000E+014   5.89690067532090373330E-018
      6620   6.16760856356952625000E+014   6.51694704807292292628E-018
      6621   6.91900782982557875000E+014   4.99259961720089537040E-018
      6622   1.02618595536649875000E+015   4.40011588510298007617E-018
      6623   4.73221225961607562500E+014   4.42426393383400140953E-018
      6624   8.17294472876779000000E+014   5.01900784223892615081E-018
      6625   9.78835616588338000000E+014   4.64524984181886005008E-018
      6626   4.44281258661815125000E+014   4.54849630728425784214E-018
      6627   6.50482534244687000000E+014   5.07733525916398611739E-018
      6628   5.75469993760414000000E+014   5.56354641517716198047E-018
      6629   3.83690404773228062500E+014   5.32242297925552798583E-018
      6630   5.81881876156819875000E+014   4.97468525631956940812E-018
      6631   3.23340552613696000000E+014   6.49742102480854643803E-018
      6632   2.88631588983016187500E+014   6.86342841435963691920E-018
      6633   5.00417249124240375000E+014   5.47701631558461643576E-018
      6634   6.81044837667070125000E+014   4.55783574321072062213E-018
      6635   6.67047516627705500000E+014   5.00493598374595360181E-018
      6636   6.58706820043191500000E+014   6.47899128142665999658E-018
      6637   5.37004613098549875000E+014   5.83717227840317195381E-018
      6638   4.05136890566866000000E+014   4.33354234659941121256E-018
      6639   6.36179709977127125000E+014   3.33269404037808524502E-018
      6640   5.36821366674225187500E+014   4.16009529490850195510E-018
      6641   3.64364865904383687500E+014   7.33514181082729524868E-018
      6642   5.31645171062827750000E+014   6.64740926145939744896E-018
      6643   5.17148186571471250000E+014   6.52378309526013093724E-018
      6644   3.49604838458780312500E+014   5.77205683381888034026E-018
      6645   5.61561727240925875000E+014   4.79755339680872689695E-018
      6646   6.84051026683232000000E+014   4.77075016821823075379E-018
      6647   5.77360797241181000000E+014   7.10145824083013243037E-018
      6648   5.23515765479588250000E+014   8.77152470001992059563E-018
      6649   5.07925476078117187500E+014   5.48199610857130792764E-018
      6650   5.67482682710249375000E+014   6.29404460945753634483E-018
      6651   6.15905568973747750000E+014   7.03334567291253061346E-018
      6652   4.83829917782407750000E+014   7.45907462151778395278E-018
      6653   7.15803254405658875000E+014   6.83051114083682191595E-018
      6654   6.07859708362406000000E+014   6.52980444797650515465E-018
      6655   3.81427461490864125000E+014   4.47098365851976301096E-018
      6656   3.71655299666773812500E+014   5.56374234436931742862E-018
      6657   4.06101128584300125000E+014   7.46439985202543454590E-018
      6658   1.18521088537910250000E+015   6.18125255667613435860E-018
      6659   1.24374481304273425000E+015   3.38747700909984059015E-018
      6660   8.00058325823413875000E+014   2.23865852717055407790E-018
      6661   1.07463734442639050000E+015   3.05220275795043258622E-018
      6662   1.18433292585836125000E+015   2.96043671277710767852E-018
      6663   9.32952174663967875000E+014   5.95934205532457235729E-018
      6664   5.60977666867638187500E+014   6.90484584502123735687E-018
      6665   6.75891456658609750000E+014   5.97501299541358426106E-018
      6666   7.62851807278211125000E+014   5.26143684547798753945E-018
      6667   7.51528192919843750000E+014   4.38961259350850734938E-018
      6668   4.92548589405813875000E+014   6.11459756908609255074E-018
      6669   6.18684489766566625000E+014   6.23877356298169104613E-018
      6670   8.07782736809159875000E+014   4.69925213141855344333E-018
      6671   1.12985016173787375000E+015   4.24074783661298336563E-018
      6672   8.51943714434545375000E+014   5.17200284398905490781E-018
      6673   5.87103996327414625000E+014   6.04214408786017804498E-018
      6674   5.63237099591887875000E+014   3.02384759552258650182E-018
      6675   7.97316160729639500000E+014   4.59600712273332512335E-018
      6676   5.56970495791017625000E+014   1.01195132008809849048E-017
      6677   2.80015740377483937500E+014   9.09789042659917439538E-018
      6678   7.39195686671807125000E+014   5.68613417116688792098E-018
      6679   1.13043941678568425000E+015   3.03652376085029289325E-018
      6680   7.92604026069943000000E+014   4.10718241019689890998E-018
      6681   4.13190799588853500000E+014   6.25331729816488646131E-018
      6682   3.52383366432200062500E+014   8.69681315720220402763E-018
      6683   7.56935728628260500000E+014   6.15100851472896249858E-018
      6684   1.20598627203946100000E+015   2.37291068201500427525E-018
      6685   1.12048993506693225000E+015   3.69589282322424763142E-018
      6686   6.01073097526123750000E+014   4.22353465475718317964E-018
      6687   1.29904949950453900000E+015   4.93694455829712917576E-018
      6688   1.88847308111074000000E+015   4.65003346369324741525E-018
      6689   1.24593046367363600000E+015   3.61598451453204480422E-018
      6690   8.73536154417497875000E+014   4.95431467705438031992E-018
      6691   1.50269312168720925000E+015   4.50883229625310994026E-018
      6692   1.67256972944316950000E+015   4.19721839374094886161E-018
      6693   1.76766502836145425000E+015   4.38508749072775955223E-018
      6694   1.95848795075069000000E+015   3.59521151864812147638E-018
      6695   1.63189545226092900000E+015   3.52749241646204574466E-018
      6696   1.46422308934619975000E+015   3.91915428109217710872E-018
      6697   1.89211482602098625000E+015   4.32262658018723240671E-018
      6698   1.82030954811078250000E+015   3.65363186328423765463E-018
      6699   1.27501394764822825000E+015   4.70458475651309420788E-018
      6700   7.54133161439212500000E+014   6.60230106647730097441E-018
      6701   7.69522047427663875000E+014   7.25886801516494741866E-018
      6702   7.97876358940912875000E+014   5.06444376934312093390E-018
      6703   7.43786287423149750000E+014   2.92237337769722833839E-018
      6704   6.92913177209189500000E+014   3.14064978323331175846E-018
      6705   8.90526138404766875000E+014   4.37724449630014754186E-018
      6706   1.16723999713307675000E+015   5.30129419620176450953E-018
      6707   1.05178557975615125000E+015   6.57909580522398663528E-018
      6708   8.96095800152340500000E+014   4.39018386510545009648E-018
      6709   1.00927544063710662500E+015   4.57623724377302117022E-018
      6710   9.60564526837869250000E+014   4.38117193466921613441E-018
      6711   1.20771326447822775000E+015   3.33102504619298902458E-018
      6712   9.64551115493290250000E+014   3.74898580914952047418E-018
      6713   1.30597494794499000000E+015   3.35344469536483638513E-018
      6714   1.60427122741556250000E+015   3.29781131286871722160E-018
      6715   1.77160812003991400000E+015   3.46124406438288645423E-018
      6716   1.87858234489069250000E+015   3.46799422542614085503E-018
      6717   1.34542677325756650000E+015   3.11645219593976289994E-018
      6718   1.75844796460448325000E+015   3.46192599378202083734E-018
      6719   2.15044914717005300000E+015   2.33202035362440886938E-018
      6720   2.31358725608976850000E+015   2.13449186052967790081E-018
      6721   2.41913633451865100000E+015   3.58414117664680224533E-018
      6722   1.85849081164511525000E+015   5.12445003848901170404E-018
      6723   2.08391548414341425000E+015   4.81158068717750222894E-018
      6724   2.17419261235169200000E+015   4.04636298520221959167E-018
      6725   2.69912474152592050000E+015   3.28492079275537592972E-018
      6726   2.89842112068280500000E+015   4.08317724341478396997E-018
      6727   2.07720930763314800000E+015   3.33547034631623181061E-018
      6728   2.39026008475429200000E+015   3.37231742863234948478E-018
      6729   2.64305256175032250000E+015   4.38709214223344198349E-018
      6730   2.09673493752596025000E+015   4.01857134399765650264E-018
      6731   2.41239441023894300000E+015   3.64043151262945541071E-018
      6732   3.83303030435141800000E+015   3.22619330291355708280E-018
      6733   4.05943829778191300000E+015   3.61933273550841974147E-018
      6734   4.06808477203035350000E+015   4.68595547662079099581E-018
      6735   4.53481781844487700000E+015   4.56438469324762343140E-018
      6736   5.39335348487262900000E+015   3.46500844488884763811E-018
      6737   5.38182929298857200000E+015   3.01714597085912590082E-018
      6738   7.87561723854456100000E+015   2.83165235355152455479E-018
      6739   1.04991760458655040000E+016   2.38258419094283729557E-018
      6740   1.28593287308136020000E+016   1.90872276838231199767E-018
      6741   8.68035845205065200000E+015   2.99780001100381532332E-018
      6742   1.11637667292886680000E+016   2.48124365475155086757E-018
      6743   1.58404324078111360000E+016   1.68382657994672480712E-018
      6744   1.93874304011185000000E+016   1.65986290285478713282E-018
      6745   1.11957797452499620000E+016   2.67165773734441583966E-018
      6746   1.95652708428531080000E+016   2.20443637437266120997E-018
      6747   3.65294530172099680000E+016   1.01876081975307344161E-018
      6748   6.19224298711576640000E+016   1.01812916179011280924E-018
      6749   6.90751979678618080000E+016   8.81201375368959722556E-019
      6750   6.23223844246747680000E+016   9.71476173225803396871E-019
      6751   6.96972489168103360000E+016   9.24221016557122101565E-019
      6752   7.20850349475037600000E+016   1.05488100772214601530E-018
      6753   7.41589286282658560000E+016   1.06980932043113961305E-018
      6754   1.20863901187502400000E+017   5.69339607799320947017E-019
      6755   1.14277226498791392000E+017   4.68444715171302292263E-019
      6756   1.02367129608683472000E+017   7.16127028239166112748E-019
      6757   1.23901603385496720000E+017   7.11798168098337507220E-019
      6758   1.05523344938838160000E+017   8.63495441701680393534E-019
      6759   1.15775152095366032000E+017   6.56483700830694853756E-019
      6760   1.41396557285378672000E+017   4.44098505881012523815E-019
      6761   1.99907568265877312000E+017   3.49599110040530012593E-019
      6762   3.06209870543318080000E+017   2.45375649272887225086E-019
      6763   2.66205137868393664000E+017   2.56254090851653205359E-019
      6764   3.00379332934043072000E+017   2.25987892516303317912E-019
      6765   3.65896675491317248000E+017   2.08296396389758640469E-019
      6766   5.62359648872926144000E+017   1.62591510217272773307E-019
      6767   4.08675040866019264000E+017   1.63310274345758338815E-019
      6768   4.98510219202169984000E+017   1.63109711971832821689E-019
      6769   8.26310012305546752000E+017   9.33058447735099300271E-020
      6770   5.25119336776905792000E+017   6.22068020130214564864E-019
      6771   6.56034448943305984000E+017   2.27136643795790806352E-019
      6772   7.09147273593336320000E+017   2.29319869728228450589E-019
      6773   6.36664715687276032000E+017   2.25758137223355731878E-019
      6774   4.72681183177037760000E+017   3.52095259798657052668E-019
      6775   4.02424013087796736000E+017   3.75455197160874548225E-019
      6776   3.87533550079870464000E+017   4.12747768009410988507E-019
      6777   2.52717371631339712000E+017   5.88214646411777166457E-019
      6778   1.89084375223553536000E+017   5.46239822589937778761E-019
      6779   2.63701759298473824000E+017   3.69616079151767868531E-019
      6780   2.45480611540676960000E+017   4.74908190254709619847E-019
      6781   1.54335382183643552000E+017   6.49488479518313514874E-019
      6782   1.68166122368692992000E+017   6.13938082313279872060E-019
      6783   1.73179416159317536000E+017   5.06737045859919711754E-019
      6784   1.30479115392098880000E+017   7.29130160642832903545E-019
      6785   1.06298118304848560000E+017   8.13735088424493927964E-019
      6786   9.88219327129540800000E+016   8.10884623270081527362E-019
      6787   6.57273016939152720000E+016   1.12534052103189894268E-018
      6788   5.83085867667073280000E+016   1.26903037725996665131E-018
      6789   7.18866357630125920000E+016   9.81448879497479807472E-019
      6790   6.34640824060699280000E+016   1.43697288407969358060E-018
      6791   4.07071486301212960000E+016   1.59278045658523209299E-018
      6792   3.38760459830038440000E+016   1.78684110719459060792E-018
      6793   2.28332112173257080000E+016   2.38636788725323580527E-018
      6794   2.23791725251973160000E+016   2.51608993751691413510E-018
      6795   2.08875099988129080000E+016   2.18964690683032559721E-018
      6796   1.40008228258515200000E+016   2.26631552789331326801E-018
      6797   1.49346501145444400000E+016   1.79603811868119563364E-018
      6798   1.44981095170547060000E+016   1.86344914088906237862E-018
      6799   1.13630063673903420000E+016   2.39504943312398710919E-018
      6800   9.80067776036025800000E+015   2.91054391581635926175E-018
      6801   7.33852259272421300000E+015   2.98536584276269549649E-018
      6802   6.18095989384464100000E+015   3.50185067524025174061E-018
      6803   6.52597916715091000000E+015   3.07319321383763982037E-018
      6804   5.65690616948523400000E+015   2.04781341167889110884E-018
      6805   5.17181412814679200000E+015   2.23955344345888956545E-018
      6806   4.44424119429029000000E+015   2.58499677939394895490E-018
      6807   2.86804787886040050000E+015   3.03118719491279890548E-018
      6808   2.86944685005075100000E+015   3.49995977356097554897E-018
      6809   2.97437991932193900000E+015   4.49125903083039451737E-018
      6810   2.71725500132847550000E+015   5.98308385862017318591E-018
      6811   2.28044892419564950000E+015   6.15578168375462362293E-018
      6812   2.10067081874246450000E+015   5.88327099343006942662E-018
      6813   2.07199966206579650000E+015   4.27810324155359458238E-018
      6814   1.43086325981384725000E+015   5.33196841584024546864E-018
      6815   1.93631975901696325000E+015   4.52008157535524704976E-018
      6816   2.31512550952238550000E+015   3.06173660540121657893E-018
      6817   1.79624647847821050000E+015   3.24729305885893667334E-018
      6818   1.64332238790591450000E+015   4.47393843485808301539E-018
      6819   1.25231383773601300000E+015   5.67892368498450184586E-018
      6820   1.30757173354691775000E+015   3.88554617027456995145E-018
      6821   1.51703456844861600000E+015   2.78170220883868554889E-018
      6822   2.04135521863052700000E+015   4.26663369675502602362E-018
      6823   2.33031778909931750000E+015   5.23787854426391924906E-018
      6824   1.57427157607338025000E+015   4.29480244389071195781E-018
      6825   1.38366539062340800000E+015   4.84336578704858522594E-018
      6826   1.70340725389438850000E+015   3.71072492032320579440E-018
      6827   1.80035505197757325000E+015   3.30911287954079127232E-018
      6828   1.89945693267950100000E+015   3.99994583032413407079E-018
      6829   1.71473524124468500000E+015   3.94082267891591092694E-018
      6830   1.88645725111815625000E+015   2.56366659655812542793E-018
      6831   2.09487711664503950000E+015   3.68455672928642040718E-018
      6832   3.36078981447399750000E+015   3.02838563927953591021E-018
      6833   4.09613893455213200000E+015   3.25626605328963896248E-018
      6834   2.85444149435115750000E+015   2.43250570966861323858E-018
      6835   1.34654127363842225000E+015   1.81607571297953021106E-018
      6836   1.53724470764511750000E+015   3.26800573992693971661E-018
      6837   2.70234911127411200000E+015   5.86259612806123220619E-018
      6838   2.29679183882530250000E+015   5.83144847602080232229E-018
      6839   9.18934916530230875000E+014   6.34642749320590314256E-018
      6840   8.18576503310076125000E+014   6.57811197134819982478E-018
      6841   1.90189310433002925000E+015   4.78576434318317340815E-018
      6842   2.05517913388846000000E+015   6.98657403220550668654E-018
      6843   1.24316767030679425000E+015   6.13098833126247614293E-018
      6844   8.37156538033467625000E+014   4.25483647647676462984E-018
      6845   1.77382732754317275000E+015   2.68293922037847551344E-018
      6846   1.78785790576436250000E+015   6.00508631797213354272E-018
      6847   1.04676466850355325000E+015   5.59692803194217141073E-018
      6848   1.27562665943350175000E+015   4.15961725901094266089E-018
      6849   1.59707791921736350000E+015   5.72873893119726093730E-018
      6850   1.04070509230429225000E+015   4.67584911919063289894E-018
      6851   1.26069804941184100000E+015   3.72644330421451861541E-018
      6852   1.90907537411342675000E+015   3.68339099071952575395E-018
      6853   1.25846030344003150000E+015   8.13273479919655332116E-018
      6854   1.63338634035749550000E+015   4.07644783080186496414E-018
      6855   1.54346266523892775000E+015   3.67234871124060958836E-018
      6856   1.15521319119017150000E+015   3.52261793803035107628E-018
      6857   1.02053716393862350000E+015   3.18979385009038905758E-018
      6858   8.23041487066243000000E+014   5.69148191896139583598E-018
      6859   1.07484363506623762500E+015   5.51975386383517425824E-018
      6860   9.57887763182081250000E+014   3.02524202216938016674E-018
      6861   9.55618401666668375000E+014   3.17356847756176653819E-018
      6862   1.26071281150846550000E+015   3.44101483466701244535E-018
      6863   1.31295077332523675000E+015   3.64543899597177587007E-018
      6864   7.71687198634124625000E+014   4.87371860839242035390E-018
      6865   1.17669594209715300000E+015   5.54395520099953106094E-018
      6866   1.44280890461676425000E+015   3.56764324169495815557E-018
      6867   7.88440329397145250000E+014   6.46689974902616235262E-018
      6868   1.00228929899898750000E+015   6.09255218864501887100E-018
      6869   1.05923410093496612500E+015   4.05683359158494040613E-018
      6870   1.16502485472226800000E+015   4.64255111207406227204E-018
      6871   9.56541704531842375000E+014   4.33251558439441733561E-018
      6872   6.48854975113706000000E+014   5.32091910813177343409E-018
      6873   7.76251219720504125000E+014   6.22779030658183097268E-018
      6874   5.61161465057163875000E+014   3.65042921512742397976E-018
      6875   3.69482055338272437500E+014   7.82127556554116531547E-018
      6876   9.89831257840692375000E+014   4.07046354733211512268E-018
      6877   1.11415575040518512500E+015   4.54960312076441345723E-018
      6878   5.26710821604563062500E+014   4.33093084711236641811E-018
      6879   1.01107918600962625000E+015   5.47566501725006476203E-018
      6880   7.89891427943950250000E+014   4.75737717004958949713E-018
      6881   6.37477906757535875000E+014   4.88804232907501220397E-018
      6882   6.96050977538188500000E+014   4.34212592938691162300E-018
      6883   3.47110410885458875000E+014   5.45641624720824346947E-018
      6884   4.68854728817168125000E+014   4.90183308674453995072E-018
      6885   4.76774048713206812500E+014   5.37581330522174133337E-018
      6886   2.50401724099613687500E+014   6.87430597352939007140E-018
      6887   3.66126290116992187500E+014   5.45892724702504805941E-018
      6888   7.04331009384059625000E+014   4.37443353797408169776E-018
      6889   7.03107474341645375000E+014   5.27260730436484530046E-018
      6890   7.25457319141130000000E+014   6.31620518794396076458E-018
      6891   5.89358501221753375000E+014   6.72759519141909359183E-018
      6892   4.06278258884987125000E+014   3.43064292846253309853E-018
      6893   5.85468970840368875000E+014   4.42239001017148230981E-018
      6894   4.99758835916496625000E+014   3.90441300151057350304E-018
      6895   4.02491357220021500000E+014   7.38546339741774027158E-018
      6896   4.87804240515451187500E+014   6.09895463966902767437E-018
      6897   3.99537358570665812500E+014   7.41584434360660539031E-018
      6898   3.16842938666128875000E+014   6.31316787989467442624E-018
      6899   4.70899334170751062500E+014   4.55169392243000993948E-018
      6900   7.66106958398738125000E+014   4.21858703051692024476E-018
      6901   7.54455136455029125000E+014   4.97358143970342137039E-018
      6902   5.94644396274210000000E+014   8.88164295795719697646E-018
      6903   5.63932979867365500000E+014   6.58919922120945847634E-018
      6904   5.49820232232257750000E+014   6.29023827824998652624E-018
      6905   5.66961015624611750000E+014   7.06784318958750763092E-018
      6906   6.02132884191335625000E+014   5.75082226250188666837E-018
      6907   6.32276338203880250000E+014   5.43948278183454092550E-018
      6908   5.28630287340461750000E+014   8.50905545688134652662E-018
      6909   6.11340326493998375000E+014   5.07756616955573947402E-018
      6910   5.59948011030978937500E+014   5.26988392301052377133E-018
      6911   6.49342272510565625000E+014   5.72526830276895395701E-018
      6912   1.19564294703850075000E+015   5.09452556089693802630E-018
      6913   1.08446607101424100000E+015   2.83225821654575052316E-018
      6914   8.22055048810011375000E+014   1.82452010841940891146E-018
      6915   6.50278239341548875000E+014   3.37559776700932977577E-018
      6916   1.03181193964288562500E+015   3.31501241420703064354E-018
      6917   1.04837068659940500000E+015   4.25002291929641868733E-018
      6918   7.39115608459130125000E+014   5.78367959378204264427E-018
      6919   6.25177847197129250000E+014   6.73866590704452039123E-018
      6920   7.63417772723735000000E+014   5.54454100257297697910E-018
      6921   7.88375493987915625000E+014   4.23453937965283712707E-018
      6922   7.76286673995326375000E+014   4.37654717429259389499E-018
      6923   6.86587315597054625000E+014   6.01368668876783974695E-018
      6924   6.60642808248510375000E+014   4.02109195107920251498E-018
      6925   8.07334272897506750000E+014   3.81391076695880687434E-018
      6926   1.05365814583171362500E+015   3.95875241270622779079E-018
      6927   6.78927130708061750000E+014   5.46227331001527904536E-018
      6928   6.13861229879557125000E+014   4.24997172016394015344E-018
      6929   6.85984482049562625000E+014   4.14263969983897053859E-018
      6930   6.75682394878933625000E+014   9.89558748260349146889E-018
      6931   2.72471771432385187500E+014   9.95722030416944305575E-018
      6932   6.06711981798217000000E+014   4.68021434642101891550E-018
      6933   1.07977551501641600000E+015   2.99761198304291142898E-018
      6934   7.26058655820839125000E+014   3.65974808952929047037E-018
      6935   5.24975424344969000000E+014   5.60106773131966065797E-018
      6936   4.18952966359950250000E+014   6.99621476493314763564E-018
      6937   7.09306529614188750000E+014   6.30110466162253605429E-018
      6938   1.16871666816671300000E+015   2.01045520352619002957E-018
      6939   9.48260863950827500000E+014   3.58124108060245066321E-018
      6940   6.96070731624902875000E+014   4.76594884843959876681E-018
      6941   8.48955354497013375000E+014   5.68597413433040194210E-018
      6942   1.88902125692640550000E+015   4.54148532723079682060E-018
      6943   1.82866280647213075000E+015   3.50613028956537535703E-018
      6944   8.84470451286916750000E+014   4.34875120757346954152E-018
      6945   1.32803998702638900000E+015   5.12733408640209994517E-018
      6946   2.08639498486054450000E+015   4.25351240217488505720E-018
      6947   1.72553506802559600000E+015   3.56269800224404324232E-018
      6948   1.30169964622194425000E+015   3.52389553465952298755E-018
      6949   1.64300018183959950000E+015   3.86359366665743504792E-018
      6950   1.68504892982018775000E+015   3.57118715033065901128E-018
      6951   2.07110439807759050000E+015   3.13730016325024827648E-018
      6952   1.86444386131833825000E+015   3.85083113536384500688E-018
      6953   7.84764717282116500000E+014   5.66659910751669781310E-018
      6954   7.11062707450274000000E+014   6.34615860800864075738E-018
      6955   6.18252158264449250000E+014   7.37388886599791719858E-018
      6956   1.11967364573910462500E+015   5.90691871512667827354E-018
      6957   8.76111089472171000000E+014   3.19052904985262283602E-018
      6958   6.68498927900853000000E+014   3.52799795963519026088E-018
      6959   5.28789672896897187500E+014   5.01282914627556382977E-018
      6960   9.74510422281383000000E+014   4.60419614009297168292E-018
      6961   1.32078992056033750000E+015   5.41994522891913348812E-018
      6962   1.26155949206052075000E+015   5.03099678343254154541E-018
      6963   1.07343162375580850000E+015   4.43574444013425499724E-018
      6964   9.05742398867941125000E+014   4.33188457099509783996E-018
      6965   1.27007288956239950000E+015   3.77204225212093441280E-018
      6966   6.66663440007590250000E+014   2.54737623390552158793E-018
      6967   1.35261444758970525000E+015   3.70863084057566605381E-018
      6968   1.76608580261773225000E+015   2.93495249424465867426E-018
      6969   1.56049961892478700000E+015   2.25234096218146505378E-018
      6970   1.72088098071924275000E+015   3.17316029140117516108E-018
      6971   1.95424606595926975000E+015   2.81479355261306953560E-018
      6972   1.87862193385123800000E+015   2.77078153590570908802E-018
      6973   2.52922535589388200000E+015   2.29456241964178940683E-018
      6974   2.72929430754813850000E+015   2.17705299612104880712E-018
      6975   2.44543278192409100000E+015   3.74274236641009210494E-018
      6976   1.88252763856561200000E+015   4.81188346092605396635E-018
      6977   2.00714479325663175000E+015   3.32556044122402032270E-018
      6978   2.47753173398073100000E+015   3.56173843964049096302E-018
      6979   2.58431881965755750000E+015   3.60761557331401707739E-018
      6980   2.56956704978607850000E+015   4.30206728167549844623E-018
      6981   2.42859712414790700000E+015   3.59451202685525952587E-018
      6982   2.31242488193026000000E+015   2.87743476071919353088E-018
      6983   2.18333897401010775000E+015   4.43476630666516033262E-018
      6984   1.97592012934443725000E+015   5.36946073117044804580E-018
      6985   1.76140078512196025000E+015   4.95144243042555556964E-018
      6986   2.52640963998927100000E+015   3.61263284816138148106E-018
      6987   3.16834779029741750000E+015   2.95094294152148112496E-018
      6988   2.49243604722511950000E+015   4.15125167531073238014E-018
      6989   3.67798708562521000000E+015   4.87046848117073257147E-018
      6990   4.27663124499907650000E+015   3.82878380333226868792E-018
      6991   6.98915568428766000000E+015   2.21356633488130111195E-018
      6992   6.35108924597384600000E+015   1.86550331081512506392E-018
      6993   5.90792492839168000000E+015   2.57354790833191831253E-018
      6994   7.26558377508835000000E+015   2.81718989130439872306E-018
      6995   1.40087794061512380000E+016   2.26161867047147747072E-018
      6996   1.50927542684738900000E+016   2.24145596359694875954E-018
      6997   1.12585445281095360000E+016   2.91028001341975040096E-018
      6998   1.65949343469242320000E+016   1.70100314072146190917E-018
      6999   2.15291111864608400000E+016   1.40849818422839071355E-018
      7000   2.72205829451045800000E+016   1.27172532096635414724E-018
      7001   2.23445662987515320000E+016   2.17354707261454521668E-018
      7002   3.51144443184232160000E+016   1.50669272888724520244E-018
      7003   5.22478685565711200000E+016   1.07308690123057703597E-018
      7004   7.47029594080015360000E+016   8.39351075923153882693E-019
      7005   9.65266941251234400000E+016   6.71328389691956250891E-019
      7006   1.07837813364221808000E+017   6.68916692667437115086E-019
      7007   1.02716925456468208000E+017   7.08970209031935062062E-019
      7008   7.99707352522960640000E+016   8.41824571903974420364E-019
      7009   1.24559615552257936000E+017   6.47650406008668865142E-019
      7010   1.45752928545647264000E+017   6.36935630447751592565E-019
      7011   1.18386711178679440000E+017   8.56155608505481819324E-019
      7012   1.31131187395529328000E+017   8.04420534270487135024E-019
      7013   1.70189288117871424000E+017   5.18688826868317490329E-019
      7014   1.86334298906411584000E+017   4.40136215002780950761E-019
      7015   1.98835579720597760000E+017   4.02549109027287700709E-019
      7016   2.10573676479225088000E+017   3.08456481198865556399E-019
      7017   4.40626373722355456000E+017   2.23680850201961151301E-019
      7018   4.83218073135055616000E+017   1.97407212881485188087E-019
      7019   4.89270452071204928000E+017   1.88207285649018797635E-019
      7020   4.50253983583247808000E+017   9.73173816058845634440E-020
      7021   5.21567161932114560000E+017   1.87747395439861617738E-019
      7022   5.89527712712816128000E+017   2.10282760509763999876E-019
      7023   5.44898679532995840000E+017   2.89045312215512068307E-019
      7024   4.82055323315285248000E+017   3.03577847165141694972E-019
      7025   3.89501084193668608000E+017   2.81915707644308082940E-019
      7026   4.08277524836611840000E+017   3.13568103571357160794E-019
      7027   3.23380843533897472000E+017   4.12974734969290627538E-019
      7028   2.59915866477275616000E+017   4.19078823468230149232E-019
      7029   2.48188924721044160000E+017   3.72340324512141579721E-019
      7030   1.85512668066465344000E+017   5.31224354869154331789E-019
      7031   1.39600279500756224000E+017   7.23235906099336309456E-019
      7032   1.38295129282079296000E+017   6.63304713183225475213E-019
      7033   9.37544317199126080000E+016   7.74075506002808176270E-019
      7034   8.23861067994734880000E+016   7.77375589820887520761E-019
      7035   7.34079298379340320000E+016   9.67285375951178340017E-019
      7036   1.00143990727827920000E+017   8.95146632770242669590E-019
      7037   8.07816561640945440000E+016   1.14049091824001599618E-018
      7038   7.04058782676530160000E+016   1.07069029462332703336E-018
      7039   4.07187875632050640000E+016   1.76390764579163810531E-018
      7040   3.26575365849015960000E+016   2.01542536164972770002E-018
      7041   2.61180184696837480000E+016   1.89969005349371133236E-018
      7042   2.34725041056069600000E+016   1.64293224345942788243E-018
      7043   1.92709870171322440000E+016   2.05068186015832931482E-018
      7044   1.66378588232763380000E+016   2.21232212429024854586E-018
      7045   1.57502152428771920000E+016   2.20687927344168040088E-018
      7046   1.15713622567796260000E+016   2.39250098543364031435E-018
      7047   1.19985694625979440000E+016   2.27260571607143068981E-018
      7048   8.58457820154061500000E+015   2.89916260526518373020E-018
      7049   6.69218904234921500000E+015   3.15402853085794240629E-018
      7050   6.04925733952043600000E+015   2.95980548064704937059E-018
      7051   5.08265201523845200000E+015   2.24458822023807025656E-018
      7052   4.25610435430289000000E+015   2.17013794742666122577E-018
      7053   4.38320656977656400000E+015   2.48550743072197047235E-018
      7054   3.85936089526205900000E+015   2.35247063784320470907E-018
      7055   3.48482778853804400000E+015   2.52026569770699621921E-018
      7056   3.31672918366942950000E+015   3.69844400051627209292E-018
      7057   3.40368183772457350000E+015   4.05624583252281059402E-018
      7058   3.13715634741230250000E+015   4.51848116171064798463E-018
      7059   2.47676019096511450000E+015   5.20113656009836417329E-018
      7060   2.71255856771652600000E+015   5.95794023598248837888E-018
      7061   2.83199455138464800000E+015   6.06331688592936814108E-018
      7062   2.11655648163206200000E+015   5.32335060701765157415E-018
      7063   2.06225388688101500000E+015   5.07712695454129911598E-018
      7064   2.06252550898908650000E+015   3.62589681419118317398E-018
      7065   2.21197780785842700000E+015   2.91876730788864164024E-018
      7066   1.63707590179977550000E+015   5.20883963997751390661E-018
      7067   1.34653731833027025000E+015   5.23661795482326331152E-018
      7068   1.34850456688816225000E+015   3.14573833142455281170E-018
      7069   1.87835786141590800000E+015   2.89898853041247065754E-018
      7070   1.55687606519781325000E+015   5.16720865906416594310E-018
      7071   1.47782315773086425000E+015   3.99104722034549313509E-018
      7072   1.39800400996543875000E+015   4.08125703441608634212E-018
      7073   1.52821527258326875000E+015   4.97847859718126233879E-018
      7074   1.42769788166658150000E+015   3.58369889374275965546E-018
      7075   1.38278996020212375000E+015   3.82714385237797852609E-018
      7076   2.18730959125856025000E+015   2.97858214954088127227E-018
      7077   1.82777262508545900000E+015   3.88287799233124077504E-018
      7078   1.19176801998906275000E+015   4.03704712305072670807E-018
      7079   2.09087424047193375000E+015   3.65163332240794187849E-018
      7080   2.49710784234904550000E+015   3.42186637996988794643E-018
      7081   4.25327480360056350000E+015   2.56566987120192442340E-018
      7082   3.60114558317152650000E+015   1.72343179558005349698E-018
      7083   1.87565418468153750000E+015   1.89117653379644044599E-018
      7084   2.18211572195698425000E+015   4.94201883871680585339E-018
      7085   2.18273432701398575000E+015   6.60702659621082929113E-018
      7086   1.27571391869838925000E+015   5.57322126955142657699E-018
      7087   1.18256607654648200000E+015   5.81997893642998377026E-018
      7088   1.18642663169757450000E+015   5.65658620640124914323E-018
      7089   1.16389550022397450000E+015   6.66668336140523141631E-018
      7090   1.57894488520271675000E+015   5.97961496642834297437E-018
      7091   1.37099523122830075000E+015   4.42491176494901149858E-018
      7092   9.18649638897214000000E+014   4.16872782074959266238E-018
      7093   1.85032647273008525000E+015   3.81078189788749720109E-018
      7094   1.66096093317898200000E+015   5.90257380628832074550E-018
      7095   1.43543917311636700000E+015   4.31095743151880567230E-018
      7096   1.48851028494176975000E+015   5.55259606450823351877E-018
      7097   1.29464280437021175000E+015   5.65969803732229231499E-018
      7098   1.48870094424445050000E+015   4.41577343517290134984E-018
      7099   1.82905505426709600000E+015   2.88612898808601256551E-018
      7100   1.19386520422527900000E+015   7.87467767178681693460E-018
      7101   7.94397778413898750000E+014   7.02546123507638114868E-018
      7102   1.44704753213721700000E+015   3.29022144084602850522E-018
      7103   1.41812032569555500000E+015   3.46214150418691393505E-018
      7104   1.05619650607679362500E+015   3.98631582251569795782E-018
      7105   7.68871352979326875000E+014   5.02146776406647978755E-018
      7106   8.84100353939436250000E+014   6.07768212521938507431E-018
      7107   9.68398875031152000000E+014   3.86408708989187988089E-018
      7108   9.11710145308648875000E+014   3.09042534250433589961E-018
      7109   1.22241226639181275000E+015   3.02422401620002009547E-018
      7110   1.16954406189107375000E+015   5.35122051201195080511E-018
      7111   1.21281084253646225000E+015   4.51957221738773008903E-018
      7112   7.10293711254213875000E+014   5.50211462492908048657E-018
      7113   1.44641113222841600000E+015   3.98638008622938750165E-018
      7114   1.14202544224222025000E+015   3.62408104080139505216E-018
      7115   7.37123345103570250000E+014   6.30565677197331935414E-018
      7116   1.04690135324496000000E+015   4.95393303727727651849E-018
      7117   1.00276101947778125000E+015   5.06959493972789884749E-018
      7118   1.20420534810242525000E+015   4.24383136730042135313E-018
      7119   7.12822902260506125000E+014   3.21349116447463107303E-018
      7120   6.56585688953377625000E+014   5.26897444542142372488E-018
      7121   8.38495807330804500000E+014   5.80621301940424394357E-018
      7122   9.11422431482880750000E+014   6.16917385754712011803E-018
      7123   4.80814915531949500000E+014   5.98294099963620721270E-018
      7124   1.23328669110250025000E+015   2.99260318855831049511E-018
      7125   8.05456706160816750000E+014   5.38758591351330825669E-018
      7126   6.56025576499872500000E+014   5.83066116587735849287E-018
      7127   1.12058581806497425000E+015   5.85959958820432917707E-018
      7128   9.17530881599326875000E+014   4.55677138950709754739E-018
      7129   6.91096392600776250000E+014   4.78868631809118072823E-018
      7130   8.54325770580753125000E+014   3.22663638703049472542E-018
      7131   5.22972446972310062500E+014   3.74387643047725131574E-018
      7132   5.01389948075910250000E+014   4.06575767729540483513E-018
      7133   4.85146422683880125000E+014   3.25464208959608554983E-018
      7134   4.62082310268459000000E+014   5.73192459056608052750E-018
      7135   3.53872560491509937500E+014   5.01100872332903237251E-018
      7136   4.69473697516023812500E+014   2.46883769542796533806E-018
      7137   8.42560416421436625000E+014   5.50530036906625057593E-018
      7138   5.34904413356816437500E+014   5.64673513511345888435E-018
      7139   5.32833227275404250000E+014   5.80007880869921124326E-018
      7140   5.02890270431250687500E+014   4.33696172967077396696E-018
      7141   3.95054795568786000000E+014   5.53250489441219069980E-018
      7142   5.39565705598774375000E+014   4.69444464049577215172E-018
      7143   4.19609894672100625000E+014   6.89034378006568779592E-018
      7144   4.49321973215181000000E+014   6.65626775427252586068E-018
      7145   4.06889935530237812500E+014   6.60759487401631682732E-018
      7146   1.98754854570601625000E+014   7.77712746854202328800E-018
      7147   4.25801025932552500000E+014   5.79340630556196181272E-018
      7148   7.64874152843129000000E+014   4.57011219611542975689E-018
      7149   8.81676343990600875000E+014   3.22927718635214353157E-018
      7150   7.37654802487560625000E+014   6.91315045752815701878E-018
      7151   6.15209696940226125000E+014   7.47978810506828126079E-018
      7152   4.35238005780957875000E+014   5.89401131980139489615E-018
      7153   5.41179880347055812500E+014   7.57157744150080857968E-018
      7154   4.87381645601378125000E+014   4.19104693227448057981E-018
      7155   7.37769148596634500000E+014   3.72491011244903346743E-018
      7156   4.40105731658338375000E+014   9.37693597955413580230E-018
      7157   2.95678248990973000000E+014   9.56062358788998854256E-018
      7158   6.91160809766027000000E+014   4.46729825233143275526E-018
      7159   9.22834971793146125000E+014   3.90692439524644776981E-018
      7160   1.08558113102882925000E+015   4.13725150186309312722E-018
      7161   1.13841008917202000000E+015   4.45804329737307236130E-018
      7162   9.78269308685773500000E+014   2.95466530277842395332E-018
      7163   7.57028099413114875000E+014   2.72078574528980843031E-018
      7164   7.15152940314699250000E+014   4.00076954058335890207E-018
      7165   6.96383403747732750000E+014   4.53597988577012840637E-018
      7166   8.20865709191727125000E+014   6.34350269634061117396E-018
      7167   9.22370005480001125000E+014   5.20761267826941894411E-018
      7168   7.12305196590771250000E+014   6.21232316516075166477E-018
      7169   8.06818403108191125000E+014   4.86518307273748516380E-018
      7170   8.47601524609504625000E+014   3.43050833486092049682E-018
      7171   8.50463307711642000000E+014   5.14486228008983023898E-018
      7172   6.10437734792879000000E+014   4.71087347915692741558E-018
      7173   5.76880344208586500000E+014   3.31154662033773365858E-018
      7174   1.01346807467601825000E+015   3.87600002152809424370E-018
      7175   7.96811597282845125000E+014   4.23197841523737181904E-018
      7176   6.08799434476561750000E+014   5.32108264905577592181E-018
      7177   5.89563735916213625000E+014   4.88117349110660759476E-018
      7178   7.33905858693794750000E+014   7.11996308130889827293E-018
      7179   3.59071273857425687500E+014   9.72871684152942810093E-018
      7180   5.63409380878989625000E+014   4.59220302383880666536E-018
      7181   9.58946107614348125000E+014   2.81056273801282518966E-018
      7182   6.60097569916406125000E+014   3.91731425666196609167E-018
      7183   5.54749225371028625000E+014   4.77023681832914522372E-018
      7184   4.22561665487897437500E+014   7.08945254550725167870E-018
      7185   8.56790572049550750000E+014   6.04643697555514582084E-018
      7186   1.15310440273093700000E+015   2.17671773910686429663E-018
      7187   8.80179828041340000000E+014   3.62718652023665100605E-018
      7188   7.85889342518738750000E+014   4.87121315194016216664E-018
      7189   9.94252633922961000000E+014   5.29245355955752667284E-018
      7190   1.12197895209599537500E+015   4.66811932235578908288E-018
      7191   1.61391050033833175000E+015   3.31995734597030066146E-018
      7192   1.24122397183191550000E+015   4.11677405110871022102E-018
      7193   1.28805653721658950000E+015   5.18429081928827845835E-018
      7194   2.03156023212786475000E+015   3.84385824714141997335E-018
      7195   1.26818145086279225000E+015   3.13291607670722087291E-018
      7196   1.38453370782315200000E+015   3.10512390678603991803E-018
      7197   1.65253753185959750000E+015   3.04296004220467798548E-018
      7198   1.79765027768360475000E+015   3.74722078663586741964E-018
      7199   1.73168359360126925000E+015   2.39321978961541954568E-018
      7200   1.48511220247945825000E+015   2.11033370508165294680E-018
      7201   7.53416596656280625000E+014   4.72875760901854617768E-018
      7202   7.62757470919543125000E+014   6.44192255914615924961E-018
      7203   6.89325392120285500000E+014   5.93155387351521439307E-018
      7204   7.71282065485101625000E+014   4.37794370348730295020E-018
      7205   9.50047769640441000000E+014   3.72955831317063134912E-018
      7206   9.53904422937162000000E+014   4.08146784468354182682E-018
      7207   7.64616830270688500000E+014   3.93856846462410581384E-018
      7208   8.58748134230062000000E+014   4.76669267014249998094E-018
      7209   1.12970162967597850000E+015   4.90356526239087807937E-018
      7210   1.19761587662436750000E+015   5.44723403024897324573E-018
      7211   1.21537528785890225000E+015   4.76212545253995023746E-018
      7212   1.03913369483598825000E+015   2.93132400839149997077E-018
      7213   1.24034247517390250000E+015   4.20282385470175782555E-018
      7214   1.24594605442790250000E+015   3.83093889542548031939E-018
      7215   1.68112632848436250000E+015   3.22744446572086644168E-018
      7216   2.11835326260337600000E+015   2.82440283848549849764E-018
      7217   1.36065583028233825000E+015   2.00821707601330409596E-018
      7218   1.28351662547111950000E+015   1.69410351487286065235E-018
      7219   1.98112876729895300000E+015   3.07530824228310525958E-018
      7220   2.00369647254819500000E+015   2.26514744794046953972E-018
      7221   1.94178505120172275000E+015   2.17759501911263834369E-018
      7222   2.04192639089812975000E+015   2.06058800884008866541E-018
      7223   1.93476998884710550000E+015   3.39962409851699413476E-018
      7224   1.27480678060980000000E+015   5.12530292085679404607E-018
      7225   1.82962566483810725000E+015   3.51009823467669199380E-018
      7226   1.92879399911287350000E+015   3.00766603653308358400E-018
      7227   1.91122215178052475000E+015   3.46268185845408187817E-018
      7228   1.89789012971344100000E+015   4.91497555351826289598E-018
      7229   2.09329711263379700000E+015   4.29993085673527685983E-018
      7230   2.08027953980364250000E+015   2.48911879987002362859E-018
      7231   2.19283001261416400000E+015   3.05993835006260122209E-018
      7232   2.38808848610155200000E+015   3.70333858015542458215E-018
      7233   2.95754715960892550000E+015   3.55827620485828693266E-018
      7234   2.99776248625551000000E+015   4.17985770065005644143E-018
      7235   3.24591281363089400000E+015   3.53707521160878172052E-018
      7236   2.29964557510108000000E+015   3.37159132663477612867E-018
      7237   2.05624127901045650000E+015   3.73979926753600805514E-018
      7238   3.15193180662317900000E+015   4.13003937223772748257E-018
      7239   3.85460197725505300000E+015   3.39248958944486891625E-018
      7240   4.87589960464482200000E+015   2.87156981098845660951E-018
      7241   7.04444195198100100000E+015   2.01796544665689997144E-018
      7242   5.38940536573353400000E+015   2.64239988810156499997E-018
      7243   3.97544544548238200000E+015   3.86625432024347795305E-018
      7244   9.38638025875154800000E+015   3.12387071807533305562E-018
      7245   1.67492866920062560000E+016   1.78329399834838239518E-018
      7246   2.61980636317668840000E+016   1.98206975262674442691E-018
      7247   2.36544808194148480000E+016   2.02044294319150834887E-018
      7248   2.56565567798884040000E+016   1.63252572827091719728E-018
      7249   2.34991032289689800000E+016   1.90102170282267729903E-018
      7250   4.00732286435958880000E+016   1.43400576166402774254E-018
      7251   4.06518415775687760000E+016   1.48446848903536810036E-018
      7252   5.68131150230135360000E+016   1.15106791171824156871E-018
      7253   7.12633239242732960000E+016   9.33362665482447240127E-019
      7254   8.51737948616487040000E+016   7.87170351254564102542E-019
      7255   1.47618565815316224000E+017   6.56035471819423292376E-019
      7256   1.77282464890042688000E+017   4.98890021916265757677E-019
      7257   1.48302589638450848000E+017   7.01292804631985803226E-019
      7258   1.56908935161216384000E+017   6.90230889065139031475E-019
      7259   2.29202920254837056000E+017   5.29592155561951112032E-019
      7260   1.49506234851165568000E+017   9.10624475443059667856E-019
      7261   1.54631659502968800000E+017   8.66516188448634864599E-019
      7262   1.80625303563078976000E+017   5.28979271394340656695E-019
      7263   2.55848608004256384000E+017   3.17298574456778912830E-019
      7264   3.25053592942301248000E+017   2.86674852061012950796E-019
      7265   3.14743270782087232000E+017   2.44835475061174116615E-019
      7266   4.08342697095297792000E+017   1.89198880742491093388E-019
      7267   5.50804100097235328000E+017   1.56500568626667959673E-019
      7268   5.55983549246316544000E+017   2.04823305145193575803E-019
      7269   5.33764547684433024000E+017   2.56058327263062649039E-019
      7270   5.57923174320984832000E+017   2.44455183776272131584E-019
      7271   3.84035088914655360000E+017   2.73717515692724922816E-019
      7272   3.03283712463385216000E+017   3.71353235079543005963E-019
      7273   2.33046207151395968000E+017   5.31253705039617428743E-019
      7274   2.21603496139929216000E+017   4.74046380622175300602E-019
      7275   1.52464097942140160000E+017   7.09218684753958120613E-019
      7276   1.29926461195751168000E+017   7.72233403932974673518E-019
      7277   1.19352771135541216000E+017   8.17168110093125268218E-019
      7278   1.54963504082368992000E+017   6.18066295141478998444E-019
      7279   1.40096695783868400000E+017   5.72623802179379546145E-019
      7280   8.62765773324448160000E+016   7.26665266997676991934E-019
      7281   5.83132498984843680000E+016   1.07697931183106204993E-018
      7282   4.18901897999209680000E+016   1.55362878580621254627E-018
      7283   3.06834132556532640000E+016   1.49394976506082741967E-018
      7284   2.77974007779428880000E+016   1.42129835761612426089E-018
      7285   2.15520336425066280000E+016   1.82971640140647888899E-018
      7286   1.86607824824596240000E+016   2.90490379261848729865E-018
      7287   1.60892394348914780000E+016   2.79853080894977295693E-018
      7288   1.52598388750830620000E+016   2.45208875642565488798E-018
      7289   1.73190224090784380000E+016   2.44811069500324104208E-018
      7290   1.22069187419215120000E+016   2.95597795207579738152E-018
      7291   8.60880843289377800000E+015   3.01442340188263540162E-018
      7292   7.49655092057769800000E+015   2.76010491286445156387E-018
      7293   5.83052501061303800000E+015   2.56350288183300359230E-018
      7294   4.94124710360661500000E+015   2.32030892624093232836E-018
      7295   4.41120472003319900000E+015   2.35004217326252968981E-018
      7296   4.40993324930680400000E+015   2.54619690361387375596E-018
      7297   4.39935178371224600000E+015   2.54266101900963318092E-018
      7298   4.63709567245977700000E+015   2.46082362203541050657E-018
      7299   4.34747415223760400000E+015   2.59032400436789840332E-018
      7300   4.41488010258769150000E+015   2.91807128217801734484E-018
      7301   4.42810656866907700000E+015   3.22081371842277509416E-018
      7302   3.38009348112501200000E+015   2.79525688203292851686E-018
      7303   2.83457316021749850000E+015   2.80996417330678197617E-018
      7304   2.74262618252895500000E+015   5.33352878305179704524E-018
      7305   2.84829924118413750000E+015   6.10118805477738500703E-018
      7306   2.60010124397765600000E+015   5.68099712715130853152E-018
      7307   1.61861176489367775000E+015   5.76905029099479514274E-018
      7308   1.78014043331461450000E+015   4.06375000228787423913E-018
      7309   2.35902310726907950000E+015   3.61090917959858411598E-018
      7310   2.45696084178722700000E+015   4.69727466489568030211E-018
      7311   1.42935551508460550000E+015   4.80851868969028722519E-018
      7312   1.57285209923039400000E+015   4.44024388393158219026E-018
      7313   1.81512822617190775000E+015   3.29867508542619876276E-018
      7314   1.20893674623935275000E+015   5.98735004092593809405E-018
      7315   1.26956368495128925000E+015   3.71141755352213788069E-018
      7316   1.68772753170417175000E+015   4.05796878404684583976E-018
      7317   1.29361929103071200000E+015   3.92438406604290940110E-018
      7318   8.49322233607112875000E+014   5.27192649789243927188E-018
      7319   1.74025430114594825000E+015   4.18047992816416118593E-018
      7320   2.42216288594806800000E+015   3.53490399050699263422E-018
      7321   1.78404386172137475000E+015   5.45837211069045154899E-018
      7322   1.38656439611361525000E+015   5.43156200465229073654E-018
      7323   1.85517775836540350000E+015   3.57247319744425726589E-018
      7324   1.74136229598550900000E+015   4.62377804576590712197E-018
      7325   4.15898464865972600000E+015   2.96517376114830242419E-018
      7326   3.75596093408306700000E+015   2.31892616113121863043E-018
      7327   4.04239524695921250000E+015   2.17238178089352613896E-018
      7328   2.91436520088154550000E+015   4.75956739959066182014E-018
      7329   1.90763076627715600000E+015   5.82491763728791893232E-018
      7330   1.05772593063710825000E+015   5.94204862568906306260E-018
      7331   1.60154816440592200000E+015   4.44087165070267928553E-018
      7332   1.43994944880865200000E+015   4.86334659373281847795E-018
      7333   1.23271040193732650000E+015   8.07138251735349944225E-018
      7334   8.77377930578601875000E+014   6.85608795405091122749E-018
      7335   1.32637048287616550000E+015   3.01281412765092788246E-018
      7336   1.37795855557724575000E+015   3.10467650459771443748E-018
      7337   1.06193096693464037500E+015   3.72660928725632242971E-018
      7338   1.86797993554646300000E+015   5.04443259198040060897E-018
      7339   1.83226519135727875000E+015   4.40553759941704334142E-018
      7340   1.69983595200746650000E+015   5.31607422493994942328E-018
      7341   1.56524854117163375000E+015   5.97604433520956254620E-018
      7342   1.68763098279823775000E+015   5.04258157425611893914E-018
      7343   1.78320014134468675000E+015   3.49548295541369124477E-018
      7344   1.06752513337102000000E+015   5.16709737794215185124E-018
      7345   8.61857585758808000000E+014   7.39637442651615945140E-018
      7346   1.39877791987008550000E+015   2.92322835367960171278E-018
      7347   1.46392775119690725000E+015   3.84679365251857879682E-018
      7348   1.12304719786412312500E+015   4.80450658136048374968E-018
      7349   1.05145200408619400000E+015   5.37213000445067165487E-018
      7350   9.83116672525069625000E+014   5.60516163707640629166E-018
      7351   1.11226526902522275000E+015   4.57947887295111048800E-018
      7352   9.21892752671094125000E+014   3.73285303909666388752E-018
      7353   1.24809771872458525000E+015   2.55512618245427636974E-018
      7354   9.29274362499605375000E+014   5.39119361007651783737E-018
      7355   1.22373470295000950000E+015   5.81070267218209110912E-018
      7356   1.14744526381560550000E+015   4.00624681869107579339E-018
      7357   1.09665319601374375000E+015   4.34851791616798202628E-018
      7358   1.54429912456881950000E+015   3.89238612838254487136E-018
      7359   7.96828767473489750000E+014   4.59333842865744632299E-018
      7360   8.56120277122979125000E+014   6.53193746476900211471E-018
      7361   1.09389478691128775000E+015   5.33662623547432249802E-018
      7362   1.05774736648800787500E+015   5.30093520671152223138E-018
      7363   1.25579868322864850000E+015   3.59304761307003430695E-018
      7364   9.84212923389042250000E+014   3.70446840647940086387E-018
      7365   1.00411761356361137500E+015   4.93539095004100178941E-018
      7366   1.32736717509167600000E+015   4.01330642903740478700E-018
      7367   1.15623553653618775000E+015   4.89472162903607843734E-018
      7368   1.05870638841215487500E+015   3.13279573328935544604E-018
      7369   1.39098644302666300000E+015   3.02254839422066526424E-018
      7370   8.17042319225597000000E+014   4.82238441851466643889E-018
      7371   1.04786617594154550000E+015   5.25928113931931261325E-018
      7372   1.12428158330859325000E+015   5.16397686428144253456E-018
      7373   9.71052775847575500000E+014   4.28375743017383544453E-018
      7374   1.06571019198210612500E+015   3.23061049032672743473E-018
      7375   7.05703029543183625000E+014   3.94282827796980295505E-018
      7376   5.98752713255677750000E+014   4.88513305968558700436E-018
      7377   6.05448893582519000000E+014   4.49888944990011078147E-018
      7378   5.57049195899297687500E+014   3.77132006078109677978E-018
      7379   5.57793868102557500000E+014   5.74271092234996621144E-018
      7380   6.74996081956107375000E+014   4.08581350315775686597E-018
      7381   8.93824587986810250000E+014   4.18699307066312972072E-018
      7382   1.04248113109871500000E+015   6.15292866884581885967E-018
      7383   8.76413460789938250000E+014   6.27996932572325334067E-018
      7384   4.83320664963807687500E+014   5.10772447799978077260E-018
      7385   2.43569147041380562500E+014   6.21007005814260378673E-018
      7386   5.82896353714517125000E+014   5.56566920309368997541E-018
      7387   5.12117468563175687500E+014   5.45375501747926469142E-018
      7388   3.95459623840504437500E+014   6.26645887571870041569E-018
      7389   4.11095019221678687500E+014   5.92051210659969830067E-018
      7390   2.18714154037642906250E+014   7.37807514756920887240E-018
      7391   3.16396257321498875000E+014   5.98489610709780419262E-018
      7392   7.02069513035919750000E+014   5.03344679183067032355E-018
      7393   8.70461884879402375000E+014   3.22616559370749666530E-018
      7394   7.13515646801638875000E+014   5.15502667190018304421E-018
      7395   6.72869155165555750000E+014   7.98489662935438747822E-018
      7396   6.10233196913739375000E+014   7.58613158640329636444E-018
      7397   5.42734609186313875000E+014   8.31990727793388189997E-018
      7398   3.97375239633534937500E+014   5.56710907820105694233E-018
      7399   8.12326464744016625000E+014   4.91671627511479858735E-018
      7400   5.47846846894583375000E+014   8.58633103030093834001E-018
      7401   2.56024648051830000000E+014   1.01459646791515605157E-017
      7402   5.02333037202032250000E+014   5.16679389264539540611E-018
      7403   1.10915251749385987500E+015   3.10085211887732837613E-018
      7404   1.06979859368132937500E+015   4.39819339638074612104E-018
      7405   9.32248703582592875000E+014   5.06054300292385589689E-018
      7406   9.46333770304411750000E+014   3.91038039489222373093E-018
      7407   8.15617481599838000000E+014   2.64125180853530612192E-018
      7408   7.51745956095878375000E+014   4.03469427825186069654E-018
      7409   7.39793874141230125000E+014   4.30516234774221767563E-018
      7410   5.77521719315453875000E+014   6.82889771262666446543E-018
      7411   6.98964001857932625000E+014   6.35011702697344620306E-018
      7412   1.03351662179885612500E+015   4.32259509333804903131E-018
      7413   9.49734527602121000000E+014   5.25010289416482048137E-018
      7414   7.84929636700220500000E+014   4.21496101806580997961E-018
      7415   8.98344481208424500000E+014   4.92638864845197324462E-018
      7416   6.80037636945430875000E+014   5.28948917298008677328E-018
      7417   4.90837908127087937500E+014   3.82109693905131026422E-018
      7418   8.30200364074571000000E+014   3.52522676484199650692E-018
      7419   9.70092751316478250000E+014   4.15725379932327625196E-018
      7420   7.68915863022026250000E+014   4.64352960077517972983E-018
      7421   5.91133947759349750000E+014   6.07948295334025690820E-018
      7422   7.51610879149977625000E+014   5.45062323113642130345E-018
      7423   4.61401992019797062500E+014   7.93105155072579066845E-018
      7424   5.72367466981398875000E+014   5.33999865229397120584E-018
      7425   9.02939571972737875000E+014   3.28213083243002161768E-018
      7426   8.00242419373642750000E+014   3.47834548918586132403E-018
      7427   6.48778486452119250000E+014   4.43319164090023117624E-018
      7428   4.23074640413842500000E+014   6.59676213976467701971E-018
      7429   8.37314629601226250000E+014   6.24582239836479966116E-018
      7430   1.21278348589818975000E+015   2.88889434108777635889E-018
      7431   9.00050123878560250000E+014   4.00364627127815875724E-018
      7432   6.60139017306420000000E+014   5.50468721116655868852E-018
      7433   1.02747150250349350000E+015   5.37630020483178046196E-018
      7434   9.95716097279342500000E+014   4.40717296254204156983E-018
      7435   1.06165490518041650000E+015   4.53425214865353460809E-018
      7436   1.42756832761041200000E+015   3.02993178358555876883E-018
      7437   1.60269899438906000000E+015   4.39243021392278549209E-018
      7438   1.86104908137385525000E+015   3.18213535448109929594E-018
      7439   1.28579556699929525000E+015   3.87731628296630264188E-018
      7440   1.44269525935303025000E+015   3.47737364986072691480E-018
      7441   1.61368918463271350000E+015   3.75002194111597397005E-018
      7442   1.61517075643784650000E+015   3.53061443799586272671E-018
      7443   1.74448602283763950000E+015   3.10211417895117691482E-018
      7444   1.25859160164516025000E+015   1.85078466542155152456E-018
      7445   8.74468511300445875000E+014   2.12993001661168283308E-018
      7446   6.98318448603638750000E+014   5.41666479297631291447E-018
      7447   7.55780520079954125000E+014   5.52713695635389698458E-018
      7448   9.33662723583229875000E+014   4.15397728044003338111E-018
      7449   6.52607291387121750000E+014   3.41723070800225355765E-018
      7450   6.08261688642879750000E+014   5.93468374298686201344E-018
      7451   1.18424838396692650000E+015   4.74088672729535965883E-018
      7452   1.28206718054221650000E+015   4.67469159866122311341E-018
      7453   1.10157333669084600000E+015   4.41676111645583691823E-018
      7454   1.06982416001517937500E+015   5.58855028448022008383E-018
      7455   1.39481872891413200000E+015   4.68461331349982211879E-018
      7456   1.20630408945219600000E+015   3.30301930798024453334E-018
      7457   1.13423268822471350000E+015   3.11447850900411188411E-018
      7458   1.39290768629973300000E+015   3.87894538350673956002E-018
      7459   2.15765563822845675000E+015   2.22335566255612574677E-018
      7460   1.81175494154433000000E+015   3.94773308987629213735E-018
      7461   1.13075508566537575000E+015   2.70032227074858689516E-018
      7462   1.07393040008493262500E+015   2.20361052851319700235E-018
      7463   1.53042618348510525000E+015   2.89731669875655113803E-018
      7464   1.63664555409239100000E+015   3.17840526908749234835E-018
      7465   1.95469870343253300000E+015   2.85682079689290702494E-018
      7466   1.92340196578006450000E+015   2.32345425352483659392E-018
      7467   1.50138405449223225000E+015   3.14767947642675750306E-018
      7468   1.76805071742689350000E+015   3.49588380124178268949E-018
      7469   1.68532701358896150000E+015   3.73709420007365433484E-018
      7470   1.76964753196543050000E+015   3.54875443003850071547E-018
      7471   1.27540736562675025000E+015   3.39747581280118057303E-018
      7472   1.70302006169296250000E+015   4.41890585009209638366E-018
      7473   1.85161527302510925000E+015   4.78524143230932900424E-018
      7474   1.36827342419270450000E+015   4.56487793260125058142E-018
      7475   1.44518641638446275000E+015   4.12125534792065441951E-018
      7476   2.21143851847088300000E+015   4.29951842471156389285E-018
      7477   2.54437578123779900000E+015   4.02621821513549741267E-018
      7478   3.02613745337130200000E+015   4.80175720774823764512E-018
      7479   3.10917178500622700000E+015   4.70830337580411071156E-018
      7480   2.62869682251399150000E+015   4.37116862507492907493E-018
      7481   2.99334972642241700000E+015   4.16330167403269438390E-018
      7482   4.04407288745488950000E+015   4.23039601642721779271E-018
      7483   4.51602121592274200000E+015   3.52859684891759648216E-018
      7484   6.00367445721934400000E+015   3.42865704447184161439E-018
      7485   7.06887220472285500000E+015   3.04036608151814308664E-018
      7486   8.31027510272627700000E+015   2.18602627671593131983E-018
      7487   1.02587257929424160000E+016   1.96419294090758925314E-018
      7488   1.02616474819646800000E+016   2.27634142809385605284E-018
      7489   7.63352965240782100000E+015   2.97737545933532934835E-018
      7490   8.83645609164806800000E+015   2.37668950921749605135E-018
      7491   2.14731287315518440000E+016   1.76208143915849931603E-018
      7492   3.99375402982484000000E+016   1.26071074616637164958E-018
      7493   5.01271131716919040000E+016   8.63328454138676789468E-019
      7494   3.19536225628107720000E+016   1.62128691322603592266E-018
      7495   3.93307444260380560000E+016   1.54335123366268037052E-018
      7496   6.81416499212393120000E+016   1.11822269481840007846E-018
      7497   6.92580162630452720000E+016   1.12582087775663420857E-018
      7498   9.11032839061380000000E+016   7.49125853931591173301E-019
      7499   1.05738332579284496000E+017   6.55077709244872848189E-019
      7500   1.65901864180012576000E+017   5.88729284215432335952E-019
      7501   1.87889887237397632000E+017   5.71846857703448453565E-019
      7502   2.34243741739393024000E+017   4.79912473478721514560E-019
      7503   2.15576387875910240000E+017   6.24929587054942687747E-019
      7504   3.10748835268531072000E+017   4.15240204549361123245E-019
      7505   3.08201009648678848000E+017   4.52715459572881813908E-019
      7506   3.30063988248665792000E+017   4.80664486044211043992E-019
      7507   3.24251163941316544000E+017   3.36517245622901127962E-019
      7508   3.34638804077907392000E+017   2.33892205021331137199E-019
      7509   3.39543126926168896000E+017   2.02048512317181706353E-019
      7510   6.91367766261808256000E+017   1.65805417923998333828E-019
      7511   6.49275645830085376000E+017   1.85230524214667595379E-019
      7512   5.71653457925856256000E+017   2.57604707251519956397E-019
      7513   4.05988462325658944000E+017   3.02540075842712623790E-019
      7514   2.71740911731840704000E+017   4.87138200266027245622E-019
      7515   2.26594834932103296000E+017   5.81839960476909988291E-019
      7516   2.36283240579647872000E+017   5.59663767056196569008E-019
      7517   2.42187783456602240000E+017   4.35230449969238686888E-019
      7518   2.29140755635341248000E+017   3.72341522611242081733E-019
      7519   1.32625054736306368000E+017   5.47287093274869096820E-019
      7520   7.81713969118156320000E+016   9.25578263232907622875E-019
      7521   5.24139123372526480000E+016   1.29542751886488335528E-018
      7522   3.68064728674606800000E+016   1.33314249885454788048E-018
      7523   3.62447158844851840000E+016   1.05160468392167356329E-018
      7524   3.00245484004036080000E+016   1.25743187579616286489E-018
      7525   1.71833601799493480000E+016   2.86528766187711238038E-018
      7526   1.82863109762916320000E+016   3.10680699951759263995E-018
      7527   2.09787941137539440000E+016   2.21336835208305870196E-018
      7528   1.90663243447310080000E+016   2.96324586741866603806E-018
      7529   1.44738484924231760000E+016   4.21497053190919333721E-018
      7530   8.78264693975988200000E+015   3.42385728084261173999E-018
      7531   6.45578300974877400000E+015   3.40918633322630779332E-018
      7532   4.66755319605633700000E+015   2.52626318790729793250E-018
      7533   4.09464874913866800000E+015   1.83925432832173556155E-018
      7534   4.06893538363796550000E+015   1.93062926247429440214E-018
      7535   4.08844573260202800000E+015   1.87933640019321464032E-018
      7536   3.25508402709550150000E+015   2.46306429145741981883E-018
      7537   3.11348598761279300000E+015   2.60089892294321847439E-018
      7538   3.59223745724827750000E+015   3.13647077517624990411E-018
      7539   4.13674368539735200000E+015   3.27417892876449065466E-018
      7540   4.77253116447480500000E+015   3.14241181567558041589E-018
      7541   4.47638129175445100000E+015   2.46189588784173596659E-018
      7542   3.62917949903897750000E+015   2.21454018708656251554E-018
      7543   2.82413365974506900000E+015   2.13442139471453241535E-018
      7544   2.81440306405362400000E+015   4.08280053569159035778E-018
      7545   3.26860826892009200000E+015   4.79518403388837501147E-018
      7546   2.52534580450832250000E+015   5.58111261650580048071E-018
      7547   1.84775880119714150000E+015   5.28628348951547514496E-018
      7548   1.63005371537220750000E+015   4.44132073435529501540E-018
      7549   1.65055249014258425000E+015   4.05341680634884930572E-018
      7550   2.35818106211953200000E+015   3.95721166366033878842E-018
      7551   2.05102197877344600000E+015   3.78323992183008245952E-018
      7552   1.74650689623121875000E+015   4.49584885463294745596E-018
      7553   1.54770143402840050000E+015   3.94840118014630317586E-018
      7554   1.28050842268928175000E+015   5.36126839480087475740E-018
      7555   1.24303615807285900000E+015   6.13619657586019796427E-018
      7556   1.46781552883144950000E+015   4.35200742226184753148E-018
      7557   1.57553468711950725000E+015   4.15314333653775313445E-018
      7558   1.17128306819618450000E+015   5.17281660066955493103E-018
      7559   1.20430416915740725000E+015   5.94463180165071422252E-018
      7560   1.49123817521500825000E+015   4.38153701929037604857E-018
      7561   2.25314837162954150000E+015   4.01138799929840353308E-018
      7562   1.61499794347328775000E+015   5.13403662344782509504E-018
      7563   1.67666731137359075000E+015   3.75429449907639459860E-018
      7564   1.55328146199396175000E+015   4.18914173824992331718E-018
      7565   1.66740525572226950000E+015   4.75917477784551236069E-018
      7566   4.07529315160882400000E+015   3.20701045960381955519E-018
      7567   4.54710839854910200000E+015   2.74679898140250247123E-018
      7568   3.18475259310948400000E+015   4.43752979143812398430E-018
      7569   1.22321661189951150000E+015   5.14338866448409018103E-018
      7570   1.07904713451736400000E+015   4.84123951485636866703E-018
      7571   1.58844144589719900000E+015   4.82224113297027906771E-018
      7572   1.39955298578708300000E+015   5.80513509555484690732E-018
      7573   1.38507264101937800000E+015   7.10224943269757107918E-018
      7574   1.14742313308768425000E+015   4.15370491566031177995E-018
      7575   1.02777616767301850000E+015   4.52065959658475874234E-018
      7576   1.16959464995024550000E+015   4.24414385339590046370E-018
      7577   1.64507734938805075000E+015   4.35632612467568672084E-018
      7578   2.20971733158255750000E+015   5.42254629430276315392E-018
      7579   1.55553833272177900000E+015   4.79266842835569331582E-018
      7580   1.85083937501792950000E+015   5.68107495643236740251E-018
      7581   1.79749187774773800000E+015   5.08261448395227123372E-018
      7582   1.61738420774426750000E+015   4.67776929140874782839E-018
      7583   1.37962431886293250000E+015   3.73841998938640609262E-018
      7584   1.00560568021235712500E+015   6.33131128038624169944E-018
      7585   1.25971090069670525000E+015   3.90062031052942861025E-018
      7586   1.09775825192498275000E+015   3.08274052775739757100E-018
      7587   6.95153589975088250000E+014   3.99526171234353635892E-018
      7588   1.04860826283071587500E+015   5.37540768584487575440E-018
      7589   1.03402374514519912500E+015   5.39600145898263071463E-018
      7590   1.30297981413671800000E+015   3.97935866217530836016E-018
      7591   9.36752003505954625000E+014   4.32220191800071362525E-018
      7592   4.97114081392169625000E+014   2.33238910379318297960E-018
      7593   8.97889983571419875000E+014   3.72167117752148435230E-018
      7594   8.33946016748103250000E+014   5.44375526048587749752E-018
      7595   1.04326460822915487500E+015   4.76138330587900231686E-018
      7596   8.44228894237825250000E+014   3.71299686730345930670E-018
      7597   1.49773120133279700000E+015   4.11158835289732830444E-018
      7598   1.48214459854304600000E+015   3.52950069296012302740E-018
      7599   9.87499198957214250000E+014   4.95269606835430928031E-018
      7600   9.96176385195542750000E+014   5.99910209653451336861E-018
      7601   1.07107073674963837500E+015   4.47145816952111343075E-018
      7602   1.56623561980021150000E+015   3.79027538433004132460E-018
      7603   1.53574115470492450000E+015   2.28887656585322987600E-018
      7604   1.10302439618161412500E+015   3.95048461983440694855E-018
      7605   9.29106206792205125000E+014   4.66002022048476497885E-018
      7606   1.05309820979337337500E+015   4.82004427950856486807E-018
      7607   6.52149633692849750000E+014   6.62879519705753256544E-018
      7608   1.07006320010599150000E+015   3.65987146685854987043E-018
      7609   1.24157211026918975000E+015   3.12266003985104642416E-018
      7610   9.54304569960981500000E+014   4.29356523196710774218E-018
      7611   1.23080667266371300000E+015   4.82321494821306524523E-018
      7612   1.40511862717803400000E+015   4.07976351579355360384E-018
      7613   1.39885486502430850000E+015   3.62569757659503619301E-018
      7614   9.79322070794607000000E+014   3.71627830930503698194E-018
      7615   5.31866372888614437500E+014   4.99008541731384736055E-018
      7616   5.94139912665962250000E+014   4.79779767859602553668E-018
      7617   4.90428566116682875000E+014   3.81975148425833848426E-018
      7618   4.42623567398307250000E+014   4.65813729741590893374E-018
      7619   4.54334567142407687500E+014   6.50699381364956462776E-018
      7620   7.11798639282772750000E+014   4.12184700635712965632E-018
      7621   8.64981684825986375000E+014   3.04756901923160570737E-018
      7622   8.31444553304821250000E+014   5.35792240042705105840E-018
      7623   1.15244087200716400000E+015   5.88413863870252853057E-018
      7624   5.99219590578668750000E+014   5.07726405869427562380E-018
      7625   3.25647646011376187500E+014   4.98075064434371154836E-018
      7626   5.18728744401761625000E+014   6.36099059189205596970E-018
      7627   6.54786780948191500000E+014   5.00488815986186580521E-018
      7628   3.52170647856621500000E+014   5.80585775451644233889E-018
      7629   3.94507742512578250000E+014   5.46196884042068693253E-018
      7630   2.22282784498401906250E+014   6.21525697300818250951E-018
      7631   2.68557708761251687500E+014   6.04363907323610094844E-018
      7632   4.23604652665375562500E+014   6.02244498372477031270E-018
      7633   8.42104417466674625000E+014   4.27719696725732488719E-018
      7634   8.26895535279829500000E+014   4.19671391567540174893E-018
      7635   7.96074719282295000000E+014   7.43222742933146050666E-018
      7636   6.54291176187993125000E+014   7.88192279866696980778E-018
      7637   5.00582786013685250000E+014   8.55606722175276112810E-018
      7638   4.42369312015978812500E+014   6.91845204283210971618E-018
      7639   8.12561970970896625000E+014   5.16978302326134319912E-018
      7640   7.59870693278012875000E+014   7.93140136067702996101E-018
      7641   3.01742887949935500000E+014   9.58505453717900657300E-018
      7642   6.40750360848788750000E+014   5.37701638899649197910E-018
      7643   7.74888058954651875000E+014   4.80051082373121397914E-018
      7644   1.00027718614261875000E+015   4.70281433549336885035E-018
      7645   8.42053813416601875000E+014   5.09596163325941694927E-018
      7646   9.66586971865482375000E+014   3.77664913405472004695E-018
      7647   9.18444213206546125000E+014   2.66129144874525465848E-018
      7648   6.78750480676507750000E+014   3.94405543720566490456E-018
      7649   7.76002366226862875000E+014   4.34733098146592435851E-018
      7650   9.22411834272634000000E+014   4.54799616902892226628E-018
      7651   6.09592471071250625000E+014   6.72204180681143834584E-018
      7652   7.82415288368335375000E+014   5.13281147097941729688E-018
      7653   1.24038013580406850000E+015   4.58045836111041791231E-018
      7654   1.09635011958277937500E+015   3.74838437942489082382E-018
      7655   8.03252650099948875000E+014   3.57234930715377770332E-018
      7656   1.11009143400347600000E+015   4.45260061406524576118E-018
      7657   4.97480570480912187500E+014   4.24942708024326004206E-018
      7658   6.58298435909523750000E+014   2.93585690247437632449E-018
      7659   8.67631624656158250000E+014   3.21951264072078555439E-018
      7660   8.22350836103305625000E+014   4.24086257499070626637E-018
      7661   7.18612385447422250000E+014   5.71169156161377118766E-018
      7662   7.32103510624808875000E+014   5.94582759921851508388E-018
      7663   5.86381181703938000000E+014   5.66897918606678118128E-018
      7664   6.17701126607142875000E+014   4.78860842406181467073E-018
      7665   8.72725935399533625000E+014   3.11443887124341072185E-018
      7666   9.14724409544133625000E+014   2.56582217487713823834E-018
      7667   7.41319479266095125000E+014   4.01047415262362019974E-018
      7668   5.18712483464536625000E+014   5.75062197335298283275E-018
      7669   9.22665984731883375000E+014   5.48662811501442618338E-018
      7670   1.24383937224853575000E+015   2.89260835804585677093E-018
      7671   1.00068321002162250000E+015   3.50861386918390796771E-018
      7672   9.79033430003764875000E+014   4.75984490168839176164E-018
      7673   1.21742286210981200000E+015   4.41065980384747433038E-018
      7674   1.11542311853686300000E+015   3.93886714064820694966E-018
      7675   1.07113755422244962500E+015   3.62234778523828853167E-018
      7676   1.60337860499996225000E+015   2.69118470025221698694E-018
      7677   2.14974818017493250000E+015   3.38245352892219715233E-018
      7678   2.02222882899320900000E+015   3.07633585064339219883E-018
      7679   2.07203429027390100000E+015   2.57315306735454197082E-018
      7680   2.07654746429432100000E+015   3.32099582371217953179E-018
      7681   1.70230279736075200000E+015   4.19793990060910684515E-018
      7682   7.19983930564835125000E+014   3.49893195868039302273E-018
      7683   2.03885403937542575000E+015   2.37389204375190463115E-018
      7684   1.41821820913680700000E+015   2.67430300303739429740E-018
      7685   1.02271667899393887500E+015   2.34704385836669473785E-018
      7686   6.76998375268031250000E+014   5.40859244446754383342E-018
      7687   8.44872999739616500000E+014   6.30057876929240250278E-018
      7688   1.15846686136131150000E+015   3.81356223438115863481E-018
      7689   8.34792382686093500000E+014   3.09967573492691965369E-018
      7690   3.65422531040813750000E+014   4.34168894115199928728E-018
      7691   6.74394904083875000000E+014   5.98559271901085660937E-018
      7692   1.53509220520714675000E+015   4.82421611971914105324E-018
      7693   1.41240374497133775000E+015   3.80016806491510758028E-018
      7694   8.32727037217695625000E+014   6.56134212067995380275E-018
      7695   1.42236804695530600000E+015   5.48460566220859503874E-018
      7696   1.71585054570101625000E+015   3.41685156130355468640E-018
      7697   1.30618865376813850000E+015   2.80344554886637220568E-018
      7698   1.68173772037011525000E+015   3.22802270891803510780E-018
      7699   1.92045031353027575000E+015   2.36765128877180748359E-018
      7700   1.38116669634655300000E+015   3.99614094516869116481E-018
      7701   7.59696850562783250000E+014   4.27924566898531847906E-018
      7702   8.53866934368813000000E+014   2.60977736595328212653E-018
      7703   1.37182793161495350000E+015   2.70852682569714642094E-018
      7704   1.08073211660573550000E+015   3.93917424204455006177E-018
      7705   1.47660629875565125000E+015   3.55665390430250073095E-018
      7706   1.90364142709602150000E+015   2.55759575296868612297E-018
      7707   1.94613496687424450000E+015   2.44592212239078516718E-018
      7708   2.09711072068624475000E+015   3.10946988530520756201E-018
      7709   1.18330651697187925000E+015   4.33375171120119762799E-018
      7710   1.44655773119819375000E+015   5.22293391459240997050E-018
      7711   1.57211747450353000000E+015   3.32773093515216104687E-018
      7712   1.41819324640537650000E+015   3.93894384706160958938E-018
      7713   1.83949060337269925000E+015   5.27968540475206904582E-018
      7714   1.14643298060083825000E+015   5.07958423387460139905E-018
      7715   2.09472059181062450000E+015   4.69920191677652360124E-018
      7716   2.80212873406212500000E+015   3.78205465744950530265E-018
      7717   2.84602084086292850000E+015   3.86299320837259965912E-018
      7718   2.56726467374727800000E+015   5.21109530634639423678E-018
      7719   3.50503886502361000000E+015   4.63801754363427501780E-018
      7720   3.58097100158306000000E+015   4.43745514672704069555E-018
      7721   3.39878893024586700000E+015   4.39810093080839140826E-018
      7722   4.43876191615121750000E+015   3.49785326848297074610E-018
      7723   5.31391030603149100000E+015   2.82009041691725510546E-018
      7724   6.43882849909143800000E+015   2.74245544291805957045E-018
      7725   8.08027357883386300000E+015   2.83318104474408895606E-018
      7726   6.97791942901911200000E+015   2.40402689310062826108E-018
      7727   9.77358486747102600000E+015   1.93069564965631913496E-018
      7728   1.33674155012814260000E+016   1.79496578072869821809E-018
      7729   1.50136797784161540000E+016   1.82294021250173273687E-018
      7730   1.50474417885996320000E+016   1.51361327501251890125E-018
      7731   1.83854864700609840000E+016   1.66776364507900906400E-018
      7732   2.08890763595479360000E+016   1.52048970490255453282E-018
      7733   2.78103729443634960000E+016   1.58655228571293698622E-018
      7734   5.75883456524993760000E+016   9.39817242800516852263E-019
      7735   6.92670501092466880000E+016   7.98308579332680850290E-019
      7736   3.73155515920547200000E+016   1.24622184094830198327E-018
      7737   8.28633607374619520000E+016   7.72490972831072669177E-019
      7738   1.21637915908865408000E+017   7.46704321870284501041E-019
      7739   1.30271207527969504000E+017   6.77242913278364751531E-019
      7740   1.75951930524473952000E+017   5.08510969253847944037E-019
      7741   2.48520442446158080000E+017   4.28340714934422726958E-019
      7742   2.67423881665872512000E+017   3.74717454337280690689E-019
      7743   3.27663275166858368000E+017   3.89635906786786987668E-019
      7744   4.04134398440580992000E+017   3.25842095369346252209E-019
      7745   5.45076999704690560000E+017   2.27149417319356389891E-019
      7746   5.15513307577657728000E+017   1.65234539824775269603E-019
      7747   7.60242864564003072000E+017   1.42638159165939014690E-019
      7748   7.05630663500927616000E+017   1.66700220793047175239E-019
      7749   5.52935417445750080000E+017   2.32140992372994890417E-019
      7750   5.16186247163083072000E+017   2.67540183021539716899E-019
      7751   4.36225925367823360000E+017   3.02183348862695457261E-019
      7752   4.00488869255808512000E+017   3.11191082167802531198E-019
      7753   3.79803771251062464000E+017   3.12491527508528364926E-019
      7754   2.06104149965395072000E+017   5.41162531960668730005E-019
      7755   1.06862866796728080000E+017   8.29019999333749707527E-019
      7756   6.20955825284732160000E+016   1.17378915176777381621E-018
      7757   5.77409810860746880000E+016   1.08508364265514290605E-018
      7758   5.39539245560787200000E+016   8.42322429799484933920E-019
      7759   3.83193538322254160000E+016   1.12820396602270796982E-018
      7760   2.27326375164583960000E+016   1.85550297538737022342E-018
      7761   2.13187694620910000000E+016   2.19273276045673849600E-018
      7762   2.83989924769564080000E+016   1.61861925373346569605E-018
      7763   2.16146693425513920000E+016   2.26038269196497448900E-018
      7764   1.19174769922307360000E+016   4.51646454357897461702E-018
      7765   6.11602402395457200000E+015   4.37198605901321774235E-018
      7766   5.39562415961811900000E+015   3.83582628395519101599E-018
      7767   4.32734638737851800000E+015   3.85353902501442317607E-018
      7768   3.67204856726225000000E+015   1.96488872419541063600E-018
      7769   3.29494688749472700000E+015   1.85430600719626572545E-018
      7770   3.89697533509813400000E+015   1.84673188814841463822E-018
      7771   3.44784080862104650000E+015   1.67544426394678956116E-018
      7772   3.18867866424463500000E+015   2.22367958625234495795E-018
      7773   2.82376203979372000000E+015   2.27361830344494954810E-018
      7774   2.49928987039180850000E+015   2.84041395777386812480E-018
      7775   2.54970751170985450000E+015   3.44421647784362830609E-018
      7776   4.32563582949466700000E+015   4.32015185330088525332E-018
      7777   3.77542046468393250000E+015   3.61986535123124348885E-018
      7778   3.99876065045031900000E+015   2.57349441307280433734E-018
      7779   2.95305914847047950000E+015   2.18754424481497796890E-018
      7780   1.88375692324131250000E+015   1.74956003381140365379E-018
      7781   2.58949861632078200000E+015   3.67501628684464014413E-018
      7782   3.26014291330699000000E+015   4.14361817667400528220E-018
      7783   2.25843149477044300000E+015   4.67697213455262308590E-018
      7784   1.88208840962536300000E+015   4.27439129676112702710E-018
      7785   2.36325584883608250000E+015   3.49395885795112492580E-018
      7786   2.08453751424661675000E+015   3.84684250194054416050E-018
      7787   1.82056580751610975000E+015   3.48045668968085792033E-018
      7788   2.07962983843924575000E+015   3.08302679764125768502E-018
      7789   1.86266070623586200000E+015   2.87602686831837097755E-018
      7790   1.41267195562990150000E+015   2.45268033515959283251E-018
      7791   1.32383100490186675000E+015   4.74675291818924067256E-018
      7792   1.43347472219550425000E+015   4.67913279894262827250E-018
      7793   1.42312519034931600000E+015   3.91962981798014786768E-018
      7794   1.34483186978186450000E+015   4.03738400943169715139E-018
      7795   1.18369275230734650000E+015   5.26339311151507276631E-018
      7796   1.17742823883619500000E+015   4.77859471724140844947E-018
      7797   1.46716677026808825000E+015   4.72243290083279217830E-018
      7798   1.75612175703447975000E+015   4.19053757938653605467E-018
      7799   1.60535313770834600000E+015   3.32677271816313319821E-018
      7800   1.85356345416794375000E+015   3.56567871671859107479E-018
      7801   1.84660741105762400000E+015   3.92871794464212529400E-018
      7802   1.54816746007014350000E+015   4.10495673527093541308E-018
      7803   3.39832376458743800000E+015   3.02732820090657136259E-018
      7804   5.09995637142088200000E+015   2.82518818283416130982E-018
      7805   2.96713800585561050000E+015   3.15985309908162867611E-018
      7806   1.75383121682449450000E+015   3.01033500469500845869E-018
      7807   1.63895240670862375000E+015   4.46225739614064058949E-018
      7808   1.19136031683027650000E+015   5.82479302475495705949E-018
      7809   1.47742630260552900000E+015   5.70499855829633405569E-018
      7810   1.79699678933037075000E+015   5.15061420742851933794E-018
      7811   1.57781673634209650000E+015   4.61565658092372023940E-018
      7812   1.13099332303571150000E+015   5.85423040118904153720E-018
      7813   1.73015450525424375000E+015   4.51555900387823131789E-018
      7814   2.52034447628825750000E+015   4.70360353275157575303E-018
      7815   2.03937441313450975000E+015   6.13371835038388206898E-018
      7816   1.54419455013812750000E+015   5.70206324842494108320E-018
      7817   1.97459368739028150000E+015   4.26907630852069129555E-018
      7818   1.87350602180090725000E+015   4.31483418166005397281E-018
      7819   1.90217135944832450000E+015   3.78812151885320651508E-018
      7820   1.33894152444962900000E+015   4.18830116807027692844E-018
      7821   1.43306570810727525000E+015   5.10245996764638287094E-018
      7822   1.25101049041508550000E+015   4.82381376005463113031E-018
      7823   7.94383261425077250000E+014   4.27773963637033918117E-018
      7824   8.30395833469984875000E+014   4.73172793837604443992E-018
      7825   1.07505110423182937500E+015   5.54207960916531454325E-018
      7826   1.23810647451842500000E+015   4.32180157263290301533E-018
      7827   1.31781635206997200000E+015   3.68144698666049198348E-018
      7828   9.90041058095277000000E+014   3.64773320505644623534E-018
      7829   9.38492506349192375000E+014   2.64969138432935912860E-018
      7830   8.17854594818459750000E+014   3.33773403654846338922E-018
      7831   8.56719431230413500000E+014   5.27337073839208667865E-018
      7832   7.37332149661209000000E+014   4.94629718310290871423E-018
      7833   7.34792173998138750000E+014   5.66123512892907307678E-018
      7834   1.56892982671751825000E+015   3.98086950658118034019E-018
      7835   1.51726988929914800000E+015   3.85971543117502345802E-018
      7836   1.36489668933300550000E+015   4.52082051634304463033E-018
      7837   1.40994490931565300000E+015   4.67042019922190478128E-018
      7838   1.62358517458047075000E+015   4.16243023750194625470E-018
      7839   1.23841325186216700000E+015   3.25097819658414396474E-018
      7840   9.84750661911693750000E+014   2.72748399464947352656E-018
      7841   5.02133364023468812500E+014   5.94868442554837283839E-018
      7842   6.95172500071512000000E+014   5.33234750365459424780E-018
      7843   7.14739702725250000000E+014   6.73181872935414690677E-018
      7844   2.83340878334802750000E+014   8.22690889673038602382E-018
      7845   7.70422085210706250000E+014   3.75870261608791205086E-018
      7846   9.31168678344710125000E+014   4.40795508521456109610E-018
      7847   9.72249600462196000000E+014   5.26844225603579916157E-018
      7848   1.40863626865600775000E+015   4.72095106195831935985E-018
      7849   1.42434314677083825000E+015   4.15411502154961890170E-018
      7850   1.40138282577301750000E+015   3.15033884011007595380E-018
      7851   1.02711389919603700000E+015   3.32738747821425876683E-018
      7852   5.76564789343486750000E+014   4.96083438067298129676E-018
      7853   7.54176549081538875000E+014   4.93226583535444844167E-018
      7854   6.15260055462201375000E+014   4.18642888457297257399E-018
      7855   3.17455623103132500000E+014   6.27100539193715743009E-018
      7856   3.70765344269972437500E+014   6.95663318234178211783E-018
      7857   8.33623239185896750000E+014   3.91352999553218689125E-018
      7858   8.76909028045404250000E+014   3.27397949145049890226E-018
      7859   1.02421289439338887500E+015   5.31447577139279187305E-018
      7860   8.57491513358721500000E+014   6.81263781151210616611E-018
      7861   4.40732329186224125000E+014   5.96911766992842899434E-018
      7862   4.23685474847709875000E+014   7.24009995993868240191E-018
      7863   7.15462435226946125000E+014   6.16872731039399639071E-018
      7864   5.28290504886351687500E+014   4.57734852802276728797E-018
      7865   4.37955354710041000000E+014   5.93020825598202281788E-018
      7866   4.15765007514347750000E+014   5.68829705780422109567E-018
      7867   2.78576600199257656250E+014   7.11196164041498230178E-018
      7868   2.68182928013265187500E+014   6.59871433493646469412E-018
      7869   4.16653811342911375000E+014   5.78607808393365585568E-018
      7870   7.85322332055632375000E+014   5.04499640755836702113E-018
      7871   1.10868811566440975000E+015   3.42563464224977445388E-018
      7872   9.63368636750073750000E+014   6.09194022270520844275E-018
      7873   6.12330929675986625000E+014   8.24164867223956912393E-018
      7874   5.10332607946672875000E+014   6.90010064161031748490E-018
      7875   4.05308403072771375000E+014   6.40328784417613449703E-018
      7876   6.68448179576295625000E+014   6.03780893273159324570E-018
      7877   9.28975913687945000000E+014   7.62056216933188930680E-018
      7878   2.85884541174158250000E+014   9.46220145435592142630E-018
      7879   6.42672492056591375000E+014   4.55773174565865993847E-018
      7880   7.50717689479902750000E+014   4.71486463447914597812E-018
      7881   6.76589582432562000000E+014   5.79303871643281048345E-018
      7882   1.02297062683396837500E+015   4.33198888649952468820E-018
      7883   9.28439647772507250000E+014   3.87409363288586064307E-018
      7884   9.81753906339239625000E+014   2.31987677124827823316E-018
      7885   1.09396257284300850000E+015   3.11184071665402371513E-018
      7886   9.17770819438589625000E+014   3.74340650291830729094E-018
      7887   9.96959532478382250000E+014   3.57954233560534104990E-018
      7888   1.02353488104442137500E+015   4.80044403284940491013E-018
      7889   7.44160803975468375000E+014   5.85453138735716694686E-018
      7890   6.57403126058601125000E+014   5.70043876833830594744E-018
      7891   9.89444814833588000000E+014   5.21832265383444315967E-018
      7892   1.22434420176926700000E+015   3.20796337920864742543E-018
      7893   1.29376034654799375000E+015   3.57635325798294860672E-018
      7894   6.33839562487521500000E+014   4.50081279720065361587E-018
      7895   6.54151023226064125000E+014   3.19165896701744756128E-018
      7896   8.48454205452719750000E+014   2.54852900775650841544E-018
      7897   7.32234950906225375000E+014   3.51018840359713467300E-018
      7898   7.09250128372267500000E+014   5.24166298669001367319E-018
      7899   7.66085071409526000000E+014   6.24754363803009913574E-018
      7900   6.26170647959412125000E+014   5.71949010632546438854E-018
      7901   6.15125693291949625000E+014   4.16325403256181865994E-018
      7902   7.72983916794077250000E+014   3.34476387511927960508E-018
      7903   9.29548430897927375000E+014   2.51474061048636661809E-018
      7904   5.97447580848242750000E+014   4.25784232568638013846E-018
      7905   8.17389642955897750000E+014   5.05366119442167271554E-018
      7906   1.33123928834157125000E+015   4.23916216733141087888E-018
      7907   1.39806524623899175000E+015   2.68158813355317878434E-018
      7908   8.41482855719634625000E+014   3.15948144424726881280E-018
      7909   8.42083276467608000000E+014   4.47200794995094685192E-018
      7910   1.18967224630671250000E+015   3.71458101978611397842E-018
      7911   9.28599354180250250000E+014   4.69407452091030486605E-018
      7912   1.07363732014059875000E+015   4.00725617576386744461E-018
      7913   1.51339081146738350000E+015   3.34741196408521286391E-018
      7914   1.79017698423451700000E+015   3.13607405847969468089E-018
      7915   1.86644220075095450000E+015   3.04099401011559967036E-018
      7916   2.57513114461542250000E+015   2.61717385180116662648E-018
      7917   2.17899093369483700000E+015   3.91444171990842446896E-018
      7918   1.29620790389857825000E+015   5.22973447666258559518E-018
      7919   1.02606779946329850000E+015   3.36183371427572457320E-018
      7920   1.43898732890661325000E+015   2.09095997062833899270E-018
      7921   1.88676709463941850000E+015   2.26750238934616035284E-018
      7922   1.13139533710703425000E+015   3.11422396857819853492E-018
      7923   1.36336362128969425000E+015   2.48361637755454338520E-018
      7924   1.01267201469020912500E+015   4.76977353420034393035E-018
      7925   1.09402982021676187500E+015   3.28439806824841238113E-018
      7926   9.31891944387223750000E+014   2.73259084236851638810E-018
      7927   7.55886834937297750000E+014   3.10604329207702327254E-018
      7928   7.89995338015180375000E+014   3.96144685610764606487E-018
      7929   1.11644553532013087500E+015   4.64145565017610117578E-018
      7930   1.47629626854411000000E+015   3.14264854722335498834E-018
      7931   8.20022635527682625000E+014   5.68046472044723882862E-018
      7932   1.09927215007816250000E+015   5.56675927075771123805E-018
      7933   1.80048516555938875000E+015   4.01481800990184764293E-018
      7934   1.69877933538784225000E+015   3.22755578325893553802E-018
      7935   1.74183310412770350000E+015   3.27266177237150489312E-018
      7936   1.48383645240484100000E+015   3.18606215951149300233E-018
      7937   1.01633838860565212500E+015   3.10133506038646766532E-018
      7938   8.37712797087221375000E+014   4.63330437732717338551E-018
      7939   9.84288394598700500000E+014   3.08933094322327601745E-018
      7940   1.01256611413481825000E+015   2.25909429337294989393E-018
      7941   1.09631336613272175000E+015   4.05449132248722324903E-018
      7942   1.35080483867412825000E+015   4.48069193588063569029E-018
      7943   1.88587745185512100000E+015   2.97974715645743013384E-018
      7944   2.23470627213023200000E+015   2.67703145110733952136E-018
      7945   2.52186271741328350000E+015   3.12524232248679608528E-018
      7946   1.51941760343338325000E+015   4.75324358912554109660E-018
      7947   1.48257479287083975000E+015   4.93563765503528855007E-018
      7948   1.87903963720796825000E+015   2.79494968237540544904E-018
      7949   1.58723167969450700000E+015   3.29922281195198691151E-018
      7950   1.46141746880497275000E+015   3.39601471407804000871E-018
      7951   2.12619971243092425000E+015   3.76770830200050659427E-018
      7952   2.37950208597010500000E+015   2.96681283807048162529E-018
      7953   3.06260778973365700000E+015   3.46204770741276273052E-018
      7954   3.27957117148846050000E+015   4.53407292532762743084E-018
      7955   3.28985900267856250000E+015   4.34872611719164249750E-018
      7956   3.47018030328256650000E+015   3.86591677874991193293E-018
      7957   3.35611184239402200000E+015   2.85239671476762768509E-018
      7958   3.52090824769677600000E+015   3.13412866859227512154E-018
      7959   4.26412985054109000000E+015   3.17332634479544262538E-018
      7960   4.75828551218555100000E+015   2.97064854341279750541E-018
      7961   5.29965948279533800000E+015   2.70198914672037489124E-018
      7962   6.07618576429031300000E+015   2.19357481363911099869E-018
      7963   5.77930646762130100000E+015   2.28010433425336044338E-018
      7964   5.92438672478550600000E+015   2.60280855903283218458E-018
      7965   6.09707727542225400000E+015   2.37461242156987043168E-018
      7966   9.10187332693627200000E+015   1.85044887410382359478E-018
      7967   9.10824211707046400000E+015   2.57238103526790215569E-018
      7968   1.37294468845512980000E+016   2.29697790236803612966E-018
      7969   1.99381510986250200000E+016   1.39625125684555019167E-018
      7970   2.82866789590023120000E+016   1.11901286121516648560E-018
      7971   3.39354673099062640000E+016   1.34167554307114981426E-018
      7972   4.02729407633126720000E+016   1.28449528874845572839E-018
      7973   7.86684478099210880000E+016   7.66022462923120395046E-019
      7974   8.61150578380235520000E+016   6.88989566574527766345E-019
      7975   9.72933928641561440000E+016   6.27915074123918796553E-019
      7976   1.59427999476246208000E+017   4.45439244511468143258E-019
      7977   2.24883020089374368000E+017   3.77495154483279577107E-019
      7978   2.95131934872090944000E+017   3.60582141915842421995E-019
      7979   3.79408297001698048000E+017   3.25537522931433871151E-019
      7980   3.71324448661414016000E+017   2.77444958637997527360E-019
      7981   5.18831823769763648000E+017   1.95849495084261494664E-019
      7982   7.00764519125357184000E+017   1.96773945018543921941E-019
      7983   7.31491683209282816000E+017   1.77209321150655054479E-019
      7984   8.66494115544162432000E+017   1.67590129141162525316E-019
      7985   6.48106034313443456000E+017   2.16142019790244608763E-019
      7986   7.03110591426226944000E+017   2.18579959497216770771E-019
      7987   3.96639853499129856000E+017   3.52295337893622360352E-019
      7988   1.80076350887602400000E+017   6.20973517309708528679E-019
      7989   1.39434182602232224000E+017   6.28380364734480059983E-019
      7990   9.37149608122989280000E+016   7.65257069225784312128E-019
      7991   9.34295565810658240000E+016   6.19190865383145070913E-019
      7992   6.57442053812304480000E+016   9.74430550224951837616E-019
      7993   3.43383961904075320000E+016   1.48130109072103639928E-018
      7994   2.93231126868798480000E+016   1.53601831821610727433E-018
      7995   4.04831538285620160000E+016   1.32117125723096572411E-018
      7996   3.30109742551436320000E+016   1.42395667739772856167E-018
      7997   2.03035835363402320000E+016   2.64402929515944754219E-018
      7998   1.08767531006726440000E+016   3.35277347456459125928E-018
      7999   7.13694905377801700000E+015   2.88308538236163081146E-018
      8000   7.67582707987679500000E+015   3.42632912151949970835E-018
      8001   7.21912922396280400000E+015   2.83940853904024065040E-018
      8002   5.99454522990648700000E+015   1.90144195300612612036E-018
      8003   6.26874724598729500000E+015   1.93931513993463212013E-018
      8004   5.51598386236029600000E+015   2.29999195502801792175E-018
      8005   3.92856859550852150000E+015   2.27178494293580905394E-018
      8006   3.49568459698727050000E+015   2.02928524745532301449E-018
      8007   3.27561709508965100000E+015   2.10339847319865400167E-018
      8008   2.63774889946886150000E+015   2.10583035729628071738E-018
      8009   2.93736181229283350000E+015   3.01138048747432855567E-018
      8010   3.81163339836402800000E+015   4.30224165566952533782E-018
      8011   3.23110959753409000000E+015   3.64394365824282195823E-018
      8012   3.45710228349011550000E+015   3.73634359052195474801E-018
      8013   3.37623340691699800000E+015   2.31430295750452580104E-018
      8014   3.18907881103188800000E+015   2.41885976743671325867E-018
      8015   2.23949240925677475000E+015   4.14994664798937693476E-018
      8016   2.89659453306468650000E+015   5.21956847876716038268E-018
      8017   3.33677999488465600000E+015   3.57968815019496866289E-018
      8018   2.31305376430883850000E+015   4.41744466243193380740E-018
      8019   2.80548980045841500000E+015   3.81944841394862817808E-018
      8020   2.57189467186510900000E+015   3.25709416933547293137E-018
      8021   1.41907485167267850000E+015   4.37299234501695335743E-018
      8022   1.63003814286437725000E+015   3.98414650956588822422E-018
      8023   1.56495880061784875000E+015   2.99446383191427111005E-018
      8024   1.80062588074307100000E+015   2.37157093386794071117E-018
      8025   1.76724414068757100000E+015   3.52279659604916970076E-018
      8026   2.06113030481780175000E+015   5.16767959694508248322E-018
      8027   1.77042951645784400000E+015   4.27124448810389886216E-018
      8028   1.60983700060529225000E+015   3.51306582060680463087E-018
      8029   1.09577012046839762500E+015   4.70037758323425817576E-018
      8030   1.10500264819583700000E+015   5.44711640037216833053E-018
      8031   1.61071993629227625000E+015   4.50353761534571405224E-018
      8032   1.66424506983462175000E+015   4.62804210990460808002E-018
      8033   1.54210215203222950000E+015   4.89514609443673003163E-018
      8034   1.94591004976901800000E+015   3.05486524093470113139E-018
      8035   2.36076198867411750000E+015   3.81979242756719467107E-018
      8036   2.02849837763664150000E+015   2.83592594940227981275E-018
      8037   2.43695792831762550000E+015   3.27041787438817970680E-018
      8038   4.09278460950473400000E+015   2.80951573088026804887E-018
      8039   4.22685963907287150000E+015   2.92349829309841982476E-018
      8040   3.24436834494423800000E+015   2.19537604618819662939E-018
      8041   2.72847812390791500000E+015   3.11023170475289957953E-018
      8042   1.87974973873467975000E+015   5.00874517064014768981E-018
      8043   1.17230009105431950000E+015   5.91739697441349887647E-018
      8044   1.47648414660684350000E+015   4.62530253012071530071E-018
      8045   1.98656903448237850000E+015   4.62569548893498227858E-018
      8046   1.83495438080186300000E+015   4.55627986910216596916E-018
      8047   1.62309951698035225000E+015   5.00909690236875986081E-018
      8048   1.69102769685597750000E+015   4.98706821602850160704E-018
      8049   1.80357221147034275000E+015   5.49960946231892138734E-018
      8050   1.41680262847972575000E+015   6.20952471113210349970E-018
      8051   1.56482213762469000000E+015   4.83787769573514653327E-018
      8052   2.08426867721025350000E+015   3.64900325267315527665E-018
      8053   1.96324956174702450000E+015   3.94890925880221123248E-018
      8054   1.76485047628460300000E+015   4.01982520810617304209E-018
      8055   1.04507932898685462500E+015   4.34686657832604679175E-018
      8056   1.36151915979851925000E+015   4.01476694296926112247E-018
      8057   9.64575300036043875000E+014   5.42953146086511153110E-018
      8058   7.45488460083078625000E+014   4.33819103103689599921E-018
      8059   9.51106035185037750000E+014   4.75611133461489621437E-018
      8060   1.13749031231004350000E+015   5.37286549921381307252E-018
      8061   1.70767864179506000000E+015   3.29811298070820550451E-018
      8062   1.63814167451738000000E+015   3.76460830950918705455E-018
      8063   1.00381837592726025000E+015   3.77918683642281657589E-018
      8064   7.01524822242535250000E+014   2.50266788029357740404E-018
      8065   8.06594666635532250000E+014   4.73598482021671967929E-018
      8066   9.65002808233410125000E+014   4.38848552041497021361E-018
      8067   6.36913900542898375000E+014   5.68294445831701487286E-018
      8068   7.09744393822725375000E+014   6.25814962005793095579E-018
      8069   1.90125252847829750000E+015   3.10007301818129469119E-018
      8070   1.94775132780845950000E+015   3.94323919634161077696E-018
      8071   1.36674968330996850000E+015   4.66976557090410032829E-018
      8072   1.18740739103268550000E+015   5.02872563363222530811E-018
      8073   1.12619599523442025000E+015   4.79529502196930199774E-018
      8074   1.08386907906243100000E+015   3.48651858195671861083E-018
      8075   9.51561619932266125000E+014   3.43232740381781662652E-018
      8076   4.95270941905054750000E+014   6.33409363125759935591E-018
      8077   7.07380443694312250000E+014   5.43480150934149266186E-018
      8078   6.70963675097242375000E+014   6.27774366969444974685E-018
      8079   6.12030500300662625000E+014   5.40710984316660506805E-018
      8080   1.02172592987169900000E+015   4.17139954672357685000E-018
      8081   1.26384388765838450000E+015   5.12519481203627056042E-018
      8082   1.00926620681079637500E+015   5.46359517243330742371E-018
      8083   1.02107745457307975000E+015   5.15397620798166296354E-018
      8084   1.03294466487963000000E+015   4.07823416497342026452E-018
      8085   1.09701132594222037500E+015   3.09135463826265692490E-018
      8086   6.24086870087261500000E+014   3.33610312548366391513E-018
      8087   5.53826308900718750000E+014   4.93141887244397938450E-018
      8088   7.77825418739954000000E+014   5.07244405105454099160E-018
      8089   6.54480637975288875000E+014   3.97057108065760998233E-018
      8090   4.08577581641719187500E+014   5.44249795142818887867E-018
      8091   4.27841478528055125000E+014   5.91336484150590010529E-018
      8092   9.39206026230508500000E+014   2.97356434908880312538E-018
      8093   9.70773583235344625000E+014   3.35848896476598243673E-018
      8094   9.68746921244997500000E+014   6.40384363030679543202E-018
      8095   6.27401188511010625000E+014   7.52705011932638263551E-018
      8096   3.74578445584209937500E+014   7.75288456050874106941E-018
      8097   4.77976914440185812500E+014   7.89431881712377320091E-018
      8098   7.12056853592421625000E+014   3.84431887653759261465E-018
      8099   5.03004304327178437500E+014   4.80227820669434092190E-018
      8100   4.36758068199940750000E+014   6.26315170831675537930E-018
      8101   3.21981697919388812500E+014   7.28088380856021968593E-018
      8102   2.85921108422738187500E+014   6.82035931991106649457E-018
      8103   3.72959854862629312500E+014   5.45759585637356232814E-018
      8104   4.33038014482167000000E+014   5.99542533003177625494E-018
      8105   8.91084131961979250000E+014   3.44953384814740074179E-018
      8106   1.20144284417160400000E+015   3.71737768275639676640E-018
      8107   7.43946309719222500000E+014   7.61189194274056159592E-018
      8108   6.00499245226864125000E+014   8.21690087638688519500E-018
      8109   5.49528934432439125000E+014   5.62327155391787096666E-018
      8110   4.46117374029028812500E+014   6.20917103534228623644E-018
      8111   9.62310741482909500000E+014   6.51084602411326761263E-018
      8112   5.74376447858836750000E+014   1.08332307063229289869E-017
      8113   5.64015609128923000000E+014   6.00328108102486451017E-018
      8114   7.85646653337391500000E+014   4.72597005693927460762E-018
      8115   4.38008323459029500000E+014   6.39978364759684294781E-018
      8116   7.07208241537750250000E+014   4.99078846802303545009E-018
      8117   1.10038829076281687500E+015   4.66824748791973023717E-018
      8118   8.81268690681880375000E+014   3.48911946845841041645E-018
      8119   8.96259026992042750000E+014   2.87089548837988680619E-018
      8120   9.86389204631569750000E+014   3.18492680267699654531E-018
      8121   1.14195818800933850000E+015   2.59421076044713705602E-018
      8122   1.51032939486286825000E+015   2.87711648980190620117E-018
      8123   1.11768756437746562500E+015   4.83437214600227855649E-018
      8124   7.08021015735563000000E+014   5.15204232631309490905E-018
      8125   3.85969438778905000000E+014   7.61450960477878090645E-018
      8126   8.83015301000718375000E+014   6.05868794459758569809E-018
      8127   1.72104521059356175000E+015   2.79100578222655562123E-018
      8128   1.21935959559854475000E+015   4.03122946309686423291E-018
      8129   6.11718314149481125000E+014   4.26710826758532622492E-018
      8130   8.84818667818047375000E+014   2.55586084413926069207E-018
      8131   6.64483321088788750000E+014   3.32356489566725301987E-018
      8132   6.01209787980709000000E+014   5.06844330389821261014E-018
      8133   7.38292554369902125000E+014   5.59309710092934157529E-018
      8134   7.35642245441511125000E+014   6.34760686312072037437E-018
      8135   7.09885088324967125000E+014   4.88422956078690658846E-018
      8136   6.77398787661695750000E+014   3.59113191559839189646E-018
      8137   1.37033621106278275000E+015   2.37546609844023581055E-018
      8138   1.04804274856024650000E+015   3.07575480382367139154E-018
      8139   7.18169198138569250000E+014   5.34912631388452163473E-018
      8140   1.18279885844503600000E+015   4.91005429634878540004E-018
      8141   1.54136842450390875000E+015   3.35384211633303200756E-018
      8142   8.32194734934318250000E+014   3.58404683370212126099E-018
      8143   6.38357045738462250000E+014   5.06557503171912027042E-018
      8144   9.12403234100096750000E+014   4.48658019500431671083E-018
      8145   9.98225748358204000000E+014   4.42527573733069563871E-018
      8146   7.33603723562489500000E+014   5.73249334159349719148E-018
      8147   1.20725301374569750000E+015   5.25956181591518953689E-018
      8148   1.42166882534152275000E+015   4.05546261378541591616E-018
      8149   1.42063059727855325000E+015   3.65785165667198065141E-018
      8150   1.68417735728477150000E+015   2.43615157895567511643E-018
      8151   2.66120825576132550000E+015   3.34321680211137559848E-018
      8152   1.69556751333582300000E+015   4.42311997046194180362E-018
      8153   9.90236443822676750000E+014   5.81716432573256076317E-018
      8154   9.34847321718288250000E+014   4.28692391905023906603E-018
      8155   8.43452613620070750000E+014   2.55309239015427874281E-018
      8156   1.14992690409661050000E+015   2.50323670314333939233E-018
      8157   1.05052831414929612500E+015   3.13765299398995697601E-018
      8158   1.39016298989217650000E+015   2.55402590272714996282E-018
      8159   1.16469158488367900000E+015   2.94898956385081958367E-018
      8160   6.31703414822436375000E+014   5.65483544369991985730E-018
      8161   6.93721590892803625000E+014   4.21225550669519315388E-018
      8162   1.20270395849992750000E+015   3.36034391687418331964E-018
      8163   1.13778102401721525000E+015   3.29064490903807684159E-018
      8164   1.60341163564568475000E+015   3.10405976334194778775E-018
      8165   1.96478135037132200000E+015   3.62676464516581884263E-018
      8166   1.50193932490616650000E+015   4.31253688214745909013E-018
      8167   1.30669226318583650000E+015   4.25830508027208501189E-018
      8168   1.79101460766797375000E+015   3.59692204804094787583E-018
      8169   1.76716317314228500000E+015   3.19199890428856384847E-018
      8170   1.71816091349187975000E+015   3.27355117526473953159E-018
      8171   1.17461676906685825000E+015   4.09755053759227892805E-018
      8172   1.07261018964560625000E+015   4.38839109799533253035E-018
      8173   9.21200962951330750000E+014   3.95597429569650303860E-018
      8174   9.64212430158961000000E+014   3.46646379658844178286E-018
      8175   1.12958067668674600000E+015   2.29538032833018677578E-018
      8176   9.68350212221445750000E+014   3.65579175036722863116E-018
      8177   1.23955090909782600000E+015   4.34956579711299550654E-018
      8178   1.92802146847051800000E+015   3.03886472996254621755E-018
      8179   1.75044670165744950000E+015   2.80026244228132040264E-018
      8180   2.26327555820387800000E+015   2.81818755321443283976E-018
      8181   2.52074796702140900000E+015   3.71420815068630401157E-018
      8182   2.21237067359026975000E+015   3.85943541745245554838E-018
      8183   1.81604277391935200000E+015   2.72932449535727794334E-018
      8184   1.73848970856131850000E+015   3.19441214350122547033E-018
      8185   2.02367471749261700000E+015   3.42363271520830572549E-018
      8186   2.26721684819378200000E+015   2.95630772825490266845E-018
      8187   2.65371581732588600000E+015   3.21213748781351517342E-018
      8188   3.04145959075281750000E+015   3.42006160152827967684E-018
      8189   3.22309936689279700000E+015   5.06837484410959098934E-018
      8190   3.16636181757159400000E+015   4.29663281360330458626E-018
      8191   2.93470059192038550000E+015   2.51715301671823499222E-018
      8192   2.57118519932104400000E+015   2.97350855896306987866E-018
      8193   2.13972559871074050000E+015   3.18749223077087190096E-018
      8194   3.05449015764276250000E+015   2.89915802474832924680E-018
      8195   4.36799076970065500000E+015   3.13977340790499779898E-018
      8196   5.03945648396193200000E+015   2.80143611812351322315E-018
      8197   6.10369848894686600000E+015   2.23299169551531800090E-018
      8198   6.04950850589603900000E+015   1.70477704251116301201E-018
      8199   5.37330623223058000000E+015   2.16186826135845508019E-018
      8200   6.80327654029515800000E+015   2.12288069379968504738E-018
      8201   1.02620731966681320000E+016   1.53064012256751641474E-018
      8202   1.40199978510908360000E+016   1.46211399727716358512E-018
      8203   1.36867703546768580000E+016   2.28641769353028517599E-018
      8204   1.56682645907500600000E+016   2.16400513992423240275E-018
      8205   2.64764134317352400000E+016   1.33202192057270560532E-018
      8206   4.52250489891449600000E+016   7.74577306398054881034E-019
      8207   5.47555907324515920000E+016   7.07414484932511670471E-019
      8208   6.85028124198930640000E+016   6.40234916058068858231E-019
      8209   1.03059184213516896000E+017   5.66161914370324214227E-019
      8210   1.45641713127605952000E+017   4.45215947351017234673E-019
      8211   1.87893229972757568000E+017   4.24435716585300071885E-019
      8212   2.42697637825946624000E+017   3.67148251457941432931E-019
      8213   3.76519503865805248000E+017   2.46675825047196907299E-019
      8214   6.16127496307025536000E+017   1.79717589241704608820E-019
      8215   7.05755294508734976000E+017   1.61960688902633126151E-019
      8216   6.15513176515401728000E+017   1.56638965708623930615E-019
      8217   9.56141063035513088000E+017   1.60027536113938658659E-019
      8218   4.85289937934238976000E+017   3.01200476755644392570E-019
      8219   3.33027823848646720000E+017   3.48928413569112123374E-019
      8220   2.10796470887667456000E+017   4.56343804095359800682E-019
      8221   1.60837380539928448000E+017   5.05920828689864569944E-019
      8222   1.21050713141601312000E+017   6.38247357818589054024E-019
      8223   7.52396801550891840000E+016   9.76532224487794412273E-019
      8224   6.55215949550982560000E+016   8.50739913858152192995E-019
      8225   7.82929940127546880000E+016   6.76296676036717342977E-019
      8226   5.01588782807215200000E+016   9.45559077725837315911E-019
      8227   3.08743645977437880000E+016   1.16182214614201540647E-018
      8228   2.03424597616148200000E+016   1.83495855483767054439E-018
      8229   1.25856869781338320000E+016   2.12085062333159775023E-018
      8230   9.71347803461133200000E+015   2.45817749876014133663E-018
      8231   7.95955811374306900000E+015   2.84763465297556496367E-018
      8232   6.44023187859473700000E+015   2.98058741478620741475E-018
      8233   6.00427112304002300000E+015   2.31102568441938332905E-018
      8234   6.58070078291494200000E+015   2.83519079833064768673E-018
      8235   4.85583864053167500000E+015   2.97734100562493527804E-018
      8236   3.32699400429959950000E+015   2.65258859999022735568E-018
      8237   3.22121439498377100000E+015   2.84931458212592432617E-018
      8238   3.52486969323995900000E+015   2.75295819293261369576E-018
      8239   3.36649087284059650000E+015   2.54715474200524751080E-018
      8240   4.45197074057318250000E+015   2.87519380976576607615E-018
      8241   3.76306182814916150000E+015   3.05687990535292005246E-018
      8242   3.14614845410476850000E+015   4.45961474392375098334E-018
      8243   3.21767727534553200000E+015   4.30737758479778496924E-018
      8244   3.50538261416507100000E+015   3.07408846445636382308E-018
      8245   4.12634220786626900000E+015   2.58847445904502256476E-018
      8246   3.96149254298869950000E+015   3.21949698277352385996E-018
      8247   3.02828695114037550000E+015   5.37171962909034888807E-018
      8248   3.93312421561224000000E+015   4.06714864713717193520E-018
      8249   3.38038725029068950000E+015   4.60673790715630560156E-018
      8250   3.14891684352624750000E+015   5.41849589048338088929E-018
      8251   2.79272237525501900000E+015   3.63797501261181058060E-018
      8252   2.50257462588028650000E+015   3.55705151328508701661E-018
      8253   1.65195433390462000000E+015   5.51405877593455674897E-018
      8254   1.46753027615349050000E+015   3.55272204513187525723E-018
      8255   1.42737853651564825000E+015   3.22039135977304048938E-018
      8256   2.11665600732023300000E+015   2.54946548619579975102E-018
      8257   2.64287364261179850000E+015   4.14495329701020658742E-018
      8258   2.41198112502264250000E+015   3.75559859525761847525E-018
      8259   2.18369258658141300000E+015   3.93646390443885177899E-018
      8260   1.95981319492690050000E+015   3.88131893038983084293E-018
      8261   1.35825388253983975000E+015   4.82633236776844628271E-018
      8262   1.67695178852516450000E+015   4.58528660085375920568E-018
      8263   1.87544320429616275000E+015   4.15403405683726025061E-018
      8264   1.42741722762501725000E+015   5.87325999222694333218E-018
      8265   1.29827602306281100000E+015   6.90757644842110321212E-018
      8266   2.08837135133984775000E+015   4.20480883538398028593E-018
      8267   2.04627487049598800000E+015   4.25058541897888718143E-018
      8268   3.44579633450329250000E+015   3.30213475530718222655E-018
      8269   2.49769887346607550000E+015   4.61049683366439964672E-018
      8270   2.38106915963562150000E+015   4.98111142125849615494E-018
      8271   3.60430812030169250000E+015   2.46359683525444075196E-018
      8272   2.67049548689019750000E+015   3.55618011514302070407E-018
      8273   1.70926175141927525000E+015   4.67299703805938286667E-018
      8274   1.06409249993689987500E+015   5.70427355985756793174E-018
      8275   1.45919435963128450000E+015   4.50967651127967159963E-018
      8276   2.18921521259792000000E+015   4.72781838175384310948E-018
      8277   1.73074775653302000000E+015   3.99692719116577538890E-018
      8278   1.26752232552544375000E+015   5.55752000827399163191E-018
      8279   9.89074459021769875000E+014   5.49783712409672567471E-018
      8280   1.54599528715917525000E+015   5.52447781882425348595E-018
      8281   1.69644270970258225000E+015   5.28330960923931134195E-018
      8282   1.74289380440147225000E+015   3.59948196504010010067E-018
      8283   1.61652578265552800000E+015   3.95946985993255205451E-018
      8284   2.18267684336586750000E+015   3.80047636898070596338E-018
      8285   1.75332940644367825000E+015   4.32068832143082226510E-018
      8286   8.96358977139915750000E+014   4.00670887596576347247E-018
      8287   1.05035361196625550000E+015   4.43237999601977547756E-018
      8288   8.62945332400147750000E+014   4.15759710752217900223E-018
      8289   6.99140751365686750000E+014   3.50371420709863751006E-018
      8290   1.11923567338204425000E+015   4.26094060081038980594E-018
      8291   1.27816854001712425000E+015   4.67809605028255589453E-018
      8292   2.13384489734809425000E+015   2.74765748758974267066E-018
      8293   1.28945251758358125000E+015   4.55779545020592215686E-018
      8294   7.96348019379036500000E+014   4.67691766811615361895E-018
      8295   5.42971515412326250000E+014   5.32793435536444621051E-018
      8296   7.77631574082080625000E+014   6.29192124752292710308E-018
      8297   8.84115500048942625000E+014   4.03512758753732533248E-018
      8298   6.61807950536812500000E+014   6.23216670897798368108E-018
      8299   1.01780027260334525000E+015   4.85797063519950597665E-018
      8300   2.27998437286359950000E+015   2.75617551351439721290E-018
      8301   1.43785405241788725000E+015   4.80433575998155467921E-018
      8302   9.40859880114699750000E+014   5.88974209697131673545E-018
      8303   9.73280414073553000000E+014   5.68766040013912511092E-018
      8304   9.87164865732753500000E+014   4.93132754997481189488E-018
      8305   1.04571471340940062500E+015   3.14470941734490954252E-018
      8306   8.52563636809557625000E+014   2.97101507814882934250E-018
      8307   5.26058531634183937500E+014   5.81166319255506364519E-018
      8308   7.44686559806492125000E+014   5.25929901268857952137E-018
      8309   8.17078346306427000000E+014   5.06895198407964840427E-018
      8310   1.03799706446063687500E+015   3.58467744392576551401E-018
      8311   1.10055628774781887500E+015   3.72049169461784695400E-018
      8312   9.83266246189827375000E+014   5.16499093316529171142E-018
      8313   1.10211864706702725000E+015   4.77724374629110276812E-018
      8314   8.51356780452386750000E+014   4.56943812645209936938E-018
      8315   9.20098712452497500000E+014   4.71575951697036994044E-018
      8316   9.53394952988668125000E+014   3.85225432528049573138E-018
      8317   4.35088073791869312500E+014   4.85645892643269657779E-018
      8318   5.50610999088825312500E+014   3.26300118889939416716E-018
      8319   5.76485312725752375000E+014   4.40543876578778802024E-018
      8320   6.09144659922076125000E+014   4.53891063945623526339E-018
      8321   5.17468538229830875000E+014   4.16766056654191785093E-018
      8322   4.03864570576046000000E+014   6.04404442758226788043E-018
      8323   8.83871061312185250000E+014   4.27516660062033047676E-018
      8324   1.08496579332920262500E+015   2.67379036407149605243E-018
      8325   8.69697313381538750000E+014   5.46666984533974076770E-018
      8326   7.43684431273031375000E+014   7.56306572997645341703E-018
      8327   5.41153133094792562500E+014   7.56699226837216930750E-018
      8328   3.25778517580286125000E+014   8.25552090107525191392E-018
      8329   4.73659508142137625000E+014   5.98361517173883228840E-018
      8330   7.01384640362736750000E+014   3.69011796723676521320E-018
      8331   5.16395961656256937500E+014   4.82565321241772023049E-018
      8332   3.78689467416884125000E+014   5.04846957900548046580E-018
      8333   3.24111943711037000000E+014   7.39011013459378691829E-018
      8334   3.24606179614855687500E+014   6.33810047142460989766E-018
      8335   3.71029379696131812500E+014   6.80736856220315961283E-018
      8336   6.72800623734556750000E+014   5.03078680462738292527E-018
      8337   1.28938448706483700000E+015   2.19101870812344964354E-018
      8338   1.17471677793036700000E+015   5.61111032546386799274E-018
      8339   5.33242734450758312500E+014   8.64765597966258551314E-018
      8340   6.61650806412828125000E+014   7.78107845973480745464E-018
      8341   6.41582491118717375000E+014   5.37785457370890614663E-018
      8342   6.78830773624801000000E+014   6.43458973254263414705E-018
      8343   9.14033589309399000000E+014   9.41027398379601921471E-018
      8344   5.16280456411423250000E+014   9.52762104387928064639E-018
      8345   6.99027752775942375000E+014   4.74859597017697243504E-018
      8346   4.67860395118222812500E+014   6.05055758905672388914E-018
      8347   5.97237854144022875000E+014   5.23103489252755779428E-018
      8348   8.82370394409746250000E+014   5.20226105523362413591E-018
      8349   9.82430769337891500000E+014   4.43681486783284701516E-018
      8350   6.48240344263868375000E+014   4.39491315949815422077E-018
      8351   6.67446588057742875000E+014   3.76712602199405158188E-018
      8352   7.12496530643653750000E+014   3.24360829929861045426E-018
      8353   1.62133627020576375000E+015   2.72523723209626929886E-018
      8354   1.67365506321212475000E+015   3.68595183713750349674E-018
      8355   6.21696238717107375000E+014   4.76202081874246406936E-018
      8356   4.29283850530036000000E+014   6.61397329719242187949E-018
      8357   3.18618411183022125000E+014   8.20298192352965243941E-018
      8358   1.12935431638988225000E+015   3.85932007067813012914E-018
      8359   1.87775962295854850000E+015   3.46477244543740183231E-018
      8360   8.20690583347469625000E+014   4.75248265738040761512E-018
      8361   1.02105354515192375000E+015   2.98909643460144601818E-018
      8362   7.51341308153519375000E+014   2.88556110121907136136E-018
      8363   5.00529970397755562500E+014   5.11348797289475033978E-018
      8364   6.24969645018352875000E+014   6.17711253868195714587E-018
      8365   7.47130940531849875000E+014   5.75452816508728040606E-018
      8366   9.43003194199632125000E+014   5.42182086323264539460E-018
      8367   9.61212117633318625000E+014   3.15705869613295977393E-018
      8368   1.32712498024678000000E+015   2.33947212754029705557E-018
      8369   1.21778747198172200000E+015   3.96743346862409825772E-018
      8370   6.65567230396763875000E+014   6.35273317809079682240E-018
      8371   8.56025653131699500000E+014   6.14549856864299525272E-018
      8372   1.30824671878975700000E+015   3.70016430486460100230E-018
      8373   8.73886928873484500000E+014   3.97134952308667181997E-018
      8374   7.06341895028754000000E+014   4.54453021964000650747E-018
      8375   7.19888846467466875000E+014   4.66298353667799853927E-018
      8376   9.58045259643127500000E+014   4.31112730364079541769E-018
      8377   7.35413807601658875000E+014   5.39285601207616615977E-018
      8378   1.30118345136548625000E+015   5.23584801124262064001E-018
      8379   1.51579557553170300000E+015   5.09313404498805010292E-018
      8380   1.21828163304798600000E+015   4.11187550533746839454E-018
      8381   1.59689483220816500000E+015   2.72735497301245352016E-018
      8382   2.49441115647724100000E+015   3.27181475146507447157E-018
      8383   1.83518683212965550000E+015   4.89286947520300778262E-018
      8384   8.91384559027369750000E+014   4.68183064742163161151E-018
      8385   9.16504146754681250000E+014   5.32225060597552015582E-018
      8386   7.90152599987503375000E+014   4.07557463131336434174E-018
      8387   8.17991424884626875000E+014   3.34918265572804901108E-018
      8388   9.50964067396805625000E+014   2.24732378814180141544E-018
      8389   1.14347228179628625000E+015   2.44408339421165673928E-018
      8390   1.43758323142236075000E+015   1.96798863960373301578E-018
      8391   6.07948620194012250000E+014   5.48286402786641765512E-018
      8392   3.27148722904617687500E+014   5.04104546693549654660E-018
      8393   6.94411881649291750000E+014   2.65207057642435462285E-018
      8394   1.25071650577197050000E+015   4.07553260482478688085E-018
      8395   1.34334936748763050000E+015   3.17754219089772017143E-018
      8396   1.76214140003205900000E+015   3.28839977366106037603E-018
      8397   1.99264847757768775000E+015   3.93958746367167125085E-018
      8398   1.83747019086358650000E+015   3.52743203204858667414E-018
      8399   1.88307067679290650000E+015   3.70221496549072101411E-018
      8400   1.88742141027277050000E+015   3.12038436839135098391E-018
      8401   1.23469332341974475000E+015   2.81694339211475701914E-018
      8402   1.02105448815130512500E+015   3.59878198502572134048E-018
      8403   9.74575929715705250000E+014   5.03795913907451634789E-018
      8404   9.74091622694858125000E+014   5.35385578271866327259E-018
      8405   1.01878574360972262500E+015   4.37434300238504439256E-018
      8406   1.19351013330453950000E+015   3.48400571137868047675E-018
      8407   8.88036388583647625000E+014   3.63376257320904963179E-018
      8408   1.43522277127578850000E+015   3.73977929026695621011E-018
      8409   1.95086091156529700000E+015   3.41790305560640019443E-018
      8410   2.30329283955540650000E+015   2.82204650969791942462E-018
      8411   2.09049188471230050000E+015   2.74222609647147099229E-018
      8412   2.53300343090750300000E+015   3.96576684391503917428E-018
      8413   2.86211516753386050000E+015   3.60902495183135419714E-018
      8414   1.89074828906242900000E+015   3.08252126079220458627E-018
      8415   1.26996623184145200000E+015   3.23611134059531236572E-018
      8416   1.98638757484983750000E+015   3.11886760637987379002E-018
      8417   2.03862538911454450000E+015   2.23654423625607855221E-018
      8418   2.48358389869852100000E+015   3.28825953822350808841E-018
      8419   2.69225147946908250000E+015   3.79330370286481651244E-018
      8420   2.65771503033466200000E+015   5.50152902794265741050E-018
      8421   2.54638053743284400000E+015   5.65372847491423415210E-018
      8422   2.23744882602410575000E+015   3.49732914734276153090E-018
      8423   1.50518561121186500000E+015   4.21846795343524998209E-018
      8424   2.10113917172737750000E+015   3.65750075370328364718E-018
      8425   2.29030613171104950000E+015   2.74290314565789135304E-018
      8426   2.92595383780203000000E+015   2.97849302542695097165E-018
      8427   3.58063629473481450000E+015   2.75349530621843398369E-018
      8428   3.84597560363630850000E+015   2.08144801993385912289E-018
      8429   4.57552907184849700000E+015   2.18702210429580260228E-018
      8430   4.93213527725773600000E+015   1.96863012740572704318E-018
      8431   5.85141121676050400000E+015   1.86049194783266559981E-018
      8432   6.85758104912002600000E+015   1.92323118093880656705E-018
      8433   1.02650152648561640000E+016   1.81540323342137580722E-018
      8434   1.64886139347360180000E+016   1.43086031158835552326E-018
      8435   1.82054306300498560000E+016   1.35487231928459488911E-018
      8436   1.83168603270895520000E+016   1.58355340300331416236E-018
      8437   2.21980199477417840000E+016   1.44840546257153595537E-018
      8438   3.90810884543810640000E+016   9.03829502604283495404E-019
      8439   6.88930184115446080000E+016   5.88565818849167529410E-019
      8440   9.19819382894417440000E+016   4.89964267645123647256E-019
      8441   1.12423966965396960000E+017   4.68638856150686693254E-019
      8442   1.71035511718426624000E+017   4.25468681170168293609E-019
      8443   2.56620192958305952000E+017   3.37464377423671608437E-019
      8444   3.62415922778906112000E+017   2.70227122061760893476E-019
      8445   4.75183741416544064000E+017   1.75387171415136270323E-019
      8446   6.24167500776805504000E+017   1.42808266289372267553E-019
      8447   3.68504733942303360000E+017   3.51189164662160401057E-019
      8448   2.27842820557203648000E+017   4.25498323996023339549E-019
      8449   1.66237133096525248000E+017   4.75814941513774870383E-019
      8450   9.81358686299644480000E+016   6.99313872742695198157E-019
      8451   1.15011267507970736000E+017   5.60238308130085938598E-019
      8452   1.24459279745431424000E+017   4.81053928429864933632E-019
      8453   7.41584091530193760000E+016   6.40588432006103455352E-019
      8454   4.16812758773764080000E+016   9.55930073748135296931E-019
      8455   2.83765575265778040000E+016   1.04509542595580560539E-018
      8456   1.94698192644586480000E+016   1.49061443763605690499E-018
      8457   1.41263960830501120000E+016   1.93961048726093555778E-018
      8458   8.41951442561943300000E+015   2.37732779908702003782E-018
      8459   5.00942650481178600000E+015   3.24464795361263041050E-018
      8460   4.05337064900266700000E+015   2.84017312853389534398E-018
      8461   4.47027307184764000000E+015   2.92410586517173386826E-018
      8462   4.43197685400595400000E+015   3.58114330107729630524E-018
      8463   3.78782710088010700000E+015   3.51838781817462428820E-018
      8464   3.18832393276974100000E+015   3.12746314209125989545E-018
      8465   3.15659737729837000000E+015   2.99217097672282594524E-018
      8466   2.97393133256402500000E+015   3.81216490283047311958E-018
      8467   3.90855568202219900000E+015   3.42417002919748762631E-018
      8468   4.51107919354581200000E+015   3.46043457021036680972E-018
      8469   4.44697160167880150000E+015   2.94042253887203010661E-018
      8470   3.53238723287479300000E+015   3.34192757176856639618E-018
      8471   4.45651217056953650000E+015   3.56783235737935935274E-018
      8472   3.51764929249100800000E+015   3.60563669141242730521E-018
      8473   3.05011508286574400000E+015   3.10485167723144105728E-018
      8474   3.84884881803670400000E+015   2.65398367577670772007E-018
      8475   3.66348191762652050000E+015   4.33862685412226761564E-018
      8476   3.91658567098564700000E+015   4.71021090636270956276E-018
      8477   4.42655047667151000000E+015   2.85023460447166400934E-018
      8478   4.21107334361332950000E+015   4.08548112217916717196E-018
      8479   2.88092022826716300000E+015   4.65155775893561869894E-018
      8480   2.39894870477081350000E+015   3.34527635960421116928E-018
      8481   2.92214092476816000000E+015   3.54841151329488786431E-018
      8482   2.52488389471291900000E+015   3.49718536010293513294E-018
      8483   1.98949052073732575000E+015   3.41797084970544470284E-018
      8484   1.72237213331098850000E+015   3.37968136552981020449E-018
      8485   2.43599005328956550000E+015   3.87032797589484466010E-018
      8486   2.00630110659925150000E+015   4.94342093366776794279E-018
      8487   1.85574744010158700000E+015   3.80301692404275577674E-018
      8488   2.20170645052967600000E+015   3.89088301594377373400E-018
      8489   1.96380978991066600000E+015   3.84620371069993317215E-018
      8490   1.66266775628178025000E+015   4.27214594046577263667E-018
      8491   2.11784547434338225000E+015   4.26057393637829929820E-018
      8492   2.03144908933745700000E+015   3.85526372356544457909E-018
      8493   1.34888594754500375000E+015   5.79812460434491181551E-018
      8494   1.17428993551698300000E+015   5.43994894886474555349E-018
      8495   1.72634985314532000000E+015   5.57914480442546207265E-018
      8496   2.78120295253060850000E+015   4.19676573919050098584E-018
      8497   3.48214292504028150000E+015   2.63589107448097965195E-018
      8498   1.29182602026722500000E+015   6.50795353576746182332E-018
      8499   2.51837025237239650000E+015   4.57616547089056291270E-018
      8500   3.64951438991509250000E+015   2.92664517153539708175E-018
      8501   2.11929513384401575000E+015   2.78744243165927489707E-018
      8502   1.62608593160294550000E+015   3.77050591440226649372E-018
      8503   1.52357206856068800000E+015   4.85052202984337741917E-018
      8504   1.34530107613318900000E+015   4.94832163278475956429E-018
      8505   2.01819779703722450000E+015   5.29921906885470900638E-018
      8506   8.97217744538229125000E+014   5.58296726871971595880E-018
      8507   5.86429095286453875000E+014   6.42043632248992364287E-018
      8508   8.70425543130288750000E+014   5.79634214866769778102E-018
      8509   1.74103281364854750000E+015   5.20919135183900930626E-018
      8510   1.97431957619915300000E+015   3.94853558413613378139E-018
      8511   1.27067004487917450000E+015   3.36326823657356172391E-018
      8512   1.67387803229630225000E+015   3.20324209263477816892E-018
      8513   2.73344195492394700000E+015   3.98819207482060123198E-018
      8514   1.48990879430092750000E+015   3.90360215515102771434E-018
      8515   7.33585044039777500000E+014   4.23955878198315656293E-018
      8516   9.73601202480616125000E+014   4.01377994082992386427E-018
      8517   6.93455505593347250000E+014   5.61291836686559036889E-018
      8518   6.89904657338800375000E+014   4.46137864187392874234E-018
      8519   1.08866501663156175000E+015   4.42628213803262132762E-018
      8520   1.90940992498157400000E+015   3.02818018696211024147E-018
      8521   1.82484636963173625000E+015   2.69761542238965774113E-018
      8522   1.05315124516855275000E+015   3.94817955007092787726E-018
      8523   8.55855733045101375000E+014   4.72807949211507899838E-018
      8524   6.99220760228020625000E+014   5.95028404990175384393E-018
      8525   9.05753880658885250000E+014   4.72842650116325819438E-018
      8526   1.24331234637421725000E+015   3.56923552502030734786E-018
      8527   1.07386543740997412500E+015   5.29747183225992771285E-018
      8528   1.18804667335135975000E+015   5.00977933523673572646E-018
      8529   1.90785408517724400000E+015   3.15459626991325825269E-018
      8530   1.29357383096279400000E+015   4.65669024622851203682E-018
      8531   8.72929094267536625000E+014   5.60040630386071889299E-018
      8532   8.32714411225682000000E+014   5.69472243625209479582E-018
      8533   1.01806253217594075000E+015   4.56165666335259215346E-018
      8534   9.37774997942240875000E+014   2.49673875048193500939E-018
      8535   8.61538284982170000000E+014   3.23111119644232530537E-018
      8536   6.77941370646880250000E+014   5.79541149746552295690E-018
      8537   1.12648720962900850000E+015   4.66023865347368696472E-018
      8538   1.06520948761978550000E+015   3.55818543946974769052E-018
      8539   1.23756387368149625000E+015   3.10764693189998008413E-018
      8540   1.01269998498692812500E+015   4.46373110798467934537E-018
      8541   9.86345788037037000000E+014   5.67077669412487739328E-018
      8542   1.09987750196022412500E+015   3.93378837861247903448E-018
      8543   1.01063392928247912500E+015   4.17904885927839475026E-018
      8544   1.02593987541912362500E+015   4.27238783880828274168E-018
      8545   7.35425135007440250000E+014   4.36127079931781509882E-018
      8546   3.61724873515952750000E+014   5.15817083642693830816E-018
      8547   4.40309220822641187500E+014   3.27238166209467445592E-018
      8548   6.18573906367635375000E+014   4.69280732637123287270E-018
      8549   6.48421266073127750000E+014   3.57641582924450002689E-018
      8550   4.02446408656490250000E+014   5.31563543608016090547E-018
      8551   5.28554580637216250000E+014   6.25635292764549048834E-018
      8552   1.10513928824209750000E+015   3.23057837803143947809E-018
      8553   9.71486014623189875000E+014   3.96566229173729616539E-018
      8554   7.21611618785381625000E+014   6.86436421408336363768E-018
      8555   6.59031421482235500000E+014   7.73207506115448082330E-018
      8556   5.13242712680587000000E+014   6.94179248426518867344E-018
      8557   2.55646647826323812500E+014   7.13672349947567406503E-018
      8558   4.23599438189557187500E+014   5.66505011663010864789E-018
      8559   7.25895362862316875000E+014   3.56511751669840073175E-018
      8560   6.00207197056211125000E+014   4.05133473964625738446E-018
      8561   3.78633346750467937500E+014   5.22702185366657175396E-018
      8562   4.45278212505620500000E+014   6.59206967648382383915E-018
      8563   3.75618435469444250000E+014   6.44368274902675921623E-018
      8564   4.07483713002481375000E+014   7.13819063199591244024E-018
      8565   7.49348774815913625000E+014   3.83717905257291100498E-018
      8566   1.32860517930233125000E+015   2.82107313638482034275E-018
      8567   1.05380795473089162500E+015   6.52985836985452947949E-018
      8568   7.52463471213455250000E+014   8.05197418398746679329E-018
      8569   9.92272375982947000000E+014   5.88405348580697225383E-018
      8570   7.16612312739247500000E+014   3.88582260663532938363E-018
      8571   8.61550972397501125000E+014   4.67644420816251034817E-018
      8572   7.73475509538841125000E+014   9.45333773630394338998E-018
      8573   6.36961511455321375000E+014   7.08036801316930087713E-018
      8574   6.02864672912481625000E+014   4.60069794560110022665E-018
      8575   5.59699050642203250000E+014   5.16462546398203559933E-018
      8576   6.50256710381403000000E+014   3.69539722210636891656E-018
      8577   8.09482789646197625000E+014   4.54056495250387558143E-018
      8578   9.78815755826125750000E+014   4.55450692119154714636E-018
      8579   7.41096029995116375000E+014   5.09052131336320226974E-018
      8580   7.47154683037144750000E+014   4.65434330153207134092E-018
      8581   5.66268638663740375000E+014   4.64190807379438460316E-018
      8582   8.63670009609489625000E+014   4.22397884502112021026E-018
      8583   1.77839511554528425000E+015   3.53401418703977413711E-018
      8584   1.23270671408456150000E+015   3.78786958470811121193E-018
      8585   5.73508797234376000000E+014   5.68775931855024710762E-018
      8586   3.09124722302823312500E+014   9.40607373654122529558E-018
      8587   5.35326315840439625000E+014   4.88176128375658739918E-018
      8588   1.76844721901728950000E+015   2.96001480439030289006E-018
      8589   1.77166039432538850000E+015   3.38560207125638933818E-018
      8590   1.37520018962805200000E+015   2.91322414084176063906E-018
      8591   5.50748571990110250000E+014   2.63048055393049376443E-018
      8592   4.64058885953647687500E+014   5.25716389087093361707E-018
      8593   6.07943184839462875000E+014   7.04548285544323188475E-018
      8594   8.31007964716390250000E+014   5.24243102331520642190E-018
      8595   1.20312401419705900000E+015   4.74234845689636126370E-018
      8596   1.31168139432028350000E+015   3.26781757607144365537E-018
      8597   1.23365663780780350000E+015   2.84782132343658276926E-018
      8598   9.48110912819874250000E+014   3.91737643192330180380E-018
      8599   5.92393612186068500000E+014   6.00190750072698598481E-018
      8600   7.70915416278251750000E+014   4.77591730498404093245E-018
      8601   1.22374577594425625000E+015   3.51619616749371789141E-018
      8602   8.16546912848412375000E+014   3.91501590224219443682E-018
      8603   7.58022294013830625000E+014   4.02115885842974064096E-018
      8604   7.46397141715365250000E+014   4.00674892037266332602E-018
      8605   7.12392674760436000000E+014   3.59182704876815647920E-018
      8606   7.43792116235525875000E+014   4.55721435960477047350E-018
      8607   1.36908865138049625000E+015   5.11942421986575762249E-018
      8608   1.52640048560641950000E+015   4.30389808689060135258E-018
      8609   1.17696846161892650000E+015   3.85440917523230631152E-018
      8610   1.95465620072841450000E+015   2.82093652774730338938E-018
      8611   2.25357300583701400000E+015   4.02996733728837160526E-018
      8612   1.75038748893146550000E+015   4.18201802302641402986E-018
      8613   1.36131677789496750000E+015   4.78534381074486899416E-018
      8614   7.38225949438395125000E+014   5.49610728237277568540E-018
      8615   8.88380749235048500000E+014   6.03042047541939762453E-018
      8616   5.69904339775306875000E+014   5.62198923787284213639E-018
      8617   1.04778518375590637500E+015   3.33163439837967097134E-018
      8618   1.11481258800370912500E+015   2.79650929565078375672E-018
      8619   1.17666370306273000000E+015   3.14984469840235895652E-018
      8620   1.07827404430468750000E+015   3.40419462074717967983E-018
      8621   4.50594665438271312500E+014   4.22923846344138253855E-018
      8622   6.19498645318037625000E+014   1.99820189887927444404E-018
      8623   9.22532735766816000000E+014   3.48643356017997517333E-018
      8624   1.63063662485089000000E+015   2.93180102097384467624E-018
      8625   1.73422881966214675000E+015   3.34123478565870266796E-018
      8626   1.58573042890180525000E+015   4.35148669442765067163E-018
      8627   1.52267971840713550000E+015   4.17944398501889544408E-018
      8628   1.62502850747352625000E+015   3.94689715342818759061E-018
      8629   1.79494001271624550000E+015   4.08057127253834486812E-018
      8630   1.28366840272768900000E+015   2.91209851390061551403E-018
      8631   1.23542895279990150000E+015   3.18307712870606451905E-018
      8632   1.25035948816499275000E+015   4.54081474616268768385E-018
      8633   7.98111413182530750000E+014   6.28425715867662696853E-018
      8634   1.30397581797428725000E+015   5.88176168419110357169E-018
      8635   1.84915437433230275000E+015   5.85703738111153863215E-018
      8636   2.28592348866068150000E+015   5.64264321901750604964E-018
      8637   2.24272701045485150000E+015   4.49059439119147336916E-018
      8638   2.22298844558593700000E+015   3.65507257811191699797E-018
      8639   2.46522925980392300000E+015   3.58876384448394455487E-018
      8640   2.23988403716052600000E+015   4.21014326505702942260E-018
      8641   1.83509210960754600000E+015   5.01075592647719628720E-018
      8642   1.84494421167982900000E+015   4.56041652705109166232E-018
      8643   1.80414493842814150000E+015   3.20062816313545330611E-018
      8644   2.03261592262429425000E+015   2.59272518695836457062E-018
      8645   2.25405233208569550000E+015   3.21759998590476134714E-018
      8646   2.24748165430349375000E+015   2.97241666293972043252E-018
      8647   1.90283268599275900000E+015   4.22141684533923265132E-018
      8648   2.00783972374933150000E+015   4.95321935481416910906E-018
      8649   1.59764481586144925000E+015   6.33035058126471735928E-018
      8650   2.15355173154156400000E+015   5.52471845762076801677E-018
      8651   2.17831650421535200000E+015   3.69653061171824111046E-018
      8652   1.48989790374386675000E+015   3.97759206958091028819E-018
      8653   1.44884916490396925000E+015   3.26274792098132388156E-018
      8654   1.96999052873658150000E+015   2.45286920529997781953E-018
      8655   2.65593410377529700000E+015   2.59215118372258212853E-018
      8656   3.24699834114276900000E+015   2.56764691450835638832E-018
      8657   2.67467977298091500000E+015   2.58944771672418037591E-018
      8658   3.23331721200049450000E+015   2.60558360639930728299E-018
      8659   3.36256548494125900000E+015   3.24962579764409347279E-018
      8660   5.27545380923556300000E+015   2.86152899795951559441E-018
      8661   7.78938776241779200000E+015   2.01119019468358446420E-018
      8662   8.51353405157932300000E+015   2.42845101610949057606E-018
      8663   8.63753041729248100000E+015   2.43158112692679892077E-018
      8664   1.73287487296147340000E+016   1.47353157811733240475E-018
      8665   2.07637789944396520000E+016   1.14996278023518009982E-018
      8666   1.91956311496055200000E+016   1.26765423509746974711E-018
      8667   2.61387697017984240000E+016   9.73354973714310089566E-019
      8668   4.21334330912811760000E+016   9.42103734158544309877E-019
      8669   8.66434543419014560000E+016   5.22220316338322339166E-019
      8670   1.18019340989130688000E+017   3.58676788290926863625E-019
      8671   2.08188716537307232000E+017   3.22882355301380400315E-019
      8672   3.14434976483417152000E+017   2.76353104262422398001E-019
      8673   3.79452945075209600000E+017   2.46620928826637749511E-019
      8674   2.64020542891967136000E+017   4.31425678486308222073E-019
      8675   1.23298176583411264000E+017   5.85308122411156743791E-019
      8676   2.07772712969030656000E+017   4.39165958221217792327E-019
      8677   1.14137850977195024000E+017   5.70854949079738075590E-019
      8678   6.26313394714188800000E+016   8.83420699375573376039E-019
      8679   2.93297181452428800000E+016   1.17509541680813244922E-018
      8680   1.99903277027089520000E+016   1.35079883759166788785E-018
      8681   1.71865984889056440000E+016   1.96381211896500256333E-018
      8682   1.65121549397431240000E+016   2.16683858811171440470E-018
      8683   1.04029195802604900000E+016   2.55512260416678853862E-018
      8684   6.08463943354228200000E+015   2.71991922902673066867E-018
      8685   4.98769182717329400000E+015   2.79484569158286352099E-018
      8686   5.25058075152549100000E+015   2.31028176224621814253E-018
      8687   4.81634740375156300000E+015   2.83248806806414555809E-018
      8688   4.79534631470438100000E+015   3.36019213449460874590E-018
      8689   4.54218112122753400000E+015   3.56296560190994294583E-018
      8690   4.01201643927116400000E+015   3.00748732858178631593E-018
      8691   4.32229006614141550000E+015   3.65410005652055080021E-018
      8692   4.26925086878152850000E+015   4.53514181941306732114E-018
      8693   3.77162147187099700000E+015   4.41628022261230105531E-018
      8694   4.03241802276943900000E+015   3.48917023099892555485E-018
      8695   3.32302585771082600000E+015   3.34502871893901914937E-018
      8696   3.95417629118631150000E+015   3.25807543407456793797E-018
      8697   3.76842689949143800000E+015   3.31406084705300120118E-018
      8698   3.09801879606865900000E+015   3.34715399340442170985E-018
      8699   3.22946230439467300000E+015   2.44850078762663614452E-018
      8700   3.36462641666539650000E+015   2.75703155948793661005E-018
      8701   3.54461408108369300000E+015   3.69221888354273278157E-018
      8702   3.65244154171324300000E+015   2.85266452730805866336E-018
      8703   5.24996756138705200000E+015   2.88616283191426617331E-018
      8704   4.04485141788550600000E+015   3.73844735318462006698E-018
      8705   2.05626921206357075000E+015   3.83346530836071715992E-018
      8706   1.76512425285005600000E+015   3.45478204287603640572E-018
      8707   2.80148626850380700000E+015   2.95441548024571305723E-018
      8708   2.29571697660832500000E+015   3.33978146144903963062E-018
      8709   1.58283677143028625000E+015   3.71583110986045991970E-018
      8710   1.66942648443066275000E+015   3.76370209168623003562E-018
      8711   1.95204484353150500000E+015   4.90043474397969025120E-018
      8712   1.52317342292326950000E+015   6.00594608672946913725E-018
      8713   1.39177504974575650000E+015   5.70297799752532750931E-018
      8714   1.90164968070297350000E+015   3.87696960089390820082E-018
      8715   1.57402653546234225000E+015   3.80549597996450911121E-018
      8716   1.42035386392812450000E+015   5.36859544295557510104E-018
      8717   1.68666892288617400000E+015   5.57911333925604144328E-018
      8718   1.59323749919928850000E+015   4.85312574523819305609E-018
      8719   1.57477657257847550000E+015   4.20020777388438310223E-018
      8720   1.49933068678222400000E+015   5.21670397935641733333E-018
      8721   3.35021377751032600000E+015   4.36675906972720715006E-018
      8722   4.06832909876216900000E+015   3.35096540331660850506E-018
      8723   2.74736727775795800000E+015   3.88598770360229399888E-018
      8724   2.08327698125546950000E+015   5.72817872986229242945E-018
      8725   3.03036505765396150000E+015   3.45567256027061826356E-018
      8726   3.12548745426478800000E+015   2.86514181699078288652E-018
      8727   2.59198423933902600000E+015   2.40761208777931944211E-018
      8728   2.65017207892501600000E+015   3.83750710016290119793E-018
      8729   1.65355870735210050000E+015   4.12871172362596123736E-018
      8730   1.59064560983706700000E+015   5.45327634121173299578E-018
      8731   1.58383401835354875000E+015   5.70160119757773028174E-018
      8732   6.19790354212632750000E+014   5.09401967958086912894E-018
      8733   6.28577448430025875000E+014   5.13168511821821744882E-018
      8734   1.29787221343428300000E+015   6.11859237159383535231E-018
      8735   1.44091402542578400000E+015   6.25425613375732821472E-018
      8736   1.38873942557666850000E+015   4.98444886382444334323E-018
      8737   1.45635035884585750000E+015   3.09876209556073467806E-018
      8738   2.26433048441248000000E+015   3.34413487294715041049E-018
      8739   2.60165378856150200000E+015   4.11083089053047091082E-018
      8740   1.62404848091359925000E+015   3.16174002853933858774E-018
      8741   1.12607398429569725000E+015   3.74647663052973401244E-018
      8742   8.14696464295888625000E+014   3.68766789381398603491E-018
      8743   6.93002448609732000000E+014   5.11369600176318541577E-018
      8744   1.02263496864394600000E+015   3.48519556240592843284E-018
      8745   1.71343095431670775000E+015   2.91703661579367968880E-018
      8746   1.75007852675155775000E+015   2.38187020128786211414E-018
      8747   1.19591557909668150000E+015   3.15281678687640830467E-018
      8748   1.29803027403986550000E+015   4.36520656790084226021E-018
      8749   1.02015158932289587500E+015   4.30366721623220639608E-018
      8750   1.07280074908400150000E+015   4.12100342903387622698E-018
      8751   1.25783077290447575000E+015   3.97521011679811312520E-018
      8752   1.30668191938684175000E+015   4.10717517192219467719E-018
      8753   6.44335075995350500000E+014   6.41267996887092189823E-018
      8754   1.04877604926537900000E+015   4.39978808720406790179E-018
      8755   1.88097825549209300000E+015   3.50121202395352085554E-018
      8756   1.52716964558374600000E+015   4.44544051636308880529E-018
      8757   8.86054611207199750000E+014   5.36907361110145045046E-018
      8758   1.08609175408822100000E+015   4.95560761207295211489E-018
      8759   1.11643756464744900000E+015   3.95083772808338356127E-018
      8760   9.34551805893405250000E+014   2.54497146181425610400E-018
      8761   1.03350978430162175000E+015   3.58644230727058086207E-018
      8762   8.99076724558710625000E+014   5.20577557305714113998E-018
      8763   1.09088766010324100000E+015   3.93130065008511726281E-018
      8764   7.89353954271925375000E+014   4.32084505873117948065E-018
      8765   1.02254456571558525000E+015   4.35406109102909073929E-018
      8766   7.24618759859409375000E+014   5.55498206721424441993E-018
      8767   9.03743701702385375000E+014   5.33673588370367367066E-018
      8768   1.03443697107187075000E+015   3.87171807621553948581E-018
      8769   9.74708211299608000000E+014   4.30159112646159766602E-018
      8770   8.90365709338816875000E+014   4.65140292588729972107E-018
      8771   6.32473627208941000000E+014   4.83850571262623086796E-018
      8772   4.40693723450708000000E+014   4.33433232666589328519E-018
      8773   3.33218853588626875000E+014   4.48393058282582386970E-018
      8774   5.72951677400930000000E+014   4.54356597112159710545E-018
      8775   5.16797007963878062500E+014   3.88647246033414200269E-018
      8776   5.92724472531966750000E+014   5.39940696538965799964E-018
      8777   1.02608125040961750000E+015   4.01384228566895052692E-018
      8778   1.11678624587962012500E+015   3.38061011093686822314E-018
      8779   1.01659828695238012500E+015   4.33870476192062376517E-018
      8780   8.67414883877205750000E+014   6.91989435609163340943E-018
      8781   8.02011699362358000000E+014   6.55809764937724987575E-018
      8782   5.73987615030646000000E+014   6.45071870660457399676E-018
      8783   3.75312461027939687500E+014   7.24387233351611903128E-018
      8784   4.84538150560265875000E+014   5.62037176129688575280E-018
      8785   8.02732169354852250000E+014   3.91405799005878443309E-018
      8786   7.71668684164930250000E+014   4.30093394781308894420E-018
      8787   8.10663378108809625000E+014   4.71745249004870516054E-018
      8788   5.59395087968884000000E+014   6.34224231599207796731E-018
      8789   5.00548594748689375000E+014   6.24499349081011749447E-018
      8790   5.45904760627521437500E+014   6.23055801745134762306E-018
      8791   1.10676414531022000000E+015   2.64061094011968533580E-018
      8792   1.36910969047450725000E+015   4.02128383959880251909E-018
      8793   1.16129196952000000000E+015   5.62915352201093067225E-018
      8794   9.39367064320787750000E+014   7.25240235521554435115E-018
      8795   9.52234027529349000000E+014   4.55270241636625256361E-018
      8796   7.12464409440773500000E+014   4.61006497260116899952E-018
      8797   9.76104581892969500000E+014   4.01818028866212374894E-018
      8798   1.00296027520697262500E+015   5.77831792082977624110E-018
      8799   5.84805229203942875000E+014   4.71875880613489711572E-018
      8800   5.56802578934117437500E+014   5.45139228466022903042E-018
      8801   9.17178845586379250000E+014   3.89803825277351071004E-018
      8802   8.60594111946673875000E+014   3.64930410261801470770E-018
      8803   9.32497941758700125000E+014   4.58685052275809643480E-018
      8804   7.40626991227067125000E+014   5.21719931343019402987E-018
      8805   9.16185764951561250000E+014   3.88942522609065660821E-018
      8806   8.44337054611579000000E+014   4.91552171896638256041E-018
      8807   1.10920486182528562500E+015   4.00556410962070336355E-018
      8808   1.38192012287396325000E+015   4.41932023183641890313E-018
      8809   1.53862326422601000000E+015   3.84714630923156432956E-018
      8810   1.05875629895781475000E+015   3.64581404335034688441E-018
      8811   7.21798228648361250000E+014   6.34250282790121670921E-018
      8812   5.53536656551483812500E+014   5.41798751930400328117E-018
      8813   7.15707296253954750000E+014   3.48106627852515854314E-018
      8814   1.49053649544031650000E+015   3.66939136944340406119E-018
      8815   1.58959991461648700000E+015   3.19146764588574433304E-018
      8816   1.27037319043942375000E+015   3.27164908627950094717E-018
      8817   6.19841079780011250000E+014   2.79057733027631991072E-018
      8818   6.11769120964381625000E+014   5.09496599638096104765E-018
      8819   6.96373537820086125000E+014   6.47241767794142948104E-018
      8820   9.66641222919895875000E+014   4.91619012084433668878E-018
      8821   1.23953186824537750000E+015   4.13487214504374012746E-018
      8822   1.61499420288781825000E+015   3.35961679749179628193E-018
      8823   1.01118020403021600000E+015   3.27114177745972069777E-018
      8824   6.21034543467353250000E+014   5.21379245048018934900E-018
      8825   6.64262806638135125000E+014   5.06197718748349013313E-018
      8826   7.50753463745032250000E+014   4.02500555811162132566E-018
      8827   1.02538187702333787500E+015   3.47106003360389553323E-018
      8828   1.00797209224528975000E+015   4.66106998902411965894E-018
      8829   7.53295777312793750000E+014   4.23472894806496326856E-018
      8830   8.35572670071050625000E+014   3.91170277650989909570E-018
      8831   7.29711678326193625000E+014   2.74423652403251718851E-018
      8832   7.60520492532030250000E+014   3.07176203839750119187E-018
      8833   1.96689334985743600000E+015   3.46590653759785654878E-018
      8834   1.99533413113753350000E+015   3.75906140710897814813E-018
      8835   1.26744821372678875000E+015   3.17342695751354468994E-018
      8836   1.63319598122064200000E+015   3.34246952494619153968E-018
      8837   2.24437426142600250000E+015   3.98947620615493743435E-018
      8838   1.06060225208867125000E+015   3.89689077015536678908E-018
      8839   1.10683168529103500000E+015   3.93756082075852984368E-018
      8840   9.10516564770528250000E+014   4.90977323610503196378E-018
      8841   7.54967612989560750000E+014   5.68963007728665590841E-018
      8842   8.50027577030990375000E+014   5.09422714418070173007E-018
      8843   1.05762122058469837500E+015   3.87340173140956066223E-018
      8844   1.06578024341018500000E+015   2.66129929534087236294E-018
      8845   9.58741507385634750000E+014   4.02999226473651765040E-018
      8846   1.42277501862628850000E+015   3.40261176021062993342E-018
      8847   1.55535094277966200000E+015   2.86744008755945783754E-018
      8848   1.12336651425979100000E+015   3.06401948691419710118E-018
      8849   1.20916480038135100000E+015   2.93519946321317752203E-018
      8850   1.43138493889498625000E+015   2.61594034712005074417E-018
      8851   1.97358995974795725000E+015   3.44739915957872293189E-018
      8852   1.58218688753259625000E+015   5.01379196673723340733E-018
      8853   1.38789551830695125000E+015   5.48927444401830315511E-018
      8854   1.57872484122111000000E+015   4.27152663022644487292E-018
      8855   1.57231849812867475000E+015   5.15894263730414370379E-018
      8856   1.11227209118659050000E+015   3.97880727660943147482E-018
      8857   1.22298282746556900000E+015   3.67300743537947347150E-018
      8858   1.33468411933592300000E+015   4.97533508843958577330E-018
      8859   1.42101139379268925000E+015   7.25581518459183551785E-018
      8860   1.53487582502418225000E+015   7.51283700066918307994E-018
      8861   2.02882804467266075000E+015   7.41497734063821996776E-018
      8862   2.42686614771134250000E+015   6.22648656928195359243E-018
      8863   2.84444780239229600000E+015   4.29539669638538667145E-018
      8864   2.20873105149736375000E+015   3.59241572578341914531E-018
      8865   2.38327516614781400000E+015   3.15729119495591664371E-018
      8866   2.06443549503630100000E+015   3.62336419917407979566E-018
      8867   1.32452992540028325000E+015   4.17721839237059511618E-018
      8868   1.51617255259328850000E+015   4.02133395036950244800E-018
      8869   1.82905590393108075000E+015   3.21977701068766825446E-018
      8870   2.68284999292865650000E+015   2.98265457159025169295E-018
      8871   3.08113924800625400000E+015   3.15653446584734893007E-018
      8872   1.82227683960624800000E+015   3.68367124343141684920E-018
      8873   1.49745526853024750000E+015   5.93366547602772594882E-018
      8874   1.31441131009433200000E+015   6.38747467592879491459E-018
      8875   1.69016018702478125000E+015   7.15231448801393177275E-018
      8876   2.29996987543170800000E+015   5.63749591149086865842E-018
      8877   2.25457576038489850000E+015   3.75614729069124742484E-018
      8878   1.25177334051038350000E+015   4.15503551081019570844E-018
      8879   1.65736443493145675000E+015   2.64213256083721715979E-018
      8880   1.95557215252971325000E+015   1.84327826242250147135E-018
      8881   2.64746215098017800000E+015   2.56295460596019856191E-018
      8882   2.97775566551335000000E+015   2.40630945693838162665E-018
      8883   2.49395323100978500000E+015   2.83891679821671144928E-018
      8884   3.98712769027822000000E+015   2.89967021826700076046E-018
      8885   3.75514369110017900000E+015   2.86024085791770770995E-018
      8886   5.42787904425115400000E+015   3.31633228010900717865E-018
      8887   8.46548492105418400000E+015   2.50303168294339373862E-018
      8888   1.19769181543110380000E+016   2.00377862971082109639E-018
      8889   1.19684474780333100000E+016   1.90905852418793246832E-018
      8890   1.11715813700536040000E+016   1.54340197157405266825E-018
      8891   1.79553223640139560000E+016   1.11523097710282855735E-018
      8892   1.69469759348281880000E+016   9.52963062226988914845E-019
      8893   1.66033774237308160000E+016   1.19528693435221101595E-018
      8894   2.47449416282742240000E+016   1.09129294199973155383E-018
      8895   5.18653469434748720000E+016   6.33510291149473640772E-019
      8896   8.61096590389524480000E+016   3.19945866605880917240E-019
      8897   1.15291339323872768000E+017   3.50786858962773117334E-019
      8898   5.51087760951399488000E+017   1.50073966938065580872E-019
      8899   2.47688852093194752000E+017   1.98674242030908530401E-019
      8900   3.80189455007896576000E+017   2.01247661620904946415E-019
      8901   2.11862582282847200000E+017   2.98181798729118838011E-019
      8902   2.66963631309468736000E+017   2.69648804328076202889E-019
      8903   3.19144985397014784000E+017   2.03424520605423307263E-019
      8904   3.17547419826574464000E+017   1.79709457515619245053E-019
      8905   2.99677242369006912000E+017   1.86510089567376918090E-019
      8906   3.32594937865327488000E+017   9.71380392139316710360E-020
      8907   3.43236007496896768000E+017   4.20809118501872578621E-019
      8908   3.49992268760217728000E+017   3.86595630254837063838E-019
      8909   3.52178254763057344000E+017   1.97001236407440770582E-019
      8910   6.72932347597450880000E+017   1.80866935235093527842E-019
      8911   5.02596614268944640000E+017   1.97640726004180278363E-019
      8912   2.86163876131276992000E+017   2.12086345604815568836E-019
      8913   2.97034796815515392000E+017   2.92757580118965562753E-019
      8914   4.48321224809249920000E+017   2.16044377294280007253E-019
      8915   7.80856190682979840000E+017   8.98599318642332575471E-020
      8916   1.05061261361414988800E+018   4.71586896876424182736E-020
      8917   7.39641878555673088000E+017   7.89417275083622121909E-020
      8918   3.55438740327739968000E+017   1.96044786692447300679E-019
      8919   2.17292735250045056000E+017   2.81504541651322190941E-019
      8920   3.61166063341624512000E+017   1.53278320308775817965E-019
      8921   5.01300801159924864000E+017   1.17913886634550117751E-019
      8922   2.95116676627205568000E+017   3.95005274430795558303E-019
      8923   3.99080970279625216000E+017   3.76959725932687037388E-019
      8924   4.12512548287319552000E+017   2.64555639547560578765E-019
      8925   4.59577457458960704000E+017   3.58534786327982027811E-019
      8926   4.50713905115229504000E+017   2.22910189653218441212E-019
      8927   2.75594690743542272000E+017   2.95792317264433284146E-019
      8928   3.86996948795458944000E+017   3.23857138704242111059E-019
      8929   3.99879033572544000000E+017   3.41689012418468895215E-019
      8930   4.57154228197858368000E+017   2.71725676342857485155E-019
      8931   6.28141979745016832000E+017   1.42952120472722210140E-019
      8932   8.31590748425733632000E+017   1.39826612081819333577E-019
      8933   1.12995137084332339200E+018   8.58749744964341541968E-020
      8934   6.46600744796924160000E+017   1.50726317739041847928E-019
      8935   4.59605992939616064000E+017   2.19978281189148601554E-019
      8936   6.50860868369965568000E+017   1.83270048961959719741E-019
      8937   6.63176246412230144000E+017   1.62673049926523159798E-019
      8938   5.16510942779606912000E+017   1.33738112256655527991E-019
      8939   7.53969717792802432000E+017   9.28207433706832612968E-020
      8940   8.22323716096940800000E+017   5.83217249500964839004E-020
      8941   4.46197593975116672000E+017   1.54975458711452990837E-019
      8942   4.32402573231798208000E+017   1.80484994372017883280E-019
      8943   7.25409977190414080000E+017   8.81452128807920504935E-020
      8944   6.27852520502884992000E+017   1.91462250849353103074E-019
      8945   6.54860859770685568000E+017   1.55326592622499627663E-019
      8946   7.34885099848187136000E+017   1.16978364091752082936E-019
      8947   8.82560139415423616000E+017   1.15944617399784389453E-019
      8948   9.86507012647264768000E+017   1.00698472711065061786E-019
      8949   7.33334984949923584000E+017   1.76278326498054491760E-019
      8950   8.69271206631981568000E+017   1.82020878624178753599E-019
      8951   6.84529021078737536000E+017   2.18006742359464584947E-019
      8952   5.63899307305616768000E+017   2.80680697540582763067E-019
      8953   5.44283560317140608000E+017   3.31800140317174372507E-019
      8954   6.11727431577396096000E+017   3.15966315125829037294E-019
      8955   7.74037463388456704000E+017   2.92623644377126451314E-019
      8956   1.05561692041122048000E+018   2.02307905866468352159E-019
      8957   1.02782357399749222400E+018   1.82980363975798135282E-019
      8958   8.24618388579913216000E+017   1.84255967810730876299E-019
      8959   6.35462101550068480000E+017   2.09548142660707028434E-019
      8960   6.08465157254850688000E+017   2.21060857224783948586E-019
      8961   7.49914194132411648000E+017   1.39797126419844403357E-019
      8962   6.32871264785580032000E+017   1.67888162579068831844E-019
      8963   7.12112548515885824000E+017   1.81059613954457679824E-019
      8964   6.06306355977504000000E+017   1.48825170875572930656E-019
      8965   6.67438416818375424000E+017   1.52015330124313791977E-019
      8966   6.14779340267808640000E+017   1.96570020982012084687E-019
      8967   8.04478094307037824000E+017   1.36866006829448989132E-019
      8968   9.42401159054697216000E+017   1.18851892423397837865E-019
      8969   9.05065935926232320000E+017   1.00576069131411436233E-019
      8970   6.14446076446586368000E+017   1.18411473316967708809E-019
      8971   6.39285026713781888000E+017   1.11192612304913329524E-019
      8972   8.22575034511165184000E+017   1.29604221644301752188E-019
      8973   8.17920217792786688000E+017   1.58092626662568547500E-019
      8974   7.38712000207558656000E+017   1.56281281441390615279E-019
      8975   7.07335008281136384000E+017   1.64510575792691334190E-019
      8976   8.68358429447587968000E+017   1.55707054025827295168E-019
      8977   8.98227621692140160000E+017   1.59556490396002755015E-019
      8978   9.41079364098006272000E+017   1.43041068652933240950E-019
      8979   8.18364323175992832000E+017   1.56239899346964391178E-019
      8980   7.08333319953366784000E+017   1.64218747558513829234E-019
      8981   6.41265562436489728000E+017   1.38663496736306897012E-019
      8982   6.23752864814098432000E+017   1.96603563724645572307E-019
      8983   6.32569331888954752000E+017   2.22595080059750216464E-019
      8984   6.86951890117028608000E+017   1.94054300236874673663E-019
      8985   6.29975704815744896000E+017   2.07744815924110575528E-019
      8986   8.12350982871066368000E+017   1.48507429014909402147E-019
      8987   7.38549525528055552000E+017   1.50384230725055909065E-019
      8988   8.84996428739088512000E+017   1.27499793018155827111E-019
      8989   1.25711738707464345600E+018   1.55421852361307603280E-019
      8990   1.26821092400268697600E+018   1.65809564952605549501E-019
      8991   8.86712355724017024000E+017   1.55749989220182767258E-019
      8992   6.42692084797242624000E+017   1.95582961071087574698E-019
      8993   6.96814503966131328000E+017   2.03503330893526657474E-019
      8994   6.24558640121508608000E+017   2.42503879576975060384E-019
      8995   7.90170347825314688000E+017   2.17865065257442421026E-019
      8996   1.19205232269113932800E+018   1.35402010015675564458E-019
      8997   1.09459198010102348800E+018   1.51265869390850458342E-019
      8998   1.23622891205247308800E+018   1.17664056431886557156E-019
      8999   1.33462700649160704000E+018   1.07267261278618195202E-019
      9000   1.20549005121732505600E+018   1.38502179376241609308E-019
      9001   8.37545875993821440000E+017   2.00315730580001342415E-019
      9002   5.05439771103986816000E+017   2.69540567044077992456E-019
      9003   3.27526144759716928000E+017   4.05935279711705496831E-019
      9004   1.92397037953887680000E+017   4.84293935988214586537E-019
      9005   2.14291738312462720000E+017   3.94421966442173660296E-019
      9006   3.48691826681564416000E+017   2.61641540816737211137E-019
      9007   4.99024189073538432000E+017   1.94698505367036712695E-019
      9008   4.37464307271871360000E+017   1.80102822167266728479E-019
      9009   3.06861735084743680000E+017   1.82103254420214988850E-019
      9010   1.76815239524754208000E+017   3.72068594550398188332E-019
      9011   8.06019283846132480000E+016   5.31344580299339317588E-019
      9012   7.83182828401315840000E+016   5.34733870813756263852E-019
      9013   1.49591649577409280000E+017   4.46943185826065000353E-019
      9014   4.57902210856469568000E+017   2.66239681977353809509E-019
      9015   5.93749470214881664000E+017   1.60627344343388187368E-019
      9016   4.46485564430889792000E+017   1.61705863351735625395E-019
      9017   2.26951958115782080000E+017   3.58064632909988684149E-019
      9018   1.25315658041920640000E+017   5.23260202812511261587E-019
      9019   1.03102521747176080000E+017   4.14664155098904911899E-019
      9020   9.50107115442176960000E+016   2.65433470336374562991E-019
      9021   9.47213999501074080000E+016   2.64556209215387763565E-019
      9022   8.38131052772253120000E+016   3.46097473834844008996E-019
      9023   6.06227635068592960000E+016   3.80849170908988615284E-019
      9024   4.06206049724474480000E+016   4.87182356611715307197E-019
      9025   4.75063644775426720000E+016   5.01183108065831899100E-019
      9026   2.32240947072388160000E+016   8.51799101728098325621E-019
      9027   1.88896971996940960000E+016   1.04391427683197303873E-018
      9028   6.73208373465487400000E+015   1.39581804735607182494E-018
      9029   1.05597187987594680000E+016   1.52294486027662962486E-018
      9030   1.94813232879426400000E+016   1.49568126235462023682E-018
      9031   3.02344577384814480000E+016   1.06384204334957823839E-018
      9032   3.73120020492622080000E+016   8.93311418555797137066E-019
      9033   2.28142115114979840000E+016   9.75226858074331375646E-019
      9034   1.52765356072138700000E+016   1.11833195563645894536E-018
      9035   8.29775944800486000000E+015   1.35739355046707239450E-018
      9036   1.14500065291838200000E+016   7.99777361703503349709E-019
      9037   1.79755572682265360000E+016   6.17360727972243652081E-019
      9038   1.76370996782177980000E+016   7.33399345269052944315E-019
      9039   1.39602067434639680000E+016   9.57641679015359905647E-019
      9040   1.24936944150151260000E+016   8.71219082129400846436E-019
      9041   1.32943293343959440000E+016   8.64749351204959486394E-019
      9042   1.44309517188472640000E+016   8.84566546610247832559E-019
      9043   2.32231806560161440000E+016   6.95456178333882026549E-019
      9044   3.47131704842612800000E+016   4.36293971922019087618E-019
      9045   3.53608553750223400000E+016   4.30053560458270214357E-019
      9046   2.16716183546649200000E+016   1.05487342603759839710E-018
      9047   1.96374750459578320000E+016   1.06827387684916312152E-018
      9048   1.62727673939436440000E+016   1.38530884918063915394E-018
      9049   1.91150262189941200000E+016   1.21738730947499297088E-018
      9050   2.64158050882802320000E+016   7.24964848987544207367E-019
      9051   2.66038421371420160000E+016   7.22927586806294628301E-019
      9052   2.61708967761838320000E+016   7.44563546101785181164E-019
      9053   2.39238774235140120000E+016   7.80340575217721363325E-019
      9054   2.48161912329723920000E+016   7.75754617344728866749E-019
      9055   4.36413170831429840000E+016   4.18990791576808309015E-019
      9056   3.89307215617178960000E+016   5.51166599006394652277E-019
      9057   2.69800957170375880000E+016   6.49156738808857323011E-019
      9058   1.83647205631016040000E+016   7.46923277292998295459E-019
      9059   5.48326909170550300000E+015   1.04222465146697097057E-018
      9060   7.46047744980982000000E+015   1.53257011162802051054E-018
      9061   8.55838168280379000000E+015   1.82376364892673569332E-018
      9062   7.77524389894427800000E+015   2.05411165629867927981E-018
      9063   8.99219175885179600000E+015   1.66566264521613906489E-018
      9064   9.66572840256525200000E+015   1.74432272013404477349E-018
      9065   5.21460175655613600000E+015   2.32761770993468604565E-018
      9066   4.31259968374684600000E+015   2.56340396818771118397E-018
      9067   4.73893410802328400000E+015   2.50189123016742496246E-018
      9068   5.42004749240750600000E+015   2.57760995385874468064E-018
      9069   5.92877036636818600000E+015   2.71680091060247384103E-018
      9070   6.59114911879655800000E+015   2.39466486374983975729E-018
      9071   2.85603303225616680000E+016   1.35917870255096028598E-018
      9072   3.18501429657170040000E+016   8.69732732389458250286E-019
      9073   2.00643024007582120000E+016   1.27895374740291461207E-018
      9074   1.68063586743086940000E+016   1.49393991259577432646E-018
      9075   2.10562121481133120000E+016   1.28491673151622623030E-018
      9076   2.58646473683100080000E+016   1.02646084959119191756E-018
      9077   2.27265427403443760000E+016   1.13699430345761714401E-018
      9078   2.05786530076459520000E+016   1.06401404975918268058E-018
      9079   1.88908957146416320000E+016   1.08957254601605243949E-018
      9080   3.84080082038440480000E+016   7.53382348800953284211E-019
      9081   4.09730834429743120000E+016   5.81168076870792959517E-019
      9082   2.71349094039655120000E+016   6.77965372343116978941E-019
      9083   2.45993748805718480000E+016   6.21357645674076030245E-019
      9084   2.35588372807556080000E+016   6.00929370892904438333E-019
      9085   1.62542911110618880000E+016   9.07694025944542432915E-019
      9086   1.36306772485336980000E+016   9.72268186084337728700E-019
      9087   9.79919495519387400000E+015   1.20065874201974942865E-018
      9088   1.02940831710359320000E+016   1.48659905154009200040E-018
      9089   1.72390323424376960000E+016   1.19559814325671363229E-018
      9090   2.57939505450040000000E+016   5.34045081587219302145E-019
      9091   2.63327785686393280000E+016   4.30895863929052337506E-019
      9092   2.42828757778672200000E+016   6.06002958160375732316E-019
      9093   1.75187717666071920000E+016   8.11666197812803770987E-019
      9094   1.49097290525241040000E+016   7.64326911661341561610E-019
      9095   1.28394397885814640000E+016   8.91586202793666244868E-019
      9096   2.50981896946366600000E+016   8.70719953035104163608E-019
      9097   3.61890677902598560000E+016   5.90723693089862842374E-019
      9098   2.01488600043373080000E+016   8.68471009833884522741E-019
      9099   2.63157777017693400000E+016   7.64955625883600162346E-019
      9100   4.24276171736808000000E+016   4.99370769167017013373E-019
      9101   4.57134833628510800000E+016   4.08529389912182423836E-019
      9102   4.08599054441031040000E+016   4.26452419595330264483E-019
      9103   2.94455396927839760000E+016   7.43641801410014415411E-019
      9104   1.33840755518268880000E+016   1.97723011477374560903E-018
      9105   7.20318505673427200000E+015   2.87945110684312687906E-018
      9106   1.29472474309426540000E+016   1.40407387242923534333E-018
      9107   1.73622489476862220000E+016   9.19206133430368700142E-019
      9108   1.38562535499096800000E+016   1.09382852923761476538E-018
      9109   2.08469943616983960000E+016   8.53572278015189893977E-019
      9110   2.24160798818693680000E+016   7.00887101845047322110E-019
      9111   1.21687163380450580000E+016   1.24571082713690104513E-018
      9112   5.79443301528979800000E+015   1.86733393381537088928E-018
      9113   6.60444328497216700000E+015   1.80203402663280744473E-018
      9114   1.11405666582591220000E+016   1.33734188867598845003E-018
      9115   1.42838775274773880000E+016   1.11600825750175125103E-018
      9116   1.48002549350140080000E+016   1.11197655322335428323E-018
      9117   1.78657252231776520000E+016   9.64123800507794455185E-019
      9118   1.98935318399823080000E+016   1.13109060798786891943E-018
      9119   3.06611958854745920000E+016   5.30973484259020039759E-019
      9120   1.95461951389512600000E+016   6.58770298765017846244E-019
      9121   1.96316880041128880000E+016   5.53323855282278067829E-019
      9122   1.41212425151978040000E+016   7.14758008444759586851E-019
      9123   9.72857370904194000000E+015   1.00398896439617743503E-018
      9124   1.20892705477516000000E+016   9.49490703666721117710E-019
      9125   1.69249385797041980000E+016   8.07092571733256163886E-019
      9126   1.47910406208186720000E+016   8.67600099627286852674E-019
      9127   1.18655652048121660000E+016   1.13241017332081819742E-018
      9128   1.42766211657495880000E+016   9.38683052390996857204E-019
      9129   1.78993494359603640000E+016   7.81652111326429259212E-019
      9130   1.60784452373623380000E+016   9.02074977927479349602E-019
      9131   9.57819199496251400000E+015   1.71858159711079352158E-018
      9132   8.75276697236985200000E+015   1.90118767208435067214E-018
      9133   1.39883306682762680000E+016   1.22038056657472794975E-018
      9134   1.79793518598162880000E+016   9.37858695199502065556E-019
      9135   1.48910857934369460000E+016   1.05699990313859424723E-018
      9136   1.46775162175615680000E+016   9.23974396860637463287E-019
      9137   1.72903450718306400000E+016   8.33352270893497164762E-019
      9138   1.67339066862204680000E+016   8.41873252297856950642E-019
      9139   1.75451861462703920000E+016   8.12833859970512301221E-019
      9140   2.17736975708549200000E+016   6.64494343098390131820E-019
      9141   2.43916272630262240000E+016   5.42140540500333862150E-019
      9142   2.31218510290236160000E+016   5.19512536146097281232E-019
      9143   2.12971065496044760000E+016   5.34962521007226521627E-019
      9144   1.66045023803753640000E+016   6.01807097952357472272E-019
      9145   1.13275870947644000000E+016   6.86248653672658860133E-019
      9146   1.19511149079266000000E+016   7.10313022338392457673E-019
      9147   2.11307919192460320000E+016   6.34635271533260632138E-019
      9148   3.49121562627613760000E+016   3.59803999058449323440E-019
      9149   2.16747765778192800000E+016   6.95116184189937481355E-019
      9150   1.30061689663768600000E+016   8.94097453239571299451E-019
      9151   1.44688873040253040000E+016   8.29529255867581181986E-019
      9152   2.00369012698513440000E+016   9.22973844759427290706E-019
      9153   2.17411041814107040000E+016   1.34924418628063887397E-018
      9154   7.64659525740143300000E+015   2.44485048768098120394E-018
      9155   7.06988723327750600000E+015   2.72417939435725722037E-018
      9156   1.08655724724149900000E+016   2.03541451285188518838E-018
      9157   2.71709173618464360000E+016   8.33187168990345213095E-019
      9158   3.30142659264735760000E+016   4.07865695939935250343E-019
      9159   2.13918000807448320000E+016   6.68295793763430743633E-019
      9160   2.32757558341414480000E+016   7.25264968907441319609E-019
      9161   2.68287285781421440000E+016   5.65692144707763396483E-019
      9162   1.40662467597810600000E+016   7.13550679179491817572E-019
      9163   2.25540817992792160000E+016   5.32479668992777504516E-019
      9164   1.73910611270223320000E+016   9.70086375191971738471E-019
      9165   3.95345385856631250000E+015   1.47938543553555307832E-018
      9166   4.91584481436736800000E+015   1.27863665186157770946E-018
      9167   4.07074239140804700000E+015   1.39661659952589922895E-018
      9168   5.37900641863172700000E+015   1.40405168871654494393E-018
      9169   9.24796570426396800000E+015   9.28379289095128255942E-019
      9170   9.18777952301477000000E+015   1.14645088359561497797E-018
      9171   5.13770910931672200000E+015   2.46082873277963969691E-018
      9172   3.58899901358406700000E+015   2.97179704236819250741E-018
      9173   5.91758857806420800000E+015   1.89924428648862966884E-018
      9174   6.63341709520482600000E+015   1.62726281502959646219E-018
      9175   1.50607613551654840000E+016   1.30140367627884256036E-018
      9176   1.68425004646633080000E+016   1.00871790323027632176E-018
      9177   9.31020437400365800000E+015   1.08053528979176557578E-018
      9178   7.64736285186094600000E+015   1.27883705222064127445E-018
      9179   7.72264994099583800000E+015   1.38739307687187978012E-018
      9180   7.55550047744045000000E+015   1.24493837353482352877E-018
      9181   7.79262311602355100000E+015   1.21366897393981634724E-018
      9182   6.96868132089137800000E+015   1.09355264298900874463E-018
      9183   7.71414298407961200000E+015   9.38978246905522459819E-019
      9184   9.13186865667430600000E+015   1.00466704568516300084E-018
      9185   1.51957859426193980000E+016   8.41573028408425698102E-019
      9186   1.78803961536211000000E+016   6.10422551918578718936E-019
      9187   1.55792033440197040000E+016   5.92893340084428250722E-019
      9188   1.51414646970875840000E+016   6.63130845981422755979E-019
      9189   1.90932559548838080000E+016   5.68317329317213162797E-019
      9190   1.19530389119980740000E+016   9.58947242754232277424E-019
      9191   7.50753408325163800000E+015   8.55021016654028362051E-019
      9192   5.41904168018575800000E+015   1.24911034236120138989E-018
      9193   5.11477334352469100000E+015   1.44615835457736314135E-018
      9194   7.98415420583354000000E+015   1.25439297767602831820E-018
      9195   1.01374880430086540000E+016   1.22769368787954602274E-018
      9196   9.13733807604947600000E+015   1.29860795884026525068E-018
      9197   1.14203594545117520000E+016   9.64728684252599111625E-019
      9198   1.35822057425163800000E+016   8.26537241591813671911E-019
      9199   1.60799587480332040000E+016   6.05384245960179224287E-019
      9200   1.18413656201357220000E+016   8.52345485480687453659E-019
      9201   5.35079079387915900000E+015   1.32354846814176619474E-018
      9202   3.09416365057915100000E+015   2.36964188673561122673E-018
      9203   7.12224616268329500000E+015   1.51063562504662331290E-018
      9204   1.39155768829553300000E+016   7.01931103867409087250E-019
      9205   2.29870462200958560000E+016   4.50447849627373528882E-019
      9206   2.94858706306510400000E+016   2.73611651248161248608E-019
      9207   2.48202196977478400000E+016   3.21707331972619761672E-019
      9208   1.85368854370589760000E+016   4.26218187960303152470E-019
      9209   1.52899124506294440000E+016   6.71260316469988114230E-019
      9210   1.14179741921771740000E+016   1.20878160843185695970E-018
      9211   6.98233367947452900000E+015   1.04200999580837280106E-018
      9212   6.51613071305434200000E+015   8.12305405743493533166E-019
      9213   9.13547625141533200000E+015   5.51252733283658549235E-019
      9214   1.42993931030186880000E+016   3.26823948039910784108E-019
      9215   2.01212670598511120000E+016   2.18555131380039476429E-019
      9216   1.16388099360762300000E+016   3.73938298111951665843E-019
      9217   6.56180097598880600000E+015   5.80560388566388621566E-019
      9218   6.79052048471938400000E+015   9.63504230949094805604E-019
      9219   8.43283639353428200000E+015   8.66491218236780185384E-019
      9220   1.20020490506346440000E+016   6.19628019406753229172E-019
      9221   1.32366705120382080000E+016   7.58690425495037903117E-019
      9222   1.05372686033671900000E+016   7.82576130991961315883E-019
      9223   8.40991383203469300000E+015   7.48349840242575327274E-019
      9224   7.03408345882834100000E+015   6.60238504085161786140E-019
      9225   1.06620882073355040000E+016   6.15072879632214112210E-019
      9226   1.31971003080576240000E+016   9.73687022632767249756E-019
      9227   1.67325394096800680000E+016   5.28413848099970418667E-019
      9228   9.06805961876050400000E+015   7.63773407992016984840E-019
      9229   7.36979841084938400000E+015   7.21024157792160630654E-019
      9230   9.05355660353989200000E+015   7.03351277629469525250E-019
      9231   6.20674603867165200000E+015   1.14614988707580697690E-018
      9232   4.02752563013060800000E+015   1.22718849505239337905E-018
      9233   5.95545558612777900000E+015   1.19637535103379857797E-018
      9234   7.73270098463089200000E+015   8.91769732608074410817E-019
      9235   6.15236271462870800000E+015   8.23641957387039392032E-019
      9236   5.80296984728757800000E+015   6.66493878464751612156E-019
      9237   5.72227064605914800000E+015   7.84706155148828928523E-019
      9238   5.54504270455231400000E+015   1.11369427890901967568E-018
      9239   7.18456008796549800000E+015   8.45117772469076471652E-019
      9240   4.30879290194945300000E+015   2.09409580384885800135E-018
      9241   5.69398340714400200000E+015   1.48417065248914539809E-018
      9242   5.66110099398820400000E+015   1.15807611059341956063E-018
      9243   3.75539619093980700000E+015   1.43912254803251938806E-018
      9244   1.12165844707204680000E+016   8.39301276877811458997E-019
      9245   1.60471821867672120000E+016   2.38476348812047498673E-019
      9246   9.54381038553409600000E+015   4.51771923631528406238E-019
      9247   6.76363932683479400000E+015   5.10271944752284320544E-019
      9248   4.73472896839232000000E+015   1.09214309136721390833E-018
      9249   2.07593385513096000000E+015   1.77355178248064404219E-018
      9250   3.51772311404517500000E+015   1.38881272236570079892E-018
      9251   3.81857073514763750000E+015   1.34933380641057098824E-018
      9252   3.67311844728028950000E+015   1.22704886467530943425E-018
      9253   3.66489484402986350000E+015   1.09707930573500978295E-018
      9254   2.18062563210929350000E+015   1.80018245619441134928E-018
      9255   2.51448777312794900000E+015   1.68846233056698174939E-018
      9256   3.01027280551462550000E+015   1.78727413604655814775E-018
      9257   5.53507062778228600000E+015   1.29263622660622198816E-018
      9258   6.42733302066406800000E+015   1.24761138859611018791E-018
      9259   6.93780715624006400000E+015   9.11385281643045258092E-019
      9260   9.61287025993590600000E+015   4.78720150467908731654E-019
      9261   7.09650151021127500000E+015   8.60589896373740086836E-019
      9262   6.29118254847895400000E+015   1.03893968015474518053E-018
      9263   7.80298385422348000000E+015   9.91353266459969011938E-019
      9264   7.11577039698263600000E+015   8.07959168456868517895E-019
      9265   4.29072314759607050000E+015   6.97994621266402983460E-019
      9266   3.61461888460828600000E+015   7.94953417079156329923E-019
      9267   4.80698972008745200000E+015   6.80665723299597918595E-019
      9268   6.45172835182721400000E+015   4.05891340919405179875E-019
      9269   4.52132191748322800000E+015   8.19376183094058174730E-019
      9270   3.11545144016504100000E+015   9.72582105147750822061E-019
      9271   2.86621797525093550000E+015   8.08584589511841258735E-019
      9272   3.04304294755633050000E+015   6.88725669286429786713E-019
      9273   3.06861816926037200000E+015   6.48348378516901503064E-019
      9274   3.46299004958075100000E+015   1.09510881054557638928E-018
      9275   8.08125563830933200000E+015   6.24678587938634407759E-019
      9276   7.52142997736677500000E+015   7.29099551240061516538E-019
      9277   4.10343706832610100000E+015   1.23695295708060638457E-018
      9278   3.34627065463209000000E+015   1.84101381045505872146E-018
      9279   3.53178609231712800000E+015   1.54246254925507292955E-018
      9280   4.19830624681731600000E+015   1.30617860845335927293E-018
      9281   6.91481003985119000000E+015   5.11770771985988180891E-019
      9282   6.35389597019820400000E+015   6.45396914999692203363E-019
      9283   5.72670537264993000000E+015   6.36623177759601305055E-019
      9284   5.45697891919563200000E+015   5.89505952771803543378E-019
      9285   6.49072030565729200000E+015   6.17918434696250883918E-019
      9286   6.11827251206457400000E+015   6.18645747099928268812E-019
      9287   5.08424341460961000000E+015   5.40326583770755276522E-019
      9288   3.47246823231097850000E+015   1.42130195160228441773E-018
      9289   4.20593434381074700000E+015   1.13762355485363304164E-018
      9290   4.66865928103185000000E+015   1.08361118928063064868E-018
      9291   2.55891448858830800000E+015   2.13860973963591324859E-018
      9292   2.19432360944273950000E+015   2.22957753535902710402E-018
      9293   2.65704758473015500000E+015   1.49836681687952731239E-018
      9294   3.02083987642096150000E+015   1.50467820310629406716E-018
      9295   4.23160486635160600000E+015   1.66228939010498631000E-018
      9296   3.94639805667826650000E+015   1.44009162834974510033E-018
      9297   3.52541701901641850000E+015   1.19481327255501593104E-018
      9298   3.20076542563691500000E+015   1.27587057856063825312E-018
      9299   3.39498744346520300000E+015   1.20596946191819474213E-018
      9300   4.46536828413951000000E+015   1.13405289513686741897E-018
      9301   3.36616730758950750000E+015   1.28444099978437509169E-018
      9302   5.23521890706842900000E+015   1.06368910389262910651E-018
      9303   4.75487385836835900000E+015   1.14511320393891928371E-018
      9304   4.00433567367213800000E+015   1.34515459094659494142E-018
      9305   9.10450596723515600000E+015   5.61949895046310480093E-019
      9306   1.16640334880935600000E+016   4.83565300135356670951E-019
      9307   1.72504036654485760000E+016   4.36314507304201393711E-019
      9308   1.36994438536393620000E+016   1.08656677128475019686E-018
      9309   3.51486799533322000000E+015   1.80380206275467519127E-018
      9310   2.96789343832881350000E+015   1.63115334309537548512E-018
      9311   4.02467296264434150000E+015   1.59485255557027606102E-018
      9312   6.56430949195092800000E+015   7.27004294606019041522E-019
      9313   5.30145731418451500000E+015   9.40336354152185136424E-019
      9314   4.86595463996496600000E+015   1.05446172408467226677E-018
      9315   4.30981316590661100000E+015   1.53384830863541692103E-018
      9316   5.30940244841899200000E+015   1.49498539409721352010E-018
      9317   4.09407148663179000000E+015   1.47219545905469590427E-018
      9318   2.32560618717148550000E+015   1.82448119212057406035E-018
      9319   2.58803515938530100000E+015   1.65024484096274979685E-018
      9320   3.26633942138313800000E+015   1.25477099405891553608E-018
      9321   5.14146933748043100000E+015   8.86280925096228092939E-019
      9322   7.47708364636508200000E+015   5.38401758649971793316E-019
      9323   4.57608738007746000000E+015   1.59137259734275808767E-018
      9324   7.96837352483601000000E+014   3.20957803588727187341E-018
      9325   1.23339424044790100000E+015   2.77684138806163160743E-018
      9326   4.35845356711495500000E+015   7.82516604121529986746E-019
      9327   2.77675307992817400000E+015   1.99215438787921220067E-018
      9328   1.47319797268565725000E+015   1.24981743950109970826E-018
      9329   2.78203084389116800000E+015   1.11488305149662568493E-018
      9330   3.01469789390967050000E+015   1.14913372643171272513E-018
      9331   3.02013997417272400000E+015   9.75537670679156592446E-019
      9332   3.01639125416385900000E+015   8.03290698407725543174E-019
      9333   3.66686182427641200000E+015   8.30345876886294274318E-019
      9334   4.88429141477729000000E+015   7.40045394374205824100E-019
      9335   3.51951806448721050000E+015   1.89654828001918175014E-018
      9336   8.44008131863763700000E+015   1.76837043615743678908E-018
      9337   1.31882082039139400000E+016   5.08162258390551807012E-019
      9338   1.07905277271629420000E+016   2.94310451331649360265E-019
      9339   1.32904643487955000000E+016   2.84577253970354023646E-019
      9340   1.62965450421099200000E+016   2.86699675744122600843E-019
      9341   1.34330129688551480000E+016   3.60731009452525333573E-019
      9342   8.07118626535641800000E+015   7.20173122866785059416E-019
      9343   8.90454119705760500000E+015   6.65866210927127879076E-019
      9344   1.20880488590108440000E+016   6.66315401797524326719E-019
      9345   1.45007870409372920000E+016   7.04764951264435241665E-019
      9346   1.35739002715442880000E+016   6.96221912775929785920E-019
      9347   7.28481456064456800000E+015   1.57227268673432830283E-018
      9348   3.13502464619457550000E+015   1.76008957664696748849E-018
      9349   1.66028246423785650000E+015   1.60658873716259540484E-018
      9350   7.25965166447107000000E+014   1.36983891819217866066E-018
      9351   1.01358419940884300000E+015   9.04075034452882719463E-019
      9352   2.28364705159959300000E+015   1.20206238173289510078E-018
      9353   2.44683438609858950000E+015   1.63530970316559993372E-018
      9354   3.39513715682716600000E+015   1.27249469132871036664E-018
      9355   3.83219572990644450000E+015   1.10838177962397769386E-018
      9356   2.92027118746601550000E+015   1.40689988775911896628E-018
      9357   2.20221974146610375000E+015   1.82646030803814233012E-018
      9358   1.93842163343891750000E+015   1.79178338423984939687E-018
      9359   3.53555660731324300000E+015   1.55992757403076733617E-018
      9360   5.64494019255251000000E+015   1.35429935815174327345E-018
      9361   6.74504637951504400000E+015   1.05023461145853007647E-018
      9362   5.42479528824297200000E+015   2.06467989606079879255E-018
      9363   2.05008403616030650000E+015   2.67707835550618830425E-018
      9364   5.46025688004098600000E+015   1.04996217234596281654E-018
      9365   1.11780796012879800000E+016   4.54061748445344134034E-019
      9366   9.34734677775314600000E+015   5.37914158221949190103E-019
      9367   4.34701004675331200000E+015   8.63585069076518668777E-019
      9368   4.34825103049511500000E+015   9.61058424188920941336E-019
      9369   4.54132337723133800000E+015   9.86656194822952861134E-019
      9370   3.31634739466508050000E+015   1.21819080496274003690E-018
      9371   3.54907699583826800000E+015   1.22631594166211333233E-018
      9372   4.29653205428845200000E+015   1.21668262318359620223E-018
      9373   4.47738179948493700000E+015   1.16954721265250004660E-018
      9374   8.85995229190443600000E+015   7.26225676785761012339E-019
      9375   7.79528322412773400000E+015   1.11767552014436233378E-018
      9376   5.36931479486154700000E+015   1.08863643362245971913E-018
      9377   1.07156760934827080000E+016   5.99898584406663977136E-019
      9378   1.75163745917900000000E+016   4.92770732111075899108E-019
      9379   1.17630320917511800000E+016   8.90892959811737102923E-019
      9380   7.70040451543914000000E+015   1.00210032509286722673E-018
      9381   9.91793461849982800000E+015   7.11799010197914655400E-019
      9382   1.41771797030524040000E+016   4.59820353603759296216E-019
      9383   1.11190728329740600000E+016   5.97191593585879183224E-019
      9384   7.41327868012487600000E+015   1.04246055932406961991E-018
      9385   7.84042804723574000000E+015   1.28465247196830138654E-018
      9386   8.82018788065088600000E+015   1.07107695842602850855E-018
      9387   5.76449393900346400000E+015   1.37303808871243072041E-018
      9388   4.12211054408032100000E+015   1.47283002066158286916E-018
      9389   4.79659508888018300000E+015   1.28690681255423949439E-018
      9390   3.52658399089343700000E+015   1.24060066542989085162E-018
      9391   6.63763815095796000000E+014   1.98944632642704057410E-018
      9392   3.34719928458269650000E+015   1.13815153543941980703E-018
      9393   6.84185282039393500000E+015   3.71952625369807574944E-019
      9394   9.39140519892233400000E+015   3.41437799201472704310E-019
      9395   1.07501731243110720000E+016   5.67749040755393790879E-019
      9396   1.02292220796266520000E+016   6.81873873324617606710E-019
      9397   8.84916019675440600000E+015   6.86595109135861539375E-019
      9398   1.07610207368496520000E+016   6.62324538049378327359E-019
      9399   1.17155122697593320000E+016   8.90689729415172148514E-019
      9400   1.48420147428247280000E+016   7.60048043512103311124E-019
      9401   1.06808466446680440000E+016   8.08598622490918279523E-019
      9402   6.57081473154792200000E+015   1.26165757232843112465E-018
      9403   8.01950899267777900000E+015   1.03517104810434972307E-018
      9404   1.06016170275460760000E+016   1.01989806624467220242E-018
      9405   1.08279095744305000000E+016   9.33008025259595534946E-019
      9406   1.11068031228546260000E+016   6.41101346247828746031E-019
      9407   6.56433708189208600000E+015   9.51225248057152293195E-019
      9408   8.45237420527933300000E+015   9.86028416319608042032E-019
      9409   1.26410943737847640000E+016   4.22053458676436369421E-019
      9410   7.16434333263250200000E+015   8.24448841938093783201E-019
      9411   6.18723878835955000000E+015   1.18559878073675039782E-018
      9412   6.77426504031757600000E+015   1.13666063268229038714E-018
      9413   3.47916750505144000000E+015   1.84691664457170564012E-018
      9414   3.54720699724450000000E+015   2.26663213559911880334E-018
      9415   3.75768040825739000000E+015   2.23731899961822560053E-018
      9416   3.72193005232678800000E+015   2.04347065501930965204E-018
      9417   3.41866406434079700000E+015   2.07481532990800916904E-018
      9418   2.68472915272941500000E+015   2.54851571400248382802E-018
      9419   3.12000858555786450000E+015   2.12821752601343628099E-018
      9420   3.44010545363594200000E+015   1.77939342143749193860E-018
      9421   3.45778510764307150000E+015   1.66489950779350716093E-018
      9422   3.99612298103500200000E+015   1.21996164904533387993E-018
      9423   5.45781922675197400000E+015   1.05422488841528259226E-018
      9424   5.70979504536370500000E+015   1.13048332807044760124E-018
      9425   3.90443189735813400000E+015   1.62297181899924794918E-018
      9426   4.41504783993550200000E+015   2.24272869762139334315E-018
      9427   8.02645176274245500000E+015   2.05416860677888187791E-018
      9428   1.21983374640414160000E+016   6.97000564961169895567E-019
      9429   1.10808880659230500000E+016   5.72803184704715612219E-019
      9430   1.11436357376639380000E+016   7.74036456276275164715E-019
      9431   1.08829689603802840000E+016   8.45808091864542804235E-019
      9432   9.85229977786372400000E+015   7.98009799825262188662E-019
      9433   8.31609193848630700000E+015   9.26565452678227088430E-019
      9434   1.08935527402319320000E+016   6.47016620283356810211E-019
      9435   1.79150349390423040000E+016   4.16634082513042743614E-019
      9436   1.37287451670188800000E+016   1.33727882922717481017E-018
      9437   5.51408804012133300000E+015   1.88880698884649053273E-018
      9438   7.17781986146970800000E+015   1.06334560861671314515E-018
      9439   7.64122686436024200000E+015   8.83596745537187474886E-019
      9440   7.44933937110477400000E+015   8.88320564226864668850E-019
      9441   6.24851012108795800000E+015   1.09623000597943583633E-018
      9442   8.15064643288187600000E+015   9.04518262264537811376E-019
      9443   1.02886420731667360000E+016   7.01736812635231509070E-019
      9444   8.09028391290173200000E+015   8.75579932212084176884E-019
      9445   5.59584842541080800000E+015   1.10116353202744813470E-018
      9446   7.99611005541331800000E+015   9.84991374733545598623E-019
      9447   1.80124887985687720000E+016   6.07683075888475385323E-019
      9448   1.27343103397122220000E+016   1.44514240409064298441E-018
      9449   8.41715990470906500000E+015   1.02642418534369823334E-018
      9450   1.25537274805823660000E+016   7.48022056079184626939E-019
      9451   1.59510545202732400000E+016   5.10403576042685032057E-019
      9452   9.23457765842345800000E+015   9.75524246896244713992E-019
      9453   7.15040504529262000000E+015   1.25765598133511241433E-018
      9454   7.42272216403884100000E+015   1.43791982209355618310E-018
      9455   1.02193763070978480000E+016   1.33933309741430151020E-018
      9456   9.79644805295388000000E+015   1.28832942309768488007E-018
      9457   1.01898938391889360000E+016   9.80443520428020704101E-019
      9458   1.14458603353350840000E+016   7.57180932709140032261E-019
      9459   1.13739513022773040000E+016   7.19620326650242763769E-019
      9460   9.78540855589684600000E+015   8.92820920334349015850E-019
      9461   1.13297230571055560000E+016   7.77557612824903453524E-019
      9462   1.42094486306663360000E+016   5.73824472004627016348E-019
      9463   1.62804812430347420000E+016   5.73736939897114821903E-019
      9464   1.73424047344021920000E+016   6.39541634597817801469E-019
      9465   2.01176467795055520000E+016   5.67078281551640891848E-019
      9466   1.51606239277271760000E+016   7.72786195824638478620E-019
      9467   9.61462577364034400000E+015   8.77556771020044477059E-019
      9468   1.06386576452953480000E+016   6.86745782297555488082E-019
      9469   1.17645199018626180000E+016   6.85115457263767896208E-019
      9470   9.44977152183076800000E+015   1.18596698005143143003E-018
      9471   7.01535237322746400000E+015   1.59225964535654088942E-018
      9472   8.82421309048256200000E+015   1.41532721799115359833E-018
      9473   1.47314011484603440000E+016   8.99979573916489283047E-019
      9474   1.38265250155499560000E+016   1.21271191019788340557E-018
      9475   1.36466156458356320000E+016   1.02542788224888004612E-018
      9476   1.04525759806666720000E+016   9.74755248263177398278E-019
      9477   8.32834994647176600000E+015   1.08838764112658776240E-018
      9478   1.09916715673519240000E+016   9.33819076838407292324E-019
      9479   1.40444998262657160000E+016   1.00587998641240469543E-018
      9480   1.22493066086309960000E+016   1.21323756824139214664E-018
      9481   8.62915676421220800000E+015   1.45862745443551828169E-018
      9482   1.10215086822233800000E+016   1.30956913980624299709E-018
      9483   1.43691669122161360000E+016   7.91829286786610732022E-019
      9484   2.36802462001739240000E+016   5.24953054901851030213E-019
      9485   2.37806479093508760000E+016   5.17215594592104369643E-019
      9486   9.69021000281422800000E+015   1.10906293469945521762E-018
      9487   9.10012731360947600000E+015   1.12821012938384869443E-018
      9488   4.55316265819289100000E+015   3.96845275342679026480E-019
      9489   7.69208484745194600000E+015   1.00039290807594407257E-018
      9490   6.50076911709356400000E+015   1.21186034354968145898E-018
      9491   3.97265056346360900000E+015   3.23709346265722601719E-018
      9492   4.32567246760343450000E+015   3.43560457043577529500E-018
      9493   6.88470875664798200000E+015   1.74737095414192470588E-018
      9494   7.40487294441624500000E+015   1.71654352079369247410E-018
      9495   7.94890590621335000000E+015   1.63957536494499209463E-018
      9496   1.07414938188221520000E+016   1.29577124830475086372E-018
      9497   1.63607840732920120000E+016   4.73152875234808612286E-019
      9498   3.76436827384984960000E+016   3.59565184825922294156E-019
      9499   3.33835534652004000000E+016   1.02706385915500073895E-018
      9500   1.40501876531173420000E+016   1.20844136724438419413E-018
      9501   1.28844474365542800000E+016   1.49310006239960400863E-018
      9502   3.43078199778979200000E+015   2.28392783653236112631E-018
      9503   3.15566003955153000000E+015   2.21823323026667278081E-018
      9504   5.72877735822875000000E+015   1.66736989265515498660E-018
      9505   6.92303016519471000000E+015   1.16883552071009813405E-018
      9506   8.48705327577513000000E+015   7.57184714239672945703E-019
      9507   8.87680124643869100000E+015   7.40720121341754168652E-019
      9508   1.48979080898511440000E+016   8.29724887623593998681E-019
      9509   2.33673440305223280000E+016   6.12341017726005585337E-019
      9510   2.24009624337703840000E+016   5.82696716629375873195E-019
      9511   1.57361616735335640000E+016   1.48040827912181687336E-018
      9512   7.39897938707320700000E+015   2.00724385654764474337E-018
      9513   5.70764195243405200000E+015   2.20727252444524150707E-018
      9514   5.13050729759333000000E+015   1.71990095629105754998E-018
      9515   5.12109845218241400000E+015   1.50698991135232741338E-018
      9516   1.52883988116746040000E+016   8.48606639800929256360E-019
      9517   1.87978165840720640000E+016   8.65358595689382348955E-019
      9518   1.51329062865929460000E+016   1.06971083147757286661E-018
      9519   1.97167372000292560000E+016   8.08760681816202012403E-019
      9520   2.56023287668733920000E+016   7.35774670722758370786E-019
      9521   3.01134132923229960000E+016   6.44088015681796160894E-019
      9522   2.17903756357778160000E+016   9.02296650164671848653E-019
      9523   2.22792822980342800000E+016   7.40668807902866319117E-019
      9524   2.79896831660378560000E+016   5.68812307445533088688E-019
      9525   2.39964768033057560000E+016   6.59139849410149190948E-019
      9526   1.24101190205521700000E+016   1.17021949919902947899E-018
      9527   2.43721407396269200000E+016   8.56400294740470318712E-019
      9528   3.50359052847432640000E+016   3.64268854799234391587E-019
      9529   1.81883736431203600000E+016   7.70627648358378403477E-019
      9530   7.71170464623952700000E+015   1.76058506430250495998E-018
      9531   5.88205852286226000000E+015   1.58430893072256536449E-018
      9532   5.84087479661850000000E+015   1.17387219913778025277E-018
      9533   6.83229385577577200000E+015   9.51703324677769948838E-019
      9534   9.26943532131294200000E+015   8.96759884073677907158E-019
      9535   1.90836691367416000000E+016   7.13891759241493268908E-019
      9536   1.79974315864612500000E+016   8.98857357902315309200E-019
      9537   6.53715503498590000000E+015   1.99558722131108028779E-018
      9538   1.04934182696864940000E+016   1.57968737211689477500E-018
      9539   2.12489768173104080000E+016   6.66013753382412335814E-019
      9540   2.13756868742316480000E+016   5.92911564438903661402E-019
      9541   1.82215159218017720000E+016   7.09273504957913932386E-019
      9542   1.29431804417054000000E+016   9.12600979777278901913E-019
      9543   7.92186975440510700000E+015   1.40944825726648623198E-018
      9544   5.53834526238781800000E+015   2.19802322736891567186E-018
      9545   7.43310488166927600000E+015   1.88204909822166491853E-018
      9546   6.77049445100191600000E+015   2.12222034036801636355E-018
      9547   1.55053280892517100000E+016   1.99870350002987909805E-018
      9548   2.32291559912554560000E+016   8.31304002298444210384E-019
      9549   2.04648278938404680000E+016   6.75667939822129121815E-019
      9550   2.47842476699543440000E+016   5.50895962948352984669E-019
      9551   2.53713836493946240000E+016   4.48788945413710641237E-019
      9552   1.49477746996277480000E+016   1.01233640204866798138E-018
      9553   1.00087213619754920000E+016   2.23758265267645584532E-018
      9554   5.39400523783178100000E+015   3.19960840787619177821E-018
      9555   5.26827597822556100000E+015   3.35116030623752153745E-018
      9556   7.82413365129275200000E+015   2.96887050875471227273E-018
      9557   8.30636324780283400000E+015   3.17296931038423002823E-018
      9558   5.62739910044091500000E+015   3.55323076598395561454E-018
      9559   4.47772042438038700000E+015   3.43712717147377582122E-018
      9560   4.42956067848035500000E+015   3.49422617362475681894E-018
      9561   4.74006576034980400000E+015   3.37759839274108257496E-018
      9562   3.69483667526966200000E+015   3.54277069895482396331E-018
      9563   3.47649007973802750000E+015   3.44869796267675399678E-018
      9564   3.57717141157177700000E+015   3.54324982081882578314E-018
      9565   4.11683693014264000000E+015   4.06618364012290852084E-018
      9566   1.71976575120096460000E+016   2.20988843443185786534E-018
      9567   1.97803088013002520000E+016   1.47752863505919153747E-018
      9568   1.10403475553941360000E+016   1.48274091103350955494E-018
      9569   8.36407587068989800000E+015   1.91334789545568364776E-018
      9570   3.77623385497217850000E+015   2.77110057820687702470E-018
      9571   4.55312876620043700000E+015   2.00378994347785069889E-018
      9572   1.71892704884051960000E+016   1.41872451026905036304E-018
      9573   2.73971818853294640000E+016   8.47665135279860527171E-019
      9574   1.37111468076224000000E+016   1.52819128550775535778E-018
      9575   1.21444042797604380000E+016   1.61625789603897655698E-018
      9576   2.06878993931583920000E+016   9.17557275880536146745E-019
      9577   1.76251160664959480000E+016   9.59962070886906474743E-019
      9578   1.82714420160561440000E+016   1.02158419313633984612E-018
      9579   5.29708593613557920000E+016   4.19117401417930048198E-019
      9580   5.45970263224491200000E+016   5.56680313501797567692E-019
      9581   2.84618995591262320000E+016   8.57808276530228086148E-019
      9582   1.60975868351851040000E+016   1.30102157295991371021E-018
      9583   3.89936499333115850000E+015   1.76732778900560624875E-018
      9584   3.60065723200318800000E+015   1.57442761314512954093E-018
      9585   7.42264172473426560000E+016   6.57529045060589888973E-019
      9586   1.73207987349866496000E+017   7.32255843474679003755E-020
      9587   9.82028184453165120000E+016   4.10059203052532788924E-019
      9588   1.09258630947335380000E+016   1.27169647319808281097E-018
      9589   3.80672442023681680000E+016   9.45883826422444160693E-019
      9590   7.22150675815285280000E+016   3.34694249833147784956E-019
      9591   1.63049242181527328000E+017   1.75423908767633812528E-019
      9592   2.60688553602036928000E+017   1.54479879312314714440E-019
      9593   4.51916961981175040000E+017   1.74724863806524737697E-019
      9594   1.25483223633356236800E+018   7.12188319060625204386E-020
      9595   8.44266724944418816000E+017   1.45444997531938951378E-019
      9596   4.69494431021537728000E+017   2.10172922424160145028E-019
      9597   5.60921433627644544000E+017   1.84131810521928602034E-019
      9598   5.23018851436443328000E+017   1.68331802395285495311E-019
      9599   4.99564841899815936000E+017   1.71792672270650397102E-019
      9600   4.41045001323310080000E+017   1.91846280279676289432E-019
      9601   5.99452446044698368000E+017   1.64097552624547925084E-019
      9602   5.93877112447441536000E+017   2.02753950234776683414E-019
      9603   6.29358015537226624000E+017   1.57577813114679590591E-019
      9604   7.49741435294447232000E+017   6.74817995939497801253E-020
      9605   9.99265582572556544000E+017   7.27109060184674004950E-020
      9606   1.00673739938677990400E+018   1.03360989422143525320E-019
      9607   1.06646594657683123200E+018   9.17549713295288597842E-020
      9608   9.53312567728966144000E+017   1.00803034124082409564E-019
      9609   8.15854952098777088000E+017   1.27405543571462602663E-019
      9610   6.65970165625139456000E+017   1.48760747151985140288E-019
      9611   7.13331994664302080000E+017   1.05532280864878165348E-019
      9612   7.75478723295547520000E+017   1.00189845230780731619E-019
      9613   7.74912482254394112000E+017   1.12304966966089648768E-019
      9614   5.07489367156775680000E+017   1.61629972580658701056E-019
      9615   5.84535454426054912000E+017   1.55060820128313061158E-019
      9616   7.09545603875989248000E+017   1.37060243169137074631E-019
      9617   8.34894478125688064000E+017   1.56151801208542548526E-019
      9618   8.53754109476570368000E+017   2.05175830924656522579E-019
      9619   8.45441415758839808000E+017   1.91538714646047747887E-019
      9620   1.00511905458208537600E+018   1.37956067774715055291E-019
      9621   1.15681812526481715200E+018   1.14841792910508038067E-019
      9622   8.34425568808857856000E+017   1.32137973314264822817E-019
      9623   4.88930168240956416000E+017   2.01200260617704129688E-019
      9624   5.89908103869368064000E+017   1.79221942857771144279E-019
      9625   7.99164240662477056000E+017   1.58390867160461944862E-019
      9626   7.16437728999214720000E+017   1.46661431557918527308E-019
      9627   5.81933657916719872000E+017   1.42606072102123770298E-019
      9628   5.86724588096680960000E+017   1.20695956062870147639E-019
      9629   5.25452087800990144000E+017   1.34882966586894897998E-019
      9630   7.06766031319894272000E+017   7.22731947471243368279E-020
      9631   1.25069137532558515200E+018   1.95249605147788695002E-020
      9632   1.22208792338223001600E+018   1.08701188077946342135E-019
      9633   6.47118441863255424000E+017   1.86512940023041673053E-019
      9634   5.01404027463158656000E+017   1.73629542629080285046E-019
      9635   4.87613785688225280000E+017   1.57469646615824162559E-019
      9636   4.48200437602715008000E+017   1.13330932459048956625E-019
      9637   4.11010718989765248000E+017   1.66905688206853913010E-019
      9638   3.83057961587440704000E+017   2.18307546898975877546E-019
      9639   4.66965767331773440000E+017   1.60393927373013780444E-019
      9640   5.26004034579308544000E+017   1.41236129240058348554E-019
      9641   6.67115863633836928000E+017   1.25580890855299205035E-019
      9642   5.06796449700402432000E+017   1.78046163582733561141E-019
      9643   4.86604337576763648000E+017   2.39190317495631412091E-019
      9644   7.08301595852743552000E+017   1.62941108698451456730E-019
      9645   8.30463487647035648000E+017   6.04975703533894715763E-020
      9646   7.94139750100431616000E+017   9.52940481499879672741E-020
      9647   6.08265968318544896000E+017   1.29311368859551458691E-019
      9648   5.33253811722315904000E+017   1.54003133731170445186E-019
      9649   6.57520212471215488000E+017   1.22348446923877935617E-019
      9650   5.32694812992252160000E+017   2.64968231323775058935E-019
      9651   5.09987552587664768000E+017   3.12089894751292492780E-019
      9652   6.09604602397053824000E+017   1.38699910025557653900E-019
      9653   8.47033528913533696000E+017   1.07117548693404802811E-019
      9654   6.25025789639511040000E+017   1.69665405570308207423E-019
      9655   4.51195586032527744000E+017   2.26056088908944121094E-019
      9656   7.89337877670527232000E+017   1.28413154399455702723E-019
      9657   6.91812272753259392000E+017   1.11804949780512457720E-019
      9658   5.67872033137822208000E+017   1.37715778643838962625E-019
      9659   7.71251633238883200000E+017   1.08947215038240576334E-019
      9660   1.37743205838118246400E+018   1.20033479512313624309E-020
      9661   1.32035304132591308800E+018   1.71457286632382410963E-020
      9662   1.01420874374417689600E+018   3.73805999012978641025E-020
      9663   5.38943872584433536000E+017   9.42630130859488188865E-019
      9664   4.49214749766633216000E+017   1.37883866763400587241E-018
      9665   5.79721752268904320000E+017   1.50370456796960182624E-019
      9666   3.97317233644528512000E+017   3.27435391750503512127E-019
      9667   3.43259073300158464000E+017   4.57073578317718255169E-019
      9668   2.55529319587074240000E+017   6.51399937134310092329E-019
      9669   3.21921646616796800000E+017   4.28030581602583019937E-019
      9670   3.45016280927997760000E+017   1.81540831175980153826E-019
      9671   3.26417114362344768000E+017   1.45636778739793873126E-019
      9672   3.91268300051466496000E+017   1.25315820710438184232E-019
      9673   1.98533983916562560000E+018   9.92412378501370046489E-020
      9674   2.95262113683248947200E+018   4.65831378540914372546E-020
      9675   4.83339377266909312000E+017   1.42689857887295948534E-019
      9676   4.73479533022831488000E+017   2.03597974699511812469E-019
      9677   4.55617855410959360000E+017   2.83462422946393527363E-019
      9678   3.43254511777019520000E+017   2.93812293971329512066E-019
      9679   3.89131390720757312000E+017   2.60687019903249988515E-019
      9680   5.54213321094279232000E+017   1.80307584277414695209E-019
      9681   4.89153094528033024000E+017   1.25995814390064305985E-019
      9682   2.50502848088621696000E+017   2.32745897985136987969E-019
      9683   1.99843029973493440000E+017   1.86702342098345974258E-019
      9684   1.93481497408168576000E+017   3.32304480357137090489E-019
      9685   2.77672104715481408000E+017   4.84292976100702510349E-019
      9686   5.13679840911655296000E+017   1.09997763909808560061E-019
      9687   3.61115861008744640000E+017   1.85976512531959295159E-019
      9688   3.30350538691232128000E+017   2.60625344243868223993E-019
      9689   3.83463436745108160000E+017   1.95287410060430143186E-019
      9690   2.85400740357178368000E+017   1.74900796202855698113E-019
      9691   9.70856451346812480000E+016   1.96373140292143321261E-019
      9692   1.50273586680372288000E+017   1.91401300579818475069E-019
      9693   3.02197449351082560000E+017   8.98190541144367748111E-020
      9694   3.94323183171088896000E+017   9.31363991612400805275E-020
      9695   4.25318018962784256000E+017   7.65929622236773008967E-020
      9696   2.44875085650640096000E+017   2.50742664505370937975E-019
      9697   5.00356179316447680000E+016   4.10896962004904198842E-019
      9698   1.77307849233671360000E+017   2.02475016731624682266E-019
      9699   4.91520426649171968000E+017   7.70647999341567097295E-020
      9700   4.01834212040244480000E+017   2.58519115732999290774E-019
      9701   3.11397467697820096000E+017   2.02440425679354453084E-019
      9702   3.06544153174551104000E+017   1.09970009586908619038E-019
      9703   2.09583113574187840000E+017   2.37728894470301397227E-019
      9704   2.31317134597879584000E+017   2.63547862457488042514E-019
      9705   1.73050720224527680000E+017   1.49488977682542691702E-019
      9706   1.28155818216418112000E+017   3.19179211905301734391E-019
      9707   1.49823926390800000000E+017   1.50133560357911632323E-019
      9708   1.02093446801213728000E+017   2.13684664856825783870E-019
      9709   8.96137036933231040000E+016   3.30486594504217508744E-019
      9710   9.50829686108816000000E+016   3.89053236041796356859E-019
      9711   3.47129948923821800000E+016   1.32736753759843581880E-018
      9712   3.24876682686924040000E+016   1.37290055369991113337E-018
      9713   7.01860230178951920000E+016   4.36810455857636693656E-019
      9714   1.40547272223572960000E+017   1.83314014378005465036E-019
      9715   9.52404160378363520000E+016   8.38944822671074275858E-019
      9716   1.07233828717972912000E+017   1.26738306724956441612E-019
      9717   1.52183291278049696000E+017   1.66726151088924314735E-019
      9718   3.63729011432155968000E+017   1.61261654247856433305E-019
      9719   3.62707177920846400000E+017   1.84003138177517009172E-019
      9720   2.25047394221665056000E+017   2.31679034006707721191E-019
      9721   3.30560427003520000000E+017   1.50484784716802411196E-019
      9722   4.59551001640841152000E+017   1.43734164349101483470E-019
      9723   4.10907324306147700000E+015   2.51360768055595852936E-018
      9724   6.68409662650574500000E+015   1.73354139630078006724E-018
      9725   7.74302037360375700000E+015   2.08064488714575410534E-018
      9726   2.38155651914028050000E+015   3.47539519874737613233E-018
      9727   1.06972144574610640000E+016   9.62390669099449413785E-019
      9728   2.10985685860537025000E+015   3.27806196176208842927E-018
      9729   1.58823248892713360000E+016   9.69510311760779356257E-019
      9730   9.46778322743240600000E+015   1.23237277248974869623E-018
      9731   2.90041138451391936000E+017   3.80377574438186246692E-019
      9732   3.28886927889018496000E+017   3.24403879401815702675E-019
      9733   2.01550591582641650000E+015   2.05526058970575404123E-018
      9734   2.13168228097411825000E+015   2.71951395823348796652E-018
      9735   4.41900586670250400000E+016   9.77206548329296417738E-019
      9736   4.18456153251317700000E+015   1.97656474712880381379E-018
      9737   3.06651714902109840000E+016   1.19260257760500318290E-018
      9738   3.76542442309796750000E+015   1.79299673365395700358E-018
      9739   1.93157380393774775000E+015   2.47076316442907694707E-018
      9740   8.06179839053852000000E+016   5.54385077565173382402E-019
      9741   1.59360920275921875000E+015   3.53004086228577199293E-018
      9742   3.33765792733817200000E+016   9.42295301043453829189E-019
      9743   2.55222303663445120000E+016   1.01429963002840823595E-018
      9744   1.29034758183606950000E+015   3.46983966246343650060E-018
      9745   3.55851812988269200000E+016   7.29054273210805242443E-019
      9746   1.20151420205210100000E+015   2.36008965849270570439E-018
      9747   1.37904039376996475000E+015   3.25538064525217608225E-018
      9748   1.04111058207939562500E+015   4.03808210394450026350E-018
      9749   1.06101121547497380000E+016   1.78439520901885000467E-018
      9750   3.72589429207869650000E+015   1.22423520104880570961E-018
      9751   1.68976177358604000000E+016   1.39364093926492199831E-018
      9752   8.56275889927102400000E+015   9.54732395540428427679E-019
      9753   2.33866744957211900000E+015   2.85931867621715117529E-018
      9754   4.30437819447315500000E+015   3.34563713466242473175E-018
      9755   3.65894615258663200000E+015   1.79340878972401955643E-018
      9756   9.82642369190874000000E+015   2.16436161899782071513E-018
      9757   1.80182430599212450000E+015   3.04304960024009455409E-018
      9758   6.41971740781780800000E+015   2.80051589144747715946E-018
      9759   5.86958273506253100000E+015   2.47711418902216913513E-018
      9760   4.31998578548367950000E+015   1.61685149790708617987E-018
      9761   3.01679865851893800000E+015   2.16338200282536302046E-018
      9762   5.98470448899690700000E+015   1.67839821882326556701E-018
      9763   8.12999614117833100000E+015   2.04391294536954976362E-018
      9764   4.77017385656231500000E+015   2.62525426550995353103E-018
      9765   4.61074703144831800000E+015   2.89587242469946378759E-018
      9766   3.62159924925502850000E+015   2.23888636391911622004E-018
      9767   4.47841148476933550000E+015   1.47132522320116016373E-018
      9768   7.62631641262455300000E+015   1.17516922960366512769E-018
      9769   2.09432495411541000000E+015   2.36286974695755001008E-018
      9770   5.01812202125569400000E+015   2.74354329170722604465E-018
      9771   3.36520920364081000000E+015   1.66838386641533780603E-018
      9772   5.49287922591108600000E+015   2.72929753596255036605E-018
      9773   2.30265322592152650000E+015   2.88544833566496603985E-018
      9774   2.97045795337906250000E+015   1.83431844709992847157E-018
      9775   1.33926875775759475000E+015   4.20371410757561611529E-018
      9776   2.48318061226955350000E+015   1.78185973478370488494E-018
      9777   1.88741569426684825000E+015   2.27052832414891805111E-018
      9778   3.29068500160700450000E+015   2.94529634364236424427E-018
      9779   1.13110700988650380000E+016   1.15775457481009820690E-018
      9780   7.16091024969091900000E+015   1.96771571075190194235E-018
      9781   1.70694243323676775000E+015   4.65695794130836851087E-018
      9782   9.20309471248316400000E+015   1.24749985046479763761E-018
      9783   1.45292553378485825000E+015   4.38094153372795608921E-018
      9784   1.53638165689507640000E+016   9.19250216653466539259E-019
      9785   2.53261126134576100000E+015   2.74538135435326879780E-018
      9786   1.29005662822639775000E+015   7.07120118877746920944E-018
      9787   6.41674653987210100000E+015   1.75994188937941507291E-018
      9788   2.64549170993157900000E+015   2.89317466198030472021E-018
      9789   2.44062674783296450000E+015   3.64076826893917176349E-018
      9790   3.11168396176735150000E+015   3.59421415175439550509E-018
      9791   1.69729516067588500000E+015   3.75746433316010458765E-018
      9792   6.57142356559154200000E+015   1.37314319715689319708E-018
      9793   3.65573535260050350000E+015   2.83599395077163365084E-018
      9794   7.76006236770140600000E+015   1.19777624948203667768E-018
      9795   1.74128052188873450000E+015   3.74827195997381407744E-018
      9796   2.98462426530369700000E+015   3.57689991166541947798E-018
      9797   1.20614534609191800000E+016   1.44994093537711620725E-018
      9798   1.46187299875851450000E+015   4.29664630865766474327E-018
      9799   4.19112886050232950000E+015   2.53657900621857076908E-018
      9800   1.20861688006467712000E+017   5.24859325410457344787E-019
      9801   5.10030139429975100000E+015   1.21640259750048006278E-018
      9802   2.14500592776330550000E+015   2.36894330062599276607E-018
      9803   1.95226231376364025000E+015   3.92266691502421669827E-018
      9804   3.68691264734487850000E+015   1.64375626080748284850E-018
      9805   7.75243965960685440000E+016   6.10817634480223964322E-019
      9806   1.47815542462771300000E+015   3.90628225232111494320E-018
      9807   4.23968100434122350000E+015   2.19202751737443921031E-018
      9808   1.77719861870291280000E+016   1.82846702196153618280E-018
      9809   1.25084852320278275000E+015   3.74684930467150294663E-018
      9810   3.42589035917923950000E+015   1.96955329498052140877E-018
      9811   1.50707787965001025000E+015   3.31584363250135865276E-018
      9812   1.78111683436681150000E+015   2.34407544439683068848E-018
      9813   5.77642063263737125000E+014   6.99511094364070302598E-018
      9814   4.54769553505944000000E+015   9.11583677900806160598E-019
      9815   1.77700764572564250000E+015   2.58037256459000469972E-018
      9816   1.12818378707572320000E+016   2.15072145878893751467E-018
      9817   2.73906953714355520000E+016   1.37598866475966853233E-018
      9818   3.33609816745302950000E+015   2.11340010128121361656E-018
      9819   1.19699183540695875000E+015   3.43701519848841803493E-018
      9820   1.65761583767765425000E+015   3.41434108335034261159E-018
      9821   2.28736041365547760000E+016   1.20537750509365518397E-018
      9822   3.39735679466799920000E+016   7.53551607816616150920E-019
      9823   8.66124921579814100000E+015   3.22238901119695597477E-018
      9824   1.76579698536668920000E+016   1.20572782642945131970E-018
      9825   1.63825264814789850000E+015   2.85501227528499229644E-018
      9826   2.79449996817632700000E+015   1.46233674096040579441E-018
      9827   1.95539041794515250000E+015   2.06736620728987977175E-018
      9828   1.07949255904524850000E+015   2.89408990617045431626E-018
      9829   5.78952332865177900000E+015   1.18056224314405497637E-018
      9830   2.33969166711067550000E+015   1.97970119275435717121E-018
      9831   5.88061335082588400000E+015   1.42772525811900046143E-018
      9832   1.12855328909126675000E+015   4.45058398312863195749E-018
      9833   1.63251956703556650000E+015   3.29783317974167256313E-018
      9834   1.31500591021551400000E+016   1.73533016363668193870E-018
      9835   1.34547617561516040000E+016   1.17200062415389803692E-018
      9836   1.48094653782595620000E+016   1.34206069782763523565E-018
      9837   2.27155215452867600000E+015   2.26234512854582539741E-018
      9838   2.36057448863650650000E+015   2.04209952918478736787E-018
      9839   4.47747994652750050000E+015   2.85192492277096837686E-018
      9840   3.88600871347002100000E+015   1.94167608629284962647E-018
      9841   2.17862024063013075000E+015   1.55603858574112666293E-018
      9842   9.09782435258149400000E+015   1.15646578193811971534E-018
      9843   1.51288817506955525000E+015   4.18580183805555162452E-018
      9844   3.56033230116726700000E+015   2.49380765098723497677E-018
      9845   5.52805562130119500000E+015   1.89473019127404867364E-018
      9846   1.39977007811748860000E+016   1.56272107115147567617E-018
      9847   4.00893392059452600000E+015   2.21000542761558338429E-018
      9848   1.09897810591268320000E+016   5.97589384198544737138E-019
      9849   2.77954604639687000000E+015   3.17557871776293395534E-018
      9850   2.22085549451628900000E+015   2.76248069509221943661E-018
      9851   5.71165127079454200000E+015   2.27184035381209689132E-018
      9852   6.29817293456852200000E+015   1.85321125788177025255E-018
      9853   6.88137273895641700000E+015   2.33911385613912664380E-018
      9854   2.51910816291188050000E+015   1.97225336123183548762E-018
      9855   8.65021868779451900000E+015   1.21314028294061823447E-018
      9856   3.77010649948658400000E+015   2.74736632794837181902E-018
      9857   7.89785686173853800000E+015   1.82797536115120293698E-018
      9858   1.64777607538433600000E+015   4.77330193226371461971E-018
      9859   5.79064846099954400000E+015   1.57587354832788843740E-018
      9860   4.37595080969873500000E+015   2.13778387736627059364E-018
      9861   1.16279947724633200000E+015   3.47761654035235028405E-018
      9862   2.30771829538502400000E+015   1.74297652760940233536E-018
      9863   1.78714019029706475000E+015   4.24049691944297632622E-018
      9864   7.22899198223619200000E+015   2.31618166573619008832E-018
      9865   1.29935523533289360000E+016   1.38048584866578713388E-018
      9866   3.84232115284024800000E+015   3.02979598323188042176E-018
      9867   1.34027630654284460000E+016   1.71440637312608217308E-018
      9868   2.31661954641325160000E+016   8.96284443853218400943E-019
      9869   3.33919632973379900000E+015   3.02980035531501482211E-018
      9870   1.25450840035093260000E+016   1.67827605696858532668E-018
      9871   4.44258067472817600000E+015   3.40574805049191504581E-018
      9872   6.92500462139962375000E+014   4.06148066174599062752E-018
      9873   2.72032416037040600000E+015   1.82364952404688219192E-018
      9874   1.03500727066053962500E+015   3.78938332792863075186E-018
      9875   1.89760386485908950000E+015   2.72083357446219632763E-018
      9876   3.27147726005957650000E+015   3.40438728153112766874E-018
      9877   1.57320666201946480000E+016   1.09296713725626721051E-018
      9878   3.47304478836858850000E+015   3.13551187216940045403E-018
      9879   3.51892393875396150000E+015   3.09763583377507395456E-018
      9880   1.19436220172451380000E+016   1.77136413648569966252E-018
      9881   6.02049105661189200000E+015   2.31599413804968281870E-018
      9882   7.43627782610993400000E+015   1.79495225612577291156E-018
      9883   1.21931712536417825000E+015   3.39132384481835000477E-018
      9884   1.89582987658361975000E+015   2.44169052865564768619E-018
      9885   1.84318293499243500000E+015   3.77257470965416646726E-018
      9886   1.63564336312087625000E+015   2.35254286869893467800E-018
      9887   8.89055319859818750000E+014   4.02060313720899860746E-018
      9888   2.25010735313482550000E+015   2.50201496861600729143E-018
      9889   1.54212412501276675000E+015   5.46777418636077900817E-018
      9890   3.01435071948555450000E+015   3.04490984539507854316E-018
      9891   1.33575180618065600000E+015   6.17661623952536401459E-018
      9892   1.60995221159520800000E+015   4.26917873380770504128E-018
      9893   1.56122034050537300000E+015   5.74043106499921135032E-018
      9894   1.74312899599466100000E+015   3.68147478224027952385E-018
      9895   1.43824600859875625000E+015   6.05131538314755372258E-018
      9896   1.05946431796951612500E+015   5.22716821475912655142E-018
      9897   1.68045068523092000000E+015   6.08482716392146974542E-018
      9898   3.15388934968203200000E+015   2.12770983810837727589E-018
      9899   3.01336080480444950000E+015   2.56317006661697728219E-018
      9900   4.23573770967421350000E+015   1.98192287126975991765E-018
      9901   3.12638625478004450000E+015   2.43582218421664075773E-018
      9902   9.88422709239824250000E+014   1.03094549870332060736E-017
      9903   1.00150816870239437500E+015   8.08029184277219395376E-018
      9904   5.46952418303969100000E+015   1.62952450010825715311E-018
      9905   1.66650362650834450000E+015   5.00072248794623434276E-018
      9906   7.34760388044909700000E+015   1.60696516156876957853E-018
      9907   2.06780654035166450000E+015   3.68489664282290222381E-018
      9908   2.76600299056575150000E+015   3.50369723501213688054E-018
      9909   3.16467795512722600000E+015   3.40882748789758562733E-018
      9910   1.25623068930294125000E+015   5.06530244804758509128E-018
      9911   5.23743230230958400000E+015   2.08041022846316140485E-018
      9912   3.23006409355209900000E+015   3.16088977764671574873E-018
      9913   1.37119071484709900000E+015   2.74555066112957628027E-018
      9914   1.27873576606808250000E+015   2.26679088855860821906E-018
      9915   3.67020844734259700000E+015   2.23402957131703567599E-018
      9916   3.12558039658679650000E+015   2.67337997070231891008E-018
      9917   2.57347878902182800000E+015   2.86084703036454853775E-018
      9918   3.40580212096603150000E+015   2.58993061896860627243E-018
      9919   4.28092895808233700000E+015   1.76704092843198251719E-018
      9920   4.62348047568410300000E+015   1.63847688941004445375E-018
      9921   4.77692301616427200000E+015   1.46499054822913893943E-018
      9922   2.70324487167750600000E+015   2.66415076446315592470E-018
      9923   1.71749708815031875000E+015   3.32331331598832252675E-018
      9924   1.88488921665564275000E+015   4.49448121687034159735E-018
      9925   1.78697069995691600000E+015   3.54507340006630121695E-018
      9926   3.06131498270396100000E+015   3.68980919845341094260E-018
      9927   3.67508938179595100000E+015   2.68589593341188749256E-018
      9928   3.28163500655082300000E+015   3.15746327797759235954E-018
      9929   7.07182055647777200000E+015   2.11419562295754850477E-018
      9930   1.84132349713850250000E+015   3.63914005115026174733E-018
      9931   1.59514565909813225000E+015   3.99937275719669357793E-018
      9932   2.70846427889421700000E+015   2.97934652992736632949E-018
      9933   2.21146253880291600000E+015   3.46734957061408403238E-018
      9934   2.48049552514625100000E+015   2.85916765688200413415E-018
      9935   1.13971845958247660000E+016   8.59053860346602366989E-019
      9936   2.26212454785994450000E+015   2.58805086103317109214E-018
      9937   1.64706647404847725000E+015   3.15375042118004708683E-018
      9938   1.72037262102953075000E+015   4.01424014066196318108E-018
      9939   1.79236174462485200000E+015   4.67921170532367822107E-018
      9940   1.02835664741675950000E+015   4.11837274048318530747E-018
      9941   1.14914728713450700000E+015   4.28674884702890157442E-018
      9942   1.24710440470992800000E+015   4.32024602594419170308E-018
      9943   5.04330180327023500000E+015   1.36258878507957525402E-018
      9944   1.01136099841972787500E+015   4.49302504611201682368E-018
      9945   8.34160994865572750000E+014   4.62175180114578099197E-018
      9946   9.28659500154613125000E+014   3.43668598862215196223E-018
      9947   1.20061992517948425000E+015   4.27980086198080245712E-018
      9948   1.19750410545836225000E+015   4.29855838679742224629E-018
      9949   9.83170489959569250000E+014   5.11566956163512301631E-018
      9950   3.39663963723238800000E+015   1.31920787069365385329E-018
      9951   1.55306085757134450000E+015   2.71226939667402725968E-018
      9952   7.66494626247304000000E+014   5.31778689123286884456E-018
      9953   7.98981350553688500000E+014   5.86535548996490867295E-018
      9954   9.54503378895718750000E+014   5.02249778144847076119E-018
      9955   5.02284158083906200000E+015   1.32164533694147703885E-018
      9956   1.65860480795896180000E+016   2.02831440134901035329E-018
      9957   2.14250884554922400000E+016   1.22453153104208621217E-018
      9958   9.12804240657042750000E+014   4.36810569527379676446E-018
      9959   1.00177606150358825000E+015   4.66480979403472289687E-018
      9960   1.07256206312887325000E+015   3.99709636642409062146E-018
      9961   5.49195893037077000000E+015   4.46523305662296822273E-018
      9962   7.88878664172932200000E+015   3.66641921195562076002E-018
      9963   1.09609702960864160000E+016   2.49801610043976456574E-018
      9964   1.43588435971800225000E+015   4.11754708789035691449E-018
      9965   9.21065689702991625000E+014   5.57275361336902463379E-018
      9966   1.31203261894500600000E+015   3.70279374873355047305E-018
      9967   6.62214224483470125000E+014   4.71700134653291762080E-018
      9968   8.81208910289519875000E+014   4.58486912779883228265E-018
      9969   1.35925168207732375000E+015   3.14699683973412468229E-018
      9970   3.10351176497962700000E+015   2.08751327125950629297E-018
      9971   3.70620632098152600000E+015   1.37614754161104058234E-018
      9972   1.01280022672607812500E+015   3.69838061097739259276E-018
      9973   1.13281899077186375000E+015   3.71314217724592760080E-018
      9974   1.06918477199255500000E+015   3.63562405501885574363E-018
      9975   1.63343850438714275000E+015   2.93892815277756062876E-018
      9976   1.36868261406070840000E+016   1.35397742519500306748E-018
      9977   1.45637032550679325000E+015   3.16073826236851996468E-018
      9978   1.19681104193348725000E+015   3.57965468370556515946E-018
      9979   6.95530275595224700000E+015   1.02373283112717866827E-018
      9980   4.44100478594651300000E+015   2.58944115132096311467E-018
      9981   1.00410938040641350000E+015   5.60482481358292955226E-018
      9982   1.23629045082714325000E+015   3.57864834657528203898E-018
      9983   3.44863499418269500000E+015   1.60443868937004234372E-018
      9984   1.17223963041997700000E+015   5.08436690709699790137E-018
      9985   1.13079742597481075000E+015   4.88451335135025350043E-018
      9986   9.82527957541464000000E+014   4.39826329610876406321E-018
      9987   1.31919792020603300000E+015   4.23470861839419675802E-018
      9988   1.25079645113025700000E+015   3.78396356838541679126E-018
      9989   7.82862741279050400000E+015   2.08454206793129494624E-018
      9990   9.52610869255389600000E+015   1.44607520497700288219E-018
      9991   3.85324216798197450000E+015   3.02344860026959347538E-018
      9992   7.87176278991217200000E+015   2.51034154590938567330E-018
      9993   7.86719535674347250000E+014   2.95285362818664600641E-018
      9994   7.70360145609208125000E+014   3.91548492626461044349E-018
      9995   2.55104994666371050000E+015   1.99870118988321822613E-018
      9996   1.54009125861953125000E+015   4.01474760835980654507E-018
      9997   1.32557046868241200000E+015   3.54838148419049262797E-018
      9998   1.84554710598964475000E+015   3.70365217854680382152E-018
      9999   6.42675616771280500000E+015   1.30004874062105638088E-018
     10000   2.93156593578836650000E+015   2.43516676347588474781E-018
     10001   5.49980279519989400000E+015   3.15421998851059297498E-018
     10002   4.82286057875841700000E+015   4.21367611645259316474E-018
     10003   4.44460490146625600000E+015   3.30477625557328840084E-018
     10004   2.12650856625711560000E+016   9.51259027353713833109E-019
     10005   1.10597096823584100000E+015   3.40256834546801377066E-018
     10006   7.82960019594918250000E+014   3.42559085786354847995E-018
     10007   5.77050166225399300000E+015   2.55066600264327863487E-018
     10008   6.09644258035450600000E+015   2.65622801779574211479E-018
     10009   9.72592677016010625000E+014   6.60998512101089373675E-018
     10010   1.33765991041158175000E+015   5.09520003850649909172E-018
     10011   2.97330956710685600000E+015   3.54682288378861891495E-018
     10012   9.09622672783803800000E+015   1.39282613099659682505E-018
     10013   3.57139552609111150000E+015   2.85220351812390052609E-018
     10014   7.01637577209288400000E+015   9.21443550604353278871E-019
     10015   2.93473456256270950000E+015   3.01318620233951784755E-018
     10016   1.95065355222215450000E+015   3.41875491311517755622E-018
     10017   1.41034876177515540000E+016   9.65850941364416732183E-019
     10018   7.20873680844470750000E+014   3.89838707057665517012E-018
     10019   7.94924568035509875000E+014   3.59566746691548306996E-018
     10020   4.74235791943944300000E+015   1.08711462910589001246E-018
     10021   1.94519074736817300000E+015   2.73727385843229195307E-018
     10022   2.09848710920094250000E+015   3.65743870514370053586E-018
     10023   6.31018822766540400000E+015   1.29936492213578319641E-018
     10024   1.55690148841743200000E+015   3.56592537877827026703E-018
     10025   6.24493213066614100000E+015   1.67382924424905693147E-018
     10026   2.14066356497500025000E+015   3.28031228175260089521E-018
     10027   1.94966292923260100000E+015   4.13812575068968832409E-018
     10028   1.66549491930848475000E+015   3.58821978931995588905E-018
     10029   3.74926730601416500000E+015   2.65100644893842941899E-018
     10030   3.84665981066895600000E+015   3.57078604417237597165E-018
     10031   3.23651168739865400000E+015   2.91428213864393679375E-018
     10032   3.68092194965006550000E+015   3.63022844387975429011E-018
     10033   4.25925799813675700000E+015   2.75794423085582508260E-018
     10034   3.07708371462141800000E+015   2.52337378226894514438E-018
     10035   3.50357168689156100000E+015   2.47444488613704384419E-018
     10036   3.64150587795820000000E+015   3.17596838825366374278E-018
     10037   3.75777191315235800000E+015   2.81591395540419993010E-018
     10038   1.99725163838545080000E+016   1.28775672449269831885E-018
     10039   3.82724472222201200000E+015   2.80352009540267776343E-018
     10040   8.48550229694918600000E+015   1.93431181626526689597E-018
     10041   4.38461844033115450000E+015   3.14489129807723355810E-018
     10042   1.47561744880377000000E+016   1.58611489152826976789E-018
     10043   6.15051675875102750000E+014   5.40883124944518871531E-018
     10044   1.15999934566897350000E+015   4.66082527070250764030E-018
     10045   2.26540546381439950000E+015   2.43511209319079243870E-018
     10046   9.58712294482979500000E+014   5.19182259747692681566E-018
     10047   1.35747182881704350000E+015   2.92886549099853370039E-018
     10048   8.38400117548585125000E+014   3.05112273076133646316E-018
     10049   5.26092974514151062500E+014   5.06558811206765318635E-018
     10050   1.67484744007944925000E+015   2.91378838276645419591E-018
     10051   1.16226324352631500000E+015   4.76823434011884081987E-018
     10052   1.48720800361891100000E+015   3.22820151801948004832E-018
     10053   1.03361022006478412500E+015   3.68730264628314297934E-018
     10054   9.00856639383835750000E+014   4.66085129804766874393E-018
     10055   2.02354482330365975000E+015   2.95838108093698753273E-018
     10056   2.36568685316325000000E+015   3.64419893504099601804E-018
     10057   3.03678074641939250000E+015   2.34853376927663122717E-018
     10058   1.54742405396243175000E+015   4.43102675328154060439E-018
     10059   1.74000841731397560000E+016   1.23218977032191480051E-018
     10060   1.86016799793833200000E+015   3.41095343538388495258E-018
     10061   1.84479655926923700000E+015   4.35576154879950247645E-018
     10062   2.83720071179467650000E+015   3.26874477000399405638E-018
     10063   6.34064913288192100000E+015   1.80785029602390074159E-018
     10064   3.79788015208100100000E+015   3.01263383167761711058E-018
     10065   8.38280995968303000000E+015   1.38085459165138643415E-018
     10066   6.06128550626289500000E+015   2.15650026298638799408E-018
     10067   8.11027932855407700000E+015   1.69150668908894990781E-018
     10068   1.45387766566264475000E+015   3.41951985344424047684E-018
     10069   1.24205450798491750000E+015   3.35598150507433224463E-018
     10070   7.70381059635674125000E+014   5.06424060390476776694E-018
     10071   1.09758663884405750000E+015   4.99273937738089339400E-018
     10072   9.62187922514684500000E+014   4.57935773320251809134E-018
     10073   1.10788518191214575000E+015   3.68231725806240314031E-018
     10074   1.56512972582373400000E+015   2.31101381107867580323E-018
     10075   1.51198788468851725000E+015   2.49237653086391158928E-018
     10076   7.95230131996851750000E+014   4.69074786112550624997E-018
     10077   7.71546361998817500000E+014   4.74397536990818464931E-018
     10078   1.54409095400107500000E+015   3.89525414764882583331E-018
     10079   2.96790155585604500000E+015   3.23425597860047518587E-018
     10080   3.66185701849719400000E+015   3.58986216703981730053E-018
     10081   1.26989006943965500000E+015   6.01013799611248193167E-018
     10082   2.03912464628638975000E+015   5.26143512250476783713E-018
     10083   1.61668234958772000000E+015   6.24903605529043402509E-018
     10084   1.14523836242315350000E+015   6.56564274337088005953E-018
     10085   1.46064901726466175000E+015   5.55752776708447909082E-018
     10086   1.69246252563216975000E+015   2.56634393128972526117E-018
     10087   1.43153127666289300000E+015   6.21314768305364041244E-018
     10088   1.58609330972991600000E+015   4.37803646259040090136E-018
     10089   1.12774020332758075000E+015   4.14804272721447548351E-018
     10090   1.66900419547956700000E+015   5.08397267224049749279E-018
     10091   1.47451982003093100000E+015   7.80364252351074884849E-018
     10092   1.84348642242023725000E+015   3.85602878636054465525E-018
     10093   1.49905580060890560000E+016   1.21198752498774552659E-018
     10094   1.91898385736045350000E+015   3.65998676289556284826E-018
     10095   1.08916230984853137500E+015   7.18743240713215218298E-018
     10096   1.05462359710167375000E+015   7.14390935747438343016E-018
     10097   1.07491523795955387500E+015   6.72009000117978196715E-018
     10098   1.59888465178462800000E+015   5.18331080574984762819E-018
     10099   1.20488797220423400000E+015   6.45705807015712254275E-018
     10100   8.17610784125686000000E+015   1.08859870484238043854E-018
     10101   1.43573692636773550000E+015   5.10483558611391492390E-018
     10102   2.08753638221276250000E+015   4.20182356624743366446E-018
     10103   2.34159543863195800000E+015   4.62293936078757851037E-018
     10104   3.36585922881604400000E+015   2.74703811677819252270E-018
     10105   1.18170124471353850000E+015   3.71446143763393032834E-018
     10106   1.53394767973429400000E+015   3.62890624586877129558E-018
     10107   1.13208244790225150000E+015   3.74411639092534241032E-018
     10108   2.62911034046890850000E+015   2.63900726639550970027E-018
     10109   8.57319573534302600000E+015   1.35596486520664715175E-018
     10110   2.14204438130632350000E+015   2.57080910677383620850E-018
     10111   6.41800246714329100000E+015   1.24500220970948275867E-018
     10112   2.29433934583875350000E+015   3.00803983527920221012E-018
     10113   9.06446354139525500000E+014   3.79347424572271271422E-018
     10114   1.60960230418884900000E+015   3.17403454350360347448E-018
     10115   8.79535875721763125000E+014   5.12320010778447194782E-018
     10116   2.12306503116208500000E+015   3.46625385833343577080E-018
     10117   2.10590010759595725000E+015   4.02766132328900895942E-018
     10118   2.38200091319583300000E+015   3.59559509248453536774E-018
     10119   2.58648614655233250000E+015   3.24196745835403200525E-018
     10120   3.03398111690430900000E+015   3.37789764155174561765E-018
     10121   2.22380974450039425000E+015   4.07956469157755696459E-018
     10122   4.89624693464301700000E+015   2.43047882670204153665E-018
     10123   1.26040063223761160000E+016   1.37881528620310435461E-018
     10124   1.88002971831876200000E+015   4.14697097140658080412E-018
     10125   1.79367032669293450000E+015   4.23870183888337093754E-018
     10126   1.66440679970638975000E+015   3.53300467333409454475E-018
     10127   1.63392210913720800000E+015   3.65709193371543052745E-018
     10128   1.79805298892497700000E+015   3.16830253275446568659E-018
     10129   1.12047539810074125000E+015   3.38993067701532781182E-018
     10130   1.74641037301792225000E+015   4.15067684809055872062E-018
     10131   1.71785578053206900000E+015   4.33063870769763194652E-018
     10132   6.04550860746166750000E+014   4.61617932845405653748E-018
     10133   1.31287405957924175000E+015   3.54096281717021027340E-018
     10134   1.12520424231994837500E+015   4.61102364772625894368E-018
     10135   1.06654445058794750000E+015   4.06344597845086861628E-018
     10136   1.17669266811386250000E+015   3.86447393294304679583E-018
     10137   1.67407611573881100000E+015   3.09166639706095698596E-018
     10138   1.25935592151498450000E+015   4.43458878645777217151E-018
     10139   8.54412234410320375000E+014   3.43478592399536790694E-018
     10140   1.89055999971429650000E+015   2.47908101314968593824E-018
     10141   5.98926898302668000000E+014   6.80677118857157968514E-018
     10142   8.59123868210457250000E+014   4.57762814169119873475E-018
     10143   9.61977670312198250000E+014   2.13991172987646155963E-018
     10144   9.63034899203102250000E+014   3.55083479917819819020E-018
     10145   1.07565837029111825000E+015   4.24387731971731442889E-018
     10146   5.22265947753033200000E+015   3.27009064247231165853E-018
     10147   1.67910465586809360000E+016   1.43506303969991590910E-018
     10148   1.58460855603428600000E+016   1.08421368184105173282E-018
     10149   1.86043523285313950000E+015   2.39191826074163266359E-018
     10150   1.35836154364206700000E+015   3.44299731123655024136E-018
     10151   1.49812093134526100000E+015   3.55524208477215813051E-018
     10152   1.52267379842362375000E+015   2.80297069098506344155E-018
     10153   2.50671824780164550000E+015   1.95288304720152735748E-018
     10154   1.64761422939893950000E+015   3.05344245683282475602E-018
     10155   1.46909145625873550000E+015   4.08115839147810907691E-018
     10156   1.19138287957968450000E+015   3.72866740950538341731E-018
     10157   1.15506210682108950000E+015   4.22631208844854138506E-018
     10158   7.22129178833255400000E+015   1.37948127381015207388E-018
     10159   4.38850001619342450000E+015   3.10209214133846108700E-018
     10160   7.77854954795658125000E+014   5.61717128000095822050E-018
     10161   1.40999917186381275000E+015   2.75399794063721073408E-018
     10162   1.36917074266954425000E+015   3.27052724388971283855E-018
     10163   9.37616914666830000000E+014   3.16195398371801638799E-018
     10164   1.30772838159623125000E+015   4.68832335606215201066E-018
     10165   1.03602185936923800000E+015   3.94717090252335798686E-018
     10166   3.91638226766644500000E+015   2.53086357493976748201E-018
     10167   7.61775056619719900000E+015   1.51542170791281895572E-018
     10168   8.73621644304361750000E+014   4.45595876363545509393E-018
     10169   1.30712729994759775000E+015   3.22409320193330168771E-018
     10170   9.96439065068466875000E+014   4.70022155438459247903E-018
     10171   8.77119893601809200000E+015   1.11375998481325013420E-018
     10172   9.94467367482499625000E+014   4.92900709023955094266E-018
     10173   3.59725197312778600000E+015   4.61190658881656279447E-018
     10174   1.04710787036042162500E+015   4.46337706137758555542E-018
     10175   1.06686795173199375000E+015   4.24732550818726030762E-018
     10176   1.02814657131866525000E+015   7.38735304208337763946E-018
     10177   1.52427115604295150000E+015   4.86134234078945410798E-018
     10178   3.13976890678306000000E+015   3.17069583721653733393E-018
     10179   1.63967056790773825000E+015   3.70368841628862991090E-018
     10180   1.95926674828618275000E+015   3.17395327972882518389E-018
     10181   2.02345765033990050000E+015   4.11544270860756388898E-018
     10182   5.92321399307100375000E+014   5.22219638816700512504E-018
     10183   1.60793031138904150000E+015   4.38031384097467162503E-018
     10184   2.60871360533521050000E+015   3.39360076549230393607E-018
     10185   2.35978528474862300000E+015   3.52530993840238069951E-018
     10186   1.39181514208431300000E+015   2.97409267426529468820E-018
     10187   2.99817668956228700000E+015   3.11343367764074433234E-018
     10188   1.06823483925935160000E+016   1.36592395884950519683E-018
     10189   2.38800815144081850000E+015   3.18860626593649420198E-018
     10190   4.81179577034786800000E+015   3.24027924068917038370E-018
     10191   3.87975865271581200000E+015   3.25720597202167870625E-018
     10192   3.66389300074031100000E+015   2.91616471135992058161E-018
     10193   1.09403745736666240000E+016   1.57745627083503914782E-018
     10194   3.77666996050972750000E+014   4.34957560476144077858E-018
     10195   8.82899002982749500000E+014   4.56230549367544442741E-018
     10196   6.89875561389070250000E+014   4.68954886516735898492E-018
     10197   3.67565489940740125000E+014   5.06927540484877481881E-018
     10198   6.91860645131719250000E+014   3.48469283011113267852E-018
     10199   1.16869314966479375000E+015   4.55798273685562084285E-018
     10200   6.86197989538552250000E+014   4.23582383208186830234E-018
     10201   3.14086597777551200000E+015   2.12681514535908618873E-018
     10202   4.26783450112256750000E+015   2.66511442322079096604E-018
     10203   8.16732829752486700000E+015   1.72422982461238125377E-018
     10204   1.42105108963132400000E+015   4.58705549927941812324E-018
     10205   2.26958824240716350000E+015   5.36613107790862693414E-018
     10206   1.30909248529823600000E+016   1.37187117488731600424E-018
     10207   1.87559211191220000000E+016   9.28444222120247921014E-019
     10208   8.68844644476068625000E+014   5.27773369512097765421E-018
     10209   8.11231182476928875000E+014   4.05901788558163079706E-018
     10210   1.01943118585166637500E+015   4.25203111106999196239E-018
     10211   1.24656472237484100000E+015   3.93743161328617409104E-018
     10212   1.20259547393604600000E+015   3.53777793561114887558E-018
     10213   7.26056721809477750000E+014   5.22517361998254776676E-018
     10214   1.50549157853082225000E+015   3.97491045987811971615E-018
     10215   2.59276914903405450000E+015   3.67520182665191145793E-018
     10216   1.46507519552445200000E+015   4.75317237194511810640E-018
     10217   5.77311113355730000000E+015   1.81632827559177153960E-018
     10218   1.97567926487384175000E+015   3.24438336651380577479E-018
     10219   1.40139703108632450000E+015   3.07764585009051228799E-018
     10220   1.42207366570556625000E+015   5.06065931141767464438E-018
     10221   1.44946928342167750000E+015   4.78394145059084137962E-018
     10222   2.50059103728328000000E+015   4.92961050263087174691E-018
     10223   3.34502616975052900000E+015   3.07883781061455490362E-018
     10224   2.15540278810295775000E+015   4.04748128844433246790E-018
     10225   9.89896561670783625000E+014   4.16655143436520924305E-018
     10226   1.64928771406772900000E+015   3.39050110018424188047E-018
     10227   1.93259945012025100000E+015   3.10101008274889049716E-018
     10228   1.77221545533122500000E+015   3.31040368568052174480E-018
     10229   5.44456698479678400000E+015   1.29539429058705898505E-018
     10230   2.39266933439454400000E+015   2.81125940898932762775E-018
     10231   2.23997189613956300000E+015   2.50942097517405780247E-018
     10232   3.28932106249272450000E+015   2.03186847191346211809E-018
     10233   1.76556600044261700000E+015   3.58977704830994007360E-018
     10234   3.72941463239627000000E+015   2.76318084727458095198E-018
     10235   1.61250841398721775000E+015   5.94879863000100641320E-018
     10236   1.31596385445461825000E+015   4.68342505217621493820E-018
     10237   1.14854645348753000000E+015   4.04436713304707908851E-018
     10238   1.84104232806584400000E+015   3.16179750076738762242E-018
     10239   1.02312200497048650000E+015   3.07357562138837533301E-018
     10240   1.26440827543382000000E+015   4.22116454305475239409E-018
     10241   1.00037292333348475000E+015   2.65264173414833206980E-018
     10242   1.38506742778181525000E+015   3.48570668086743197573E-018
     10243   1.15854834364660675000E+015   3.14584801244045387510E-018
     10244   2.08513775627914800000E+015   2.67550912356999981844E-018
     10245   1.12026822912098412500E+015   4.53585721974106786323E-018
     10246   9.39832957880794500000E+014   5.38144671465281571841E-018
     10247   1.33594620391340400000E+015   4.35682509102985990495E-018
     10248   1.72955285438671825000E+015   3.62177046264869956177E-018
     10249   1.35853047738707600000E+015   3.54935409825701136073E-018
     10250   8.43702434562079250000E+014   3.22135971102688208916E-018
     10251   8.74945000646695250000E+014   4.37546966845460859694E-018
     10252   1.13047139534519650000E+015   3.68395863124762523770E-018
     10253   3.69068842625575600000E+015   3.73697040073398611191E-018
     10254   4.61417355562837000000E+015   3.37424040282661877944E-018
     10255   3.55336426773774600000E+015   4.26429795340583272141E-018
     10256   3.88157338463359950000E+015   3.66844827249960917201E-018
     10257   7.65965046517413625000E+014   4.95148616089759334767E-018
     10258   2.40731567074415300000E+015   3.31490597833088277111E-018
     10259   2.18874757505198500000E+015   3.51755487423502750512E-018
     10260   1.67219458613187125000E+015   3.76623275038525208098E-018
     10261   2.49479780590319400000E+015   3.32318745814433777365E-018
     10262   1.44886604175618225000E+015   4.39507782504101481588E-018
     10263   2.01778675923285875000E+015   3.73008751401947791727E-018
     10264   1.97680599799779725000E+015   3.28832829182519309220E-018
     10265   2.15883113613644400000E+015   3.16742183401071697584E-018
     10266   1.83266588458415725000E+015   3.36855512532142584417E-018
     10267   2.58148293162218250000E+015   2.81337702992197528066E-018
     10268   4.14010318611028000000E+015   3.25910632457923381185E-018
     10269   3.68631653210993000000E+015   3.26544170878165216700E-018
     10270   4.56353340848791700000E+015   3.58023338305837602596E-018
     10271   2.70722299236662160000E+016   8.42733026374493955026E-019
     10272   1.58309260420478350000E+015   3.67575795068819755301E-018
     10273   8.90168587947868250000E+014   4.94530881610611413419E-018
     10274   2.52679002494827400000E+015   3.88846041640315241330E-018
     10275   3.13551204824091700000E+015   2.67626384192927517630E-018
     10276   2.37036133902712300000E+015   4.58384180677734484744E-018
     10277   6.89488931739776250000E+014   5.53437996846427471464E-018
     10278   7.39371661625570500000E+014   5.15704038443150515277E-018
     10279   1.28103929443286350000E+015   3.98175261272456789348E-018
     10280   1.02571820162803325000E+015   5.16312211862175998133E-018
     10281   1.72079790856204400000E+015   3.69393050547649714288E-018
     10282   1.71766117697116950000E+015   4.52886355136401152333E-018
     10283   1.60776060400034820000E+016   1.41042490696620370156E-018
     10284   1.42623830171690300000E+015   4.27845510006309812671E-018
     10285   1.89922053378148550000E+015   5.46775132809649142056E-018
     10286   3.80782154919137300000E+015   4.09468151512053920313E-018
     10287   1.94224926733848450000E+015   3.64995751590752630992E-018
     10288   1.53103336324362500000E+015   3.90453023808814772359E-018
     10289   1.45369805823164200000E+015   3.27486650798974269891E-018
     10290   2.75662257690886300000E+015   2.76812088866859901515E-018
     10291   4.42167554708016000000E+015   3.02069544390215152433E-018
     10292   1.69556812678335300000E+015   3.31437560753711981885E-018
     10293   1.00854001946536037500E+015   4.15249440630058584069E-018
     10294   1.31449089004716050000E+015   3.59410707184740095576E-018
     10295   1.73988301197881450000E+015   3.86300686769033674499E-018
     10296   1.45264933478079975000E+015   3.39166726923059656803E-018
     10297   1.31755438794534225000E+015   2.72025227465781848156E-018
     10298   9.70541927798232750000E+014   3.56852298675948533635E-018
     10299   4.11462843715127700000E+015   3.99905823240321464093E-018
     10300   5.29333877985993200000E+015   3.30162680185278396640E-018
     10301   1.48883614022640500000E+015   5.12581220901092131123E-018
     10302   2.30714159985909200000E+015   3.48696985721498209849E-018
     10303   1.73733991634703400000E+015   3.91396711608802746331E-018
     10304   1.10624164244065612500E+015   4.83024940643983671951E-018
     10305   2.12721348982610625000E+015   3.05297439433559384996E-018
     10306   2.18883514046468450000E+015   3.21886364765795037460E-018
     10307   3.71215750371116550000E+015   3.54412792968127448775E-018
     10308   3.55440186481969050000E+015   2.99365197469656119838E-018
     10309   2.57638754305947750000E+015   3.73286567403246424782E-018
     10310   1.25976587867320900000E+015   3.83177510087545476194E-018
     10311   1.80983027646237600000E+015   4.38885676235327956009E-018
     10312   1.61291784038731375000E+015   3.59475612543591611154E-018
     10313   1.37050025086471500000E+015   7.32894718904947259378E-018
     10314   1.06433952451458637500E+015   4.26782365521693328334E-018
     10315   1.13748616750541575000E+015   3.84116632586431022645E-018
     10316   2.19565866013655825000E+015   2.40105291579016196594E-018
     10317   1.67632243957132975000E+015   3.24165001214600739060E-018
     10318   9.34714351016015250000E+014   5.26166335106161240749E-018
     10319   1.35924538688048125000E+015   3.70314430837607554053E-018
     10320   1.07163507082630762500E+015   3.88855628887374618241E-018
     10321   1.13434091000067775000E+015   4.67401335188740484054E-018
     10322   1.85312835268144575000E+015   3.49611630574990756954E-018
     10323   1.66989741792137125000E+015   2.81345904628598574830E-018
     10324   1.09328976551413962500E+015   4.32168976077490539236E-018
     10325   2.64463339609934000000E+015   3.54250171479034263815E-018
     10326   1.17223201679511950000E+015   4.50035853928661409268E-018
     10327   1.82986345696094175000E+015   4.16125925434223537249E-018
     10328   2.51727120816498200000E+015   2.98690092414225035476E-018
     10329   1.42822099925842800000E+015   3.76987465472754348410E-018
     10330   1.70553677063177000000E+015   3.94438768512782450166E-018
     10331   1.00918203331142512500E+015   5.37338639254785622631E-018
     10332   4.48043319716914450000E+015   2.68998946944170643012E-018
     10333   1.36121532660436850000E+015   3.86958543140378334669E-018
     10334   1.77906518887505850000E+015   4.38480571575749083595E-018
