19842  3  0
   1 17 2 1
   2 17 1 16
   3 1 2 3
   4 16 1 15
   5 3 4 1
   6 14 15 1
   7 1 4 5
   8 14 1 13
   9 5 6 1
   10 12 13 1
   11 1 6 7
   12 11 12 1
   13 7 8 1
   14 11 1 10
   15 9 1 8
   16 9 10 1
   17 2 17 18
   18 17 40 18
   19 2 18 19
   20 3 2 19
   21 8 7 27
   22 40 17 16
   23 19 20 3
   24 6 25 7
   25 27 7 26
   26 8 27 28
   27 16 39 40
   28 3 20 21
   29 3 21 4
   30 25 6 24
   31 7 25 26
   32 28 9 8
   33 38 39 16
   34 4 22 5
   35 6 5 24
   36 21 22 4
   37 9 28 29
   38 15 38 16
   39 5 22 23
   40 24 5 23
   41 10 9 29
   42 38 15 37
   43 10 29 30
   44 14 37 15
   45 10 30 31
   46 11 10 31
   47 37 14 36
   48 11 31 32
   49 35 14 13
   50 36 14 35
   51 32 12 11
   52 13 12 34
   53 13 34 35
   54 12 32 33
   55 34 12 33
   56 18 40 72
   57 40 71 72
   58 41 18 72
   59 26 53 27
   60 55 28 27
   61 71 40 39
   62 42 18 41
   63 18 42 19
   64 53 26 52
   65 53 54 27
   66 28 55 56
   67 27 54 55
   68 70 71 39
   69 19 42 43
   70 25 52 26
   71 28 56 29
   72 38 70 39
   73 20 19 43
   74 25 51 52
   75 56 57 29
   76 70 38 69
   77 43 44 20
   78 25 24 51
   79 57 30 29
   80 69 38 37
   81 20 44 21
   82 24 50 51
   83 30 57 58
   84 68 37 36
   85 69 37 68
   86 45 21 44
   87 21 46 22
   88 49 50 24
   89 30 58 59
   90 67 68 36
   91 45 46 21
   92 46 47 22
   93 23 22 48
   94 24 23 49
   95 23 48 49
   96 31 59 60
   97 31 30 59
   98 36 35 66
   99 67 36 66
   100 22 47 48
   101 60 61 32
   102 31 60 32
   103 66 35 65
   104 32 61 62
   105 34 65 35
   106 65 34 64
   107 33 62 63
   108 62 33 32
   109 64 34 63
   110 33 63 34
   111 41 72 73
   112 54 53 89
   113 54 90 55
   114 72 111 73
   115 41 73 74
   116 42 41 74
   117 53 88 89
   118 90 54 89
   119 55 90 91
   120 111 72 71
   121 74 75 42
   122 75 43 42
   123 88 53 52
   124 91 56 55
   125 70 110 71
   126 71 110 111
   127 43 75 76
   128 88 52 87
   129 91 92 56
   130 109 110 70
   131 76 44 43
   132 52 51 87
   133 92 93 56
   134 69 109 70
   135 76 77 44
   136 87 51 86
   137 57 56 93
   138 109 69 108
   139 44 77 78
   140 45 44 78
   141 51 85 86
   142 57 93 94
   143 108 69 68
   144 51 50 85
   145 45 78 79
   146 50 84 85
   147 58 57 94
   148 67 106 68
   149 68 107 108
   150 46 45 79
   151 84 49 83
   152 84 50 49
   153 58 94 95
   154 106 67 105
   155 106 107 68
   156 79 80 46
   157 49 48 83
   158 83 48 82
   159 59 95 96
   160 58 95 59
   161 67 66 105
   162 80 81 47
   163 46 80 47
   164 48 81 82
   165 60 96 97
   166 60 59 96
   167 105 66 104
   168 81 48 47
   169 61 97 98
   170 60 97 61
   171 65 104 66
   172 65 103 104
   173 99 61 98
   174 103 64 102
   175 103 65 64
   176 100 62 99
   177 61 99 62
   178 64 101 102
   179 62 100 63
   180 101 64 63
   181 63 100 101
   182 156 73 111
   183 73 156 112
   184 156 111 155
   185 90 89 131
   186 132 91 90
   187 73 112 74
   188 155 111 110
   189 131 89 130
   190 131 132 90
   191 132 133 91
   192 74 112 113
   193 154 155 110
   194 74 114 75
   195 89 88 130
   196 110 109 154
   197 133 92 91
   198 113 114 74
   199 114 115 75
   200 88 129 130
   201 109 153 154
   202 134 92 133
   203 115 76 75
   204 87 129 88
   205 153 109 108
   206 92 134 135
   207 76 115 116
   208 128 129 87
   209 153 108 152
   210 93 92 135
   211 116 77 76
   212 86 128 87
   213 128 86 127
   214 107 152 108
   215 136 93 135
   216 77 116 117
   217 152 107 151
   218 85 127 86
   219 85 126 127
   220 136 94 93
   221 106 151 107
   222 78 117 118
   223 78 77 117
   224 150 151 106
   225 126 85 125
   226 94 136 137
   227 119 79 118
   228 118 79 78
   229 106 105 150
   230 105 149 150
   231 84 125 85
   232 84 124 125
   233 95 94 137
   234 138 95 137
   235 119 120 80
   236 79 119 80
   237 149 104 148
   238 149 105 104
   239 123 124 83
   240 124 84 83
   241 139 96 138
   242 96 95 138
   243 81 120 121
   244 120 81 80
   245 104 103 148
   246 148 103 147
   247 82 123 83
   248 123 82 122
   249 140 97 139
   250 96 139 97
   251 122 81 121
   252 103 146 147
   253 82 81 122
   254 98 140 141
   255 97 140 98
   256 103 102 146
   257 102 145 146
   258 98 141 142
   259 101 144 145
   260 101 145 102
   261 142 143 99
   262 99 98 142
   263 144 101 100
   264 144 100 143
   265 143 100 99
   266 112 156 157
   267 207 157 156
   268 158 112 157
   269 179 132 131
   270 155 207 156
   271 112 158 113
   272 132 179 180
   273 178 179 131
   274 133 132 180
   275 207 155 206
   276 159 113 158
   277 178 131 130
   278 181 133 180
   279 205 155 154
   280 205 206 155
   281 113 159 114
   282 130 177 178
   283 133 181 182
   284 204 205 154
   285 182 134 133
   286 160 114 159
   287 160 115 114
   288 177 130 129
   289 204 154 153
   290 182 183 134
   291 115 160 161
   292 129 176 177
   293 204 153 203
   294 152 203 153
   295 135 134 183
   296 116 161 162
   297 115 161 116
   298 129 128 176
   299 128 175 176
   300 152 202 203
   301 184 135 183
   302 117 162 163
   303 117 116 162
   304 175 127 174
   305 175 128 127
   306 202 152 151
   307 136 135 184
   308 164 118 163
   309 163 118 117
   310 127 126 174
   311 174 126 173
   312 136 184 185
   313 201 202 151
   314 118 164 165
   315 173 125 172
   316 126 125 173
   317 186 137 185
   318 185 137 136
   319 150 201 151
   320 200 201 150
   321 165 166 119
   322 119 118 165
   323 125 171 172
   324 186 187 138
   325 138 137 186
   326 149 199 200
   327 149 200 150
   328 167 120 166
   329 120 119 166
   330 124 171 125
   331 171 124 170
   332 139 187 188
   333 187 139 138
   334 199 148 198
   335 148 199 149
   336 167 168 121
   337 120 167 121
   338 124 123 170
   339 170 123 169
   340 140 188 189
   341 139 188 140
   342 198 148 147
   343 197 198 147
   344 168 122 121
   345 122 168 169
   346 169 123 122
   347 190 141 189
   348 140 189 141
   349 196 197 147
   350 191 141 190
   351 196 147 146
   352 196 146 195
   353 192 142 191
   354 142 141 191
   355 145 195 146
   356 195 145 194
   357 143 192 193
   358 143 142 192
   359 144 194 145
   360 194 144 193
   361 193 144 143
   362 157 207 208
   363 264 208 207
   364 209 157 208
   365 179 234 180
   366 264 207 206
   367 157 209 158
   368 234 179 233
   369 180 234 235
   370 181 180 235
   371 264 206 263
   372 158 209 210
   373 159 158 210
   374 233 179 178
   375 205 263 206
   376 236 181 235
   377 210 211 159
   378 232 233 178
   379 261 205 204
   380 263 205 262
   381 182 181 236
   382 159 211 160
   383 177 232 178
   384 205 261 262
   385 204 260 261
   386 237 182 236
   387 160 211 212
   388 232 177 231
   389 260 204 203
   390 182 237 183
   391 212 213 160
   392 161 160 213
   393 231 177 230
   394 260 203 259
   395 238 183 237
   396 214 161 213
   397 162 161 214
   398 177 176 230
   399 176 229 230
   400 202 259 203
   401 184 183 238
   402 239 184 238
   403 215 162 214
   404 175 229 176
   405 228 229 175
   406 202 201 258
   407 258 259 202
   408 240 185 239
   409 184 239 185
   410 163 215 216
   411 215 163 162
   412 228 174 227
   413 174 228 175
   414 201 257 258
   415 186 240 241
   416 240 186 185
   417 164 216 217
   418 164 163 216
   419 173 227 174
   420 173 226 227
   421 257 201 200
   422 257 200 256
   423 242 187 241
   424 187 186 241
   425 218 165 217
   426 217 165 164
   427 226 172 225
   428 226 173 172
   429 199 256 200
   430 199 255 256
   431 243 188 242
   432 188 187 242
   433 219 166 218
   434 166 165 218
   435 172 171 225
   436 225 171 224
   437 254 255 198
   438 198 255 199
   439 244 188 243
   440 198 197 254
   441 219 220 167
   442 219 167 166
   443 170 223 224
   444 170 224 171
   445 197 253 254
   446 189 244 245
   447 244 189 188
   448 253 197 196
   449 220 221 168
   450 167 220 168
   451 170 169 223
   452 169 222 223
   453 196 252 253
   454 190 245 246
   455 189 245 190
   456 196 195 252
   457 169 168 221
   458 222 169 221
   459 195 251 252
   460 246 247 191
   461 191 190 246
   462 195 250 251
   463 248 192 247
   464 247 192 191
   465 195 194 250
   466 194 249 250
   467 193 248 249
   468 248 193 192
   469 193 249 194
   470 208 264 325
   471 325 264 324
   472 326 208 325
   473 234 293 235
   474 264 263 324
   475 208 326 265
   476 208 265 209
   477 293 234 292
   478 235 293 294
   479 263 262 323
   480 323 324 263
   481 266 209 265
   482 292 234 233
   483 236 235 294
   484 323 262 261
   485 209 266 210
   486 291 292 233
   487 295 236 294
   488 261 322 323
   489 210 266 267
   490 267 211 210
   491 232 291 233
   492 237 236 295
   493 260 322 261
   494 267 268 211
   495 291 232 290
   496 296 237 295
   497 322 260 321
   498 211 268 212
   499 232 231 290
   500 231 289 290
   501 237 296 238
   502 260 320 321
   503 320 260 259
   504 268 269 212
   505 213 212 269
   506 289 231 230
   507 289 230 288
   508 297 238 296
   509 258 319 259
   510 319 320 259
   511 270 213 269
   512 287 288 229
   513 288 230 229
   514 298 239 297
   515 239 238 297
   516 318 319 258
   517 270 271 214
   518 270 214 213
   519 287 228 286
   520 228 287 229
   521 299 239 298
   522 257 318 258
   523 317 318 257
   524 272 215 271
   525 215 214 271
   526 286 228 227
   527 227 285 286
   528 240 299 300
   529 239 299 240
   530 257 256 317
   531 256 316 317
   532 273 216 272
   533 216 215 272
   534 226 284 285
   535 227 226 285
   536 241 300 301
   537 300 241 240
   538 255 315 316
   539 316 256 255
   540 273 274 217
   541 216 273 217
   542 283 284 226
   543 274 218 217
   544 242 301 302
   545 242 241 301
   546 315 254 314
   547 254 315 255
   548 218 274 275
   549 276 219 218
   550 225 283 226
   551 283 225 282
   552 303 243 302
   553 243 242 302
   554 253 314 254
   555 313 314 253
   556 276 218 275
   557 219 276 277
   558 224 282 225
   559 224 281 282
   560 220 219 277
   561 244 303 304
   562 303 244 243
   563 253 252 313
   564 252 312 313
   565 281 223 280
   566 223 281 224
   567 220 277 278
   568 245 304 305
   569 244 304 245
   570 312 251 311
   571 312 252 251
   572 221 220 278
   573 223 222 280
   574 279 280 222
   575 305 306 246
   576 246 245 305
   577 251 250 311
   578 311 250 310
   579 221 278 279
   580 222 221 279
   581 307 247 306
   582 306 247 246
   583 310 249 309
   584 250 249 310
   585 248 307 308
   586 307 248 247
   587 248 309 249
   588 248 308 309
   589 265 326 327
   590 392 327 326
   591 328 265 327
   592 293 292 357
   593 325 392 326
   594 265 328 266
   595 357 292 356
   596 293 357 358
   597 294 293 358
   598 392 325 391
   599 329 266 328
   600 266 329 267
   601 292 291 356
   602 294 358 359
   603 391 325 324
   604 329 330 267
   605 355 356 291
   606 359 295 294
   607 390 391 324
   608 390 324 323
   609 330 268 267
   610 290 355 291
   611 359 360 295
   612 389 390 323
   613 389 323 322
   614 331 268 330
   615 269 268 331
   616 290 354 355
   617 295 360 296
   618 388 389 322
   619 332 269 331
   620 290 289 354
   621 289 353 354
   622 360 361 296
   623 322 321 388
   624 332 333 270
   625 269 332 270
   626 352 353 288
   627 289 288 353
   628 297 361 362
   629 297 296 361
   630 321 387 388
   631 271 333 334
   632 333 271 270
   633 351 352 287
   634 352 288 287
   635 363 298 362
   636 362 298 297
   637 387 321 320
   638 386 387 320
   639 335 272 334
   640 334 272 271
   641 287 286 351
   642 351 286 350
   643 363 364 299
   644 299 298 363
   645 319 386 320
   646 385 386 319
   647 336 273 335
   648 273 272 335
   649 349 350 286
   650 300 364 365
   651 364 300 299
   652 318 385 319
   653 385 318 384
   654 336 337 274
   655 273 336 274
   656 286 285 349
   657 285 348 349
   658 301 365 366
   659 300 365 301
   660 383 317 316
   661 317 384 318
   662 384 317 383
   663 275 337 338
   664 337 275 274
   665 348 284 347
   666 348 285 284
   667 367 301 366
   668 382 316 315
   669 382 383 316
   670 339 276 338
   671 275 338 276
   672 284 283 347
   673 347 283 346
   674 368 302 367
   675 301 367 302
   676 314 381 315
   677 381 382 315
   678 340 277 339
   679 277 276 339
   680 346 282 345
   681 283 282 346
   682 368 369 303
   683 302 368 303
   684 313 380 314
   685 379 313 312
   686 381 314 380
   687 277 340 341
   688 281 345 282
   689 281 344 345
   690 304 369 370
   691 304 303 369
   692 313 379 380
   693 378 379 312
   694 278 341 342
   695 278 277 341
   696 343 344 280
   697 344 281 280
   698 371 305 370
   699 370 305 304
   700 311 378 312
   701 342 279 278
   702 343 280 279
   703 343 279 342
   704 372 306 371
   705 305 371 306
   706 311 310 377
   707 378 311 377
   708 307 372 373
   709 306 372 307
   710 309 375 310
   711 310 376 377
   712 308 373 374
   713 373 308 307
   714 374 309 308
   715 375 309 374
   716 376 310 375
   717 327 392 393
   718 392 463 393
   719 327 393 394
   720 357 426 358
   721 392 391 463
   722 328 327 394
   723 357 425 426
   724 427 358 426
   725 391 462 463
   726 462 391 390
   727 394 395 328
   728 329 328 395
   729 425 357 356
   730 428 358 427
   731 390 461 462
   732 359 358 428
   733 396 329 395
   734 356 424 425
   735 461 390 389
   736 429 359 428
   737 329 396 330
   738 356 355 424
   739 460 461 389
   740 460 389 388
   741 360 359 429
   742 397 330 396
   743 355 423 424
   744 459 460 388
   745 360 429 430
   746 398 331 397
   747 331 330 397
   748 355 354 423
   749 422 423 354
   750 387 459 388
   751 361 360 430
   752 398 399 332
   753 331 398 332
   754 421 422 353
   755 353 422 354
   756 430 431 361
   757 459 387 458
   758 387 386 458
   759 399 400 332
   760 421 353 352
   761 352 420 421
   762 362 431 432
   763 362 361 431
   764 457 458 386
   765 401 333 400
   766 333 332 400
   767 352 351 420
   768 351 419 420
   769 433 363 432
   770 362 432 363
   771 456 457 385
   772 385 457 386
   773 334 401 402
   774 333 401 334
   775 418 419 350
   776 351 350 419
   777 335 334 402
   778 434 364 433
   779 433 364 363
   780 455 456 385
   781 335 402 403
   782 335 403 336
   783 349 417 418
   784 350 349 418
   785 435 365 434
   786 365 364 434
   787 455 385 384
   788 384 454 455
   789 404 336 403
   790 337 336 404
   791 349 348 417
   792 348 416 417
   793 366 435 436
   794 366 365 435
   795 383 454 384
   796 453 383 382
   797 454 383 453
   798 405 337 404
   799 416 347 415
   800 347 416 348
   801 337 405 338
   802 437 367 436
   803 436 367 366
   804 381 452 382
   805 452 453 382
   806 405 406 338
   807 415 347 346
   808 346 414 415
   809 406 339 338
   810 438 368 437
   811 367 437 368
   812 380 451 381
   813 451 452 381
   814 339 406 407
   815 340 339 407
   816 408 341 340
   817 413 414 345
   818 414 346 345
   819 369 438 439
   820 368 438 369
   821 449 379 378
   822 379 450 380
   823 451 380 450
   824 340 407 408
   825 409 341 408
   826 413 345 412
   827 341 409 342
   828 370 439 440
   829 439 370 369
   830 377 448 378
   831 379 449 450
   832 448 449 378
   833 343 342 410
   834 345 344 412
   835 412 344 411
   836 342 409 410
   837 441 371 440
   838 440 371 370
   839 376 447 377
   840 447 448 377
   841 343 410 411
   842 411 344 343
   843 442 372 441
   844 371 441 372
   845 375 446 376
   846 376 446 447
   847 372 442 443
   848 445 375 374
   849 446 375 445
   850 444 373 443
   851 373 372 443
   852 374 373 444
   853 445 374 444
   854 393 463 538
   855 538 463 537
   856 539 393 538
   857 499 427 426
   858 463 462 537
   859 464 393 539
   860 394 393 464
   861 427 499 500
   862 426 498 499
   863 536 537 462
   864 427 500 428
   865 464 465 394
   866 394 465 395
   867 426 425 498
   868 462 461 536
   869 501 428 500
   870 465 466 395
   871 425 497 498
   872 461 535 536
   873 429 428 501
   874 535 461 460
   875 395 466 396
   876 425 424 497
   877 429 501 502
   878 459 534 460
   879 534 535 460
   880 467 396 466
   881 396 467 397
   882 497 424 496
   883 502 430 429
   884 534 459 533
   885 467 468 397
   886 424 423 496
   887 495 496 423
   888 459 458 533
   889 503 430 502
   890 397 468 398
   891 422 495 423
   892 422 494 495
   893 533 458 532
   894 457 532 458
   895 430 503 431
   896 431 503 504
   897 468 469 398
   898 469 399 398
   899 422 421 494
   900 421 493 494
   901 457 531 532
   902 531 457 456
   903 432 504 505
   904 504 432 431
   905 399 469 470
   906 470 400 399
   907 492 493 420
   908 421 420 493
   909 530 531 456
   910 433 505 506
   911 432 505 433
   912 471 400 470
   913 401 400 471
   914 402 401 472
   915 491 492 419
   916 492 420 419
   917 530 456 455
   918 529 530 455
   919 507 434 506
   920 506 434 433
   921 472 401 471
   922 473 402 472
   923 402 473 403
   924 419 490 491
   925 529 454 528
   926 529 455 454
   927 507 508 435
   928 435 434 507
   929 453 528 454
   930 403 473 474
   931 490 419 418
   932 418 489 490
   933 404 403 474
   934 453 527 528
   935 436 508 509
   936 508 436 435
   937 527 453 452
   938 418 417 489
   939 417 488 489
   940 405 404 475
   941 474 475 404
   942 526 527 452
   943 437 509 510
   944 509 437 436
   945 450 525 451
   946 451 526 452
   947 488 416 487
   948 488 417 416
   949 405 476 406
   950 476 405 475
   951 525 526 451
   952 511 437 510
   953 449 524 450
   954 450 524 525
   955 477 407 406
   956 416 415 487
   957 487 415 486
   958 476 477 406
   959 512 438 511
   960 437 511 438
   961 523 449 448
   962 524 449 523
   963 407 477 478
   964 478 408 407
   965 486 414 485
   966 415 414 486
   967 439 512 513
   968 438 512 439
   969 521 448 447
   970 522 523 448
   971 479 408 478
   972 413 485 414
   973 413 484 485
   974 409 408 480
   975 440 513 514
   976 513 440 439
   977 521 522 448
   978 521 447 520
   979 408 479 480
   980 410 409 481
   981 484 412 483
   982 412 484 413
   983 409 480 481
   984 515 441 514
   985 514 441 440
   986 446 520 447
   987 410 481 482
   988 412 411 483
   989 483 411 482
   990 482 411 410
   991 516 442 515
   992 441 515 442
   993 445 519 446
   994 446 519 520
   995 517 443 516
   996 443 442 516
   997 518 445 444
   998 519 445 518
   999 444 517 518
   1000 444 443 517
   1001 540 464 539
   1002 465 464 541
   1003 538 619 539
   1004 464 540 541
   1005 539 619 540
   1006 541 542 465
   1007 577 499 498
   1008 619 538 537
   1009 542 466 465
   1010 499 577 578
   1011 577 498 576
   1012 619 537 618
   1013 500 499 578
   1014 466 542 543
   1015 497 576 498
   1016 543 467 466
   1017 536 618 537
   1018 579 500 578
   1019 575 576 497
   1020 543 544 467
   1021 618 536 617
   1022 616 536 535
   1023 501 500 579
   1024 496 575 497
   1025 468 467 544
   1026 536 616 617
   1027 535 615 616
   1028 580 501 579
   1029 545 468 544
   1030 575 496 574
   1031 468 545 469
   1032 615 535 534
   1033 501 580 502
   1034 469 545 546
   1035 496 495 574
   1036 495 573 574
   1037 533 614 534
   1038 615 534 614
   1039 581 502 580
   1040 470 546 547
   1041 470 469 546
   1042 494 573 495
   1043 573 494 572
   1044 613 614 533
   1045 503 502 581
   1046 582 503 581
   1047 547 548 471
   1048 471 470 547
   1049 571 572 493
   1050 572 494 493
   1051 533 532 613
   1052 583 504 582
   1053 503 582 504
   1054 549 472 548
   1055 472 471 548
   1056 571 492 570
   1057 492 571 493
   1058 612 532 531
   1059 532 612 613
   1060 505 583 584
   1061 583 505 504
   1062 550 473 549
   1063 473 472 549
   1064 492 491 570
   1065 491 569 570
   1066 612 531 611
   1067 530 611 531
   1068 505 584 585
   1069 550 551 473
   1070 490 569 491
   1071 490 568 569
   1072 551 474 473
   1073 530 610 611
   1074 610 530 529
   1075 506 585 586
   1076 506 505 585
   1077 529 528 609
   1078 551 552 474
   1079 490 489 568
   1080 489 567 568
   1081 474 552 475
   1082 609 610 529
   1083 587 507 586
   1084 507 506 586
   1085 608 528 527
   1086 528 608 609
   1087 552 553 475
   1088 477 476 554
   1089 553 476 475
   1090 567 488 566
   1091 488 567 489
   1092 508 587 588
   1093 507 587 508
   1094 607 527 526
   1095 527 607 608
   1096 476 553 554
   1097 554 555 477
   1098 478 477 555
   1099 566 488 487
   1100 487 565 566
   1101 509 588 589
   1102 508 588 509
   1103 525 606 526
   1104 607 526 606
   1105 556 478 555
   1106 478 556 479
   1107 565 487 564
   1108 510 589 590
   1109 510 509 589
   1110 525 524 605
   1111 605 606 525
   1112 479 556 557
   1113 487 486 564
   1114 564 486 563
   1115 480 479 557
   1116 591 511 590
   1117 511 510 590
   1118 604 524 523
   1119 524 604 605
   1120 481 480 558
   1121 563 485 562
   1122 486 485 563
   1123 480 557 558
   1124 512 591 592
   1125 591 512 511
   1126 603 523 522
   1127 604 523 603
   1128 558 559 481
   1129 484 562 485
   1130 484 561 562
   1131 513 592 593
   1132 512 592 513
   1133 521 602 522
   1134 522 602 603
   1135 559 482 481
   1136 483 560 561
   1137 484 483 561
   1138 593 594 514
   1139 514 513 593
   1140 521 520 601
   1141 600 520 519
   1142 601 602 521
   1143 559 560 482
   1144 560 483 482
   1145 595 515 594
   1146 594 515 514
   1147 519 518 599
   1148 520 600 601
   1149 519 599 600
   1150 516 595 596
   1151 595 516 515
   1152 518 517 597
   1153 518 598 599
   1154 517 596 597
   1155 516 596 517
   1156 518 597 598
   1157 540 619 620
   1158 619 704 620
   1159 540 620 621
   1160 541 540 621
   1161 704 619 618
   1162 621 622 541
   1163 660 578 577
   1164 704 618 703
   1165 578 661 579
   1166 542 541 622
   1167 661 578 660
   1168 659 660 577
   1169 617 703 618
   1170 579 661 662
   1171 623 542 622
   1172 543 542 623
   1173 576 659 577
   1174 702 703 617
   1175 580 579 662
   1176 617 616 701
   1177 623 624 543
   1178 659 576 658
   1179 701 702 617
   1180 663 580 662
   1181 700 616 615
   1182 616 700 701
   1183 544 543 624
   1184 576 575 658
   1185 663 581 580
   1186 700 615 699
   1187 625 544 624
   1188 545 544 625
   1189 575 657 658
   1190 581 663 664
   1191 614 699 615
   1192 626 545 625
   1193 657 575 574
   1194 657 574 656
   1195 665 582 664
   1196 582 581 664
   1197 698 614 613
   1198 614 698 699
   1199 546 626 627
   1200 626 546 545
   1201 655 656 573
   1202 573 656 574
   1203 666 583 665
   1204 583 582 665
   1205 697 698 613
   1206 613 612 697
   1207 627 628 547
   1208 547 546 627
   1209 655 572 654
   1210 572 655 573
   1211 667 584 666
   1212 583 666 584
   1213 696 612 611
   1214 612 696 697
   1215 629 548 628
   1216 548 547 628
   1217 572 571 654
   1218 571 653 654
   1219 585 667 668
   1220 667 585 584
   1221 610 695 611
   1222 695 696 611
   1223 630 549 629
   1224 549 548 629
   1225 570 653 571
   1226 653 570 652
   1227 585 668 669
   1228 609 608 693
   1229 610 609 694
   1230 695 610 694
   1231 630 631 550
   1232 549 630 550
   1233 651 652 569
   1234 652 570 569
   1235 631 551 550
   1236 586 669 670
   1237 586 585 669
   1238 692 608 607
   1239 608 692 693
   1240 693 694 609
   1241 551 631 632
   1242 632 552 551
   1243 651 568 650
   1244 568 651 569
   1245 671 587 670
   1246 587 586 670
   1247 605 690 606
   1248 606 691 607
   1249 607 691 692
   1250 633 552 632
   1251 553 552 634
   1252 650 568 567
   1253 650 567 649
   1254 588 671 672
   1255 671 588 587
   1256 689 690 605
   1257 691 606 690
   1258 552 633 634
   1259 634 635 553
   1260 567 566 649
   1261 566 648 649
   1262 553 635 554
   1263 589 672 673
   1264 588 672 589
   1265 605 604 689
   1266 566 565 648
   1267 565 647 648
   1268 554 636 555
   1269 635 636 554
   1270 673 674 590
   1271 590 589 673
   1272 688 604 603
   1273 604 688 689
   1274 557 556 638
   1275 556 555 637
   1276 647 565 646
   1277 555 636 637
   1278 675 591 674
   1279 674 591 590
   1280 603 602 687
   1281 688 603 687
   1282 556 637 638
   1283 557 638 639
   1284 558 557 639
   1285 564 646 565
   1286 564 645 646
   1287 592 675 676
   1288 675 592 591
   1289 602 601 686
   1290 687 602 686
   1291 639 640 558
   1292 640 559 558
   1293 645 563 644
   1294 645 564 563
   1295 593 676 677
   1296 592 676 593
   1297 601 600 685
   1298 685 686 601
   1299 559 640 641
   1300 563 562 644
   1301 643 644 562
   1302 594 677 678
   1303 594 593 677
   1304 684 600 599
   1305 600 684 685
   1306 560 559 641
   1307 643 561 642
   1308 561 643 562
   1309 679 595 678
   1310 595 594 678
   1311 683 599 598
   1312 599 683 684
   1313 560 641 642
   1314 642 561 560
   1315 596 679 680
   1316 679 596 595
   1317 598 597 681
   1318 683 598 682
   1319 597 680 681
   1320 596 680 597
   1321 681 682 598
   1322 793 620 704
   1323 661 660 747
   1324 792 704 703
   1325 620 793 705
   1326 793 704 792
   1327 621 620 705
   1328 747 660 746
   1329 748 661 747
   1330 792 703 791
   1331 702 791 703
   1332 705 706 621
   1333 621 706 622
   1334 660 659 746
   1335 661 748 662
   1336 702 790 791
   1337 623 622 707
   1338 706 707 622
   1339 659 745 746
   1340 749 662 748
   1341 790 702 701
   1342 707 708 623
   1343 745 659 658
   1344 749 663 662
   1345 789 790 701
   1346 701 700 789
   1347 623 708 624
   1348 745 658 744
   1349 663 749 750
   1350 788 700 699
   1351 700 788 789
   1352 708 709 624
   1353 625 624 709
   1354 657 744 658
   1355 743 744 657
   1356 664 663 750
   1357 787 788 699
   1358 710 625 709
   1359 625 710 626
   1360 743 656 742
   1361 656 743 657
   1362 751 664 750
   1363 699 698 787
   1364 710 711 626
   1365 711 627 626
   1366 656 655 742
   1367 655 741 742
   1368 751 665 664
   1369 786 698 697
   1370 698 786 787
   1371 665 751 752
   1372 711 712 627
   1373 628 627 712
   1374 654 741 655
   1375 741 654 740
   1376 697 696 785
   1377 785 786 697
   1378 753 666 752
   1379 666 665 752
   1380 629 628 713
   1381 713 628 712
   1382 739 740 653
   1383 740 654 653
   1384 714 630 629
   1385 784 696 695
   1386 696 784 785
   1387 754 667 753
   1388 667 666 753
   1389 714 629 713
   1390 631 630 715
   1391 739 652 738
   1392 652 739 653
   1393 630 714 715
   1394 784 695 783
   1395 695 694 783
   1396 755 667 754
   1397 631 715 716
   1398 631 716 632
   1399 633 632 718
   1400 652 651 738
   1401 651 737 738
   1402 694 693 782
   1403 694 782 783
   1404 668 755 756
   1405 667 755 668
   1406 693 692 781
   1407 717 632 716
   1408 632 717 718
   1409 718 719 633
   1410 650 737 651
   1411 650 736 737
   1412 633 719 634
   1413 781 782 693
   1414 669 756 757
   1415 756 669 668
   1416 780 692 691
   1417 692 780 781
   1418 736 650 649
   1419 735 736 649
   1420 634 720 635
   1421 719 720 634
   1422 670 757 758
   1423 670 669 757
   1424 780 691 779
   1425 636 635 721
   1426 735 648 734
   1427 648 735 649
   1428 635 720 721
   1429 759 671 758
   1430 671 670 758
   1431 690 779 691
   1432 636 721 722
   1433 637 636 722
   1434 734 648 647
   1435 647 733 734
   1436 672 759 760
   1437 759 672 671
   1438 689 688 777
   1439 689 778 690
   1440 690 778 779
   1441 722 723 637
   1442 638 637 723
   1443 733 647 732
   1444 673 760 761
   1445 672 760 673
   1446 776 688 687
   1447 688 776 777
   1448 777 778 689
   1449 724 638 723
   1450 647 646 732
   1451 732 646 731
   1452 638 724 639
   1453 761 762 674
   1454 674 673 761
   1455 775 687 686
   1456 687 775 776
   1457 640 639 725
   1458 731 645 730
   1459 646 645 731
   1460 639 724 725
   1461 763 675 762
   1462 762 675 674
   1463 686 685 774
   1464 774 775 686
   1465 640 725 726
   1466 644 730 645
   1467 644 729 730
   1468 676 763 764
   1469 763 676 675
   1470 685 684 773
   1471 773 774 685
   1472 641 640 726
   1473 729 643 728
   1474 643 729 644
   1475 677 764 765
   1476 676 764 677
   1477 772 684 683
   1478 684 772 773
   1479 641 726 727
   1480 643 642 728
   1481 727 728 642
   1482 642 641 727
   1483 678 765 766
   1484 678 677 765
   1485 771 683 682
   1486 772 683 771
   1487 767 679 766
   1488 679 678 766
   1489 681 770 682
   1490 682 770 771
   1491 680 767 768
   1492 767 680 679
   1493 680 768 681
   1494 770 681 769
   1495 681 768 769
   1496 705 793 794
   1497 794 793 887
   1498 795 705 794
   1499 705 795 706
   1500 747 839 748
   1501 887 793 792
   1502 706 795 796
   1503 706 796 707
   1504 747 838 839
   1505 748 839 840
   1506 792 886 887
   1507 796 797 707
   1508 838 747 746
   1509 791 885 792
   1510 749 748 840
   1511 885 886 792
   1512 707 797 708
   1513 838 746 837
   1514 885 791 884
   1515 791 790 884
   1516 749 840 841
   1517 797 798 708
   1518 798 709 708
   1519 746 745 837
   1520 883 884 790
   1521 750 749 841
   1522 710 709 799
   1523 709 798 799
   1524 745 836 837
   1525 789 883 790
   1526 842 750 841
   1527 710 799 800
   1528 836 745 744
   1529 789 788 882
   1530 883 789 882
   1531 835 836 744
   1532 751 842 843
   1533 750 842 751
   1534 711 710 800
   1535 787 881 788
   1536 881 882 788
   1537 835 744 743
   1538 743 834 835
   1539 844 752 843
   1540 752 751 843
   1541 880 787 786
   1542 800 801 711
   1543 711 801 712
   1544 880 881 787
   1545 742 834 743
   1546 834 742 833
   1547 753 844 845
   1548 752 844 753
   1549 785 879 786
   1550 879 880 786
   1551 801 802 712
   1552 802 713 712
   1553 741 832 833
   1554 742 741 833
   1555 754 845 846
   1556 845 754 753
   1557 785 784 878
   1558 879 785 878
   1559 713 802 803
   1560 714 713 803
   1561 831 832 740
   1562 832 741 740
   1563 755 846 847
   1564 755 754 846
   1565 876 783 782
   1566 783 877 784
   1567 877 878 784
   1568 803 804 714
   1569 715 714 804
   1570 805 716 715
   1571 739 831 740
   1572 739 830 831
   1573 848 756 847
   1574 756 755 847
   1575 781 875 782
   1576 783 876 877
   1577 876 782 875
   1578 805 715 804
   1579 716 805 806
   1580 830 739 738
   1581 830 738 829
   1582 717 716 806
   1583 757 848 849
   1584 756 848 757
   1585 780 779 873
   1586 781 780 874
   1587 875 781 874
   1588 737 828 829
   1589 738 737 829
   1590 718 717 807
   1591 718 808 719
   1592 717 806 807
   1593 758 849 850
   1594 757 849 758
   1595 779 778 872
   1596 779 872 873
   1597 873 874 780
   1598 719 809 720
   1599 827 828 736
   1600 828 737 736
   1601 807 808 718
   1602 808 809 719
   1603 850 851 759
   1604 759 758 850
   1605 777 871 778
   1606 778 871 872
   1607 720 809 810
   1608 721 720 810
   1609 736 826 827
   1610 852 759 851
   1611 777 776 870
   1612 869 776 775
   1613 871 777 870
   1614 721 810 811
   1615 735 826 736
   1616 735 825 826
   1617 722 721 811
   1618 760 852 853
   1619 852 760 759
   1620 774 868 775
   1621 869 870 776
   1622 775 868 869
   1623 735 734 825
   1624 734 824 825
   1625 723 722 812
   1626 722 811 812
   1627 761 853 854
   1628 853 761 760
   1629 773 867 774
   1630 868 774 867
   1631 824 733 823
   1632 733 824 734
   1633 812 813 723
   1634 855 762 854
   1635 761 854 762
   1636 867 773 866
   1637 723 814 724
   1638 823 733 732
   1639 732 822 823
   1640 723 813 814
   1641 763 855 856
   1642 763 762 855
   1643 773 772 866
   1644 815 724 814
   1645 725 724 815
   1646 731 821 822
   1647 732 731 822
   1648 764 856 857
   1649 764 763 856
   1650 772 771 864
   1651 865 866 772
   1652 816 725 815
   1653 731 730 821
   1654 730 820 821
   1655 726 725 816
   1656 765 857 858
   1657 857 765 764
   1658 771 770 863
   1659 864 771 863
   1660 865 772 864
   1661 726 817 727
   1662 820 729 819
   1663 729 820 730
   1664 817 726 816
   1665 859 766 858
   1666 765 858 766
   1667 770 769 862
   1668 862 863 770
   1669 727 817 818
   1670 728 819 729
   1671 728 818 819
   1672 728 727 818
   1673 860 767 859
   1674 766 859 767
   1675 861 769 768
   1676 769 861 862
   1677 768 860 861
   1678 860 768 767
   1679 985 794 887
   1680 794 985 888
   1681 984 985 887
   1682 794 888 795
   1683 887 886 984
   1684 889 795 888
   1685 839 838 935
   1686 984 886 885
   1687 795 889 796
   1688 838 934 935
   1689 839 935 936
   1690 983 984 885
   1691 936 840 839
   1692 890 796 889
   1693 838 933 934
   1694 890 797 796
   1695 983 885 884
   1696 936 937 840
   1697 838 837 933
   1698 797 890 891
   1699 797 891 798
   1700 982 983 884
   1701 841 840 937
   1702 982 884 883
   1703 837 932 933
   1704 798 891 892
   1705 938 841 937
   1706 883 882 981
   1707 981 982 883
   1708 932 837 836
   1709 799 798 892
   1710 842 841 938
   1711 882 980 981
   1712 799 892 893
   1713 836 931 932
   1714 842 938 939
   1715 893 800 799
   1716 980 882 881
   1717 894 800 893
   1718 979 980 881
   1719 835 931 836
   1720 931 835 930
   1721 940 843 939
   1722 939 843 842
   1723 801 800 895
   1724 979 881 880
   1725 800 894 895
   1726 978 979 880
   1727 802 801 896
   1728 834 929 930
   1729 835 834 930
   1730 940 941 844
   1731 844 843 940
   1732 895 896 801
   1733 879 978 880
   1734 878 977 879
   1735 978 879 977
   1736 897 802 896
   1737 928 929 833
   1738 929 834 833
   1739 845 941 942
   1740 941 845 844
   1741 976 878 877
   1742 878 976 977
   1743 802 897 803
   1744 832 928 833
   1745 832 927 928
   1746 846 942 943
   1747 845 942 846
   1748 975 877 876
   1749 975 976 877
   1750 897 898 803
   1751 898 804 803
   1752 927 832 831
   1753 927 831 926
   1754 899 805 804
   1755 944 847 943
   1756 943 847 846
   1757 974 876 875
   1758 974 975 876
   1759 804 898 899
   1760 830 925 926
   1761 831 830 926
   1762 806 805 900
   1763 900 805 899
   1764 944 945 848
   1765 848 847 944
   1766 874 873 971
   1767 874 972 875
   1768 974 875 973
   1769 808 807 902
   1770 806 901 807
   1771 924 925 829
   1772 925 830 829
   1773 901 806 900
   1774 849 945 946
   1775 945 849 848
   1776 873 872 970
   1777 970 971 873
   1778 972 874 971
   1779 875 972 973
   1780 807 901 902
   1781 808 902 903
   1782 809 808 903
   1783 828 924 829
   1784 828 923 924
   1785 850 946 947
   1786 946 850 849
   1787 870 968 871
   1788 871 969 872
   1789 969 970 872
   1790 903 904 809
   1791 923 828 827
   1792 827 922 923
   1793 810 809 904
   1794 948 851 947
   1795 850 947 851
   1796 870 869 967
   1797 968 870 967
   1798 969 871 968
   1799 827 826 922
   1800 826 921 922
   1801 810 905 811
   1802 905 810 904
   1803 949 852 948
   1804 851 948 852
   1805 966 869 868
   1806 966 967 869
   1807 906 812 811
   1808 921 825 920
   1809 921 826 825
   1810 905 906 811
   1811 853 949 950
   1812 949 853 852
   1813 867 965 868
   1814 966 868 965
   1815 812 906 907
   1816 907 813 812
   1817 825 824 920
   1818 920 824 919
   1819 854 950 951
   1820 950 854 853
   1821 866 964 867
   1822 867 964 965
   1823 908 813 907
   1824 814 813 908
   1825 919 823 918
   1826 824 823 919
   1827 952 855 951
   1828 854 951 855
   1829 866 865 963
   1830 964 866 963
   1831 909 814 908
   1832 822 918 823
   1833 822 917 918
   1834 815 814 909
   1835 856 952 953
   1836 856 855 952
   1837 865 864 962
   1838 962 963 865
   1839 910 816 815
   1840 917 821 916
   1841 917 822 821
   1842 910 815 909
   1843 857 953 954
   1844 857 856 953
   1845 863 961 864
   1846 961 962 864
   1847 816 910 911
   1848 821 915 916
   1849 911 817 816
   1850 857 954 955
   1851 862 960 863
   1852 961 863 960
   1853 818 817 912
   1854 821 820 915
   1855 820 914 915
   1856 912 817 911
   1857 956 858 955
   1858 955 858 857
   1859 959 862 861
   1860 960 862 959
   1861 913 818 912
   1862 820 819 914
   1863 819 913 914
   1864 913 819 818
   1865 957 859 956
   1866 858 956 859
   1867 958 861 860
   1868 861 958 959
   1869 860 957 958
   1870 859 957 860
   1871 888 985 986
   1872 985 1088 986
   1873 888 986 987
   1874 888 987 889
   1875 985 984 1087
   1876 1088 985 1087
   1877 988 889 987
   1878 934 1035 935
   1879 984 1086 1087
   1880 936 935 1036
   1881 890 889 988
   1882 934 1034 1035
   1883 1036 935 1035
   1884 1086 984 983
   1885 936 1036 1037
   1886 989 890 988
   1887 890 989 891
   1888 1034 934 933
   1889 1085 1086 983
   1890 937 936 1037
   1891 1085 983 982
   1892 990 891 989
   1893 892 891 990
   1894 933 1033 1034
   1895 937 1037 1038
   1896 981 1084 982
   1897 1084 1085 982
   1898 892 991 893
   1899 991 892 990
   1900 933 932 1033
   1901 937 1038 938
   1902 981 980 1083
   1903 1083 1084 981
   1904 991 992 893
   1905 992 894 893
   1906 932 1032 1033
   1907 1038 1039 938
   1908 1082 980 979
   1909 980 1082 1083
   1910 894 992 993
   1911 895 894 993
   1912 932 931 1032
   1913 1031 1032 931
   1914 939 1039 1040
   1915 1039 939 938
   1916 1081 979 978
   1917 1081 1082 979
   1918 993 994 895
   1919 896 895 994
   1920 1030 1031 930
   1921 930 1031 931
   1922 940 1040 1041
   1923 939 1040 940
   1924 1080 978 977
   1925 1080 1081 978
   1926 976 1079 977
   1927 995 896 994
   1928 896 995 897
   1929 929 1030 930
   1930 929 1029 1030
   1931 1042 941 1041
   1932 1041 941 940
   1933 977 1079 1080
   1934 1079 976 1078
   1935 1078 976 975
   1936 995 996 897
   1937 996 898 897
   1938 929 928 1029
   1939 928 1028 1029
   1940 942 1042 1043
   1941 942 941 1042
   1942 974 1077 975
   1943 1077 1078 975
   1944 898 996 997
   1945 1027 1028 927
   1946 928 927 1028
   1947 997 899 898
   1948 943 1043 1044
   1949 943 942 1043
   1950 973 1076 974
   1951 1076 1077 974
   1952 900 999 901
   1953 900 899 998
   1954 926 1026 1027
   1955 927 926 1027
   1956 998 899 997
   1957 944 1044 1045
   1958 943 1044 944
   1959 1074 972 971
   1960 972 1075 973
   1961 1076 973 1075
   1962 999 900 998
   1963 901 999 1000
   1964 902 901 1000
   1965 926 1025 1026
   1966 1046 945 1045
   1967 944 1045 945
   1968 1073 971 970
   1969 972 1074 1075
   1970 1073 1074 971
   1971 902 1000 1001
   1972 1025 926 925
   1973 1025 925 1024
   1974 903 902 1001
   1975 1047 946 1046
   1976 945 1046 946
   1977 968 1071 969
   1978 1072 970 969
   1979 1072 1073 970
   1980 924 1023 1024
   1981 925 924 1024
   1982 904 903 1002
   1983 1001 1002 903
   1984 947 1047 1048
   1985 1047 947 946
   1986 1070 968 967
   1987 1071 968 1070
   1988 969 1071 1072
   1989 1022 1023 923
   1990 1023 924 923
   1991 904 1003 905
   1992 1003 904 1002
   1993 948 1048 1049
   1994 1048 948 947
   1995 966 1069 967
   1996 1069 1070 967
   1997 1004 906 905
   1998 922 1022 923
   1999 922 1021 1022
   2000 1003 1004 905
   2001 1050 949 1049
   2002 948 1049 949
   2003 966 965 1068
   2004 1069 966 1068
   2005 906 1004 1005
   2006 922 921 1021
   2007 1020 1021 921
   2008 1005 907 906
   2009 950 1050 1051
   2010 950 949 1050
   2011 964 1067 965
   2012 1068 965 1067
   2013 921 920 1020
   2014 920 1019 1020
   2015 908 907 1006
   2016 1006 907 1005
   2017 1052 950 1051
   2018 1066 964 963
   2019 964 1066 1067
   2020 908 1007 909
   2021 1019 919 1018
   2022 1019 920 919
   2023 1007 908 1006
   2024 951 1052 1053
   2025 951 950 1052
   2026 1064 963 962
   2027 1065 1066 963
   2028 1007 1008 909
   2029 1008 910 909
   2030 919 918 1018
   2031 1018 918 1017
   2032 1054 952 1053
   2033 1053 952 951
   2034 961 1063 962
   2035 1064 1065 963
   2036 962 1063 1064
   2037 910 1008 1009
   2038 1009 911 910
   2039 1017 917 1016
   2040 918 917 1017
   2041 1055 953 1054
   2042 952 1054 953
   2043 1063 961 1062
   2044 1010 911 1009
   2045 916 1016 917
   2046 916 1015 1016
   2047 912 911 1010
   2048 954 1055 1056
   2049 953 1055 954
   2050 960 1062 961
   2051 1011 913 912
   2052 1015 915 1014
   2053 1015 916 915
   2054 1011 912 1010
   2055 955 1056 1057
   2056 1056 955 954
   2057 1061 960 959
   2058 1062 960 1061
   2059 913 1011 1012
   2060 915 914 1014
   2061 1014 914 1013
   2062 914 913 1013
   2063 1058 956 1057
   2064 1057 956 955
   2065 959 958 1060
   2066 959 1060 1061
   2067 1013 913 1012
   2068 1059 957 1058
   2069 956 1058 957
   2070 958 957 1059
   2071 958 1059 1060
   2072 986 1088 1089
   2073 1088 1194 1089
   2074 1090 986 1089
   2075 986 1090 987
   2076 1035 1140 1036
   2077 1194 1088 1087
   2078 987 1090 1091
   2079 988 987 1091
   2080 1035 1139 1140
   2081 1140 1141 1036
   2082 1194 1087 1193
   2083 1092 988 1091
   2084 988 1092 989
   2085 1087 1086 1193
   2086 1035 1034 1139
   2087 1037 1036 1141
   2088 989 1092 1093
   2089 1086 1192 1193
   2090 1192 1086 1085
   2091 1034 1138 1139
   2092 1142 1037 1141
   2093 990 989 1093
   2094 1191 1192 1085
   2095 1191 1085 1084
   2096 1034 1033 1138
   2097 1038 1037 1142
   2098 990 1093 1094
   2099 991 990 1094
   2100 1190 1191 1084
   2101 1137 1138 1033
   2102 1038 1142 1143
   2103 1190 1084 1083
   2104 991 1094 1095
   2105 1095 992 991
   2106 1033 1032 1137
   2107 1032 1136 1137
   2108 1144 1039 1143
   2109 1143 1039 1038
   2110 1083 1082 1189
   2111 1189 1190 1083
   2112 1096 992 1095
   2113 992 1096 993
   2114 1136 1032 1031
   2115 1031 1135 1136
   2116 1144 1145 1040
   2117 1040 1039 1144
   2118 1188 1082 1081
   2119 1082 1188 1189
   2120 1080 1187 1081
   2121 1097 994 993
   2122 1096 1097 993
   2123 1031 1030 1135
   2124 1030 1134 1135
   2125 1041 1145 1146
   2126 1145 1041 1040
   2127 1187 1188 1081
   2128 1080 1079 1186
   2129 1187 1080 1186
   2130 994 1097 1098
   2131 995 994 1098
   2132 1133 1134 1029
   2133 1030 1029 1134
   2134 1042 1146 1147
   2135 1041 1146 1042
   2136 1184 1078 1077
   2137 1078 1185 1079
   2138 1186 1079 1185
   2139 995 1098 1099
   2140 1099 996 995
   2141 1100 997 996
   2142 1132 1133 1028
   2143 1028 1133 1029
   2144 1148 1043 1147
   2145 1147 1043 1042
   2146 1182 1076 1075
   2147 1183 1077 1076
   2148 1078 1184 1185
   2149 1183 1184 1077
   2150 1100 996 1099
   2151 997 1100 1101
   2152 998 997 1101
   2153 1027 1132 1028
   2154 1027 1131 1132
   2155 1148 1149 1044
   2156 1044 1043 1148
   2157 1074 1180 1075
   2158 1182 1183 1076
   2159 1182 1075 1181
   2160 998 1101 1102
   2161 1102 999 998
   2162 1027 1026 1131
   2163 1026 1130 1131
   2164 1000 999 1103
   2165 1045 1149 1150
   2166 1149 1045 1044
   2167 1074 1073 1179
   2168 1178 1073 1072
   2169 1180 1074 1179
   2170 1075 1180 1181
   2171 1103 999 1102
   2172 1129 1130 1025
   2173 1026 1025 1130
   2174 1000 1104 1001
   2175 1104 1000 1103
   2176 1046 1150 1151
   2177 1045 1150 1046
   2178 1071 1177 1072
   2179 1178 1179 1073
   2180 1072 1177 1178
   2181 1105 1002 1001
   2182 1128 1129 1024
   2183 1129 1025 1024
   2184 1104 1105 1001
   2185 1152 1046 1151
   2186 1070 1176 1071
   2187 1177 1071 1176
   2188 1002 1105 1106
   2189 1003 1002 1106
   2190 1128 1024 1023
   2191 1023 1127 1128
   2192 1153 1047 1152
   2193 1046 1152 1047
   2194 1068 1174 1069
   2195 1070 1069 1175
   2196 1176 1070 1175
   2197 1003 1106 1107
   2198 1023 1022 1127
   2199 1022 1126 1127
   2200 1107 1004 1003
   2201 1154 1048 1153
   2202 1048 1047 1153
   2203 1067 1173 1068
   2204 1174 1068 1173
   2205 1174 1175 1069
   2206 1125 1126 1021
   2207 1022 1021 1126
   2208 1109 1006 1005
   2209 1004 1108 1005
   2210 1108 1004 1107
   2211 1049 1154 1155
   2212 1049 1048 1154
   2213 1067 1172 1173
   2214 1007 1006 1110
   2215 1124 1125 1020
   2216 1125 1021 1020
   2217 1006 1109 1110
   2218 1108 1109 1005
   2219 1156 1050 1155
   2220 1155 1050 1049
   2221 1066 1172 1067
   2222 1007 1110 1111
   2223 1111 1008 1007
   2224 1020 1019 1124
   2225 1019 1123 1124
   2226 1157 1051 1156
   2227 1050 1156 1051
   2228 1066 1065 1171
   2229 1172 1066 1171
   2230 1112 1008 1111
   2231 1123 1018 1122
   2232 1018 1123 1019
   2233 1112 1009 1008
   2234 1052 1157 1158
   2235 1051 1157 1052
   2236 1065 1064 1170
   2237 1170 1171 1065
   2238 1122 1018 1017
   2239 1017 1121 1122
   2240 1112 1113 1009
   2241 1053 1158 1159
   2242 1158 1053 1052
   2243 1064 1063 1169
   2244 1170 1064 1169
   2245 1113 1010 1009
   2246 1016 1120 1121
   2247 1017 1016 1121
   2248 1160 1054 1159
   2249 1159 1054 1053
   2250 1062 1168 1063
   2251 1169 1063 1168
   2252 1010 1113 1114
   2253 1016 1015 1120
   2254 1015 1119 1120
   2255 1011 1010 1114
   2256 1161 1055 1160
   2257 1054 1160 1055
   2258 1062 1061 1167
   2259 1168 1062 1167
   2260 1011 1115 1012
   2261 1119 1014 1118
   2262 1014 1119 1015
   2263 1011 1114 1115
   2264 1161 1162 1056
   2265 1055 1161 1056
   2266 1166 1061 1060
   2267 1166 1167 1061
   2268 1116 1012 1115
   2269 1014 1117 1118
   2270 1013 1012 1116
   2271 1057 1162 1163
   2272 1057 1056 1162
   2273 1059 1165 1060
   2274 1166 1060 1165
   2275 1013 1117 1014
   2276 1117 1013 1116
   2277 1164 1058 1163
   2278 1163 1058 1057
   2279 1058 1164 1059
   2280 1165 1059 1164
   2281 1195 1089 1194
   2282 1089 1196 1090
   2283 1193 1304 1194
   2284 1089 1195 1196
   2285 1194 1304 1195
   2286 1197 1090 1196
   2287 1090 1197 1091
   2288 1141 1140 1249
   2289 1304 1193 1303
   2290 1197 1198 1091
   2291 1247 1140 1139
   2292 1248 1249 1140
   2293 1141 1249 1250
   2294 1193 1192 1302
   2295 1303 1193 1302
   2296 1198 1092 1091
   2297 1247 1248 1140
   2298 1139 1246 1247
   2299 1142 1141 1250
   2300 1191 1301 1192
   2301 1301 1302 1192
   2302 1199 1092 1198
   2303 1093 1092 1199
   2304 1138 1246 1139
   2305 1142 1250 1251
   2306 1190 1300 1191
   2307 1300 1301 1191
   2308 1200 1093 1199
   2309 1093 1200 1094
   2310 1246 1138 1245
   2311 1142 1251 1143
   2312 1189 1299 1190
   2313 1299 1300 1190
   2314 1200 1201 1094
   2315 1201 1095 1094
   2316 1138 1137 1245
   2317 1143 1251 1252
   2318 1189 1188 1298
   2319 1299 1189 1298
   2320 1095 1201 1202
   2321 1137 1244 1245
   2322 1096 1095 1202
   2323 1144 1252 1253
   2324 1144 1143 1252
   2325 1187 1297 1188
   2326 1297 1298 1188
   2327 1137 1136 1244
   2328 1203 1097 1096
   2329 1096 1202 1203
   2330 1136 1243 1244
   2331 1145 1253 1254
   2332 1144 1253 1145
   2333 1296 1187 1186
   2334 1187 1296 1297
   2335 1185 1295 1186
   2336 1097 1204 1098
   2337 1204 1097 1203
   2338 1135 1243 1136
   2339 1135 1242 1243
   2340 1255 1146 1254
   2341 1254 1146 1145
   2342 1296 1186 1295
   2343 1295 1185 1294
   2344 1185 1184 1294
   2345 1204 1205 1098
   2346 1205 1099 1098
   2347 1242 1135 1134
   2348 1242 1134 1241
   2349 1255 1256 1147
   2350 1147 1146 1255
   2351 1183 1182 1292
   2352 1184 1183 1293
   2353 1293 1294 1184
   2354 1099 1205 1206
   2355 1206 1100 1099
   2356 1133 1240 1241
   2357 1134 1133 1241
   2358 1148 1256 1257
   2359 1256 1148 1147
   2360 1181 1291 1182
   2361 1182 1291 1292
   2362 1183 1292 1293
   2363 1207 1100 1206
   2364 1101 1100 1207
   2365 1102 1101 1208
   2366 1239 1240 1132
   2367 1240 1133 1132
   2368 1149 1257 1258
   2369 1148 1257 1149
   2370 1179 1289 1180
   2371 1181 1180 1290
   2372 1291 1181 1290
   2373 1208 1101 1207
   2374 1209 1102 1208
   2375 1209 1103 1102
   2376 1239 1132 1131
   2377 1131 1238 1239
   2378 1259 1150 1258
   2379 1258 1150 1149
   2380 1288 1179 1178
   2381 1179 1288 1289
   2382 1289 1290 1180
   2383 1103 1209 1210
   2384 1238 1131 1130
   2385 1238 1130 1237
   2386 1104 1103 1210
   2387 1151 1259 1260
   2388 1151 1150 1259
   2389 1177 1176 1286
   2390 1177 1287 1178
   2391 1288 1178 1287
   2392 1129 1236 1237
   2393 1130 1129 1237
   2394 1105 1212 1106
   2395 1211 1105 1104
   2396 1104 1210 1211
   2397 1152 1260 1261
   2398 1152 1151 1260
   2399 1285 1176 1175
   2400 1285 1286 1176
   2401 1287 1177 1286
   2402 1213 1107 1106
   2403 1235 1236 1128
   2404 1236 1129 1128
   2405 1212 1105 1211
   2406 1212 1213 1106
   2407 1153 1261 1262
   2408 1261 1153 1152
   2409 1175 1174 1284
   2410 1284 1285 1175
   2411 1107 1213 1214
   2412 1107 1214 1108
   2413 1127 1235 1128
   2414 1127 1234 1235
   2415 1263 1154 1262
   2416 1153 1262 1154
   2417 1173 1283 1174
   2418 1174 1283 1284
   2419 1215 1108 1214
   2420 1234 1127 1126
   2421 1126 1233 1234
   2422 1109 1108 1215
   2423 1264 1155 1263
   2424 1154 1263 1155
   2425 1173 1172 1282
   2426 1283 1173 1282
   2427 1126 1125 1233
   2428 1125 1232 1233
   2429 1109 1216 1110
   2430 1216 1109 1215
   2431 1156 1264 1265
   2432 1264 1156 1155
   2433 1281 1172 1171
   2434 1281 1282 1172
   2435 1217 1111 1110
   2436 1232 1124 1231
   2437 1232 1125 1124
   2438 1216 1217 1110
   2439 1157 1265 1266
   2440 1265 1157 1156
   2441 1170 1280 1171
   2442 1171 1280 1281
   2443 1111 1217 1218
   2444 1111 1218 1112
   2445 1124 1123 1231
   2446 1231 1123 1230
   2447 1267 1158 1266
   2448 1157 1266 1158
   2449 1169 1279 1170
   2450 1280 1170 1279
   2451 1219 1112 1218
   2452 1113 1112 1219
   2453 1230 1122 1229
   2454 1123 1122 1230
   2455 1159 1267 1268
   2456 1159 1158 1267
   2457 1169 1168 1278
   2458 1279 1169 1278
   2459 1220 1113 1219
   2460 1121 1229 1122
   2461 1121 1228 1229
   2462 1114 1113 1220
   2463 1160 1268 1269
   2464 1160 1159 1268
   2465 1168 1167 1277
   2466 1277 1278 1168
   2467 1114 1221 1115
   2468 1228 1120 1227
   2469 1228 1121 1120
   2470 1221 1114 1220
   2471 1161 1269 1270
   2472 1269 1161 1160
   2473 1167 1166 1276
   2474 1167 1276 1277
   2475 1115 1221 1222
   2476 1120 1119 1227
   2477 1227 1119 1226
   2478 1116 1115 1222
   2479 1271 1162 1270
   2480 1161 1270 1162
   2481 1165 1275 1166
   2482 1166 1275 1276
   2483 1116 1223 1117
   2484 1226 1118 1225
   2485 1119 1118 1226
   2486 1116 1222 1223
   2487 1272 1163 1271
   2488 1162 1271 1163
   2489 1274 1165 1164
   2490 1275 1165 1274
   2491 1224 1117 1223
   2492 1117 1225 1118
   2493 1117 1224 1225
   2494 1163 1272 1273
   2495 1273 1164 1163
   2496 1164 1273 1274
   2497 1195 1304 1459
   2498 1459 1304 1458
   2499 1305 1195 1459
   2500 1195 1306 1196
   2501 1380 1249 1248
   2502 1458 1304 1457
   2503 1306 1195 1305
   2504 1306 1307 1196
   2505 1308 1197 1196
   2506 1249 1380 1381
   2507 1380 1248 1379
   2508 1304 1303 1457
   2509 1308 1196 1307
   2510 1198 1197 1309
   2511 1197 1308 1309
   2512 1249 1381 1382
   2513 1248 1247 1379
   2514 1457 1303 1456
   2515 1303 1302 1456
   2516 1198 1309 1310
   2517 1250 1249 1382
   2518 1247 1378 1379
   2519 1301 1455 1302
   2520 1455 1456 1302
   2521 1311 1198 1310
   2522 1311 1199 1198
   2523 1382 1383 1250
   2524 1378 1247 1246
   2525 1300 1453 1301
   2526 1455 1301 1454
   2527 1199 1311 1312
   2528 1199 1313 1200
   2529 1251 1250 1383
   2530 1377 1378 1246
   2531 1299 1451 1300
   2532 1452 1453 1300
   2533 1301 1453 1454
   2534 1313 1199 1312
   2535 1314 1200 1313
   2536 1200 1315 1201
   2537 1251 1383 1384
   2538 1449 1299 1298
   2539 1377 1246 1245
   2540 1245 1376 1377
   2541 1451 1299 1450
   2542 1451 1452 1300
   2543 1315 1200 1314
   2544 1317 1202 1201
   2545 1315 1316 1201
   2546 1252 1384 1385
   2547 1252 1251 1384
   2548 1447 1298 1297
   2549 1450 1299 1449
   2550 1448 1449 1298
   2551 1319 1203 1202
   2552 1376 1245 1375
   2553 1317 1318 1202
   2554 1316 1317 1201
   2555 1385 1386 1253
   2556 1252 1385 1253
   2557 1447 1448 1298
   2558 1446 1447 1297
   2559 1297 1296 1446
   2560 1442 1295 1294
   2561 1296 1295 1444
   2562 1203 1319 1320
   2563 1318 1319 1202
   2564 1203 1321 1204
   2565 1375 1245 1244
   2566 1374 1375 1244
   2567 1386 1387 1253
   2568 1296 1445 1446
   2569 1293 1440 1294
   2570 1443 1295 1442
   2571 1442 1294 1441
   2572 1295 1443 1444
   2573 1444 1445 1296
   2574 1321 1203 1320
   2575 1322 1204 1321
   2576 1204 1322 1205
   2577 1374 1243 1373
   2578 1243 1374 1244
   2579 1388 1254 1387
   2580 1387 1254 1253
   2581 1292 1438 1293
   2582 1439 1440 1293
   2583 1440 1441 1294
   2584 1323 1205 1322
   2585 1205 1324 1206
   2586 1243 1242 1373
   2587 1242 1372 1373
   2588 1389 1255 1388
   2589 1255 1254 1388
   2590 1292 1291 1436
   2591 1434 1291 1290
   2592 1292 1437 1438
   2593 1439 1293 1438
   2594 1323 1324 1205
   2595 1324 1325 1206
   2596 1326 1207 1206
   2597 1241 1372 1242
   2598 1241 1371 1372
   2599 1256 1389 1390
   2600 1256 1255 1389
   2601 1291 1435 1436
   2602 1436 1437 1292
   2603 1291 1434 1435
   2604 1434 1290 1433
   2605 1206 1325 1326
   2606 1327 1207 1326
   2607 1370 1371 1241
   2608 1208 1207 1328
   2609 1391 1256 1390
   2610 1290 1289 1432
   2611 1433 1290 1432
   2612 1207 1327 1328
   2613 1209 1208 1330
   2614 1209 1331 1210
   2615 1240 1370 1241
   2616 1369 1370 1240
   2617 1329 1208 1328
   2618 1392 1257 1391
   2619 1391 1257 1256
   2620 1287 1430 1288
   2621 1289 1288 1431
   2622 1432 1289 1431
   2623 1329 1330 1208
   2624 1331 1209 1330
   2625 1210 1331 1332
   2626 1211 1210 1332
   2627 1240 1239 1369
   2628 1239 1368 1369
   2629 1258 1392 1393
   2630 1392 1258 1257
   2631 1429 1287 1286
   2632 1287 1429 1430
   2633 1431 1288 1430
   2634 1211 1332 1333
   2635 1367 1368 1238
   2636 1368 1239 1238
   2637 1394 1259 1393
   2638 1259 1258 1393
   2639 1429 1286 1428
   2640 1211 1333 1212
   2641 1366 1367 1238
   2642 1395 1260 1394
   2643 1260 1259 1394
   2644 1427 1286 1285
   2645 1286 1427 1428
   2646 1334 1212 1333
   2647 1213 1212 1335
   2648 1366 1238 1237
   2649 1365 1366 1237
   2650 1396 1260 1395
   2651 1283 1425 1284
   2652 1284 1426 1285
   2653 1285 1426 1427
   2654 1212 1334 1335
   2655 1213 1335 1336
   2656 1214 1213 1336
   2657 1237 1236 1365
   2658 1236 1364 1365
   2659 1215 1214 1337
   2660 1261 1396 1397
   2661 1260 1396 1261
   2662 1424 1283 1282
   2663 1425 1283 1424
   2664 1426 1284 1425
   2665 1336 1337 1214
   2666 1364 1235 1363
   2667 1235 1364 1236
   2668 1338 1215 1337
   2669 1398 1262 1397
   2670 1262 1261 1397
   2671 1282 1281 1422
   2672 1282 1423 1424
   2673 1215 1338 1216
   2674 1363 1235 1234
   2675 1234 1362 1363
   2676 1263 1398 1399
   2677 1262 1398 1263
   2678 1281 1421 1422
   2679 1423 1282 1422
   2680 1338 1339 1216
   2681 1340 1217 1216
   2682 1362 1234 1361
   2683 1264 1399 1400
   2684 1399 1264 1263
   2685 1281 1280 1421
   2686 1216 1339 1340
   2687 1341 1217 1340
   2688 1234 1233 1361
   2689 1361 1233 1360
   2690 1217 1341 1218
   2691 1401 1264 1400
   2692 1279 1420 1280
   2693 1421 1280 1420
   2694 1342 1219 1218
   2695 1360 1232 1359
   2696 1233 1232 1360
   2697 1341 1342 1218
   2698 1401 1402 1265
   2699 1265 1264 1401
   2700 1419 1279 1278
   2701 1279 1419 1420
   2702 1219 1342 1343
   2703 1231 1359 1232
   2704 1231 1358 1359
   2705 1266 1402 1403
   2706 1402 1266 1265
   2707 1417 1278 1277
   2708 1278 1418 1419
   2709 1220 1219 1343
   2710 1358 1230 1357
   2711 1230 1358 1231
   2712 1267 1403 1404
   2713 1266 1403 1267
   2714 1418 1278 1417
   2715 1416 1417 1277
   2716 1220 1343 1344
   2717 1230 1356 1357
   2718 1405 1267 1404
   2719 1277 1276 1416
   2720 1345 1220 1344
   2721 1345 1221 1220
   2722 1230 1229 1356
   2723 1229 1355 1356
   2724 1406 1268 1405
   2725 1405 1268 1267
   2726 1276 1415 1416
   2727 1345 1346 1221
   2728 1229 1228 1355
   2729 1228 1354 1355
   2730 1221 1346 1222
   2731 1269 1406 1407
   2732 1268 1406 1269
   2733 1275 1415 1276
   2734 1354 1227 1353
   2735 1354 1228 1227
   2736 1346 1347 1222
   2737 1270 1407 1408
   2738 1407 1270 1269
   2739 1275 1414 1415
   2740 1223 1222 1347
   2741 1227 1352 1353
   2742 1409 1271 1408
   2743 1270 1408 1271
   2744 1413 1275 1274
   2745 1414 1275 1413
   2746 1348 1223 1347
   2747 1224 1223 1349
   2748 1227 1226 1352
   2749 1226 1351 1352
   2750 1410 1271 1409
   2751 1274 1273 1412
   2752 1413 1274 1412
   2753 1223 1348 1349
   2754 1224 1349 1350
   2755 1351 1226 1225
   2756 1351 1225 1350
   2757 1350 1225 1224
   2758 1272 1410 1411
   2759 1271 1410 1272
   2760 1273 1272 1411
   2761 1412 1273 1411
   2762 1305 1459 1460
   2763 1305 1461 1306
   2764 1616 1459 1458
   2765 1616 1460 1459
   2766 1461 1305 1460
   2767 1461 1462 1306
   2768 1306 1462 1307
   2769 1616 1458 1615
   2770 1457 1615 1458
   2771 1307 1463 1308
   2772 1463 1307 1462
   2773 1615 1457 1614
   2774 1381 1380 1537
   2775 1380 1379 1536
   2776 1463 1464 1308
   2777 1457 1456 1614
   2778 1537 1380 1536
   2779 1381 1537 1538
   2780 1464 1309 1308
   2781 1535 1536 1379
   2782 1613 1614 1456
   2783 1382 1381 1538
   2784 1455 1613 1456
   2785 1310 1309 1465
   2786 1309 1464 1465
   2787 1378 1535 1379
   2788 1382 1538 1539
   2789 1454 1612 1455
   2790 1612 1613 1455
   2791 1465 1466 1310
   2792 1311 1310 1466
   2793 1378 1534 1535
   2794 1382 1539 1383
   2795 1453 1611 1454
   2796 1611 1612 1454
   2797 1467 1311 1466
   2798 1311 1467 1312
   2799 1378 1377 1534
   2800 1383 1539 1540
   2801 1608 1451 1450
   2802 1451 1609 1452
   2803 1453 1452 1610
   2804 1611 1453 1610
   2805 1467 1468 1312
   2806 1468 1313 1312
   2807 1377 1533 1534
   2808 1314 1313 1469
   2809 1314 1470 1315
   2810 1384 1540 1541
   2811 1384 1383 1540
   2812 1449 1607 1450
   2813 1451 1608 1609
   2814 1608 1450 1607
   2815 1609 1610 1452
   2816 1313 1468 1469
   2817 1533 1376 1532
   2818 1377 1376 1533
   2819 1314 1469 1470
   2820 1315 1471 1316
   2821 1471 1315 1470
   2822 1385 1541 1542
   2823 1384 1541 1385
   2824 1449 1448 1606
   2825 1607 1449 1606
   2826 1445 1603 1446
   2827 1445 1444 1602
   2828 1375 1531 1532
   2829 1532 1376 1375
   2830 1318 1317 1473
   2831 1474 1319 1318
   2832 1472 1317 1316
   2833 1471 1472 1316
   2834 1543 1386 1542
   2835 1542 1386 1385
   2836 1448 1447 1605
   2837 1605 1606 1448
   2838 1603 1445 1602
   2839 1603 1604 1446
   2840 1604 1447 1446
   2841 1443 1601 1444
   2842 1601 1602 1444
   2843 1531 1375 1374
   2844 1374 1530 1531
   2845 1317 1472 1473
   2846 1318 1473 1474
   2847 1319 1475 1320
   2848 1475 1319 1474
   2849 1543 1544 1387
   2850 1387 1386 1543
   2851 1441 1440 1598
   2852 1441 1599 1442
   2853 1447 1604 1605
   2854 1600 1443 1442
   2855 1601 1443 1600
   2856 1374 1373 1530
   2857 1373 1529 1530
   2858 1322 1321 1477
   2859 1322 1478 1323
   2860 1475 1476 1320
   2861 1476 1321 1320
   2862 1388 1544 1545
   2863 1544 1388 1387
   2864 1439 1438 1596
   2865 1437 1595 1438
   2866 1597 1440 1439
   2867 1597 1598 1440
   2868 1599 1441 1598
   2869 1442 1599 1600
   2870 1528 1529 1372
   2871 1373 1372 1529
   2872 1480 1325 1324
   2873 1325 1481 1326
   2874 1321 1476 1477
   2875 1322 1477 1478
   2876 1479 1324 1323
   2877 1479 1323 1478
   2878 1389 1545 1546
   2879 1388 1545 1389
   2880 1592 1435 1434
   2881 1435 1593 1436
   2882 1438 1595 1596
   2883 1596 1597 1439
   2884 1437 1436 1594
   2885 1595 1437 1594
   2886 1327 1326 1482
   2887 1327 1483 1328
   2888 1527 1528 1371
   2889 1371 1528 1372
   2890 1325 1480 1481
   2891 1479 1480 1324
   2892 1482 1326 1481
   2893 1547 1390 1546
   2894 1546 1390 1389
   2895 1433 1432 1590
   2896 1433 1591 1434
   2897 1435 1592 1593
   2898 1592 1434 1591
   2899 1593 1594 1436
   2900 1483 1327 1482
   2901 1484 1329 1328
   2902 1483 1484 1328
   2903 1330 1329 1485
   2904 1370 1527 1371
   2905 1370 1526 1527
   2906 1391 1547 1548
   2907 1391 1390 1547
   2908 1431 1430 1588
   2909 1432 1431 1589
   2910 1589 1590 1432
   2911 1591 1433 1590
   2912 1329 1484 1485
   2913 1485 1486 1330
   2914 1370 1369 1526
   2915 1369 1525 1526
   2916 1331 1330 1486
   2917 1392 1548 1549
   2918 1392 1391 1548
   2919 1429 1587 1430
   2920 1430 1587 1588
   2921 1431 1588 1589
   2922 1524 1525 1368
   2923 1369 1368 1525
   2924 1331 1487 1332
   2925 1488 1333 1332
   2926 1487 1331 1486
   2927 1393 1549 1550
   2928 1392 1549 1393
   2929 1429 1428 1586
   2930 1587 1429 1586
   2931 1334 1333 1489
   2932 1367 1523 1524
   2933 1368 1367 1524
   2934 1487 1488 1332
   2935 1333 1488 1489
   2936 1551 1394 1550
   2937 1393 1550 1394
   2938 1426 1584 1427
   2939 1585 1428 1427
   2940 1585 1586 1428
   2941 1334 1489 1490
   2942 1490 1335 1334
   2943 1523 1367 1366
   2944 1366 1522 1523
   2945 1552 1395 1551
   2946 1394 1551 1395
   2947 1425 1583 1426
   2948 1584 1426 1583
   2949 1427 1584 1585
   2950 1491 1335 1490
   2951 1366 1365 1522
   2952 1365 1521 1522
   2953 1335 1491 1336
   2954 1396 1552 1553
   2955 1552 1396 1395
   2956 1425 1424 1582
   2957 1583 1425 1582
   2958 1520 1521 1364
   2959 1365 1364 1521
   2960 1492 1337 1336
   2961 1491 1492 1336
   2962 1397 1553 1554
   2963 1553 1397 1396
   2964 1424 1423 1581
   2965 1581 1582 1424
   2966 1338 1337 1493
   2967 1519 1520 1363
   2968 1520 1364 1363
   2969 1337 1492 1493
   2970 1555 1398 1554
   2971 1397 1554 1398
   2972 1423 1422 1580
   2973 1423 1580 1581
   2974 1338 1493 1494
   2975 1338 1494 1339
   2976 1519 1363 1362
   2977 1362 1518 1519
   2978 1399 1555 1556
   2979 1399 1398 1555
   2980 1421 1579 1422
   2981 1422 1579 1580
   2982 1495 1339 1494
   2983 1362 1361 1518
   2984 1361 1517 1518
   2985 1495 1340 1339
   2986 1400 1556 1557
   2987 1400 1399 1556
   2988 1421 1420 1578
   2989 1579 1421 1578
   2990 1516 1517 1360
   2991 1361 1360 1517
   2992 1496 1341 1340
   2993 1495 1496 1340
   2994 1401 1557 1558
   2995 1557 1401 1400
   2996 1577 1420 1419
   2997 1577 1578 1420
   2998 1342 1341 1497
   2999 1359 1515 1516
   3000 1360 1359 1516
   3001 1341 1496 1497
   3002 1559 1402 1558
   3003 1401 1558 1402
   3004 1418 1576 1419
   3005 1419 1576 1577
   3006 1342 1497 1498
   3007 1342 1498 1343
   3008 1515 1359 1358
   3009 1358 1514 1515
   3010 1560 1403 1559
   3011 1402 1559 1403
   3012 1417 1575 1418
   3013 1576 1418 1575
   3014 1499 1343 1498
   3015 1358 1357 1514
   3016 1514 1357 1513
   3017 1344 1343 1499
   3018 1404 1560 1561
   3019 1560 1404 1403
   3020 1574 1417 1416
   3021 1575 1417 1574
   3022 1513 1357 1356
   3023 1356 1512 1513
   3024 1344 1500 1345
   3025 1500 1344 1499
   3026 1405 1561 1562
   3027 1561 1405 1404
   3028 1416 1415 1573
   3029 1416 1573 1574
   3030 1501 1346 1345
   3031 1511 1512 1355
   3032 1512 1356 1355
   3033 1345 1500 1501
   3034 1563 1406 1562
   3035 1405 1562 1406
   3036 1415 1414 1572
   3037 1415 1572 1573
   3038 1502 1346 1501
   3039 1347 1346 1502
   3040 1355 1354 1511
   3041 1354 1510 1511
   3042 1407 1563 1564
   3043 1407 1406 1563
   3044 1413 1571 1414
   3045 1572 1414 1571
   3046 1503 1347 1502
   3047 1504 1348 1347
   3048 1510 1353 1509
   3049 1353 1510 1354
   3050 1565 1407 1564
   3051 1571 1413 1570
   3052 1503 1504 1347
   3053 1348 1504 1505
   3054 1509 1353 1352
   3055 1352 1508 1509
   3056 1505 1349 1348
   3057 1408 1565 1566
   3058 1408 1407 1565
   3059 1570 1413 1412
   3060 1349 1506 1350
   3061 1351 1507 1508
   3062 1352 1351 1508
   3063 1506 1349 1505
   3064 1567 1409 1566
   3065 1566 1409 1408
   3066 1569 1412 1411
   3067 1412 1569 1570
   3068 1350 1506 1507
   3069 1351 1350 1507
   3070 1568 1410 1567
   3071 1409 1567 1410
   3072 1410 1568 1411
   3073 1411 1568 1569
   3074 1775 1460 1616
   3075 1461 1460 1617
   3076 1774 1616 1615
   3077 1460 1775 1617
   3078 1775 1616 1774
   3079 1617 1618 1461
   3080 1537 1536 1694
   3081 1773 1774 1615
   3082 1773 1615 1614
   3083 1618 1462 1461
   3084 1694 1536 1693
   3085 1537 1694 1695
   3086 1772 1773 1614
   3087 1772 1614 1613
   3088 1462 1618 1619
   3089 1536 1535 1693
   3090 1537 1695 1538
   3091 1619 1463 1462
   3092 1612 1771 1613
   3093 1613 1771 1772
   3094 1693 1535 1692
   3095 1696 1538 1695
   3096 1619 1620 1463
   3097 1464 1463 1620
   3098 1771 1612 1770
   3099 1692 1535 1534
   3100 1539 1538 1696
   3101 1621 1464 1620
   3102 1464 1621 1465
   3103 1770 1612 1611
   3104 1467 1466 1623
   3105 1468 1467 1624
   3106 1691 1692 1534
   3107 1539 1696 1697
   3108 1465 1621 1622
   3109 1466 1465 1622
   3110 1769 1770 1611
   3111 1610 1769 1611
   3112 1466 1622 1623
   3113 1623 1624 1467
   3114 1469 1468 1625
   3115 1625 1468 1624
   3116 1691 1534 1533
   3117 1690 1691 1533
   3118 1698 1540 1697
   3119 1539 1697 1540
   3120 1610 1609 1768
   3121 1769 1610 1768
   3122 1626 1469 1625
   3123 1469 1626 1470
   3124 1472 1471 1628
   3125 1473 1472 1629
   3126 1533 1532 1690
   3127 1690 1532 1689
   3128 1699 1541 1698
   3129 1698 1541 1540
   3130 1764 1606 1605
   3131 1765 1607 1606
   3132 1609 1608 1767
   3133 1767 1768 1609
   3134 1627 1471 1470
   3135 1626 1627 1470
   3136 1627 1628 1471
   3137 1629 1472 1628
   3138 1630 1473 1629
   3139 1630 1474 1473
   3140 1532 1531 1689
   3141 1689 1531 1688
   3142 1699 1700 1542
   3143 1541 1699 1542
   3144 1604 1763 1605
   3145 1764 1765 1606
   3146 1764 1605 1763
   3147 1765 1766 1607
   3148 1766 1608 1607
   3149 1608 1766 1767
   3150 1474 1630 1631
   3151 1475 1474 1631
   3152 1477 1476 1633
   3153 1476 1475 1632
   3154 1688 1530 1687
   3155 1530 1688 1531
   3156 1543 1700 1701
   3157 1543 1542 1700
   3158 1601 1600 1759
   3159 1758 1600 1599
   3160 1762 1604 1603
   3161 1604 1762 1763
   3162 1631 1632 1475
   3163 1633 1476 1632
   3164 1634 1477 1633
   3165 1477 1634 1478
   3166 1480 1479 1636
   3167 1479 1478 1635
   3168 1529 1686 1687
   3169 1687 1530 1529
   3170 1702 1544 1701
   3171 1543 1701 1544
   3172 1596 1755 1597
   3173 1756 1598 1597
   3174 1601 1760 1602
   3175 1600 1758 1759
   3176 1759 1760 1601
   3177 1757 1599 1598
   3178 1757 1758 1599
   3179 1761 1603 1602
   3180 1761 1762 1603
   3181 1634 1635 1478
   3182 1636 1479 1635
   3183 1637 1480 1636
   3184 1480 1637 1481
   3185 1482 1481 1638
   3186 1483 1482 1639
   3187 1529 1528 1686
   3188 1686 1528 1685
   3189 1703 1545 1702
   3190 1702 1545 1544
   3191 1594 1753 1595
   3192 1594 1593 1752
   3193 1754 1596 1595
   3194 1755 1596 1754
   3195 1597 1755 1756
   3196 1756 1757 1598
   3197 1760 1761 1602
   3198 1481 1637 1638
   3199 1482 1638 1639
   3200 1639 1640 1483
   3201 1484 1483 1640
   3202 1528 1527 1685
   3203 1685 1527 1684
   3204 1484 1641 1485
   3205 1704 1546 1703
   3206 1546 1545 1703
   3207 1749 1591 1590
   3208 1750 1592 1591
   3209 1753 1594 1752
   3210 1753 1754 1595
   3211 1592 1751 1593
   3212 1752 1593 1751
   3213 1641 1484 1640
   3214 1683 1684 1526
   3215 1684 1527 1526
   3216 1642 1486 1485
   3217 1643 1487 1486
   3218 1641 1642 1485
   3219 1547 1704 1705
   3220 1547 1546 1704
   3221 1748 1590 1589
   3222 1588 1747 1589
   3223 1749 1750 1591
   3224 1748 1749 1590
   3225 1592 1750 1751
   3226 1488 1487 1644
   3227 1682 1683 1525
   3228 1683 1526 1525
   3229 1642 1643 1486
   3230 1643 1644 1487
   3231 1706 1548 1705
   3232 1547 1705 1548
   3233 1746 1588 1587
   3234 1589 1747 1748
   3235 1747 1588 1746
   3236 1645 1488 1644
   3237 1489 1488 1645
   3238 1525 1524 1682
   3239 1682 1524 1681
   3240 1707 1549 1706
   3241 1706 1549 1548
   3242 1586 1585 1744
   3243 1586 1745 1587
   3244 1745 1746 1587
   3245 1646 1489 1645
   3246 1646 1490 1489
   3247 1524 1523 1681
   3248 1681 1523 1680
   3249 1491 1490 1647
   3250 1707 1708 1550
   3251 1549 1707 1550
   3252 1584 1743 1585
   3253 1744 1585 1743
   3254 1745 1586 1744
   3255 1490 1646 1647
   3256 1680 1522 1679
   3257 1522 1680 1523
   3258 1492 1491 1648
   3259 1647 1648 1491
   3260 1551 1708 1709
   3261 1551 1550 1708
   3262 1742 1584 1583
   3263 1584 1742 1743
   3264 1493 1492 1649
   3265 1678 1679 1521
   3266 1522 1521 1679
   3267 1649 1492 1648
   3268 1710 1552 1709
   3269 1709 1552 1551
   3270 1582 1741 1583
   3271 1741 1742 1583
   3272 1650 1493 1649
   3273 1493 1650 1494
   3274 1521 1520 1678
   3275 1678 1520 1677
   3276 1711 1553 1710
   3277 1552 1710 1553
   3278 1581 1740 1582
   3279 1740 1741 1582
   3280 1650 1651 1494
   3281 1520 1519 1677
   3282 1677 1519 1676
   3283 1494 1651 1495
   3284 1712 1554 1711
   3285 1554 1553 1711
   3286 1580 1739 1581
   3287 1581 1739 1740
   3288 1675 1676 1518
   3289 1518 1676 1519
   3290 1496 1495 1652
   3291 1651 1652 1495
   3292 1555 1712 1713
   3293 1555 1554 1712
   3294 1738 1580 1579
   3295 1739 1580 1738
   3296 1497 1496 1653
   3297 1674 1675 1517
   3298 1517 1675 1518
   3299 1653 1496 1652
   3300 1714 1556 1713
   3301 1713 1556 1555
   3302 1578 1737 1579
   3303 1737 1738 1579
   3304 1654 1497 1653
   3305 1654 1498 1497
   3306 1517 1516 1674
   3307 1674 1516 1673
   3308 1715 1557 1714
   3309 1556 1714 1557
   3310 1578 1577 1736
   3311 1737 1578 1736
   3312 1498 1654 1655
   3313 1516 1515 1673
   3314 1673 1515 1672
   3315 1655 1499 1498
   3316 1558 1715 1716
   3317 1557 1715 1558
   3318 1576 1735 1577
   3319 1736 1577 1735
   3320 1672 1514 1671
   3321 1514 1672 1515
   3322 1500 1499 1656
   3323 1656 1499 1655
   3324 1559 1716 1717
   3325 1716 1559 1558
   3326 1734 1576 1575
   3327 1576 1734 1735
   3328 1657 1501 1500
   3329 1670 1671 1513
   3330 1514 1513 1671
   3331 1657 1500 1656
   3332 1718 1560 1717
   3333 1717 1560 1559
   3334 1574 1733 1575
   3335 1733 1734 1575
   3336 1501 1657 1658
   3337 1502 1501 1658
   3338 1670 1513 1669
   3339 1719 1561 1718
   3340 1560 1718 1561
   3341 1573 1732 1574
   3342 1732 1733 1574
   3343 1658 1659 1502
   3344 1513 1512 1669
   3345 1669 1512 1668
   3346 1720 1562 1719
   3347 1562 1561 1719
   3348 1572 1731 1573
   3349 1573 1731 1732
   3350 1659 1503 1502
   3351 1668 1512 1511
   3352 1511 1667 1668
   3353 1563 1720 1721
   3354 1563 1562 1720
   3355 1730 1572 1571
   3356 1731 1572 1730
   3357 1503 1659 1660
   3358 1666 1667 1510
   3359 1667 1511 1510
   3360 1722 1564 1721
   3361 1721 1564 1563
   3362 1571 1570 1729
   3363 1730 1571 1729
   3364 1660 1504 1503
   3365 1510 1509 1666
   3366 1509 1665 1666
   3367 1723 1565 1722
   3368 1564 1722 1565
   3369 1570 1569 1728
   3370 1729 1570 1728
   3371 1661 1504 1660
   3372 1504 1661 1505
   3373 1665 1508 1664
   3374 1508 1665 1509
   3375 1565 1723 1724
   3376 1568 1727 1569
   3377 1569 1727 1728
   3378 1505 1661 1662
   3379 1664 1508 1507
   3380 1507 1663 1664
   3381 1506 1505 1662
   3382 1724 1725 1566
   3383 1565 1724 1566
   3384 1727 1568 1726
   3385 1507 1506 1663
   3386 1506 1662 1663
   3387 1726 1567 1725
   3388 1567 1566 1725
   3389 1726 1568 1567
   3390 1776 1617 1775
   3391 1617 1777 1618
   3392 1937 1775 1774
   3393 1777 1617 1776
   3394 1775 1938 1776
   3395 1777 1778 1618
   3396 1778 1619 1618
   3397 1938 1775 1937
   3398 1936 1937 1774
   3399 1774 1773 1936
   3400 1779 1619 1778
   3401 1619 1779 1620
   3402 1773 1935 1936
   3403 1694 1855 1695
   3404 1779 1780 1620
   3405 1694 1693 1854
   3406 1935 1773 1772
   3407 1694 1854 1855
   3408 1855 1856 1695
   3409 1780 1621 1620
   3410 1693 1853 1854
   3411 1934 1935 1772
   3412 1696 1695 1856
   3413 1934 1772 1771
   3414 1621 1780 1781
   3415 1693 1692 1853
   3416 1622 1621 1781
   3417 1857 1696 1856
   3418 1933 1771 1770
   3419 1933 1934 1771
   3420 1853 1692 1852
   3421 1622 1781 1782
   3422 1622 1782 1623
   3423 1697 1696 1857
   3424 1770 1769 1932
   3425 1932 1933 1770
   3426 1692 1691 1852
   3427 1783 1623 1782
   3428 1623 1783 1624
   3429 1697 1857 1858
   3430 1929 1767 1766
   3431 1930 1768 1767
   3432 1769 1931 1932
   3433 1931 1769 1768
   3434 1626 1625 1785
   3435 1626 1786 1627
   3436 1851 1852 1691
   3437 1783 1784 1624
   3438 1784 1625 1624
   3439 1859 1698 1858
   3440 1858 1698 1697
   3441 1766 1765 1928
   3442 1929 1930 1767
   3443 1928 1929 1766
   3444 1930 1931 1768
   3445 1625 1784 1785
   3446 1626 1785 1786
   3447 1627 1787 1628
   3448 1787 1627 1786
   3449 1690 1851 1691
   3450 1690 1850 1851
   3451 1859 1860 1699
   3452 1699 1698 1859
   3453 1927 1765 1764
   3454 1765 1927 1928
   3455 1922 1760 1759
   3456 1923 1761 1760
   3457 1788 1629 1628
   3458 1787 1788 1628
   3459 1790 1631 1630
   3460 1631 1791 1632
   3461 1690 1689 1850
   3462 1689 1849 1850
   3463 1700 1860 1861
   3464 1860 1700 1699
   3465 1763 1926 1764
   3466 1926 1927 1764
   3467 1921 1759 1758
   3468 1922 1923 1760
   3469 1921 1922 1759
   3470 1761 1924 1762
   3471 1924 1761 1923
   3472 1630 1629 1789
   3473 1629 1788 1789
   3474 1791 1631 1790
   3475 1630 1789 1790
   3476 1792 1633 1632
   3477 1791 1792 1632
   3478 1849 1688 1848
   3479 1689 1688 1849
   3480 1701 1861 1862
   3481 1700 1861 1701
   3482 1755 1918 1756
   3483 1919 1757 1756
   3484 1762 1925 1763
   3485 1925 1926 1763
   3486 1758 1757 1920
   3487 1920 1921 1758
   3488 1762 1924 1925
   3489 1634 1633 1793
   3490 1633 1792 1793
   3491 1794 1635 1634
   3492 1847 1848 1687
   3493 1688 1687 1848
   3494 1863 1702 1862
   3495 1862 1702 1701
   3496 1915 1753 1752
   3497 1753 1916 1754
   3498 1754 1917 1755
   3499 1917 1918 1755
   3500 1918 1919 1756
   3501 1757 1919 1920
   3502 1634 1793 1794
   3503 1795 1635 1794
   3504 1795 1636 1635
   3505 1796 1637 1636
   3506 1637 1797 1638
   3507 1686 1847 1687
   3508 1686 1846 1847
   3509 1863 1864 1703
   3510 1703 1702 1863
   3511 1749 1912 1750
   3512 1913 1751 1750
   3513 1914 1752 1751
   3514 1916 1753 1915
   3515 1914 1915 1752
   3516 1754 1916 1917
   3517 1795 1796 1636
   3518 1637 1796 1797
   3519 1798 1638 1797
   3520 1639 1638 1798
   3521 1686 1685 1846
   3522 1685 1845 1846
   3523 1639 1799 1640
   3524 1800 1641 1640
   3525 1704 1864 1865
   3526 1864 1704 1703
   3527 1911 1749 1748
   3528 1748 1747 1909
   3529 1749 1911 1912
   3530 1913 1750 1912
   3531 1913 1914 1751
   3532 1799 1639 1798
   3533 1844 1845 1684
   3534 1685 1684 1845
   3535 1642 1641 1801
   3536 1643 1642 1802
   3537 1799 1800 1640
   3538 1641 1800 1801
   3539 1705 1865 1866
   3540 1704 1865 1705
   3541 1747 1746 1908
   3542 1910 1911 1748
   3543 1909 1747 1908
   3544 1909 1910 1748
   3545 1643 1803 1644
   3546 1683 1843 1844
   3547 1684 1683 1844
   3548 1801 1802 1642
   3549 1803 1643 1802
   3550 1867 1706 1866
   3551 1866 1706 1705
   3552 1745 1744 1906
   3553 1745 1907 1746
   3554 1908 1746 1907
   3555 1803 1804 1644
   3556 1804 1645 1644
   3557 1843 1683 1682
   3558 1682 1842 1843
   3559 1867 1868 1707
   3560 1707 1706 1867
   3561 1905 1744 1743
   3562 1905 1906 1744
   3563 1907 1745 1906
   3564 1645 1804 1805
   3565 1682 1681 1842
   3566 1681 1841 1842
   3567 1646 1645 1805
   3568 1708 1868 1869
   3569 1868 1708 1707
   3570 1742 1904 1743
   3571 1905 1743 1904
   3572 1840 1841 1680
   3573 1681 1680 1841
   3574 1807 1648 1647
   3575 1806 1647 1646
   3576 1646 1805 1806
   3577 1709 1869 1870
   3578 1708 1869 1709
   3579 1741 1903 1742
   3580 1742 1903 1904
   3581 1808 1649 1648
   3582 1839 1840 1679
   3583 1679 1840 1680
   3584 1807 1808 1648
   3585 1807 1647 1806
   3586 1871 1710 1870
   3587 1709 1870 1710
   3588 1741 1740 1902
   3589 1903 1741 1902
   3590 1649 1808 1809
   3591 1650 1649 1809
   3592 1839 1679 1678
   3593 1678 1838 1839
   3594 1872 1711 1871
   3595 1710 1871 1711
   3596 1738 1900 1739
   3597 1740 1739 1901
   3598 1901 1902 1740
   3599 1650 1809 1810
   3600 1678 1677 1838
   3601 1677 1837 1838
   3602 1810 1651 1650
   3603 1711 1872 1873
   3604 1737 1899 1738
   3605 1900 1738 1899
   3606 1900 1901 1739
   3607 1836 1837 1676
   3608 1677 1676 1837
   3609 1651 1811 1652
   3610 1811 1651 1810
   3611 1712 1873 1874
   3612 1873 1712 1711
   3613 1737 1736 1898
   3614 1899 1737 1898
   3615 1812 1653 1652
   3616 1835 1836 1675
   3617 1836 1676 1675
   3618 1811 1812 1652
   3619 1875 1713 1874
   3620 1874 1713 1712
   3621 1897 1736 1735
   3622 1897 1898 1736
   3623 1653 1812 1813
   3624 1654 1653 1813
   3625 1835 1675 1674
   3626 1674 1834 1835
   3627 1876 1714 1875
   3628 1713 1875 1714
   3629 1897 1735 1896
   3630 1654 1813 1814
   3631 1674 1673 1834
   3632 1673 1833 1834
   3633 1654 1814 1655
   3634 1876 1877 1715
   3635 1714 1876 1715
   3636 1734 1896 1735
   3637 1832 1833 1672
   3638 1673 1672 1833
   3639 1815 1656 1655
   3640 1815 1655 1814
   3641 1716 1877 1878
   3642 1716 1715 1877
   3643 1734 1895 1896
   3644 1657 1656 1816
   3645 1831 1832 1671
   3646 1832 1672 1671
   3647 1656 1815 1816
   3648 1879 1717 1878
   3649 1878 1717 1716
   3650 1733 1895 1734
   3651 1657 1816 1817
   3652 1817 1658 1657
   3653 1671 1670 1831
   3654 1670 1830 1831
   3655 1880 1718 1879
   3656 1717 1879 1718
   3657 1733 1732 1894
   3658 1895 1733 1894
   3659 1818 1658 1817
   3660 1830 1669 1829
   3661 1669 1830 1670
   3662 1719 1880 1881
   3663 1718 1880 1719
   3664 1732 1731 1893
   3665 1893 1894 1732
   3666 1659 1658 1818
   3667 1829 1669 1668
   3668 1668 1828 1829
   3669 1720 1881 1882
   3670 1881 1720 1719
   3671 1730 1892 1731
   3672 1892 1893 1731
   3673 1819 1659 1818
   3674 1660 1659 1819
   3675 1827 1828 1667
   3676 1828 1668 1667
   3677 1883 1721 1882
   3678 1882 1721 1720
   3679 1729 1891 1730
   3680 1892 1730 1891
   3681 1820 1660 1819
   3682 1667 1666 1827
   3683 1666 1826 1827
   3684 1820 1661 1660
   3685 1884 1722 1883
   3686 1721 1883 1722
   3687 1890 1729 1728
   3688 1891 1729 1890
   3689 1661 1821 1662
   3690 1826 1665 1825
   3691 1665 1826 1666
   3692 1661 1820 1821
   3693 1884 1885 1723
   3694 1722 1884 1723
   3695 1889 1728 1727
   3696 1728 1889 1890
   3697 1822 1662 1821
   3698 1825 1665 1664
   3699 1664 1824 1825
   3700 1663 1662 1822
   3701 1724 1885 1886
   3702 1724 1723 1885
   3703 1726 1888 1727
   3704 1727 1888 1889
   3705 1664 1663 1823
   3706 1824 1664 1823
   3707 1823 1663 1822
   3708 1887 1725 1886
   3709 1886 1725 1724
   3710 1888 1726 1887
   3711 1725 1887 1726
   3712 1939 1776 1938
   3713 1776 1939 1940
   3714 1938 2221 1939
   3715 1776 1940 1777
   3716 1937 2221 1938
   3717 1777 1940 1941
   3718 1854 2077 1855
   3719 1936 2220 1937
   3720 2221 1937 2220
   3721 1778 1777 1941
   3722 2077 1854 2076
   3723 1855 2077 2078
   3724 2220 1936 2219
   3725 2219 1936 1935
   3726 1778 1941 1942
   3727 1778 1942 1779
   3728 2075 2076 1854
   3729 2078 2079 1855
   3730 2219 1935 2218
   3731 2218 1935 1934
   3732 1779 1942 1943
   3733 1780 1779 1943
   3734 1853 2075 1854
   3735 2079 1856 1855
   3736 2217 2218 1934
   3737 1780 1943 1944
   3738 1780 1944 1781
   3739 2074 2075 1853
   3740 1856 2079 2080
   3741 1934 1933 2217
   3742 1944 1945 1781
   3743 1945 1782 1781
   3744 1853 2073 2074
   3745 1856 2080 2081
   3746 1932 2216 1933
   3747 1933 2216 2217
   3748 1945 1946 1782
   3749 1946 1783 1782
   3750 1853 1852 2073
   3751 1783 1947 1784
   3752 1784 1948 1785
   3753 2082 1856 2081
   3754 2215 1932 1931
   3755 2216 1932 2215
   3756 1947 1783 1946
   3757 2073 1852 2072
   3758 1784 1947 1948
   3759 1948 1949 1785
   3760 1949 1786 1785
   3761 1857 1856 2082
   3762 2214 1931 1930
   3763 1931 2214 2215
   3764 1852 2071 2072
   3765 1786 1949 1950
   3766 1786 1950 1787
   3767 2082 2083 1857
   3768 1930 1929 2213
   3769 2213 2214 1930
   3770 2071 1852 1851
   3771 2070 2071 1851
   3772 1789 1953 1790
   3773 1789 1788 1952
   3774 1950 1951 1787
   3775 1951 1788 1787
   3776 2083 2084 1857
   3777 1928 2212 1929
   3778 1929 2212 2213
   3779 2070 1851 2069
   3780 1953 1789 1952
   3781 1953 1954 1790
   3782 1954 1791 1790
   3783 1788 1951 1952
   3784 2210 1927 1926
   3785 2211 1928 1927
   3786 2084 1858 1857
   3787 2212 1928 2211
   3788 1850 2069 1851
   3789 1850 2068 2069
   3790 1955 1791 1954
   3791 1955 1792 1791
   3792 2085 1858 2084
   3793 1927 2210 2211
   3794 2209 2210 1926
   3795 1926 1925 2209
   3796 1792 1956 1793
   3797 1957 1794 1793
   3798 2068 1850 2067
   3799 1792 1955 1956
   3800 1858 2085 2086
   3801 1925 2208 2209
   3802 1924 2208 1925
   3803 1956 1957 1793
   3804 1794 1957 1958
   3805 1795 1794 1958
   3806 1850 1849 2067
   3807 2066 2067 1849
   3808 2086 2087 1859
   3809 1858 2086 1859
   3810 2207 1924 1923
   3811 2208 1924 2207
   3812 1920 2204 1921
   3813 1922 1921 2205
   3814 1795 1958 1959
   3815 1959 1796 1795
   3816 1796 1960 1797
   3817 2065 2066 1849
   3818 2087 2088 1859
   3819 2206 1923 1922
   3820 1923 2206 2207
   3821 2203 1920 1919
   3822 1920 2203 2204
   3823 1921 2204 2205
   3824 2205 2206 1922
   3825 1960 1796 1959
   3826 1960 1961 1797
   3827 1961 1798 1797
   3828 1848 2065 1849
   3829 2065 1848 2064
   3830 1860 2088 2089
   3831 1860 1859 2088
   3832 2202 1919 1918
   3833 2203 1919 2202
   3834 1961 1962 1798
   3835 1798 1962 1799
   3836 1963 1800 1799
   3837 1848 2063 2064
   3838 2090 1860 2089
   3839 1918 1917 2201
   3840 2201 2202 1918
   3841 1963 1799 1962
   3842 1800 1963 1964
   3843 1801 1800 1964
   3844 2063 1848 1847
   3845 2063 1847 2062
   3846 2090 2091 1861
   3847 1861 1860 2090
   3848 1917 2200 2201
   3849 1916 2200 1917
   3850 1965 1801 1964
   3851 1966 1802 1801
   3852 1847 2061 2062
   3853 2091 2092 1861
   3854 1915 1914 2198
   3855 2199 1916 1915
   3856 2200 1916 2199
   3857 1801 1965 1966
   3858 1967 1802 1966
   3859 1847 1846 2061
   3860 1846 2060 2061
   3861 2093 1862 2092
   3862 2092 1862 1861
   3863 1914 1913 2197
   3864 1914 2197 2198
   3865 1915 2198 2199
   3866 1968 1803 1802
   3867 1802 1967 1968
   3868 2059 2060 1846
   3869 1862 2093 2094
   3870 2195 1912 1911
   3871 1912 2196 1913
   3872 1913 2196 2197
   3873 1804 1803 1970
   3874 1969 1803 1968
   3875 1845 2059 1846
   3876 2059 1845 2058
   3877 2094 2095 1863
   3878 2094 1863 1862
   3879 2194 1911 1910
   3880 2196 1912 2195
   3881 1911 2194 2195
   3882 1803 1969 1970
   3883 1971 1804 1970
   3884 1804 1972 1805
   3885 1845 2057 2058
   3886 2095 2096 1863
   3887 1908 2191 1909
   3888 1910 1909 2193
   3889 2193 2194 1910
   3890 1804 1971 1972
   3891 1805 1972 1973
   3892 1844 2057 1845
   3893 2057 1844 2056
   3894 1864 2096 2097
   3895 1864 1863 2096
   3896 1908 2190 2191
   3897 2192 1909 2191
   3898 1909 2192 2193
   3899 1806 1805 1973
   3900 1844 2055 2056
   3901 2098 1864 2097
   3902 2189 1908 1907
   3903 2190 1908 2189
   3904 1973 1974 1806
   3905 2055 1844 1843
   3906 2055 1843 2054
   3907 2098 2099 1865
   3908 1865 1864 2098
   3909 1907 2188 2189
   3910 1806 1974 1975
   3911 1975 1807 1806
   3912 1843 2053 2054
   3913 2099 2100 1865
   3914 2187 1907 1906
   3915 1907 2187 2188
   3916 1976 1807 1975
   3917 1843 1842 2053
   3918 1842 2052 2053
   3919 2101 1866 2100
   3920 2100 1866 1865
   3921 1905 2186 1906
   3922 2187 1906 2186
   3923 1807 1976 1977
   3924 1977 1808 1807
   3925 2051 2052 1842
   3926 1866 2101 2102
   3927 1904 2184 1905
   3928 2186 1905 2185
   3929 1978 1808 1977
   3930 1841 2051 1842
   3931 2051 1841 2050
   3932 2102 2103 1867
   3933 1866 2102 1867
   3934 2184 1904 2183
   3935 1905 2184 2185
   3936 1808 1980 1809
   3937 1979 1808 1978
   3938 1841 2049 2050
   3939 2103 2104 1867
   3940 1903 2182 1904
   3941 1904 2182 2183
   3942 1808 1979 1980
   3943 1809 1980 1981
   3944 1840 2049 1841
   3945 2049 1840 2048
   3946 1868 2104 2105
   3947 1868 1867 2104
   3948 2182 1903 2181
   3949 1982 1809 1981
   3950 1809 1982 1810
   3951 1840 2047 2048
   3952 2106 1868 2105
   3953 2180 1903 1902
   3954 1903 2180 2181
   3955 1982 1983 1810
   3956 2047 1840 1839
   3957 2047 1839 2046
   3958 2106 2107 1869
   3959 1869 1868 2106
   3960 1902 2179 2180
   3961 1984 1811 1810
   3962 1983 1984 1810
   3963 1839 2045 2046
   3964 2107 2108 1869
   3965 1901 2178 1902
   3966 2179 1902 2178
   3967 1984 1985 1811
   3968 1839 1838 2045
   3969 1838 2044 2045
   3970 2109 1870 2108
   3971 1869 2108 1870
   3972 2178 1901 2177
   3973 1985 1986 1811
   3974 1987 1812 1811
   3975 2043 2044 1838
   3976 1870 2109 2110
   3977 2175 1901 1900
   3978 1901 2176 2177
   3979 1811 1986 1987
   3980 1988 1812 1987
   3981 1837 2043 1838
   3982 2043 1837 2042
   3983 1871 2110 2111
   3984 2110 1871 1870
   3985 2176 1901 2175
   3986 1900 2174 2175
   3987 1812 1988 1989
   3988 1813 1812 1989
   3989 1837 2041 2042
   3990 2112 1871 2111
   3991 1899 2173 1900
   3992 2174 1900 2173
   3993 1989 1990 1813
   3994 1836 2041 1837
   3995 2041 1836 2040
   3996 1872 2112 2113
   3997 1872 1871 2112
   3998 1899 2172 2173
   3999 1813 1990 1991
   4000 1813 1992 1814
   4001 1836 2039 2040
   4002 2114 1872 2113
   4003 1899 1898 2170
   4004 1899 2171 2172
   4005 1992 1813 1991
   4006 1992 1993 1814
   4007 1835 2039 1836
   4008 2039 1835 2038
   4009 2114 2115 1873
   4010 1873 1872 2114
   4011 1898 2169 2170
   4012 2171 1899 2170
   4013 1995 1815 1814
   4014 1993 1994 1814
   4015 1835 2037 2038
   4016 2115 2116 1873
   4017 1898 1897 2168
   4018 2169 1898 2168
   4019 1996 1815 1995
   4020 1995 1814 1994
   4021 1835 1834 2037
   4022 1834 2036 2037
   4023 2117 1874 2116
   4024 2116 1874 1873
   4025 2168 1897 2167
   4026 1996 1997 1815
   4027 1998 1816 1815
   4028 2036 1834 2035
   4029 1874 2117 2118
   4030 2165 1897 1896
   4031 1897 2166 2167
   4032 1997 1998 1815
   4033 1816 1998 1999
   4034 1834 1833 2035
   4035 2035 1833 2034
   4036 1875 2118 2119
   4037 2118 1875 1874
   4038 2166 1897 2165
   4039 1896 2164 2165
   4040 1999 2000 1816
   4041 2000 1817 1816
   4042 1833 2033 2034
   4043 2120 1875 2119
   4044 1895 2162 1896
   4045 1896 2163 2164
   4046 1817 2000 2001
   4047 2033 1833 1832
   4048 2033 1832 2032
   4049 1876 2120 2121
   4050 1876 1875 2120
   4051 2162 1895 2161
   4052 2163 1896 2162
   4053 2002 1817 2001
   4054 1832 2031 2032
   4055 2122 1876 2121
   4056 2159 1895 1894
   4057 1895 2160 2161
   4058 2004 1818 2003
   4059 1832 1831 2031
   4060 1831 2030 2031
   4061 2122 2123 1877
   4062 1877 1876 2122
   4063 2160 1895 2159
   4064 2159 1894 2158
   4065 1818 2005 1819
   4066 1818 2004 2005
   4067 2030 1831 2029
   4068 2123 2124 1877
   4069 2157 2158 1894
   4070 2006 1819 2005
   4071 2029 1831 1830
   4072 1830 2028 2029
   4073 2124 2125 1878
   4074 1878 1877 2124
   4075 2006 2007 1819
   4076 2007 1820 1819
   4077 2027 2028 1830
   4078 2125 2126 1878
   4079 2154 1893 1892
   4080 1893 2155 2156
   4081 2007 2008 1820
   4082 2027 1830 1829
   4083 2026 2027 1829
   4084 1879 2126 2127
   4085 1879 1878 2126
   4086 2155 1893 2154
   4087 2154 1892 2153
   4088 1821 1820 2009
   4089 2008 2009 1820
   4090 2026 1829 2025
   4091 2128 1879 2127
   4092 1891 2152 1892
   4093 1892 2152 2153
   4094 2010 1821 2009
   4095 1829 1828 2025
   4096 2025 1828 2024
   4097 1880 2128 2129
   4098 1880 1879 2128
   4099 1891 2151 2152
   4100 2010 2011 1821
   4101 1828 2023 2024
   4102 2130 1880 2129
   4103 2151 1891 2150
   4104 2011 1822 1821
   4105 1828 1827 2023
   4106 1827 2022 2023
   4107 1881 2130 2131
   4108 1881 1880 2130
   4109 1891 1890 2150
   4110 2011 2012 1822
   4111 2022 1827 2021
   4112 2132 1881 2131
   4113 1890 2149 2150
   4114 1822 2012 2013
   4115 2013 1823 1822
   4116 2021 1827 1826
   4117 1826 2020 2021
   4118 2133 1882 2132
   4119 2132 1882 1881
   4120 2149 1890 2148
   4121 1890 1889 2148
   4122 2014 1823 2013
   4123 2019 2020 1826
   4124 1882 2133 2134
   4125 1889 2147 2148
   4126 1823 2014 2015
   4127 1824 1823 2015
   4128 1825 2019 1826
   4129 2018 2019 1825
   4130 1883 2134 2135
   4131 2134 1883 1882
   4132 2146 1889 1888
   4133 2147 1889 2146
   4134 1825 1824 2017
   4135 1824 2015 2016
   4136 2018 1825 2017
   4137 2136 1883 2135
   4138 2146 1888 2145
   4139 2017 1824 2016
   4140 1884 2136 2137
   4141 1884 1883 2136
   4142 1888 1887 2144
   4143 1888 2144 2145
   4144 2138 1884 2137
   4145 2144 1887 2143
   4146 1885 2138 2139
   4147 1885 1884 2138
   4148 1887 2142 2143
   4149 1887 1886 2142
   4150 2140 1885 2139
   4151 1886 1885 2140
   4152 2141 2142 1886
   4153 2140 2141 1886
   4154 1818 2002 2003
   4155 2002 1818 1817
   4156 2157 1893 2156
   4157 1893 2157 1894
   4158 1939 2221 2222
   4159 1939 2223 1940
   4160 2079 2078 2365
   4161 2510 2222 2221
   4162 2223 1939 2222
   4163 2223 2224 1940
   4164 1940 2224 1941
   4165 2078 2364 2365
   4166 2366 2079 2365
   4167 2510 2221 2220
   4168 2364 2078 2077
   4169 2224 2225 1941
   4170 2080 2079 2366
   4171 2219 2509 2220
   4172 2510 2220 2509
   4173 2225 1942 1941
   4174 2364 2077 2363
   4175 2367 2080 2366
   4176 2219 2218 2508
   4177 2509 2219 2508
   4178 2226 1943 1942
   4179 1942 2225 2226
   4180 2076 2363 2077
   4181 2080 2367 2081
   4182 2507 2508 2218
   4183 1944 1943 2227
   4184 1943 2226 2227
   4185 2362 2363 2076
   4186 2217 2507 2218
   4187 2368 2081 2367
   4188 2227 2228 1944
   4189 2075 2362 2076
   4190 2362 2075 2361
   4191 2216 2506 2217
   4192 2507 2217 2506
   4193 2082 2081 2368
   4194 2369 2082 2368
   4195 1945 1944 2228
   4196 2361 2075 2360
   4197 2215 2505 2216
   4198 2506 2216 2505
   4199 2215 2214 2504
   4200 2370 2083 2369
   4201 2082 2369 2083
   4202 2229 1945 2228
   4203 1945 2229 1946
   4204 2075 2074 2360
   4205 2360 2074 2359
   4206 2505 2215 2504
   4207 2503 2504 2214
   4208 2213 2503 2214
   4209 2084 2370 2371
   4210 2370 2084 2083
   4211 2229 2230 1946
   4212 2230 1947 1946
   4213 1947 2231 1948
   4214 2359 2073 2358
   4215 2359 2074 2073
   4216 2211 2210 2500
   4217 2211 2501 2212
   4218 2503 2213 2502
   4219 2213 2212 2502
   4220 2372 2085 2371
   4221 2085 2084 2371
   4222 1947 2230 2231
   4223 2232 1948 2231
   4224 1949 1948 2232
   4225 2072 2357 2358
   4226 2358 2073 2072
   4227 2209 2499 2210
   4228 2499 2500 2210
   4229 2501 2211 2500
   4230 2501 2502 2212
   4231 2373 2086 2372
   4232 2086 2085 2372
   4233 2209 2208 2498
   4234 2207 2497 2208
   4235 2233 1949 2232
   4236 1949 2233 1950
   4237 1952 1951 2235
   4238 2234 1951 1950
   4239 2072 2071 2357
   4240 2357 2071 2356
   4241 2499 2209 2498
   4242 2374 2087 2373
   4243 2086 2373 2087
   4244 2205 2204 2494
   4245 2205 2495 2206
   4246 2497 2498 2208
   4247 2207 2206 2496
   4248 2497 2207 2496
   4249 2233 2234 1950
   4250 1951 2234 2235
   4251 1952 2235 2236
   4252 2236 1953 1952
   4253 2071 2070 2356
   4254 2356 2070 2355
   4255 1953 2237 1954
   4256 2088 2374 2375
   4257 2374 2088 2087
   4258 2203 2202 2492
   4259 2203 2493 2204
   4260 2493 2494 2204
   4261 2495 2205 2494
   4262 2495 2496 2206
   4263 2237 1953 2236
   4264 2354 2355 2069
   4265 2355 2070 2069
   4266 1955 1954 2238
   4267 1956 1955 2239
   4268 1954 2237 2238
   4269 2376 2089 2375
   4270 2089 2088 2375
   4271 2200 2490 2201
   4272 2491 2202 2201
   4273 2491 2492 2202
   4274 2493 2203 2492
   4275 1956 2240 1957
   4276 2353 2354 2068
   4277 2354 2069 2068
   4278 1955 2238 2239
   4279 1956 2239 2240
   4280 2377 2090 2376
   4281 2090 2089 2376
   4282 2200 2199 2488
   4283 2490 2200 2489
   4284 2201 2490 2491
   4285 2241 1957 2240
   4286 1957 2241 1958
   4287 2242 1959 1958
   4288 2068 2067 2353
   4289 2353 2067 2352
   4290 2378 2091 2377
   4291 2090 2377 2091
   4292 2198 2197 2486
   4293 2487 2199 2198
   4294 2199 2487 2488
   4295 2488 2489 2200
   4296 2241 2242 1958
   4297 1960 1959 2243
   4298 1959 2242 2243
   4299 2067 2066 2352
   4300 2352 2066 2351
   4301 1961 1960 2244
   4302 2092 2378 2379
   4303 2378 2092 2091
   4304 2485 2197 2196
   4305 2197 2485 2486
   4306 2486 2487 2198
   4307 2243 2244 1960
   4308 2351 2065 2350
   4309 2351 2066 2065
   4310 1961 2245 1962
   4311 2245 1961 2244
   4312 2380 2093 2379
   4313 2093 2092 2379
   4314 2483 2195 2194
   4315 2196 2195 2484
   4316 2484 2485 2196
   4317 2246 1963 1962
   4318 1964 1963 2247
   4319 2064 2349 2350
   4320 2350 2065 2064
   4321 2245 2246 1962
   4322 2381 2094 2380
   4323 2094 2093 2380
   4324 2482 2194 2193
   4325 2195 2483 2484
   4326 2483 2194 2482
   4327 1963 2246 2247
   4328 1964 2247 2248
   4329 2248 1965 1964
   4330 2064 2063 2349
   4331 2349 2063 2348
   4332 2382 2095 2381
   4333 2094 2381 2095
   4334 2192 2191 2480
   4335 2192 2481 2193
   4336 2193 2481 2482
   4337 2249 1965 2248
   4338 2063 2062 2348
   4339 2348 2062 2347
   4340 2249 1966 1965
   4341 2096 2382 2383
   4342 2382 2096 2095
   4343 2479 2191 2190
   4344 2191 2479 2480
   4345 2480 2481 2192
   4346 2346 2347 2061
   4347 2347 2062 2061
   4348 2250 1967 1966
   4349 1968 1967 2251
   4350 2249 2250 1966
   4351 2384 2097 2383
   4352 2097 2096 2383
   4353 2190 2189 2478
   4354 2478 2479 2190
   4355 2252 1969 1968
   4356 2345 2346 2060
   4357 2346 2061 2060
   4358 1967 2250 2251
   4359 1968 2251 2252
   4360 2385 2098 2384
   4361 2098 2097 2384
   4362 2477 2189 2188
   4363 2189 2477 2478
   4364 2253 1969 2252
   4365 1969 2253 1970
   4366 2060 2059 2345
   4367 2345 2059 2344
   4368 2386 2099 2385
   4369 2098 2385 2099
   4370 2475 2187 2186
   4371 2188 2187 2476
   4372 2476 2477 2188
   4373 1970 2253 2254
   4374 2059 2058 2344
   4375 2344 2058 2343
   4376 1971 1970 2254
   4377 2100 2386 2387
   4378 2386 2100 2099
   4379 2186 2185 2474
   4380 2187 2475 2476
   4381 2186 2474 2475
   4382 2343 2057 2342
   4383 2057 2343 2058
   4384 1972 1971 2255
   4385 1971 2254 2255
   4386 2388 2101 2387
   4387 2101 2100 2387
   4388 2185 2184 2473
   4389 2185 2473 2474
   4390 1972 2256 1973
   4391 2257 1974 1973
   4392 2341 2342 2056
   4393 2057 2056 2342
   4394 1972 2255 2256
   4395 2389 2102 2388
   4396 2102 2101 2388
   4397 2184 2183 2472
   4398 2472 2473 2184
   4399 2257 1973 2256
   4400 1974 2257 2258
   4401 1975 1974 2258
   4402 2056 2055 2341
   4403 2341 2055 2340
   4404 2390 2103 2389
   4405 2102 2389 2103
   4406 2471 2183 2182
   4407 2183 2471 2472
   4408 1975 2258 2259
   4409 2055 2054 2340
   4410 2340 2054 2339
   4411 1975 2259 1976
   4412 2104 2390 2391
   4413 2103 2390 2104
   4414 2181 2470 2182
   4415 2471 2182 2470
   4416 2338 2339 2053
   4417 2339 2054 2053
   4418 1977 1976 2260
   4419 2260 1976 2259
   4420 2392 2105 2391
   4421 2105 2104 2391
   4422 2469 2181 2180
   4423 2181 2469 2470
   4424 1978 1977 2261
   4425 2337 2338 2052
   4426 2338 2053 2052
   4427 2261 1977 2260
   4428 2393 2106 2392
   4429 2106 2105 2392
   4430 2180 2179 2468
   4431 2467 2179 2178
   4432 2468 2469 2180
   4433 2262 1978 2261
   4434 2262 1979 1978
   4435 2052 2051 2337
   4436 2337 2051 2336
   4437 2394 2107 2393
   4438 2393 2107 2106
   4439 2466 2178 2177
   4440 2179 2467 2468
   4441 2178 2466 2467
   4442 1979 2262 2263
   4443 2051 2050 2336
   4444 2336 2050 2335
   4445 1980 1979 2263
   4446 2108 2394 2395
   4447 2107 2394 2108
   4448 2176 2465 2177
   4449 2466 2177 2465
   4450 2335 2049 2334
   4451 2049 2335 2050
   4452 1981 2265 1982
   4453 1981 1980 2264
   4454 2263 2264 1980
   4455 2395 2396 2109
   4456 2108 2395 2109
   4457 2176 2175 2464
   4458 2464 2465 2176
   4459 2266 1983 1982
   4460 2333 2334 2048
   4461 2049 2048 2334
   4462 2265 1981 2264
   4463 2265 2266 1982
   4464 2397 2110 2396
   4465 2110 2109 2396
   4466 2463 2175 2174
   4467 2175 2463 2464
   4468 1983 2266 2267
   4469 1984 1983 2267
   4470 2048 2047 2333
   4471 2333 2047 2332
   4472 2398 2111 2397
   4473 2397 2111 2110
   4474 2173 2462 2174
   4475 2461 2173 2172
   4476 2463 2174 2462
   4477 2267 2268 1984
   4478 2047 2046 2332
   4479 2332 2046 2331
   4480 1985 1984 2268
   4481 2112 2398 2399
   4482 2111 2398 2112
   4483 2172 2171 2460
   4484 2173 2461 2462
   4485 2460 2461 2172
   4486 2330 2331 2045
   4487 2045 2331 2046
   4488 1985 2269 1986
   4489 2270 1987 1986
   4490 2269 1985 2268
   4491 2400 2113 2399
   4492 2113 2112 2399
   4493 2459 2171 2170
   4494 2171 2459 2460
   4495 1988 1987 2271
   4496 2329 2330 2044
   4497 2044 2330 2045
   4498 2269 2270 1986
   4499 1987 2270 2271
   4500 2401 2114 2400
   4501 2114 2113 2400
   4502 2458 2170 2169
   4503 2170 2458 2459
   4504 1988 2271 2272
   4505 2272 1989 1988
   4506 2044 2043 2329
   4507 2329 2043 2328
   4508 2402 2115 2401
   4509 2401 2115 2114
   4510 2169 2168 2457
   4511 2168 2167 2456
   4512 2457 2458 2169
   4513 2273 1989 2272
   4514 2043 2042 2328
   4515 2328 2042 2327
   4516 1989 2273 1990
   4517 2116 2402 2403
   4518 2115 2402 2116
   4519 2455 2167 2166
   4520 2456 2457 2168
   4521 2167 2455 2456
   4522 2327 2041 2326
   4523 2041 2327 2042
   4524 2274 1991 1990
   4525 1992 1991 2275
   4526 2273 2274 1990
   4527 2403 2404 2117
   4528 2116 2403 2117
   4529 2454 2166 2165
   4530 2455 2166 2454
   4531 2276 1993 1992
   4532 2325 2326 2040
   4533 2041 2040 2326
   4534 1991 2274 2275
   4535 1992 2275 2276
   4536 2405 2118 2404
   4537 2118 2117 2404
   4538 2164 2163 2452
   4539 2164 2453 2165
   4540 2165 2453 2454
   4541 2277 1993 2276
   4542 1993 2277 1994
   4543 2040 2039 2325
   4544 2325 2039 2324
   4545 2406 2119 2405
   4546 2405 2119 2118
   4547 2451 2163 2162
   4548 2163 2451 2452
   4549 2452 2453 2164
   4550 2277 2278 1994
   4551 2278 1995 1994
   4552 2039 2038 2324
   4553 2324 2038 2323
   4554 1996 1995 2279
   4555 2119 2406 2407
   4556 2450 2162 2161
   4557 2162 2450 2451
   4558 1995 2278 2279
   4559 2322 2323 2037
   4560 2037 2323 2038
   4561 1996 2280 1997
   4562 1996 2279 2280
   4563 2120 2407 2408
   4564 2119 2407 2120
   4565 2160 2159 2448
   4566 2161 2160 2449
   4567 2449 2450 2161
   4568 2282 1999 1998
   4569 1997 2282 1998
   4570 2321 2322 2036
   4571 2036 2322 2037
   4572 2281 1997 2280
   4573 2121 2408 2409
   4574 2121 2120 2408
   4575 2447 2159 2158
   4576 2159 2447 2448
   4577 2448 2449 2160
   4578 1999 2282 2283
   4579 2281 2282 1997
   4580 2000 1999 2283
   4581 2036 2035 2321
   4582 2321 2035 2320
   4583 2410 2122 2409
   4584 2122 2121 2409
   4585 2447 2158 2446
   4586 2000 2283 2284
   4587 2320 2035 2034
   4588 2319 2320 2034
   4589 2284 2001 2000
   4590 2123 2410 2411
   4591 2410 2123 2122
   4592 2446 2158 2157
   4593 2318 2319 2034
   4594 2285 2002 2001
   4595 2285 2001 2284
   4596 2124 2411 2412
   4597 2123 2411 2124
   4598 2156 2445 2157
   4599 2157 2445 2446
   4600 2003 2002 2286
   4601 2034 2033 2318
   4602 2033 2317 2318
   4603 2002 2285 2286
   4604 2412 2413 2125
   4605 2125 2124 2412
   4606 2156 2155 2444
   4607 2444 2445 2156
   4608 2003 2286 2287
   4609 2004 2003 2287
   4610 2033 2032 2317
   4611 2032 2316 2317
   4612 2414 2126 2413
   4613 2413 2126 2125
   4614 2443 2155 2154
   4615 2155 2443 2444
   4616 2004 2287 2288
   4617 2316 2031 2315
   4618 2031 2316 2032
   4619 2127 2414 2415
   4620 2414 2127 2126
   4621 2442 2154 2153
   4622 2154 2442 2443
   4623 2004 2288 2005
   4624 2315 2031 2030
   4625 2030 2314 2315
   4626 2128 2415 2416
   4627 2127 2415 2128
   4628 2153 2152 2441
   4629 2441 2442 2153
   4630 2289 2005 2288
   4631 2313 2314 2029
   4632 2314 2030 2029
   4633 2129 2416 2417
   4634 2129 2128 2416
   4635 2152 2151 2440
   4636 2440 2441 2152
   4637 2289 2006 2005
   4638 2029 2028 2313
   4639 2028 2312 2313
   4640 2418 2130 2417
   4641 2130 2129 2417
   4642 2151 2439 2440
   4643 2006 2289 2290
   4644 2007 2006 2290
   4645 2312 2027 2311
   4646 2027 2312 2028
   4647 2131 2418 2419
   4648 2418 2131 2130
   4649 2439 2151 2150
   4650 2007 2290 2291
   4651 2311 2027 2026
   4652 2026 2310 2311
   4653 2008 2007 2291
   4654 2132 2419 2420
   4655 2131 2419 2132
   4656 2438 2150 2149
   4657 2439 2150 2438
   4658 2008 2291 2292
   4659 2008 2292 2009
   4660 2025 2309 2310
   4661 2026 2025 2310
   4662 2420 2421 2133
   4663 2133 2132 2420
   4664 2148 2437 2149
   4665 2149 2437 2438
   4666 2293 2009 2292
   4667 2025 2024 2309
   4668 2024 2308 2309
   4669 2293 2010 2009
   4670 2422 2134 2421
   4671 2421 2134 2133
   4672 2148 2147 2436
   4673 2436 2437 2148
   4674 2308 2023 2307
   4675 2023 2308 2024
   4676 2010 2293 2294
   4677 2135 2422 2423
   4678 2422 2135 2134
   4679 2435 2147 2146
   4680 2147 2435 2436
   4681 2011 2010 2295
   4682 2307 2023 2022
   4683 2022 2306 2307
   4684 2295 2010 2294
   4685 2136 2423 2424
   4686 2135 2423 2136
   4687 2146 2434 2435
   4688 2296 2011 2295
   4689 2296 2012 2011
   4690 2305 2306 2021
   4691 2306 2022 2021
   4692 2137 2424 2425
   4693 2137 2136 2424
   4694 2434 2146 2145
   4695 2012 2296 2297
   4696 2021 2020 2305
   4697 2020 2304 2305
   4698 2013 2012 2297
   4699 2426 2138 2425
   4700 2138 2137 2425
   4701 2145 2144 2433
   4702 2433 2434 2145
   4703 2298 2014 2013
   4704 2304 2019 2303
   4705 2019 2304 2020
   4706 2297 2298 2013
   4707 2139 2426 2427
   4708 2426 2139 2138
   4709 2144 2143 2432
   4710 2432 2433 2144
   4711 2014 2298 2299
   4712 2303 2019 2018
   4713 2018 2302 2303
   4714 2140 2427 2428
   4715 2139 2427 2140
   4716 2430 2143 2142
   4717 2143 2431 2432
   4718 2014 2299 2015
   4719 2017 2301 2302
   4720 2018 2017 2302
   4721 2428 2429 2141
   4722 2141 2140 2428
   4723 2429 2142 2141
   4724 2431 2143 2430
   4725 2430 2142 2429
   4726 2300 2015 2299
   4727 2017 2016 2301
   4728 2016 2300 2301
   4729 2015 2300 2016
   4730 2222 2510 2511
   4731 2511 2510 2802
   4732 2512 2222 2511
   4733 2222 2512 2223
   4734 2655 2365 2364
   4735 2802 2510 2509
   4736 2512 2513 2223
   4737 2513 2224 2223
   4738 2365 2655 2656
   4739 2655 2364 2654
   4740 2802 2509 2801
   4741 2514 2224 2513
   4742 2363 2654 2364
   4743 2366 2365 2656
   4744 2801 2509 2508
   4745 2224 2514 2225
   4746 2654 2363 2653
   4747 2657 2366 2656
   4748 2800 2801 2508
   4749 2800 2508 2507
   4750 2225 2514 2515
   4751 2226 2225 2515
   4752 2363 2362 2653
   4753 2657 2367 2366
   4754 2799 2800 2507
   4755 2227 2226 2516
   4756 2226 2515 2516
   4757 2653 2362 2652
   4758 2367 2657 2658
   4759 2507 2506 2799
   4760 2516 2517 2227
   4761 2362 2361 2652
   4762 2659 2368 2658
   4763 2368 2367 2658
   4764 2798 2506 2505
   4765 2506 2798 2799
   4766 2361 2651 2652
   4767 2228 2227 2517
   4768 2660 2369 2659
   4769 2369 2368 2659
   4770 2505 2504 2797
   4771 2797 2798 2505
   4772 2796 2504 2503
   4773 2651 2361 2360
   4774 2651 2360 2650
   4775 2518 2228 2517
   4776 2228 2518 2229
   4777 2661 2370 2660
   4778 2369 2660 2370
   4779 2504 2796 2797
   4780 2503 2502 2795
   4781 2795 2796 2503
   4782 2650 2359 2649
   4783 2359 2650 2360
   4784 2229 2518 2519
   4785 2230 2229 2519
   4786 2231 2230 2520
   4787 2371 2661 2662
   4788 2661 2371 2370
   4789 2794 2502 2501
   4790 2793 2501 2500
   4791 2502 2794 2795
   4792 2649 2358 2648
   4793 2359 2358 2649
   4794 2230 2519 2520
   4795 2231 2520 2521
   4796 2232 2231 2521
   4797 2663 2372 2662
   4798 2372 2371 2662
   4799 2496 2789 2497
   4800 2790 2498 2497
   4801 2793 2794 2501
   4802 2792 2500 2499
   4803 2792 2793 2500
   4804 2523 2234 2233
   4805 2235 2234 2524
   4806 2358 2357 2648
   4807 2357 2647 2648
   4808 2521 2522 2232
   4809 2232 2522 2233
   4810 2664 2373 2663
   4811 2373 2372 2663
   4812 2495 2494 2787
   4813 2786 2494 2493
   4814 2788 2496 2495
   4815 2496 2788 2789
   4816 2790 2497 2789
   4817 2498 2790 2791
   4818 2499 2498 2791
   4819 2791 2792 2499
   4820 2234 2523 2524
   4821 2522 2523 2233
   4822 2524 2525 2235
   4823 2235 2525 2236
   4824 2356 2647 2357
   4825 2647 2356 2646
   4826 2236 2526 2237
   4827 2665 2374 2664
   4828 2373 2664 2374
   4829 2785 2493 2492
   4830 2494 2786 2787
   4831 2787 2788 2495
   4832 2785 2786 2493
   4833 2525 2526 2236
   4834 2645 2646 2355
   4835 2646 2356 2355
   4836 2238 2237 2527
   4837 2239 2238 2528
   4838 2237 2526 2527
   4839 2375 2665 2666
   4840 2665 2375 2374
   4841 2491 2490 2783
   4842 2784 2492 2491
   4843 2784 2785 2492
   4844 2240 2239 2529
   4845 2241 2240 2530
   4846 2645 2354 2644
   4847 2354 2645 2355
   4848 2238 2527 2528
   4849 2239 2528 2529
   4850 2667 2376 2666
   4851 2376 2375 2666
   4852 2488 2781 2489
   4853 2782 2490 2489
   4854 2490 2782 2783
   4855 2783 2784 2491
   4856 2529 2530 2240
   4857 2531 2242 2241
   4858 2531 2241 2530
   4859 2243 2242 2532
   4860 2354 2353 2644
   4861 2353 2643 2644
   4862 2668 2377 2667
   4863 2377 2376 2667
   4864 2780 2488 2487
   4865 2486 2778 2487
   4866 2488 2780 2781
   4867 2782 2489 2781
   4868 2242 2531 2532
   4869 2532 2533 2243
   4870 2643 2353 2352
   4871 2643 2352 2642
   4872 2243 2533 2244
   4873 2669 2378 2668
   4874 2377 2668 2378
   4875 2485 2484 2776
   4876 2486 2485 2777
   4877 2779 2780 2487
   4878 2778 2486 2777
   4879 2778 2779 2487
   4880 2642 2351 2641
   4881 2351 2642 2352
   4882 2244 2534 2245
   4883 2246 2245 2535
   4884 2533 2534 2244
   4885 2379 2669 2670
   4886 2669 2379 2378
   4887 2775 2484 2483
   4888 2484 2775 2776
   4889 2776 2777 2485
   4890 2247 2246 2536
   4891 2641 2350 2640
   4892 2351 2350 2641
   4893 2245 2534 2535
   4894 2246 2535 2536
   4895 2671 2380 2670
   4896 2380 2379 2670
   4897 2773 2482 2481
   4898 2482 2774 2483
   4899 2774 2775 2483
   4900 2536 2537 2247
   4901 2247 2537 2248
   4902 2248 2538 2249
   4903 2350 2349 2640
   4904 2349 2639 2640
   4905 2672 2381 2671
   4906 2381 2380 2671
   4907 2480 2772 2481
   4908 2482 2773 2774
   4909 2773 2481 2772
   4910 2537 2538 2248
   4911 2249 2538 2539
   4912 2348 2639 2349
   4913 2639 2348 2638
   4914 2250 2249 2539
   4915 2673 2382 2672
   4916 2381 2672 2382
   4917 2479 2771 2480
   4918 2771 2772 2480
   4919 2637 2638 2347
   4920 2638 2348 2347
   4921 2251 2250 2540
   4922 2251 2541 2252
   4923 2250 2539 2540
   4924 2383 2673 2674
   4925 2673 2383 2382
   4926 2478 2477 2769
   4927 2478 2770 2479
   4928 2770 2771 2479
   4929 2252 2542 2253
   4930 2637 2346 2636
   4931 2346 2637 2347
   4932 2540 2541 2251
   4933 2541 2542 2252
   4934 2675 2384 2674
   4935 2384 2383 2674
   4936 2768 2477 2476
   4937 2768 2769 2477
   4938 2770 2478 2769
   4939 2253 2542 2543
   4940 2254 2253 2543
   4941 2346 2345 2636
   4942 2345 2635 2636
   4943 2676 2385 2675
   4944 2385 2384 2675
   4945 2767 2476 2475
   4946 2767 2768 2476
   4947 2254 2543 2544
   4948 2635 2345 2344
   4949 2635 2344 2634
   4950 2255 2254 2544
   4951 2677 2386 2676
   4952 2385 2676 2386
   4953 2474 2766 2475
   4954 2766 2767 2475
   4955 2633 2634 2343
   4956 2343 2634 2344
   4957 2256 2255 2545
   4958 2255 2544 2545
   4959 2387 2677 2678
   4960 2677 2387 2386
   4961 2765 2474 2473
   4962 2766 2474 2765
   4963 2546 2257 2256
   4964 2258 2257 2547
   4965 2633 2342 2632
   4966 2342 2633 2343
   4967 2545 2546 2256
   4968 2679 2388 2678
   4969 2388 2387 2678
   4970 2471 2763 2472
   4971 2472 2764 2473
   4972 2473 2764 2765
   4973 2257 2546 2547
   4974 2258 2547 2548
   4975 2548 2259 2258
   4976 2342 2341 2632
   4977 2341 2631 2632
   4978 2388 2679 2680
   4979 2470 2762 2471
   4980 2762 2763 2471
   4981 2763 2764 2472
   4982 2549 2259 2548
   4983 2340 2631 2341
   4984 2631 2340 2630
   4985 2259 2549 2260
   4986 2681 2389 2680
   4987 2389 2388 2680
   4988 2761 2470 2469
   4989 2762 2470 2761
   4990 2629 2630 2339
   4991 2630 2340 2339
   4992 2261 2260 2550
   4993 2549 2550 2260
   4994 2390 2681 2682
   4995 2681 2390 2389
   4996 2469 2468 2760
   4997 2469 2760 2761
   4998 2551 2262 2261
   4999 2629 2338 2628
   5000 2338 2629 2339
   5001 2551 2261 2550
   5002 2391 2682 2683
   5003 2390 2682 2391
   5004 2468 2759 2760
   5005 2262 2551 2552
   5006 2262 2552 2263
   5007 2338 2337 2628
   5008 2337 2627 2628
   5009 2683 2684 2392
   5010 2392 2391 2683
   5011 2759 2468 2467
   5012 2553 2263 2552
   5013 2263 2553 2264
   5014 2627 2337 2336
   5015 2627 2336 2626
   5016 2264 2554 2265
   5017 2685 2393 2684
   5018 2684 2393 2392
   5019 2466 2758 2467
   5020 2758 2759 2467
   5021 2553 2554 2264
   5022 2625 2626 2335
   5023 2335 2626 2336
   5024 2555 2266 2265
   5025 2554 2555 2265
   5026 2394 2685 2686
   5027 2685 2394 2393
   5028 2757 2466 2465
   5029 2464 2756 2465
   5030 2466 2757 2758
   5031 2267 2266 2556
   5032 2625 2334 2624
   5033 2334 2625 2335
   5034 2266 2555 2556
   5035 2395 2686 2687
   5036 2394 2686 2395
   5037 2463 2755 2464
   5038 2757 2465 2756
   5039 2755 2756 2464
   5040 2556 2557 2267
   5041 2267 2557 2268
   5042 2334 2333 2624
   5043 2333 2623 2624
   5044 2396 2687 2688
   5045 2396 2395 2687
   5046 2462 2754 2463
   5047 2754 2755 2463
   5048 2557 2558 2268
   5049 2268 2558 2269
   5050 2332 2623 2333
   5051 2623 2332 2622
   5052 2270 2269 2559
   5053 2689 2397 2688
   5054 2397 2396 2688
   5055 2753 2462 2461
   5056 2754 2462 2753
   5057 2269 2558 2559
   5058 2621 2622 2331
   5059 2622 2332 2331
   5060 2271 2270 2560
   5061 2270 2559 2560
   5062 2398 2689 2690
   5063 2689 2398 2397
   5064 2752 2461 2460
   5065 2751 2460 2459
   5066 2461 2752 2753
   5067 2271 2561 2272
   5068 2621 2330 2620
   5069 2330 2621 2331
   5070 2560 2561 2271
   5071 2399 2690 2691
   5072 2398 2690 2399
   5073 2458 2750 2459
   5074 2751 2752 2460
   5075 2750 2751 2459
   5076 2561 2562 2272
   5077 2272 2562 2273
   5078 2330 2329 2620
   5079 2329 2619 2620
   5080 2691 2692 2400
   5081 2400 2399 2691
   5082 2749 2458 2457
   5083 2458 2749 2750
   5084 2274 2273 2563
   5085 2273 2562 2563
   5086 2328 2619 2329
   5087 2619 2328 2618
   5088 2275 2274 2564
   5089 2693 2401 2692
   5090 2692 2401 2400
   5091 2455 2747 2456
   5092 2456 2748 2457
   5093 2749 2457 2748
   5094 2274 2563 2564
   5095 2617 2618 2327
   5096 2618 2328 2327
   5097 2275 2565 2276
   5098 2564 2565 2275
   5099 2402 2693 2694
   5100 2693 2402 2401
   5101 2454 2746 2455
   5102 2746 2747 2455
   5103 2747 2748 2456
   5104 2276 2566 2277
   5105 2617 2326 2616
   5106 2326 2617 2327
   5107 2565 2566 2276
   5108 2403 2694 2695
   5109 2402 2694 2403
   5110 2745 2454 2453
   5111 2746 2454 2745
   5112 2277 2566 2567
   5113 2278 2277 2567
   5114 2279 2278 2568
   5115 2326 2325 2616
   5116 2325 2615 2616
   5117 2404 2695 2696
   5118 2404 2403 2695
   5119 2743 2452 2451
   5120 2453 2452 2744
   5121 2453 2744 2745
   5122 2278 2567 2568
   5123 2568 2569 2279
   5124 2324 2615 2325
   5125 2615 2324 2614
   5126 2569 2280 2279
   5127 2697 2405 2696
   5128 2405 2404 2696
   5129 2450 2742 2451
   5130 2452 2743 2744
   5131 2742 2743 2451
   5132 2613 2614 2323
   5133 2614 2324 2323
   5134 2282 2281 2571
   5135 2570 2281 2280
   5136 2569 2570 2280
   5137 2406 2697 2698
   5138 2697 2406 2405
   5139 2741 2450 2449
   5140 2450 2741 2742
   5141 2283 2282 2572
   5142 2613 2322 2612
   5143 2322 2613 2323
   5144 2281 2570 2571
   5145 2282 2571 2572
   5146 2407 2698 2699
   5147 2406 2698 2407
   5148 2739 2448 2447
   5149 2740 2449 2448
   5150 2741 2449 2740
   5151 2572 2573 2283
   5152 2283 2573 2284
   5153 2322 2321 2612
   5154 2321 2611 2612
   5155 2699 2700 2408
   5156 2408 2407 2699
   5157 2447 2446 2739
   5158 2739 2740 2448
   5159 2573 2574 2284
   5160 2320 2611 2321
   5161 2611 2320 2610
   5162 2284 2574 2285
   5163 2701 2409 2700
   5164 2700 2409 2408
   5165 2738 2446 2445
   5166 2446 2738 2739
   5167 2609 2610 2319
   5168 2610 2320 2319
   5169 2286 2285 2575
   5170 2285 2574 2575
   5171 2410 2701 2702
   5172 2701 2410 2409
   5173 2445 2444 2737
   5174 2738 2445 2737
   5175 2287 2286 2576
   5176 2609 2318 2608
   5177 2318 2609 2319
   5178 2286 2575 2576
   5179 2411 2702 2703
   5180 2410 2702 2411
   5181 2444 2443 2736
   5182 2737 2444 2736
   5183 2287 2576 2577
   5184 2608 2318 2317
   5185 2317 2607 2608
   5186 2412 2703 2704
   5187 2412 2411 2703
   5188 2443 2442 2735
   5189 2735 2736 2443
   5190 2288 2287 2577
   5191 2316 2606 2607
   5192 2317 2316 2607
   5193 2705 2413 2704
   5194 2413 2412 2704
   5195 2734 2442 2441
   5196 2442 2734 2735
   5197 2577 2578 2288
   5198 2316 2315 2606
   5199 2315 2605 2606
   5200 2578 2289 2288
   5201 2414 2705 2706
   5202 2705 2414 2413
   5203 2441 2733 2734
   5204 2290 2289 2579
   5205 2605 2314 2604
   5206 2314 2605 2315
   5207 2289 2578 2579
   5208 2415 2706 2707
   5209 2414 2706 2415
   5210 2733 2441 2440
   5211 2290 2579 2580
   5212 2604 2314 2313
   5213 2313 2603 2604
   5214 2291 2290 2580
   5215 2707 2708 2416
   5216 2416 2415 2707
   5217 2439 2732 2440
   5218 2733 2440 2732
   5219 2312 2602 2603
   5220 2313 2312 2603
   5221 2580 2581 2291
   5222 2709 2417 2708
   5223 2708 2417 2416
   5224 2439 2438 2731
   5225 2731 2732 2439
   5226 2292 2291 2581
   5227 2601 2602 2312
   5228 2418 2709 2710
   5229 2709 2418 2417
   5230 2438 2730 2731
   5231 2582 2292 2581
   5232 2292 2582 2293
   5233 2311 2601 2312
   5234 2601 2311 2600
   5235 2419 2710 2711
   5236 2418 2710 2419
   5237 2729 2438 2437
   5238 2730 2438 2729
   5239 2293 2582 2583
   5240 2310 2600 2311
   5241 2310 2599 2600
   5242 2294 2293 2583
   5243 2420 2711 2712
   5244 2420 2419 2711
   5245 2437 2436 2728
   5246 2437 2728 2729
   5247 2599 2309 2598
   5248 2599 2310 2309
   5249 2294 2583 2584
   5250 2713 2421 2712
   5251 2421 2420 2712
   5252 2727 2436 2435
   5253 2436 2727 2728
   5254 2584 2295 2294
   5255 2309 2308 2598
   5256 2597 2598 2308
   5257 2422 2713 2714
   5258 2713 2422 2421
   5259 2434 2726 2435
   5260 2726 2727 2435
   5261 2585 2295 2584
   5262 2597 2307 2596
   5263 2307 2597 2308
   5264 2423 2714 2715
   5265 2422 2714 2423
   5266 2434 2725 2726
   5267 2585 2586 2296
   5268 2295 2585 2296
   5269 2306 2596 2307
   5270 2306 2595 2596
   5271 2715 2716 2424
   5272 2424 2423 2715
   5273 2725 2434 2433
   5274 2587 2297 2586
   5275 2297 2296 2586
   5276 2595 2305 2594
   5277 2595 2306 2305
   5278 2717 2425 2716
   5279 2716 2425 2424
   5280 2724 2433 2432
   5281 2725 2433 2724
   5282 2298 2587 2588
   5283 2297 2587 2298
   5284 2305 2304 2594
   5285 2593 2594 2304
   5286 2426 2717 2718
   5287 2717 2426 2425
   5288 2723 2432 2431
   5289 2723 2724 2432
   5290 2589 2299 2588
   5291 2588 2299 2298
   5292 2593 2303 2592
   5293 2303 2593 2304
   5294 2427 2718 2719
   5295 2426 2718 2427
   5296 2430 2722 2431
   5297 2722 2723 2431
   5298 2589 2590 2300
   5299 2299 2589 2300
   5300 2302 2592 2303
   5301 2302 2591 2592
   5302 2428 2719 2720
   5303 2428 2427 2719
   5304 2721 2430 2429
   5305 2722 2430 2721
   5306 2591 2301 2590
   5307 2301 2300 2590
   5308 2591 2302 2301
   5309 2429 2720 2721
   5310 2429 2428 2720
   5311 2803 2511 2802
   5312 2511 2803 2804
   5313 2802 3096 2803
   5314 2512 2511 2804
   5315 3096 2802 2801
   5316 2805 2512 2804
   5317 2655 2654 2948
   5318 2656 2655 2949
   5319 3096 2801 3095
   5320 2805 2513 2512
   5321 2948 2654 2947
   5322 2949 2655 2948
   5323 2656 2949 2950
   5324 3095 2801 2800
   5325 2513 2805 2806
   5326 2947 2654 2653
   5327 2514 2513 2806
   5328 2950 2657 2656
   5329 2800 2799 3094
   5330 3094 3095 2800
   5331 2946 2947 2653
   5332 2515 2514 2807
   5333 2806 2807 2514
   5334 2951 2657 2950
   5335 2799 3093 3094
   5336 2946 2653 2652
   5337 2808 2515 2807
   5338 2658 2657 2951
   5339 3093 2799 2798
   5340 2515 2808 2516
   5341 2945 2946 2652
   5342 2658 2951 2952
   5343 3092 2798 2797
   5344 3092 3093 2798
   5345 2808 2809 2516
   5346 2809 2517 2516
   5347 2652 2651 2945
   5348 2945 2651 2944
   5349 2953 2659 2952
   5350 2658 2952 2659
   5351 3091 2797 2796
   5352 3091 3092 2797
   5353 2809 2810 2517
   5354 2517 2810 2518
   5355 2519 2518 2811
   5356 2651 2650 2944
   5357 2944 2650 2943
   5358 2954 2660 2953
   5359 2953 2660 2659
   5360 2796 2795 3090
   5361 3090 3091 2796
   5362 2810 2811 2518
   5363 2520 2519 2812
   5364 2812 2519 2811
   5365 2943 2649 2942
   5366 2943 2650 2649
   5367 2954 2955 2661
   5368 2660 2954 2661
   5369 3089 2795 2794
   5370 2795 3089 3090
   5371 2813 2520 2812
   5372 2520 2813 2521
   5373 2522 2521 2814
   5374 2523 2522 2815
   5375 2648 2941 2942
   5376 2648 2942 2649
   5377 2662 2955 2956
   5378 2662 2661 2955
   5379 3087 2793 2792
   5380 2792 2791 3086
   5381 3088 2794 2793
   5382 3088 3089 2794
   5383 2521 2813 2814
   5384 2814 2815 2522
   5385 2816 2523 2815
   5386 2524 2523 2816
   5387 2817 2525 2524
   5388 2648 2647 2941
   5389 2941 2647 2940
   5390 2957 2663 2956
   5391 2662 2956 2663
   5392 3083 2789 2788
   5393 3084 2790 2789
   5394 3087 3088 2793
   5395 3086 3087 2792
   5396 3085 2791 2790
   5397 2791 3085 3086
   5398 2817 2524 2816
   5399 2817 2818 2525
   5400 2525 2818 2526
   5401 2647 2646 2940
   5402 2940 2646 2939
   5403 2527 2526 2819
   5404 2958 2664 2957
   5405 2957 2664 2663
   5406 3081 2787 2786
   5407 2785 3080 2786
   5408 2788 2787 3082
   5409 3083 3084 2789
   5410 3082 3083 2788
   5411 3084 3085 2790
   5412 2818 2819 2526
   5413 2938 2939 2645
   5414 2939 2646 2645
   5415 2528 2527 2820
   5416 2821 2529 2528
   5417 2820 2527 2819
   5418 2959 2665 2958
   5419 2665 2664 2958
   5420 2785 2784 3079
   5421 2787 3081 3082
   5422 3080 3081 2786
   5423 3080 2785 3079
   5424 2530 2529 2822
   5425 2823 2531 2530
   5426 2937 2938 2644
   5427 2938 2645 2644
   5428 2821 2528 2820
   5429 2529 2821 2822
   5430 2666 2959 2960
   5431 2666 2665 2959
   5432 2784 2783 3078
   5433 3077 2783 2782
   5434 3078 3079 2784
   5435 2530 2822 2823
   5436 2531 2824 2532
   5437 2824 2531 2823
   5438 2825 2533 2532
   5439 2644 2643 2937
   5440 2937 2643 2936
   5441 2961 2667 2960
   5442 2666 2960 2667
   5443 3075 2781 2780
   5444 3076 2782 2781
   5445 2783 3077 3078
   5446 3076 3077 2782
   5447 2824 2825 2532
   5448 2825 2826 2533
   5449 2826 2534 2533
   5450 2643 2642 2936
   5451 2936 2642 2935
   5452 2535 2534 2827
   5453 2962 2668 2961
   5454 2961 2668 2667
   5455 3073 2779 2778
   5456 2779 3074 2780
   5457 3075 3076 2781
   5458 2780 3074 3075
   5459 2826 2827 2534
   5460 2935 2641 2934
   5461 2641 2935 2642
   5462 2536 2535 2828
   5463 2828 2535 2827
   5464 2962 2963 2669
   5465 2668 2962 2669
   5466 3071 2777 2776
   5467 3072 2778 2777
   5468 3074 2779 3073
   5469 3072 3073 2778
   5470 2829 2537 2536
   5471 2538 2537 2830
   5472 2640 2933 2934
   5473 2934 2641 2640
   5474 2829 2536 2828
   5475 2670 2963 2964
   5476 2670 2669 2963
   5477 2776 2775 3070
   5478 3069 2775 2774
   5479 3071 3072 2777
   5480 3070 3071 2776
   5481 2537 2829 2830
   5482 2830 2831 2538
   5483 2539 2538 2831
   5484 2640 2639 2933
   5485 2933 2639 2932
   5486 2965 2671 2964
   5487 2670 2964 2671
   5488 3068 2774 2773
   5489 2775 3069 3070
   5490 3068 3069 2774
   5491 2540 2539 2832
   5492 2832 2539 2831
   5493 2639 2638 2932
   5494 2932 2638 2931
   5495 2540 2833 2541
   5496 2966 2672 2965
   5497 2965 2672 2671
   5498 3067 2773 2772
   5499 2771 3066 2772
   5500 3067 3068 2773
   5501 2833 2540 2832
   5502 2930 2931 2637
   5503 2931 2638 2637
   5504 2541 2834 2542
   5505 2833 2834 2541
   5506 2967 2673 2966
   5507 2673 2672 2966
   5508 3065 2771 2770
   5509 3067 2772 3066
   5510 2771 3065 3066
   5511 2543 2542 2835
   5512 2929 2930 2636
   5513 2930 2637 2636
   5514 2834 2835 2542
   5515 2674 2967 2968
   5516 2674 2673 2967
   5517 2769 3064 2770
   5518 3064 3065 2770
   5519 2836 2543 2835
   5520 2544 2543 2836
   5521 2837 2545 2544
   5522 2636 2635 2929
   5523 2929 2635 2928
   5524 2969 2675 2968
   5525 2674 2968 2675
   5526 2768 2767 3062
   5527 2769 2768 3063
   5528 3064 2769 3063
   5529 2837 2544 2836
   5530 2545 2837 2838
   5531 2635 2634 2928
   5532 2928 2634 2927
   5533 2838 2546 2545
   5534 2970 2676 2969
   5535 2969 2676 2675
   5536 3061 2767 2766
   5537 2767 3061 3062
   5538 3062 3063 2768
   5539 2927 2633 2926
   5540 2633 2927 2634
   5541 2547 2546 2839
   5542 2839 2546 2838
   5543 2970 2971 2677
   5544 2676 2970 2677
   5545 3060 2766 2765
   5546 3060 3061 2766
   5547 2840 2548 2547
   5548 2925 2926 2632
   5549 2633 2632 2926
   5550 2840 2547 2839
   5551 2678 2971 2972
   5552 2678 2677 2971
   5553 3059 2765 2764
   5554 3059 3060 2765
   5555 2548 2840 2841
   5556 2549 2548 2841
   5557 2632 2631 2925
   5558 2925 2631 2924
   5559 2973 2679 2972
   5560 2678 2972 2679
   5561 2763 3058 2764
   5562 2764 3058 3059
   5563 2841 2842 2549
   5564 2631 2630 2924
   5565 2924 2630 2923
   5566 2842 2550 2549
   5567 2974 2680 2973
   5568 2679 2973 2680
   5569 3057 2763 2762
   5570 3058 2763 3057
   5571 2922 2923 2629
   5572 2923 2630 2629
   5573 2843 2551 2550
   5574 2551 2844 2552
   5575 2550 2842 2843
   5576 2975 2681 2974
   5577 2681 2680 2974
   5578 2760 3055 2761
   5579 2761 3056 2762
   5580 3056 3057 2762
   5581 2553 2552 2845
   5582 2921 2922 2628
   5583 2922 2629 2628
   5584 2844 2551 2843
   5585 2552 2844 2845
   5586 2682 2975 2976
   5587 2682 2681 2975
   5588 2759 3054 2760
   5589 3055 2760 3054
   5590 3055 3056 2761
   5591 2553 2845 2846
   5592 2554 2553 2846
   5593 2628 2627 2921
   5594 2921 2627 2920
   5595 2977 2683 2976
   5596 2976 2683 2682
   5597 3053 2759 2758
   5598 2759 3053 3054
   5599 2846 2847 2554
   5600 2627 2626 2920
   5601 2920 2626 2919
   5602 2555 2554 2847
   5603 2978 2684 2977
   5604 2683 2977 2684
   5605 3052 2758 2757
   5606 3052 3053 2758
   5607 2919 2625 2918
   5608 2625 2919 2626
   5609 2555 2848 2556
   5610 2848 2555 2847
   5611 2685 2978 2979
   5612 2684 2978 2685
   5613 3051 2757 2756
   5614 3051 3052 2757
   5615 2849 2557 2556
   5616 2850 2558 2557
   5617 2917 2918 2624
   5618 2625 2624 2918
   5619 2848 2849 2556
   5620 2686 2979 2980
   5621 2979 2686 2685
   5622 3049 2755 2754
   5623 2755 3050 2756
   5624 2756 3050 3051
   5625 2849 2850 2557
   5626 2850 2851 2558
   5627 2559 2558 2851
   5628 2624 2623 2917
   5629 2917 2623 2916
   5630 2981 2687 2980
   5631 2980 2687 2686
   5632 2753 3048 2754
   5633 3050 2755 3049
   5634 3048 3049 2754
   5635 2852 2559 2851
   5636 2623 2622 2916
   5637 2916 2622 2915
   5638 2560 2559 2852
   5639 2982 2688 2981
   5640 2687 2981 2688
   5641 2753 2752 3047
   5642 3048 2753 3047
   5643 2914 2915 2621
   5644 2621 2915 2622
   5645 2853 2561 2560
   5646 2853 2560 2852
   5647 2983 2689 2982
   5648 2689 2688 2982
   5649 2751 3046 2752
   5650 3047 2752 3046
   5651 2562 2561 2854
   5652 2563 2562 2855
   5653 2913 2914 2620
   5654 2620 2914 2621
   5655 2561 2853 2854
   5656 2690 2983 2984
   5657 2690 2689 2983
   5658 3044 2750 2749
   5659 3045 2751 2750
   5660 2751 3045 3046
   5661 2854 2855 2562
   5662 2856 2563 2855
   5663 2564 2563 2856
   5664 2620 2619 2913
   5665 2913 2619 2912
   5666 2985 2691 2984
   5667 2984 2691 2690
   5668 3043 2749 2748
   5669 3044 3045 2750
   5670 3043 3044 2749
   5671 2857 2564 2856
   5672 2857 2565 2564
   5673 2619 2618 2912
   5674 2912 2618 2911
   5675 2858 2566 2565
   5676 2986 2692 2985
   5677 2691 2985 2692
   5678 3041 2747 2746
   5679 2747 3042 2748
   5680 2748 3042 3043
   5681 2857 2858 2565
   5682 2911 2617 2910
   5683 2617 2911 2618
   5684 2567 2566 2859
   5685 2858 2859 2566
   5686 2693 2986 2987
   5687 2692 2986 2693
   5688 2745 3040 2746
   5689 3042 2747 3041
   5690 3040 3041 2746
   5691 2568 2567 2860
   5692 2909 2910 2616
   5693 2617 2616 2910
   5694 2860 2567 2859
   5695 2694 2987 2988
   5696 2987 2694 2693
   5697 2744 3039 2745
   5698 3039 3040 2745
   5699 2861 2568 2860
   5700 2861 2569 2568
   5701 2570 2569 2862
   5702 2616 2615 2909
   5703 2909 2615 2908
   5704 2989 2695 2988
   5705 2988 2695 2694
   5706 3037 2743 2742
   5707 2743 3038 2744
   5708 3039 2744 3038
   5709 2569 2861 2862
   5710 2862 2863 2570
   5711 2615 2614 2908
   5712 2908 2614 2907
   5713 2571 2570 2863
   5714 2990 2696 2989
   5715 2695 2989 2696
   5716 2741 3036 2742
   5717 2743 3037 3038
   5718 3036 3037 2742
   5719 2906 2907 2613
   5720 2613 2907 2614
   5721 2572 2571 2864
   5722 2864 2571 2863
   5723 2991 2697 2990
   5724 2697 2696 2990
   5725 2740 3035 2741
   5726 3035 3036 2741
   5727 2572 2865 2573
   5728 2905 2906 2612
   5729 2612 2906 2613
   5730 2865 2572 2864
   5731 2698 2991 2992
   5732 2698 2697 2991
   5733 2739 3034 2740
   5734 2740 3034 3035
   5735 2865 2866 2573
   5736 2573 2866 2574
   5737 2612 2611 2905
   5738 2905 2611 2904
   5739 2993 2699 2992
   5740 2992 2699 2698
   5741 3033 2739 2738
   5742 3034 2739 3033
   5743 2866 2867 2574
   5744 2611 2610 2904
   5745 2904 2610 2903
   5746 2575 2574 2867
   5747 2994 2700 2993
   5748 2699 2993 2700
   5749 2737 3032 2738
   5750 3032 3033 2738
   5751 2903 2609 2902
   5752 2609 2903 2610
   5753 2576 2575 2868
   5754 2868 2575 2867
   5755 2701 2994 2995
   5756 2700 2994 2701
   5757 2737 2736 3030
   5758 3032 2737 3031
   5759 2869 2577 2576
   5760 2902 2608 2901
   5761 2609 2608 2902
   5762 2869 2576 2868
   5763 2702 2995 2996
   5764 2995 2702 2701
   5765 2735 3029 2736
   5766 2736 3029 3030
   5767 2737 3030 3031
   5768 2577 2869 2870
   5769 2577 2870 2578
   5770 2607 2901 2608
   5771 2607 2900 2901
   5772 2997 2703 2996
   5773 2996 2703 2702
   5774 2735 2734 3028
   5775 3029 2735 3028
   5776 2871 2578 2870
   5777 2900 2606 2899
   5778 2900 2607 2606
   5779 2579 2578 2871
   5780 2998 2704 2997
   5781 2703 2997 2704
   5782 3027 2734 2733
   5783 3027 3028 2734
   5784 2606 2605 2899
   5785 2898 2899 2605
   5786 2872 2579 2871
   5787 2999 2705 2998
   5788 2705 2704 2998
   5789 2732 3026 2733
   5790 2733 3026 3027
   5791 2580 2579 2872
   5792 2898 2604 2897
   5793 2604 2898 2605
   5794 2706 2999 3000
   5795 2706 2705 2999
   5796 2731 3025 2732
   5797 3026 2732 3025
   5798 2873 2580 2872
   5799 2603 2897 2604
   5800 2603 2896 2897
   5801 2580 2873 2581
   5802 3001 2707 3000
   5803 3000 2707 2706
   5804 3025 2731 3024
   5805 2896 2603 2895
   5806 2873 2874 2581
   5807 3002 2708 3001
   5808 2707 3001 2708
   5809 2731 2730 3024
   5810 2582 2581 2874
   5811 2895 2603 2602
   5812 2602 2894 2895
   5813 2709 3002 3003
   5814 2708 3002 2709
   5815 2730 2729 3023
   5816 3023 3024 2730
   5817 2875 2582 2874
   5818 2583 2582 2875
   5819 2601 2893 2894
   5820 2602 2601 2894
   5821 2710 3003 3004
   5822 3003 2710 2709
   5823 2729 3022 3023
   5824 2876 2583 2875
   5825 2601 2600 2893
   5826 2600 2892 2893
   5827 3005 2711 3004
   5828 3004 2711 2710
   5829 2729 2728 3022
   5830 2584 2583 2876
   5831 2892 2599 2891
   5832 2599 2892 2600
   5833 3006 2712 3005
   5834 2711 3005 2712
   5835 2727 3021 2728
   5836 2728 3021 3022
   5837 2877 2584 2876
   5838 2891 2599 2598
   5839 2598 2890 2891
   5840 2584 2877 2585
   5841 3007 2713 3006
   5842 2713 2712 3006
   5843 2727 2726 3020
   5844 3021 2727 3020
   5845 2585 2877 2878
   5846 2889 2890 2597
   5847 2890 2598 2597
   5848 2714 3007 3008
   5849 2714 2713 3007
   5850 3019 3020 2726
   5851 2586 2878 2879
   5852 2586 2585 2878
   5853 2597 2596 2889
   5854 2596 2888 2889
   5855 3009 2715 3008
   5856 3008 2715 2714
   5857 3019 2726 2725
   5858 2880 2587 2879
   5859 2586 2879 2587
   5860 2888 2595 2887
   5861 2595 2888 2596
   5862 3010 2716 3009
   5863 2715 3009 2716
   5864 2724 3018 2725
   5865 2725 3018 3019
   5866 2588 2880 2881
   5867 2880 2588 2587
   5868 2887 2595 2594
   5869 2594 2886 2887
   5870 2717 3010 3011
   5871 2716 3010 2717
   5872 2723 3017 2724
   5873 3018 2724 3017
   5874 2881 2882 2589
   5875 2589 2588 2881
   5876 2593 2885 2886
   5877 2594 2593 2886
   5878 2718 3011 3012
   5879 3011 2718 2717
   5880 2722 2721 3015
   5881 2723 2722 3016
   5882 3017 2723 3016
   5883 2590 2882 2883
   5884 2882 2590 2589
   5885 2593 2592 2885
   5886 2592 2884 2885
   5887 3013 2719 3012
   5888 3012 2719 2718
   5889 2721 3014 3015
   5890 3015 3016 2722
   5891 2884 2591 2883
   5892 2883 2591 2590
   5893 2591 2884 2592
   5894 3014 2720 3013
   5895 2719 3013 2720
   5896 2721 2720 3014
   5897 3392 2803 3096
   5898 2803 3097 2804
   5899 2948 3243 2949
   5900 2803 3392 3097
   5901 3392 3096 3391
   5902 3097 3098 2804
   5903 3098 2805 2804
   5904 3243 2948 3242
   5905 3244 2949 3243
   5906 3095 3391 3096
   5907 3099 2805 3098
   5908 2948 2947 3242
   5909 3244 2950 2949
   5910 3095 3094 3390
   5911 3391 3095 3390
   5912 2805 3099 2806
   5913 3242 2947 3241
   5914 2950 3244 3245
   5915 3389 3390 3094
   5916 2806 3099 3100
   5917 2947 2946 3241
   5918 2807 2806 3100
   5919 2951 2950 3245
   5920 3093 3389 3094
   5921 2946 3240 3241
   5922 2807 3100 3101
   5923 2808 2807 3101
   5924 3246 2951 3245
   5925 3388 3389 3093
   5926 3092 3388 3093
   5927 3240 2946 2945
   5928 3101 3102 2808
   5929 3240 2945 3239
   5930 3246 2952 2951
   5931 2952 3246 3247
   5932 3091 3387 3092
   5933 3387 3388 3092
   5934 2808 3102 2809
   5935 3239 2944 3238
   5936 2944 3239 2945
   5937 3091 3090 3386
   5938 3248 2953 3247
   5939 2953 2952 3247
   5940 3387 3091 3386
   5941 3102 3103 2809
   5942 3103 2810 2809
   5943 3238 2943 3237
   5944 2944 2943 3238
   5945 3089 3385 3090
   5946 3385 3386 3090
   5947 3249 2954 3248
   5948 2954 2953 3248
   5949 2810 3103 3104
   5950 2811 2810 3104
   5951 2812 3106 2813
   5952 2812 2811 3105
   5953 2943 2942 3237
   5954 2942 3236 3237
   5955 3088 3384 3089
   5956 3384 3385 3089
   5957 3087 3383 3088
   5958 3250 2955 3249
   5959 2954 3249 2955
   5960 2811 3104 3105
   5961 2812 3105 3106
   5962 3107 2813 3106
   5963 2813 3107 2814
   5964 2941 3236 2942
   5965 3236 2941 3235
   5966 2816 2815 3109
   5967 3108 2815 2814
   5968 3383 3384 3088
   5969 3087 3086 3382
   5970 3383 3087 3382
   5971 2956 3250 3251
   5972 3250 2956 2955
   5973 3380 3085 3084
   5974 3083 3379 3084
   5975 3107 3108 2814
   5976 3235 2940 3234
   5977 3235 2941 2940
   5978 2816 3110 2817
   5979 3111 2818 2817
   5980 2815 3108 3109
   5981 3109 3110 2816
   5982 3086 3085 3381
   5983 3381 3382 3086
   5984 3252 2957 3251
   5985 2957 2956 3251
   5986 3081 3377 3082
   5987 3083 3082 3378
   5988 3085 3380 3381
   5989 3379 3380 3084
   5990 3379 3083 3378
   5991 2820 2819 3113
   5992 2819 2818 3112
   5993 3234 2939 3233
   5994 2940 2939 3234
   5995 3110 3111 2817
   5996 2818 3111 3112
   5997 3253 2958 3252
   5998 2958 2957 3252
   5999 3080 3376 3081
   6000 3079 3375 3080
   6001 3376 3377 3081
   6002 3377 3378 3082
   6003 2819 3112 3113
   6004 2820 3113 3114
   6005 2820 3114 2821
   6006 2822 2821 3115
   6007 2939 2938 3233
   6008 2938 3232 3233
   6009 3254 2959 3253
   6010 2958 3253 2959
   6011 3077 3373 3078
   6012 3374 3079 3078
   6013 3375 3376 3080
   6014 3079 3374 3375
   6015 3115 2821 3114
   6016 3116 2823 2822
   6017 3116 2822 3115
   6018 3232 2938 2937
   6019 3232 2937 3231
   6020 2824 2823 3117
   6021 2960 3254 3255
   6022 3254 2960 2959
   6023 3075 3371 3076
   6024 3076 3372 3077
   6025 3372 3373 3077
   6026 3374 3078 3373
   6027 2823 3116 3117
   6028 3230 3231 2936
   6029 2936 3231 2937
   6030 2824 3118 2825
   6031 2825 3119 2826
   6032 3117 3118 2824
   6033 3256 2961 3255
   6034 2961 2960 3255
   6035 3072 3368 3073
   6036 3073 3369 3074
   6037 3075 3074 3370
   6038 3371 3075 3370
   6039 3371 3372 3076
   6040 2828 2827 3121
   6041 3120 2827 2826
   6042 3230 2935 3229
   6043 2935 3230 2936
   6044 3118 3119 2825
   6045 3119 3120 2826
   6046 3257 2962 3256
   6047 2962 2961 3256
   6048 3071 3367 3072
   6049 3367 3368 3072
   6050 3368 3369 3073
   6051 3369 3370 3074
   6052 2827 3120 3121
   6053 3121 3122 2828
   6054 2829 2828 3122
   6055 2935 2934 3229
   6056 2934 3228 3229
   6057 3258 2963 3257
   6058 2962 3257 2963
   6059 3365 3070 3069
   6060 3366 3071 3070
   6061 3367 3071 3366
   6062 3123 2829 3122
   6063 2829 3123 2830
   6064 3228 2934 2933
   6065 3228 2933 3227
   6066 2831 2830 3124
   6067 2964 3258 3259
   6068 3258 2964 2963
   6069 3364 3069 3068
   6070 3067 3363 3068
   6071 3070 3365 3366
   6072 3364 3365 3069
   6073 2830 3123 3124
   6074 3227 2932 3226
   6075 3227 2933 2932
   6076 2832 2831 3125
   6077 2831 3124 3125
   6078 3260 2965 3259
   6079 2965 2964 3259
   6080 3067 3066 3362
   6081 3363 3364 3068
   6082 3363 3067 3362
   6083 3126 2833 2832
   6084 3127 2834 2833
   6085 3226 2931 3225
   6086 2932 2931 3226
   6087 3125 3126 2832
   6088 3261 2966 3260
   6089 2966 2965 3260
   6090 3065 3361 3066
   6091 3064 3360 3065
   6092 3361 3362 3066
   6093 3126 3127 2833
   6094 2834 3127 3128
   6095 2835 2834 3128
   6096 2931 2930 3225
   6097 2930 3224 3225
   6098 3262 2967 3261
   6099 2966 3261 2967
   6100 3063 3359 3064
   6101 3360 3361 3065
   6102 3359 3360 3064
   6103 2835 3128 3129
   6104 3224 2930 2929
   6105 3224 2929 3223
   6106 2836 2835 3129
   6107 2968 3262 3263
   6108 3262 2968 2967
   6109 3358 3063 3062
   6110 3063 3358 3359
   6111 3222 3223 2928
   6112 2928 3223 2929
   6113 3131 2838 2837
   6114 2836 3130 2837
   6115 2836 3129 3130
   6116 3264 2969 3263
   6117 2969 2968 3263
   6118 3357 3062 3061
   6119 3358 3062 3357
   6120 2839 2838 3132
   6121 3222 2927 3221
   6122 2927 3222 2928
   6123 2838 3131 3132
   6124 3131 2837 3130
   6125 3265 2970 3264
   6126 2970 2969 3264
   6127 3356 3061 3060
   6128 3059 3355 3060
   6129 3356 3357 3061
   6130 2839 3132 3133
   6131 3133 2840 2839
   6132 2927 2926 3221
   6133 2926 3220 3221
   6134 3266 2971 3265
   6135 2970 3265 2971
   6136 3354 3059 3058
   6137 3355 3356 3060
   6138 3355 3059 3354
   6139 3134 2840 3133
   6140 2925 3220 2926
   6141 3220 2925 3219
   6142 2840 3134 2841
   6143 2972 3266 3267
   6144 2971 3266 2972
   6145 3057 3353 3058
   6146 3058 3353 3354
   6147 3218 3219 2924
   6148 3219 2925 2924
   6149 2842 2841 3135
   6150 3134 3135 2841
   6151 3268 2973 3267
   6152 2973 2972 3267
   6153 3056 3352 3057
   6154 3352 3353 3057
   6155 3136 2843 2842
   6156 3218 2923 3217
   6157 2923 3218 2924
   6158 3136 2842 3135
   6159 3269 2974 3268
   6160 2974 2973 3268
   6161 3055 3351 3056
   6162 3351 3352 3056
   6163 2843 3137 2844
   6164 2843 3136 3137
   6165 2845 2844 3138
   6166 2923 2922 3217
   6167 2922 3216 3217
   6168 3270 2975 3269
   6169 3269 2975 2974
   6170 3350 3055 3054
   6171 3055 3350 3351
   6172 3138 2844 3137
   6173 3139 2845 3138
   6174 3216 2922 2921
   6175 3216 2921 3215
   6176 2845 3139 2846
   6177 2976 3270 3271
   6178 2975 3270 2976
   6179 3054 3053 3349
   6180 3348 3053 3052
   6181 3350 3054 3349
   6182 3214 3215 2920
   6183 2920 3215 2921
   6184 3140 2847 2846
   6185 3139 3140 2846
   6186 3271 3272 2977
   6187 2976 3271 2977
   6188 3051 3347 3052
   6189 3053 3348 3349
   6190 3347 3348 3052
   6191 2848 2847 3141
   6192 3214 2919 3213
   6193 2919 3214 2920
   6194 2847 3140 3141
   6195 3273 2978 3272
   6196 2978 2977 3272
   6197 3346 3051 3050
   6198 3347 3051 3346
   6199 3141 3142 2848
   6200 2848 3142 2849
   6201 2919 2918 3213
   6202 2918 3212 3213
   6203 3274 2979 3273
   6204 3273 2979 2978
   6205 3049 3345 3050
   6206 3050 3345 3346
   6207 3142 3143 2849
   6208 2849 3143 2850
   6209 2917 3212 2918
   6210 3212 2917 3211
   6211 3144 2851 2850
   6212 2980 3274 3275
   6213 2979 3274 2980
   6214 3048 3344 3049
   6215 3047 3343 3048
   6216 3344 3345 3049
   6217 3143 3144 2850
   6218 3210 3211 2916
   6219 3211 2917 2916
   6220 2852 2851 3145
   6221 2851 3144 3145
   6222 3276 2981 3275
   6223 2981 2980 3275
   6224 3342 3047 3046
   6225 3343 3344 3048
   6226 3047 3342 3343
   6227 2853 2852 3146
   6228 3210 2915 3209
   6229 2915 3210 2916
   6230 3145 3146 2852
   6231 3277 2982 3276
   6232 2982 2981 3276
   6233 3341 3046 3045
   6234 3342 3046 3341
   6235 3147 2853 3146
   6236 2853 3147 2854
   6237 2855 2854 3148
   6238 2915 2914 3209
   6239 2914 3208 3209
   6240 3278 2983 3277
   6241 3277 2983 2982
   6242 3340 3045 3044
   6243 3340 3341 3045
   6244 2854 3147 3148
   6245 2855 3148 3149
   6246 2913 3208 2914
   6247 3208 2913 3207
   6248 2856 2855 3149
   6249 2984 3278 3279
   6250 2983 3278 2984
   6251 3338 3043 3042
   6252 3043 3339 3044
   6253 3339 3340 3044
   6254 3206 3207 2912
   6255 3207 2913 2912
   6256 2856 3150 2857
   6257 3149 3150 2856
   6258 3279 3280 2985
   6259 2984 3279 2985
   6260 3041 3337 3042
   6261 3339 3043 3338
   6262 3042 3337 3338
   6263 2857 3151 2858
   6264 2859 2858 3152
   6265 3206 2911 3205
   6266 2911 3206 2912
   6267 3150 3151 2857
   6268 3281 2986 3280
   6269 2986 2985 3280
   6270 3039 3335 3040
   6271 3040 3336 3041
   6272 3336 3337 3041
   6273 2858 3151 3152
   6274 2859 3152 3153
   6275 2860 2859 3153
   6276 2911 2910 3205
   6277 2910 3204 3205
   6278 3282 2987 3281
   6279 3281 2987 2986
   6280 3334 3039 3038
   6281 3039 3334 3335
   6282 3335 3336 3040
   6283 3153 3154 2860
   6284 2909 3204 2910
   6285 3204 2909 3203
   6286 2861 2860 3154
   6287 2988 3282 3283
   6288 2987 3282 2988
   6289 3038 3037 3333
   6290 3334 3038 3333
   6291 3202 3203 2908
   6292 3203 2909 2908
   6293 2863 2862 3156
   6294 2861 3155 2862
   6295 3155 2861 3154
   6296 3284 2989 3283
   6297 2989 2988 3283
   6298 3035 3331 3036
   6299 3332 3037 3036
   6300 3037 3332 3333
   6301 2863 3158 2864
   6302 3202 2907 3201
   6303 2907 3202 2908
   6304 2862 3155 3156
   6305 2863 3156 3157
   6306 3285 2990 3284
   6307 2990 2989 3284
   6308 3330 3035 3034
   6309 3331 3035 3330
   6310 3331 3332 3036
   6311 3158 2863 3157
   6312 3158 3159 2864
   6313 2864 3159 2865
   6314 2907 2906 3201
   6315 2906 3200 3201
   6316 3286 2991 3285
   6317 3285 2991 2990
   6318 3329 3034 3033
   6319 3034 3329 3330
   6320 2865 3159 3160
   6321 2905 3200 2906
   6322 3200 2905 3199
   6323 3160 2866 2865
   6324 2992 3286 3287
   6325 2991 3286 2992
   6326 3328 3033 3032
   6327 3328 3329 3033
   6328 3198 3199 2904
   6329 3199 2905 2904
   6330 2867 2866 3161
   6331 3161 2866 3160
   6332 3287 3288 2993
   6333 2992 3287 2993
   6334 3031 3327 3032
   6335 3327 3328 3032
   6336 2868 2867 3162
   6337 3198 2903 3197
   6338 2903 3198 2904
   6339 3162 2867 3161
   6340 3289 2994 3288
   6341 2994 2993 3288
   6342 3326 3031 3030
   6343 3031 3326 3327
   6344 3163 2868 3162
   6345 2868 3163 2869
   6346 2903 2902 3197
   6347 2902 3196 3197
   6348 3290 2995 3289
   6349 3289 2995 2994
   6350 3030 3029 3325
   6351 3326 3030 3325
   6352 2869 3163 3164
   6353 2901 3196 2902
   6354 2901 3195 3196
   6355 3164 2870 2869
   6356 2996 3290 3291
   6357 2995 3290 2996
   6358 3324 3029 3028
   6359 3029 3324 3325
   6360 2901 2900 3195
   6361 2900 3194 3195
   6362 2871 2870 3165
   6363 3165 2870 3164
   6364 3292 2997 3291
   6365 2997 2996 3291
   6366 3027 3323 3028
   6367 3323 3324 3028
   6368 2871 3166 2872
   6369 3194 2899 3193
   6370 2899 3194 2900
   6371 3166 2871 3165
   6372 3293 2998 3292
   6373 2998 2997 3292
   6374 3323 3027 3322
   6375 3166 3167 2872
   6376 2872 3167 2873
   6377 3193 2899 2898
   6378 2898 3192 3193
   6379 3294 2999 3293
   6380 3293 2999 2998
   6381 3322 3027 3026
   6382 2873 3167 3168
   6383 2897 3191 3192
   6384 2898 2897 3192
   6385 3000 3294 3295
   6386 2999 3294 3000
   6387 3321 3026 3025
   6388 3026 3321 3322
   6389 3168 2874 2873
   6390 2897 2896 3191
   6391 2896 3190 3191
   6392 3295 3296 3001
   6393 3000 3295 3001
   6394 3320 3025 3024
   6395 3320 3321 3025
   6396 3169 2874 3168
   6397 3190 2895 3189
   6398 2895 3190 2896
   6399 3297 3002 3296
   6400 3002 3001 3296
   6401 3319 3320 3024
   6402 2875 2874 3169
   6403 3189 2895 2894
   6404 2894 3188 3189
   6405 3298 3003 3297
   6406 3297 3003 3002
   6407 3023 3319 3024
   6408 3170 2875 3169
   6409 2876 2875 3170
   6410 2893 3187 3188
   6411 2894 2893 3188
   6412 3004 3298 3299
   6413 3003 3298 3004
   6414 3318 3023 3022
   6415 3023 3318 3319
   6416 3171 2876 3170
   6417 2876 3171 2877
   6418 2893 2892 3187
   6419 2892 3186 3187
   6420 3300 3005 3299
   6421 3005 3004 3299
   6422 3022 3021 3317
   6423 3318 3022 3317
   6424 2877 3171 3172
   6425 2878 2877 3172
   6426 3186 2891 3185
   6427 2891 3186 2892
   6428 3301 3006 3300
   6429 3006 3005 3300
   6430 3316 3021 3020
   6431 3021 3316 3317
   6432 2878 3172 3173
   6433 3185 2891 2890
   6434 2890 3184 3185
   6435 3302 3006 3301
   6436 3315 3316 3020
   6437 2878 3173 2879
   6438 2889 3183 3184
   6439 2890 2889 3184
   6440 3007 3302 3303
   6441 3302 3007 3006
   6442 3019 3315 3020
   6443 3174 2879 3173
   6444 2889 2888 3183
   6445 2888 3182 3183
   6446 3008 3303 3304
   6447 3007 3303 3008
   6448 3315 3019 3314
   6449 2880 3174 3175
   6450 3174 2880 2879
   6451 2881 2880 3175
   6452 3182 2887 3181
   6453 2887 3182 2888
   6454 3304 3305 3009
   6455 3009 3008 3304
   6456 3314 3019 3018
   6457 3018 3313 3314
   6458 2881 3175 3176
   6459 2882 2881 3176
   6460 3181 2887 2886
   6461 2886 3180 3181
   6462 3177 2883 2882
   6463 3306 3010 3305
   6464 3305 3010 3009
   6465 3312 3313 3017
   6466 3313 3018 3017
   6467 2882 3176 3177
   6468 2885 3179 3180
   6469 2886 2885 3180
   6470 3178 2883 3177
   6471 3011 3306 3307
   6472 3306 3011 3010
   6473 3312 3017 3016
   6474 3311 3312 3016
   6475 2885 2884 3179
   6476 2884 3178 3179
   6477 2883 3178 2884
   6478 3012 3307 3308
   6479 3011 3307 3012
   6480 3015 3311 3016
   6481 3015 3310 3311
   6482 3013 3308 3309
   6483 3013 3012 3308
   6484 3310 3014 3309
   6485 3310 3015 3014
   6486 3014 3013 3309
   6487 3393 3097 3392
   6488 3098 3097 3394
   6489 3689 3392 3391
   6490 3097 3393 3394
   6491 3392 3690 3393
   6492 3395 3098 3394
   6493 3242 3539 3243
   6494 3540 3244 3243
   6495 3690 3392 3689
   6496 3689 3391 3688
   6497 3395 3099 3098
   6498 3242 3538 3539
   6499 3243 3539 3540
   6500 3391 3390 3688
   6501 3541 3244 3540
   6502 3099 3395 3396
   6503 3100 3099 3396
   6504 3242 3241 3538
   6505 3389 3687 3390
   6506 3687 3688 3390
   6507 3245 3244 3541
   6508 3101 3100 3397
   6509 3396 3397 3100
   6510 3241 3537 3538
   6511 3687 3389 3686
   6512 3245 3541 3542
   6513 3398 3101 3397
   6514 3241 3240 3537
   6515 3389 3388 3686
   6516 3542 3246 3245
   6517 3101 3398 3102
   6518 3537 3240 3536
   6519 3388 3387 3685
   6520 3685 3686 3388
   6521 3543 3246 3542
   6522 3398 3399 3102
   6523 3399 3103 3102
   6524 3240 3239 3536
   6525 3535 3536 3239
   6526 3684 3387 3386
   6527 3387 3684 3685
   6528 3247 3246 3543
   6529 3543 3544 3247
   6530 3399 3400 3103
   6531 3103 3400 3104
   6532 3105 3104 3401
   6533 3238 3535 3239
   6534 3238 3534 3535
   6535 3683 3684 3386
   6536 3385 3683 3386
   6537 3248 3544 3545
   6538 3544 3248 3247
   6539 3400 3401 3104
   6540 3106 3105 3402
   6541 3402 3105 3401
   6542 3238 3237 3534
   6543 3237 3533 3534
   6544 3385 3384 3682
   6545 3683 3385 3682
   6546 3249 3545 3546
   6547 3248 3545 3249
   6548 3403 3106 3402
   6549 3106 3403 3107
   6550 3404 3108 3107
   6551 3109 3108 3405
   6552 3532 3533 3236
   6553 3237 3236 3533
   6554 3383 3382 3680
   6555 3381 3679 3382
   6556 3383 3681 3384
   6557 3681 3682 3384
   6558 3547 3250 3546
   6559 3546 3250 3249
   6560 3403 3404 3107
   6561 3404 3405 3108
   6562 3110 3109 3406
   6563 3406 3109 3405
   6564 3407 3111 3110
   6565 3531 3532 3235
   6566 3235 3532 3236
   6567 3679 3680 3382
   6568 3681 3383 3680
   6569 3679 3381 3678
   6570 3381 3380 3678
   6571 3547 3548 3251
   6572 3251 3250 3547
   6573 3676 3379 3378
   6574 3379 3677 3380
   6575 3407 3110 3406
   6576 3407 3408 3111
   6577 3111 3408 3112
   6578 3234 3531 3235
   6579 3234 3530 3531
   6580 3677 3678 3380
   6581 3252 3548 3549
   6582 3548 3252 3251
   6583 3377 3675 3378
   6584 3377 3376 3674
   6585 3379 3676 3677
   6586 3676 3378 3675
   6587 3113 3112 3409
   6588 3408 3409 3112
   6589 3234 3233 3530
   6590 3233 3529 3530
   6591 3114 3113 3410
   6592 3411 3115 3114
   6593 3253 3549 3550
   6594 3252 3549 3253
   6595 3375 3374 3672
   6596 3375 3673 3376
   6597 3675 3377 3674
   6598 3673 3674 3376
   6599 3410 3113 3409
   6600 3529 3232 3528
   6601 3233 3232 3529
   6602 3116 3115 3412
   6603 3413 3117 3116
   6604 3411 3114 3410
   6605 3115 3411 3412
   6606 3551 3254 3550
   6607 3550 3254 3253
   6608 3373 3372 3670
   6609 3373 3671 3374
   6610 3671 3672 3374
   6611 3673 3375 3672
   6612 3415 3119 3118
   6613 3117 3414 3118
   6614 3527 3528 3231
   6615 3232 3231 3528
   6616 3116 3412 3413
   6617 3414 3117 3413
   6618 3551 3552 3255
   6619 3255 3254 3551
   6620 3371 3370 3668
   6621 3669 3372 3371
   6622 3669 3670 3372
   6623 3671 3373 3670
   6624 3415 3416 3119
   6625 3414 3415 3118
   6626 3416 3120 3119
   6627 3121 3120 3417
   6628 3230 3527 3231
   6629 3230 3526 3527
   6630 3256 3552 3553
   6631 3552 3256 3255
   6632 3369 3368 3666
   6633 3367 3665 3368
   6634 3369 3667 3370
   6635 3370 3667 3668
   6636 3668 3669 3371
   6637 3416 3417 3120
   6638 3418 3121 3417
   6639 3122 3121 3418
   6640 3230 3229 3526
   6641 3229 3525 3526
   6642 3419 3123 3122
   6643 3257 3553 3554
   6644 3256 3553 3257
   6645 3365 3663 3366
   6646 3367 3366 3664
   6647 3665 3666 3368
   6648 3667 3369 3666
   6649 3665 3367 3664
   6650 3419 3122 3418
   6651 3524 3525 3228
   6652 3229 3228 3525
   6653 3420 3124 3123
   6654 3419 3420 3123
   6655 3555 3258 3554
   6656 3554 3258 3257
   6657 3365 3364 3662
   6658 3663 3365 3662
   6659 3663 3664 3366
   6660 3126 3125 3422
   6661 3125 3124 3421
   6662 3227 3523 3524
   6663 3228 3227 3524
   6664 3420 3421 3124
   6665 3259 3555 3556
   6666 3259 3258 3555
   6667 3362 3660 3363
   6668 3661 3364 3363
   6669 3661 3662 3364
   6670 3422 3125 3421
   6671 3423 3126 3422
   6672 3126 3423 3127
   6673 3523 3227 3226
   6674 3226 3522 3523
   6675 3260 3556 3557
   6676 3260 3259 3556
   6677 3361 3659 3362
   6678 3660 3362 3659
   6679 3363 3660 3661
   6680 3423 3424 3127
   6681 3128 3127 3424
   6682 3226 3225 3522
   6683 3225 3521 3522
   6684 3129 3128 3425
   6685 3261 3557 3558
   6686 3260 3557 3261
   6687 3359 3657 3360
   6688 3361 3360 3658
   6689 3659 3361 3658
   6690 3425 3128 3424
   6691 3521 3224 3520
   6692 3225 3224 3521
   6693 3130 3129 3426
   6694 3426 3129 3425
   6695 3559 3262 3558
   6696 3558 3262 3261
   6697 3359 3358 3656
   6698 3657 3359 3656
   6699 3657 3658 3360
   6700 3427 3131 3130
   6701 3519 3520 3223
   6702 3224 3223 3520
   6703 3427 3130 3426
   6704 3559 3560 3263
   6705 3263 3262 3559
   6706 3357 3655 3358
   6707 3655 3656 3358
   6708 3131 3427 3428
   6709 3131 3428 3132
   6710 3222 3519 3223
   6711 3222 3518 3519
   6712 3264 3560 3561
   6713 3560 3264 3263
   6714 3357 3356 3654
   6715 3356 3355 3653
   6716 3655 3357 3654
   6717 3429 3132 3428
   6718 3133 3132 3429
   6719 3222 3221 3518
   6720 3221 3517 3518
   6721 3134 3133 3430
   6722 3265 3561 3562
   6723 3264 3561 3265
   6724 3355 3354 3652
   6725 3653 3654 3356
   6726 3355 3652 3653
   6727 3430 3133 3429
   6728 3516 3517 3220
   6729 3221 3220 3517
   6730 3134 3431 3135
   6731 3431 3134 3430
   6732 3563 3266 3562
   6733 3562 3266 3265
   6734 3353 3651 3354
   6735 3652 3354 3651
   6736 3432 3136 3135
   6737 3515 3516 3219
   6738 3516 3220 3219
   6739 3431 3432 3135
   6740 3563 3564 3267
   6741 3267 3266 3563
   6742 3353 3352 3650
   6743 3651 3353 3650
   6744 3136 3432 3433
   6745 3433 3137 3136
   6746 3515 3219 3218
   6747 3218 3514 3515
   6748 3268 3564 3565
   6749 3564 3268 3267
   6750 3351 3649 3352
   6751 3649 3650 3352
   6752 3434 3137 3433
   6753 3218 3217 3514
   6754 3217 3513 3514
   6755 3137 3434 3138
   6756 3269 3565 3566
   6757 3565 3269 3268
   6758 3648 3351 3350
   6759 3649 3351 3648
   6760 3512 3513 3216
   6761 3217 3216 3513
   6762 3139 3138 3435
   6763 3138 3434 3435
   6764 3567 3270 3566
   6765 3269 3566 3270
   6766 3349 3348 3646
   6767 3349 3647 3350
   6768 3350 3647 3648
   6769 3436 3140 3139
   6770 3141 3140 3437
   6771 3511 3512 3215
   6772 3215 3512 3216
   6773 3435 3436 3139
   6774 3568 3271 3567
   6775 3270 3567 3271
   6776 3645 3348 3347
   6777 3645 3646 3348
   6778 3647 3349 3646
   6779 3436 3437 3140
   6780 3438 3141 3437
   6781 3141 3438 3142
   6782 3214 3511 3215
   6783 3214 3510 3511
   6784 3272 3568 3569
   6785 3568 3272 3271
   6786 3346 3644 3347
   6787 3347 3644 3645
   6788 3438 3439 3142
   6789 3214 3213 3510
   6790 3213 3509 3510
   6791 3439 3143 3142
   6792 3273 3569 3570
   6793 3569 3273 3272
   6794 3345 3643 3346
   6795 3644 3346 3643
   6796 3508 3509 3212
   6797 3213 3212 3509
   6798 3440 3144 3143
   6799 3439 3440 3143
   6800 3571 3274 3570
   6801 3273 3570 3274
   6802 3345 3344 3642
   6803 3643 3345 3642
   6804 3146 3145 3442
   6805 3145 3144 3441
   6806 3211 3507 3508
   6807 3212 3211 3508
   6808 3440 3441 3144
   6809 3275 3571 3572
   6810 3275 3274 3571
   6811 3640 3343 3342
   6812 3343 3641 3344
   6813 3641 3642 3344
   6814 3442 3145 3441
   6815 3443 3146 3442
   6816 3443 3147 3146
   6817 3507 3211 3210
   6818 3210 3506 3507
   6819 3276 3572 3573
   6820 3276 3275 3572
   6821 3341 3639 3342
   6822 3641 3343 3640
   6823 3342 3639 3640
   6824 3147 3443 3444
   6825 3210 3209 3506
   6826 3209 3505 3506
   6827 3148 3147 3444
   6828 3277 3573 3574
   6829 3573 3277 3276
   6830 3341 3340 3638
   6831 3639 3341 3638
   6832 3504 3505 3208
   6833 3209 3208 3505
   6834 3150 3149 3446
   6835 3149 3148 3445
   6836 3444 3445 3148
   6837 3575 3278 3574
   6838 3277 3574 3278
   6839 3340 3339 3637
   6840 3339 3338 3636
   6841 3637 3638 3340
   6842 3447 3151 3150
   6843 3503 3504 3207
   6844 3504 3208 3207
   6845 3446 3149 3445
   6846 3447 3150 3446
   6847 3576 3279 3575
   6848 3278 3575 3279
   6849 3337 3635 3338
   6850 3637 3339 3636
   6851 3636 3338 3635
   6852 3447 3448 3151
   6853 3448 3152 3151
   6854 3503 3207 3206
   6855 3206 3502 3503
   6856 3280 3576 3577
   6857 3576 3280 3279
   6858 3337 3336 3634
   6859 3635 3337 3634
   6860 3448 3449 3152
   6861 3153 3152 3449
   6862 3206 3205 3502
   6863 3205 3501 3502
   6864 3154 3153 3450
   6865 3281 3577 3578
   6866 3577 3281 3280
   6867 3335 3633 3336
   6868 3334 3632 3335
   6869 3633 3634 3336
   6870 3450 3153 3449
   6871 3500 3501 3204
   6872 3205 3204 3501
   6873 3451 3155 3154
   6874 3451 3154 3450
   6875 3579 3282 3578
   6876 3281 3578 3282
   6877 3333 3631 3334
   6878 3633 3335 3632
   6879 3334 3631 3632
   6880 3452 3156 3155
   6881 3499 3500 3203
   6882 3500 3204 3203
   6883 3451 3452 3155
   6884 3579 3580 3283
   6885 3283 3282 3579
   6886 3332 3331 3629
   6887 3333 3332 3630
   6888 3631 3333 3630
   6889 3452 3453 3156
   6890 3157 3156 3453
   6891 3158 3157 3454
   6892 3499 3203 3202
   6893 3202 3498 3499
   6894 3284 3580 3581
   6895 3580 3284 3283
   6896 3330 3628 3331
   6897 3628 3629 3331
   6898 3629 3630 3332
   6899 3454 3157 3453
   6900 3455 3158 3454
   6901 3202 3201 3498
   6902 3201 3497 3498
   6903 3158 3455 3159
   6904 3285 3581 3582
   6905 3581 3285 3284
   6906 3329 3627 3330
   6907 3628 3330 3627
   6908 3496 3497 3200
   6909 3201 3200 3497
   6910 3160 3159 3456
   6911 3455 3456 3159
   6912 3583 3286 3582
   6913 3285 3582 3286
   6914 3329 3328 3626
   6915 3627 3329 3626
   6916 3161 3160 3457
   6917 3495 3496 3199
   6918 3496 3200 3199
   6919 3457 3160 3456
   6920 3584 3287 3583
   6921 3286 3583 3287
   6922 3625 3328 3327
   6923 3625 3626 3328
   6924 3458 3161 3457
   6925 3162 3161 3458
   6926 3495 3199 3198
   6927 3198 3494 3495
   6928 3287 3584 3585
   6929 3326 3624 3327
   6930 3625 3327 3624
   6931 3459 3162 3458
   6932 3198 3197 3494
   6933 3494 3197 3493
   6934 3459 3163 3162
   6935 3288 3585 3586
   6936 3585 3288 3287
   6937 3325 3623 3326
   6938 3326 3623 3624
   6939 3197 3196 3493
   6940 3492 3493 3196
   6941 3164 3163 3460
   6942 3163 3459 3460
   6943 3587 3289 3586
   6944 3586 3289 3288
   6945 3325 3324 3622
   6946 3623 3325 3622
   6947 3165 3164 3461
   6948 3195 3491 3492
   6949 3196 3195 3492
   6950 3460 3461 3164
   6951 3588 3290 3587
   6952 3289 3587 3290
   6953 3621 3622 3324
   6954 3462 3165 3461
   6955 3195 3194 3491
   6956 3194 3490 3491
   6957 3589 3291 3588
   6958 3291 3290 3588
   6959 3324 3323 3621
   6960 3166 3165 3462
   6961 3490 3193 3489
   6962 3193 3490 3194
   6963 3292 3589 3590
   6964 3292 3291 3589
   6965 3323 3322 3620
   6966 3621 3323 3620
   6967 3463 3166 3462
   6968 3489 3193 3192
   6969 3192 3488 3489
   6970 3166 3463 3167
   6971 3591 3293 3590
   6972 3590 3293 3292
   6973 3321 3619 3322
   6974 3620 3322 3619
   6975 3168 3167 3464
   6976 3487 3488 3191
   6977 3488 3192 3191
   6978 3463 3464 3167
   6979 3592 3294 3591
   6980 3293 3591 3294
   6981 3321 3320 3618
   6982 3619 3321 3618
   6983 3465 3168 3464
   6984 3191 3190 3487
   6985 3190 3486 3487
   6986 3295 3592 3593
   6987 3294 3592 3295
   6988 3617 3618 3320
   6989 3169 3168 3465
   6990 3486 3189 3485
   6991 3189 3486 3190
   6992 3296 3593 3594
   6993 3593 3296 3295
   6994 3617 3320 3319
   6995 3466 3169 3465
   6996 3485 3189 3188
   6997 3188 3484 3485
   6998 3170 3169 3466
   6999 3595 3297 3594
   7000 3594 3297 3296
   7001 3617 3319 3616
   7002 3170 3467 3171
   7003 3483 3484 3187
   7004 3484 3188 3187
   7005 3467 3170 3466
   7006 3596 3298 3595
   7007 3297 3595 3298
   7008 3318 3616 3319
   7009 3318 3615 3616
   7010 3467 3468 3171
   7011 3187 3186 3483
   7012 3186 3482 3483
   7013 3468 3172 3171
   7014 3596 3597 3299
   7015 3298 3596 3299
   7016 3317 3615 3318
   7017 3482 3185 3481
   7018 3185 3482 3186
   7019 3172 3468 3469
   7020 3300 3597 3598
   7021 3300 3299 3597
   7022 3317 3316 3614
   7023 3615 3317 3614
   7024 3481 3185 3184
   7025 3184 3480 3481
   7026 3172 3469 3173
   7027 3599 3301 3598
   7028 3598 3301 3300
   7029 3316 3315 3613
   7030 3613 3614 3316
   7031 3470 3173 3469
   7032 3479 3480 3183
   7033 3480 3184 3183
   7034 3600 3302 3599
   7035 3301 3599 3302
   7036 3612 3613 3315
   7037 3174 3470 3471
   7038 3470 3174 3173
   7039 3183 3182 3479
   7040 3182 3478 3479
   7041 3303 3600 3601
   7042 3302 3600 3303
   7043 3314 3612 3315
   7044 3612 3314 3611
   7045 3471 3472 3175
   7046 3175 3174 3471
   7047 3472 3176 3175
   7048 3478 3181 3477
   7049 3181 3478 3182
   7050 3304 3601 3602
   7051 3601 3304 3303
   7052 3313 3611 3314
   7053 3611 3313 3610
   7054 3176 3472 3473
   7055 3176 3473 3177
   7056 3477 3181 3180
   7057 3180 3476 3477
   7058 3603 3305 3602
   7059 3602 3305 3304
   7060 3313 3312 3610
   7061 3609 3610 3312
   7062 3474 3177 3473
   7063 3179 3475 3476
   7064 3180 3179 3476
   7065 3177 3474 3178
   7066 3604 3306 3603
   7067 3305 3603 3306
   7068 3609 3312 3311
   7069 3310 3608 3311
   7070 3609 3311 3608
   7071 3178 3474 3475
   7072 3179 3178 3475
   7073 3605 3307 3604
   7074 3307 3306 3604
   7075 3310 3607 3608
   7076 3308 3605 3606
   7077 3308 3307 3605
   7078 3309 3607 3310
   7079 3607 3309 3606
   7080 3606 3309 3308
   7081 3393 3690 3691
   7082 3690 3989 3691
   7083 3393 3691 3692
   7084 3838 3540 3539
   7085 3690 3689 3989
   7086 3394 3393 3692
   7087 3540 3838 3839
   7088 3838 3539 3837
   7089 3689 3988 3989
   7090 3689 3688 3988
   7091 3693 3394 3692
   7092 3693 3395 3394
   7093 3541 3540 3839
   7094 3538 3837 3539
   7095 3987 3988 3688
   7096 3395 3694 3396
   7097 3395 3693 3694
   7098 3840 3541 3839
   7099 3837 3538 3836
   7100 3987 3688 3687
   7101 3695 3396 3694
   7102 3840 3542 3541
   7103 3538 3537 3836
   7104 3986 3987 3687
   7105 3986 3687 3686
   7106 3397 3396 3695
   7107 3542 3840 3841
   7108 3836 3537 3835
   7109 3685 3985 3686
   7110 3985 3986 3686
   7111 3696 3397 3695
   7112 3397 3696 3398
   7113 3543 3542 3841
   7114 3537 3536 3835
   7115 3536 3834 3835
   7116 3985 3685 3984
   7117 3696 3697 3398
   7118 3697 3399 3398
   7119 3842 3543 3841
   7120 3685 3684 3984
   7121 3399 3698 3400
   7122 3834 3536 3535
   7123 3834 3535 3833
   7124 3399 3697 3698
   7125 3843 3544 3842
   7126 3544 3543 3842
   7127 3683 3983 3684
   7128 3983 3984 3684
   7129 3699 3400 3698
   7130 3401 3400 3699
   7131 3832 3833 3534
   7132 3534 3833 3535
   7133 3844 3545 3843
   7134 3544 3843 3545
   7135 3682 3982 3683
   7136 3681 3981 3682
   7137 3982 3983 3683
   7138 3700 3401 3699
   7139 3402 3401 3700
   7140 3402 3701 3403
   7141 3404 3403 3702
   7142 3832 3533 3831
   7143 3533 3832 3534
   7144 3546 3844 3845
   7145 3844 3546 3545
   7146 3981 3982 3682
   7147 3981 3681 3980
   7148 3681 3680 3980
   7149 3701 3402 3700
   7150 3403 3701 3702
   7151 3405 3404 3703
   7152 3702 3703 3404
   7153 3405 3704 3406
   7154 3533 3532 3831
   7155 3532 3830 3831
   7156 3846 3547 3845
   7157 3547 3546 3845
   7158 3677 3977 3678
   7159 3678 3978 3679
   7160 3979 3980 3680
   7161 3679 3979 3680
   7162 3704 3405 3703
   7163 3704 3705 3406
   7164 3705 3407 3406
   7165 3830 3532 3531
   7166 3830 3531 3829
   7167 3407 3706 3408
   7168 3847 3548 3846
   7169 3548 3547 3846
   7170 3976 3677 3676
   7171 3675 3975 3676
   7172 3677 3976 3977
   7173 3977 3978 3678
   7174 3978 3979 3679
   7175 3407 3705 3706
   7176 3829 3530 3828
   7177 3530 3829 3531
   7178 3409 3408 3707
   7179 3410 3409 3708
   7180 3707 3408 3706
   7181 3848 3549 3847
   7182 3548 3847 3549
   7183 3673 3973 3674
   7184 3674 3974 3675
   7185 3976 3676 3975
   7186 3974 3975 3675
   7187 3410 3709 3411
   7188 3412 3411 3710
   7189 3828 3529 3827
   7190 3530 3529 3828
   7191 3708 3409 3707
   7192 3709 3410 3708
   7193 3550 3848 3849
   7194 3848 3550 3549
   7195 3673 3672 3972
   7196 3971 3672 3671
   7197 3973 3673 3972
   7198 3973 3974 3674
   7199 3411 3709 3710
   7200 3711 3413 3412
   7201 3412 3710 3711
   7202 3413 3712 3414
   7203 3713 3415 3414
   7204 3529 3528 3827
   7205 3528 3826 3827
   7206 3850 3551 3849
   7207 3551 3550 3849
   7208 3669 3969 3670
   7209 3970 3671 3670
   7210 3971 3972 3672
   7211 3970 3971 3671
   7212 3712 3413 3711
   7213 3712 3713 3414
   7214 3415 3713 3714
   7215 3416 3415 3714
   7216 3527 3826 3528
   7217 3826 3527 3825
   7218 3417 3416 3715
   7219 3851 3552 3850
   7220 3552 3551 3850
   7221 3667 3967 3668
   7222 3666 3966 3667
   7223 3968 3669 3668
   7224 3969 3669 3968
   7225 3969 3970 3670
   7226 3714 3715 3416
   7227 3824 3825 3526
   7228 3825 3527 3526
   7229 3417 3716 3418
   7230 3717 3419 3418
   7231 3716 3417 3715
   7232 3852 3553 3851
   7233 3552 3851 3553
   7234 3665 3664 3964
   7235 3665 3965 3666
   7236 3966 3967 3667
   7237 3668 3967 3968
   7238 3965 3966 3666
   7239 3419 3718 3420
   7240 3824 3525 3823
   7241 3525 3824 3526
   7242 3716 3717 3418
   7243 3419 3717 3718
   7244 3554 3852 3853
   7245 3852 3554 3553
   7246 3663 3963 3664
   7247 3662 3962 3663
   7248 3963 3964 3664
   7249 3965 3665 3964
   7250 3421 3420 3719
   7251 3719 3420 3718
   7252 3421 3720 3422
   7253 3525 3524 3823
   7254 3524 3822 3823
   7255 3854 3555 3853
   7256 3555 3554 3853
   7257 3960 3661 3660
   7258 3661 3961 3662
   7259 3962 3963 3663
   7260 3961 3962 3662
   7261 3720 3421 3719
   7262 3720 3721 3422
   7263 3822 3524 3523
   7264 3822 3523 3821
   7265 3721 3423 3422
   7266 3855 3556 3854
   7267 3556 3555 3854
   7268 3659 3959 3660
   7269 3661 3960 3961
   7270 3960 3660 3959
   7271 3821 3522 3820
   7272 3522 3821 3523
   7273 3423 3722 3424
   7274 3425 3424 3723
   7275 3423 3721 3722
   7276 3856 3557 3855
   7277 3556 3855 3557
   7278 3657 3957 3658
   7279 3658 3958 3659
   7280 3958 3959 3659
   7281 3426 3425 3724
   7282 3820 3521 3819
   7283 3522 3521 3820
   7284 3723 3424 3722
   7285 3724 3425 3723
   7286 3558 3856 3857
   7287 3856 3558 3557
   7288 3657 3656 3956
   7289 3957 3657 3956
   7290 3957 3958 3658
   7291 3725 3426 3724
   7292 3426 3725 3427
   7293 3521 3520 3819
   7294 3520 3818 3819
   7295 3858 3559 3857
   7296 3559 3558 3857
   7297 3656 3655 3955
   7298 3955 3956 3656
   7299 3427 3725 3726
   7300 3519 3818 3520
   7301 3818 3519 3817
   7302 3726 3428 3427
   7303 3859 3560 3858
   7304 3560 3559 3858
   7305 3954 3655 3654
   7306 3653 3953 3654
   7307 3655 3954 3955
   7308 3816 3817 3518
   7309 3817 3519 3518
   7310 3429 3428 3727
   7311 3430 3429 3728
   7312 3727 3428 3726
   7313 3860 3561 3859
   7314 3560 3859 3561
   7315 3952 3653 3652
   7316 3953 3954 3654
   7317 3953 3653 3952
   7318 3430 3729 3431
   7319 3816 3517 3815
   7320 3517 3816 3518
   7321 3728 3429 3727
   7322 3729 3430 3728
   7323 3562 3860 3861
   7324 3860 3562 3561
   7325 3651 3951 3652
   7326 3652 3951 3952
   7327 3431 3729 3730
   7328 3432 3431 3730
   7329 3517 3516 3815
   7330 3516 3814 3815
   7331 3862 3563 3861
   7332 3563 3562 3861
   7333 3650 3950 3651
   7334 3950 3951 3651
   7335 3432 3730 3731
   7336 3814 3516 3515
   7337 3814 3515 3813
   7338 3731 3433 3432
   7339 3863 3564 3862
   7340 3564 3563 3862
   7341 3649 3949 3650
   7342 3949 3950 3650
   7343 3812 3813 3514
   7344 3514 3813 3515
   7345 3433 3732 3434
   7346 3732 3433 3731
   7347 3864 3565 3863
   7348 3863 3565 3564
   7349 3948 3649 3648
   7350 3949 3649 3948
   7351 3435 3434 3733
   7352 3812 3513 3811
   7353 3513 3812 3514
   7354 3434 3732 3733
   7355 3566 3864 3865
   7356 3565 3864 3566
   7357 3947 3648 3647
   7358 3946 3647 3646
   7359 3648 3947 3948
   7360 3435 3733 3734
   7361 3436 3435 3734
   7362 3437 3436 3735
   7363 3513 3512 3811
   7364 3512 3810 3811
   7365 3866 3567 3865
   7366 3567 3566 3865
   7367 3645 3945 3646
   7368 3946 3947 3647
   7369 3945 3946 3646
   7370 3734 3735 3436
   7371 3736 3437 3735
   7372 3511 3810 3512
   7373 3810 3511 3809
   7374 3437 3736 3438
   7375 3867 3568 3866
   7376 3568 3567 3866
   7377 3944 3645 3644
   7378 3645 3944 3945
   7379 3808 3809 3510
   7380 3809 3511 3510
   7381 3737 3439 3438
   7382 3736 3737 3438
   7383 3868 3569 3867
   7384 3867 3569 3568
   7385 3643 3943 3644
   7386 3944 3644 3943
   7387 3440 3439 3738
   7388 3808 3509 3807
   7389 3509 3808 3510
   7390 3439 3737 3738
   7391 3570 3868 3869
   7392 3569 3868 3570
   7393 3641 3941 3642
   7394 3642 3942 3643
   7395 3942 3943 3643
   7396 3738 3739 3440
   7397 3441 3440 3739
   7398 3441 3740 3442
   7399 3509 3508 3807
   7400 3508 3806 3807
   7401 3869 3870 3571
   7402 3570 3869 3571
   7403 3940 3641 3640
   7404 3941 3641 3940
   7405 3941 3942 3642
   7406 3740 3441 3739
   7407 3740 3741 3442
   7408 3507 3806 3508
   7409 3806 3507 3805
   7410 3741 3443 3442
   7411 3871 3572 3870
   7412 3572 3571 3870
   7413 3640 3639 3939
   7414 3640 3939 3940
   7415 3804 3805 3506
   7416 3805 3507 3506
   7417 3443 3742 3444
   7418 3443 3741 3742
   7419 3872 3573 3871
   7420 3871 3573 3572
   7421 3938 3639 3638
   7422 3639 3938 3939
   7423 3445 3744 3446
   7424 3445 3444 3743
   7425 3804 3505 3803
   7426 3505 3804 3506
   7427 3743 3444 3742
   7428 3574 3872 3873
   7429 3573 3872 3574
   7430 3936 3637 3636
   7431 3637 3937 3638
   7432 3937 3938 3638
   7433 3744 3445 3743
   7434 3744 3745 3446
   7435 3745 3447 3446
   7436 3505 3504 3803
   7437 3504 3802 3803
   7438 3874 3575 3873
   7439 3575 3574 3873
   7440 3635 3935 3636
   7441 3637 3936 3937
   7442 3936 3636 3935
   7443 3447 3745 3746
   7444 3503 3802 3504
   7445 3802 3503 3801
   7446 3447 3746 3448
   7447 3875 3576 3874
   7448 3576 3575 3874
   7449 3634 3934 3635
   7450 3934 3935 3635
   7451 3800 3801 3502
   7452 3801 3503 3502
   7453 3449 3448 3747
   7454 3449 3748 3450
   7455 3747 3448 3746
   7456 3876 3577 3875
   7457 3875 3577 3576
   7458 3932 3633 3632
   7459 3633 3933 3634
   7460 3933 3934 3634
   7461 3450 3749 3451
   7462 3800 3501 3799
   7463 3501 3800 3502
   7464 3748 3449 3747
   7465 3748 3749 3450
   7466 3578 3876 3877
   7467 3577 3876 3578
   7468 3931 3632 3631
   7469 3933 3633 3932
   7470 3632 3931 3932
   7471 3451 3749 3750
   7472 3750 3452 3451
   7473 3453 3452 3751
   7474 3501 3500 3799
   7475 3500 3798 3799
   7476 3877 3878 3579
   7477 3578 3877 3579
   7478 3629 3929 3630
   7479 3930 3631 3630
   7480 3930 3931 3631
   7481 3751 3452 3750
   7482 3752 3453 3751
   7483 3499 3798 3500
   7484 3798 3499 3797
   7485 3453 3752 3454
   7486 3879 3580 3878
   7487 3580 3579 3878
   7488 3928 3629 3628
   7489 3629 3928 3929
   7490 3929 3930 3630
   7491 3796 3797 3498
   7492 3797 3499 3498
   7493 3753 3455 3454
   7494 3752 3753 3454
   7495 3880 3581 3879
   7496 3879 3581 3580
   7497 3927 3628 3627
   7498 3928 3628 3927
   7499 3455 3754 3456
   7500 3796 3497 3795
   7501 3497 3796 3498
   7502 3455 3753 3754
   7503 3582 3880 3881
   7504 3581 3880 3582
   7505 3926 3627 3626
   7506 3926 3927 3627
   7507 3755 3456 3754
   7508 3457 3456 3755
   7509 3497 3496 3795
   7510 3496 3794 3795
   7511 3882 3583 3881
   7512 3583 3582 3881
   7513 3625 3925 3626
   7514 3925 3926 3626
   7515 3756 3457 3755
   7516 3495 3794 3496
   7517 3794 3495 3793
   7518 3458 3457 3756
   7519 3883 3584 3882
   7520 3584 3583 3882
   7521 3924 3625 3624
   7522 3925 3625 3924
   7523 3792 3793 3494
   7524 3793 3495 3494
   7525 3458 3757 3459
   7526 3757 3458 3756
   7527 3884 3585 3883
   7528 3883 3585 3584
   7529 3624 3623 3923
   7530 3624 3923 3924
   7531 3758 3460 3459
   7532 3792 3493 3791
   7533 3493 3792 3494
   7534 3459 3757 3758
   7535 3586 3884 3885
   7536 3585 3884 3586
   7537 3922 3623 3622
   7538 3623 3922 3923
   7539 3759 3460 3758
   7540 3461 3460 3759
   7541 3791 3493 3492
   7542 3791 3492 3790
   7543 3885 3886 3587
   7544 3586 3885 3587
   7545 3621 3921 3622
   7546 3921 3922 3622
   7547 3760 3461 3759
   7548 3492 3491 3790
   7549 3491 3789 3790
   7550 3462 3461 3760
   7551 3886 3887 3587
   7552 3920 3621 3620
   7553 3621 3920 3921
   7554 3491 3490 3789
   7555 3490 3788 3789
   7556 3761 3462 3760
   7557 3888 3588 3887
   7558 3887 3588 3587
   7559 3919 3620 3619
   7560 3920 3620 3919
   7561 3761 3463 3462
   7562 3788 3489 3787
   7563 3489 3788 3490
   7564 3589 3888 3889
   7565 3888 3589 3588
   7566 3918 3619 3618
   7567 3918 3919 3619
   7568 3463 3761 3762
   7569 3463 3762 3464
   7570 3787 3489 3488
   7571 3488 3786 3787
   7572 3590 3889 3890
   7573 3589 3889 3590
   7574 3917 3918 3618
   7575 3763 3464 3762
   7576 3487 3785 3786
   7577 3488 3487 3786
   7578 3591 3890 3891
   7579 3591 3590 3890
   7580 3617 3917 3618
   7581 3465 3464 3763
   7582 3487 3486 3785
   7583 3486 3784 3785
   7584 3892 3592 3891
   7585 3592 3591 3891
   7586 3917 3617 3916
   7587 3764 3465 3763
   7588 3466 3465 3764
   7589 3784 3485 3783
   7590 3485 3784 3486
   7591 3593 3892 3893
   7592 3892 3593 3592
   7593 3916 3617 3616
   7594 3765 3466 3764
   7595 3783 3485 3484
   7596 3484 3782 3783
   7597 3466 3765 3467
   7598 3594 3893 3894
   7599 3593 3893 3594
   7600 3616 3915 3916
   7601 3468 3467 3766
   7602 3483 3781 3782
   7603 3484 3483 3782
   7604 3467 3765 3766
   7605 3894 3895 3595
   7606 3595 3594 3894
   7607 3616 3615 3915
   7608 3615 3914 3915
   7609 3468 3766 3767
   7610 3483 3482 3781
   7611 3482 3780 3781
   7612 3896 3596 3895
   7613 3895 3596 3595
   7614 3914 3615 3614
   7615 3468 3767 3469
   7616 3780 3481 3779
   7617 3481 3780 3482
   7618 3597 3896 3897
   7619 3896 3597 3596
   7620 3613 3913 3614
   7621 3913 3914 3614
   7622 3768 3469 3767
   7623 3779 3481 3480
   7624 3480 3778 3779
   7625 3598 3897 3898
   7626 3597 3897 3598
   7627 3912 3613 3612
   7628 3613 3912 3913
   7629 3470 3768 3769
   7630 3768 3470 3469
   7631 3479 3777 3778
   7632 3480 3479 3778
   7633 3599 3898 3899
   7634 3599 3598 3898
   7635 3912 3612 3911
   7636 3471 3769 3770
   7637 3471 3470 3769
   7638 3479 3478 3777
   7639 3478 3776 3777
   7640 3900 3600 3899
   7641 3600 3599 3899
   7642 3911 3612 3611
   7643 3910 3911 3611
   7644 3472 3770 3771
   7645 3472 3471 3770
   7646 3477 3776 3478
   7647 3776 3477 3775
   7648 3601 3900 3901
   7649 3900 3601 3600
   7650 3910 3611 3610
   7651 3909 3910 3610
   7652 3772 3473 3771
   7653 3472 3771 3473
   7654 3473 3772 3474
   7655 3775 3477 3476
   7656 3476 3774 3775
   7657 3602 3901 3902
   7658 3601 3901 3602
   7659 3909 3609 3908
   7660 3609 3909 3610
   7661 3474 3772 3773
   7662 3475 3773 3774
   7663 3476 3475 3774
   7664 3902 3903 3603
   7665 3603 3602 3902
   7666 3608 3607 3907
   7667 3908 3609 3608
   7668 3608 3907 3908
   7669 3475 3474 3773
   7670 3904 3604 3903
   7671 3903 3604 3603
   7672 3607 3906 3907
   7673 3605 3904 3905
   7674 3904 3605 3604
   7675 3906 3607 3606
   7676 3905 3906 3606
   7677 3605 3905 3606
   7678 3691 3989 3990
   7679 4290 3990 3989
   7680 3991 3691 3990
   7681 3839 3838 4138
   7682 4289 3989 3988
   7683 4290 3989 4289
   7684 3691 3991 3692
   7685 3838 4137 4138
   7686 3839 4138 4139
   7687 3988 3987 4288
   7688 4288 4289 3988
   7689 3991 3992 3692
   7690 3692 3992 3693
   7691 4137 3838 3837
   7692 3840 3839 4139
   7693 3987 4287 4288
   7694 3993 3693 3992
   7695 3837 4136 4137
   7696 4140 3840 4139
   7697 4287 3987 3986
   7698 3693 3993 3694
   7699 3836 4136 3837
   7700 3840 4140 3841
   7701 4286 3986 3985
   7702 4286 4287 3986
   7703 3993 3994 3694
   7704 3994 3695 3694
   7705 4136 3836 4135
   7706 3841 4140 4141
   7707 4285 4286 3985
   7708 3695 3994 3995
   7709 3696 3695 3995
   7710 3836 3835 4135
   7711 3835 4134 4135
   7712 3842 3841 4141
   7713 4285 3985 3984
   7714 3995 3996 3696
   7715 3697 3696 3996
   7716 3834 4133 4134
   7717 3835 3834 4134
   7718 4142 3842 4141
   7719 3984 3983 4284
   7720 4284 4285 3984
   7721 3997 3697 3996
   7722 3697 3997 3698
   7723 3833 4133 3834
   7724 3833 4132 4133
   7725 3843 4142 4143
   7726 3842 4142 3843
   7727 3983 4283 4284
   7728 4283 3983 3982
   7729 3997 3998 3698
   7730 3700 3699 3999
   7731 3700 4000 3701
   7732 3998 3699 3698
   7733 4132 3833 3832
   7734 4132 3832 4131
   7735 3844 4143 4144
   7736 4143 3844 3843
   7737 4281 3981 3980
   7738 3981 4282 3982
   7739 4283 3982 4282
   7740 3699 3998 3999
   7741 3700 3999 4000
   7742 4001 3701 4000
   7743 3701 4001 3702
   7744 3831 4130 4131
   7745 3832 3831 4131
   7746 4002 3703 3702
   7747 3845 4144 4145
   7748 3845 3844 4144
   7749 3980 3979 4280
   7750 4282 3981 4281
   7751 4280 4281 3980
   7752 4001 4002 3702
   7753 3704 3703 4003
   7754 3830 4129 4130
   7755 3831 3830 4130
   7756 3703 4002 4003
   7757 4146 3846 4145
   7758 3846 3845 4145
   7759 4278 3978 3977
   7760 3976 4277 3977
   7761 4279 3979 3978
   7762 3979 4279 4280
   7763 3704 4003 4004
   7764 4004 3705 3704
   7765 3705 4005 3706
   7766 4129 3830 3829
   7767 3829 4128 4129
   7768 3847 4146 4147
   7769 3846 4146 3847
   7770 4275 3975 3974
   7771 3976 3975 4276
   7772 4278 4279 3978
   7773 4277 4278 3977
   7774 4276 4277 3976
   7775 4005 3705 4004
   7776 4005 4006 3706
   7777 4006 3707 3706
   7778 3828 4128 3829
   7779 4128 3828 4127
   7780 3708 3707 4007
   7781 3708 4008 3709
   7782 3848 4147 4148
   7783 4147 3848 3847
   7784 3974 3973 4274
   7785 3975 4275 4276
   7786 4274 4275 3974
   7787 3707 4006 4007
   7788 3827 4126 4127
   7789 3828 3827 4127
   7790 3712 3711 4011
   7791 3710 4010 3711
   7792 3708 4007 4008
   7793 4009 3709 4008
   7794 3710 3709 4009
   7795 3849 4148 4149
   7796 3849 3848 4148
   7797 3972 3971 4272
   7798 4273 3973 3972
   7799 3973 4273 4274
   7800 3713 4013 3714
   7801 4014 3715 3714
   7802 3826 4125 4126
   7803 3827 3826 4126
   7804 3711 4010 4011
   7805 4011 4012 3712
   7806 3713 3712 4012
   7807 4010 3710 4009
   7808 4150 3850 4149
   7809 3850 3849 4149
   7810 4270 3970 3969
   7811 4269 3969 3968
   7812 4271 3971 3970
   7813 3971 4271 4272
   7814 4272 4273 3972
   7815 4013 3713 4012
   7816 4013 4014 3714
   7817 3716 3715 4015
   7818 3715 4014 4015
   7819 4016 3717 3716
   7820 4125 3826 3825
   7821 3825 4124 4125
   7822 3851 4150 4151
   7823 3850 4150 3851
   7824 4267 3967 3966
   7825 3968 3967 4268
   7826 4270 4271 3970
   7827 4269 4270 3969
   7828 4268 4269 3968
   7829 3716 4015 4016
   7830 4017 3717 4016
   7831 4124 3825 3824
   7832 4124 3824 4123
   7833 3717 4017 3718
   7834 3852 4151 4152
   7835 4151 3852 3851
   7836 3964 3963 4264
   7837 4265 3965 3964
   7838 3965 4266 3966
   7839 3967 4267 4268
   7840 3966 4266 4267
   7841 3823 4122 4123
   7842 3824 3823 4123
   7843 3720 3719 4019
   7844 4018 3719 3718
   7845 4017 4018 3718
   7846 3853 4152 4153
   7847 3853 3852 4152
   7848 3961 4262 3962
   7849 4263 3963 3962
   7850 3963 4263 4264
   7851 4264 4265 3964
   7852 4266 3965 4265
   7853 4020 3721 3720
   7854 4121 4122 3822
   7855 4122 3823 3822
   7856 3719 4018 4019
   7857 3720 4019 4020
   7858 4154 3854 4153
   7859 3854 3853 4153
   7860 3961 3960 4261
   7861 4262 3961 4261
   7862 4262 4263 3962
   7863 4021 3721 4020
   7864 3721 4021 3722
   7865 4121 3822 3821
   7866 3821 4120 4121
   7867 3855 4154 4155
   7868 3854 4154 3855
   7869 4259 3959 3958
   7870 3960 3959 4260
   7871 4260 4261 3960
   7872 3722 4021 4022
   7873 3723 3722 4022
   7874 3820 4120 3821
   7875 4120 3820 4119
   7876 3724 3723 4023
   7877 3856 4155 4156
   7878 4155 3856 3855
   7879 3957 4258 3958
   7880 3959 4259 4260
   7881 4259 3958 4258
   7882 3723 4022 4023
   7883 3819 4118 4119
   7884 3820 3819 4119
   7885 3724 4024 3725
   7886 3724 4023 4024
   7887 3857 4156 4157
   7888 3857 3856 4156
   7889 3956 3955 4256
   7890 4257 3957 3956
   7891 3957 4257 4258
   7892 4025 3726 3725
   7893 3818 4117 4118
   7894 3819 3818 4118
   7895 4025 3725 4024
   7896 4158 3858 4157
   7897 3858 3857 4157
   7898 4255 3955 3954
   7899 3955 4255 4256
   7900 4256 4257 3956
   7901 4025 4026 3726
   7902 4026 3727 3726
   7903 3728 3727 4027
   7904 3817 4117 3818
   7905 3817 4116 4117
   7906 3859 4158 4159
   7907 3858 4158 3859
   7908 3953 4254 3954
   7909 4254 4255 3954
   7910 3727 4026 4027
   7911 3728 4027 4028
   7912 4116 3817 3816
   7913 4116 3816 4115
   7914 3728 4028 3729
   7915 3860 4159 4160
   7916 4159 3860 3859
   7917 3952 3951 4252
   7918 3952 4253 3953
   7919 4253 4254 3953
   7920 3815 4114 4115
   7921 3816 3815 4115
   7922 3730 3729 4029
   7923 4029 3729 4028
   7924 3861 4160 4161
   7925 3861 3860 4160
   7926 4251 3951 3950
   7927 3951 4251 4252
   7928 4252 4253 3952
   7929 4030 3731 3730
   7930 4113 4114 3814
   7931 4114 3815 3814
   7932 4030 3730 4029
   7933 4162 3862 4161
   7934 3862 3861 4161
   7935 3949 4250 3950
   7936 3950 4250 4251
   7937 3731 4030 4031
   7938 3731 4031 3732
   7939 4113 3814 3813
   7940 3813 4112 4113
   7941 3863 4162 4163
   7942 3862 4162 3863
   7943 4249 3949 3948
   7944 4250 3949 4249
   7945 4032 3732 4031
   7946 3812 4112 3813
   7947 4112 3812 4111
   7948 3733 3732 4032
   7949 3864 4163 4164
   7950 3863 4163 3864
   7951 3948 3947 4248
   7952 4248 4249 3948
   7953 3811 4110 4111
   7954 3812 3811 4111
   7955 3733 4033 3734
   7956 4034 3735 3734
   7957 4033 3733 4032
   7958 3865 4164 4165
   7959 3865 3864 4164
   7960 4247 3947 3946
   7961 3947 4247 4248
   7962 3736 3735 4035
   7963 4109 4110 3810
   7964 4110 3811 3810
   7965 4033 4034 3734
   7966 3735 4034 4035
   7967 4166 3866 4165
   7968 3866 3865 4165
   7969 3946 3945 4246
   7970 3945 3944 4245
   7971 4247 3946 4246
   7972 4035 4036 3736
   7973 3737 3736 4036
   7974 3809 4109 3810
   7975 3809 4108 4109
   7976 3867 4166 4167
   7977 4166 3867 3866
   7978 3944 3943 4244
   7979 4246 3945 4245
   7980 4244 4245 3944
   7981 4037 3737 4036
   7982 4108 3809 3808
   7983 4108 3808 4107
   7984 3737 4037 3738
   7985 3868 4167 4168
   7986 3867 4167 3868
   7987 4243 3943 3942
   7988 3943 4243 4244
   7989 3807 4106 4107
   7990 3808 3807 4107
   7991 3740 3739 4039
   7992 4038 3739 3738
   7993 4037 4038 3738
   7994 4168 4169 3869
   7995 3869 3868 4168
   7996 3941 4242 3942
   7997 3942 4242 4243
   7998 4040 3741 3740
   7999 4105 4106 3806
   8000 4106 3807 3806
   8001 3739 4038 4039
   8002 3740 4039 4040
   8003 4170 3870 4169
   8004 4169 3870 3869
   8005 3940 3939 4240
   8006 4241 3941 3940
   8007 4242 3941 4241
   8008 4041 3741 4040
   8009 3741 4041 3742
   8010 3805 4105 3806
   8011 3805 4104 4105
   8012 3871 4170 4171
   8013 4170 3871 3870
   8014 4239 3939 3938
   8015 3939 4239 4240
   8016 4240 4241 3940
   8017 4042 3743 3742
   8018 4041 4042 3742
   8019 4104 3805 3804
   8020 4104 3804 4103
   8021 3744 3743 4043
   8022 3872 4171 4172
   8023 3871 4171 3872
   8024 3938 3937 4238
   8025 4239 3938 4238
   8026 3743 4042 4043
   8027 3803 4102 4103
   8028 3804 3803 4103
   8029 4044 3745 3744
   8030 3744 4043 4044
   8031 3873 4172 4173
   8032 3873 3872 4172
   8033 3936 3935 4236
   8034 3936 4237 3937
   8035 4237 4238 3937
   8036 3745 4045 3746
   8037 4101 4102 3802
   8038 4102 3803 3802
   8039 4045 3745 4044
   8040 3873 4173 4174
   8041 4235 3935 3934
   8042 3935 4235 4236
   8043 4236 4237 3936
   8044 4045 4046 3746
   8045 4046 3747 3746
   8046 3748 3747 4047
   8047 3801 4101 3802
   8048 3801 4100 4101
   8049 3874 4174 4175
   8050 3874 3873 4174
   8051 3933 4234 3934
   8052 3934 4234 4235
   8053 3747 4046 4047
   8054 3748 4047 4048
   8055 4048 3749 3748
   8056 4100 3801 3800
   8057 4100 3800 4099
   8058 4049 3750 3749
   8059 3875 4175 4176
   8060 4175 3875 3874
   8061 3932 3931 4232
   8062 4233 3933 3932
   8063 4234 3933 4233
   8064 4049 3749 4048
   8065 3799 4098 4099
   8066 3800 3799 4099
   8067 4050 3751 3750
   8068 4049 4050 3750
   8069 4177 3876 4176
   8070 3875 4176 3876
   8071 3931 4231 4232
   8072 4232 4233 3932
   8073 3752 3751 4051
   8074 4097 4098 3798
   8075 4098 3799 3798
   8076 3751 4050 4051
   8077 4178 3877 4177
   8078 3876 4177 3877
   8079 4231 3931 3930
   8080 3752 4051 4052
   8081 4052 3753 3752
   8082 3797 4097 3798
   8083 3797 4096 4097
   8084 3878 4178 4179
   8085 4178 3878 3877
   8086 3929 3928 4229
   8087 3930 3929 4230
   8088 4231 3930 4230
   8089 4053 3753 4052
   8090 4096 3797 3796
   8091 4096 3796 4095
   8092 3753 4053 3754
   8093 3879 4179 4180
   8094 4179 3879 3878
   8095 3928 3927 4228
   8096 4228 4229 3928
   8097 4230 3929 4229
   8098 3795 4094 4095
   8099 3796 3795 4095
   8100 3755 3754 4054
   8101 3754 4053 4054
   8102 4181 3880 4180
   8103 3879 4180 3880
   8104 4227 3927 3926
   8105 3927 4227 4228
   8106 3756 3755 4055
   8107 4093 4094 3794
   8108 4094 3795 3794
   8109 3755 4054 4055
   8110 3881 4181 4182
   8111 3881 3880 4181
   8112 4226 3926 3925
   8113 3926 4226 4227
   8114 3756 4055 4056
   8115 3756 4056 3757
   8116 3793 4093 3794
   8117 3793 4092 4093
   8118 3882 4182 4183
   8119 3882 3881 4182
   8120 3924 4225 3925
   8121 4226 3925 4225
   8122 4057 3757 4056
   8123 4092 3793 3792
   8124 3792 4091 4092
   8125 4057 3758 3757
   8126 3883 4183 4184
   8127 4183 3883 3882
   8128 3924 3923 4224
   8129 4224 4225 3924
   8130 3792 3791 4091
   8131 3791 4090 4091
   8132 4058 3759 3758
   8133 4057 4058 3758
   8134 4185 3884 4184
   8135 3883 4184 3884
   8136 4223 3923 3922
   8137 3923 4223 4224
   8138 3760 3759 4059
   8139 4090 3790 4089
   8140 4090 3791 3790
   8141 3759 4058 4059
   8142 4186 3885 4185
   8143 3884 4185 3885
   8144 3922 3921 4222
   8145 4223 3922 4222
   8146 3760 4059 4060
   8147 3790 3789 4089
   8148 4089 3789 4088
   8149 3886 4186 4187
   8150 4186 3886 3885
   8151 3921 3920 4221
   8152 4222 3921 4221
   8153 3760 4060 3761
   8154 4088 3788 4087
   8155 3789 3788 4088
   8156 3887 4187 4188
   8157 4187 3887 3886
   8158 3920 3919 4220
   8159 4220 4221 3920
   8160 4061 3761 4060
   8161 3787 4087 3788
   8162 3787 4086 4087
   8163 4061 3762 3761
   8164 4189 3888 4188
   8165 3887 4188 3888
   8166 4219 3919 3918
   8167 3919 4219 4220
   8168 3763 3762 4062
   8169 4086 3786 4085
   8170 4086 3787 3786
   8171 3762 4061 4062
   8172 3889 4189 4190
   8173 3889 3888 4189
   8174 4218 3918 3917
   8175 3918 4218 4219
   8176 3763 4062 4063
   8177 3786 3785 4085
   8178 4085 3785 4084
   8179 3890 4190 4191
   8180 3890 3889 4190
   8181 4218 3917 4217
   8182 3764 3763 4063
   8183 4084 3784 4083
   8184 3785 3784 4084
   8185 3891 4191 4192
   8186 4191 3891 3890
   8187 3916 4217 3917
   8188 3764 4063 4064
   8189 3783 4083 3784
   8190 3783 4082 4083
   8191 3764 4064 3765
   8192 4193 3892 4192
   8193 3891 4192 3892
   8194 3916 3915 4216
   8195 4216 4217 3916
   8196 3766 3765 4065
   8197 4082 3782 4081
   8198 4082 3783 3782
   8199 4065 3765 4064
   8200 4194 3893 4193
   8201 3892 4193 3893
   8202 3915 4215 4216
   8203 4066 3766 4065
   8204 3782 3781 4081
   8205 4081 3781 4080
   8206 3766 4066 3767
   8207 3894 4194 4195
   8208 4194 3894 3893
   8209 4215 3915 3914
   8210 4080 3780 4079
   8211 3781 3780 4080
   8212 3767 4066 4067
   8213 3895 4195 4196
   8214 4195 3895 3894
   8215 3914 3913 4214
   8216 4215 3914 4214
   8217 3779 4079 3780
   8218 3779 4078 4079
   8219 4067 3768 3767
   8220 4197 3896 4196
   8221 3895 4196 3896
   8222 3913 3912 4213
   8223 4214 3913 4213
   8224 4068 3768 4067
   8225 4078 3778 4077
   8226 4078 3779 3778
   8227 3897 4197 4198
   8228 3897 3896 4197
   8229 3912 3911 4212
   8230 4212 4213 3912
   8231 4069 3769 4068
   8232 3769 3768 4068
   8233 3778 3777 4077
   8234 4077 3777 4076
   8235 3898 4198 4199
   8236 3898 3897 4198
   8237 3911 4211 4212
   8238 4070 3770 4069
   8239 3770 3769 4069
   8240 3771 4071 3772
   8241 4076 3776 4075
   8242 3777 3776 4076
   8243 3899 4199 4200
   8244 4199 3899 3898
   8245 4211 3911 3910
   8246 3771 4070 4071
   8247 3770 4070 3771
   8248 4072 3772 4071
   8249 3773 3772 4072
   8250 3775 4075 3776
   8251 3775 4074 4075
   8252 4201 3900 4200
   8253 3899 4200 3900
   8254 3910 4210 4211
   8255 3774 3773 4073
   8256 4074 3775 3774
   8257 4073 3773 4072
   8258 4074 3774 4073
   8259 4202 3901 4201
   8260 3900 4201 3901
   8261 4210 3910 3909
   8262 4210 3909 4209
   8263 3902 4202 4203
   8264 4202 3902 3901
   8265 4203 3903 3902
   8266 3908 4209 3909
   8267 4208 4209 3908
   8268 3903 4203 4204
   8269 3906 3905 4206
   8270 4207 3907 3906
   8271 3908 3907 4208
   8272 3907 4207 4208
   8273 4205 3904 4204
   8274 3903 4204 3904
   8275 3905 3904 4205
   8276 3905 4205 4206
   8277 4207 3906 4206
   8278 3990 4290 4439
   8279 4439 4290 4438
   8280 4440 3990 4439
   8281 3991 3990 4440
   8282 9711 4139 4138
   8283 4438 4290 4289
   8284 3991 4440 4441
   8285 4441 3992 3991
   8286 4139 9711 9713
   8287 9712 9711 4138
   8288 4438 4289 4288
   8289 4138 4137 9712
   8290 4442 3992 4441
   8291 4140 4139 9713
   8292 4437 4438 4288
   8293 9712 4137 9710
   8294 3993 3992 4442
   8295 9713 9714 4140
   8296 4288 4287 4437
   8297 4287 4436 4437
   8298 9710 4137 4136
   8299 4443 3994 3993
   8300 3993 4442 4443
   8301 4141 4140 9714
   8302 4287 4286 4436
   8303 4436 4286 4435
   8304 9710 4136 4135
   8305 3994 4444 3995
   8306 4444 3994 4443
   8307 9715 4141 9714
   8308 4286 4285 4435
   8309 4435 4285 4434
   8310 9710 4135 4585
   8311 4445 3995 4444
   8312 4142 9715 4291
   8313 4141 9715 4142
   8314 4433 4434 4284
   8315 4434 4285 4284
   8316 3995 4445 3996
   8317 4135 4134 4585
   8318 4291 4292 4143
   8319 4291 4143 4142
   8320 4134 4584 4585
   8321 4283 4432 4433
   8322 4284 4283 4433
   8323 3996 4445 4446
   8324 4446 3997 3996
   8325 3999 3998 4448
   8326 3999 4449 4000
   8327 4292 4293 4144
   8328 4292 4144 4143
   8329 4583 4584 4133
   8330 4584 4134 4133
   8331 4283 4282 4432
   8332 4432 4282 4431
   8333 4446 4447 3997
   8334 3998 3997 4447
   8335 4448 3998 4447
   8336 3999 4448 4449
   8337 4001 4000 4450
   8338 4450 4000 4449
   8339 4293 4294 4145
   8340 4293 4145 4144
   8341 4282 4281 4431
   8342 4430 4281 4280
   8343 4583 4133 4132
   8344 4582 4583 4132
   8345 4431 4281 4430
   8346 4001 4450 4451
   8347 4294 4295 4146
   8348 4294 4146 4145
   8349 4426 4277 4276
   8350 4278 4277 4427
   8351 4279 4429 4280
   8352 4430 4280 4429
   8353 4582 4131 4581
   8354 4582 4132 4131
   8355 4451 4002 4001
   8356 4295 4296 4147
   8357 4295 4147 4146
   8358 4427 4277 4426
   8359 4425 4426 4276
   8360 4428 4278 4427
   8361 4279 4278 4428
   8362 4279 4428 4429
   8363 4130 4581 4131
   8364 4130 4580 4581
   8365 4452 4002 4451
   8366 4002 4452 4003
   8367 4296 4297 4148
   8368 4296 4148 4147
   8369 4276 4275 4425
   8370 4003 4453 4004
   8371 4579 4580 4129
   8372 4580 4130 4129
   8373 4453 4003 4452
   8374 4297 4298 4149
   8375 4297 4149 4148
   8376 4274 4273 4423
   8377 4422 4273 4272
   8378 4275 4274 4424
   8379 4275 4424 4425
   8380 4004 4453 4454
   8381 4005 4004 4454
   8382 4579 4129 4128
   8383 4578 4579 4128
   8384 4007 4006 4456
   8385 4006 4005 4455
   8386 4298 4299 4150
   8387 4298 4150 4149
   8388 4270 4269 4419
   8389 4271 4270 4420
   8390 4423 4273 4422
   8391 4424 4274 4423
   8392 4421 4272 4271
   8393 4421 4422 4272
   8394 4455 4005 4454
   8395 4009 4459 4010
   8396 4010 4460 4011
   8397 4577 4578 4127
   8398 4578 4128 4127
   8399 4456 4006 4455
   8400 4007 4456 4457
   8401 4457 4008 4007
   8402 4299 4300 4151
   8403 4299 4151 4150
   8404 4266 4265 4415
   8405 4267 4266 4416
   8406 4418 4269 4268
   8407 4419 4269 4418
   8408 4420 4270 4419
   8409 4420 4421 4271
   8410 4009 4008 4458
   8411 4009 4458 4459
   8412 4460 4010 4459
   8413 4461 4011 4460
   8414 4011 4461 4012
   8415 4127 4126 4577
   8416 4126 4576 4577
   8417 4462 4013 4012
   8418 4458 4008 4457
   8419 4152 4300 4301
   8420 4300 4152 4151
   8421 4264 4263 4413
   8422 4264 4414 4265
   8423 4415 4265 4414
   8424 4416 4266 4415
   8425 4268 4267 4417
   8426 4267 4416 4417
   8427 4417 4418 4268
   8428 4012 4461 4462
   8429 4014 4464 4015
   8430 4016 4015 4465
   8431 4575 4576 4125
   8432 4576 4126 4125
   8433 4463 4014 4013
   8434 4013 4462 4463
   8435 4301 4302 4153
   8436 4153 4152 4301
   8437 4263 4262 4412
   8438 4262 4261 4411
   8439 4412 4413 4263
   8440 4414 4264 4413
   8441 4464 4014 4463
   8442 4465 4015 4464
   8443 4466 4016 4465
   8444 4575 4125 4124
   8445 4574 4575 4124
   8446 4017 4016 4466
   8447 4302 4303 4154
   8448 4302 4154 4153
   8449 4260 4259 4409
   8450 4410 4261 4260
   8451 4412 4262 4411
   8452 4411 4261 4410
   8453 4018 4017 4467
   8454 4018 4468 4019
   8455 4574 4123 4573
   8456 4574 4124 4123
   8457 4466 4467 4017
   8458 4303 4304 4155
   8459 4303 4155 4154
   8460 4259 4258 4408
   8461 4259 4408 4409
   8462 4409 4410 4260
   8463 4468 4018 4467
   8464 4469 4019 4468
   8465 4122 4573 4123
   8466 4122 4572 4573
   8467 4469 4020 4019
   8468 4304 4305 4156
   8469 4304 4156 4155
   8470 4256 4406 4257
   8471 4258 4257 4407
   8472 4408 4258 4407
   8473 4021 4020 4470
   8474 4022 4021 4471
   8475 4571 4572 4121
   8476 4572 4122 4121
   8477 4020 4469 4470
   8478 4305 4306 4157
   8479 4305 4157 4156
   8480 4255 4405 4256
   8481 4405 4406 4256
   8482 4407 4257 4406
   8483 4471 4021 4470
   8484 4472 4022 4471
   8485 4120 4571 4121
   8486 4570 4571 4120
   8487 4023 4022 4472
   8488 4306 4307 4158
   8489 4306 4158 4157
   8490 4255 4254 4404
   8491 4404 4405 4255
   8492 4473 4024 4023
   8493 4570 4119 4569
   8494 4119 4570 4120
   8495 4023 4472 4473
   8496 4307 4308 4159
   8497 4307 4159 4158
   8498 4254 4253 4403
   8499 4404 4254 4403
   8500 4474 4024 4473
   8501 4118 4569 4119
   8502 4118 4568 4569
   8503 4024 4474 4025
   8504 4308 4309 4160
   8505 4308 4160 4159
   8506 4252 4251 4401
   8507 4402 4253 4252
   8508 4403 4253 4402
   8509 4027 4026 4476
   8510 4026 4025 4475
   8511 4567 4568 4117
   8512 4568 4118 4117
   8513 4475 4025 4474
   8514 4309 4310 4161
   8515 4309 4161 4160
   8516 4251 4250 4400
   8517 4251 4400 4401
   8518 4401 4402 4252
   8519 4476 4026 4475
   8520 4027 4476 4477
   8521 4567 4117 4116
   8522 4566 4567 4116
   8523 4028 4027 4477
   8524 4310 4311 4162
   8525 4310 4162 4161
   8526 4250 4249 4399
   8527 4400 4250 4399
   8528 4478 4029 4028
   8529 4115 4565 4566
   8530 4566 4116 4115
   8531 4028 4477 4478
   8532 4311 4312 4163
   8533 4162 4311 4163
   8534 4248 4398 4249
   8535 4399 4249 4398
   8536 4029 4478 4479
   8537 4565 4114 4564
   8538 4114 4565 4115
   8539 4479 4030 4029
   8540 4312 4313 4164
   8541 4312 4164 4163
   8542 4248 4247 4397
   8543 4398 4248 4397
   8544 4030 4480 4031
   8545 4564 4114 4113
   8546 4563 4564 4113
   8547 4480 4030 4479
   8548 4313 4314 4165
   8549 4313 4165 4164
   8550 4247 4246 4396
   8551 4246 4245 4395
   8552 4396 4397 4247
   8553 4481 4031 4480
   8554 4562 4563 4113
   8555 4032 4031 4481
   8556 4314 4315 4166
   8557 4165 4314 4166
   8558 4394 4245 4244
   8559 4396 4246 4395
   8560 4395 4245 4394
   8561 4562 4113 4112
   8562 4561 4562 4112
   8563 4033 4032 4482
   8564 4483 4034 4033
   8565 4482 4032 4481
   8566 4315 4316 4167
   8567 4166 4315 4167
   8568 4244 4243 4393
   8569 4393 4394 4244
   8570 4034 4484 4035
   8571 4112 4111 4561
   8572 4111 4560 4561
   8573 4033 4482 4483
   8574 4484 4034 4483
   8575 4168 4316 4317
   8576 4316 4168 4167
   8577 4243 4242 4392
   8578 4243 4392 4393
   8579 4485 4035 4484
   8580 4560 4110 4559
   8581 4110 4560 4111
   8582 4317 4318 4169
   8583 4169 4168 4317
   8584 4240 4390 4241
   8585 4242 4241 4391
   8586 4392 4242 4391
   8587 4035 4485 4036
   8588 4110 4109 4559
   8589 4558 4559 4109
   8590 4318 4319 4170
   8591 4169 4318 4170
   8592 4239 4389 4240
   8593 4389 4390 4240
   8594 4391 4241 4390
   8595 4036 4485 4486
   8596 4486 4037 4036
   8597 4487 4038 4037
   8598 4558 4108 4557
   8599 4108 4558 4109
   8600 4319 4320 4171
   8601 4170 4319 4171
   8602 4239 4238 4388
   8603 4388 4389 4239
   8604 4037 4486 4487
   8605 4488 4038 4487
   8606 4557 4108 4107
   8607 4107 4556 4557
   8608 4038 4488 4039
   8609 4320 4321 4172
   8610 4320 4172 4171
   8611 4238 4237 4387
   8612 4388 4238 4387
   8613 4040 4039 4489
   8614 4556 4106 4555
   8615 4106 4556 4107
   8616 4489 4039 4488
   8617 4321 4322 4173
   8618 4321 4173 4172
   8619 4385 4236 4235
   8620 4386 4237 4236
   8621 4237 4386 4387
   8622 4490 4040 4489
   8623 4041 4040 4490
   8624 4106 4105 4555
   8625 4554 4555 4105
   8626 4491 4042 4041
   8627 4322 4323 4174
   8628 4173 4322 4174
   8629 4235 4234 4384
   8630 4385 4386 4236
   8631 4384 4385 4235
   8632 4041 4490 4491
   8633 4042 4492 4043
   8634 4104 4553 4554
   8635 4105 4104 4554
   8636 4492 4042 4491
   8637 4323 4324 4175
   8638 4174 4323 4175
   8639 4234 4233 4383
   8640 4232 4382 4233
   8641 4234 4383 4384
   8642 4493 4043 4492
   8643 4104 4103 4553
   8644 4103 4552 4553
   8645 4043 4493 4044
   8646 4324 4325 4176
   8647 4324 4176 4175
   8648 4232 4231 4381
   8649 4233 4382 4383
   8650 4382 4232 4381
   8651 4494 4045 4044
   8652 4046 4045 4495
   8653 4552 4102 4551
   8654 4102 4552 4103
   8655 4044 4493 4494
   8656 4325 4326 4177
   8657 4325 4177 4176
   8658 4230 4229 4379
   8659 4231 4230 4380
   8660 4380 4381 4231
   8661 4494 4495 4045
   8662 4496 4046 4495
   8663 4102 4101 4551
   8664 4550 4551 4101
   8665 4046 4496 4047
   8666 4326 4327 4178
   8667 4177 4326 4178
   8668 4228 4378 4229
   8669 4229 4378 4379
   8670 4230 4379 4380
   8671 4048 4047 4497
   8672 4049 4048 4498
   8673 4100 4549 4550
   8674 4550 4101 4100
   8675 4497 4047 4496
   8676 4327 4328 4179
   8677 4178 4327 4179
   8678 4227 4377 4228
   8679 4377 4378 4228
   8680 4498 4048 4497
   8681 4498 4499 4049
   8682 4549 4099 4548
   8683 4099 4549 4100
   8684 4050 4049 4499
   8685 4328 4329 4180
   8686 4328 4180 4179
   8687 4227 4226 4376
   8688 4376 4377 4227
   8689 4050 4500 4051
   8690 4098 4548 4099
   8691 4548 4098 4547
   8692 4500 4050 4499
   8693 4329 4330 4181
   8694 4329 4181 4180
   8695 4226 4225 4375
   8696 4226 4375 4376
   8697 4501 4051 4500
   8698 4547 4098 4097
   8699 4097 4546 4547
   8700 4501 4052 4051
   8701 4330 4331 4182
   8702 4181 4330 4182
   8703 4224 4374 4225
   8704 4225 4374 4375
   8705 4545 4546 4096
   8706 4546 4097 4096
   8707 4052 4502 4053
   8708 4052 4501 4502
   8709 4331 4332 4183
   8710 4182 4331 4183
   8711 4223 4373 4224
   8712 4373 4374 4224
   8713 4054 4053 4503
   8714 4096 4095 4545
   8715 4095 4544 4545
   8716 4502 4503 4053
   8717 4184 4332 4333
   8718 4332 4184 4183
   8719 4223 4222 4371
   8720 4372 4373 4223
   8721 4504 4054 4503
   8722 4055 4054 4504
   8723 4544 4094 4543
   8724 4094 4544 4095
   8725 4333 4334 4185
   8726 4185 4184 4333
   8727 4222 4221 4370
   8728 4371 4222 4370
   8729 4372 4223 4371
   8730 4505 4055 4504
   8731 4543 4094 4093
   8732 4093 4542 4543
   8733 4505 4056 4055
   8734 4334 4335 4186
   8735 4185 4334 4186
   8736 4369 4221 4220
   8737 4369 4370 4221
   8738 4056 4506 4057
   8739 4092 4541 4542
   8740 4542 4093 4092
   8741 4056 4505 4506
   8742 4336 4187 4335
   8743 4187 4186 4335
   8744 4368 4220 4219
   8745 4368 4369 4220
   8746 4507 4057 4506
   8747 4541 4091 4540
   8748 4091 4541 4092
   8749 4058 4057 4507
   8750 4336 4337 4188
   8751 4336 4188 4187
   8752 4219 4218 4367
   8753 4368 4219 4367
   8754 4059 4058 4508
   8755 4090 4540 4091
   8756 4540 4090 4539
   8757 4508 4058 4507
   8758 4337 4338 4189
   8759 4337 4189 4188
   8760 4367 4218 4366
   8761 4508 4509 4059
   8762 4539 4090 4089
   8763 4089 4538 4539
   8764 4509 4060 4059
   8765 4339 4190 4338
   8766 4190 4189 4338
   8767 4218 4217 4366
   8768 4088 4537 4538
   8769 4089 4088 4538
   8770 4060 4509 4510
   8771 4340 4191 4339
   8772 4191 4190 4339
   8773 4217 4216 4365
   8774 4365 4366 4217
   8775 4061 4060 4510
   8776 4088 4087 4537
   8777 4087 4536 4537
   8778 4340 4341 4192
   8779 4340 4192 4191
   8780 4364 4216 4215
   8781 4216 4364 4365
   8782 4511 4061 4510
   8783 4062 4061 4511
   8784 4536 4086 4535
   8785 4086 4536 4087
   8786 4341 4342 4193
   8787 4341 4193 4192
   8788 4364 4215 4363
   8789 4512 4062 4511
   8790 4535 4086 4085
   8791 4085 4534 4535
   8792 4343 4194 4342
   8793 4194 4193 4342
   8794 4215 4214 4363
   8795 4063 4062 4512
   8796 4084 4533 4534
   8797 4534 4085 4084
   8798 4344 4195 4343
   8799 4195 4194 4343
   8800 4363 4214 4362
   8801 4513 4063 4512
   8802 4533 4083 4532
   8803 4083 4533 4084
   8804 4063 4513 4064
   8805 4344 4345 4196
   8806 4344 4196 4195
   8807 4361 4213 4212
   8808 4214 4213 4362
   8809 4514 4065 4064
   8810 4082 4532 4083
   8811 4532 4082 4531
   8812 4064 4513 4514
   8813 4345 4346 4197
   8814 4345 4197 4196
   8815 4361 4362 4213
   8816 4360 4361 4212
   8817 4515 4065 4514
   8818 4531 4082 4081
   8819 4081 4530 4531
   8820 4066 4065 4515
   8821 4347 4198 4346
   8822 4198 4197 4346
   8823 4360 4212 4211
   8824 4529 4530 4080
   8825 4530 4081 4080
   8826 4516 4066 4515
   8827 4348 4199 4347
   8828 4199 4198 4347
   8829 4360 4211 4359
   8830 4080 4079 4529
   8831 4079 4528 4529
   8832 4516 4067 4066
   8833 4200 4348 4349
   8834 4348 4200 4199
   8835 4211 4210 4359
   8836 4359 4210 4358
   8837 4517 4067 4516
   8838 4528 4078 4527
   8839 4078 4528 4079
   8840 4349 4350 4201
   8841 4201 4200 4349
   8842 4210 4209 4358
   8843 4357 4358 4209
   8844 4068 4517 4518
   8845 4067 4517 4068
   8846 4527 4078 4077
   8847 4077 4526 4527
   8848 4351 4202 4350
   8849 4202 4201 4350
   8850 4203 4202 4351
   8851 4357 4209 4208
   8852 4356 4357 4208
   8853 4069 4518 4519
   8854 4518 4069 4068
   8855 4069 4519 4070
   8856 4070 4520 4071
   8857 4076 4525 4526
   8858 4526 4077 4076
   8859 4352 4203 4351
   8860 4352 4204 4203
   8861 4207 4206 4355
   8862 4356 4208 4207
   8863 4356 4207 4355
   8864 4520 4070 4519
   8865 4071 4520 4521
   8866 4525 4075 4524
   8867 4075 4525 4076
   8868 4074 4524 4075
   8869 4352 4353 4204
   8870 4353 4205 4204
   8871 4206 4205 4354
   8872 4355 4206 4354
   8873 4072 4071 4521
   8874 4524 4074 4523
   8875 4353 4354 4205
   8876 4072 4521 4522
   8877 4073 4072 4522
   8878 4523 4074 4073
   8879 4073 4522 4523
   8880 9716 4291 9715
   8881 4291 9716 9717
   8882 9709 9710 4585
   8883 9718 4292 9717
   8884 4292 4291 9717
   8885 9709 4585 9708
   8886 4437 4729 4438
   8887 4730 4439 4438
   8888 9719 4293 9718
   8889 9718 4293 4292
   8890 4718 4427 4426
   8891 4585 4584 9708
   8892 9707 9708 4584
   8893 4437 4728 4729
   8894 4730 4438 4729
   8895 4436 4728 4437
   8896 4439 4731 4440
   8897 4730 4731 4439
   8898 9719 4586 4294
   8899 4293 9719 4294
   8900 4427 4719 4428
   8901 4718 4719 4427
   8902 4717 4718 4426
   8903 4450 4449 4741
   8904 4583 9707 4584
   8905 9707 4583 9706
   8906 4435 4727 4436
   8907 4727 4728 4436
   8908 4732 4441 4440
   8909 4732 4440 4731
   8910 4586 4587 4295
   8911 4295 4294 4586
   8912 4426 4425 4717
   8913 4428 4720 4429
   8914 4719 4720 4428
   8915 4740 4449 4448
   8916 4740 4741 4449
   8917 4742 4450 4741
   8918 9706 4583 4582
   8919 4726 4435 4434
   8920 4726 4727 4435
   8921 4732 4733 4441
   8922 4442 4441 4733
   8923 4296 4587 4588
   8924 4587 4296 4295
   8925 4424 4716 4425
   8926 4425 4716 4717
   8927 4429 4720 4721
   8928 4430 4429 4721
   8929 4447 4739 4448
   8930 4740 4448 4739
   8931 4450 4742 4451
   8932 4874 9706 4582
   8933 4434 4433 4725
   8934 4725 4726 4434
   8935 4734 4442 4733
   8936 4442 4734 4443
   8937 4589 4297 4588
   8938 4297 4296 4588
   8939 4423 4715 4424
   8940 4715 4716 4424
   8941 4430 4721 4722
   8942 4431 4430 4722
   8943 4446 4738 4447
   8944 4447 4738 4739
   8945 4451 4742 4743
   8946 4451 4743 4452
   8947 4582 4581 4874
   8948 4873 4874 4581
   8949 4432 4724 4433
   8950 4433 4724 4725
   8951 4443 4735 4444
   8952 4443 4734 4735
   8953 4298 4589 4590
   8954 4298 4297 4589
   8955 4420 4712 4421
   8956 4421 4713 4422
   8957 4423 4422 4714
   8958 4714 4715 4423
   8959 4722 4723 4431
   8960 4431 4723 4432
   8961 4446 4445 4737
   8962 4738 4446 4737
   8963 4744 4453 4452
   8964 4744 4452 4743
   8965 4873 4580 4872
   8966 4580 4873 4581
   8967 4723 4724 4432
   8968 4736 4445 4444
   8969 4736 4444 4735
   8970 4590 4591 4299
   8971 4299 4298 4590
   8972 4418 4417 4709
   8973 4416 4708 4417
   8974 4419 4711 4420
   8975 4711 4712 4420
   8976 4713 4421 4712
   8977 4713 4714 4422
   8978 4736 4737 4445
   8979 4744 4745 4453
   8980 4453 4745 4454
   8981 4580 4579 4872
   8982 4579 4871 4872
   8983 4591 4592 4300
   8984 4591 4300 4299
   8985 4414 4413 4705
   8986 4415 4414 4706
   8987 4710 4419 4418
   8988 4417 4708 4709
   8989 4709 4710 4418
   8990 4415 4707 4416
   8991 4707 4708 4416
   8992 4710 4711 4419
   8993 4745 4746 4454
   8994 4454 4746 4455
   8995 4455 4747 4456
   8996 4871 4579 4578
   8997 4870 4871 4578
   8998 4301 4592 4593
   8999 4592 4301 4300
   9000 4411 4410 4702
   9001 4411 4703 4412
   9002 4412 4704 4413
   9003 4705 4413 4704
   9004 4706 4414 4705
   9005 4706 4707 4415
   9006 4455 4746 4747
   9007 4456 4749 4457
   9008 4748 4456 4747
   9009 4577 4869 4870
   9010 4578 4577 4870
   9011 4458 4751 4459
   9012 4459 4752 4460
   9013 4594 4302 4593
   9014 4302 4301 4593
   9015 4410 4409 4701
   9016 4410 4701 4702
   9017 4702 4703 4411
   9018 4703 4704 4412
   9019 4748 4749 4456
   9020 4749 4750 4457
   9021 4750 4458 4457
   9022 4754 4462 4461
   9023 4462 4755 4463
   9024 4577 4576 4869
   9025 4576 4868 4869
   9026 4458 4750 4751
   9027 4752 4459 4751
   9028 4752 4753 4460
   9029 4460 4753 4461
   9030 4594 4595 4303
   9031 4303 4302 4594
   9032 4408 4700 4409
   9033 4407 4699 4408
   9034 4409 4700 4701
   9035 4755 4462 4754
   9036 4753 4754 4461
   9037 4463 4756 4464
   9038 4463 4755 4756
   9039 4465 4464 4757
   9040 4758 4466 4465
   9041 4575 4867 4868
   9042 4576 4575 4868
   9043 4595 4596 4304
   9044 4595 4304 4303
   9045 4407 4406 4698
   9046 4699 4700 4408
   9047 4698 4699 4407
   9048 4756 4757 4464
   9049 4758 4465 4757
   9050 4759 4466 4758
   9051 4574 4867 4575
   9052 4867 4574 4866
   9053 4466 4759 4467
   9054 4597 4305 4596
   9055 4596 4305 4304
   9056 4405 4697 4406
   9057 4697 4698 4406
   9058 4467 4760 4468
   9059 4468 4761 4469
   9060 4573 4865 4866
   9061 4866 4574 4573
   9062 4467 4759 4760
   9063 4306 4597 4598
   9064 4306 4305 4597
   9065 4403 4695 4404
   9066 4404 4696 4405
   9067 4697 4405 4696
   9068 4760 4761 4468
   9069 4761 4762 4469
   9070 4573 4572 4865
   9071 4572 4864 4865
   9072 4762 4470 4469
   9073 4598 4599 4307
   9074 4307 4306 4598
   9075 4403 4402 4694
   9076 4694 4695 4403
   9077 4695 4696 4404
   9078 4470 4763 4471
   9079 4571 4863 4864
   9080 4572 4571 4864
   9081 4763 4470 4762
   9082 4599 4600 4308
   9083 4599 4308 4307
   9084 4402 4401 4693
   9085 4694 4402 4693
   9086 4471 4764 4472
   9087 4471 4763 4764
   9088 4863 4571 4570
   9089 4862 4863 4570
   9090 4473 4472 4765
   9091 4601 4309 4600
   9092 4600 4309 4308
   9093 4399 4691 4400
   9094 4400 4692 4401
   9095 4693 4401 4692
   9096 4764 4765 4472
   9097 4766 4474 4473
   9098 4569 4861 4862
   9099 4570 4569 4862
   9100 4766 4473 4765
   9101 4601 4602 4310
   9102 4309 4601 4310
   9103 4399 4398 4690
   9104 4690 4691 4399
   9105 4691 4692 4400
   9106 4767 4474 4766
   9107 4569 4568 4861
   9108 4568 4860 4861
   9109 4474 4767 4475
   9110 4603 4311 4602
   9111 4310 4602 4311
   9112 4398 4397 4689
   9113 4690 4398 4689
   9114 4475 4768 4476
   9115 4476 4769 4477
   9116 4567 4859 4860
   9117 4568 4567 4860
   9118 4475 4767 4768
   9119 4312 4603 4604
   9120 4603 4312 4311
   9121 4396 4688 4397
   9122 4689 4397 4688
   9123 4768 4769 4476
   9124 4769 4770 4477
   9125 4859 4567 4566
   9126 4859 4566 4858
   9127 4770 4478 4477
   9128 4605 4313 4604
   9129 4313 4312 4604
   9130 4395 4687 4396
   9131 4687 4688 4396
   9132 4478 4771 4479
   9133 4858 4565 4857
   9134 4565 4858 4566
   9135 4771 4478 4770
   9136 4606 4314 4605
   9137 4314 4313 4605
   9138 4395 4394 4686
   9139 4686 4687 4395
   9140 4479 4771 4772
   9141 4857 4564 4856
   9142 4565 4564 4857
   9143 4479 4772 4480
   9144 4606 4607 4315
   9145 4315 4314 4606
   9146 4394 4393 4685
   9147 4392 4684 4393
   9148 4686 4394 4685
   9149 4481 4480 4773
   9150 4564 4563 4856
   9151 4563 4855 4856
   9152 4772 4773 4480
   9153 4607 4608 4316
   9154 4607 4316 4315
   9155 4683 4392 4391
   9156 4685 4393 4684
   9157 4683 4684 4392
   9158 4774 4481 4773
   9159 4855 4563 4562
   9160 4854 4855 4562
   9161 4774 4482 4481
   9162 4609 4317 4608
   9163 4608 4317 4316
   9164 4391 4390 4682
   9165 4682 4683 4391
   9166 4561 4853 4854
   9167 4562 4561 4854
   9168 4482 4775 4483
   9169 4483 4776 4484
   9170 4775 4482 4774
   9171 4610 4318 4609
   9172 4318 4317 4609
   9173 4388 4680 4389
   9174 4389 4681 4390
   9175 4681 4682 4390
   9176 4484 4777 4485
   9177 4561 4560 4853
   9178 4560 4852 4853
   9179 4483 4775 4776
   9180 4776 4777 4484
   9181 4610 4611 4319
   9182 4319 4318 4610
   9183 4679 4388 4387
   9184 4388 4679 4680
   9185 4680 4681 4389
   9186 4777 4778 4485
   9187 4778 4486 4485
   9188 4559 4851 4852
   9189 4560 4559 4852
   9190 4611 4612 4320
   9191 4611 4320 4319
   9192 4386 4678 4387
   9193 4679 4387 4678
   9194 4779 4486 4778
   9195 4486 4779 4487
   9196 4558 4851 4559
   9197 4851 4558 4850
   9198 4487 4780 4488
   9199 4321 4612 4613
   9200 4612 4321 4320
   9201 4384 4676 4385
   9202 4386 4385 4677
   9203 4678 4386 4677
   9204 4487 4779 4780
   9205 4489 4488 4781
   9206 4850 4557 4849
   9207 4850 4558 4557
   9208 4780 4781 4488
   9209 4613 4614 4322
   9210 4322 4321 4613
   9211 4675 4384 4383
   9212 4384 4675 4676
   9213 4676 4677 4385
   9214 4782 4489 4781
   9215 4849 4556 4848
   9216 4557 4556 4849
   9217 4782 4490 4489
   9218 4614 4615 4323
   9219 4614 4323 4322
   9220 4382 4674 4383
   9221 4675 4383 4674
   9222 4491 4784 4492
   9223 4490 4783 4491
   9224 4556 4555 4848
   9225 4555 4847 4848
   9226 4783 4490 4782
   9227 4615 4616 4324
   9228 4615 4324 4323
   9229 4380 4672 4381
   9230 4382 4381 4673
   9231 4674 4382 4673
   9232 4491 4783 4784
   9233 4784 4785 4492
   9234 4847 4555 4554
   9235 4846 4847 4554
   9236 4492 4785 4493
   9237 4617 4325 4616
   9238 4616 4325 4324
   9239 4671 4380 4379
   9240 4380 4671 4672
   9241 4672 4673 4381
   9242 4553 4845 4846
   9243 4554 4553 4846
   9244 4494 4787 4495
   9245 4786 4494 4493
   9246 4785 4786 4493
   9247 4326 4617 4618
   9248 4325 4617 4326
   9249 4378 4377 4669
   9250 4378 4670 4379
   9251 4671 4379 4670
   9252 4495 4788 4496
   9253 4553 4552 4845
   9254 4552 4844 4845
   9255 4787 4494 4786
   9256 4495 4787 4788
   9257 4618 4619 4327
   9258 4618 4327 4326
   9259 4376 4668 4377
   9260 4668 4669 4377
   9261 4670 4378 4669
   9262 4788 4789 4496
   9263 4497 4496 4789
   9264 4551 4843 4844
   9265 4552 4551 4844
   9266 4619 4620 4328
   9267 4619 4328 4327
   9268 4667 4376 4375
   9269 4376 4667 4668
   9270 4790 4497 4789
   9271 4790 4498 4497
   9272 4843 4551 4550
   9273 4843 4550 4842
   9274 4498 4791 4499
   9275 4329 4620 4621
   9276 4620 4329 4328
   9277 4374 4666 4375
   9278 4667 4375 4666
   9279 4791 4498 4790
   9280 4499 4792 4500
   9281 4841 4842 4549
   9282 4842 4550 4549
   9283 4499 4791 4792
   9284 4622 4330 4621
   9285 4330 4329 4621
   9286 4373 4665 4374
   9287 4665 4666 4374
   9288 4792 4793 4500
   9289 4841 4548 4840
   9290 4548 4841 4549
   9291 4500 4793 4501
   9292 4623 4331 4622
   9293 4330 4622 4331
   9294 4372 4664 4373
   9295 4664 4665 4373
   9296 4794 4502 4501
   9297 4548 4547 4840
   9298 4547 4839 4840
   9299 4793 4794 4501
   9300 4332 4623 4624
   9301 4623 4332 4331
   9302 4663 4372 4371
   9303 4372 4663 4664
   9304 4795 4502 4794
   9305 4839 4547 4546
   9306 4839 4546 4838
   9307 4502 4795 4503
   9308 4624 4625 4333
   9309 4332 4624 4333
   9310 4370 4662 4371
   9311 4371 4662 4663
   9312 4545 4837 4838
   9313 4545 4838 4546
   9314 4504 4503 4796
   9315 4503 4795 4796
   9316 4626 4334 4625
   9317 4334 4333 4625
   9318 4370 4369 4661
   9319 4662 4370 4661
   9320 4505 4504 4797
   9321 4545 4544 4837
   9322 4544 4836 4837
   9323 4797 4504 4796
   9324 4626 4627 4335
   9325 4335 4334 4626
   9326 4660 4661 4369
   9327 4798 4505 4797
   9328 4505 4798 4506
   9329 4543 4835 4836
   9330 4544 4543 4836
   9331 4336 4627 4628
   9332 4627 4336 4335
   9333 4368 4660 4369
   9334 4799 4506 4798
   9335 4542 4835 4543
   9336 4835 4542 4834
   9337 4799 4507 4506
   9338 4629 4337 4628
   9339 4337 4336 4628
   9340 4659 4368 4367
   9341 4660 4368 4659
   9342 4834 4541 4833
   9343 4834 4542 4541
   9344 4507 4799 4800
   9345 4630 4338 4629
   9346 4338 4337 4629
   9347 4366 4658 4367
   9348 4367 4658 4659
   9349 4508 4507 4800
   9350 4833 4540 4832
   9351 4541 4540 4833
   9352 4630 4631 4339
   9353 4339 4338 4630
   9354 4366 4365 4657
   9355 4658 4366 4657
   9356 4508 4801 4509
   9357 4801 4508 4800
   9358 4540 4539 4832
   9359 4539 4831 4832
   9360 4631 4632 4340
   9361 4631 4340 4339
   9362 4656 4365 4364
   9363 4365 4656 4657
   9364 4801 4802 4509
   9365 4802 4510 4509
   9366 4831 4539 4538
   9367 4831 4538 4830
   9368 4633 4341 4632
   9369 4632 4341 4340
   9370 4655 4656 4364
   9371 4803 4510 4802
   9372 4537 4829 4830
   9373 4537 4830 4538
   9374 4510 4803 4511
   9375 4633 4634 4342
   9376 4341 4633 4342
   9377 4655 4364 4363
   9378 4512 4511 4804
   9379 4537 4536 4829
   9380 4536 4828 4829
   9381 4511 4803 4804
   9382 4634 4635 4343
   9383 4343 4342 4634
   9384 4654 4655 4363
   9385 4805 4512 4804
   9386 4535 4827 4828
   9387 4536 4535 4828
   9388 4635 4636 4344
   9389 4635 4344 4343
   9390 4654 4363 4362
   9391 4513 4512 4805
   9392 4534 4827 4535
   9393 4827 4534 4826
   9394 4637 4345 4636
   9395 4636 4345 4344
   9396 4652 4361 4360
   9397 4362 4361 4653
   9398 4653 4654 4362
   9399 4806 4513 4805
   9400 4825 4826 4533
   9401 4826 4534 4533
   9402 4638 4346 4637
   9403 4346 4345 4637
   9404 4361 4652 4653
   9405 4651 4652 4360
   9406 4513 4806 4514
   9407 4825 4532 4824
   9408 4532 4825 4533
   9409 4638 4639 4347
   9410 4347 4346 4638
   9411 4651 4360 4359
   9412 4807 4514 4806
   9413 4516 4515 4808
   9414 4807 4515 4514
   9415 4532 4531 4824
   9416 4531 4823 4824
   9417 4639 4640 4348
   9418 4639 4348 4347
   9419 4650 4651 4359
   9420 4515 4807 4808
   9421 4809 4516 4808
   9422 4823 4531 4530
   9423 4823 4530 4822
   9424 4641 4349 4640
   9425 4640 4349 4348
   9426 4359 4358 4650
   9427 4649 4650 4358
   9428 4516 4809 4517
   9429 4529 4821 4822
   9430 4529 4822 4530
   9431 4642 4350 4641
   9432 4350 4349 4641
   9433 4649 4357 4648
   9434 4357 4649 4358
   9435 4809 4810 4517
   9436 4529 4528 4821
   9437 4821 4528 4820
   9438 4642 4643 4351
   9439 4351 4350 4642
   9440 4643 4352 4351
   9441 4647 4356 4355
   9442 4648 4357 4356
   9443 4647 4648 4356
   9444 4811 4518 4810
   9445 4810 4518 4517
   9446 4528 4527 4820
   9447 4527 4819 4820
   9448 4643 4644 4352
   9449 4646 4647 4355
   9450 4644 4353 4352
   9451 4519 4811 4812
   9452 4518 4811 4519
   9453 4526 4819 4527
   9454 4819 4526 4818
   9455 4353 4644 4645
   9456 4646 4355 4354
   9457 4354 4353 4645
   9458 4645 4646 4354
   9459 4813 4520 4812
   9460 4520 4519 4812
   9461 4524 4817 4525
   9462 4818 4526 4525
   9463 4817 4818 4525
   9464 4521 4520 4813
   9465 4814 4521 4813
   9466 4817 4524 4816
   9467 4524 4523 4816
   9468 4815 4522 4814
   9469 4521 4814 4522
   9470 4523 4815 4816
   9471 4815 4523 4522
   9472 9719 9720 4586
   9473 9720 9721 4586
   9474 4587 9721 9722
   9475 4586 9721 4587
   9476 4874 9705 9706
   9477 4875 4588 9722
   9478 4588 4587 9722
   9479 5002 4715 4714
   9480 4716 4715 5003
   9481 4729 5017 4730
   9482 5018 4731 4730
   9483 9705 4874 9704
   9484 4589 4875 4876
   9485 4588 4875 4589
   9486 4713 5001 4714
   9487 4715 5002 5003
   9488 5001 5002 4714
   9489 5004 4717 4716
   9490 5004 4716 5003
   9491 5016 4729 4728
   9492 5017 4729 5016
   9493 5017 5018 4730
   9494 5018 5019 4731
   9495 5019 4732 4731
   9496 4874 4873 9704
   9497 4873 9703 9704
   9498 4590 4876 4877
   9499 4876 4590 4589
   9500 4998 4711 4710
   9501 4709 4997 4710
   9502 5000 4713 4712
   9503 5001 4713 5000
   9504 4717 5005 4718
   9505 5005 4717 5004
   9506 5015 4728 4727
   9507 4728 5015 5016
   9508 4732 5019 5020
   9509 5020 4733 4732
   9510 5033 4746 4745
   9511 5032 4745 4744
   9512 9703 4873 4872
   9513 4878 4591 4877
   9514 4591 4590 4877
   9515 4705 4993 4706
   9516 4994 4707 4706
   9517 4998 4999 4711
   9518 4997 4998 4710
   9519 4999 4712 4711
   9520 4996 4709 4708
   9521 4709 4996 4997
   9522 4712 4999 5000
   9523 5005 5006 4718
   9524 5006 4719 4718
   9525 5014 4727 4726
   9526 5014 5015 4727
   9527 5021 4734 4733
   9528 5020 5021 4733
   9529 4746 5033 5034
   9530 5032 5033 4745
   9531 5034 4747 4746
   9532 5031 5032 4744
   9533 4743 5031 4744
   9534 5160 9703 4872
   9535 4878 4879 4592
   9536 4591 4878 4592
   9537 4704 4703 4991
   9538 4990 4703 4702
   9539 4992 4705 4704
   9540 4993 4705 4992
   9541 4993 4994 4706
   9542 4707 4994 4995
   9543 4708 4707 4995
   9544 4996 4708 4995
   9545 5006 5007 4719
   9546 5007 4720 4719
   9547 4725 5013 4726
   9548 5013 5014 4726
   9549 4734 5021 5022
   9550 5022 4735 4734
   9551 5037 4750 4749
   9552 5038 4751 4750
   9553 5035 4747 5034
   9554 4747 5035 4748
   9555 5030 4743 4742
   9556 5031 4743 5030
   9557 5160 4872 4871
   9558 5159 5160 4871
   9559 4879 4880 4593
   9560 4593 4592 4879
   9561 4701 4989 4702
   9562 4703 4990 4991
   9563 4704 4991 4992
   9564 4989 4990 4702
   9565 5008 4721 4720
   9566 4720 5007 5008
   9567 5012 4725 4724
   9568 4725 5012 5013
   9569 4735 5023 4736
   9570 5023 4735 5022
   9571 5036 4749 4748
   9572 4750 5037 5038
   9573 5036 5037 4749
   9574 4751 5039 4752
   9575 5039 4751 5038
   9576 5035 5036 4748
   9577 5029 4742 4741
   9578 4742 5029 5030
   9579 4870 5158 5159
   9580 4871 4870 5159
   9581 5041 4754 4753
   9582 5042 4755 4754
   9583 4881 4594 4880
   9584 4880 4594 4593
   9585 4700 4699 4987
   9586 4988 4701 4700
   9587 4701 4988 4989
   9588 4721 5009 4722
   9589 5009 4721 5008
   9590 4724 4723 5011
   9591 5012 4724 5011
   9592 5023 5024 4736
   9593 5024 4737 4736
   9594 5039 5040 4752
   9595 5040 4753 4752
   9596 5028 5029 4741
   9597 5028 4741 4740
   9598 5158 4870 4869
   9599 5157 5158 4869
   9600 5042 4754 5041
   9601 5040 5041 4753
   9602 4755 5042 5043
   9603 4755 5043 4756
   9604 4882 4595 4881
   9605 4595 4594 4881
   9606 4986 4699 4698
   9607 4699 4986 4987
   9608 4988 4700 4987
   9609 5009 5010 4722
   9610 5010 4723 4722
   9611 4723 5010 5011
   9612 5024 5025 4737
   9613 5025 4738 4737
   9614 5027 5028 4740
   9615 4739 5027 4740
   9616 5044 4757 4756
   9617 4868 5156 5157
   9618 4869 4868 5157
   9619 5043 5044 4756
   9620 4882 4883 4596
   9621 4595 4882 4596
   9622 4697 4985 4698
   9623 4984 4697 4696
   9624 4985 4986 4698
   9625 4738 5025 5026
   9626 5026 4739 4738
   9627 5027 4739 5026
   9628 5045 4758 4757
   9629 5044 5045 4757
   9630 5156 4868 4867
   9631 5156 4867 5155
   9632 5046 4759 4758
   9633 4884 4597 4883
   9634 4596 4883 4597
   9635 4983 4696 4695
   9636 4697 4984 4985
   9637 4696 4983 4984
   9638 5046 4758 5045
   9639 4759 5047 4760
   9640 4761 4760 5048
   9641 4866 5154 5155
   9642 4866 5155 4867
   9643 4759 5046 5047
   9644 4598 4884 4885
   9645 4884 4598 4597
   9646 4982 4695 4694
   9647 4982 4983 4695
   9648 4760 5047 5048
   9649 5048 5049 4761
   9650 5154 4866 4865
   9651 5153 5154 4865
   9652 5049 4762 4761
   9653 4886 4599 4885
   9654 4599 4598 4885
   9655 4980 4693 4692
   9656 4693 4981 4694
   9657 4981 4982 4694
   9658 5050 4763 4762
   9659 4864 5152 5153
   9660 4865 4864 5153
   9661 5050 4762 5049
   9662 4886 4887 4600
   9663 4599 4886 4600
   9664 4692 4691 4979
   9665 4693 4980 4981
   9666 4980 4692 4979
   9667 4763 5050 5051
   9668 4763 5051 4764
   9669 5152 4864 4863
   9670 5151 5152 4863
   9671 5052 4765 4764
   9672 4888 4601 4887
   9673 4600 4887 4601
   9674 4978 4691 4690
   9675 4691 4978 4979
   9676 5051 5052 4764
   9677 5053 4766 4765
   9678 4862 5150 5151
   9679 4863 4862 5151
   9680 5052 5053 4765
   9681 4889 4602 4888
   9682 4888 4602 4601
   9683 4689 4977 4690
   9684 4977 4978 4690
   9685 5054 4766 5053
   9686 5150 4862 4861
   9687 5149 5150 4861
   9688 5054 4767 4766
   9689 4890 4603 4889
   9690 4603 4602 4889
   9691 4688 4687 4975
   9692 4976 4689 4688
   9693 4689 4976 4977
   9694 4767 5055 4768
   9695 4769 4768 5056
   9696 4860 5148 5149
   9697 4861 4860 5149
   9698 4767 5054 5055
   9699 4890 4891 4604
   9700 4603 4890 4604
   9701 4974 4687 4686
   9702 4687 4974 4975
   9703 4976 4688 4975
   9704 4768 5055 5056
   9705 5056 5057 4769
   9706 5148 4860 4859
   9707 5147 5148 4859
   9708 5057 4770 4769
   9709 4605 4891 4892
   9710 4604 4891 4605
   9711 4685 4973 4686
   9712 4973 4974 4686
   9713 5058 4771 4770
   9714 4858 5146 5147
   9715 4859 4858 5147
   9716 5058 4770 5057
   9717 4892 4893 4606
   9718 4892 4606 4605
   9719 4684 4972 4685
   9720 4685 4972 4973
   9721 4771 5058 5059
   9722 5146 4858 4857
   9723 5145 5146 4857
   9724 4771 5059 4772
   9725 4894 4607 4893
   9726 4893 4607 4606
   9727 4684 4683 4971
   9728 4972 4684 4971
   9729 5060 4773 4772
   9730 4856 5144 5145
   9731 4857 4856 5145
   9732 5059 5060 4772
   9733 4894 4895 4608
   9734 4607 4894 4608
   9735 4970 4683 4682
   9736 4683 4970 4971
   9737 5061 4774 4773
   9738 5060 5061 4773
   9739 5144 4856 4855
   9740 5143 5144 4855
   9741 5062 4775 4774
   9742 4895 4896 4609
   9743 4609 4608 4895
   9744 4680 4968 4681
   9745 4681 4969 4682
   9746 4970 4682 4969
   9747 5062 4774 5061
   9748 4775 5063 4776
   9749 4854 5142 5143
   9750 4855 4854 5143
   9751 4775 5062 5063
   9752 4610 4896 4897
   9753 4896 4610 4609
   9754 4679 4967 4680
   9755 4967 4968 4680
   9756 4968 4969 4681
   9757 4776 5063 5064
   9758 5142 4854 4853
   9759 5141 5142 4853
   9760 4777 4776 5064
   9761 4898 4611 4897
   9762 4611 4610 4897
   9763 4677 4965 4678
   9764 4966 4679 4678
   9765 4679 4966 4967
   9766 5065 4778 4777
   9767 5140 5141 4852
   9768 4853 4852 5141
   9769 5064 5065 4777
   9770 4898 4899 4612
   9771 4611 4898 4612
   9772 4676 4964 4677
   9773 4964 4965 4677
   9774 4966 4678 4965
   9775 5066 4778 5065
   9776 5066 4779 4778
   9777 5139 5140 4851
   9778 5140 4852 4851
   9779 4779 5067 4780
   9780 4900 4613 4899
   9781 4612 4899 4613
   9782 4675 4963 4676
   9783 4963 4964 4676
   9784 4779 5066 5067
   9785 5068 4781 4780
   9786 5139 4851 4850
   9787 4850 5138 5139
   9788 5067 5068 4780
   9789 4614 4900 4901
   9790 4900 4614 4613
   9791 4673 4961 4674
   9792 4962 4675 4674
   9793 4675 4962 4963
   9794 5068 5069 4781
   9795 5138 4850 4849
   9796 5137 5138 4849
   9797 5069 4782 4781
   9798 4902 4615 4901
   9799 4615 4614 4901
   9800 4672 4960 4673
   9801 4960 4961 4673
   9802 4962 4674 4961
   9803 4848 5136 5137
   9804 4849 4848 5137
   9805 4783 5071 4784
   9806 5070 4783 4782
   9807 5070 4782 5069
   9808 4902 4903 4616
   9809 4615 4902 4616
   9810 4671 4959 4672
   9811 4958 4671 4670
   9812 4959 4960 4672
   9813 4785 4784 5072
   9814 5136 4848 4847
   9815 5135 5136 4847
   9816 4783 5070 5071
   9817 4784 5071 5072
   9818 4617 4903 4904
   9819 4616 4903 4617
   9820 4669 4957 4670
   9821 4671 4958 4959
   9822 4958 4670 4957
   9823 5073 4786 4785
   9824 5072 5073 4785
   9825 5074 4787 4786
   9826 4846 5134 5135
   9827 4847 4846 5135
   9828 4905 4618 4904
   9829 4904 4618 4617
   9830 4667 4955 4668
   9831 4668 4956 4669
   9832 4956 4957 4669
   9833 5074 4786 5073
   9834 4787 5074 5075
   9835 5134 4846 4845
   9836 5133 5134 4845
   9837 4787 5075 4788
   9838 4906 4619 4905
   9839 4619 4618 4905
   9840 4667 4954 4955
   9841 4955 4956 4668
   9842 5076 4789 4788
   9843 5133 4844 5132
   9844 4845 4844 5133
   9845 5075 5076 4788
   9846 4906 4907 4620
   9847 4619 4906 4620
   9848 4954 4667 4666
   9849 5077 4790 4789
   9850 5076 5077 4789
   9851 4843 5131 5132
   9852 5132 4844 4843
   9853 5078 4791 4790
   9854 4621 4907 4908
   9855 4620 4907 4621
   9856 4665 4953 4666
   9857 4954 4666 4953
   9858 5078 4790 5077
   9859 4791 5079 4792
   9860 4793 4792 5080
   9861 4842 5131 4843
   9862 4842 5130 5131
   9863 4791 5078 5079
   9864 4909 4622 4908
   9865 4908 4622 4621
   9866 4664 4952 4665
   9867 4952 4953 4665
   9868 4792 5079 5080
   9869 5080 5081 4793
   9870 5130 4842 4841
   9871 5129 5130 4841
   9872 4909 4910 4623
   9873 4622 4909 4623
   9874 4663 4951 4664
   9875 4951 4952 4664
   9876 5081 4794 4793
   9877 4840 5128 5129
   9878 4841 4840 5129
   9879 4911 4624 4910
   9880 4623 4910 4624
   9881 4950 4663 4662
   9882 4951 4663 4950
   9883 5082 4794 5081
   9884 5082 4795 4794
   9885 5128 4840 4839
   9886 5127 5128 4839
   9887 4911 4912 4625
   9888 4911 4625 4624
   9889 4661 4949 4662
   9890 4662 4949 4950
   9891 4795 5082 5083
   9892 4795 5083 4796
   9893 4838 5126 5127
   9894 4839 4838 5127
   9895 4912 4913 4626
   9896 4912 4626 4625
   9897 4660 4948 4661
   9898 4948 4949 4661
   9899 5083 5084 4796
   9900 5126 4838 4837
   9901 5125 5126 4837
   9902 5084 4797 4796
   9903 4914 4627 4913
   9904 4913 4627 4626
   9905 4659 4947 4660
   9906 4947 4948 4660
   9907 4798 4797 5085
   9908 5124 5125 4836
   9909 4837 4836 5125
   9910 4797 5084 5085
   9911 4628 4914 4915
   9912 4627 4914 4628
   9913 4946 4659 4658
   9914 4947 4659 4946
   9915 5086 4798 5085
   9916 4835 5123 5124
   9917 4836 4835 5124
   9918 4798 5086 4799
   9919 4915 4916 4629
   9920 4915 4629 4628
   9921 4945 4946 4658
   9922 5123 4835 4834
   9923 4834 5122 5123
   9924 4799 5086 5087
   9925 4630 4916 4917
   9926 4916 4630 4629
   9927 4945 4658 4657
   9928 5087 4800 4799
   9929 5122 4834 4833
   9930 5121 5122 4833
   9931 4918 4631 4917
   9932 4631 4630 4917
   9933 4656 4944 4657
   9934 4945 4657 4944
   9935 4800 5087 5088
   9936 4801 4800 5088
   9937 4832 5120 5121
   9938 4833 4832 5121
   9939 4918 4919 4632
   9940 4631 4918 4632
   9941 4943 4656 4655
   9942 4656 4943 4944
   9943 4801 5088 5089
   9944 4802 4801 5089
   9945 5120 4832 4831
   9946 5120 4831 5119
   9947 4919 4920 4633
   9948 4633 4632 4919
   9949 4942 4943 4655
   9950 5090 4802 5089
   9951 5090 4803 4802
   9952 4830 5118 5119
   9953 4830 5119 4831
   9954 4634 4920 4921
   9955 4920 4634 4633
   9956 4942 4655 4654
   9957 4803 5090 5091
   9958 5118 4830 4829
   9959 5117 5118 4829
   9960 4803 5091 4804
   9961 4922 4635 4921
   9962 4635 4634 4921
   9963 4941 4942 4654
   9964 5091 5092 4804
   9965 5117 4828 5116
   9966 4829 4828 5117
   9967 4922 4923 4636
   9968 4635 4922 4636
   9969 4941 4654 4653
   9970 4652 4940 4653
   9971 4941 4653 4940
   9972 5092 4805 4804
   9973 4827 5115 5116
   9974 4827 5116 4828
   9975 4924 4637 4923
   9976 4636 4923 4637
   9977 4652 4939 4940
   9978 4805 5092 5093
   9979 5115 4827 4826
   9980 4826 5114 5115
   9981 4638 4924 4925
   9982 4924 4638 4637
   9983 4652 4651 4939
   9984 4651 4938 4939
   9985 5094 4806 5093
   9986 4806 4805 5093
   9987 5114 4826 4825
   9988 5113 5114 4825
   9989 4926 4639 4925
   9990 4639 4638 4925
   9991 4938 4651 4650
   9992 4937 4938 4650
   9993 4807 5094 5095
   9994 4806 5094 4807
   9995 4824 5112 5113
   9996 4825 4824 5113
   9997 4926 4927 4640
   9998 4639 4926 4640
   9999 4937 4649 4936
   10000 4937 4650 4649
   10001 4808 5095 5096
   10002 5095 4808 4807
   10003 5112 4824 4823
   10004 5112 4823 5111
   10005 4928 4641 4927
   10006 4640 4927 4641
   10007 4648 4936 4649
   10008 4648 4935 4936
   10009 4809 5096 5097
   10010 4809 4808 5096
   10011 4822 5110 5111
   10012 4822 5111 4823
   10013 4642 4928 4929
   10014 4928 4642 4641
   10015 4643 4930 4644
   10016 4643 4642 4929
   10017 4934 4935 4647
   10018 4935 4648 4647
   10019 5098 4810 5097
   10020 4810 4809 5097
   10021 5110 4822 4821
   10022 5109 5110 4821
   10023 4930 4643 4929
   10024 4930 4931 4644
   10025 4934 4647 4646
   10026 4933 4934 4646
   10027 4811 5098 5099
   10028 5098 4811 4810
   10029 5108 5109 4820
   10030 4821 4820 5109
   10031 4644 4931 4645
   10032 4646 4932 4933
   10033 5099 5100 4812
   10034 4811 5099 4812
   10035 4819 5107 5108
   10036 4820 4819 5108
   10037 4932 4645 4931
   10038 4932 4646 4645
   10039 5100 5101 4812
   10040 4817 4816 5105
   10041 5106 4818 4817
   10042 5107 4819 4818
   10043 4818 5106 5107
   10044 5101 5102 4813
   10045 4813 4812 5101
   10046 5105 4816 5104
   10047 5105 5106 4817
   10048 4814 5102 5103
   10049 5102 4814 4813
   10050 5104 4816 4815
   10051 4815 5103 5104
   10052 4814 5103 4815
   10053 8900 4875 9722
   10054 8900 8899 4875
   10055 4876 8899 8901
   10056 8899 4876 4875
   10057 9702 9703 5160
   10058 8901 8902 4876
   10059 4991 5275 4992
   10060 5276 4993 4992
   10061 5300 5017 5016
   10062 5301 5018 5017
   10063 9701 9702 5160
   10064 4877 8902 8903
   10065 8902 4877 4876
   10066 5274 4991 4990
   10067 4991 5274 5275
   10068 5275 5276 4992
   10069 4993 5276 5277
   10070 4994 4993 5277
   10071 5015 5299 5016
   10072 5300 5301 5017
   10073 5299 5300 5016
   10074 5018 5301 5302
   10075 5302 5019 5018
   10076 5160 5159 9701
   10077 4878 8903 5161
   10078 4878 4877 8903
   10079 5272 4989 4988
   10080 4990 4989 5273
   10081 5274 4990 5273
   10082 4994 5277 5278
   10083 5278 4995 4994
   10084 5298 5015 5014
   10085 5299 5015 5298
   10086 5019 5303 5020
   10087 5303 5019 5302
   10088 9701 5159 9700
   10089 5327 5044 5043
   10090 5326 5043 5042
   10091 5162 4879 5161
   10092 4879 4878 5161
   10093 4989 5272 5273
   10094 5271 5272 4988
   10095 4995 5279 4996
   10096 5279 4995 5278
   10097 5297 5014 5013
   10098 5014 5297 5298
   10099 5303 5304 5020
   10100 5304 5021 5020
   10101 5159 5158 9700
   10102 9699 9700 5158
   10103 5328 5044 5327
   10104 5326 5327 5043
   10105 5328 5045 5044
   10106 5325 5326 5042
   10107 5041 5325 5042
   10108 4880 5162 5163
   10109 5162 4880 4879
   10110 4987 5271 4988
   10111 5279 5280 4996
   10112 5280 4997 4996
   10113 5296 5013 5012
   10114 5296 5297 5013
   10115 5305 5021 5304
   10116 5021 5305 5022
   10117 5442 9699 5158
   10118 5045 5328 5329
   10119 5324 5041 5040
   10120 5041 5324 5325
   10121 5045 5329 5046
   10122 5164 4881 5163
   10123 4881 4880 5163
   10124 4986 4985 5269
   10125 5270 4987 4986
   10126 4987 5270 5271
   10127 5280 5281 4997
   10128 5281 4998 4997
   10129 5011 5295 5012
   10130 5295 5296 5012
   10131 5305 5306 5022
   10132 5306 5023 5022
   10133 5158 5157 5442
   10134 5157 5441 5442
   10135 5323 5040 5039
   10136 5040 5323 5324
   10137 5329 5330 5046
   10138 5330 5047 5046
   10139 5164 5165 4882
   10140 4881 5164 4882
   10141 5268 4985 4984
   10142 4985 5268 5269
   10143 5270 4986 5269
   10144 5282 4999 4998
   10145 5282 4998 5281
   10146 5294 5011 5010
   10147 5295 5011 5294
   10148 5307 5024 5023
   10149 5306 5307 5023
   10150 5331 5048 5047
   10151 5156 5440 5441
   10152 5157 5156 5441
   10153 5322 5323 5039
   10154 5322 5039 5038
   10155 5330 5331 5047
   10156 5165 5166 4883
   10157 4883 4882 5165
   10158 4983 5267 4984
   10159 5267 5268 4984
   10160 4999 5283 5000
   10161 4999 5282 5283
   10162 5010 5009 5293
   10163 5010 5293 5294
   10164 5024 5307 5308
   10165 5024 5308 5025
   10166 5332 5048 5331
   10167 5440 5156 5155
   10168 5439 5440 5155
   10169 5321 5322 5038
   10170 5037 5321 5038
   10171 5167 4883 5166
   10172 5266 4983 4982
   10173 4983 5266 5267
   10174 5283 5284 5000
   10175 5284 5001 5000
   10176 5009 5292 5293
   10177 5292 5009 5008
   10178 5309 5025 5308
   10179 5025 5309 5026
   10180 5332 5049 5048
   10181 5154 5438 5439
   10182 5155 5154 5439
   10183 5320 5037 5036
   10184 5321 5037 5320
   10185 5167 5168 4884
   10186 5167 4884 4883
   10187 5264 4981 4980
   10188 4982 4981 5265
   10189 5266 4982 5265
   10190 5001 5284 5285
   10191 5002 5001 5285
   10192 5291 5292 5008
   10193 5007 5291 5008
   10194 5309 5310 5026
   10195 5310 5027 5026
   10196 5049 5332 5333
   10197 5049 5333 5050
   10198 5438 5154 5153
   10199 5438 5153 5437
   10200 5051 5050 5334
   10201 5319 5036 5035
   10202 5036 5319 5320
   10203 5168 5169 4885
   10204 5168 4885 4884
   10205 4979 5263 4980
   10206 4981 5264 5265
   10207 5263 5264 4980
   10208 5286 5003 5002
   10209 5002 5285 5286
   10210 5290 5007 5006
   10211 5007 5290 5291
   10212 5310 5311 5027
   10213 5311 5028 5027
   10214 5050 5333 5334
   10215 5335 5052 5051
   10216 5152 5436 5437
   10217 5152 5437 5153
   10218 5334 5335 5051
   10219 5318 5319 5035
   10220 5318 5035 5034
   10221 4886 5169 5170
   10222 5169 4886 4885
   10223 4979 5262 5263
   10224 5003 5287 5004
   10225 5287 5003 5286
   10226 5289 5006 5005
   10227 5290 5006 5289
   10228 5028 5311 5312
   10229 5312 5029 5028
   10230 5336 5052 5335
   10231 5436 5152 5151
   10232 5435 5436 5151
   10233 5336 5053 5052
   10234 5317 5318 5034
   10235 5033 5317 5034
   10236 5170 5171 4887
   10237 4886 5170 4887
   10238 5262 4979 4978
   10239 5287 5288 5004
   10240 5288 5005 5004
   10241 5288 5289 5005
   10242 5029 5313 5030
   10243 5313 5029 5312
   10244 5053 5337 5054
   10245 5338 5055 5054
   10246 5150 5434 5435
   10247 5151 5150 5435
   10248 5053 5336 5337
   10249 5316 5033 5032
   10250 5317 5033 5316
   10251 5171 5172 4888
   10252 4888 4887 5171
   10253 4978 4977 5261
   10254 5262 4978 5261
   10255 5313 5314 5030
   10256 5314 5031 5030
   10257 5337 5338 5054
   10258 5338 5339 5055
   10259 5150 5149 5434
   10260 5434 5149 5433
   10261 5339 5056 5055
   10262 5315 5032 5031
   10263 5032 5315 5316
   10264 4889 5172 5173
   10265 5172 4889 4888
   10266 4975 5259 4976
   10267 5260 4977 4976
   10268 4977 5260 5261
   10269 5314 5315 5031
   10270 5340 5057 5056
   10271 5149 5148 5433
   10272 5148 5432 5433
   10273 5340 5056 5339
   10274 5174 4890 5173
   10275 4890 4889 5173
   10276 4974 5258 4975
   10277 4975 5258 5259
   10278 5259 5260 4976
   10279 5057 5340 5341
   10280 5432 5148 5147
   10281 5431 5432 5147
   10282 5057 5341 5058
   10283 5175 4891 5174
   10284 4890 5174 4891
   10285 4974 4973 5257
   10286 5258 4974 5257
   10287 5059 5058 5342
   10288 5343 5060 5059
   10289 5146 5430 5431
   10290 5147 5146 5431
   10291 5058 5341 5342
   10292 5175 5176 4892
   10293 5175 4892 4891
   10294 5256 4973 4972
   10295 4973 5256 5257
   10296 5342 5343 5059
   10297 5344 5060 5343
   10298 5344 5061 5060
   10299 5430 5146 5145
   10300 5430 5145 5429
   10301 5176 5177 4893
   10302 5176 4893 4892
   10303 4970 5254 4971
   10304 4971 5255 4972
   10305 5256 4972 5255
   10306 5061 5344 5345
   10307 5061 5345 5062
   10308 5144 5428 5429
   10309 5144 5429 5145
   10310 4894 5177 5178
   10311 5177 4894 4893
   10312 4969 5253 4970
   10313 5253 5254 4970
   10314 5254 5255 4971
   10315 5345 5346 5062
   10316 5428 5144 5143
   10317 5427 5428 5143
   10318 5346 5063 5062
   10319 5178 5179 4895
   10320 4894 5178 4895
   10321 5252 4969 4968
   10322 4969 5252 5253
   10323 5347 5064 5063
   10324 5142 5426 5427
   10325 5143 5142 5427
   10326 5346 5347 5063
   10327 5180 4896 5179
   10328 4895 5179 4896
   10329 4967 5251 4968
   10330 5252 4968 5251
   10331 5348 5064 5347
   10332 5348 5065 5064
   10333 5142 5141 5426
   10334 5141 5425 5426
   10335 5065 5349 5066
   10336 4897 5180 5181
   10337 5180 4897 4896
   10338 4965 5249 4966
   10339 4966 5250 4967
   10340 5250 5251 4967
   10341 5065 5348 5349
   10342 5067 5066 5350
   10343 5140 5424 5425
   10344 5141 5140 5425
   10345 5066 5349 5350
   10346 5182 4898 5181
   10347 4898 4897 5181
   10348 5248 4965 4964
   10349 4965 5248 5249
   10350 5249 5250 4966
   10351 5350 5351 5067
   10352 5424 5140 5139
   10353 5423 5424 5139
   10354 5351 5068 5067
   10355 4899 5182 5183
   10356 4898 5182 4899
   10357 4962 5246 4963
   10358 4963 5247 4964
   10359 5248 4964 5247
   10360 5352 5069 5068
   10361 5069 5353 5070
   10362 5138 5422 5423
   10363 5139 5138 5423
   10364 5352 5068 5351
   10365 5183 5184 4900
   10366 5183 4900 4899
   10367 4961 5245 4962
   10368 5245 5246 4962
   10369 5246 5247 4963
   10370 5069 5352 5353
   10371 5353 5354 5070
   10372 5137 5422 5138
   10373 5422 5137 5421
   10374 5354 5071 5070
   10375 4901 5184 5185
   10376 5184 4901 4900
   10377 5244 4961 4960
   10378 4961 5244 5245
   10379 5355 5072 5071
   10380 5356 5073 5072
   10381 5136 5420 5421
   10382 5421 5137 5136
   10383 5354 5355 5071
   10384 5186 4902 5185
   10385 4902 4901 5185
   10386 4959 5243 4960
   10387 4958 5242 4959
   10388 5244 4960 5243
   10389 5356 5072 5355
   10390 5073 5356 5357
   10391 5420 5136 5135
   10392 5419 5420 5135
   10393 5073 5357 5074
   10394 4903 5186 5187
   10395 4902 5186 4903
   10396 4957 5241 4958
   10397 5242 5243 4959
   10398 5241 5242 4958
   10399 5075 5074 5358
   10400 5418 5419 5134
   10401 5135 5134 5419
   10402 5074 5357 5358
   10403 5187 5188 4904
   10404 5187 4904 4903
   10405 4955 5239 4956
   10406 5240 4957 4956
   10407 4957 5240 5241
   10408 5359 5076 5075
   10409 5358 5359 5075
   10410 5418 5133 5417
   10411 5133 5418 5134
   10412 5360 5077 5076
   10413 4905 5188 5189
   10414 5188 4905 4904
   10415 4954 5238 4955
   10416 5238 5239 4955
   10417 5240 4956 5239
   10418 5360 5076 5359
   10419 5077 5361 5078
   10420 5133 5132 5417
   10421 5132 5416 5417
   10422 5077 5360 5361
   10423 4906 5189 5190
   10424 4906 4905 5189
   10425 4953 5237 4954
   10426 5237 5238 4954
   10427 5361 5362 5078
   10428 5362 5079 5078
   10429 5416 5132 5131
   10430 5415 5416 5131
   10431 5363 5080 5079
   10432 5191 4907 5190
   10433 4906 5190 4907
   10434 5236 4953 4952
   10435 4953 5236 5237
   10436 5362 5363 5079
   10437 5130 5414 5415
   10438 5131 5130 5415
   10439 5364 5081 5080
   10440 5364 5080 5363
   10441 5191 5192 4908
   10442 5191 4908 4907
   10443 4951 5235 4952
   10444 4952 5235 5236
   10445 5081 5365 5082
   10446 5414 5130 5129
   10447 5414 5129 5413
   10448 5081 5364 5365
   10449 5192 5193 4909
   10450 5192 4909 4908
   10451 4950 5234 4951
   10452 5234 5235 4951
   10453 5082 5365 5366
   10454 5083 5082 5366
   10455 5128 5412 5413
   10456 5413 5129 5128
   10457 5194 4910 5193
   10458 5193 4910 4909
   10459 4949 5233 4950
   10460 5233 5234 4950
   10461 5083 5366 5367
   10462 5412 5128 5127
   10463 5411 5412 5127
   10464 5084 5083 5367
   10465 5195 4911 5194
   10466 4910 5194 4911
   10467 5232 4949 4948
   10468 5233 4949 5232
   10469 5368 5085 5084
   10470 5411 5126 5410
   10471 5127 5126 5411
   10472 5368 5084 5367
   10473 5195 5196 4912
   10474 5195 4912 4911
   10475 5231 5232 4948
   10476 5085 5368 5369
   10477 5409 5410 5125
   10478 5126 5125 5410
   10479 5369 5086 5085
   10480 5197 4913 5196
   10481 5196 4913 4912
   10482 5231 4948 4947
   10483 5124 5409 5125
   10484 5124 5408 5409
   10485 5369 5370 5086
   10486 5197 5198 4914
   10487 4913 5197 4914
   10488 4946 5230 4947
   10489 5231 4947 5230
   10490 5370 5087 5086
   10491 5408 5124 5123
   10492 5407 5408 5123
   10493 5198 5199 4915
   10494 4914 5198 4915
   10495 4946 4945 5229
   10496 4946 5229 5230
   10497 5087 5370 5371
   10498 5122 5406 5407
   10499 5123 5122 5407
   10500 5088 5087 5371
   10501 5200 4916 5199
   10502 4915 5199 4916
   10503 5228 4945 4944
   10504 4945 5228 5229
   10505 5372 5089 5088
   10506 5121 5406 5122
   10507 5406 5121 5405
   10508 5372 5088 5371
   10509 4917 5200 5201
   10510 5200 4917 4916
   10511 5227 4944 4943
   10512 5227 5228 4944
   10513 5089 5372 5373
   10514 5089 5373 5090
   10515 5120 5404 5405
   10516 5405 5121 5120
   10517 5202 4918 5201
   10518 4918 4917 5201
   10519 4942 5226 4943
   10520 4943 5226 5227
   10521 5090 5373 5374
   10522 5404 5120 5119
   10523 5403 5404 5119
   10524 5202 5203 4919
   10525 4918 5202 4919
   10526 5226 4942 5225
   10527 5091 5090 5374
   10528 5402 5403 5118
   10529 5119 5118 5403
   10530 5203 5204 4920
   10531 4920 4919 5203
   10532 5225 4942 4941
   10533 5091 5374 5375
   10534 5401 5402 5117
   10535 5117 5402 5118
   10536 5092 5091 5375
   10537 4921 5204 5205
   10538 5204 4921 4920
   10539 5224 5225 4941
   10540 5376 5092 5375
   10541 5092 5376 5093
   10542 5116 5401 5117
   10543 5116 5400 5401
   10544 5206 4922 5205
   10545 4922 4921 5205
   10546 5224 4941 4940
   10547 5093 5376 5377
   10548 5400 5116 5115
   10549 5399 5400 5115
   10550 4923 5206 5207
   10551 4922 5206 4923
   10552 5223 4940 4939
   10553 5223 5224 4940
   10554 5377 5094 5093
   10555 5114 5398 5399
   10556 5115 5114 5399
   10557 5207 5208 4924
   10558 5207 4924 4923
   10559 5223 4939 5222
   10560 5377 5378 5094
   10561 5113 5398 5114
   10562 5398 5113 5397
   10563 4925 5208 5209
   10564 5208 4925 4924
   10565 4938 5222 4939
   10566 4938 5221 5222
   10567 5095 5378 5379
   10568 5378 5095 5094
   10569 5380 5096 5095
   10570 5112 5396 5397
   10571 5397 5113 5112
   10572 5210 4926 5209
   10573 4926 4925 5209
   10574 4937 5220 5221
   10575 4938 4937 5221
   10576 5379 5380 5095
   10577 5096 5380 5381
   10578 5396 5112 5111
   10579 5395 5396 5111
   10580 4927 5210 5211
   10581 4926 5210 4927
   10582 5220 4937 4936
   10583 5219 5220 4936
   10584 5381 5097 5096
   10585 5394 5395 5110
   10586 5111 5110 5395
   10587 5211 5212 4928
   10588 5211 4928 4927
   10589 4930 5214 4931
   10590 4935 5218 5219
   10591 5219 4936 4935
   10592 5097 5381 5382
   10593 5393 5394 5109
   10594 5109 5394 5110
   10595 4929 5212 5213
   10596 5212 4929 4928
   10597 4930 4929 5213
   10598 5214 4930 5213
   10599 5215 4931 5214
   10600 5218 4934 5217
   10601 4934 5218 4935
   10602 5383 5098 5382
   10603 5097 5382 5098
   10604 5108 5393 5109
   10605 5108 5392 5393
   10606 5215 4932 4931
   10607 4934 4933 5217
   10608 4933 5216 5217
   10609 5383 5384 5099
   10610 5099 5098 5383
   10611 5392 5108 5107
   10612 5391 5392 5107
   10613 5389 5105 5104
   10614 5215 5216 4932
   10615 5216 4933 4932
   10616 5100 5384 5385
   10617 5384 5100 5099
   10618 5106 5390 5391
   10619 5107 5106 5391
   10620 5105 5390 5106
   10621 5105 5389 5390
   10622 5104 5388 5389
   10623 5385 5386 5101
   10624 5100 5385 5101
   10625 5388 5104 5103
   10626 5386 5387 5102
   10627 5101 5386 5102
   10628 5387 5388 5103
   10629 5103 5102 5387
   10630 8906 5161 8905
   10631 5301 5581 5302
   10632 5580 5301 5300
   10633 5161 8906 8907
   10634 5549 5270 5269
   10635 5271 5270 5550
   10636 5301 5580 5581
   10637 5582 5302 5581
   10638 5302 5582 5303
   10639 5299 5579 5300
   10640 5579 5580 5300
   10641 8908 5161 8907
   10642 5268 5548 5269
   10643 5270 5549 5550
   10644 5549 5269 5548
   10645 5551 5271 5550
   10646 5271 5551 5272
   10647 9696 9697 5442
   10648 5582 5583 5303
   10649 5303 5583 5304
   10650 5299 5298 5578
   10651 5579 5299 5578
   10652 8908 8909 5162
   10653 5161 8908 5162
   10654 5547 5548 5268
   10655 5272 5552 5273
   10656 5551 5552 5272
   10657 5331 5611 5332
   10658 5332 5612 5333
   10659 5584 5305 5304
   10660 5583 5584 5304
   10661 5297 5577 5298
   10662 5578 5298 5577
   10663 8909 8910 5162
   10664 5267 5547 5268
   10665 5553 5273 5552
   10666 5273 5553 5274
   10667 5610 5331 5330
   10668 5611 5331 5610
   10669 5332 5611 5612
   10670 5612 5613 5333
   10671 9695 5441 9694
   10672 5305 5585 5306
   10673 5585 5305 5584
   10674 5576 5297 5296
   10675 5297 5576 5577
   10676 8910 8911 5162
   10677 5547 5267 5546
   10678 5163 5162 8911
   10679 5274 5553 5554
   10680 5275 5274 5554
   10681 5329 5609 5330
   10682 5609 5610 5330
   10683 5333 5613 5334
   10684 5441 9693 9694
   10685 5306 5585 5586
   10686 5306 5586 5307
   10687 5295 5575 5296
   10688 5575 5576 5296
   10689 8912 5163 8911
   10690 5267 5266 5546
   10691 5555 5275 5554
   10692 5275 5555 5276
   10693 5328 5608 5329
   10694 5608 5609 5329
   10695 5613 5614 5334
   10696 5614 5335 5334
   10697 9693 5441 5440
   10698 9692 9693 5440
   10699 5586 5587 5307
   10700 5307 5587 5308
   10701 5294 5574 5295
   10702 5574 5575 5295
   10703 8912 8913 5163
   10704 5266 5545 5546
   10705 5163 8914 5164
   10706 5556 5277 5276
   10707 5555 5556 5276
   10708 5327 5607 5328
   10709 5608 5328 5607
   10710 5615 5335 5614
   10711 9691 9692 5440
   10712 5588 5309 5308
   10713 5587 5588 5308
   10714 5293 5573 5294
   10715 5574 5294 5573
   10716 8913 8914 5163
   10717 5545 5266 5265
   10718 8914 8915 5164
   10719 5545 5265 5544
   10720 5277 5557 5278
   10721 5277 5556 5557
   10722 5606 5327 5326
   10723 5327 5606 5607
   10724 5335 5615 5336
   10725 9691 5440 9690
   10726 5309 5589 5310
   10727 5309 5588 5589
   10728 5572 5293 5292
   10729 5293 5572 5573
   10730 5264 5544 5265
   10731 5443 5164 8915
   10732 5543 5544 5264
   10733 5558 5278 5557
   10734 5279 5278 5558
   10735 5325 5605 5326
   10736 5605 5606 5326
   10737 5439 9690 5440
   10738 5336 5615 5616
   10739 5439 9689 9690
   10740 5589 5590 5310
   10741 5590 5311 5310
   10742 5291 5571 5292
   10743 5571 5572 5292
   10744 5164 5443 5165
   10745 5263 5543 5264
   10746 5543 5263 5542
   10747 5559 5279 5558
   10748 5279 5559 5280
   10749 5324 5604 5325
   10750 5604 5605 5325
   10751 5336 5616 5337
   10752 5616 5617 5337
   10753 5311 5590 5591
   10754 5311 5591 5312
   10755 5291 5290 5570
   10756 5571 5291 5570
   10757 5443 5444 5165
   10758 5262 5541 5542
   10759 5263 5262 5542
   10760 5560 5281 5280
   10761 5559 5560 5280
   10762 5323 5603 5324
   10763 5604 5324 5603
   10764 9687 5439 5438
   10765 5617 5618 5338
   10766 5337 5617 5338
   10767 5312 5592 5313
   10768 5592 5312 5591
   10769 5289 5569 5290
   10770 5290 5569 5570
   10771 5445 5166 5444
   10772 5166 5165 5444
   10773 5541 5261 5540
   10774 5541 5262 5261
   10775 5281 5561 5282
   10776 5561 5281 5560
   10777 5602 5323 5322
   10778 5323 5602 5603
   10779 5718 9687 5438
   10780 5619 5339 5618
   10781 5618 5339 5338
   10782 5313 5593 5314
   10783 5592 5593 5313
   10784 5568 5289 5288
   10785 5569 5289 5568
   10786 5446 5167 5445
   10787 5166 5445 5167
   10788 5260 5540 5261
   10789 5539 5540 5260
   10790 5282 5561 5562
   10791 5283 5282 5562
   10792 5321 5601 5322
   10793 5601 5602 5322
   10794 5438 5437 5717
   10795 5438 5717 5718
   10796 5340 5619 5620
   10797 5339 5619 5340
   10798 5593 5594 5314
   10799 5594 5315 5314
   10800 5287 5567 5288
   10801 5567 5568 5288
   10802 5447 5168 5446
   10803 5446 5168 5167
   10804 5259 5539 5260
   10805 5539 5259 5538
   10806 5563 5283 5562
   10807 5283 5563 5284
   10808 5320 5600 5321
   10809 5600 5601 5321
   10810 5437 5716 5717
   10811 5620 5621 5341
   10812 5340 5620 5341
   10813 5315 5594 5595
   10814 5315 5595 5316
   10815 5286 5566 5287
   10816 5566 5567 5287
   10817 5169 5447 5448
   10818 5168 5447 5169
   10819 5258 5537 5538
   10820 5259 5258 5538
   10821 5563 5564 5284
   10822 5564 5285 5284
   10823 5319 5599 5320
   10824 5600 5320 5599
   10825 5437 5436 5716
   10826 5621 5622 5342
   10827 5341 5621 5342
   10828 5436 5715 5716
   10829 5316 5596 5317
   10830 5596 5316 5595
   10831 5285 5565 5286
   10832 5566 5286 5565
   10833 5170 5448 5449
   10834 5448 5170 5169
   10835 5536 5537 5257
   10836 5537 5258 5257
   10837 5285 5564 5565
   10838 5598 5319 5318
   10839 5319 5598 5599
   10840 5623 5343 5622
   10841 5622 5343 5342
   10842 5715 5436 5435
   10843 5715 5435 5714
   10844 5317 5597 5318
   10845 5596 5597 5317
   10846 5450 5171 5449
   10847 5170 5449 5171
   10848 5257 5256 5536
   10849 5535 5536 5256
   10850 5597 5598 5318
   10851 5344 5623 5624
   10852 5343 5623 5344
   10853 5713 5714 5434
   10854 5434 5714 5435
   10855 5451 5172 5450
   10856 5450 5172 5171
   10857 5255 5535 5256
   10858 5535 5255 5534
   10859 5624 5625 5345
   10860 5344 5624 5345
   10861 5713 5433 5712
   10862 5433 5713 5434
   10863 5451 5452 5173
   10864 5172 5451 5173
   10865 5533 5534 5254
   10866 5534 5255 5254
   10867 5625 5626 5346
   10868 5345 5625 5346
   10869 5433 5432 5712
   10870 5432 5711 5712
   10871 5453 5174 5452
   10872 5174 5173 5452
   10873 5532 5533 5253
   10874 5533 5254 5253
   10875 5627 5347 5626
   10876 5626 5347 5346
   10877 5711 5432 5431
   10878 5710 5711 5431
   10879 5454 5175 5453
   10880 5174 5453 5175
   10881 5532 5253 5252
   10882 5252 5531 5532
   10883 5348 5627 5628
   10884 5347 5627 5348
   10885 5430 5709 5710
   10886 5431 5430 5710
   10887 5455 5176 5454
   10888 5454 5176 5175
   10889 5251 5531 5252
   10890 5531 5251 5530
   10891 5628 5629 5349
   10892 5348 5628 5349
   10893 5430 5429 5709
   10894 5429 5708 5709
   10895 5455 5456 5177
   10896 5176 5455 5177
   10897 5529 5530 5250
   10898 5530 5251 5250
   10899 5630 5350 5629
   10900 5350 5349 5629
   10901 5428 5707 5708
   10902 5429 5428 5708
   10903 5457 5178 5456
   10904 5456 5178 5177
   10905 5528 5529 5249
   10906 5529 5250 5249
   10907 5631 5351 5630
   10908 5630 5351 5350
   10909 5427 5707 5428
   10910 5707 5427 5706
   10911 5457 5458 5179
   10912 5178 5457 5179
   10913 5528 5249 5248
   10914 5248 5527 5528
   10915 5352 5631 5632
   10916 5351 5631 5352
   10917 5706 5426 5705
   10918 5706 5427 5426
   10919 5180 5458 5459
   10920 5180 5179 5458
   10921 5247 5527 5248
   10922 5527 5247 5526
   10923 5632 5633 5353
   10924 5352 5632 5353
   10925 5705 5425 5704
   10926 5426 5425 5705
   10927 5459 5460 5181
   10928 5181 5180 5459
   10929 5525 5526 5246
   10930 5526 5247 5246
   10931 5633 5634 5354
   10932 5353 5633 5354
   10933 5425 5424 5704
   10934 5424 5703 5704
   10935 5182 5460 5461
   10936 5460 5182 5181
   10937 5525 5246 5245
   10938 5524 5525 5245
   10939 5635 5355 5634
   10940 5634 5355 5354
   10941 5703 5424 5423
   10942 5702 5703 5423
   10943 5462 5183 5461
   10944 5183 5182 5461
   10945 5524 5245 5244
   10946 5244 5523 5524
   10947 5356 5635 5636
   10948 5355 5635 5356
   10949 5422 5701 5702
   10950 5423 5422 5702
   10951 5462 5463 5184
   10952 5184 5183 5462
   10953 5243 5523 5244
   10954 5523 5243 5522
   10955 5636 5637 5357
   10956 5356 5636 5357
   10957 5422 5421 5701
   10958 5421 5700 5701
   10959 5185 5463 5464
   10960 5463 5185 5184
   10961 5521 5242 5241
   10962 5522 5243 5242
   10963 5521 5522 5242
   10964 5638 5358 5637
   10965 5358 5357 5637
   10966 5420 5699 5700
   10967 5421 5420 5700
   10968 5465 5186 5464
   10969 5186 5185 5464
   10970 5520 5241 5240
   10971 5520 5521 5241
   10972 5639 5359 5638
   10973 5638 5359 5358
   10974 5419 5699 5420
   10975 5699 5419 5698
   10976 5466 5187 5465
   10977 5187 5186 5465
   10978 5518 5239 5238
   10979 5239 5519 5240
   10980 5520 5240 5519
   10981 5360 5639 5640
   10982 5359 5639 5360
   10983 5697 5698 5418
   10984 5698 5419 5418
   10985 5466 5467 5188
   10986 5188 5187 5466
   10987 5517 5238 5237
   10988 5239 5518 5519
   10989 5517 5518 5238
   10990 5640 5641 5361
   10991 5360 5640 5361
   10992 5697 5417 5696
   10993 5417 5697 5418
   10994 5361 5641 5362
   10995 5467 5468 5189
   10996 5467 5189 5188
   10997 5516 5237 5236
   10998 5516 5517 5237
   10999 5641 5642 5362
   11000 5642 5363 5362
   11001 5417 5416 5696
   11002 5416 5695 5696
   11003 5469 5190 5468
   11004 5468 5190 5189
   11005 5516 5236 5515
   11006 5643 5363 5642
   11007 5363 5643 5364
   11008 5695 5416 5415
   11009 5695 5415 5694
   11010 5364 5644 5365
   11011 5470 5191 5469
   11012 5191 5190 5469
   11013 5235 5515 5236
   11014 5364 5643 5644
   11015 5414 5693 5694
   11016 5414 5694 5415
   11017 5366 5365 5645
   11018 5644 5645 5365
   11019 5470 5471 5192
   11020 5192 5191 5470
   11021 5234 5514 5235
   11022 5514 5515 5235
   11023 5646 5367 5366
   11024 5414 5413 5693
   11025 5413 5692 5693
   11026 5646 5366 5645
   11027 5471 5472 5193
   11028 5471 5193 5192
   11029 5512 5234 5233
   11030 5514 5234 5513
   11031 5647 5367 5646
   11032 5412 5691 5692
   11033 5413 5412 5692
   11034 5473 5194 5472
   11035 5472 5194 5193
   11036 5511 5233 5232
   11037 5234 5512 5513
   11038 5511 5512 5233
   11039 5367 5647 5368
   11040 5411 5691 5412
   11041 5691 5411 5690
   11042 5473 5474 5195
   11043 5194 5473 5195
   11044 5510 5232 5231
   11045 5510 5511 5232
   11046 5368 5647 5648
   11047 5368 5648 5369
   11048 5689 5690 5410
   11049 5690 5411 5410
   11050 5474 5475 5196
   11051 5196 5195 5474
   11052 5231 5230 5509
   11053 5509 5510 5231
   11054 5648 5649 5369
   11055 5689 5409 5688
   11056 5409 5689 5410
   11057 5369 5649 5370
   11058 5475 5476 5197
   11059 5475 5197 5196
   11060 5508 5230 5229
   11061 5230 5508 5509
   11062 5649 5650 5370
   11063 5650 5371 5370
   11064 5409 5408 5688
   11065 5408 5687 5688
   11066 5198 5476 5477
   11067 5476 5198 5197
   11068 5507 5229 5228
   11069 5507 5508 5229
   11070 5651 5371 5650
   11071 5687 5408 5407
   11072 5687 5407 5686
   11073 5371 5651 5372
   11074 5477 5478 5199
   11075 5199 5198 5477
   11076 5506 5507 5228
   11077 5372 5651 5652
   11078 5406 5685 5686
   11079 5406 5686 5407
   11080 5373 5372 5652
   11081 5478 5479 5200
   11082 5478 5200 5199
   11083 5228 5227 5506
   11084 5653 5373 5652
   11085 5374 5373 5653
   11086 5406 5405 5685
   11087 5405 5684 5685
   11088 5480 5201 5479
   11089 5479 5201 5200
   11090 5226 5505 5227
   11091 5505 5506 5227
   11092 5654 5374 5653
   11093 5404 5683 5684
   11094 5405 5404 5684
   11095 5480 5481 5202
   11096 5201 5480 5202
   11097 5504 5226 5225
   11098 5505 5226 5504
   11099 5655 5375 5654
   11100 5654 5375 5374
   11101 5403 5683 5404
   11102 5683 5403 5682
   11103 5482 5203 5481
   11104 5203 5202 5481
   11105 5503 5504 5225
   11106 5376 5655 5656
   11107 5375 5655 5376
   11108 5681 5682 5402
   11109 5682 5403 5402
   11110 5483 5204 5482
   11111 5203 5482 5204
   11112 5503 5225 5224
   11113 5377 5376 5656
   11114 5681 5401 5680
   11115 5401 5681 5402
   11116 5205 5483 5484
   11117 5483 5205 5204
   11118 5502 5503 5224
   11119 5657 5377 5656
   11120 5401 5400 5680
   11121 5400 5679 5680
   11122 5485 5206 5484
   11123 5206 5205 5484
   11124 5223 5222 5501
   11125 5224 5223 5502
   11126 5223 5501 5502
   11127 5657 5658 5378
   11128 5377 5657 5378
   11129 5679 5400 5399
   11130 5679 5399 5678
   11131 5486 5207 5485
   11132 5207 5206 5485
   11133 5222 5500 5501
   11134 5659 5379 5658
   11135 5658 5379 5378
   11136 5398 5677 5678
   11137 5398 5678 5399
   11138 5486 5487 5208
   11139 5208 5207 5486
   11140 5500 5222 5221
   11141 5499 5500 5221
   11142 5380 5659 5660
   11143 5379 5659 5380
   11144 5398 5397 5677
   11145 5677 5397 5676
   11146 5209 5487 5488
   11147 5487 5209 5208
   11148 5499 5221 5220
   11149 5498 5499 5220
   11150 5661 5381 5660
   11151 5381 5380 5660
   11152 5397 5396 5676
   11153 5396 5675 5676
   11154 5489 5210 5488
   11155 5210 5209 5488
   11156 5498 5219 5497
   11157 5220 5219 5498
   11158 5662 5382 5661
   11159 5382 5381 5661
   11160 5395 5675 5396
   11161 5675 5395 5674
   11162 5489 5490 5211
   11163 5210 5489 5211
   11164 5492 5214 5213
   11165 5497 5218 5496
   11166 5219 5218 5497
   11167 5663 5383 5662
   11168 5662 5383 5382
   11169 5673 5674 5394
   11170 5674 5395 5394
   11171 5490 5491 5212
   11172 5212 5211 5490
   11173 5491 5213 5212
   11174 5493 5214 5492
   11175 5491 5492 5213
   11176 5215 5214 5493
   11177 5496 5218 5217
   11178 5495 5496 5217
   11179 5384 5663 5664
   11180 5383 5663 5384
   11181 5673 5393 5672
   11182 5393 5673 5394
   11183 5494 5215 5493
   11184 5495 5217 5216
   11185 5494 5495 5216
   11186 5665 5385 5664
   11187 5385 5384 5664
   11188 5393 5392 5672
   11189 5392 5671 5672
   11190 5216 5215 5494
   11191 5665 5666 5386
   11192 5385 5665 5386
   11193 5389 5388 5668
   11194 5671 5392 5391
   11195 5671 5391 5670
   11196 5390 5389 5669
   11197 5667 5387 5666
   11198 5666 5387 5386
   11199 5388 5667 5668
   11200 5669 5389 5668
   11201 5670 5390 5669
   11202 5390 5670 5391
   11203 5387 5667 5388
   11204 8904 5161 8903
   11205 5161 8904 8905
   11206 5442 9698 9699
   11207 9698 5442 9697
   11208 9696 5441 9695
   11209 5441 9696 5442
   11210 5439 9688 9689
   11211 9688 5439 9687
   11212 8916 5443 8915
   11213 5443 8916 8917
   11214 8918 5443 8917
   11215 5443 8918 8919
   11216 5543 5816 5544
   11217 5817 5545 5544
   11218 9686 9687 5718
   11219 5853 5581 5580
   11220 5579 5852 5580
   11221 8920 5444 8919
   11222 5444 5443 8919
   11223 5542 5815 5543
   11224 5543 5815 5816
   11225 5816 5817 5544
   11226 5545 5817 5818
   11227 5546 5545 5818
   11228 9685 9686 5718
   11229 5853 5854 5581
   11230 5852 5853 5580
   11231 5854 5582 5581
   11232 5851 5579 5578
   11233 5852 5579 5851
   11234 8920 8921 5445
   11235 5444 8920 5445
   11236 5815 5542 5814
   11237 5819 5546 5818
   11238 5819 5547 5546
   11239 9684 9685 5718
   11240 5582 5854 5855
   11241 5855 5583 5582
   11242 5850 5578 5577
   11243 5578 5850 5851
   11244 8921 8922 5446
   11245 5446 5445 8921
   11246 5542 5541 5814
   11247 5547 5820 5548
   11248 5547 5819 5820
   11249 5889 5617 5616
   11250 5617 5890 5618
   11251 5583 5856 5584
   11252 5856 5583 5855
   11253 5849 5850 5577
   11254 5849 5577 5576
   11255 5719 5447 8922
   11256 8922 5447 5446
   11257 5541 5813 5814
   11258 5820 5821 5548
   11259 5821 5549 5548
   11260 9682 9683 5717
   11261 5888 5616 5615
   11262 5617 5889 5890
   11263 5889 5616 5888
   11264 5890 5891 5618
   11265 5856 5857 5584
   11266 5857 5585 5584
   11267 5848 5849 5576
   11268 5575 5848 5576
   11269 5719 5720 5448
   11270 5447 5719 5448
   11271 5813 5541 5540
   11272 5549 5821 5822
   11273 5550 5549 5822
   11274 9682 5717 5716
   11275 9681 9682 5716
   11276 5887 5888 5615
   11277 5615 5614 5887
   11278 5891 5619 5618
   11279 5858 5585 5857
   11280 5585 5858 5586
   11281 5847 5575 5574
   11282 5848 5575 5847
   11283 5721 5449 5720
   11284 5448 5720 5449
   11285 5812 5540 5539
   11286 5812 5813 5540
   11287 5823 5550 5822
   11288 5823 5551 5550
   11289 5716 5715 9681
   11290 9681 5715 9680
   11291 5614 5886 5887
   11292 5613 5886 5614
   11293 5891 5892 5619
   11294 5858 5859 5586
   11295 5859 5587 5586
   11296 5846 5574 5573
   11297 5574 5846 5847
   11298 5450 5721 5722
   11299 5721 5450 5449
   11300 5538 5811 5539
   11301 5539 5811 5812
   11302 5551 5824 5552
   11303 5551 5823 5824
   11304 5715 5714 9680
   11305 9680 5714 5987
   11306 5885 5613 5612
   11307 5613 5885 5886
   11308 5892 5620 5619
   11309 5860 5588 5587
   11310 5859 5860 5587
   11311 5845 5846 5573
   11312 5845 5573 5572
   11313 5722 5723 5451
   11314 5450 5722 5451
   11315 5538 5537 5810
   11316 5811 5538 5810
   11317 5824 5825 5552
   11318 5825 5553 5552
   11319 5987 5713 5986
   11320 5713 5987 5714
   11321 5884 5612 5611
   11322 5885 5612 5884
   11323 5893 5620 5892
   11324 5588 5860 5861
   11325 5861 5589 5588
   11326 5844 5845 5572
   11327 5571 5844 5572
   11328 5452 5723 5724
   11329 5723 5452 5451
   11330 5809 5537 5536
   11331 5535 5808 5536
   11332 5537 5809 5810
   11333 5553 5825 5826
   11334 5554 5553 5826
   11335 5893 5621 5620
   11336 5712 5985 5986
   11337 5986 5713 5712
   11338 5883 5884 5611
   11339 5883 5611 5610
   11340 5621 5893 5894
   11341 5862 5589 5861
   11342 5589 5862 5590
   11343 5843 5571 5570
   11344 5571 5843 5844
   11345 5725 5453 5724
   11346 5453 5452 5724
   11347 5534 5807 5535
   11348 5809 5536 5808
   11349 5807 5808 5535
   11350 5827 5554 5826
   11351 5827 5555 5554
   11352 5621 5894 5622
   11353 5623 5622 5895
   11354 5985 5712 5711
   11355 5984 5985 5711
   11356 5882 5883 5610
   11357 5609 5882 5610
   11358 5622 5894 5895
   11359 5862 5863 5590
   11360 5863 5591 5590
   11361 5570 5569 5842
   11362 5843 5570 5842
   11363 5725 5726 5454
   11364 5453 5725 5454
   11365 5533 5806 5534
   11366 5806 5807 5534
   11367 5555 5828 5556
   11368 5555 5827 5828
   11369 5895 5896 5623
   11370 5710 5983 5984
   11371 5711 5710 5984
   11372 5896 5624 5623
   11373 5881 5609 5608
   11374 5609 5881 5882
   11375 5864 5592 5591
   11376 5863 5864 5591
   11377 5569 5841 5842
   11378 5841 5569 5568
   11379 5726 5727 5455
   11380 5455 5454 5726
   11381 5531 5804 5532
   11382 5805 5533 5532
   11383 5533 5805 5806
   11384 5828 5829 5556
   11385 5829 5557 5556
   11386 5983 5710 5709
   11387 5982 5983 5709
   11388 5897 5625 5624
   11389 5897 5624 5896
   11390 5880 5608 5607
   11391 5881 5608 5880
   11392 5592 5864 5865
   11393 5865 5593 5592
   11394 5840 5841 5568
   11395 5567 5840 5568
   11396 5456 5727 5728
   11397 5727 5456 5455
   11398 5530 5803 5531
   11399 5803 5804 5531
   11400 5805 5532 5804
   11401 5557 5829 5830
   11402 5558 5557 5830
   11403 5625 5898 5626
   11404 5708 5981 5982
   11405 5709 5708 5982
   11406 5625 5897 5898
   11407 5879 5880 5607
   11408 5879 5607 5606
   11409 5593 5866 5594
   11410 5866 5593 5865
   11411 5839 5567 5566
   11412 5840 5567 5839
   11413 5729 5457 5728
   11414 5457 5456 5728
   11415 5529 5802 5530
   11416 5802 5803 5530
   11417 5558 5830 5831
   11418 5831 5559 5558
   11419 5898 5899 5626
   11420 5899 5627 5626
   11421 5981 5708 5707
   11422 5980 5981 5707
   11423 5900 5628 5627
   11424 5878 5879 5606
   11425 5605 5878 5606
   11426 5866 5867 5594
   11427 5867 5595 5594
   11428 5838 5566 5565
   11429 5566 5838 5839
   11430 5729 5730 5458
   11431 5457 5729 5458
   11432 5801 5529 5528
   11433 5529 5801 5802
   11434 5559 5832 5560
   11435 5832 5559 5831
   11436 5899 5900 5627
   11437 5901 5629 5628
   11438 5706 5979 5980
   11439 5707 5706 5980
   11440 5901 5628 5900
   11441 5877 5605 5604
   11442 5605 5877 5878
   11443 5867 5868 5595
   11444 5868 5596 5595
   11445 5837 5838 5565
   11446 5837 5565 5564
   11447 5731 5459 5730
   11448 5458 5730 5459
   11449 5526 5799 5527
   11450 5527 5800 5528
   11451 5801 5528 5800
   11452 5832 5833 5560
   11453 5833 5561 5560
   11454 5629 5901 5902
   11455 5979 5706 5705
   11456 5979 5705 5978
   11457 5629 5902 5630
   11458 5876 5604 5603
   11459 5604 5876 5877
   11460 5596 5868 5869
   11461 5869 5597 5596
   11462 5836 5837 5564
   11463 5563 5836 5564
   11464 5460 5731 5732
   11465 5731 5460 5459
   11466 5797 5525 5524
   11467 5525 5798 5526
   11468 5798 5799 5526
   11469 5799 5800 5527
   11470 5561 5833 5834
   11471 5562 5561 5834
   11472 5631 5630 5903
   11473 5704 5977 5978
   11474 5704 5978 5705
   11475 5630 5902 5903
   11476 5875 5876 5603
   11477 5875 5603 5602
   11478 5597 5870 5598
   11479 5870 5597 5869
   11480 5835 5563 5562
   11481 5563 5835 5836
   11482 5732 5733 5461
   11483 5460 5732 5461
   11484 5523 5796 5524
   11485 5525 5797 5798
   11486 5797 5524 5796
   11487 5835 5562 5834
   11488 5903 5904 5631
   11489 5904 5632 5631
   11490 5977 5704 5703
   11491 5976 5977 5703
   11492 5905 5633 5632
   11493 5874 5875 5602
   11494 5601 5874 5602
   11495 5870 5871 5598
   11496 5871 5599 5598
   11497 5733 5734 5462
   11498 5461 5733 5462
   11499 5522 5795 5523
   11500 5795 5796 5523
   11501 5905 5632 5904
   11502 5633 5906 5634
   11503 5702 5975 5976
   11504 5703 5702 5976
   11505 5633 5905 5906
   11506 5873 5601 5600
   11507 5874 5601 5873
   11508 5871 5872 5599
   11509 5872 5600 5599
   11510 5463 5734 5735
   11511 5462 5734 5463
   11512 5793 5521 5520
   11513 5521 5794 5522
   11514 5794 5795 5522
   11515 5906 5907 5634
   11516 5907 5635 5634
   11517 5975 5702 5701
   11518 5974 5975 5701
   11519 5908 5636 5635
   11520 5600 5872 5873
   11521 5464 5735 5736
   11522 5735 5464 5463
   11523 5519 5792 5520
   11524 5521 5793 5794
   11525 5793 5520 5792
   11526 5907 5908 5635
   11527 5909 5637 5636
   11528 5700 5973 5974
   11529 5701 5700 5974
   11530 5909 5636 5908
   11531 5737 5465 5736
   11532 5465 5464 5736
   11533 5517 5790 5518
   11534 5518 5791 5519
   11535 5791 5792 5519
   11536 5637 5910 5638
   11537 5637 5909 5910
   11538 5973 5700 5699
   11539 5972 5973 5699
   11540 5639 5638 5911
   11541 5737 5738 5466
   11542 5465 5737 5466
   11543 5789 5517 5516
   11544 5790 5517 5789
   11545 5790 5791 5518
   11546 5638 5910 5911
   11547 5912 5640 5639
   11548 5971 5972 5698
   11549 5699 5698 5972
   11550 5911 5912 5639
   11551 5738 5739 5467
   11552 5467 5466 5738
   11553 5515 5788 5516
   11554 5516 5788 5789
   11555 5913 5640 5912
   11556 5913 5641 5640
   11557 5970 5971 5697
   11558 5971 5698 5697
   11559 5641 5914 5642
   11560 5468 5739 5740
   11561 5739 5468 5467
   11562 5514 5787 5515
   11563 5787 5788 5515
   11564 5641 5913 5914
   11565 5915 5643 5642
   11566 5970 5697 5696
   11567 5696 5969 5970
   11568 5914 5915 5642
   11569 5741 5469 5740
   11570 5469 5468 5740
   11571 5514 5786 5787
   11572 5643 5915 5916
   11573 5969 5696 5695
   11574 5968 5969 5695
   11575 5644 5643 5916
   11576 5741 5742 5470
   11577 5469 5741 5470
   11578 5786 5514 5513
   11579 5694 5967 5968
   11580 5695 5694 5968
   11581 5917 5645 5644
   11582 5917 5644 5916
   11583 5743 5471 5742
   11584 5470 5742 5471
   11585 5785 5513 5512
   11586 5785 5786 5513
   11587 5645 5918 5646
   11588 5967 5694 5693
   11589 5966 5967 5693
   11590 5645 5917 5918
   11591 5744 5472 5743
   11592 5743 5472 5471
   11593 5784 5512 5511
   11594 5784 5785 5512
   11595 5646 5918 5919
   11596 5647 5646 5919
   11597 5692 5965 5966
   11598 5693 5692 5966
   11599 5745 5473 5744
   11600 5473 5472 5744
   11601 5510 5783 5511
   11602 5784 5511 5783
   11603 5647 5919 5920
   11604 5965 5692 5691
   11605 5964 5965 5691
   11606 5648 5647 5920
   11607 5745 5746 5474
   11608 5473 5745 5474
   11609 5782 5510 5509
   11610 5510 5782 5783
   11611 5921 5649 5648
   11612 5964 5690 5963
   11613 5691 5690 5964
   11614 5921 5648 5920
   11615 5747 5475 5746
   11616 5474 5746 5475
   11617 5781 5509 5508
   11618 5781 5782 5509
   11619 5649 5921 5922
   11620 5689 5962 5963
   11621 5689 5963 5690
   11622 5649 5922 5650
   11623 5476 5747 5748
   11624 5747 5476 5475
   11625 5780 5508 5507
   11626 5780 5781 5508
   11627 5962 5689 5688
   11628 5688 5961 5962
   11629 5922 5923 5650
   11630 5748 5749 5477
   11631 5476 5748 5477
   11632 5507 5779 5780
   11633 5923 5651 5650
   11634 5961 5688 5687
   11635 5960 5961 5687
   11636 5749 5750 5478
   11637 5477 5749 5478
   11638 5506 5779 5507
   11639 5651 5923 5924
   11640 5686 5959 5960
   11641 5687 5686 5960
   11642 5652 5651 5924
   11643 5479 5750 5751
   11644 5478 5750 5479
   11645 5506 5505 5778
   11646 5779 5506 5778
   11647 5652 5925 5653
   11648 5959 5686 5685
   11649 5959 5685 5958
   11650 5925 5652 5924
   11651 5751 5752 5480
   11652 5751 5480 5479
   11653 5777 5505 5504
   11654 5505 5777 5778
   11655 5653 5925 5926
   11656 5926 5654 5653
   11657 5684 5957 5958
   11658 5684 5958 5685
   11659 5481 5752 5753
   11660 5752 5481 5480
   11661 5776 5777 5504
   11662 5654 5926 5927
   11663 5957 5684 5683
   11664 5956 5957 5683
   11665 5655 5654 5927
   11666 5482 5753 5754
   11667 5481 5753 5482
   11668 5776 5504 5503
   11669 5955 5956 5682
   11670 5683 5682 5956
   11671 5655 5927 5928
   11672 5754 5755 5483
   11673 5754 5483 5482
   11674 5776 5503 5775
   11675 5656 5655 5928
   11676 5681 5954 5955
   11677 5682 5681 5955
   11678 5755 5756 5484
   11679 5755 5484 5483
   11680 5502 5775 5503
   11681 5502 5774 5775
   11682 5929 5656 5928
   11683 5929 5657 5656
   11684 5954 5681 5680
   11685 5680 5953 5954
   11686 5757 5485 5756
   11687 5756 5485 5484
   11688 5502 5501 5774
   11689 5501 5773 5774
   11690 5657 5929 5930
   11691 5953 5680 5679
   11692 5952 5953 5679
   11693 5757 5758 5486
   11694 5485 5757 5486
   11695 5773 5501 5500
   11696 5772 5773 5500
   11697 5657 5930 5658
   11698 5678 5951 5952
   11699 5679 5678 5952
   11700 5758 5759 5487
   11701 5487 5486 5758
   11702 5499 5771 5772
   11703 5772 5500 5499
   11704 5930 5931 5658
   11705 5951 5678 5677
   11706 5951 5677 5950
   11707 5488 5759 5760
   11708 5759 5488 5487
   11709 5771 5498 5770
   11710 5498 5771 5499
   11711 5659 5931 5932
   11712 5931 5659 5658
   11713 5660 5659 5932
   11714 5676 5949 5950
   11715 5676 5950 5677
   11716 5761 5489 5760
   11717 5489 5488 5760
   11718 5765 5493 5492
   11719 5498 5497 5770
   11720 5497 5769 5770
   11721 5933 5660 5932
   11722 5949 5676 5675
   11723 5948 5949 5675
   11724 5761 5762 5490
   11725 5489 5761 5490
   11726 5763 5492 5491
   11727 5493 5765 5766
   11728 5764 5765 5492
   11729 5494 5493 5766
   11730 5769 5497 5496
   11731 5768 5769 5496
   11732 5661 5933 5934
   11733 5660 5933 5661
   11734 5947 5948 5674
   11735 5675 5674 5948
   11736 5763 5491 5762
   11737 5490 5762 5491
   11738 5492 5763 5764
   11739 5767 5494 5766
   11740 5495 5767 5768
   11741 5768 5496 5495
   11742 5661 5934 5935
   11743 5673 5946 5947
   11744 5674 5673 5947
   11745 5494 5767 5495
   11746 5936 5662 5935
   11747 5935 5662 5661
   11748 5946 5673 5672
   11749 5672 5945 5946
   11750 5936 5937 5663
   11751 5663 5662 5936
   11752 5945 5672 5671
   11753 5944 5945 5671
   11754 5668 5942 5669
   11755 5664 5937 5938
   11756 5937 5664 5663
   11757 5941 5668 5667
   11758 5670 5943 5944
   11759 5671 5670 5944
   11760 5943 5670 5669
   11761 5668 5941 5942
   11762 5943 5669 5942
   11763 5938 5939 5665
   11764 5938 5665 5664
   11765 5940 5941 5667
   11766 5939 5940 5666
   11767 5939 5666 5665
   11768 5667 5666 5940
   11769 9684 5717 9683
   11770 5717 9684 5718
   11771 8922 8923 5719
   11772 5719 8923 8924
   11773 8924 8925 5720
   11774 8924 5720 5719
   11775 5852 6119 5853
   11776 5853 6120 5854
   11777 9679 9680 5987
   11778 5721 8925 8926
   11779 8925 5721 5720
   11780 5812 5811 6078
   11781 5810 6077 5811
   11782 6118 5852 5851
   11783 6118 6119 5852
   11784 6119 6120 5853
   11785 5854 6120 6121
   11786 5855 5854 6121
   11787 5987 9678 9679
   11788 5721 8926 5988
   11789 6079 5813 5812
   11790 6077 6078 5811
   11791 6078 6079 5812
   11792 5809 6076 5810
   11793 6076 6077 5810
   11794 5850 6117 5851
   11795 6118 5851 6117
   11796 6121 6122 5855
   11797 6122 5856 5855
   11798 6251 9676 5984
   11799 5985 9676 9677
   11800 9678 5987 5986
   11801 5989 5722 5988
   11802 5722 5721 5988
   11803 6075 5809 5808
   11804 6079 6080 5813
   11805 5813 6080 5814
   11806 5809 6075 6076
   11807 5849 6116 5850
   11808 5850 6116 6117
   11809 6122 6123 5856
   11810 5856 6123 5857
   11811 9676 5985 5984
   11812 6251 5984 5983
   11813 6250 6251 5983
   11814 5986 5985 9677
   11815 9677 9678 5986
   11816 6161 5895 5894
   11817 5895 6162 5896
   11818 5989 5990 5723
   11819 5723 5722 5989
   11820 5807 6074 5808
   11821 6075 5808 6074
   11822 6081 5814 6080
   11823 5815 5814 6081
   11824 5848 6115 5849
   11825 6115 6116 5849
   11826 6124 5858 5857
   11827 6124 5857 6123
   11828 5982 6249 6250
   11829 5983 5982 6250
   11830 6160 5894 5893
   11831 6162 5895 6161
   11832 5894 6160 6161
   11833 6163 5896 6162
   11834 5724 5990 5991
   11835 5724 5723 5990
   11836 6074 5807 6073
   11837 6082 5815 6081
   11838 5816 5815 6082
   11839 5848 5847 6114
   11840 6114 6115 5848
   11841 6124 6125 5858
   11842 5858 6125 5859
   11843 5982 5981 6249
   11844 5981 6248 6249
   11845 5893 6159 6160
   11846 5892 6159 5893
   11847 5896 6163 5897
   11848 5725 5991 5992
   11849 5725 5724 5991
   11850 5807 5806 6073
   11851 5816 6083 5817
   11852 6082 6083 5816
   11853 5847 5846 6113
   11854 5847 6113 6114
   11855 6125 6126 5859
   11856 5898 6165 5899
   11857 5899 6166 5900
   11858 5900 6167 5901
   11859 5980 6247 6248
   11860 5981 5980 6248
   11861 6164 5898 5897
   11862 6159 5892 6158
   11863 5891 6158 5892
   11864 5897 6163 6164
   11865 5993 5726 5992
   11866 5726 5725 5992
   11867 5805 6072 5806
   11868 6071 5805 5804
   11869 6072 6073 5806
   11870 5817 6084 5818
   11871 6083 6084 5817
   11872 5846 6112 6113
   11873 5859 6126 5860
   11874 5866 6133 5867
   11875 6164 6165 5898
   11876 6165 6166 5899
   11877 6167 5900 6166
   11878 6168 5902 5901
   11879 5901 6167 6168
   11880 6247 5980 5979
   11881 6246 6247 5979
   11882 6169 5903 5902
   11883 5890 6157 5891
   11884 6157 6158 5891
   11885 5727 5993 5994
   11886 5727 5726 5993
   11887 5803 6070 5804
   11888 5805 6071 6072
   11889 6071 5804 6070
   11890 6085 5818 6084
   11891 5818 6085 5819
   11892 5840 5839 6106
   11893 5840 6107 5841
   11894 5845 6112 5846
   11895 5860 6126 6127
   11896 6132 5866 5865
   11897 5867 6134 5868
   11898 6132 6133 5866
   11899 6133 6134 5867
   11900 5902 6168 6169
   11901 5903 6170 5904
   11902 5978 6245 6246
   11903 5979 5978 6246
   11904 6170 5903 6169
   11905 6156 5890 5889
   11906 6156 6157 5890
   11907 5994 5995 5728
   11908 5728 5727 5994
   11909 5802 6069 5803
   11910 6069 6070 5803
   11911 6085 6086 5819
   11912 5820 5819 6086
   11913 5839 5838 6105
   11914 5839 6105 6106
   11915 6106 6107 5840
   11916 6107 6108 5841
   11917 6111 6112 5845
   11918 5860 6127 5861
   11919 6132 5865 6131
   11920 5864 6131 5865
   11921 5868 6134 6135
   11922 5868 6135 5869
   11923 6171 5904 6170
   11924 5978 5977 6245
   11925 5977 6244 6245
   11926 5904 6171 5905
   11927 5889 6155 6156
   11928 5888 6155 5889
   11929 5729 5995 5996
   11930 5995 5729 5728
   11931 5801 6068 5802
   11932 6068 6069 5802
   11933 5820 6087 5821
   11934 6086 6087 5820
   11935 5837 6104 5838
   11936 5838 6104 6105
   11937 5841 6108 5842
   11938 5844 6111 5845
   11939 6128 5861 6127
   11940 5864 6130 6131
   11941 6136 5869 6135
   11942 6136 5870 5869
   11943 6172 5906 5905
   11944 5976 6243 6244
   11945 5977 5976 6244
   11946 5905 6171 6172
   11947 6155 5888 6154
   11948 5887 6154 5888
   11949 5997 5730 5996
   11950 5730 5729 5996
   11951 5799 6066 5800
   11952 6067 5801 5800
   11953 5801 6067 6068
   11954 5821 6088 5822
   11955 6087 6088 5821
   11956 5836 6103 5837
   11957 6103 6104 5837
   11958 6109 5842 6108
   11959 5842 6109 5843
   11960 6110 6111 5844
   11961 6128 6129 5862
   11962 6128 5862 5861
   11963 5863 6130 5864
   11964 6136 6137 5870
   11965 5871 5870 6137
   11966 6172 6173 5906
   11967 5906 6173 5907
   11968 5975 6243 5976
   11969 6243 5975 6242
   11970 5907 6174 5908
   11971 6153 5887 5886
   11972 6154 5887 6153
   11973 5997 5998 5731
   11974 5730 5997 5731
   11975 5797 6064 5798
   11976 5799 5798 6065
   11977 6066 5799 6065
   11978 6067 5800 6066
   11979 6089 5822 6088
   11980 5823 5822 6089
   11981 6102 5836 5835
   11982 6102 6103 5836
   11983 6110 5844 5843
   11984 5843 6109 6110
   11985 6130 5863 6129
   11986 5863 5862 6129
   11987 5871 6138 5872
   11988 6138 5871 6137
   11989 6173 6174 5907
   11990 5908 6175 5909
   11991 6176 5910 5909
   11992 5974 6241 6242
   11993 6242 5975 5974
   11994 6175 5908 6174
   11995 6152 5886 5885
   11996 5886 6152 6153
   11997 5998 5999 5732
   11998 5732 5731 5998
   11999 6063 5797 5796
   12000 5797 6063 6064
   12001 6064 6065 5798
   12002 6090 5823 6089
   12003 5824 5823 6090
   12004 5834 6101 5835
   12005 5835 6101 6102
   12006 5872 6138 6139
   12007 5872 6139 5873
   12008 5909 6175 6176
   12009 5910 6176 6177
   12010 5974 5973 6241
   12011 5973 6240 6241
   12012 6177 5911 5910
   12013 5885 6151 6152
   12014 5884 6151 5885
   12015 5999 6000 5733
   12016 5999 5733 5732
   12017 5794 6061 5795
   12018 5795 6062 5796
   12019 6063 5796 6062
   12020 5824 6091 5825
   12021 6090 6091 5824
   12022 5833 6100 5834
   12023 6101 5834 6100
   12024 6140 5873 6139
   12025 6140 5874 5873
   12026 5912 6179 5913
   12027 5911 6178 5912
   12028 5972 6239 6240
   12029 5973 5972 6240
   12030 6178 5911 6177
   12031 6151 5884 6150
   12032 5883 6150 5884
   12033 5734 6000 6001
   12034 6000 5734 5733
   12035 5793 6060 5794
   12036 6060 6061 5794
   12037 6061 6062 5795
   12038 5825 6092 5826
   12039 6091 6092 5825
   12040 5832 6099 5833
   12041 6099 6100 5833
   12042 6140 6141 5874
   12043 5874 6141 5875
   12044 6179 5912 6178
   12045 6179 6180 5913
   12046 6239 5972 5971
   12047 6238 6239 5971
   12048 5914 5913 6180
   12049 5882 6149 5883
   12050 6149 6150 5883
   12051 5735 6001 6002
   12052 5735 5734 6001
   12053 5791 6058 5792
   12054 6059 5793 5792
   12055 5793 6059 6060
   12056 6093 5826 6092
   12057 5826 6093 5827
   12058 5832 5831 6098
   12059 6098 6099 5832
   12060 5875 6142 5876
   12061 6141 6142 5875
   12062 5914 6181 5915
   12063 5915 6182 5916
   12064 6237 6238 5970
   12065 5971 5970 6238
   12066 6180 6181 5914
   12067 6148 5882 5881
   12068 6148 6149 5882
   12069 6002 6003 5736
   12070 5736 5735 6002
   12071 5791 5790 6057
   12072 6058 5791 6057
   12073 5792 6058 6059
   12074 6093 6094 5827
   12075 5828 5827 6094
   12076 5831 6097 6098
   12077 5831 5830 6097
   12078 6143 5876 6142
   12079 5876 6143 5877
   12080 6181 6182 5915
   12081 6183 5916 6182
   12082 6237 5969 6236
   12083 5969 6237 5970
   12084 5916 6183 5917
   12085 5881 6147 6148
   12086 5880 6147 5881
   12087 6004 5737 6003
   12088 6003 5737 5736
   12089 5789 6056 5790
   12090 6056 6057 5790
   12091 5828 6095 5829
   12092 6094 6095 5828
   12093 5830 6096 6097
   12094 5829 6096 5830
   12095 5877 6143 6144
   12096 6144 5878 5877
   12097 5918 5917 6184
   12098 5969 5968 6236
   12099 5968 6235 6236
   12100 6183 6184 5917
   12101 6147 5880 6146
   12102 5879 6146 5880
   12103 6004 6005 5738
   12104 5737 6004 5738
   12105 6055 5789 5788
   12106 6056 5789 6055
   12107 6095 6096 5829
   12108 6144 6145 5878
   12109 5879 5878 6145
   12110 5918 6184 6185
   12111 6235 5968 5967
   12112 6235 5967 6234
   12113 6185 5919 5918
   12114 6146 5879 6145
   12115 6005 6006 5739
   12116 5738 6005 5739
   12117 6054 5788 5787
   12118 6054 6055 5788
   12119 5966 6233 6234
   12120 5966 6234 5967
   12121 5919 6186 5920
   12122 6186 5919 6185
   12123 6006 6007 5740
   12124 5740 5739 6006
   12125 5786 6053 5787
   12126 6054 5787 6053
   12127 5920 6187 5921
   12128 5966 5965 6233
   12129 5965 6232 6233
   12130 6187 5920 6186
   12131 5741 6007 6008
   12132 6007 5741 5740
   12133 6052 5786 5785
   12134 5786 6052 6053
   12135 6187 6188 5921
   12136 5964 6231 6232
   12137 5965 5964 6232
   12138 6009 5742 6008
   12139 5742 5741 6008
   12140 6051 5785 5784
   12141 6051 6052 5785
   12142 5922 5921 6188
   12143 6231 5964 5963
   12144 6230 6231 5963
   12145 6010 5743 6009
   12146 5743 5742 6009
   12147 5784 5783 6050
   12148 6050 6051 5784
   12149 6188 6189 5922
   12150 6189 5923 5922
   12151 6230 5962 6229
   12152 5963 5962 6230
   12153 6010 6011 5744
   12154 5744 5743 6010
   12155 5783 5782 6049
   12156 5783 6049 6050
   12157 6190 5923 6189
   12158 6229 5961 6228
   12159 5962 5961 6229
   12160 5923 6190 5924
   12161 6011 6012 5745
   12162 6011 5745 5744
   12163 5782 6048 6049
   12164 5924 6191 5925
   12165 5961 5960 6228
   12166 5960 6227 6228
   12167 6190 6191 5924
   12168 6013 5746 6012
   12169 6012 5746 5745
   12170 6048 5782 5781
   12171 6191 6192 5925
   12172 5959 6227 5960
   12173 6227 5959 6226
   12174 5926 5925 6192
   12175 6013 6014 5747
   12176 5746 6013 5747
   12177 6047 5781 5780
   12178 6047 6048 5781
   12179 5958 6225 6226
   12180 6226 5959 5958
   12181 6193 5927 5926
   12182 5926 6192 6193
   12183 6014 6015 5748
   12184 5748 5747 6014
   12185 6046 5780 5779
   12186 6046 6047 5780
   12187 5958 5957 6225
   12188 5957 6224 6225
   12189 6194 5927 6193
   12190 6015 6016 5749
   12191 6015 5749 5748
   12192 5778 6045 5779
   12193 5779 6045 6046
   12194 5927 6194 5928
   12195 6223 6224 5957
   12196 5750 6016 6017
   12197 6016 5750 5749
   12198 6045 5778 6044
   12199 6195 5928 6194
   12200 5956 6223 5957
   12201 6223 5956 6222
   12202 5928 6195 5929
   12203 5751 6017 6018
   12204 5751 5750 6017
   12205 6044 5778 5777
   12206 5930 5929 6196
   12207 5955 6221 6222
   12208 5956 5955 6222
   12209 6195 6196 5929
   12210 6018 6019 5752
   12211 5752 5751 6018
   12212 6043 5777 5776
   12213 6043 6044 5777
   12214 6196 6197 5930
   12215 6220 6221 5954
   12216 6221 5955 5954
   12217 6019 6020 5753
   12218 6019 5753 5752
   12219 6042 6043 5776
   12220 6197 5931 5930
   12221 5954 5953 6220
   12222 6219 6220 5953
   12223 5754 6020 6021
   12224 6020 5754 5753
   12225 5776 5775 6042
   12226 6197 6198 5931
   12227 5952 6219 5953
   12228 6219 5952 6218
   12229 6021 6022 5755
   12230 5754 6021 5755
   12231 5775 6041 6042
   12232 6199 5932 6198
   12233 6198 5932 5931
   12234 5951 6217 6218
   12235 5951 6218 5952
   12236 6023 5756 6022
   12237 5755 6022 5756
   12238 6040 5774 5773
   12239 5775 5774 6041
   12240 5774 6040 6041
   12241 6199 6200 5933
   12242 5932 6199 5933
   12243 6217 5951 5950
   12244 6217 5950 6216
   12245 5757 6023 6024
   12246 6023 5757 5756
   12247 6039 6040 5773
   12248 5934 6200 6201
   12249 5934 5933 6200
   12250 6215 6216 5949
   12251 5950 5949 6216
   12252 6024 6025 5758
   12253 5757 6024 5758
   12254 6039 5773 5772
   12255 6038 6039 5772
   12256 6202 5935 6201
   12257 6201 5935 5934
   12258 5948 6215 5949
   12259 6215 5948 6214
   12260 6026 5759 6025
   12261 5759 5758 6025
   12262 6037 6038 5771
   12263 5772 5771 6038
   12264 6203 5936 6202
   12265 5935 6202 5936
   12266 6213 6214 5947
   12267 6214 5948 5947
   12268 6026 6027 5760
   12269 5760 5759 6026
   12270 6037 5770 6036
   12271 5770 6037 5771
   12272 6203 6204 5937
   12273 5936 6203 5937
   12274 5946 6212 6213
   12275 5947 5946 6213
   12276 5761 6027 6028
   12277 6027 5761 5760
   12278 6036 5770 5769
   12279 6035 6036 5769
   12280 6204 6205 5938
   12281 5938 5937 6204
   12282 5940 6207 5941
   12283 5946 5945 6212
   12284 6211 6212 5945
   12285 6029 5762 6028
   12286 5762 5761 6028
   12287 5764 5763 6030
   12288 6031 5765 5764
   12289 6035 5769 5768
   12290 6034 6035 5768
   12291 6032 5766 5765
   12292 6205 6206 5939
   12293 6205 5939 5938
   12294 6207 5940 6206
   12295 6207 6208 5941
   12296 5942 5941 6208
   12297 5944 6211 5945
   12298 6211 5944 6210
   12299 6209 5943 5942
   12300 6029 6030 5763
   12301 5762 6029 5763
   12302 6030 6031 5764
   12303 6031 6032 5765
   12304 6034 5767 6033
   12305 5768 5767 6034
   12306 6033 5766 6032
   12307 6206 5940 5939
   12308 6209 5942 6208
   12309 5943 6209 6210
   12310 5943 6210 5944
   12311 5767 5766 6033
   12312 8926 8927 5988
   12313 5989 8927 8928
   12314 8927 5989 5988
   12315 5990 8928 6252
   12316 5990 5989 8928
   12317 9676 6251 9675
   12318 6383 6121 6120
   12319 6382 6120 6119
   12320 6253 5991 6252
   12321 6252 5991 5990
   12322 6072 6335 6073
   12323 6336 6074 6073
   12324 6250 9674 9675
   12325 6251 6250 9675
   12326 6384 6121 6383
   12327 6382 6383 6120
   12328 6384 6122 6121
   12329 6119 6118 6381
   12330 6382 6119 6381
   12331 5992 6253 6254
   12332 5991 6253 5992
   12333 6334 6072 6071
   12334 6335 6072 6334
   12335 6073 6335 6336
   12336 6336 6337 6074
   12337 6337 6075 6074
   12338 9673 9674 6250
   12339 6384 6385 6122
   12340 6385 6123 6122
   12341 6380 6381 6118
   12342 6117 6380 6118
   12343 6254 6255 5993
   12344 6254 5993 5992
   12345 6332 6070 6069
   12346 6071 6070 6333
   12347 6333 6334 6071
   12348 6337 6338 6075
   12349 6338 6076 6075
   12350 6513 9673 6250
   12351 6428 6166 6165
   12352 6166 6429 6167
   12353 6385 6386 6123
   12354 6123 6386 6124
   12355 6379 6380 6117
   12356 6379 6117 6116
   12357 5994 6255 6256
   12358 6255 5994 5993
   12359 6068 6331 6069
   12360 6070 6332 6333
   12361 6069 6331 6332
   12362 6339 6076 6338
   12363 6076 6339 6077
   12364 6250 6249 6513
   12365 6513 6249 6512
   12366 6427 6165 6164
   12367 6166 6428 6429
   12368 6165 6427 6428
   12369 6167 6430 6168
   12370 6430 6167 6429
   12371 6431 6169 6168
   12372 6124 6386 6387
   12373 6378 6116 6115
   12374 6378 6379 6116
   12375 6257 5995 6256
   12376 5995 5994 6256
   12377 6330 6068 6067
   12378 6331 6068 6330
   12379 6078 6077 6340
   12380 6339 6340 6077
   12381 6511 6512 6248
   12382 6249 6248 6512
   12383 6427 6164 6426
   12384 6163 6426 6164
   12385 6431 6168 6430
   12386 6169 6431 6432
   12387 6387 6125 6124
   12388 6135 6134 6397
   12389 6378 6115 6377
   12390 5996 6257 6258
   12391 5995 6257 5996
   12392 6328 6066 6065
   12393 6067 6066 6329
   12394 6329 6330 6067
   12395 6078 6340 6341
   12396 6079 6078 6341
   12397 6247 6511 6248
   12398 6511 6247 6510
   12399 6425 6426 6163
   12400 6163 6162 6425
   12401 6432 6170 6169
   12402 6388 6125 6387
   12403 6396 6134 6133
   12404 6134 6396 6397
   12405 6397 6398 6135
   12406 6135 6398 6136
   12407 6367 6105 6104
   12408 6115 6114 6377
   12409 6258 6259 5997
   12410 6258 5997 5996
   12411 6064 6327 6065
   12412 6066 6328 6329
   12413 6065 6327 6328
   12414 6079 6341 6342
   12415 6342 6080 6079
   12416 6509 6510 6246
   12417 6247 6246 6510
   12418 6424 6162 6161
   12419 6162 6424 6425
   12420 6432 6433 6170
   12421 6433 6171 6170
   12422 6388 6126 6125
   12423 6396 6133 6395
   12424 6136 6398 6399
   12425 6399 6137 6136
   12426 6366 6104 6103
   12427 6367 6368 6105
   12428 6366 6367 6104
   12429 6106 6105 6368
   12430 6377 6114 6376
   12431 5998 6259 6260
   12432 6259 5998 5997
   12433 6063 6062 6325
   12434 6326 6064 6063
   12435 6327 6064 6326
   12436 6343 6081 6080
   12437 6342 6343 6080
   12438 6245 6509 6246
   12439 6509 6245 6508
   12440 6171 6434 6172
   12441 6423 6161 6160
   12442 6161 6423 6424
   12443 6433 6434 6171
   12444 6126 6388 6389
   12445 6127 6126 6389
   12446 6395 6133 6132
   12447 6400 6137 6399
   12448 6400 6138 6137
   12449 6103 6102 6365
   12450 6366 6103 6365
   12451 6368 6369 6106
   12452 6114 6113 6376
   12453 6261 5999 6260
   12454 5999 5998 6260
   12455 6324 6062 6061
   12456 6062 6324 6325
   12457 6325 6326 6063
   12458 6343 6344 6081
   12459 6082 6081 6344
   12460 6435 6173 6172
   12461 6507 6508 6244
   12462 6245 6244 6508
   12463 6435 6172 6434
   12464 6423 6160 6422
   12465 6159 6422 6160
   12466 6389 6390 6127
   12467 6132 6394 6395
   12468 6401 6139 6138
   12469 6400 6401 6138
   12470 6375 6376 6113
   12471 6364 6365 6102
   12472 6101 6364 6102
   12473 6369 6107 6106
   12474 6000 6261 6262
   12475 5999 6261 6000
   12476 6322 6060 6059
   12477 6060 6323 6061
   12478 6061 6323 6324
   12479 6082 6344 6345
   12480 6083 6082 6345
   12481 6173 6435 6436
   12482 6243 6507 6244
   12483 6507 6243 6506
   12484 6436 6174 6173
   12485 6422 6159 6421
   12486 6158 6421 6159
   12487 6128 6390 6391
   12488 6127 6390 6128
   12489 6131 6394 6132
   12490 6401 6402 6139
   12491 6139 6402 6140
   12492 6375 6113 6112
   12493 6374 6375 6112
   12494 6363 6364 6101
   12495 6363 6101 6100
   12496 6107 6369 6370
   12497 6262 6263 6001
   12498 6262 6001 6000
   12499 6321 6059 6058
   12500 6320 6058 6057
   12501 6323 6060 6322
   12502 6321 6322 6059
   12503 6083 6345 6346
   12504 6346 6084 6083
   12505 6175 6438 6176
   12506 6174 6437 6175
   12507 6242 6505 6506
   12508 6242 6506 6243
   12509 6174 6436 6437
   12510 6420 6158 6157
   12511 6158 6420 6421
   12512 6392 6129 6391
   12513 6391 6129 6128
   12514 6393 6394 6131
   12515 6140 6402 6403
   12516 6403 6141 6140
   12517 6374 6111 6373
   12518 6374 6112 6111
   12519 6362 6100 6099
   12520 6362 6363 6100
   12521 6370 6108 6107
   12522 6002 6263 6264
   12523 6263 6002 6001
   12524 6056 6319 6057
   12525 6320 6321 6058
   12526 6320 6057 6319
   12527 6347 6085 6084
   12528 6346 6347 6084
   12529 6438 6175 6437
   12530 6439 6176 6438
   12531 6505 6242 6241
   12532 6505 6241 6504
   12533 6439 6177 6176
   12534 6419 6157 6156
   12535 6157 6419 6420
   12536 6130 6392 6393
   12537 6392 6130 6129
   12538 6131 6130 6393
   12539 6141 6403 6404
   12540 6404 6142 6141
   12541 6111 6110 6373
   12542 6372 6373 6110
   12543 6099 6098 6361
   12544 6099 6361 6362
   12545 6370 6371 6108
   12546 6371 6109 6108
   12547 6265 6003 6264
   12548 6003 6002 6264
   12549 6318 6056 6055
   12550 6056 6318 6319
   12551 6347 6348 6085
   12552 6086 6085 6348
   12553 6440 6178 6177
   12554 6179 6178 6441
   12555 6503 6504 6240
   12556 6241 6240 6504
   12557 6177 6439 6440
   12558 6419 6156 6418
   12559 6155 6418 6156
   12560 6142 6405 6143
   12561 6142 6404 6405
   12562 6371 6372 6109
   12563 6109 6372 6110
   12564 6098 6360 6361
   12565 6098 6097 6360
   12566 6266 6004 6265
   12567 6003 6265 6004
   12568 6055 6054 6317
   12569 6317 6318 6055
   12570 6086 6348 6349
   12571 6087 6086 6349
   12572 6178 6440 6441
   12573 6441 6442 6179
   12574 6180 6179 6442
   12575 6239 6503 6240
   12576 6503 6239 6502
   12577 6443 6181 6180
   12578 6417 6418 6155
   12579 6417 6155 6154
   12580 6406 6143 6405
   12581 6143 6406 6144
   12582 6359 6360 6097
   12583 6359 6097 6096
   12584 6266 6267 6005
   12585 6266 6005 6004
   12586 6053 6316 6054
   12587 6316 6317 6054
   12588 6087 6349 6350
   12589 6350 6088 6087
   12590 6442 6443 6180
   12591 6181 6444 6182
   12592 6501 6502 6238
   12593 6239 6238 6502
   12594 6181 6443 6444
   12595 6416 6154 6153
   12596 6416 6417 6154
   12597 6407 6144 6406
   12598 6407 6145 6144
   12599 6358 6096 6095
   12600 6358 6359 6096
   12601 6006 6267 6268
   12602 6267 6006 6005
   12603 6052 6315 6053
   12604 6315 6316 6053
   12605 6351 6089 6088
   12606 6350 6351 6088
   12607 6182 6444 6445
   12608 6237 6501 6238
   12609 6501 6237 6500
   12610 6445 6183 6182
   12611 6415 6153 6152
   12612 6153 6415 6416
   12613 6145 6407 6408
   12614 6408 6146 6145
   12615 6095 6094 6357
   12616 6358 6095 6357
   12617 6268 6269 6007
   12618 6006 6268 6007
   12619 6314 6315 6052
   12620 6351 6352 6089
   12621 6090 6089 6352
   12622 6184 6183 6446
   12623 6499 6500 6236
   12624 6237 6236 6500
   12625 6446 6183 6445
   12626 6415 6152 6414
   12627 6151 6414 6152
   12628 6147 6146 6409
   12629 6146 6408 6409
   12630 6357 6094 6356
   12631 6094 6093 6356
   12632 6269 6270 6008
   12633 6007 6269 6008
   12634 6051 6314 6052
   12635 6352 6353 6090
   12636 6353 6091 6090
   12637 6446 6447 6184
   12638 6235 6499 6236
   12639 6499 6235 6498
   12640 6447 6185 6184
   12641 6414 6151 6413
   12642 6150 6413 6151
   12643 6409 6410 6147
   12644 6147 6410 6148
   12645 6355 6356 6093
   12646 6355 6093 6092
   12647 6270 6271 6009
   12648 6009 6008 6270
   12649 6051 6050 6313
   12650 6314 6051 6313
   12651 6091 6353 6354
   12652 6354 6092 6091
   12653 6448 6186 6185
   12654 6497 6498 6234
   12655 6498 6235 6234
   12656 6185 6447 6448
   12657 6412 6150 6149
   12658 6150 6412 6413
   12659 6411 6148 6410
   12660 6411 6149 6148
   12661 6354 6355 6092
   12662 6010 6271 6272
   12663 6271 6010 6009
   12664 6050 6049 6312
   12665 6313 6050 6312
   12666 6448 6449 6186
   12667 6233 6496 6497
   12668 6234 6233 6497
   12669 6449 6187 6186
   12670 6149 6411 6412
   12671 6273 6011 6272
   12672 6011 6010 6272
   12673 6048 6311 6049
   12674 6311 6312 6049
   12675 6188 6187 6450
   12676 6233 6232 6496
   12677 6495 6496 6232
   12678 6449 6450 6187
   12679 6012 6273 6274
   12680 6011 6273 6012
   12681 6047 6310 6048
   12682 6310 6311 6048
   12683 6450 6451 6188
   12684 6231 6495 6232
   12685 6495 6231 6494
   12686 6274 6275 6013
   12687 6274 6013 6012
   12688 6047 6046 6309
   12689 6310 6047 6309
   12690 6451 6452 6188
   12691 6493 6494 6230
   12692 6231 6230 6494
   12693 6189 6188 6452
   12694 6014 6275 6276
   12695 6275 6014 6013
   12696 6308 6309 6046
   12697 6189 6453 6190
   12698 6229 6493 6230
   12699 6493 6229 6492
   12700 6189 6452 6453
   12701 6277 6015 6276
   12702 6015 6014 6276
   12703 6045 6308 6046
   12704 6454 6190 6453
   12705 6454 6191 6190
   12706 6491 6492 6228
   12707 6229 6228 6492
   12708 6278 6016 6277
   12709 6015 6277 6016
   12710 6044 6307 6045
   12711 6307 6308 6045
   12712 6455 6191 6454
   12713 6227 6491 6228
   12714 6491 6227 6490
   12715 6191 6455 6192
   12716 6278 6279 6017
   12717 6278 6017 6016
   12718 6043 6306 6044
   12719 6306 6307 6044
   12720 6193 6192 6456
   12721 6490 6226 6489
   12722 6226 6490 6227
   12723 6455 6456 6192
   12724 6018 6279 6280
   12725 6279 6018 6017
   12726 6305 6043 6042
   12727 6043 6305 6306
   12728 6456 6457 6193
   12729 6225 6488 6489
   12730 6489 6226 6225
   12731 6194 6193 6457
   12732 6281 6019 6280
   12733 6019 6018 6280
   12734 6304 6305 6042
   12735 6225 6224 6488
   12736 6487 6488 6224
   12737 6458 6194 6457
   12738 6282 6020 6281
   12739 6019 6281 6020
   12740 6042 6041 6304
   12741 6194 6458 6195
   12742 6223 6487 6224
   12743 6487 6223 6486
   12744 6282 6283 6021
   12745 6282 6021 6020
   12746 6303 6304 6041
   12747 6459 6195 6458
   12748 6485 6486 6222
   12749 6223 6222 6486
   12750 6195 6459 6196
   12751 6283 6284 6021
   12752 6040 6303 6041
   12753 6302 6303 6040
   12754 6197 6196 6460
   12755 6221 6485 6222
   12756 6485 6221 6484
   12757 6459 6460 6196
   12758 6284 6285 6022
   12759 6021 6284 6022
   12760 6039 6302 6040
   12761 6302 6039 6301
   12762 6197 6460 6461
   12763 6483 6484 6220
   12764 6221 6220 6484
   12765 6285 6286 6023
   12766 6023 6022 6285
   12767 6039 6038 6301
   12768 6038 6300 6301
   12769 6197 6461 6198
   12770 6219 6483 6220
   12771 6483 6219 6482
   12772 6287 6024 6286
   12773 6286 6024 6023
   12774 6038 6037 6300
   12775 6299 6300 6037
   12776 6462 6198 6461
   12777 6481 6482 6218
   12778 6218 6482 6219
   12779 6025 6287 6288
   12780 6024 6287 6025
   12781 6036 6299 6037
   12782 6298 6299 6036
   12783 6462 6199 6198
   12784 6480 6481 6217
   12785 6217 6481 6218
   12786 6288 6289 6026
   12787 6288 6026 6025
   12788 6035 6297 6298
   12789 6035 6298 6036
   12790 6463 6199 6462
   12791 6199 6463 6200
   12792 6217 6216 6480
   12793 6479 6480 6216
   12794 6027 6289 6290
   12795 6289 6027 6026
   12796 6031 6294 6032
   12797 6031 6030 6293
   12798 6032 6295 6033
   12799 6034 6296 6297
   12800 6035 6034 6297
   12801 6463 6464 6200
   12802 6215 6479 6216
   12803 6479 6215 6478
   12804 6291 6028 6290
   12805 6028 6027 6290
   12806 6030 6029 6292
   12807 6031 6293 6294
   12808 6294 6295 6032
   12809 6030 6292 6293
   12810 6295 6296 6033
   12811 6034 6033 6296
   12812 6464 6465 6201
   12813 6201 6200 6464
   12814 6214 6477 6478
   12815 6478 6215 6214
   12816 6291 6292 6029
   12817 6028 6291 6029
   12818 6465 6466 6202
   12819 6201 6465 6202
   12820 6213 6477 6214
   12821 6477 6213 6476
   12822 6467 6203 6466
   12823 6202 6466 6203
   12824 6475 6476 6212
   12825 6213 6212 6476
   12826 6467 6468 6204
   12827 6203 6467 6204
   12828 6209 6208 6472
   12829 6211 6475 6212
   12830 6475 6211 6474
   12831 6473 6210 6209
   12832 6469 6205 6468
   12833 6205 6204 6468
   12834 6207 6471 6208
   12835 6471 6472 6208
   12836 6209 6472 6473
   12837 6210 6474 6211
   12838 6474 6210 6473
   12839 6206 6469 6470
   12840 6205 6469 6206
   12841 6470 6207 6206
   12842 6471 6207 6470
   12843 8928 8929 6252
   12844 6252 8929 8930
   12845 8930 8931 6253
   12846 6253 6252 8930
   12847 8931 8932 6253
   12848 6332 6591 6333
   12849 6590 6332 6331
   12850 9673 6513 9672
   12851 6642 6383 6382
   12852 6641 6382 6381
   12853 8933 6254 8932
   12854 6254 6253 8932
   12855 6332 6590 6591
   12856 6591 6592 6333
   12857 6333 6592 6334
   12858 6590 6331 6589
   12859 6512 9671 9672
   12860 6513 6512 9672
   12861 6642 6643 6383
   12862 6641 6642 6382
   12863 6383 6643 6384
   12864 6640 6381 6380
   12865 6641 6381 6640
   12866 8934 6254 8933
   12867 6330 6589 6331
   12868 6592 6593 6334
   12869 6334 6593 6335
   12870 9671 6512 9670
   12871 6643 6644 6384
   12872 6385 6384 6644
   12873 6640 6380 6639
   12874 6254 8934 6255
   12875 6329 6588 6330
   12876 6588 6589 6330
   12877 6594 6336 6335
   12878 6594 6335 6593
   12879 6512 6511 9670
   12880 9669 9670 6511
   12881 6691 6432 6431
   12882 6432 6692 6433
   12883 6645 6385 6644
   12884 6379 6639 6380
   12885 6366 6625 6367
   12886 6624 6366 6365
   12887 6328 6587 6329
   12888 6587 6588 6329
   12889 6336 6594 6595
   12890 6336 6595 6337
   12891 6690 6431 6430
   12892 6432 6691 6692
   12893 6431 6690 6691
   12894 6693 6433 6692
   12895 6433 6693 6434
   12896 6645 6386 6385
   12897 6658 6399 6398
   12898 6638 6639 6379
   12899 6366 6624 6625
   12900 6625 6626 6367
   12901 6365 6364 6623
   12902 6624 6365 6623
   12903 6514 6256 8936
   12904 6255 8936 6256
   12905 6328 6586 6587
   12906 6595 6596 6337
   12907 6337 6596 6338
   12908 6510 9667 9668
   12909 6690 6430 6689
   12910 6429 6689 6430
   12911 6694 6435 6434
   12912 6694 6434 6693
   12913 6645 6646 6386
   12914 6659 6399 6658
   12915 6398 6657 6658
   12916 6659 6400 6399
   12917 6397 6657 6398
   12918 6638 6379 6378
   12919 6626 6368 6367
   12920 6364 6622 6623
   12921 6622 6364 6363
   12922 6257 6514 6515
   12923 6514 6257 6256
   12924 6586 6328 6327
   12925 6596 6597 6338
   12926 6338 6597 6339
   12927 6695 6436 6435
   12928 9667 6510 9666
   12929 6688 6689 6429
   12930 6688 6429 6428
   12931 6435 6694 6695
   12932 6646 6387 6386
   12933 6401 6400 6660
   12934 6400 6659 6660
   12935 6656 6657 6397
   12936 6637 6638 6378
   12937 6368 6626 6627
   12938 6621 6622 6363
   12939 6362 6621 6363
   12940 6516 6258 6515
   12941 6258 6257 6515
   12942 6327 6585 6586
   12943 6326 6585 6327
   12944 6598 6340 6339
   12945 6598 6339 6597
   12946 6695 6696 6436
   12947 6510 6509 9666
   12948 6696 6437 6436
   12949 6687 6428 6427
   12950 6687 6688 6428
   12951 6646 6647 6387
   12952 6660 6661 6401
   12953 6401 6661 6402
   12954 6387 6647 6388
   12955 6656 6397 6396
   12956 6637 6378 6377
   12957 6637 6377 6636
   12958 6369 6368 6627
   12959 6620 6362 6361
   12960 6621 6362 6620
   12961 6516 6517 6259
   12962 6258 6516 6259
   12963 6325 6584 6326
   12964 6584 6585 6326
   12965 6340 6598 6599
   12966 6340 6599 6341
   12967 6696 6697 6437
   12968 6437 6697 6438
   12969 6686 6427 6426
   12970 6427 6686 6687
   12971 6388 6647 6648
   12972 6402 6661 6662
   12973 6662 6403 6402
   12974 6655 6656 6396
   12975 6377 6376 6636
   12976 6636 6376 6635
   12977 6369 6627 6628
   12978 6361 6360 6619
   12979 6361 6619 6620
   12980 6518 6260 6517
   12981 6259 6517 6260
   12982 6324 6583 6325
   12983 6583 6584 6325
   12984 6599 6600 6341
   12985 6341 6600 6342
   12986 6770 6509 6769
   12987 6698 6438 6697
   12988 6686 6426 6685
   12989 6425 6685 6426
   12990 6648 6649 6389
   12991 6648 6389 6388
   12992 6663 6403 6662
   12993 6663 6404 6403
   12994 6655 6396 6395
   12995 6634 6635 6375
   12996 6376 6375 6635
   12997 6629 6370 6628
   12998 6628 6370 6369
   12999 6360 6618 6619
   13000 6618 6360 6359
   13001 6261 6518 6519
   13002 6518 6261 6260
   13003 6582 6324 6323
   13004 6322 6581 6323
   13005 6583 6324 6582
   13006 6600 6601 6342
   13007 6342 6601 6343
   13008 6698 6439 6438
   13009 6509 6508 6769
   13010 6769 6508 6768
   13011 6685 6425 6684
   13012 6424 6684 6425
   13013 6390 6649 6650
   13014 6389 6649 6390
   13015 6655 6395 6654
   13016 6664 6405 6404
   13017 6663 6664 6404
   13018 6634 6375 6374
   13019 6633 6634 6374
   13020 6629 6630 6371
   13021 6370 6629 6371
   13022 6617 6618 6359
   13023 6358 6617 6359
   13024 6519 6520 6262
   13025 6261 6519 6262
   13026 6579 6321 6320
   13027 6321 6580 6322
   13028 6323 6581 6582
   13029 6580 6581 6322
   13030 6602 6344 6343
   13031 6602 6343 6601
   13032 6439 6698 6699
   13033 6508 6507 6768
   13034 6507 6767 6768
   13035 6683 6424 6423
   13036 6424 6683 6684
   13037 6651 6391 6650
   13038 6650 6391 6390
   13039 6394 6653 6654
   13040 6654 6395 6394
   13041 6664 6665 6405
   13042 6405 6665 6406
   13043 6633 6374 6632
   13044 6630 6631 6372
   13045 6630 6372 6371
   13046 6616 6358 6357
   13047 6358 6616 6617
   13048 6262 6520 6521
   13049 6578 6320 6319
   13050 6321 6579 6580
   13051 6578 6579 6320
   13052 6344 6602 6603
   13053 6345 6344 6603
   13054 6699 6440 6439
   13055 6507 6506 6767
   13056 6766 6767 6506
   13057 6682 6423 6422
   13058 6423 6682 6683
   13059 6392 6651 6652
   13060 6651 6392 6391
   13061 6393 6653 6394
   13062 6652 6653 6393
   13063 6406 6665 6666
   13064 6666 6407 6406
   13065 6632 6374 6373
   13066 6632 6373 6631
   13067 6631 6373 6372
   13068 6357 6356 6615
   13069 6616 6357 6615
   13070 6263 6521 6522
   13071 6521 6263 6262
   13072 6318 6578 6319
   13073 6604 6345 6603
   13074 6345 6604 6346
   13075 6440 6699 6700
   13076 6505 6766 6506
   13077 6766 6505 6765
   13078 6682 6422 6681
   13079 6421 6681 6422
   13080 6393 6392 6652
   13081 6407 6666 6667
   13082 6667 6408 6407
   13083 6356 6614 6615
   13084 6614 6356 6355
   13085 6264 6522 6523
   13086 6264 6263 6522
   13087 6317 6577 6318
   13088 6577 6578 6318
   13089 6346 6604 6605
   13090 6605 6347 6346
   13091 6701 6441 6700
   13092 6440 6700 6441
   13093 6504 6764 6765
   13094 6504 6765 6505
   13095 6680 6681 6421
   13096 6680 6421 6420
   13097 6409 6408 6668
   13098 6408 6667 6668
   13099 6613 6614 6355
   13100 6354 6613 6355
   13101 6524 6265 6523
   13102 6265 6264 6523
   13103 6577 6317 6576
   13104 6606 6348 6347
   13105 6605 6606 6347
   13106 6702 6442 6701
   13107 6441 6701 6442
   13108 6702 6443 6442
   13109 6764 6504 6503
   13110 6764 6503 6763
   13111 6679 6420 6419
   13112 6679 6680 6420
   13113 6668 6669 6409
   13114 6409 6669 6410
   13115 6612 6354 6353
   13116 6354 6612 6613
   13117 6266 6524 6525
   13118 6265 6524 6266
   13119 6576 6317 6316
   13120 6348 6606 6607
   13121 6349 6348 6607
   13122 6443 6702 6703
   13123 6703 6444 6443
   13124 6704 6445 6444
   13125 6762 6763 6502
   13126 6503 6502 6763
   13127 6678 6419 6418
   13128 6419 6678 6679
   13129 6670 6410 6669
   13130 6670 6411 6410
   13131 6353 6352 6611
   13132 6612 6353 6611
   13133 6525 6526 6267
   13134 6525 6267 6266
   13135 6315 6575 6316
   13136 6576 6316 6575
   13137 6608 6349 6607
   13138 6349 6608 6350
   13139 6703 6704 6444
   13140 6446 6445 6705
   13141 6704 6705 6445
   13142 6501 6762 6502
   13143 6762 6501 6761
   13144 6678 6418 6677
   13145 6417 6677 6418
   13146 6411 6670 6671
   13147 6671 6412 6411
   13148 6352 6610 6611
   13149 6610 6352 6351
   13150 6268 6526 6527
   13151 6526 6268 6267
   13152 6314 6574 6315
   13153 6574 6575 6315
   13154 6350 6608 6609
   13155 6350 6609 6351
   13156 6705 6706 6446
   13157 6706 6447 6446
   13158 6761 6500 6760
   13159 6501 6500 6761
   13160 6677 6417 6676
   13161 6416 6676 6417
   13162 6672 6413 6412
   13163 6671 6672 6412
   13164 6609 6610 6351
   13165 6528 6269 6527
   13166 6269 6268 6527
   13167 6313 6573 6314
   13168 6573 6574 6314
   13169 6447 6706 6707
   13170 6500 6499 6760
   13171 6760 6499 6759
   13172 6707 6448 6447
   13173 6675 6416 6415
   13174 6416 6675 6676
   13175 6672 6673 6413
   13176 6413 6673 6414
   13177 6270 6528 6529
   13178 6269 6528 6270
   13179 6573 6313 6572
   13180 6448 6708 6449
   13181 6758 6759 6498
   13182 6499 6498 6759
   13183 6448 6707 6708
   13184 6674 6415 6414
   13185 6415 6674 6675
   13186 6674 6414 6673
   13187 6529 6530 6271
   13188 6529 6271 6270
   13189 6313 6312 6572
   13190 6572 6312 6571
   13191 6709 6449 6708
   13192 6497 6758 6498
   13193 6758 6497 6757
   13194 6450 6449 6709
   13195 6272 6530 6531
   13196 6530 6272 6271
   13197 6312 6311 6571
   13198 6570 6571 6311
   13199 6710 6451 6450
   13200 6496 6756 6757
   13201 6757 6497 6496
   13202 6709 6710 6450
   13203 6531 6532 6273
   13204 6272 6531 6273
   13205 6310 6570 6311
   13206 6569 6570 6310
   13207 6451 6710 6711
   13208 6495 6756 6496
   13209 6756 6495 6755
   13210 6711 6452 6451
   13211 6532 6533 6274
   13212 6273 6532 6274
   13213 6309 6569 6310
   13214 6309 6568 6569
   13215 6754 6755 6494
   13216 6495 6494 6755
   13217 6711 6712 6452
   13218 6533 6534 6275
   13219 6275 6274 6533
   13220 6568 6309 6308
   13221 6567 6568 6308
   13222 6452 6712 6453
   13223 6493 6754 6494
   13224 6754 6493 6753
   13225 6276 6534 6535
   13226 6534 6276 6275
   13227 6308 6307 6567
   13228 6566 6567 6307
   13229 6712 6713 6453
   13230 6454 6453 6713
   13231 6492 6752 6753
   13232 6493 6492 6753
   13233 6536 6277 6535
   13234 6277 6276 6535
   13235 6306 6566 6307
   13236 6565 6566 6306
   13237 6713 6714 6454
   13238 6751 6752 6491
   13239 6752 6492 6491
   13240 6714 6455 6454
   13241 6278 6536 6537
   13242 6277 6536 6278
   13243 6565 6306 6564
   13244 6455 6714 6715
   13245 6715 6456 6455
   13246 6491 6490 6751
   13247 6750 6751 6490
   13248 6537 6538 6279
   13249 6537 6279 6278
   13250 6305 6564 6306
   13251 6564 6305 6563
   13252 6456 6715 6716
   13253 6489 6750 6490
   13254 6750 6489 6749
   13255 6456 6716 6457
   13256 6280 6538 6539
   13257 6538 6280 6279
   13258 6305 6304 6563
   13259 6717 6457 6716
   13260 6488 6748 6749
   13261 6488 6749 6489
   13262 6458 6457 6717
   13263 6540 6281 6539
   13264 6281 6280 6539
   13265 6304 6562 6563
   13266 6717 6718 6458
   13267 6748 6488 6487
   13268 6748 6487 6747
   13269 6541 6282 6540
   13270 6281 6540 6282
   13271 6562 6304 6303
   13272 6561 6562 6303
   13273 6459 6718 6719
   13274 6718 6459 6458
   13275 6746 6747 6486
   13276 6487 6486 6747
   13277 6541 6542 6283
   13278 6541 6283 6282
   13279 6302 6560 6561
   13280 6561 6303 6302
   13281 6459 6719 6460
   13282 6485 6746 6486
   13283 6746 6485 6745
   13284 6542 6543 6284
   13285 6542 6284 6283
   13286 6560 6301 6559
   13287 6301 6560 6302
   13288 6719 6720 6460
   13289 6744 6745 6484
   13290 6745 6485 6484
   13291 6544 6285 6543
   13292 6543 6285 6284
   13293 6301 6300 6559
   13294 6300 6558 6559
   13295 6720 6721 6461
   13296 6460 6720 6461
   13297 6483 6743 6744
   13298 6484 6483 6744
   13299 6286 6544 6545
   13300 6285 6544 6286
   13301 6558 6300 6299
   13302 6557 6558 6299
   13303 6721 6722 6462
   13304 6462 6461 6721
   13305 6483 6482 6743
   13306 6742 6743 6482
   13307 6545 6546 6287
   13308 6545 6287 6286
   13309 6298 6556 6557
   13310 6557 6299 6298
   13311 6463 6722 6723
   13312 6722 6463 6462
   13313 6481 6742 6482
   13314 6742 6481 6741
   13315 6546 6547 6288
   13316 6546 6288 6287
   13317 6556 6297 6555
   13318 6297 6556 6298
   13319 6464 6723 6724
   13320 6723 6464 6463
   13321 6480 6740 6741
   13322 6480 6741 6481
   13323 6289 6547 6548
   13324 6547 6289 6288
   13325 6292 6551 6293
   13326 6293 6552 6294
   13327 6297 6296 6555
   13328 6296 6554 6555
   13329 6725 6465 6724
   13330 6464 6724 6465
   13331 6740 6480 6479
   13332 6740 6479 6739
   13333 6548 6549 6290
   13334 6289 6548 6290
   13335 6550 6292 6291
   13336 6292 6550 6551
   13337 6551 6552 6293
   13338 6552 6553 6294
   13339 6554 6296 6295
   13340 6553 6554 6295
   13341 6725 6726 6466
   13342 6466 6465 6725
   13343 6738 6739 6478
   13344 6479 6478 6739
   13345 6550 6291 6549
   13346 6290 6549 6291
   13347 6295 6294 6553
   13348 6467 6726 6727
   13349 6726 6467 6466
   13350 6477 6738 6478
   13351 6738 6477 6737
   13352 6727 6728 6467
   13353 6736 6737 6476
   13354 6737 6477 6476
   13355 6728 6729 6468
   13356 6728 6468 6467
   13357 6471 6470 6731
   13358 6732 6472 6471
   13359 6735 6736 6475
   13360 6736 6476 6475
   13361 6472 6733 6473
   13362 6730 6469 6729
   13363 6729 6469 6468
   13364 6469 6730 6470
   13365 6730 6731 6470
   13366 6732 6471 6731
   13367 6472 6732 6733
   13368 6475 6474 6735
   13369 6473 6734 6474
   13370 6734 6735 6474
   13371 6734 6473 6733
   13372 8935 6255 8934
   13373 6255 8935 8936
   13374 9669 6510 9668
   13375 6510 9669 6511
   13376 9665 6509 6770
   13377 6509 9665 9666
   13378 6514 8938 8939
   13379 8939 8940 6514
   13380 6583 6838 6584
   13381 6839 6585 6584
   13382 9664 9665 6770
   13383 6877 6623 6622
   13384 8940 8941 6514
   13385 8941 6515 6514
   13386 6837 6838 6583
   13387 6584 6838 6839
   13388 6840 6585 6839
   13389 6585 6840 6586
   13390 9663 9664 6770
   13391 6914 6660 6659
   13392 6915 6661 6660
   13393 6622 6621 6876
   13394 6878 6623 6877
   13395 6622 6876 6877
   13396 6515 8941 8942
   13397 6582 6837 6583
   13398 6840 6841 6586
   13399 6586 6841 6587
   13400 6623 6878 6624
   13401 6660 6914 6915
   13402 6913 6914 6659
   13403 6916 6661 6915
   13404 6661 6916 6662
   13405 6621 6875 6876
   13406 6875 6621 6620
   13407 8943 6515 8942
   13408 6582 6836 6837
   13409 6836 6582 6581
   13410 6841 6842 6587
   13411 6587 6842 6588
   13412 6697 6952 6698
   13413 6953 6699 6698
   13414 9661 9662 6769
   13415 6878 6879 6624
   13416 6913 6659 6658
   13417 6917 6663 6662
   13418 6916 6917 6662
   13419 6874 6875 6620
   13420 6619 6874 6620
   13421 6515 8943 8944
   13422 6835 6836 6581
   13423 6516 6515 8944
   13424 6843 6589 6588
   13425 6588 6842 6843
   13426 6951 6697 6696
   13427 6697 6951 6952
   13428 6952 6953 6698
   13429 6953 6954 6699
   13430 9661 6769 9660
   13431 6879 6625 6624
   13432 6895 6641 6640
   13433 6896 6642 6641
   13434 6912 6913 6658
   13435 6918 6664 6663
   13436 6917 6918 6663
   13437 6618 6873 6619
   13438 6619 6873 6874
   13439 8944 8945 6516
   13440 6835 6581 6580
   13441 6589 6843 6844
   13442 6589 6844 6590
   13443 6950 6696 6695
   13444 6951 6696 6950
   13445 6954 6700 6699
   13446 6769 9659 9660
   13447 6625 6879 6880
   13448 6895 6896 6641
   13449 6894 6895 6640
   13450 6897 6642 6896
   13451 6657 6912 6658
   13452 6664 6918 6919
   13453 6919 6665 6664
   13454 6618 6617 6872
   13455 6873 6618 6872
   13456 8945 8946 6516
   13457 6834 6835 6580
   13458 6834 6580 6579
   13459 6844 6845 6590
   13460 6590 6845 6591
   13461 6695 6694 6949
   13462 6949 6950 6695
   13463 6955 6700 6954
   13464 6955 6701 6700
   13465 9659 6769 6768
   13466 9658 9659 6768
   13467 6626 6625 6880
   13468 6639 6894 6640
   13469 6897 6643 6642
   13470 6912 6657 6911
   13471 6920 6665 6919
   13472 6665 6920 6666
   13473 6617 6871 6872
   13474 6871 6617 6616
   13475 6881 6626 6880
   13476 8946 8947 6516
   13477 6516 8947 6517
   13478 6834 6579 6833
   13479 6845 6846 6591
   13480 6591 6846 6592
   13481 6693 6948 6694
   13482 6694 6948 6949
   13483 6701 6955 6956
   13484 9657 9658 6768
   13485 6893 6639 6638
   13486 6894 6639 6893
   13487 6898 6643 6897
   13488 6643 6898 6644
   13489 6656 6910 6911
   13490 6911 6657 6656
   13491 6921 6667 6666
   13492 6920 6921 6666
   13493 6870 6871 6616
   13494 6870 6616 6615
   13495 6627 6881 6882
   13496 6881 6627 6626
   13497 6578 6832 6579
   13498 6833 6579 6832
   13499 6847 6593 6592
   13500 6847 6592 6846
   13501 6947 6693 6692
   13502 6693 6947 6948
   13503 6701 6956 6702
   13504 6638 6892 6893
   13505 6898 6899 6644
   13506 6910 6656 6655
   13507 6909 6910 6655
   13508 6899 6645 6644
   13509 6922 6668 6667
   13510 6921 6922 6667
   13511 6614 6869 6615
   13512 6615 6869 6870
   13513 6882 6883 6628
   13514 6627 6882 6628
   13515 6517 8949 6518
   13516 6831 6832 6578
   13517 6593 6847 6848
   13518 6593 6848 6594
   13519 6946 6692 6691
   13520 6947 6692 6946
   13521 6702 6956 6957
   13522 9656 6767 9655
   13523 6638 6637 6892
   13524 6908 6909 6654
   13525 6909 6655 6654
   13526 6899 6900 6645
   13527 6900 6646 6645
   13528 6668 6922 6923
   13529 6923 6669 6668
   13530 6614 6613 6868
   13531 6869 6614 6868
   13532 6629 6883 6884
   13533 6883 6629 6628
   13534 8949 6771 6518
   13535 6577 6831 6578
   13536 6830 6831 6577
   13537 6848 6849 6594
   13538 6594 6849 6595
   13539 6945 6691 6690
   13540 6945 6946 6691
   13541 6703 6702 6957
   13542 6957 6958 6703
   13543 6637 6891 6892
   13544 6653 6908 6654
   13545 6908 6653 6907
   13546 6901 6647 6646
   13547 6646 6900 6901
   13548 6669 6923 6924
   13549 6669 6924 6670
   13550 6613 6867 6868
   13551 6867 6613 6612
   13552 6630 6884 6885
   13553 6630 6629 6884
   13554 6891 6637 6636
   13555 6771 6772 6519
   13556 6518 6771 6519
   13557 6576 6830 6577
   13558 6830 6576 6829
   13559 6849 6850 6595
   13560 6595 6850 6596
   13561 6689 6944 6690
   13562 6944 6945 6690
   13563 6958 6704 6703
   13564 6959 6704 6958
   13565 6890 6891 6636
   13566 6647 6902 6648
   13567 6903 6649 6648
   13568 6652 6906 6907
   13569 6907 6653 6652
   13570 6902 6647 6901
   13571 6925 6671 6670
   13572 6924 6925 6670
   13573 6866 6867 6612
   13574 6866 6612 6611
   13575 6886 6631 6885
   13576 6885 6631 6630
   13577 6889 6635 6634
   13578 6635 6890 6636
   13579 6773 6520 6772
   13580 6520 6519 6772
   13581 6829 6576 6575
   13582 6575 6828 6829
   13583 6851 6597 6596
   13584 6851 6596 6850
   13585 6943 6689 6688
   13586 6689 6943 6944
   13587 6959 6705 6704
   13588 6705 6959 6960
   13589 9652 9653 6766
   13590 6890 6635 6889
   13591 6902 6903 6648
   13592 6903 6904 6649
   13593 6906 6652 6651
   13594 6905 6906 6651
   13595 6926 6672 6671
   13596 6925 6926 6671
   13597 6610 6865 6611
   13598 6611 6865 6866
   13599 6886 6887 6632
   13600 6631 6886 6632
   13601 6888 6634 6633
   13602 6889 6634 6888
   13603 6774 6521 6773
   13604 6520 6773 6521
   13605 6827 6828 6574
   13606 6574 6828 6575
   13607 6597 6851 6852
   13608 6597 6852 6598
   13609 6942 6688 6687
   13610 6943 6688 6942
   13611 6960 6961 6706
   13612 6705 6960 6706
   13613 6766 7021 9652
   13614 6904 6650 6649
   13615 6650 6904 6905
   13616 6905 6651 6650
   13617 6927 6672 6926
   13618 6927 6673 6672
   13619 6610 6609 6864
   13620 6865 6610 6864
   13621 6887 6888 6633
   13622 6887 6633 6632
   13623 6775 6522 6774
   13624 6774 6522 6521
   13625 6573 6827 6574
   13626 6827 6573 6826
   13627 6852 6853 6598
   13628 6598 6853 6599
   13629 6687 6686 6941
   13630 6941 6942 6687
   13631 6707 6961 6962
   13632 6961 6707 6706
   13633 7021 6766 6765
   13634 7021 6765 7020
   13635 6673 6927 6928
   13636 6673 6928 6674
   13637 6609 6863 6864
   13638 6863 6609 6608
   13639 6523 6775 6776
   13640 6522 6775 6523
   13641 6572 6825 6826
   13642 6573 6572 6826
   13643 6853 6854 6599
   13644 6599 6854 6600
   13645 6685 6940 6686
   13646 6686 6940 6941
   13647 6963 6708 6962
   13648 6708 6707 6962
   13649 6764 7019 7020
   13650 6764 7020 6765
   13651 6929 6675 6674
   13652 6928 6929 6674
   13653 6862 6863 6608
   13654 6862 6608 6607
   13655 6524 6776 6777
   13656 6776 6524 6523
   13657 6825 6571 6824
   13658 6825 6572 6571
   13659 6855 6601 6600
   13660 6855 6600 6854
   13661 6939 6685 6684
   13662 6685 6939 6940
   13663 6709 6963 6964
   13664 6963 6709 6708
   13665 7019 6764 6763
   13666 7018 7019 6763
   13667 6930 6676 6675
   13668 6929 6930 6675
   13669 6606 6861 6607
   13670 6607 6861 6862
   13671 6778 6525 6777
   13672 6524 6777 6525
   13673 6570 6824 6571
   13674 6823 6824 6570
   13675 6601 6855 6856
   13676 6602 6601 6856
   13677 6938 6684 6683
   13678 6939 6684 6938
   13679 6710 6964 6965
   13680 6709 6964 6710
   13681 6762 7017 7018
   13682 6763 6762 7018
   13683 6931 6676 6930
   13684 6931 6677 6676
   13685 6606 6605 6860
   13686 6861 6606 6860
   13687 6779 6526 6778
   13688 6778 6526 6525
   13689 6569 6823 6570
   13690 6823 6569 6822
   13691 6857 6602 6856
   13692 6602 6857 6603
   13693 6937 6683 6682
   13694 6937 6938 6683
   13695 6711 6965 6966
   13696 6711 6710 6965
   13697 6762 6761 7017
   13698 6761 7016 7017
   13699 6677 6931 6932
   13700 6677 6932 6678
   13701 6605 6859 6860
   13702 6859 6605 6604
   13703 6527 6779 6780
   13704 6526 6779 6527
   13705 6822 6568 6821
   13706 6569 6568 6822
   13707 6857 6858 6603
   13708 6604 6603 6858
   13709 6681 6936 6682
   13710 6936 6937 6682
   13711 6967 6712 6966
   13712 6712 6711 6966
   13713 6760 7015 7016
   13714 6761 6760 7016
   13715 6933 6679 6678
   13716 6932 6933 6678
   13717 6858 6859 6604
   13718 6528 6780 6781
   13719 6780 6528 6527
   13720 6821 6568 6567
   13721 6821 6567 6820
   13722 6935 6681 6680
   13723 6681 6935 6936
   13724 6713 6967 6968
   13725 6967 6713 6712
   13726 7015 6760 6759
   13727 7014 7015 6759
   13728 6934 6680 6679
   13729 6933 6934 6679
   13730 6782 6529 6781
   13731 6528 6781 6529
   13732 6566 6820 6567
   13733 6819 6820 6566
   13734 6935 6680 6934
   13735 6968 6969 6714
   13736 6713 6968 6714
   13737 6758 7013 7014
   13738 6759 6758 7014
   13739 6783 6529 6782
   13740 6565 6819 6566
   13741 6819 6565 6818
   13742 6715 6969 6970
   13743 6969 6715 6714
   13744 6757 7013 6758
   13745 7013 6757 7012
   13746 6530 6783 6784
   13747 6783 6530 6529
   13748 6564 6817 6818
   13749 6565 6564 6818
   13750 6971 6716 6970
   13751 6716 6715 6970
   13752 6756 7011 7012
   13753 7012 6757 6756
   13754 6785 6531 6784
   13755 6531 6530 6784
   13756 6785 6532 6531
   13757 6817 6564 6563
   13758 6717 6971 6972
   13759 6971 6717 6716
   13760 7011 6756 6755
   13761 7010 7011 6755
   13762 6532 6785 6786
   13763 6533 6532 6786
   13764 6817 6563 6816
   13765 6718 6972 6973
   13766 6717 6972 6718
   13767 7009 7010 6754
   13768 6755 6754 7010
   13769 6787 6533 6786
   13770 6562 6816 6563
   13771 6815 6816 6562
   13772 6534 6533 6787
   13773 6719 6973 6974
   13774 6719 6718 6973
   13775 6753 7009 6754
   13776 7009 6753 7008
   13777 6788 6534 6787
   13778 6561 6815 6562
   13779 6815 6561 6814
   13780 6535 6534 6788
   13781 6789 6536 6535
   13782 6720 6719 6974
   13783 6753 6752 7008
   13784 6752 7007 7008
   13785 6788 6789 6535
   13786 6560 6813 6814
   13787 6561 6560 6814
   13788 6536 6789 6790
   13789 6975 6720 6974
   13790 7007 6752 6751
   13791 7006 7007 6751
   13792 6537 6536 6790
   13793 6812 6813 6559
   13794 6813 6560 6559
   13795 6721 6975 6976
   13796 6975 6721 6720
   13797 6751 6750 7006
   13798 6750 7005 7006
   13799 6791 6537 6790
   13800 6537 6791 6538
   13801 6539 6538 6792
   13802 6559 6558 6812
   13803 6811 6812 6558
   13804 6976 6977 6722
   13805 6976 6722 6721
   13806 6749 7005 6750
   13807 7004 6749 6748
   13808 7005 6749 7004
   13809 6791 6792 6538
   13810 6792 6793 6539
   13811 6793 6540 6539
   13812 6557 6811 6558
   13813 6811 6557 6810
   13814 6541 6540 6794
   13815 6723 6977 6978
   13816 6977 6723 6722
   13817 6748 7003 7004
   13818 6540 6793 6794
   13819 6556 6809 6810
   13820 6557 6556 6810
   13821 6542 6796 6543
   13822 6797 6544 6543
   13823 6795 6541 6794
   13824 6541 6795 6542
   13825 6979 6724 6978
   13826 6724 6723 6978
   13827 7003 6748 6747
   13828 7002 7003 6747
   13829 6545 6544 6798
   13830 6808 6809 6555
   13831 6809 6556 6555
   13832 6795 6796 6542
   13833 6797 6543 6796
   13834 6798 6544 6797
   13835 6725 6979 6980
   13836 6979 6725 6724
   13837 6746 6745 7001
   13838 6744 7000 6745
   13839 6747 6746 7002
   13840 7002 6746 7001
   13841 6799 6545 6798
   13842 6555 6554 6808
   13843 6807 6808 6554
   13844 6726 6980 6981
   13845 6725 6980 6726
   13846 6999 6744 6743
   13847 7000 7001 6745
   13848 6744 6999 7000
   13849 6545 6799 6546
   13850 6550 6804 6551
   13851 6549 6803 6550
   13852 6553 6807 6554
   13853 6807 6553 6806
   13854 6727 6981 6982
   13855 6727 6726 6981
   13856 6741 6997 6742
   13857 6996 6741 6740
   13858 6743 6742 6998
   13859 6998 6999 6743
   13860 6799 6800 6546
   13861 6803 6804 6550
   13862 6551 6804 6805
   13863 6803 6549 6802
   13864 6549 6548 6802
   13865 6805 6806 6552
   13866 6806 6553 6552
   13867 6983 6728 6982
   13868 6728 6727 6982
   13869 6995 6740 6739
   13870 6997 6741 6996
   13871 6742 6997 6998
   13872 6740 6995 6996
   13873 6546 6800 6547
   13874 6805 6552 6551
   13875 6548 6801 6802
   13876 6729 6983 6984
   13877 6728 6983 6729
   13878 6994 6995 6739
   13879 6801 6547 6800
   13880 6801 6548 6547
   13881 6984 6985 6730
   13882 6984 6730 6729
   13883 6733 6988 6734
   13884 6739 6738 6994
   13885 6731 6985 6986
   13886 6985 6731 6730
   13887 6987 6733 6732
   13888 6733 6987 6988
   13889 6989 6734 6988
   13890 6993 6994 6738
   13891 6987 6732 6986
   13892 6732 6731 6986
   13893 6735 6734 6989
   13894 6737 6993 6738
   13895 6990 6735 6989
   13896 6991 6736 6735
   13897 6992 6993 6737
   13898 6990 6991 6735
   13899 6736 6991 6992
   13900 6736 6992 6737
   13901 6769 9663 6770
   13902 9663 6769 9662
   13903 9657 6767 9656
   13904 6767 9657 6768
   13905 8937 6514 8936
   13906 6514 8937 8938
   13907 6517 8948 8949
   13908 8948 6517 8947
   13909 6767 9654 9655
   13910 6766 9654 6767
   13911 9654 6766 9653
   13912 8951 8952 6771
   13913 6873 7121 6874
   13914 8952 8953 6771
   13915 7079 6832 6831
   13916 7078 6831 6830
   13917 7120 6873 6872
   13918 6873 7120 7121
   13919 7121 7122 6874
   13920 7166 6918 6917
   13921 7167 6919 6918
   13922 6771 8953 8954
   13923 6832 7080 6833
   13924 6832 7079 7080
   13925 7078 7079 6831
   13926 6772 6771 8954
   13927 7077 7078 6830
   13928 6872 6871 7119
   13929 7120 6872 7119
   13930 7122 6875 6874
   13931 7167 6918 7166
   13932 6917 7165 7166
   13933 6920 6919 7168
   13934 6919 7167 7168
   13935 7021 9649 9650
   13936 8954 8955 6772
   13937 7081 6833 7080
   13938 7081 6834 6833
   13939 7077 6830 6829
   13940 7118 6871 6870
   13941 6871 7118 7119
   13942 6875 7122 7123
   13943 6916 7165 6917
   13944 7168 7169 6920
   13945 6920 7169 6921
   13946 9649 7021 9648
   13947 6961 6960 7209
   13948 7210 6962 6961
   13949 8955 8956 6772
   13950 7082 6835 6834
   13951 7081 7082 6834
   13952 6828 7076 6829
   13953 6829 7076 7077
   13954 7117 6870 6869
   13955 7117 7118 6870
   13956 6876 6875 7123
   13957 7164 7165 6916
   13958 6921 7169 7170
   13959 7170 6922 6921
   13960 7209 6960 7208
   13961 7209 7210 6961
   13962 6959 7208 6960
   13963 6962 7210 7211
   13964 8956 8957 6772
   13965 7082 7083 6835
   13966 7083 6836 6835
   13967 8957 6773 6772
   13968 7076 6828 7075
   13969 6868 7116 6869
   13970 6869 7116 7117
   13971 7124 6876 7123
   13972 7164 6916 6915
   13973 6922 7170 7171
   13974 7171 6923 6922
   13975 9646 9647 7020
   13976 7207 6959 6958
   13977 6959 7207 7208
   13978 7211 6963 6962
   13979 6773 8957 8958
   13980 6836 7084 6837
   13981 7084 6836 7083
   13982 6828 6827 7075
   13983 6868 6867 7115
   13984 7116 6868 7115
   13985 6877 7124 7125
   13986 7124 6877 6876
   13987 7163 7164 6915
   13988 6924 6923 7172
   13989 6923 7171 7172
   13990 9645 9646 7020
   13991 7206 6958 6957
   13992 6958 7206 7207
   13993 7211 7212 6963
   13994 9645 7020 7019
   13995 8958 8959 6774
   13996 6774 6773 8958
   13997 7085 6837 7084
   13998 7085 6838 6837
   13999 6827 7074 7075
   14000 7114 6867 6866
   14001 6867 7114 7115
   14002 7125 7126 6878
   14003 6877 7125 6878
   14004 7163 6915 6914
   14005 7163 6914 7162
   14006 7172 7173 6924
   14007 6924 7173 6925
   14008 9644 9645 7019
   14009 7206 6957 7205
   14010 6956 7205 6957
   14011 7212 6964 6963
   14012 8959 8960 6774
   14013 7086 6839 6838
   14014 7085 7086 6838
   14015 7074 6827 6826
   14016 6774 8960 6775
   14017 7073 7074 6826
   14018 7113 6866 6865
   14019 7113 7114 6866
   14020 6879 7126 7127
   14021 7126 6879 6878
   14022 6913 7161 7162
   14023 7162 6914 6913
   14024 7174 6925 7173
   14025 7174 6926 6925
   14026 9643 9644 7019
   14027 7204 7205 6956
   14028 6956 6955 7204
   14029 7212 7213 6964
   14030 7019 7018 9642
   14031 7022 6775 8960
   14032 7087 6839 7086
   14033 6839 7087 6840
   14034 7073 6825 7072
   14035 7073 6826 6825
   14036 6864 7112 6865
   14037 6865 7112 7113
   14038 6880 7127 7128
   14039 6880 6879 7127
   14040 6912 7161 6913
   14041 7160 7161 6912
   14042 6926 7174 7175
   14043 7175 6927 6926
   14044 9642 9643 7019
   14045 7203 6955 6954
   14046 6955 7203 7204
   14047 7213 7214 6965
   14048 6965 6964 7213
   14049 7018 9641 9642
   14050 7022 7023 6776
   14051 7022 6776 6775
   14052 6840 7088 6841
   14053 7087 7088 6840
   14054 6824 7072 6825
   14055 7072 6824 7071
   14056 6864 6863 7111
   14057 7112 6864 7111
   14058 7129 6880 7128
   14059 6911 7159 7160
   14060 6912 6911 7160
   14061 6928 6927 7176
   14062 6927 7175 7176
   14063 7202 6954 6953
   14064 6954 7202 7203
   14065 6966 7214 7215
   14066 7214 6966 6965
   14067 7017 9641 7018
   14068 7024 6777 7023
   14069 7023 6777 6776
   14070 7088 7089 6841
   14071 6841 7089 6842
   14072 6824 6823 7071
   14073 6823 7070 7071
   14074 7110 6863 6862
   14075 6863 7110 7111
   14076 7129 7130 6881
   14077 7129 6881 6880
   14078 6896 6895 7144
   14079 6894 7143 6895
   14080 7145 6897 6896
   14081 7159 6911 6910
   14082 7159 6910 7158
   14083 7176 7177 6928
   14084 6928 7177 6929
   14085 9641 7017 7267
   14086 7202 6953 7201
   14087 6952 7201 6953
   14088 6967 7215 7216
   14089 7215 6967 6966
   14090 7016 7266 7017
   14091 7024 7025 6778
   14092 6777 7024 6778
   14093 7090 6843 6842
   14094 6842 7089 7090
   14095 7070 6823 6822
   14096 7069 7070 6822
   14097 7109 6862 6861
   14098 7109 7110 6862
   14099 7130 7131 6882
   14100 7130 6882 6881
   14101 7142 6894 6893
   14102 7141 6893 6892
   14103 7143 7144 6895
   14104 7145 6896 7144
   14105 7142 7143 6894
   14106 7145 7146 6897
   14107 7146 6898 6897
   14108 6898 7147 6899
   14109 6909 7157 7158
   14110 7158 6910 6909
   14111 7178 6929 7177
   14112 7178 6930 6929
   14113 7266 7267 7017
   14114 7201 6952 7200
   14115 6951 7200 6952
   14116 7217 6968 7216
   14117 6967 7216 6968
   14118 7266 7016 7265
   14119 7026 6779 7025
   14120 6778 7025 6779
   14121 7091 6843 7090
   14122 6843 7091 6844
   14123 6821 7068 7069
   14124 7069 6822 6821
   14125 6860 7108 6861
   14126 6861 7108 7109
   14127 7131 7132 6883
   14128 6883 6882 7131
   14129 7141 7142 6893
   14130 7141 6892 7140
   14131 6892 6891 7140
   14132 7146 7147 6898
   14133 6899 7147 7148
   14134 7148 6900 6899
   14135 6908 7157 6909
   14136 7156 7157 6908
   14137 7149 6901 6900
   14138 6930 7178 7179
   14139 7179 6931 6930
   14140 7199 6951 6950
   14141 6951 7199 7200
   14142 7217 7218 6969
   14143 6969 6968 7217
   14144 7016 7015 7265
   14145 6780 7026 7027
   14146 7026 6780 6779
   14147 6844 7092 6845
   14148 7091 7092 6844
   14149 7068 6820 7067
   14150 6820 7068 6821
   14151 6860 6859 7107
   14152 7108 6860 7107
   14153 6884 7132 7133
   14154 7132 6884 6883
   14155 6891 6890 7139
   14156 7140 6891 7139
   14157 7149 6900 7148
   14158 7150 6902 6901
   14159 6902 7151 6903
   14160 6907 7155 7156
   14161 6908 6907 7156
   14162 7149 7150 6901
   14163 7180 6932 6931
   14164 7179 7180 6931
   14165 7264 7265 7015
   14166 7198 6950 6949
   14167 6950 7198 7199
   14168 6970 7218 7219
   14169 7218 6970 6969
   14170 7027 7028 6781
   14171 6780 7027 6781
   14172 7092 7093 6845
   14173 6845 7093 6846
   14174 6820 6819 7067
   14175 6819 7066 7067
   14176 6859 7106 7107
   14177 7106 6859 6858
   14178 7133 7134 6885
   14179 7133 6885 6884
   14180 7138 6890 6889
   14181 7138 7139 6890
   14182 7150 7151 6902
   14183 7151 7152 6903
   14184 7155 6907 6906
   14185 7155 6906 7154
   14186 6904 6903 7152
   14187 7180 7181 6932
   14188 6932 7181 6933
   14189 7014 7264 7015
   14190 7264 7014 7263
   14191 7198 6949 7197
   14192 6948 7197 6949
   14193 6971 7219 7220
   14194 7219 6971 6970
   14195 7029 6782 7028
   14196 6782 6781 7028
   14197 7094 6847 6846
   14198 7094 6846 7093
   14199 7066 6819 6818
   14200 7065 7066 6818
   14201 7106 6858 7105
   14202 6857 7105 6858
   14203 7134 7135 6886
   14204 7134 6886 6885
   14205 7137 6889 6888
   14206 7137 7138 6889
   14207 6905 7153 7154
   14208 7154 6906 6905
   14209 7152 7153 6904
   14210 7182 6933 7181
   14211 7182 6934 6933
   14212 7262 7263 7013
   14213 7014 7013 7263
   14214 7196 7197 6948
   14215 7196 6948 6947
   14216 7220 7221 6972
   14217 6972 6971 7220
   14218 7012 7262 7013
   14219 7029 7030 6783
   14220 6783 6782 7029
   14221 6847 7094 7095
   14222 6847 7095 6848
   14223 6817 7064 7065
   14224 7065 6818 6817
   14225 6856 7104 6857
   14226 7104 7105 6857
   14227 7135 7136 6887
   14228 6886 7135 6887
   14229 6888 6887 7136
   14230 7137 6888 7136
   14231 6904 7153 6905
   14232 6934 7182 7183
   14233 7183 6935 6934
   14234 7262 7012 7261
   14235 7195 6947 6946
   14236 7195 7196 6947
   14237 7221 7222 6973
   14238 6973 6972 7221
   14239 7261 7012 7011
   14240 6784 7030 7031
   14241 7030 6784 6783
   14242 6848 7096 6849
   14243 7095 7096 6848
   14244 6784 7031 6785
   14245 6816 7064 6817
   14246 6855 7103 6856
   14247 7103 7104 6856
   14248 6935 7184 6936
   14249 6935 7183 7184
   14250 7260 7261 7011
   14251 7194 6946 6945
   14252 6946 7194 7195
   14253 6974 7222 7223
   14254 7222 6974 6973
   14255 7010 7009 7259
   14256 7260 7011 7010
   14257 7031 7032 6785
   14258 7096 7097 6849
   14259 6849 7097 6850
   14260 7032 6786 6785
   14261 7064 6816 7063
   14262 7102 6855 6854
   14263 6855 7102 7103
   14264 7185 6936 7184
   14265 6936 7185 6937
   14266 7259 7260 7010
   14267 7194 6945 7193
   14268 6944 7193 6945
   14269 6974 7223 6975
   14270 7008 7258 7009
   14271 7258 7259 7009
   14272 6786 7032 7033
   14273 7098 6851 6850
   14274 7098 6850 7097
   14275 6816 6815 7063
   14276 6815 7062 7063
   14277 6787 6786 7033
   14278 6853 7101 6854
   14279 7102 6854 7101
   14280 7186 6937 7185
   14281 7186 6938 6937
   14282 7193 6944 7192
   14283 6943 7192 6944
   14284 6975 7223 7224
   14285 7008 7007 7257
   14286 7258 7008 7257
   14287 7034 6787 7033
   14288 6851 7098 7099
   14289 6851 7099 6852
   14290 7062 6815 6814
   14291 7061 7062 6814
   14292 6787 7034 6788
   14293 6788 7035 6789
   14294 6852 7100 6853
   14295 7100 7101 6853
   14296 6938 7186 7187
   14297 7187 6939 6938
   14298 7191 6943 6942
   14299 6943 7191 7192
   14300 7225 6976 7224
   14301 7224 6976 6975
   14302 7006 7256 7007
   14303 7256 7257 7007
   14304 7034 7035 6788
   14305 7099 7100 6852
   14306 7060 7061 6813
   14307 6814 6813 7061
   14308 7036 6789 7035
   14309 7036 6790 6789
   14310 6940 6939 7188
   14311 6939 7187 7188
   14312 7190 6942 6941
   14313 6942 7190 7191
   14314 7225 7226 6977
   14315 6977 6976 7225
   14316 7006 7005 7255
   14317 7004 7254 7005
   14318 7256 7006 7255
   14319 6790 7037 6791
   14320 7060 6812 7059
   14321 6812 7060 6813
   14322 6790 7036 7037
   14323 7188 7189 6940
   14324 6940 7189 6941
   14325 7190 6941 7189
   14326 6978 7226 7227
   14327 7226 6978 6977
   14328 7254 7255 7005
   14329 7254 7004 7253
   14330 7037 7038 6791
   14331 6792 6791 7039
   14332 6792 7040 6793
   14333 6812 6811 7059
   14334 6811 7058 7059
   14335 7227 7228 6979
   14336 7227 6979 6978
   14337 7003 7253 7004
   14338 6791 7038 7039
   14339 7040 6792 7039
   14340 7040 7041 6793
   14341 6794 6793 7041
   14342 7058 6811 6810
   14343 7058 6810 7057
   14344 7042 6795 6794
   14345 7228 7229 6980
   14346 7228 6980 6979
   14347 7002 7001 7251
   14348 7252 7003 7002
   14349 7253 7003 7252
   14350 7041 7042 6794
   14351 7056 7057 6809
   14352 6809 7057 6810
   14353 6796 6795 7043
   14354 6796 7044 6797
   14355 6795 7042 7043
   14356 7229 7230 6981
   14357 6981 6980 7229
   14358 7000 7250 7001
   14359 7000 6999 7249
   14360 7250 7251 7001
   14361 7002 7251 7252
   14362 7045 6798 6797
   14363 7055 7056 6808
   14364 6808 7056 6809
   14365 7044 6796 7043
   14366 6797 7044 7045
   14367 6982 7230 7231
   14368 7230 6982 6981
   14369 6996 7246 6997
   14370 6998 6997 7247
   14371 7250 7000 7249
   14372 7248 7249 6999
   14373 6998 7248 6999
   14374 7045 7046 6798
   14375 7049 6802 6801
   14376 6807 7055 6808
   14377 7055 6807 7054
   14378 7232 6982 7231
   14379 6994 7244 6995
   14380 6995 7245 6996
   14381 7246 6996 7245
   14382 7246 7247 6997
   14383 7248 6998 7247
   14384 6800 7048 6801
   14385 7046 6799 6798
   14386 7049 7050 6802
   14387 7049 6801 7048
   14388 7050 6803 6802
   14389 7053 7054 6806
   14390 7054 6807 6806
   14391 6804 6803 7051
   14392 6983 7232 7233
   14393 6982 7232 6983
   14394 7243 7244 6994
   14395 7244 7245 6995
   14396 6800 6799 7047
   14397 6800 7047 7048
   14398 6799 7046 7047
   14399 6803 7050 7051
   14400 7053 6805 7052
   14401 7053 6806 6805
   14402 6804 7052 6805
   14403 7052 6804 7051
   14404 7234 6984 7233
   14405 7233 6984 6983
   14406 6990 7240 6991
   14407 6990 6989 7239
   14408 6994 6993 7243
   14409 7234 7235 6985
   14410 6984 7234 6985
   14411 7240 6990 7239
   14412 6991 7240 7241
   14413 7238 7239 6989
   14414 7242 7243 6993
   14415 6992 7242 6993
   14416 7241 6992 6991
   14417 7235 7236 6986
   14418 6986 6985 7235
   14419 6988 7238 6989
   14420 7242 6992 7241
   14421 7237 6987 7236
   14422 6987 6986 7236
   14423 6987 7237 6988
   14424 7238 6988 7237
   14425 6771 8950 8951
   14426 8950 6771 8949
   14427 9651 7021 9650
   14428 7021 9651 9652
   14429 7020 9648 7021
   14430 9648 7020 9647
   14431 8961 7022 8960
   14432 7022 8961 8962
   14433 7023 8962 8963
   14434 8962 7023 7022
   14435 9640 9641 7267
   14436 7414 7170 7169
   14437 7024 8963 8964
   14438 7024 7023 8963
   14439 7074 7073 7317
   14440 7267 7266 9640
   14441 9639 9640 7266
   14442 7413 7169 7168
   14443 7119 7118 7363
   14444 7170 7414 7415
   14445 7414 7169 7413
   14446 7170 7415 7171
   14447 7268 7025 8964
   14448 8964 7025 7024
   14449 7316 7073 7072
   14450 7073 7316 7317
   14451 7318 7074 7317
   14452 7074 7318 7075
   14453 7265 9639 7266
   14454 9639 7265 9638
   14455 7364 7120 7119
   14456 7412 7413 7168
   14457 7118 7362 7363
   14458 7364 7119 7363
   14459 7362 7118 7117
   14460 7172 7171 7416
   14461 7171 7415 7416
   14462 7268 7269 7026
   14463 7025 7268 7026
   14464 7316 7072 7315
   14465 7318 7319 7075
   14466 7075 7319 7076
   14467 7459 7215 7214
   14468 7264 9637 9638
   14469 7265 7264 9638
   14470 7412 7168 7167
   14471 7120 7364 7365
   14472 7361 7362 7117
   14473 7116 7361 7117
   14474 7417 7173 7172
   14475 7416 7417 7172
   14476 7269 7270 7027
   14477 7027 7026 7269
   14478 7071 7315 7072
   14479 7076 7319 7320
   14480 7320 7077 7076
   14481 7213 7458 7214
   14482 7459 7460 7215
   14483 7214 7458 7459
   14484 7460 7216 7215
   14485 9637 7264 7509
   14486 7120 7365 7121
   14487 7411 7412 7167
   14488 7360 7116 7115
   14489 7116 7360 7361
   14490 7418 7173 7417
   14491 7418 7174 7173
   14492 7270 7271 7028
   14493 7270 7028 7027
   14494 7070 7069 7313
   14495 7070 7314 7071
   14496 7314 7315 7071
   14497 7077 7321 7078
   14498 7321 7077 7320
   14499 7213 7212 7457
   14500 7458 7213 7457
   14501 7216 7460 7461
   14502 7217 7216 7461
   14503 7264 7263 7509
   14504 7263 7508 7509
   14505 7365 7366 7121
   14506 7166 7411 7167
   14507 7115 7114 7359
   14508 7360 7115 7359
   14509 7174 7418 7419
   14510 7174 7419 7175
   14511 7272 7029 7271
   14512 7271 7029 7028
   14513 7069 7312 7313
   14514 7314 7070 7313
   14515 7321 7322 7078
   14516 7078 7322 7079
   14517 7212 7211 7456
   14518 7212 7456 7457
   14519 7462 7217 7461
   14520 7263 7262 7508
   14521 7262 7507 7508
   14522 7462 7218 7217
   14523 7366 7122 7121
   14524 7166 7410 7411
   14525 7114 7358 7359
   14526 7358 7114 7113
   14527 7420 7176 7175
   14528 7419 7420 7175
   14529 7272 7273 7030
   14530 7030 7029 7272
   14531 7312 7069 7068
   14532 7322 7323 7079
   14533 7079 7323 7080
   14534 7210 7455 7211
   14535 7211 7455 7456
   14536 7261 7506 7507
   14537 7262 7261 7507
   14538 7218 7462 7463
   14539 7122 7366 7367
   14540 7410 7166 7165
   14541 7410 7165 7409
   14542 7357 7358 7113
   14543 7112 7357 7113
   14544 7421 7177 7176
   14545 7420 7421 7176
   14546 7273 7274 7031
   14547 7273 7031 7030
   14548 7312 7068 7311
   14549 7080 7323 7324
   14550 7324 7081 7080
   14551 7454 7210 7209
   14552 7210 7454 7455
   14553 7218 7463 7219
   14554 7506 7261 7260
   14555 7505 7506 7260
   14556 7123 7122 7367
   14557 7123 7367 7368
   14558 7408 7409 7164
   14559 7409 7165 7164
   14560 7356 7112 7111
   14561 7112 7356 7357
   14562 7422 7177 7421
   14563 7422 7178 7177
   14564 7032 7274 7275
   14565 7274 7032 7031
   14566 7067 7311 7068
   14567 7082 7081 7325
   14568 7325 7081 7324
   14569 7209 7208 7453
   14570 7454 7209 7453
   14571 7219 7463 7464
   14572 7259 7504 7505
   14573 7260 7259 7505
   14574 7369 7124 7368
   14575 7368 7124 7123
   14576 7407 7408 7163
   14577 7408 7164 7163
   14578 7111 7110 7355
   14579 7356 7111 7355
   14580 7178 7422 7423
   14581 7178 7423 7179
   14582 7276 7033 7275
   14583 7033 7032 7275
   14584 7066 7310 7067
   14585 7310 7311 7067
   14586 7326 7082 7325
   14587 7082 7326 7083
   14588 7452 7208 7207
   14589 7208 7452 7453
   14590 7220 7219 7464
   14591 7258 7504 7259
   14592 7504 7258 7503
   14593 7369 7370 7125
   14594 7124 7369 7125
   14595 7162 7407 7163
   14596 7407 7162 7406
   14597 7110 7354 7355
   14598 7354 7110 7109
   14599 7180 7179 7424
   14600 7179 7423 7424
   14601 7277 7034 7276
   14602 7034 7033 7276
   14603 7310 7066 7309
   14604 7326 7327 7083
   14605 7083 7327 7084
   14606 7451 7207 7206
   14607 7451 7452 7207
   14608 7465 7220 7464
   14609 7221 7220 7465
   14610 7257 7502 7503
   14611 7503 7258 7257
   14612 7370 7371 7126
   14613 7370 7126 7125
   14614 7161 7405 7406
   14615 7406 7162 7161
   14616 7353 7354 7109
   14617 7108 7353 7109
   14618 7425 7181 7180
   14619 7424 7425 7180
   14620 7277 7278 7035
   14621 7035 7034 7277
   14622 7066 7065 7309
   14623 7065 7308 7309
   14624 7084 7327 7328
   14625 7328 7085 7084
   14626 7205 7450 7206
   14627 7206 7450 7451
   14628 7466 7221 7465
   14629 7502 7257 7256
   14630 7501 7502 7256
   14631 7221 7466 7222
   14632 7372 7127 7371
   14633 7371 7127 7126
   14634 7405 7161 7160
   14635 7404 7405 7160
   14636 7107 7352 7108
   14637 7108 7352 7353
   14638 7426 7181 7425
   14639 7426 7182 7181
   14640 7278 7279 7036
   14641 7278 7036 7035
   14642 7308 7065 7064
   14643 7308 7064 7307
   14644 7329 7086 7085
   14645 7328 7329 7085
   14646 7205 7204 7449
   14647 7450 7205 7449
   14648 7222 7466 7467
   14649 7255 7500 7501
   14650 7256 7255 7501
   14651 7128 7372 7373
   14652 7372 7128 7127
   14653 7403 7404 7159
   14654 7404 7160 7159
   14655 7107 7106 7351
   14656 7352 7107 7351
   14657 7182 7426 7427
   14658 7182 7427 7183
   14659 7037 7279 7280
   14660 7279 7037 7036
   14661 7063 7307 7064
   14662 7086 7329 7330
   14663 7086 7330 7087
   14664 7204 7203 7448
   14665 7204 7448 7449
   14666 7467 7468 7223
   14667 7467 7223 7222
   14668 7255 7254 7500
   14669 7254 7499 7500
   14670 7373 7374 7129
   14671 7128 7373 7129
   14672 7158 7403 7159
   14673 7403 7158 7402
   14674 7144 7389 7145
   14675 7390 7146 7145
   14676 7106 7350 7351
   14677 7350 7106 7105
   14678 7428 7184 7183
   14679 7427 7428 7183
   14680 7280 7281 7038
   14681 7038 7037 7280
   14682 7306 7307 7063
   14683 7331 7087 7330
   14684 7331 7088 7087
   14685 7202 7447 7203
   14686 7203 7447 7448
   14687 7468 7224 7223
   14688 7253 7498 7499
   14689 7254 7253 7499
   14690 7130 7374 7375
   14691 7374 7130 7129
   14692 7387 7143 7142
   14693 7388 7144 7143
   14694 7146 7391 7147
   14695 7392 7148 7147
   14696 7157 7401 7402
   14697 7402 7158 7157
   14698 7389 7144 7388
   14699 7389 7390 7145
   14700 7391 7146 7390
   14701 7349 7350 7105
   14702 7349 7105 7104
   14703 7429 7185 7184
   14704 7428 7429 7184
   14705 7281 7282 7039
   14706 7281 7039 7038
   14707 7062 7306 7063
   14708 7306 7062 7305
   14709 7331 7332 7088
   14710 7332 7089 7088
   14711 7446 7202 7201
   14712 7202 7446 7447
   14713 7224 7468 7469
   14714 7498 7253 7252
   14715 7497 7498 7252
   14716 7131 7375 7376
   14717 7131 7130 7375
   14718 7140 7385 7141
   14719 7386 7142 7141
   14720 7143 7387 7388
   14721 7386 7387 7142
   14722 7391 7392 7147
   14723 7392 7393 7148
   14724 7393 7149 7148
   14725 7401 7157 7156
   14726 7400 7401 7156
   14727 7394 7150 7149
   14728 7103 7348 7104
   14729 7104 7348 7349
   14730 7430 7185 7429
   14731 7430 7186 7185
   14732 7040 7282 7283
   14733 7282 7040 7039
   14734 7061 7304 7305
   14735 7062 7061 7305
   14736 7333 7090 7089
   14737 7332 7333 7089
   14738 7201 7200 7445
   14739 7446 7201 7445
   14740 7470 7225 7469
   14741 7225 7224 7469
   14742 7251 7496 7497
   14743 7252 7251 7497
   14744 7377 7132 7376
   14745 7376 7132 7131
   14746 7384 7140 7139
   14747 7383 7139 7138
   14748 7385 7140 7384
   14749 7385 7386 7141
   14750 7149 7393 7394
   14751 7150 7395 7151
   14752 7399 7400 7155
   14753 7400 7156 7155
   14754 7395 7150 7394
   14755 7102 7347 7103
   14756 7347 7348 7103
   14757 7186 7430 7431
   14758 7186 7431 7187
   14759 7284 7041 7283
   14760 7041 7040 7283
   14761 7303 7304 7060
   14762 7304 7061 7060
   14763 7334 7090 7333
   14764 7090 7335 7091
   14765 7444 7200 7199
   14766 7200 7444 7445
   14767 7226 7470 7471
   14768 7470 7226 7225
   14769 7496 7251 7250
   14770 7496 7250 7495
   14771 7377 7378 7133
   14772 7132 7377 7133
   14773 7382 7138 7137
   14774 7139 7383 7384
   14775 7382 7383 7138
   14776 7395 7396 7151
   14777 7154 7399 7155
   14778 7399 7154 7398
   14779 7396 7152 7151
   14780 7102 7346 7347
   14781 7346 7102 7101
   14782 7188 7187 7432
   14783 7187 7431 7432
   14784 7284 7285 7042
   14785 7041 7284 7042
   14786 7060 7059 7303
   14787 7302 7303 7059
   14788 7090 7334 7335
   14789 7335 7336 7091
   14790 7091 7336 7092
   14791 7198 7443 7199
   14792 7443 7444 7199
   14793 7472 7227 7471
   14794 7226 7471 7227
   14795 7249 7494 7495
   14796 7249 7495 7250
   14797 7378 7379 7134
   14798 7378 7134 7133
   14799 7136 7381 7137
   14800 7381 7382 7137
   14801 7397 7153 7152
   14802 7153 7397 7398
   14803 7398 7154 7153
   14804 7396 7397 7152
   14805 7346 7101 7345
   14806 7100 7345 7101
   14807 7433 7189 7188
   14808 7432 7433 7188
   14809 7285 7286 7043
   14810 7043 7042 7285
   14811 7058 7302 7059
   14812 7302 7058 7301
   14813 7336 7337 7092
   14814 7092 7337 7093
   14815 7442 7198 7197
   14816 7198 7442 7443
   14817 7473 7228 7472
   14818 7228 7227 7472
   14819 7494 7249 7248
   14820 7493 7494 7248
   14821 7380 7135 7379
   14822 7379 7135 7134
   14823 7380 7136 7135
   14824 7136 7380 7381
   14825 7099 7344 7100
   14826 7344 7345 7100
   14827 7434 7189 7433
   14828 7434 7190 7189
   14829 7286 7287 7044
   14830 7286 7044 7043
   14831 7300 7301 7057
   14832 7301 7058 7057
   14833 7338 7094 7093
   14834 7338 7093 7337
   14835 7441 7197 7196
   14836 7442 7197 7441
   14837 7474 7229 7473
   14838 7229 7228 7473
   14839 7492 7493 7247
   14840 7248 7247 7493
   14841 7098 7343 7099
   14842 7343 7344 7099
   14843 7190 7434 7435
   14844 7190 7435 7191
   14845 7288 7045 7287
   14846 7287 7045 7044
   14847 7299 7300 7056
   14848 7300 7057 7056
   14849 7094 7338 7339
   14850 7094 7339 7095
   14851 7196 7195 7440
   14852 7440 7441 7196
   14853 7230 7474 7475
   14854 7229 7474 7230
   14855 7492 7246 7491
   14856 7246 7492 7247
   14857 7098 7342 7343
   14858 7342 7098 7097
   14859 7436 7192 7191
   14860 7435 7436 7191
   14861 7289 7046 7288
   14862 7046 7045 7288
   14863 7299 7056 7055
   14864 7055 7298 7299
   14865 7339 7340 7095
   14866 7095 7340 7096
   14867 7194 7439 7195
   14868 7195 7439 7440
   14869 7475 7476 7231
   14870 7475 7231 7230
   14871 7246 7245 7491
   14872 7245 7490 7491
   14873 7342 7097 7341
   14874 7096 7341 7097
   14875 7437 7193 7192
   14876 7436 7437 7192
   14877 7289 7290 7047
   14878 7047 7046 7289
   14879 7290 7048 7047
   14880 7054 7298 7055
   14881 7297 7298 7054
   14882 7292 7049 7048
   14883 7340 7341 7096
   14884 7438 7194 7193
   14885 7194 7438 7439
   14886 7232 7476 7477
   14887 7476 7232 7231
   14888 7490 7245 7244
   14889 7489 7490 7244
   14890 7438 7193 7437
   14891 7290 7291 7048
   14892 7297 7053 7296
   14893 7053 7297 7054
   14894 7050 7049 7293
   14895 7049 7292 7293
   14896 7292 7048 7291
   14897 7478 7233 7477
   14898 7233 7232 7477
   14899 7244 7243 7489
   14900 7243 7488 7489
   14901 7050 7294 7051
   14902 7051 7295 7052
   14903 7296 7053 7052
   14904 7052 7295 7296
   14905 7294 7050 7293
   14906 7234 7478 7479
   14907 7478 7234 7233
   14908 7240 7239 7484
   14909 7241 7240 7485
   14910 7242 7488 7243
   14911 7488 7242 7487
   14912 7294 7295 7051
   14913 7480 7235 7479
   14914 7234 7479 7235
   14915 7239 7238 7483
   14916 7239 7483 7484
   14917 7240 7484 7485
   14918 7486 7241 7485
   14919 7487 7242 7241
   14920 7241 7486 7487
   14921 7481 7236 7480
   14922 7236 7235 7480
   14923 7237 7482 7238
   14924 7482 7483 7238
   14925 7482 7237 7481
   14926 7237 7236 7481
   14927 8965 7268 8964
   14928 7268 8965 8966
   14929 7269 8966 8967
   14930 8966 7269 7268
   14931 9636 9637 7509
   14932 7416 7657 7417
   14933 7270 8967 8968
   14934 7270 7269 8967
   14935 7313 7312 7553
   14936 7313 7554 7314
   14937 7509 7508 9636
   14938 9635 9636 7508
   14939 7656 7416 7415
   14940 7360 7600 7361
   14941 7418 7417 7658
   14942 7416 7656 7657
   14943 7417 7657 7658
   14944 7510 7270 8968
   14945 7552 7312 7311
   14946 7312 7552 7553
   14947 7554 7313 7553
   14948 7555 7314 7554
   14949 7555 7315 7314
   14950 7507 9635 7508
   14951 9635 7507 9634
   14952 7601 7362 7361
   14953 7656 7415 7655
   14954 7600 7360 7599
   14955 7600 7601 7361
   14956 7360 7359 7599
   14957 7659 7419 7418
   14958 7658 7659 7418
   14959 7271 7510 7511
   14960 7510 7271 7270
   14961 7551 7552 7311
   14962 7556 7316 7315
   14963 7555 7556 7315
   14964 7702 7462 7461
   14965 7463 7462 7703
   14966 7506 9633 9634
   14967 7507 7506 9634
   14968 7655 7415 7414
   14969 7602 7362 7601
   14970 7359 7598 7599
   14971 7358 7598 7359
   14972 7660 7419 7659
   14973 7660 7420 7419
   14974 7512 7272 7511
   14975 7272 7271 7511
   14976 7551 7311 7310
   14977 7316 7556 7557
   14978 7317 7316 7557
   14979 7460 7701 7461
   14980 7462 7702 7703
   14981 7701 7702 7461
   14982 7704 7463 7703
   14983 7463 7704 7464
   14984 7705 7465 7464
   14985 9633 7506 7747
   14986 7362 7602 7363
   14987 7654 7655 7414
   14988 7597 7358 7357
   14989 7598 7358 7597
   14990 7420 7660 7661
   14991 7420 7661 7421
   14992 7512 7513 7273
   14993 7272 7512 7273
   14994 7310 7550 7551
   14995 7558 7317 7557
   14996 7317 7558 7318
   14997 7700 7460 7459
   14998 7460 7700 7701
   14999 7464 7704 7705
   15000 7706 7465 7705
   15001 7466 7465 7706
   15002 7506 7505 7747
   15003 7505 7746 7747
   15004 7603 7363 7602
   15005 7654 7414 7413
   15006 7356 7596 7357
   15007 7596 7597 7357
   15008 7662 7422 7421
   15009 7661 7662 7421
   15010 7514 7274 7513
   15011 7273 7513 7274
   15012 7309 7550 7310
   15013 7318 7558 7559
   15014 7559 7319 7318
   15015 7459 7458 7699
   15016 7700 7459 7699
   15017 7707 7466 7706
   15018 7746 7505 7504
   15019 7745 7746 7504
   15020 7364 7363 7603
   15021 7653 7654 7413
   15022 7596 7356 7595
   15023 7356 7355 7595
   15024 7663 7423 7422
   15025 7662 7663 7422
   15026 7515 7275 7514
   15027 7514 7275 7274
   15028 7550 7309 7549
   15029 7560 7320 7319
   15030 7559 7560 7319
   15031 7458 7457 7698
   15032 7458 7698 7699
   15033 7467 7466 7707
   15034 7503 7744 7745
   15035 7504 7503 7745
   15036 7604 7364 7603
   15037 7412 7653 7413
   15038 7412 7652 7653
   15039 7355 7594 7595
   15040 7354 7594 7355
   15041 7664 7423 7663
   15042 7664 7424 7423
   15043 7515 7516 7276
   15044 7275 7515 7276
   15045 7309 7308 7549
   15046 7308 7548 7549
   15047 7560 7561 7320
   15048 7561 7321 7320
   15049 7697 7457 7456
   15050 7457 7697 7698
   15051 7708 7467 7707
   15052 7744 7503 7502
   15053 7743 7744 7502
   15054 7364 7604 7365
   15055 7604 7605 7365
   15056 7652 7412 7411
   15057 7652 7411 7651
   15058 7593 7354 7353
   15059 7594 7354 7593
   15060 7424 7664 7665
   15061 7424 7665 7425
   15062 7516 7517 7277
   15063 7276 7516 7277
   15064 7548 7308 7307
   15065 7547 7548 7307
   15066 7321 7561 7562
   15067 7321 7562 7322
   15068 7455 7696 7456
   15069 7456 7696 7697
   15070 7708 7468 7467
   15071 7501 7742 7743
   15072 7502 7501 7743
   15073 7606 7366 7605
   15074 7605 7366 7365
   15075 7650 7651 7410
   15076 7651 7411 7410
   15077 7352 7592 7353
   15078 7592 7593 7353
   15079 7426 7425 7666
   15080 7425 7665 7666
   15081 7517 7518 7278
   15082 7278 7277 7517
   15083 7307 7546 7547
   15084 7563 7322 7562
   15085 7563 7323 7322
   15086 7455 7454 7695
   15087 7696 7455 7695
   15088 7468 7708 7709
   15089 7742 7501 7500
   15090 7741 7742 7500
   15091 7468 7709 7469
   15092 7367 7606 7607
   15093 7366 7606 7367
   15094 7649 7650 7409
   15095 7650 7410 7409
   15096 7592 7352 7591
   15097 7352 7351 7591
   15098 7667 7427 7426
   15099 7666 7667 7426
   15100 7279 7518 7519
   15101 7518 7279 7278
   15102 7546 7307 7306
   15103 7564 7324 7323
   15104 7563 7564 7323
   15105 7694 7454 7453
   15106 7454 7694 7695
   15107 7499 7740 7741
   15108 7500 7499 7741
   15109 7469 7709 7710
   15110 7608 7368 7607
   15111 7368 7367 7607
   15112 7408 7649 7409
   15113 7408 7648 7649
   15114 7351 7590 7591
   15115 7590 7351 7350
   15116 7668 7427 7667
   15117 7668 7428 7427
   15118 7520 7280 7519
   15119 7280 7279 7519
   15120 7545 7546 7306
   15121 7452 7693 7453
   15122 7693 7694 7453
   15123 7740 7499 7498
   15124 7739 7740 7498
   15125 7470 7469 7710
   15126 7608 7609 7369
   15127 7368 7608 7369
   15128 7648 7408 7407
   15129 7407 7647 7648
   15130 7350 7349 7589
   15131 7589 7590 7350
   15132 7428 7668 7669
   15133 7428 7669 7429
   15134 7520 7521 7281
   15135 7280 7520 7281
   15136 7306 7305 7545
   15137 7544 7545 7305
   15138 7325 7565 7326
   15139 7692 7452 7451
   15140 7452 7692 7693
   15141 7470 7710 7711
   15142 7497 7738 7739
   15143 7498 7497 7739
   15144 7370 7609 7610
   15145 7609 7370 7369
   15146 7647 7407 7406
   15147 7646 7647 7406
   15148 7348 7588 7349
   15149 7588 7589 7349
   15150 7670 7430 7429
   15151 7669 7670 7429
   15152 7282 7521 7522
   15153 7281 7521 7282
   15154 7304 7544 7305
   15155 7544 7304 7543
   15156 7326 7565 7566
   15157 7566 7327 7326
   15158 7451 7450 7691
   15159 7692 7451 7691
   15160 7712 7471 7711
   15161 7471 7470 7711
   15162 7738 7497 7496
   15163 7737 7738 7496
   15164 7611 7371 7610
   15165 7370 7610 7371
   15166 7645 7646 7405
   15167 7646 7406 7405
   15168 7588 7348 7587
   15169 7587 7348 7347
   15170 7671 7431 7430
   15171 7670 7671 7430
   15172 7523 7283 7522
   15173 7522 7283 7282
   15174 7303 7542 7543
   15175 7304 7303 7543
   15176 7327 7567 7328
   15177 7567 7327 7566
   15178 7450 7449 7690
   15179 7450 7690 7691
   15180 7472 7712 7713
   15181 7471 7712 7472
   15182 7495 7736 7737
   15183 7496 7495 7737
   15184 7612 7372 7611
   15185 7372 7371 7611
   15186 7404 7645 7405
   15187 7645 7404 7644
   15188 7586 7587 7347
   15189 7586 7347 7346
   15190 7672 7431 7671
   15191 7672 7432 7431
   15192 7523 7524 7284
   15193 7283 7523 7284
   15194 7541 7542 7302
   15195 7542 7303 7302
   15196 7567 7568 7328
   15197 7328 7568 7329
   15198 7689 7449 7448
   15199 7449 7689 7690
   15200 7714 7473 7713
   15201 7713 7473 7472
   15202 7736 7495 7494
   15203 7735 7736 7494
   15204 7612 7613 7373
   15205 7372 7612 7373
   15206 7403 7643 7644
   15207 7644 7404 7403
   15208 7585 7346 7345
   15209 7585 7586 7346
   15210 7432 7672 7673
   15211 7432 7673 7433
   15212 7524 7525 7285
   15213 7284 7524 7285
   15214 7541 7302 7301
   15215 7301 7540 7541
   15216 7568 7569 7329
   15217 7329 7569 7330
   15218 7447 7688 7448
   15219 7448 7688 7689
   15220 7715 7474 7714
   15221 7474 7473 7714
   15222 7735 7493 7734
   15223 7494 7493 7735
   15224 7614 7374 7613
   15225 7613 7374 7373
   15226 7628 7388 7387
   15227 7386 7627 7387
   15228 7629 7389 7388
   15229 7643 7403 7402
   15230 7642 7643 7402
   15231 7631 7391 7390
   15232 7630 7390 7389
   15233 7344 7584 7345
   15234 7345 7584 7585
   15235 7434 7433 7674
   15236 7433 7673 7674
   15237 7525 7526 7286
   15238 7286 7285 7525
   15239 7300 7540 7301
   15240 7300 7539 7540
   15241 7330 7569 7570
   15242 7570 7331 7330
   15243 7447 7446 7687
   15244 7688 7447 7687
   15245 7716 7475 7715
   15246 7475 7474 7715
   15247 7492 7733 7734
   15248 7492 7734 7493
   15249 7375 7614 7615
   15250 7374 7614 7375
   15251 7625 7385 7384
   15252 7626 7386 7385
   15253 7628 7629 7388
   15254 7627 7628 7387
   15255 7627 7386 7626
   15256 7389 7629 7630
   15257 7632 7392 7391
   15258 7392 7633 7393
   15259 7641 7642 7401
   15260 7642 7402 7401
   15261 7391 7631 7632
   15262 7630 7631 7390
   15263 7584 7344 7583
   15264 7583 7344 7343
   15265 7675 7435 7434
   15266 7674 7675 7434
   15267 7287 7526 7527
   15268 7526 7287 7286
   15269 7539 7300 7299
   15270 7538 7539 7299
   15271 7571 7332 7331
   15272 7570 7571 7331
   15273 7686 7446 7445
   15274 7446 7686 7687
   15275 7476 7716 7717
   15276 7716 7476 7475
   15277 7733 7492 7491
   15278 7491 7732 7733
   15279 7615 7616 7376
   15280 7375 7615 7376
   15281 7382 7623 7383
   15282 7624 7384 7383
   15283 7385 7625 7626
   15284 7624 7625 7384
   15285 7633 7392 7632
   15286 7634 7394 7393
   15287 7633 7634 7393
   15288 7400 7641 7401
   15289 7641 7400 7640
   15290 7635 7395 7394
   15291 7582 7583 7343
   15292 7582 7343 7342
   15293 7676 7435 7675
   15294 7676 7436 7435
   15295 7528 7288 7527
   15296 7288 7287 7527
   15297 7288 7528 7289
   15298 7298 7537 7538
   15299 7538 7299 7298
   15300 7332 7571 7572
   15301 7332 7572 7333
   15302 7444 7685 7445
   15303 7685 7686 7445
   15304 7717 7718 7477
   15305 7476 7717 7477
   15306 7732 7491 7490
   15307 7731 7732 7490
   15308 7616 7617 7377
   15309 7376 7616 7377
   15310 7622 7382 7381
   15311 7382 7622 7623
   15312 7623 7624 7383
   15313 7634 7635 7394
   15314 7636 7396 7395
   15315 7399 7639 7640
   15316 7640 7400 7399
   15317 7395 7635 7636
   15318 7581 7342 7341
   15319 7581 7582 7342
   15320 7436 7676 7677
   15321 7436 7677 7437
   15322 7528 7529 7289
   15323 7289 7529 7290
   15324 7292 7291 7531
   15325 7530 7291 7290
   15326 7536 7537 7297
   15327 7297 7537 7298
   15328 7573 7333 7572
   15329 7573 7334 7333
   15330 7684 7444 7443
   15331 7444 7684 7685
   15332 7478 7718 7719
   15333 7718 7478 7477
   15334 7490 7489 7730
   15335 7489 7488 7729
   15336 7731 7490 7730
   15337 7378 7617 7618
   15338 7617 7378 7377
   15339 7381 7380 7621
   15340 7622 7381 7621
   15341 7637 7396 7636
   15342 7639 7399 7398
   15343 7638 7639 7398
   15344 7396 7637 7397
   15345 7340 7580 7341
   15346 7341 7580 7581
   15347 7678 7438 7437
   15348 7677 7678 7437
   15349 7530 7290 7529
   15350 7291 7530 7531
   15351 7532 7292 7531
   15352 7296 7536 7297
   15353 7535 7536 7296
   15354 7573 7574 7334
   15355 7574 7335 7334
   15356 7443 7442 7683
   15357 7684 7443 7683
   15358 7720 7479 7719
   15359 7479 7478 7719
   15360 7725 7485 7484
   15361 7486 7485 7726
   15362 7730 7489 7729
   15363 7728 7729 7488
   15364 7487 7728 7488
   15365 7619 7379 7618
   15366 7378 7618 7379
   15367 7380 7379 7619
   15368 7380 7620 7621
   15369 7638 7398 7397
   15370 7637 7638 7397
   15371 7580 7340 7579
   15372 7579 7340 7339
   15373 7679 7439 7438
   15374 7678 7679 7438
   15375 7292 7532 7293
   15376 7535 7295 7534
   15377 7295 7535 7296
   15378 7575 7336 7335
   15379 7574 7575 7335
   15380 7442 7441 7682
   15381 7442 7682 7683
   15382 7720 7721 7480
   15383 7479 7720 7480
   15384 7485 7725 7726
   15385 7484 7724 7725
   15386 7486 7726 7727
   15387 7487 7486 7727
   15388 7728 7487 7727
   15389 7620 7380 7619
   15390 7578 7579 7339
   15391 7578 7339 7338
   15392 7680 7439 7679
   15393 7680 7440 7439
   15394 7532 7533 7293
   15395 7534 7295 7294
   15396 7534 7294 7533
   15397 7576 7336 7575
   15398 7336 7576 7337
   15399 7440 7681 7441
   15400 7441 7681 7682
   15401 7722 7481 7721
   15402 7481 7480 7721
   15403 7483 7724 7484
   15404 7577 7338 7337
   15405 7577 7578 7338
   15406 7440 7680 7681
   15407 7293 7533 7294
   15408 7337 7576 7577
   15409 7723 7482 7722
   15410 7482 7481 7722
   15411 7724 7483 7723
   15412 7483 7482 7723
   15413 7565 7324 7564
   15414 7324 7565 7325
   15415 8971 7510 8970
   15416 9632 9633 7747
   15417 7597 7834 7598
   15418 7510 8971 8972
   15419 7551 7550 7787
   15420 9631 9632 7747
   15421 7835 7599 7598
   15422 7896 7659 7658
   15423 7597 7596 7833
   15424 7834 7597 7833
   15425 7598 7834 7835
   15426 7549 7786 7550
   15427 7788 7552 7551
   15428 7786 7787 7550
   15429 7787 7788 7551
   15430 9631 7747 9630
   15431 7657 7895 7658
   15432 7835 7836 7599
   15433 7659 7896 7897
   15434 7896 7658 7895
   15435 7897 7660 7659
   15436 7832 7596 7595
   15437 7596 7832 7833
   15438 7549 7548 7785
   15439 7786 7549 7785
   15440 7552 7788 7789
   15441 7553 7552 7789
   15442 7944 7707 7706
   15443 7836 7600 7599
   15444 7894 7895 7657
   15445 7660 7897 7898
   15446 7661 7660 7898
   15447 7831 7595 7594
   15448 7831 7832 7595
   15449 8975 7512 7511
   15450 7548 7784 7785
   15451 7553 7790 7554
   15452 7790 7553 7789
   15453 7706 7705 7943
   15454 7707 7944 7945
   15455 7943 7944 7706
   15456 9629 7746 9628
   15457 7945 7708 7707
   15458 7600 7836 7837
   15459 7894 7657 7656
   15460 7661 7899 7662
   15461 7898 7899 7661
   15462 7593 7830 7594
   15463 7594 7830 7831
   15464 7784 7548 7547
   15465 7554 7790 7791
   15466 7791 7555 7554
   15467 7704 7942 7705
   15468 7942 7943 7705
   15469 7708 7945 7946
   15470 7601 7600 7837
   15471 7893 7894 7656
   15472 7900 7663 7662
   15473 7900 7662 7899
   15474 7593 7592 7829
   15475 7830 7593 7829
   15476 7783 7784 7547
   15477 7547 7546 7783
   15478 7792 7556 7555
   15479 7791 7792 7555
   15480 7703 7941 7704
   15481 7941 7942 7704
   15482 7708 7946 7709
   15483 7838 7601 7837
   15484 7893 7656 7655
   15485 7663 7900 7901
   15486 7901 7664 7663
   15487 7828 7592 7591
   15488 7592 7828 7829
   15489 8977 7748 7512
   15490 7782 7783 7546
   15491 7556 7792 7793
   15492 7557 7556 7793
   15493 7940 7703 7702
   15494 7703 7940 7941
   15495 7710 7709 7947
   15496 7709 7946 7947
   15497 7601 7838 7602
   15498 7655 7892 7893
   15499 7602 7838 7839
   15500 7901 7902 7664
   15501 7902 7665 7664
   15502 7590 7827 7591
   15503 7828 7591 7827
   15504 7513 7748 7749
   15505 7748 7513 7512
   15506 7545 7782 7546
   15507 7557 7794 7558
   15508 7794 7557 7793
   15509 7702 7701 7939
   15510 7939 7940 7702
   15511 7948 7711 7710
   15512 7947 7948 7710
   15513 7892 7655 7654
   15514 7892 7654 7891
   15515 7839 7840 7603
   15516 7602 7839 7603
   15517 7665 7903 7666
   15518 7902 7903 7665
   15519 7589 7826 7590
   15520 7826 7827 7590
   15521 7749 7750 7514
   15522 7513 7749 7514
   15523 7752 7517 7516
   15524 7781 7782 7545
   15525 7515 7751 7516
   15526 7795 7558 7794
   15527 7795 7559 7558
   15528 7700 7938 7701
   15529 7939 7701 7938
   15530 9624 7745 7983
   15531 7711 7948 7949
   15532 7745 7744 7983
   15533 7890 7891 7653
   15534 7653 7891 7654
   15535 7604 7840 7841
   15536 7840 7604 7603
   15537 7904 7667 7666
   15538 7904 7666 7903
   15539 7588 7825 7589
   15540 7825 7826 7589
   15541 7751 7515 7750
   15542 7515 7514 7750
   15543 7517 7752 7753
   15544 7752 7516 7751
   15545 7544 7781 7545
   15546 7796 7560 7559
   15547 7795 7796 7559
   15548 7937 7700 7699
   15549 7700 7937 7938
   15550 7711 7949 7712
   15551 7983 7744 7982
   15552 7652 7889 7890
   15553 7653 7652 7890
   15554 7842 7605 7841
   15555 7605 7604 7841
   15556 7667 7904 7905
   15557 7905 7668 7667
   15558 7824 7588 7587
   15559 7588 7824 7825
   15560 7519 7518 7754
   15561 7518 7517 7753
   15562 7544 7780 7781
   15563 7560 7796 7797
   15564 7561 7560 7797
   15565 7936 7699 7698
   15566 7699 7936 7937
   15567 7949 7950 7712
   15568 7982 7744 7743
   15569 7741 7980 7742
   15570 7981 7982 7743
   15571 7889 7652 7651
   15572 7651 7888 7889
   15573 7606 7842 7843
   15574 7842 7606 7605
   15575 7668 7905 7906
   15576 7668 7906 7669
   15577 7586 7823 7587
   15578 7824 7587 7823
   15579 7520 7519 7755
   15580 7754 7518 7753
   15581 7519 7754 7755
   15582 7780 7544 7543
   15583 7543 7779 7780
   15584 7561 7798 7562
   15585 7798 7561 7797
   15586 7698 7697 7935
   15587 7935 7936 7698
   15588 7712 7950 7713
   15589 7980 7741 7979
   15590 7980 7981 7742
   15591 7743 7742 7981
   15592 7741 7740 7979
   15593 7888 7651 7650
   15594 7650 7887 7888
   15595 7843 7844 7607
   15596 7606 7843 7607
   15597 7669 7907 7670
   15598 7907 7669 7906
   15599 7585 7822 7586
   15600 7822 7823 7586
   15601 7755 7756 7520
   15602 7542 7779 7543
   15603 7778 7779 7542
   15604 7562 7798 7799
   15605 7799 7563 7562
   15606 7696 7934 7697
   15607 7934 7935 7697
   15608 7950 7951 7713
   15609 7978 7979 7740
   15610 7649 7887 7650
   15611 7886 7887 7649
   15612 7608 7844 7845
   15613 7844 7608 7607
   15614 7908 7671 7670
   15615 7908 7670 7907
   15616 7584 7821 7585
   15617 7821 7822 7585
   15618 7521 7520 7756
   15619 7524 7523 7759
   15620 7758 7523 7522
   15621 7541 7777 7778
   15622 7541 7778 7542
   15623 7800 7564 7563
   15624 7799 7800 7563
   15625 7933 7696 7695
   15626 7933 7934 7696
   15627 7951 7952 7714
   15628 7714 7713 7951
   15629 7739 7738 7977
   15630 7739 7978 7740
   15631 7737 7976 7738
   15632 7885 7886 7648
   15633 7886 7649 7648
   15634 7846 7609 7845
   15635 7609 7608 7845
   15636 7671 7908 7909
   15637 7909 7672 7671
   15638 7820 7584 7583
   15639 7584 7820 7821
   15640 7757 7521 7756
   15641 7523 7758 7759
   15642 7760 7524 7759
   15643 7522 7521 7757
   15644 7757 7758 7522
   15645 7524 7760 7525
   15646 7540 7776 7777
   15647 7541 7540 7777
   15648 7564 7800 7801
   15649 7565 7564 7801
   15650 7932 7695 7694
   15651 7695 7932 7933
   15652 7715 7952 7953
   15653 7952 7715 7714
   15654 7976 7977 7738
   15655 7978 7739 7977
   15656 7976 7737 7975
   15657 7885 7648 7647
   15658 7885 7647 7884
   15659 7610 7846 7847
   15660 7846 7610 7609
   15661 7909 7910 7672
   15662 7910 7673 7672
   15663 7582 7819 7583
   15664 7820 7583 7819
   15665 7760 7761 7525
   15666 7525 7761 7526
   15667 7776 7540 7539
   15668 7775 7776 7539
   15669 7565 7802 7566
   15670 7565 7801 7802
   15671 7694 7693 7931
   15672 7931 7932 7694
   15673 7954 7716 7953
   15674 7953 7716 7715
   15675 7737 7736 7975
   15676 7733 7972 7734
   15677 7646 7883 7884
   15678 7884 7647 7646
   15679 7847 7848 7611
   15680 7610 7847 7611
   15681 7673 7911 7674
   15682 7910 7911 7673
   15683 7581 7818 7582
   15684 7818 7819 7582
   15685 7526 7761 7762
   15686 7762 7527 7526
   15687 7539 7774 7775
   15688 7528 7764 7529
   15689 7527 7763 7528
   15690 7803 7566 7802
   15691 7803 7567 7566
   15692 7692 7930 7693
   15693 7931 7693 7930
   15694 7717 7954 7955
   15695 7716 7954 7717
   15696 7732 7971 7733
   15697 7735 7734 7973
   15698 7736 7735 7974
   15699 7975 7736 7974
   15700 7972 7733 7971
   15701 7972 7973 7734
   15702 7645 7883 7646
   15703 7882 7883 7645
   15704 7612 7848 7849
   15705 7848 7612 7611
   15706 7912 7675 7674
   15707 7912 7674 7911
   15708 7580 7817 7581
   15709 7817 7818 7581
   15710 7763 7527 7762
   15711 7774 7539 7538
   15712 7774 7538 7773
   15713 7530 7529 7765
   15714 7766 7531 7530
   15715 7763 7764 7528
   15716 7764 7765 7529
   15717 7804 7568 7567
   15718 7803 7804 7567
   15719 7929 7692 7691
   15720 7692 7929 7930
   15721 7955 7956 7718
   15722 7718 7717 7955
   15723 7970 7732 7731
   15724 7731 7730 7969
   15725 7732 7970 7971
   15726 7974 7735 7973
   15727 7644 7881 7882
   15728 7645 7644 7882
   15729 7613 7849 7850
   15730 7613 7612 7849
   15731 7675 7912 7913
   15732 7913 7676 7675
   15733 7816 7580 7579
   15734 7580 7816 7817
   15735 7537 7773 7538
   15736 7772 7773 7537
   15737 7765 7766 7530
   15738 7531 7766 7767
   15739 7804 7805 7568
   15740 7805 7569 7568
   15741 7928 7691 7690
   15742 7691 7928 7929
   15743 7719 7956 7957
   15744 7956 7719 7718
   15745 7966 7728 7727
   15746 7729 7728 7967
   15747 7970 7731 7969
   15748 7968 7969 7730
   15749 7729 7968 7730
   15750 7881 7644 7643
   15751 7881 7643 7880
   15752 7865 7629 7628
   15753 7867 7630 7629
   15754 7851 7614 7850
   15755 7850 7614 7613
   15756 7864 7628 7627
   15757 7626 7863 7627
   15758 7676 7913 7914
   15759 7676 7914 7677
   15760 7578 7815 7579
   15761 7816 7579 7815
   15762 7536 7772 7537
   15763 7772 7536 7771
   15764 7532 7531 7767
   15765 7569 7806 7570
   15766 7806 7569 7805
   15767 7690 7689 7927
   15768 7927 7928 7690
   15769 7719 7957 7958
   15770 7727 7726 7965
   15771 7725 7964 7726
   15772 7728 7966 7967
   15773 7965 7966 7727
   15774 7968 7729 7967
   15775 7868 7631 7630
   15776 7631 7869 7632
   15777 7642 7879 7880
   15778 7880 7643 7642
   15779 7629 7865 7866
   15780 7864 7865 7628
   15781 7867 7868 7630
   15782 7867 7629 7866
   15783 7851 7852 7615
   15784 7614 7851 7615
   15785 7861 7625 7624
   15786 7862 7626 7625
   15787 7863 7864 7627
   15788 7863 7626 7862
   15789 7677 7915 7678
   15790 7915 7677 7914
   15791 7577 7814 7578
   15792 7814 7815 7578
   15793 7535 7770 7771
   15794 7536 7535 7771
   15795 7768 7532 7767
   15796 7570 7806 7807
   15797 7807 7571 7570
   15798 7926 7689 7688
   15799 7926 7927 7689
   15800 7958 7959 7720
   15801 7720 7719 7958
   15802 7964 7965 7726
   15803 7964 7725 7963
   15804 7868 7869 7631
   15805 7632 7869 7870
   15806 7870 7633 7632
   15807 7641 7879 7642
   15808 7878 7879 7641
   15809 7871 7634 7633
   15810 7852 7853 7616
   15811 7852 7616 7615
   15812 7622 7859 7623
   15813 7860 7624 7623
   15814 7625 7861 7862
   15815 7860 7861 7624
   15816 7916 7679 7678
   15817 7916 7678 7915
   15818 7576 7813 7577
   15819 7813 7814 7577
   15820 7770 7534 7769
   15821 7770 7535 7534
   15822 7532 7768 7533
   15823 7808 7572 7571
   15824 7807 7808 7571
   15825 7925 7688 7687
   15826 7925 7926 7688
   15827 7960 7721 7959
   15828 7959 7721 7720
   15829 7724 7963 7725
   15830 7871 7633 7870
   15831 7872 7635 7634
   15832 7877 7878 7640
   15833 7878 7641 7640
   15834 7871 7872 7634
   15835 7854 7617 7853
   15836 7853 7617 7616
   15837 7858 7622 7621
   15838 7859 7622 7858
   15839 7859 7860 7623
   15840 7679 7916 7917
   15841 7917 7680 7679
   15842 7812 7576 7575
   15843 7813 7576 7812
   15844 7533 7769 7534
   15845 7768 7769 7533
   15846 7808 7809 7572
   15847 7809 7573 7572
   15848 7924 7687 7686
   15849 7687 7924 7925
   15850 7960 7961 7722
   15851 7721 7960 7722
   15852 7724 7962 7963
   15853 7873 7635 7872
   15854 7873 7636 7635
   15855 7877 7640 7639
   15856 7877 7639 7876
   15857 7637 7636 7874
   15858 7618 7854 7855
   15859 7854 7618 7617
   15860 7621 7620 7857
   15861 7621 7857 7858
   15862 7917 7918 7680
   15863 7918 7681 7680
   15864 7574 7811 7575
   15865 7575 7811 7812
   15866 7573 7810 7574
   15867 7573 7809 7810
   15868 7686 7685 7923
   15869 7923 7924 7686
   15870 7962 7723 7961
   15871 7723 7722 7961
   15872 7962 7724 7723
   15873 7636 7873 7874
   15874 7638 7875 7876
   15875 7876 7639 7638
   15876 7874 7875 7637
   15877 7855 7856 7619
   15878 7618 7855 7619
   15879 7856 7620 7619
   15880 7620 7856 7857
   15881 7681 7919 7682
   15882 7918 7919 7681
   15883 7810 7811 7574
   15884 7684 7922 7685
   15885 7923 7685 7922
   15886 7637 7875 7638
   15887 7920 7683 7682
   15888 7920 7682 7919
   15889 7921 7684 7683
   15890 7684 7921 7922
   15891 7683 7920 7921
   15892 9630 7746 9629
   15893 7746 9630 7747
   15894 8969 7510 8968
   15895 7510 8969 8970
   15896 7511 8972 8973
   15897 8972 7511 7510
   15898 7511 8974 8975
   15899 8974 7511 8973
   15900 8976 7512 8975
   15901 7512 8976 8977
   15902 9625 7745 9624
   15903 7745 9625 9626
   15904 7746 9627 9628
   15905 9627 7745 9626
   15906 7745 9627 7746
   15907 8979 8980 7748
   15908 7833 7832 8067
   15909 8980 8981 7748
   15910 7785 7784 8019
   15911 8018 7784 7783
   15912 8066 7832 7831
   15913 7832 8066 8067
   15914 8068 7833 8067
   15915 7897 8132 7898
   15916 7898 8133 7899
   15917 7784 8018 8019
   15918 8020 7785 8019
   15919 7785 8020 7786
   15920 8017 7783 7782
   15921 8017 8018 7783
   15922 7830 8065 7831
   15923 8066 7831 8065
   15924 7833 8068 7834
   15925 8132 7897 8131
   15926 7898 8132 8133
   15927 8133 8134 7899
   15928 7899 8134 7900
   15929 7983 9621 9622
   15930 7787 7786 8021
   15931 8020 8021 7786
   15932 7781 8016 7782
   15933 7782 8016 8017
   15934 7829 8064 7830
   15935 8064 8065 7830
   15936 8068 8069 7834
   15937 8131 7897 7896
   15938 8134 8135 7900
   15939 8135 7901 7900
   15940 9621 7983 9620
   15941 7947 7946 8182
   15942 8181 7946 7945
   15943 8021 8022 7787
   15944 8022 7788 7787
   15945 8015 7781 7780
   15946 7781 8015 8016
   15947 7829 7828 8063
   15948 8064 7829 8063
   15949 7834 8069 7835
   15950 8130 8131 7896
   15951 7901 8136 7902
   15952 8136 7901 8135
   15953 7983 7982 9620
   15954 9619 9620 7982
   15955 8182 7946 8181
   15956 8183 7947 8182
   15957 7948 7947 8183
   15958 7944 8180 7945
   15959 7945 8180 8181
   15960 8984 8985 7749
   15961 7789 7788 8023
   15962 7788 8022 8023
   15963 8014 8015 7780
   15964 8062 7828 7827
   15965 7828 8062 8063
   15966 8070 7835 8069
   15967 7895 8130 7896
   15968 7902 8136 8137
   15969 7902 8137 7903
   15970 8184 7948 8183
   15971 8184 7949 7948
   15972 7944 7943 8179
   15973 8180 7944 8179
   15974 7749 8985 7750
   15975 7985 7752 7751
   15976 7750 7984 7751
   15977 8024 7789 8023
   15978 7789 8024 7790
   15979 7760 7759 7993
   15980 7780 8013 8014
   15981 8061 7827 7826
   15982 8061 8062 7827
   15983 8070 7836 7835
   15984 7836 8070 8071
   15985 8129 8130 7895
   15986 8137 8138 7903
   15987 7903 8138 7904
   15988 7949 8185 7950
   15989 7949 8184 8185
   15990 7943 8178 8179
   15991 8178 7943 7942
   15992 7752 7985 7986
   15993 7751 7984 7985
   15994 8987 7984 7750
   15995 8024 8025 7790
   15996 7790 8025 7791
   15997 7758 7992 7759
   15998 7759 7992 7993
   15999 7994 7760 7993
   16000 8013 7780 7779
   16001 7825 8060 7826
   16002 7826 8060 8061
   16003 8072 7837 8071
   16004 7837 7836 8071
   16005 7894 8129 7895
   16006 7894 8128 8129
   16007 8138 8139 7904
   16008 8139 7905 7904
   16009 8186 7951 7950
   16010 7982 7981 9617
   16011 8185 8186 7950
   16012 8177 8178 7942
   16013 7941 8177 7942
   16014 7753 7752 7986
   16015 7756 7755 7989
   16016 8026 7791 8025
   16017 8026 7792 7791
   16018 7992 7758 7991
   16019 7991 7758 7757
   16020 7756 7990 7757
   16021 7760 7994 7761
   16022 8012 8013 7779
   16023 8059 7825 7824
   16024 8060 7825 8059
   16025 8072 8073 7838
   16026 7837 8072 7838
   16027 7893 8128 7894
   16028 8128 7893 8127
   16029 7905 8140 7906
   16030 8140 7905 8139
   16031 7951 8186 8187
   16032 8176 7941 7940
   16033 7941 8176 8177
   16034 7986 7987 7753
   16035 7988 7989 7755
   16036 7756 7989 7990
   16037 7754 7988 7755
   16038 7793 7792 8027
   16039 7792 8026 8027
   16040 7757 7990 7991
   16041 7994 7995 7761
   16042 7762 7761 7995
   16043 8012 7779 7778
   16044 8058 7824 7823
   16045 8058 8059 7824
   16046 8074 7839 8073
   16047 7838 8073 7839
   16048 8126 8127 7892
   16049 8127 7893 7892
   16050 7906 8140 8141
   16051 7906 8141 7907
   16052 7972 7971 8207
   16053 7952 7951 8187
   16054 9614 7981 7980
   16055 7940 7939 8175
   16056 8176 7940 8175
   16057 7987 7754 7753
   16058 7988 7754 7987
   16059 8028 7793 8027
   16060 7793 8028 7794
   16061 7762 7995 7996
   16062 8011 8012 7778
   16063 8057 7823 7822
   16064 8057 8058 7823
   16065 7840 8074 8075
   16066 8074 7840 7839
   16067 8125 8126 7891
   16068 7891 8126 7892
   16069 8141 8142 7907
   16070 7908 7907 8142
   16071 8207 7971 8206
   16072 8208 7972 8207
   16073 7972 8208 7973
   16074 8188 7952 8187
   16075 7980 8216 9614
   16076 8216 7980 7979
   16077 7939 8174 8175
   16078 7939 7938 8174
   16079 7794 8029 7795
   16080 8028 8029 7794
   16081 7763 7762 7996
   16082 8011 7778 7777
   16083 8011 7777 8010
   16084 7821 8056 7822
   16085 7822 8056 8057
   16086 8076 7841 8075
   16087 7841 7840 8075
   16088 7890 8125 7891
   16089 7890 8124 8125
   16090 8143 7908 8142
   16091 8143 7909 7908
   16092 7971 7970 8206
   16093 8212 7976 7975
   16094 7973 8208 8209
   16095 8210 7975 7974
   16096 8209 7974 7973
   16097 7952 8188 7953
   16098 8215 8216 7979
   16099 7938 8173 8174
   16100 8173 7938 7937
   16101 8030 7795 8029
   16102 8030 7796 7795
   16103 7996 7997 7763
   16104 7997 7764 7763
   16105 7776 8010 7777
   16106 8010 7776 8009
   16107 8056 7821 8055
   16108 8055 7821 7820
   16109 8076 8077 7842
   16110 7841 8076 7842
   16111 7889 8124 7890
   16112 7889 8123 8124
   16113 7909 8144 7910
   16114 8144 7909 8143
   16115 8206 7970 8205
   16116 7970 7969 8205
   16117 7976 8212 8213
   16118 8211 8212 7975
   16119 7979 7978 8215
   16120 7975 8210 8211
   16121 8209 8210 7974
   16122 7953 8188 8189
   16123 7978 8214 8215
   16124 7936 8172 7937
   16125 7937 8172 8173
   16126 7797 7796 8031
   16127 8031 7796 8030
   16128 7764 7997 7998
   16129 8009 7776 7775
   16130 8008 8009 7775
   16131 8054 8055 7820
   16132 8054 7820 7819
   16133 8078 7843 8077
   16134 8077 7843 7842
   16135 8123 7889 7888
   16136 8122 8123 7888
   16137 7910 8144 8145
   16138 7910 8145 7911
   16139 8204 8205 7969
   16140 7968 8204 7969
   16141 7977 7976 8213
   16142 8214 7978 7977
   16143 8190 7954 8189
   16144 8189 7954 7953
   16145 8213 8214 7977
   16146 7936 7935 8171
   16147 8172 7936 8171
   16148 8032 7797 8031
   16149 7797 8032 7798
   16150 7998 7999 7765
   16151 7765 7764 7998
   16152 8008 7775 7774
   16153 8007 8008 7774
   16154 8053 7819 7818
   16155 8053 8054 7819
   16156 8079 7844 8078
   16157 7843 8078 7844
   16158 8121 8122 7887
   16159 7887 8122 7888
   16160 8145 8146 7911
   16161 8147 7912 7911
   16162 8204 7968 8203
   16163 8191 7955 8190
   16164 7955 7954 8190
   16165 7968 7967 8203
   16166 7935 8170 8171
   16167 8170 7935 7934
   16168 7798 8033 7799
   16169 8032 8033 7798
   16170 7999 8000 7766
   16171 7999 7766 7765
   16172 8000 7767 7766
   16173 8007 7773 8006
   16174 7774 7773 8007
   16175 7817 8052 7818
   16176 7818 8052 8053
   16177 8080 7845 8079
   16178 7845 7844 8079
   16179 7886 8121 7887
   16180 8121 7886 8120
   16181 8146 8147 7911
   16182 8148 7912 8147
   16183 8148 7913 7912
   16184 8192 7956 8191
   16185 7956 7955 8191
   16186 7967 8202 8203
   16187 7967 7966 8202
   16188 8169 8170 7934
   16189 7933 8169 7934
   16190 8034 7799 8033
   16191 8034 7800 7799
   16192 7767 8000 8001
   16193 7768 7767 8001
   16194 7768 8002 7769
   16195 8006 7772 8005
   16196 7773 7772 8006
   16197 8051 7817 7816
   16198 8052 7817 8051
   16199 8080 8081 7846
   16200 7845 8080 7846
   16201 7885 8119 8120
   16202 7885 8120 7886
   16203 7913 8149 7914
   16204 7913 8148 8149
   16205 7957 8192 8193
   16206 8192 7957 7956
   16207 7965 8201 7966
   16208 7966 8201 8202
   16209 8168 7933 7932
   16210 7933 8168 8169
   16211 7800 8035 7801
   16212 7800 8034 8035
   16213 8002 7768 8001
   16214 8002 8003 7769
   16215 7770 7769 8003
   16216 8005 7772 7771
   16217 8004 8005 7771
   16218 8050 7816 7815
   16219 8050 8051 7816
   16220 8082 7847 8081
   16221 8081 7847 7846
   16222 8119 7885 7884
   16223 8118 8119 7884
   16224 7914 8149 8150
   16225 7915 7914 8150
   16226 8193 8194 7958
   16227 7957 8193 7958
   16228 7964 7963 8199
   16229 8200 7965 7964
   16230 7965 8200 8201
   16231 7932 7931 8167
   16232 8168 7932 8167
   16233 8035 8036 7801
   16234 7801 8036 7802
   16235 8003 8004 7770
   16236 8004 7771 7770
   16237 8049 7815 7814
   16238 8049 8050 7815
   16239 7848 8082 8083
   16240 7847 8082 7848
   16241 8117 8118 7883
   16242 7883 8118 7884
   16243 8150 8151 7915
   16244 8151 7916 7915
   16245 7959 8194 8195
   16246 8194 7959 7958
   16247 8199 7963 8198
   16248 8200 7964 8199
   16249 7931 8166 8167
   16250 7931 7930 8166
   16251 7802 8037 7803
   16252 8036 8037 7802
   16253 7813 8048 7814
   16254 8049 7814 8048
   16255 8084 7849 8083
   16256 7849 7848 8083
   16257 7882 8117 7883
   16258 8117 7882 8116
   16259 8152 7916 8151
   16260 8152 7917 7916
   16261 8196 7960 8195
   16262 7960 7959 8195
   16263 7963 7962 8198
   16264 7930 8165 8166
   16265 7929 8165 7930
   16266 7803 8037 8038
   16267 8038 7804 7803
   16268 8047 7813 7812
   16269 7813 8047 8048
   16270 8084 8085 7850
   16271 7849 8084 7850
   16272 7881 8115 8116
   16273 8116 7882 7881
   16274 7917 8153 7918
   16275 7917 8152 8153
   16276 8196 8197 7961
   16277 7960 8196 7961
   16278 7962 7961 8197
   16279 8198 7962 8197
   16280 8164 7929 7928
   16281 7929 8164 8165
   16282 7805 7804 8039
   16283 8039 7804 8038
   16284 8046 7812 7811
   16285 8046 8047 7812
   16286 7851 8085 8086
   16287 8085 7851 7850
   16288 8097 7863 7862
   16289 7863 8098 7864
   16290 7864 8099 7865
   16291 7865 8100 7866
   16292 8115 7881 7880
   16293 8114 8115 7880
   16294 8101 7867 7866
   16295 8153 8154 7918
   16296 8154 7919 7918
   16297 7928 7927 8163
   16298 8164 7928 8163
   16299 8040 7805 8039
   16300 7805 8040 7806
   16301 7810 8045 7811
   16302 7811 8045 8046
   16303 8087 7852 8086
   16304 7851 8086 7852
   16305 7861 8096 7862
   16306 7861 7860 8095
   16307 8098 7863 8097
   16308 8096 8097 7862
   16309 7864 8098 8099
   16310 8099 8100 7865
   16311 8100 8101 7866
   16312 7868 8103 7869
   16313 7869 8104 7870
   16314 8113 8114 7879
   16315 7879 8114 7880
   16316 7867 8101 8102
   16317 7867 8102 7868
   16318 8154 8155 7919
   16319 8155 7920 7919
   16320 7927 8162 8163
   16321 8162 7927 7926
   16322 7806 8041 7807
   16323 8040 8041 7806
   16324 7809 8044 7810
   16325 8044 8045 7810
   16326 8088 7853 8087
   16327 7853 7852 8087
   16328 7859 8094 7860
   16329 8096 7861 8095
   16330 8095 7860 8094
   16331 8103 7868 8102
   16332 8103 8104 7869
   16333 8104 8105 7870
   16334 7878 8113 7879
   16335 8113 7878 8112
   16336 8105 7871 7870
   16337 8156 7920 8155
   16338 8156 7921 7920
   16339 8161 8162 7926
   16340 7925 8161 7926
   16341 7807 8041 8042
   16342 8042 7808 7807
   16343 7808 8043 7809
   16344 8043 8044 7809
   16345 8088 8089 7854
   16346 7853 8088 7854
   16347 7857 8092 7858
   16348 8093 7859 7858
   16349 7859 8093 8094
   16350 7871 8106 7872
   16351 8107 7873 7872
   16352 7877 8111 8112
   16353 7877 8112 7878
   16354 7871 8105 8106
   16355 7921 8157 7922
   16356 7921 8156 8157
   16357 8160 7925 7924
   16358 7925 8160 8161
   16359 8043 7808 8042
   16360 8090 7855 8089
   16361 8089 7855 7854
   16362 7856 8091 7857
   16363 8091 8092 7857
   16364 8092 8093 7858
   16365 8106 8107 7872
   16366 7873 8107 8108
   16367 8111 7877 7876
   16368 8110 8111 7876
   16369 7873 8108 7874
   16370 7922 8157 8158
   16371 7923 7922 8158
   16372 7924 7923 8159
   16373 8160 7924 8159
   16374 7856 8090 8091
   16375 7855 8090 7856
   16376 7874 8109 7875
   16377 8109 8110 7875
   16378 7875 8110 7876
   16379 8109 7874 8108
   16380 7923 8158 8159
   16381 8981 7749 7748
   16382 7749 8981 8982
   16383 7748 8978 8979
   16384 8978 7748 8977
   16385 9623 7983 9622
   16386 7983 9623 9624
   16387 8983 7749 8982
   16388 7749 8983 8984
   16389 7982 9618 9619
   16390 9618 7982 9617
   16391 7750 8986 8987
   16392 8986 7750 8985
   16393 7981 9616 9617
   16394 7981 9615 9616
   16395 9615 7981 9614
   16396 8990 7984 8989
   16397 8065 8064 8295
   16398 7984 8990 8991
   16399 8294 8064 8063
   16400 8064 8294 8295
   16401 8065 8295 8296
   16402 8066 8065 8296
   16403 8135 8367 8136
   16404 8016 8015 8247
   16405 8246 8015 8014
   16406 8062 8293 8063
   16407 8063 8293 8294
   16408 8297 8066 8296
   16409 8366 8135 8134
   16410 8136 8368 8137
   16411 8366 8367 8135
   16412 8367 8368 8136
   16413 9611 9612 8216
   16414 8015 8246 8247
   16415 8248 8016 8247
   16416 8016 8248 8017
   16417 8245 8246 8014
   16418 8292 8062 8061
   16419 8293 8062 8292
   16420 8066 8297 8067
   16421 8134 8365 8366
   16422 8369 8137 8368
   16423 8137 8369 8138
   16424 9610 9611 8216
   16425 8017 8248 8249
   16426 8249 8018 8017
   16427 8013 8244 8014
   16428 8225 7995 7994
   16429 8244 8245 8014
   16430 8061 8060 8291
   16431 8291 8292 8061
   16432 8297 8298 8067
   16433 8133 8365 8134
   16434 8138 8369 8370
   16435 8370 8139 8138
   16436 8184 8416 8185
   16437 8185 8417 8186
   16438 8018 8249 8250
   16439 8018 8250 8019
   16440 7995 8226 7996
   16441 8244 8013 8243
   16442 7995 8225 8226
   16443 8224 8225 7994
   16444 7994 7993 8224
   16445 8290 8060 8059
   16446 8060 8290 8291
   16447 8068 8067 8298
   16448 8365 8133 8364
   16449 8139 8370 8371
   16450 8371 8140 8139
   16451 8183 8415 8184
   16452 8415 8416 8184
   16453 8417 8185 8416
   16454 8187 8186 8418
   16455 8417 8418 8186
   16456 9606 9607 8215
   16457 8020 8019 8251
   16458 8250 8251 8019
   16459 7996 8226 8227
   16460 7997 7996 8227
   16461 8013 8012 8243
   16462 8224 7993 8223
   16463 7993 7992 8223
   16464 8058 8289 8059
   16465 8059 8289 8290
   16466 8068 8298 8299
   16467 8132 8364 8133
   16468 8140 8372 8141
   16469 8372 8140 8371
   16470 8183 8182 8414
   16471 8414 8415 8183
   16472 8419 8187 8418
   16473 8215 8214 9606
   16474 7988 8219 7989
   16475 7990 7989 8220
   16476 8252 8020 8251
   16477 8021 8020 8252
   16478 7997 8227 8228
   16479 8242 8243 8012
   16480 8222 8223 7992
   16481 7991 8222 7992
   16482 8288 8058 8057
   16483 8289 8058 8288
   16484 8069 8299 8300
   16485 8069 8068 8299
   16486 8364 8132 8363
   16487 8373 8141 8372
   16488 8141 8373 8142
   16489 8413 8414 8182
   16490 8181 8413 8182
   16491 8187 8419 8188
   16492 8437 8205 8204
   16493 8206 8205 8438
   16494 8997 8217 7986
   16495 8217 7987 7986
   16496 7987 8218 7988
   16497 8218 8219 7988
   16498 8219 8220 7989
   16499 8220 8221 7990
   16500 8221 7991 7990
   16501 8253 8022 8021
   16502 8252 8253 8021
   16503 7997 8228 7998
   16504 8011 8242 8012
   16505 7991 8221 8222
   16506 8287 8057 8056
   16507 8287 8288 8057
   16508 8300 8301 8070
   16509 8069 8300 8070
   16510 8132 8131 8363
   16511 8362 8363 8131
   16512 8142 8373 8374
   16513 8374 8143 8142
   16514 8413 8181 8412
   16515 8412 8181 8180
   16516 8188 8419 8420
   16517 8205 8437 8438
   16518 8436 8437 8204
   16519 8204 8203 8436
   16520 8207 8206 8439
   16521 8206 8438 8439
   16522 7987 8217 8218
   16523 8022 8253 8254
   16524 8023 8022 8254
   16525 8228 8229 7998
   16526 8241 8242 8011
   16527 8286 8056 8055
   16528 8286 8287 8056
   16529 8301 8302 8071
   16530 8070 8301 8071
   16531 8362 8131 8130
   16532 8130 8361 8362
   16533 8374 8375 8143
   16534 8144 8143 8375
   16535 8179 8411 8180
   16536 8180 8411 8412
   16537 8420 8189 8188
   16538 8203 8435 8436
   16539 8207 8439 8440
   16540 8440 8208 8207
   16541 8211 8210 8443
   16542 8212 8211 8444
   16543 8023 8255 8024
   16544 8255 8023 8254
   16545 7998 8229 7999
   16546 8010 8241 8011
   16547 8240 8241 8010
   16548 8054 8285 8055
   16549 8055 8285 8286
   16550 8302 8303 8072
   16551 8072 8071 8302
   16552 8129 8361 8130
   16553 8361 8129 8360
   16554 8144 8376 8145
   16555 8376 8144 8375
   16556 8179 8178 8410
   16557 8179 8410 8411
   16558 8421 8189 8420
   16559 8203 8202 8434
   16560 8435 8203 8434
   16561 8441 8208 8440
   16562 8208 8441 8209
   16563 8210 8209 8442
   16564 8210 8442 8443
   16565 8211 8443 8444
   16566 8444 8445 8212
   16567 8214 8213 8446
   16568 8445 8213 8212
   16569 8255 8256 8024
   16570 8025 8024 8256
   16571 8229 8230 7999
   16572 8000 7999 8230
   16573 8009 8239 8240
   16574 8009 8240 8010
   16575 8284 8054 8053
   16576 8285 8054 8284
   16577 8073 8303 8304
   16578 8303 8073 8072
   16579 8360 8128 8359
   16580 8128 8360 8129
   16581 8377 8145 8376
   16582 8145 8377 8146
   16583 8213 8445 8446
   16584 8409 8410 8178
   16585 8177 8409 8178
   16586 8189 8421 8190
   16587 8433 8434 8202
   16588 8421 8422 8190
   16589 8209 8441 8442
   16590 8257 8026 8025
   16591 8256 8257 8025
   16592 8000 8230 8231
   16593 8238 8239 8008
   16594 8239 8009 8008
   16595 8053 8052 8283
   16596 8283 8284 8053
   16597 8304 8305 8074
   16598 8073 8304 8074
   16599 8358 8359 8127
   16600 8128 8127 8359
   16601 8146 8377 8378
   16602 8378 8147 8146
   16603 8409 8177 8408
   16604 8176 8408 8177
   16605 8201 8433 8202
   16606 8191 8422 8423
   16607 8191 8190 8422
   16608 8257 8258 8026
   16609 8258 8027 8026
   16610 8232 8001 8231
   16611 8001 8000 8231
   16612 8008 8007 8238
   16613 8237 8238 8007
   16614 8282 8052 8051
   16615 8052 8282 8283
   16616 8305 8306 8075
   16617 8074 8305 8075
   16618 8358 8127 8126
   16619 8126 8357 8358
   16620 8147 8378 8379
   16621 8379 8148 8147
   16622 8176 8175 8407
   16623 8408 8176 8407
   16624 8433 8201 8432
   16625 8200 8432 8201
   16626 8424 8192 8423
   16627 8423 8192 8191
   16628 8028 8027 8259
   16629 8259 8027 8258
   16630 8232 8233 8002
   16631 8001 8232 8002
   16632 8006 8237 8007
   16633 8237 8006 8236
   16634 8002 8233 8003
   16635 8004 8003 8234
   16636 8050 8281 8051
   16637 8051 8281 8282
   16638 8076 8306 8307
   16639 8076 8075 8306
   16640 8125 8357 8126
   16641 8357 8125 8356
   16642 8148 8380 8149
   16643 8380 8148 8379
   16644 8175 8174 8406
   16645 8406 8407 8175
   16646 8199 8431 8200
   16647 8431 8432 8200
   16648 8425 8193 8424
   16649 8192 8424 8193
   16650 8260 8028 8259
   16651 8029 8028 8260
   16652 8233 8234 8003
   16653 8005 8235 8236
   16654 8006 8005 8236
   16655 8004 8234 8235
   16656 8280 8050 8049
   16657 8050 8280 8281
   16658 8077 8307 8308
   16659 8077 8076 8307
   16660 8356 8124 8355
   16661 8124 8356 8125
   16662 8381 8149 8380
   16663 8149 8381 8150
   16664 8405 8406 8174
   16665 8173 8405 8174
   16666 8199 8198 8430
   16667 8430 8431 8199
   16668 8425 8426 8194
   16669 8193 8425 8194
   16670 8197 8429 8198
   16671 8197 8196 8428
   16672 8261 8030 8029
   16673 8260 8261 8029
   16674 8005 8004 8235
   16675 8049 8048 8279
   16676 8279 8280 8049
   16677 8308 8309 8078
   16678 8308 8078 8077
   16679 8354 8355 8123
   16680 8124 8123 8355
   16681 8150 8381 8382
   16682 8382 8151 8150
   16683 8405 8173 8404
   16684 8404 8173 8172
   16685 8429 8430 8198
   16686 8427 8195 8426
   16687 8195 8194 8426
   16688 8429 8197 8428
   16689 8427 8428 8196
   16690 8261 8262 8030
   16691 8262 8031 8030
   16692 8048 8278 8279
   16693 8278 8048 8047
   16694 8309 8310 8079
   16695 8309 8079 8078
   16696 8354 8123 8122
   16697 8354 8122 8353
   16698 8382 8383 8151
   16699 8151 8383 8152
   16700 8171 8403 8172
   16701 8404 8172 8403
   16702 8195 8427 8196
   16703 8032 8031 8263
   16704 8263 8031 8262
   16705 8278 8047 8277
   16706 8046 8277 8047
   16707 8080 8310 8311
   16708 8080 8079 8310
   16709 8121 8352 8353
   16710 8121 8353 8122
   16711 8152 8384 8153
   16712 8383 8384 8152
   16713 8171 8170 8402
   16714 8171 8402 8403
   16715 8264 8032 8263
   16716 8033 8032 8264
   16717 8045 8276 8046
   16718 8276 8277 8046
   16719 8312 8080 8311
   16720 8120 8352 8121
   16721 8351 8352 8120
   16722 8385 8153 8384
   16723 8153 8385 8154
   16724 8401 8402 8170
   16725 8169 8401 8170
   16726 8265 8034 8033
   16727 8264 8265 8033
   16728 8045 8044 8275
   16729 8276 8045 8275
   16730 8312 8313 8081
   16731 8081 8080 8312
   16732 8350 8351 8119
   16733 8119 8351 8120
   16734 8154 8385 8386
   16735 8386 8155 8154
   16736 8401 8169 8400
   16737 8168 8400 8169
   16738 8265 8266 8034
   16739 8266 8035 8034
   16740 8043 8274 8044
   16741 8274 8275 8044
   16742 8313 8314 8082
   16743 8081 8313 8082
   16744 8350 8119 8118
   16745 8350 8118 8349
   16746 8155 8386 8387
   16747 8387 8156 8155
   16748 8167 8399 8168
   16749 8399 8400 8168
   16750 8036 8035 8267
   16751 8035 8266 8267
   16752 8042 8273 8043
   16753 8273 8274 8043
   16754 8083 8314 8315
   16755 8082 8314 8083
   16756 8117 8348 8349
   16757 8117 8349 8118
   16758 8156 8388 8157
   16759 8388 8156 8387
   16760 8167 8166 8398
   16761 8398 8399 8167
   16762 8037 8036 8267
   16763 8041 8272 8042
   16764 8272 8273 8042
   16765 8084 8315 8316
   16766 8084 8083 8315
   16767 8116 8348 8117
   16768 8348 8116 8347
   16769 8389 8157 8388
   16770 8157 8389 8158
   16771 8397 8398 8166
   16772 8165 8397 8166
   16773 8268 8037 8267
   16774 8037 8268 8038
   16775 8271 8041 8040
   16776 8041 8271 8272
   16777 8316 8317 8085
   16778 8085 8084 8316
   16779 8098 8330 8099
   16780 8100 8099 8331
   16781 8332 8101 8100
   16782 8101 8333 8102
   16783 8346 8347 8115
   16784 8116 8115 8347
   16785 8389 8390 8158
   16786 8159 8158 8390
   16787 8397 8165 8396
   16788 8164 8396 8165
   16789 8268 8269 8038
   16790 8038 8269 8039
   16791 8040 8039 8270
   16792 8270 8271 8040
   16793 8317 8318 8086
   16794 8085 8317 8086
   16795 8097 8329 8098
   16796 8097 8096 8328
   16797 8329 8330 8098
   16798 8099 8330 8331
   16799 8331 8332 8100
   16800 8332 8333 8101
   16801 8333 8334 8102
   16802 8102 8334 8103
   16803 8346 8115 8114
   16804 8346 8114 8345
   16805 8103 8335 8104
   16806 8390 8391 8159
   16807 8160 8159 8391
   16808 8395 8164 8163
   16809 8396 8164 8395
   16810 8269 8270 8039
   16811 8319 8087 8318
   16812 8086 8318 8087
   16813 8094 8326 8095
   16814 8096 8095 8327
   16815 8328 8329 8097
   16816 8096 8327 8328
   16817 8103 8334 8335
   16818 8105 8337 8106
   16819 8336 8105 8104
   16820 8113 8344 8345
   16821 8113 8345 8114
   16822 8336 8104 8335
   16823 8160 8392 8161
   16824 8392 8160 8391
   16825 8163 8162 8394
   16826 8163 8394 8395
   16827 8319 8320 8088
   16828 8087 8319 8088
   16829 8093 8325 8094
   16830 8325 8326 8094
   16831 8095 8326 8327
   16832 8336 8337 8105
   16833 8338 8106 8337
   16834 8112 8344 8113
   16835 8344 8112 8343
   16836 8338 8107 8106
   16837 8393 8161 8392
   16838 8161 8393 8162
   16839 8393 8394 8162
   16840 8320 8321 8089
   16841 8089 8088 8320
   16842 8324 8093 8092
   16843 8324 8325 8093
   16844 8108 8340 8109
   16845 8108 8107 8339
   16846 8342 8343 8111
   16847 8112 8111 8343
   16848 8338 8339 8107
   16849 8321 8322 8090
   16850 8089 8321 8090
   16851 8092 8091 8323
   16852 8323 8324 8092
   16853 8340 8108 8339
   16854 8109 8340 8341
   16855 8342 8111 8110
   16856 8342 8110 8341
   16857 8091 8322 8323
   16858 8090 8322 8091
   16859 8109 8341 8110
   16860 9610 8215 9609
   16861 8215 9610 8216
   16862 7984 8988 8989
   16863 8988 7984 8987
   16864 8991 7985 7984
   16865 7985 8991 8992
   16866 9613 8216 9612
   16867 8216 9613 9614
   16868 8993 7985 8992
   16869 7985 8993 8994
   16870 8215 9608 9609
   16871 9608 8215 9607
   16872 8994 7986 7985
   16873 7986 8994 8995
   16874 8996 7986 8995
   16875 7986 8996 8997
   16876 8214 9605 9606
   16877 9604 8214 8446
   16878 8214 9604 9605
   16879 8999 9000 8217
   16880 9000 9001 8217
   16881 8223 8222 8450
   16882 8223 8451 8224
   16883 9604 8446 9603
   16884 8521 8293 8292
   16885 8218 9001 9002
   16886 9001 8218 8217
   16887 8222 8449 8450
   16888 8451 8223 8450
   16889 8224 8451 8452
   16890 8446 9602 9603
   16891 8522 8294 8293
   16892 8369 8599 8370
   16893 8520 8292 8291
   16894 8521 8522 8293
   16895 8520 8521 8292
   16896 8447 8219 9002
   16897 8219 8218 9002
   16898 8222 8221 8449
   16899 8219 8447 8220
   16900 8225 8224 8452
   16901 8245 8474 8246
   16902 9602 8446 9601
   16903 8523 8294 8522
   16904 8368 8598 8369
   16905 8600 8371 8370
   16906 8599 8369 8598
   16907 8370 8599 8600
   16908 8290 8519 8291
   16909 8291 8519 8520
   16910 8220 8447 8448
   16911 8221 8448 8449
   16912 8448 8221 8220
   16913 8453 8225 8452
   16914 8225 8453 8226
   16915 8245 8473 8474
   16916 8474 8475 8246
   16917 8246 8475 8247
   16918 8440 8439 8670
   16919 8446 8445 9601
   16920 9600 9601 8445
   16921 8294 8523 8295
   16922 8598 8368 8597
   16923 8600 8601 8371
   16924 8371 8601 8372
   16925 8518 8290 8289
   16926 8519 8290 8518
   16927 8454 8226 8453
   16928 8454 8227 8226
   16929 8473 8245 8244
   16930 8247 8476 8248
   16931 8475 8476 8247
   16932 8416 8646 8417
   16933 8439 8669 8670
   16934 8670 8671 8440
   16935 8523 8524 8295
   16936 8597 8368 8367
   16937 8601 8602 8372
   16938 8372 8602 8373
   16939 8289 8288 8517
   16940 8517 8518 8289
   16941 8454 8455 8227
   16942 8473 8244 8472
   16943 8476 8477 8248
   16944 8249 8248 8477
   16945 8645 8416 8415
   16946 8416 8645 8646
   16947 8647 8417 8646
   16948 8417 8647 8418
   16949 8439 8438 8668
   16950 8437 8667 8438
   16951 8669 8439 8668
   16952 8671 8441 8440
   16953 9598 8444 8443
   16954 9598 9599 8444
   16955 8296 8295 8524
   16956 8367 8596 8597
   16957 8373 8603 8374
   16958 8603 8373 8602
   16959 8288 8516 8517
   16960 8516 8288 8287
   16961 8455 8228 8227
   16962 8243 8472 8244
   16963 8478 8250 8249
   16964 8477 8478 8249
   16965 8415 8414 8644
   16966 8645 8415 8644
   16967 8437 8436 8666
   16968 8647 8648 8418
   16969 8667 8668 8438
   16970 8667 8437 8666
   16971 8441 8671 8672
   16972 8673 9598 8443
   16973 8443 8442 8673
   16974 8442 8441 8672
   16975 8296 8524 8525
   16976 8596 8367 8366
   16977 8604 8375 8374
   16978 8374 8603 8604
   16979 8287 8515 8516
   16980 8286 8515 8287
   16981 8228 8455 8456
   16982 8471 8472 8243
   16983 8479 8250 8478
   16984 8250 8479 8251
   16985 8413 8643 8414
   16986 8643 8644 8414
   16987 8419 8418 8648
   16988 8436 8665 8666
   16989 8442 8672 8673
   16990 8297 8296 8525
   16991 8297 8525 8526
   16992 8366 8595 8596
   16993 8375 8604 8605
   16994 8605 8376 8375
   16995 8514 8286 8285
   16996 8515 8286 8514
   16997 8457 8229 8456
   16998 8229 8228 8456
   16999 8242 8471 8243
   17000 8470 8471 8242
   17001 8252 8251 8480
   17002 8479 8480 8251
   17003 8642 8413 8412
   17004 8643 8413 8642
   17005 8648 8649 8419
   17006 8665 8436 8435
   17007 8526 8527 8298
   17008 8297 8526 8298
   17009 8365 8595 8366
   17010 8595 8365 8594
   17011 8606 8376 8605
   17012 8376 8606 8377
   17013 8513 8285 8284
   17014 8513 8514 8285
   17015 8230 8457 8458
   17016 8229 8457 8230
   17017 8470 8241 8469
   17018 8241 8470 8242
   17019 8480 8481 8252
   17020 8481 8253 8252
   17021 8641 8412 8411
   17022 8641 8642 8412
   17023 8649 8420 8419
   17024 8664 8665 8435
   17025 8435 8434 8664
   17026 8527 8528 8299
   17027 8298 8527 8299
   17028 8593 8594 8364
   17029 8364 8594 8365
   17030 8377 8607 8378
   17031 8607 8377 8606
   17032 8512 8284 8283
   17033 8512 8513 8284
   17034 8458 8459 8231
   17035 8458 8231 8230
   17036 8241 8240 8469
   17037 8240 8468 8469
   17038 8254 8253 8482
   17039 8253 8481 8482
   17040 8411 8410 8640
   17041 8640 8641 8411
   17042 8420 8649 8650
   17043 8663 8664 8434
   17044 8528 8529 8300
   17045 8300 8299 8528
   17046 8592 8593 8363
   17047 8363 8593 8364
   17048 8608 8379 8378
   17049 8378 8607 8608
   17050 8282 8511 8283
   17051 8283 8511 8512
   17052 8232 8459 8460
   17053 8459 8232 8231
   17054 8240 8467 8468
   17055 8483 8254 8482
   17056 8254 8483 8255
   17057 8409 8639 8410
   17058 8639 8640 8410
   17059 8651 8421 8650
   17060 8421 8420 8650
   17061 8433 8663 8434
   17062 8301 8529 8530
   17063 8529 8301 8300
   17064 8592 8363 8362
   17065 8362 8591 8592
   17066 8608 8609 8379
   17067 8379 8609 8380
   17068 8510 8282 8281
   17069 8511 8282 8510
   17070 8233 8460 8461
   17071 8233 8232 8460
   17072 8467 8240 8239
   17073 8466 8467 8239
   17074 8256 8255 8484
   17075 8483 8484 8255
   17076 8408 8638 8409
   17077 8639 8409 8638
   17078 8651 8652 8422
   17079 8421 8651 8422
   17080 8663 8433 8662
   17081 8432 8662 8433
   17082 8530 8531 8302
   17083 8301 8530 8302
   17084 8361 8591 8362
   17085 8591 8361 8590
   17086 8609 8610 8380
   17087 8380 8610 8381
   17088 8281 8280 8509
   17089 8509 8510 8281
   17090 8461 8462 8234
   17091 8233 8461 8234
   17092 8234 8462 8235
   17093 8238 8465 8466
   17094 8466 8239 8238
   17095 8256 8484 8485
   17096 8257 8256 8485
   17097 8637 8408 8407
   17098 8408 8637 8638
   17099 8653 8423 8652
   17100 8423 8422 8652
   17101 8432 8661 8662
   17102 8531 8532 8303
   17103 8531 8303 8302
   17104 8590 8360 8589
   17105 8360 8590 8361
   17106 8381 8611 8382
   17107 8611 8381 8610
   17108 8508 8280 8279
   17109 8280 8508 8509
   17110 8463 8235 8462
   17111 8465 8237 8464
   17112 8237 8465 8238
   17113 8257 8485 8486
   17114 8257 8486 8258
   17115 8407 8406 8636
   17116 8637 8407 8636
   17117 8424 8653 8654
   17118 8653 8424 8423
   17119 8661 8432 8431
   17120 8661 8431 8660
   17121 8304 8532 8533
   17122 8304 8303 8532
   17123 8588 8589 8359
   17124 8360 8359 8589
   17125 8612 8383 8382
   17126 8382 8611 8612
   17127 8278 8507 8279
   17128 8508 8279 8507
   17129 8236 8463 8464
   17130 8463 8236 8235
   17131 8237 8236 8464
   17132 8486 8487 8258
   17133 8258 8487 8259
   17134 8405 8635 8406
   17135 8635 8636 8406
   17136 8655 8425 8654
   17137 8424 8654 8425
   17138 8431 8430 8660
   17139 8659 8660 8430
   17140 8305 8533 8534
   17141 8305 8304 8533
   17142 8588 8359 8358
   17143 8358 8587 8588
   17144 8383 8612 8613
   17145 8613 8384 8383
   17146 8506 8278 8277
   17147 8278 8506 8507
   17148 8260 8259 8488
   17149 8487 8488 8259
   17150 8634 8405 8404
   17151 8635 8405 8634
   17152 8655 8656 8426
   17153 8425 8655 8426
   17154 8429 8428 8658
   17155 8429 8659 8430
   17156 8659 8429 8658
   17157 8534 8535 8306
   17158 8534 8306 8305
   17159 8357 8587 8358
   17160 8587 8357 8586
   17161 8614 8384 8613
   17162 8384 8614 8385
   17163 8505 8277 8276
   17164 8505 8506 8277
   17165 8488 8489 8260
   17166 8489 8261 8260
   17167 8633 8404 8403
   17168 8633 8634 8404
   17169 8427 8656 8657
   17170 8427 8426 8656
   17171 8428 8427 8657
   17172 8428 8657 8658
   17173 8535 8536 8307
   17174 8535 8307 8306
   17175 8585 8586 8356
   17176 8356 8586 8357
   17177 8385 8615 8386
   17178 8615 8385 8614
   17179 8275 8504 8276
   17180 8276 8504 8505
   17181 8261 8490 8262
   17182 8261 8489 8490
   17183 8403 8402 8632
   17184 8632 8633 8403
   17185 8536 8537 8308
   17186 8308 8307 8536
   17187 8584 8585 8355
   17188 8355 8585 8356
   17189 8387 8386 8616
   17190 8615 8616 8386
   17191 8274 8503 8275
   17192 8503 8504 8275
   17193 8490 8491 8262
   17194 8262 8491 8263
   17195 8401 8631 8402
   17196 8631 8632 8402
   17197 8309 8537 8538
   17198 8537 8309 8308
   17199 8584 8355 8354
   17200 8354 8583 8584
   17201 8616 8617 8387
   17202 8387 8617 8388
   17203 8273 8502 8274
   17204 8502 8503 8274
   17205 8264 8263 8492
   17206 8491 8492 8263
   17207 8400 8630 8401
   17208 8631 8401 8630
   17209 8538 8539 8310
   17210 8538 8310 8309
   17211 8353 8583 8354
   17212 8583 8353 8582
   17213 8617 8618 8388
   17214 8388 8618 8389
   17215 8273 8272 8501
   17216 8502 8273 8501
   17217 8493 8264 8492
   17218 8265 8264 8493
   17219 8629 8400 8399
   17220 8630 8400 8629
   17221 8539 8540 8311
   17222 8539 8311 8310
   17223 8582 8352 8581
   17224 8352 8582 8353
   17225 8389 8619 8390
   17226 8619 8389 8618
   17227 8272 8271 8500
   17228 8501 8272 8500
   17229 8265 8494 8266
   17230 8494 8265 8493
   17231 8399 8398 8628
   17232 8399 8628 8629
   17233 8541 8312 8540
   17234 8312 8311 8540
   17235 8580 8581 8351
   17236 8352 8351 8581
   17237 8391 8390 8620
   17238 8619 8620 8390
   17239 8270 8499 8271
   17240 8499 8500 8271
   17241 8494 8495 8266
   17242 8266 8495 8267
   17243 8397 8627 8398
   17244 8627 8628 8398
   17245 8542 8313 8541
   17246 8313 8312 8541
   17247 8580 8351 8350
   17248 8580 8350 8579
   17249 8391 8620 8621
   17250 8621 8392 8391
   17251 8269 8498 8270
   17252 8498 8499 8270
   17253 8267 8496 8268
   17254 8495 8496 8267
   17255 8626 8397 8396
   17256 8627 8397 8626
   17257 8542 8543 8314
   17258 8542 8314 8313
   17259 8349 8578 8579
   17260 8349 8579 8350
   17261 8622 8392 8621
   17262 8392 8622 8393
   17263 8497 8269 8268
   17264 8269 8497 8498
   17265 8497 8268 8496
   17266 8625 8396 8395
   17267 8625 8626 8396
   17268 8543 8544 8315
   17269 8543 8315 8314
   17270 8348 8578 8349
   17271 8577 8578 8348
   17272 8393 8623 8394
   17273 8623 8393 8622
   17274 8395 8394 8624
   17275 8624 8625 8395
   17276 8544 8545 8316
   17277 8316 8315 8544
   17278 8559 8331 8330
   17279 8558 8330 8329
   17280 8576 8577 8347
   17281 8347 8577 8348
   17282 8623 8624 8394
   17283 8317 8545 8546
   17284 8545 8317 8316
   17285 8327 8556 8328
   17286 8329 8328 8557
   17287 8559 8560 8331
   17288 8558 8559 8330
   17289 8558 8329 8557
   17290 8331 8560 8332
   17291 8576 8347 8346
   17292 8576 8346 8575
   17293 8561 8333 8332
   17294 8562 8334 8333
   17295 8546 8547 8318
   17296 8546 8318 8317
   17297 8554 8326 8325
   17298 8555 8327 8326
   17299 8555 8556 8327
   17300 8556 8557 8328
   17301 8332 8560 8561
   17302 8335 8564 8336
   17303 8563 8335 8334
   17304 8345 8574 8575
   17305 8345 8575 8346
   17306 8562 8333 8561
   17307 8562 8563 8334
   17308 8547 8548 8319
   17309 8547 8319 8318
   17310 8553 8325 8324
   17311 8554 8555 8326
   17312 8325 8553 8554
   17313 8563 8564 8335
   17314 8564 8565 8336
   17315 8337 8336 8565
   17316 8344 8574 8345
   17317 8574 8344 8573
   17318 8337 8566 8338
   17319 8549 8320 8548
   17320 8320 8319 8548
   17321 8323 8552 8324
   17322 8553 8324 8552
   17323 8565 8566 8337
   17324 8567 8339 8338
   17325 8344 8572 8573
   17326 8338 8566 8567
   17327 8550 8321 8549
   17328 8321 8320 8549
   17329 8551 8323 8322
   17330 8551 8552 8323
   17331 8568 8339 8567
   17332 8572 8344 8343
   17333 8572 8343 8571
   17334 8568 8340 8339
   17335 8550 8551 8322
   17336 8550 8322 8321
   17337 8569 8341 8340
   17338 8342 8570 8571
   17339 8571 8343 8342
   17340 8568 8569 8340
   17341 8569 8570 8341
   17342 8341 8570 8342
   17343 9599 8445 8444
   17344 8445 9599 9600
   17345 8998 8217 8997
   17346 8217 8998 8999
   17347 9002 9003 8447
   17348 8448 9003 9004
   17349 9003 8448 8447
   17350 8448 9004 8449
   17351 9598 8673 9597
   17352 8744 8519 8518
   17353 8702 8477 8476
   17354 8703 8478 8477
   17355 9596 9597 8673
   17356 8519 8745 8520
   17357 8601 8828 8602
   17358 8743 8518 8517
   17359 8745 8519 8744
   17360 8743 8744 8518
   17361 8675 8450 8674
   17362 8450 8449 8674
   17363 8450 8675 8451
   17364 8702 8703 8477
   17365 8702 8476 8701
   17366 8475 8701 8476
   17367 8704 8479 8478
   17368 8703 8704 8478
   17369 8672 9596 8673
   17370 9596 8672 9595
   17371 8827 8601 8600
   17372 8520 8745 8746
   17373 8602 8829 8603
   17374 8828 8601 8827
   17375 8829 8602 8828
   17376 8742 8517 8516
   17377 8742 8743 8517
   17378 8676 8451 8675
   17379 8700 8701 8475
   17380 8474 8700 8475
   17381 8705 8479 8704
   17382 8479 8705 8480
   17383 8644 8643 8870
   17384 8871 8645 8644
   17385 8671 8898 9595
   17386 8672 8671 9595
   17387 8746 8521 8520
   17388 8600 8826 8827
   17389 8830 8604 8603
   17390 8603 8829 8830
   17391 8515 8741 8516
   17392 8516 8741 8742
   17393 8676 8677 8452
   17394 8676 8452 8451
   17395 8677 8453 8452
   17396 8700 8474 8699
   17397 8481 8480 8706
   17398 8705 8706 8480
   17399 8642 8869 8643
   17400 8869 8870 8643
   17401 8870 8871 8644
   17402 8646 8645 8872
   17403 8645 8871 8872
   17404 8897 8898 8671
   17405 8521 8746 8747
   17406 8826 8600 8599
   17407 8830 8831 8604
   17408 8604 8831 8605
   17409 8740 8515 8514
   17410 8741 8515 8740
   17411 8453 8677 8678
   17412 8454 8453 8678
   17413 8474 8473 8699
   17414 8481 8706 8707
   17415 8482 8481 8707
   17416 8641 8868 8642
   17417 8869 8642 8868
   17418 8873 8646 8872
   17419 8670 8897 8671
   17420 8897 8670 8896
   17421 8522 8521 8747
   17422 8599 8825 8826
   17423 8831 8832 8605
   17424 8605 8832 8606
   17425 8514 8513 8739
   17426 8739 8740 8514
   17427 8679 8454 8678
   17428 8699 8473 8698
   17429 8483 8482 8708
   17430 8482 8707 8708
   17431 8867 8641 8640
   17432 8641 8867 8868
   17433 8646 8873 8647
   17434 8670 8669 8896
   17435 8896 8669 8895
   17436 8747 8748 8522
   17437 8598 8825 8599
   17438 8606 8833 8607
   17439 8833 8606 8832
   17440 8738 8513 8512
   17441 8513 8738 8739
   17442 8680 8455 8679
   17443 8454 8679 8455
   17444 8473 8472 8698
   17445 8709 8483 8708
   17446 8483 8709 8484
   17447 8640 8639 8866
   17448 8867 8640 8866
   17449 8873 8874 8647
   17450 8668 8667 8894
   17451 8669 8668 8895
   17452 8666 8893 8667
   17453 8895 8668 8894
   17454 8748 8523 8522
   17455 8825 8598 8824
   17456 8749 8523 8748
   17457 8834 8608 8607
   17458 8607 8833 8834
   17459 8511 8737 8512
   17460 8512 8737 8738
   17461 8680 8681 8456
   17462 8680 8456 8455
   17463 8697 8698 8472
   17464 8485 8484 8710
   17465 8709 8710 8484
   17466 8638 8865 8639
   17467 8865 8866 8639
   17468 8648 8647 8874
   17469 8893 8894 8667
   17470 8893 8666 8892
   17471 8597 8824 8598
   17472 8823 8824 8597
   17473 8749 8750 8524
   17474 8523 8749 8524
   17475 8608 8834 8835
   17476 8835 8609 8608
   17477 8736 8511 8510
   17478 8737 8511 8736
   17479 8681 8682 8456
   17480 8471 8697 8472
   17481 8696 8697 8471
   17482 8710 8711 8485
   17483 8711 8486 8485
   17484 8864 8638 8637
   17485 8865 8638 8864
   17486 8875 8648 8874
   17487 8666 8665 8892
   17488 8822 8823 8596
   17489 8596 8823 8597
   17490 8750 8751 8525
   17491 8525 8524 8750
   17492 8836 8609 8835
   17493 8609 8836 8610
   17494 8735 8510 8509
   17495 8735 8736 8510
   17496 8457 8682 8683
   17497 8457 8456 8682
   17498 8470 8695 8696
   17499 8470 8696 8471
   17500 8486 8712 8487
   17501 8486 8711 8712
   17502 8637 8636 8863
   17503 8863 8864 8637
   17504 8648 8875 8649
   17505 8649 8875 8876
   17506 8664 8891 8665
   17507 8891 8892 8665
   17508 8822 8596 8595
   17509 8595 8821 8822
   17510 8526 8751 8752
   17511 8751 8526 8525
   17512 8610 8837 8611
   17513 8837 8610 8836
   17514 8734 8509 8508
   17515 8734 8735 8509
   17516 8684 8458 8683
   17517 8458 8457 8683
   17518 8694 8695 8469
   17519 8695 8470 8469
   17520 8712 8713 8487
   17521 8487 8713 8488
   17522 8636 8635 8862
   17523 8636 8862 8863
   17524 8877 8650 8876
   17525 8876 8650 8649
   17526 8664 8663 8890
   17527 8891 8664 8890
   17528 8594 8821 8595
   17529 8821 8594 8820
   17530 8752 8753 8527
   17531 8752 8527 8526
   17532 8612 8611 8838
   17533 8837 8838 8611
   17534 8507 8733 8508
   17535 8734 8508 8733
   17536 8684 8685 8459
   17537 8458 8684 8459
   17538 8469 8468 8694
   17539 8693 8694 8468
   17540 8489 8488 8714
   17541 8713 8714 8488
   17542 8634 8861 8635
   17543 8861 8862 8635
   17544 8877 8878 8651
   17545 8650 8877 8651
   17546 8889 8890 8663
   17547 8820 8593 8819
   17548 8593 8820 8594
   17549 8753 8754 8528
   17550 8753 8528 8527
   17551 8838 8839 8612
   17552 8612 8839 8613
   17553 8732 8507 8506
   17554 8507 8732 8733
   17555 8685 8686 8460
   17556 8459 8685 8460
   17557 8467 8693 8468
   17558 8692 8693 8467
   17559 8489 8714 8715
   17560 8490 8489 8715
   17561 8633 8860 8634
   17562 8861 8634 8860
   17563 8662 8889 8663
   17564 8652 8878 8879
   17565 8652 8651 8878
   17566 8889 8662 8888
   17567 8592 8818 8819
   17568 8819 8593 8592
   17569 8529 8754 8755
   17570 8529 8528 8754
   17571 8839 8840 8613
   17572 8840 8614 8613
   17573 8506 8505 8731
   17574 8731 8732 8506
   17575 8461 8686 8687
   17576 8460 8686 8461
   17577 8466 8691 8692
   17578 8466 8692 8467
   17579 8490 8716 8491
   17580 8490 8715 8716
   17581 8859 8633 8632
   17582 8633 8859 8860
   17583 8653 8879 8880
   17584 8653 8652 8879
   17585 8662 8661 8888
   17586 8661 8887 8888
   17587 8592 8817 8818
   17588 8530 8755 8756
   17589 8530 8529 8755
   17590 8841 8614 8840
   17591 8614 8841 8615
   17592 8504 8730 8505
   17593 8730 8731 8505
   17594 8687 8688 8462
   17595 8687 8462 8461
   17596 8688 8463 8462
   17597 8465 8690 8691
   17598 8466 8465 8691
   17599 8716 8717 8491
   17600 8491 8717 8492
   17601 8632 8631 8858
   17602 8859 8632 8858
   17603 8881 8654 8880
   17604 8654 8653 8880
   17605 8887 8661 8660
   17606 8886 8887 8660
   17607 8817 8592 8591
   17608 8817 8591 8816
   17609 8756 8757 8531
   17610 8756 8531 8530
   17611 8616 8615 8842
   17612 8841 8842 8615
   17613 8503 8729 8504
   17614 8729 8730 8504
   17615 8689 8463 8688
   17616 8463 8689 8464
   17617 8465 8464 8690
   17618 8689 8690 8464
   17619 8493 8492 8718
   17620 8717 8718 8492
   17621 8630 8857 8631
   17622 8857 8858 8631
   17623 8881 8882 8655
   17624 8654 8881 8655
   17625 8658 8885 8659
   17626 8660 8659 8886
   17627 8885 8886 8659
   17628 8815 8816 8590
   17629 8590 8816 8591
   17630 8757 8758 8532
   17631 8757 8532 8531
   17632 8616 8842 8843
   17633 8843 8617 8616
   17634 8502 8728 8503
   17635 8728 8729 8503
   17636 8718 8719 8493
   17637 8719 8494 8493
   17638 8856 8630 8629
   17639 8857 8630 8856
   17640 8883 8656 8882
   17641 8656 8655 8882
   17642 8883 8657 8656
   17643 8657 8884 8658
   17644 8885 8658 8884
   17645 8814 8815 8589
   17646 8815 8590 8589
   17647 8758 8759 8533
   17648 8533 8532 8758
   17649 8844 8617 8843
   17650 8617 8844 8618
   17651 8727 8502 8501
   17652 8502 8727 8728
   17653 8494 8720 8495
   17654 8494 8719 8720
   17655 8855 8629 8628
   17656 8855 8856 8629
   17657 8657 8883 8884
   17658 8814 8589 8588
   17659 8588 8813 8814
   17660 8534 8759 8760
   17661 8759 8534 8533
   17662 8618 8845 8619
   17663 8845 8618 8844
   17664 8500 8726 8501
   17665 8727 8501 8726
   17666 8720 8721 8495
   17667 8495 8721 8496
   17668 8628 8627 8854
   17669 8854 8855 8628
   17670 8813 8588 8587
   17671 8813 8587 8812
   17672 8760 8761 8535
   17673 8760 8535 8534
   17674 8620 8619 8846
   17675 8845 8846 8619
   17676 8499 8725 8500
   17677 8725 8726 8500
   17678 8497 8496 8722
   17679 8721 8722 8496
   17680 8626 8853 8627
   17681 8853 8854 8627
   17682 8812 8586 8811
   17683 8586 8812 8587
   17684 8761 8762 8536
   17685 8761 8536 8535
   17686 8846 8847 8620
   17687 8847 8621 8620
   17688 8498 8724 8499
   17689 8724 8725 8499
   17690 8723 8497 8722
   17691 8498 8497 8723
   17692 8625 8852 8626
   17693 8853 8626 8852
   17694 8585 8810 8811
   17695 8585 8811 8586
   17696 8763 8537 8762
   17697 8537 8536 8762
   17698 8848 8622 8621
   17699 8847 8848 8621
   17700 8724 8498 8723
   17701 8851 8625 8624
   17702 8852 8625 8851
   17703 8810 8585 8584
   17704 8584 8809 8810
   17705 8764 8538 8763
   17706 8538 8537 8763
   17707 8849 8622 8848
   17708 8622 8849 8623
   17709 8624 8623 8850
   17710 8624 8850 8851
   17711 8809 8584 8583
   17712 8809 8583 8808
   17713 8764 8765 8539
   17714 8764 8539 8538
   17715 8849 8850 8623
   17716 8807 8808 8582
   17717 8582 8808 8583
   17718 8765 8766 8540
   17719 8765 8540 8539
   17720 8806 8807 8581
   17721 8807 8582 8581
   17722 8766 8767 8541
   17723 8541 8540 8766
   17724 8806 8581 8580
   17725 8580 8805 8806
   17726 8542 8767 8768
   17727 8767 8542 8541
   17728 8805 8580 8579
   17729 8579 8804 8805
   17730 8768 8769 8543
   17731 8768 8543 8542
   17732 8578 8804 8579
   17733 8803 8804 8578
   17734 8769 8770 8544
   17735 8769 8544 8543
   17736 8577 8802 8803
   17737 8578 8577 8803
   17738 8771 8545 8770
   17739 8545 8544 8770
   17740 8783 8558 8557
   17741 8784 8559 8558
   17742 8802 8577 8576
   17743 8802 8576 8801
   17744 8772 8546 8771
   17745 8546 8545 8771
   17746 8781 8556 8555
   17747 8556 8782 8557
   17748 8784 8558 8783
   17749 8557 8782 8783
   17750 8785 8560 8559
   17751 8784 8785 8559
   17752 8561 8560 8786
   17753 8789 8564 8563
   17754 8562 8788 8563
   17755 8575 8800 8801
   17756 8801 8576 8575
   17757 8772 8773 8547
   17758 8772 8547 8546
   17759 8780 8555 8554
   17760 8781 8782 8556
   17761 8780 8781 8555
   17762 8785 8786 8560
   17763 8562 8561 8787
   17764 8787 8561 8786
   17765 8790 8564 8789
   17766 8563 8788 8789
   17767 8787 8788 8562
   17768 8574 8800 8575
   17769 8799 8800 8574
   17770 8790 8565 8564
   17771 8773 8774 8548
   17772 8773 8548 8547
   17773 8553 8552 8778
   17774 8554 8553 8779
   17775 8780 8554 8779
   17776 8791 8566 8565
   17777 8566 8792 8567
   17778 8798 8799 8573
   17779 8799 8574 8573
   17780 8790 8791 8565
   17781 8775 8549 8774
   17782 8548 8774 8549
   17783 8777 8552 8551
   17784 8777 8778 8552
   17785 8779 8553 8778
   17786 8791 8792 8566
   17787 8567 8792 8793
   17788 8798 8573 8572
   17789 8798 8572 8797
   17790 8793 8568 8567
   17791 8550 8775 8776
   17792 8775 8550 8549
   17793 8776 8551 8550
   17794 8776 8777 8551
   17795 8794 8569 8568
   17796 8571 8796 8797
   17797 8797 8572 8571
   17798 8794 8568 8793
   17799 8569 8794 8795
   17800 8570 8796 8571
   17801 8795 8796 8570
   17802 8570 8569 8795
   17803 9005 8449 9004
   17804 8449 9005 8674
   17805 9005 9006 8674
   17806 8674 9006 9007
   17807 8674 9007 9008
   17808 9008 9009 8674
   17809 9010 8675 8674
   17810 9009 9010 8674
   17811 9011 8675 9010
   17812 9595 8898 9594
   17813 8898 9593 9594
   17814 8897 9589 9590
   17815 9593 8898 9592
   17816 8898 9591 9592
   17817 9727 9186 9187
   17818 9727 9185 9186
   17819 9727 9187 9188
   17820 9727 9184 9185
   17821 9727 9183 9184
   17822 9729 9123 9124
   17823 9729 9122 9123
   17824 9729 9124 9125
   17825 9729 9125 9126
   17826 9729 9126 9127
   17827 9731 9013 9014
   17828 8675 9731 8676
   17829 9731 9014 9015
   17830 9731 9012 9013
   17831 9011 9731 8675
   17832 9731 9011 9012
   17833 9732 9016 9017
   17834 9732 8676 9731
   17835 8676 9732 8677
   17836 9015 9732 9731
   17837 9732 9015 9016
   17838 8678 9735 8679
   17839 9735 9022 9023
   17840 9735 9023 9024
   17841 9736 9238 9239
   17842 9737 9025 9026
   17843 9738 9359 9360
   17844 9738 9360 9361
   17845 9740 9586 9587
   17846 8896 9740 8897
   17847 9740 9585 9586
   17848 9740 9587 9588
   17849 8897 9740 9589
   17850 9740 9588 9589
   17851 9742 9583 9584
   17852 9742 9582 9583
   17853 9742 9584 9585
   17854 9742 9585 9740
   17855 8896 9742 9740
   17856 8895 9742 8896
   17857 9743 9033 9034
   17858 9743 9034 9035
   17859 9743 9032 9033
   17860 9745 9578 9579
   17861 9745 9579 9580
   17862 9745 9580 9581
   17863 9750 9248 9249
   17864 9750 9249 9250
   17865 9750 9250 9251
   17866 9751 9050 9051
   17867 9751 9049 9050
   17868 9751 9048 9049
   17869 9752 9345 9346
   17870 9752 9344 9345
   17871 9752 9346 9347
   17872 9752 9343 9344
   17873 9752 9347 9348
   17874 9754 9562 9563
   17875 9754 9563 9564
   17876 9754 9561 9562
   17877 9754 9564 9565
   17878 9754 9560 9561
   17879 9758 9553 9554
   17880 9758 9554 9555
   17881 9758 9555 9556
   17882 9758 9556 9557
   17883 9758 9557 9558
   17884 9760 9274 9275
   17885 9760 9275 9276
   17886 9760 9276 9277
   17887 9760 9277 9278
   17888 9762 9489 9490
   17889 9762 9490 9491
   17890 9762 9491 9492
   17891 9762 9492 9493
   17892 9762 9493 9494
   17893 9766 9314 9315
   17894 9766 9315 9316
   17895 9766 9313 9314
   17896 9766 9312 9313
   17897 9766 9311 9312
   17898 9767 9285 9286
   17899 9767 9286 9287
   17900 9767 9284 9285
   17901 9767 9283 9284
   17902 9767 9282 9283
   17903 9767 9281 9282
   17904 9768 9305 9306
   17905 9768 9306 9307
   17906 9768 9307 9308
   17907 9769 9294 9295
   17908 9769 9293 9294
   17909 9769 9292 9293
   17910 9769 9291 9292
   17911 9771 9302 9303
   17912 9771 9303 9304
   17913 9773 9297 9299
   17914 9773 9296 9297
   17915 9774 9300 9302
   17916 9776 9301 9300
   17917 9777 9298 9301
   17918 9777 9301 9776
   17919 9779 9162 9163
   17920 9779 9163 9164
   17921 9779 9164 9165
   17922 9779 9165 9166
   17923 9779 9166 9167
   17924 9780 9176 9177
   17925 9780 9175 9176
   17926 9780 9174 9175
   17927 9780 9173 9174
   17928 9780 9172 9173
   17929 9780 9171 9172
   17930 9780 9170 9171
   17931 9780 9169 9170
   17932 9782 9435 9436
   17933 9782 9434 9435
   17934 9782 9433 9434
   17935 9782 9432 9433
   17936 9782 9431 9432
   17937 9782 9430 9431
   17938 9784 9144 9145
   17939 9784 9143 9144
   17940 9784 9145 9146
   17941 9784 9142 9143
   17942 9784 9146 9147
   17943 9784 9141 9142
   17944 9784 9140 9141
   17945 9784 9139 9140
   17946 9787 9452 9453
   17947 9787 9453 9454
   17948 9787 9454 9455
   17949 9787 9455 9456
   17950 9792 9409 9410
   17951 9794 9405 9406
   17952 9794 9406 9407
   17953 9797 9133 9134
   17954 9797 9132 9133
   17955 9797 9131 9132
   17956 9797 9130 9131
   17957 9797 9129 9130
   17958 9797 9128 9129
   17959 9800 8677 9732
   17960 8677 9800 8678
   17961 9801 9366 9367
   17962 9801 9365 9366
   17963 9801 9364 9365
   17964 9801 9363 9364
   17965 9804 9231 9232
   17966 9804 9232 9233
   17967 9805 9019 9020
   17968 9805 8678 9800
   17969 8678 9805 9735
   17970 9805 9020 9021
   17971 8679 9808 8680
   17972 9808 8679 9735
   17973 9810 9733 9802
   17974 9810 9362 9363
   17975 9361 9810 9738
   17976 9810 9361 9362
   17977 9814 9228 9229
   17978 9734 9815 9804
   17979 8681 9816 8682
   17980 9818 9242 9243
   17981 9818 9241 9242
   17982 9818 9240 9241
   17983 9744 9820 9818
   17984 9820 9240 9818
   17985 9736 9820 9806
   17986 8893 9821 8894
   17987 8895 9822 9742
   17988 8894 9822 8895
   17989 9822 8894 9821
   17990 9745 9822 9821
   17991 9824 9044 9045
   17992 9824 9045 9046
   17993 9824 9043 9044
   17994 9824 9042 9043
   17995 9824 9041 9042
   17996 9824 9040 9041
   17997 9824 9039 9040
   17998 9826 9355 9356
   17999 9826 9354 9355
   18000 9826 9356 9357
   18001 9826 9353 9354
   18002 9826 9352 9353
   18003 9827 9738 9809
   18004 9827 9357 9358
   18005 9827 9358 9359
   18006 9827 9359 9738
   18007 9829 9373 9374
   18008 9829 9374 9375
   18009 9831 9224 9225
   18010 9741 9833 9814
   18011 9834 9571 9572
   18012 9834 9570 9571
   18013 9834 9572 9573
   18014 9834 9573 9574
   18015 8891 9835 8892
   18016 9836 9575 9576
   18017 9836 9576 9577
   18018 9836 9577 9578
   18019 9744 9838 9819
   18020 9841 9351 9352
   18021 9841 9350 9351
   18022 9842 9378 9379
   18023 9842 9377 9378
   18024 9842 9379 9380
   18025 9846 9567 9568
   18026 9846 9566 9567
   18027 9848 9218 9219
   18028 9848 9217 9218
   18029 9848 9216 9217
   18030 9848 9215 9216
   18031 9848 9214 9215
   18032 9852 9066 9067
   18033 9852 9065 9066
   18034 9852 9064 9065
   18035 9852 9063 9064
   18036 9852 9062 9063
   18037 9854 9331 9332
   18038 9854 9330 9331
   18039 9854 9332 9333
   18040 9854 9329 9330
   18041 9854 9333 9334
   18042 9854 9328 9329
   18043 9854 9334 9335
   18044 9855 9338 9339
   18045 9855 9339 9340
   18046 9855 9340 9341
   18047 9855 9341 9342
   18048 9857 9197 9198
   18049 9857 9198 9199
   18050 9857 9199 9200
   18051 9857 9200 9201
   18052 9857 9201 9202
   18053 9859 9192 9193
   18054 9859 9191 9192
   18055 9859 9190 9191
   18056 9865 9540 9541
   18057 9865 9539 9540
   18058 9865 9541 9542
   18059 9865 9538 9539
   18060 9865 9542 9543
   18061 9867 9547 9548
   18062 9867 9548 9549
   18063 9867 9549 9550
   18064 9867 9550 9551
   18065 9868 9081 9082
   18066 9868 9080 9081
   18067 9868 9082 9083
   18068 9868 9079 9080
   18069 9868 9083 9084
   18070 9868 9084 9085
   18071 9873 9323 9324
   18072 9873 9322 9323
   18073 9873 9324 9325
   18074 9873 9321 9322
   18075 9873 9320 9321
   18076 9873 9319 9320
   18077 9877 9525 9526
   18078 9877 9524 9525
   18079 9764 9878 9865
   18080 9880 9508 9509
   18081 9880 9509 9510
   18082 9880 9510 9511
   18083 9880 9511 9512
   18084 9880 9512 9513
   18085 9888 9298 9777
   18086 9888 9299 9298
   18087 8719 9891 9889
   18088 8718 9891 8719
   18089 8850 9892 8851
   18090 8850 9894 9892
   18091 9897 9783 9895
   18092 9723 9899 9898
   18093 9785 9900 9898
   18094 9905 9726 9786
   18095 9905 9786 10284
   18096 8727 9908 8728
   18097 8726 9908 8727
   18098 9789 9909 9908
   18099 9909 8728 9908
   18100 9910 9789 9908
   18101 8843 9913 8844
   18102 9914 8844 9913
   18103 9915 9416 9417
   18104 9915 9417 9418
   18105 9915 9415 9416
   18106 9915 9418 9419
   18107 9915 9414 9415
   18108 9915 9413 9414
   18109 9915 9412 9413
   18110 9916 9781 9894
   18111 9919 9424 9425
   18112 9919 9423 9424
   18113 9919 9425 9426
   18114 9919 9422 9423
   18115 9919 9421 9422
   18116 9919 9420 9421
   18117 9922 9791 9795
   18118 9798 9931 9930
   18119 9931 8863 9930
   18120 9934 9799 9933
   18121 9934 9726 9932
   18122 9799 9934 9932
   18123 9935 9464 9465
   18124 9935 9463 9464
   18125 9935 9465 9466
   18126 9935 9462 9463
   18127 9935 9461 9462
   18128 9935 9460 9461
   18129 9935 9459 9460
   18130 9937 8815 9936
   18131 8815 9937 8816
   18132 9803 9939 9938
   18133 9939 8755 9938
   18134 8755 9939 8756
   18135 8755 9940 9938
   18136 8754 9940 8755
   18137 9806 9942 9941
   18138 8758 9942 8759
   18139 9943 9235 9236
   18140 9943 9234 9235
   18141 9943 9236 9237
   18142 9943 9237 9238
   18143 9943 9238 9736
   18144 9809 9945 9944
   18145 9946 8812 9945
   18146 8812 9946 8813
   18147 9811 9948 9947
   18148 9948 8819 9947
   18149 8819 9948 8820
   18150 8819 9949 9947
   18151 8818 9949 8819
   18152 9733 9950 9812
   18153 9950 9733 9801
   18154 9950 9368 9369
   18155 9951 9733 9812
   18156 9733 9951 9802
   18157 8751 9952 8752
   18158 9953 8752 9952
   18159 8751 9954 9952
   18160 8750 9954 8751
   18161 9955 9804 9815
   18162 9741 9955 9815
   18163 9955 9741 9814
   18164 9229 9955 9814
   18165 9955 9229 9230
   18166 8681 9956 9816
   18167 9816 9956 9817
   18168 9956 8680 9808
   18169 8680 9956 8681
   18170 9737 9956 9808
   18171 9957 9029 9030
   18172 9957 9028 9029
   18173 9957 9030 9031
   18174 9957 9027 9028
   18175 9819 9959 9958
   18176 9959 8762 9958
   18177 8762 9959 8763
   18178 9960 9819 9958
   18179 8684 9961 8685
   18180 8683 9962 8684
   18181 8684 9962 9961
   18182 9962 9823 9961
   18183 9963 9823 9962
   18184 8683 9963 9962
   18185 9963 8682 9816
   18186 8682 9963 8683
   18187 9965 8808 9964
   18188 8808 9965 8809
   18189 9966 9746 9827
   18190 9746 9966 9825
   18191 9809 9966 9827
   18192 8823 9967 8824
   18193 9968 8824 9967
   18194 8821 9969 8822
   18195 8823 9969 9967
   18196 8822 9969 8823
   18197 9970 9747 9830
   18198 9971 9371 9372
   18199 8746 9972 8747
   18200 9832 9973 9972
   18201 9973 8747 9972
   18202 9748 9974 9832
   18203 9748 9975 9974
   18204 9975 9833 9974
   18205 9749 9976 9835
   18206 9976 8892 9835
   18207 8892 9976 8893
   18208 9821 9976 9836
   18209 8893 9976 9821
   18210 8764 9977 8765
   18211 9978 8765 9977
   18212 8765 9978 8766
   18213 9979 9244 9245
   18214 9979 9243 9244
   18215 9979 9245 9246
   18216 9979 9246 9247
   18217 8686 10146 8687
   18218 9980 8687 10146
   18219 8687 9980 8688
   18220 9840 9982 9981
   18221 8804 9982 8805
   18222 8827 9984 8828
   18223 9843 9985 9984
   18224 9985 8828 9984
   18225 8828 9985 8829
   18226 8827 9986 9984
   18227 8887 9989 8888
   18228 8889 9990 8890
   18229 9845 9990 9989
   18230 9990 8888 9989
   18231 8888 9990 8889
   18232 8768 9993 8769
   18233 8767 9994 8768
   18234 8768 9994 9993
   18235 8742 9996 8743
   18236 9997 8743 9996
   18237 8743 9997 8744
   18238 8742 9998 9996
   18239 8741 9998 8742
   18240 9755 10000 9849
   18241 8691 10001 8692
   18242 10002 8692 10001
   18243 8689 10003 8690
   18244 8691 10003 10001
   18245 8690 10003 8691
   18246 10004 9058 9059
   18247 10004 9057 9058
   18248 10004 9056 9057
   18249 10004 9059 9060
   18250 10004 9055 9056
   18251 10004 9054 9055
   18252 10006 8801 10005
   18253 8801 10006 8802
   18254 8885 10007 8886
   18255 8884 10007 8885
   18256 8886 10008 8887
   18257 10008 8886 10007
   18258 10010 8735 10009
   18259 10011 9759 9858
   18260 9860 10016 10015
   18261 10017 9206 9207
   18262 10017 9207 9208
   18263 10017 9208 9209
   18264 10017 9205 9206
   18265 10017 9209 9210
   18266 10017 9210 9211
   18267 10019 8771 10018
   18268 8771 10019 8772
   18269 10020 9265 9266
   18270 10020 9264 9265
   18271 10020 9266 9267
   18272 10020 9263 9264
   18273 10020 9267 9268
   18274 10020 9268 9269
   18275 8832 10021 8833
   18276 10022 8833 10021
   18277 8833 10022 8834
   18278 10024 9753 10025
   18279 9753 10024 9987
   18280 10025 9386 9387
   18281 10025 9385 9386
   18282 10025 9387 9388
   18283 10025 9384 9385
   18284 10025 9383 9384
   18285 10025 9382 9383
   18286 10025 9381 9382
   18287 8868 10026 8869
   18288 10027 8869 10026
   18289 8868 10028 10026
   18290 8867 10028 8868
   18291 10031 8701 10030
   18292 8701 10031 8702
   18293 8701 10032 10030
   18294 8700 10032 8701
   18295 8882 10033 8883
   18296 10035 9866 10033
   18297 8882 10035 10033
   18298 8881 10035 8882
   18299 8695 10036 8696
   18300 9869 10037 10036
   18301 10037 8696 10036
   18302 10038 9073 9074
   18303 9756 10038 9870
   18304 10038 9072 9073
   18305 10038 9074 9075
   18306 10038 9075 9076
   18307 10038 9076 9077
   18308 10042 9092 9093
   18309 10042 9091 9092
   18310 10042 9090 9091
   18311 10042 9089 9090
   18312 10042 9088 9089
   18313 10042 9087 9088
   18314 10044 8797 10043
   18315 8797 10044 8798
   18316 10047 9757 10005
   18317 8774 10049 8775
   18318 10053 8777 10052
   18319 8777 10053 8778
   18320 8777 10054 10052
   18321 8776 10054 8777
   18322 8878 10056 8879
   18323 10057 8879 10056
   18324 8879 10057 8880
   18325 8878 10058 10056
   18326 8877 10058 8878
   18327 9879 10061 10060
   18328 10061 8874 10060
   18329 10065 9770 9882
   18330 10066 9772 9882
   18331 10068 9774 9883
   18332 9776 10068 9886
   18333 8790 10069 8791
   18334 8788 10070 8789
   18335 9883 10070 10068
   18336 8780 10071 8781
   18337 8780 10072 10071
   18338 8779 10072 8780
   18339 8786 10073 8787
   18340 10074 8787 10073
   18341 9886 10074 10073
   18342 10075 9776 9886
   18343 9776 10075 9777
   18344 10075 9886 10073
   18345 10078 8719 9889
   18346 8719 10078 8720
   18347 10078 9889 9890
   18348 8720 10079 8721
   18349 10079 8720 10078
   18350 9890 10079 10078
   18351 9889 10080 9890
   18352 8716 10081 8717
   18353 8718 10081 9891
   18354 8717 10081 8718
   18355 10082 9889 9891
   18356 10082 9778 10080
   18357 9889 10082 10080
   18358 10083 8851 9892
   18359 8851 10083 8852
   18360 10083 9892 9893
   18361 8852 10084 8853
   18362 10084 8852 10083
   18363 9893 10084 10083
   18364 9892 10085 9893
   18365 8848 10086 8849
   18366 8850 10086 9894
   18367 8849 10086 8850
   18368 8713 10087 8714
   18369 10087 9895 9896
   18370 8714 10088 8715
   18371 10088 8714 10087
   18372 9896 10088 10087
   18373 9895 10089 9896
   18374 9783 10089 9895
   18375 8710 10090 8711
   18376 8711 10090 8712
   18377 9895 10091 9897
   18378 8712 10091 8713
   18379 8713 10091 10087
   18380 10091 9895 10087
   18381 10091 8712 10090
   18382 9897 10091 10090
   18383 10092 9778 10082
   18384 10093 9149 9150
   18385 8857 10095 8858
   18386 10095 9902 9903
   18387 8858 10096 8859
   18388 10096 8858 10095
   18389 9903 10096 10095
   18390 9902 10097 9903
   18391 9786 10097 9902
   18392 8854 10098 8855
   18393 8855 10098 8856
   18394 8856 10099 8857
   18395 8857 10099 10095
   18396 10099 9902 10095
   18397 10099 8856 10098
   18398 10100 9443 9444
   18399 10100 9444 9445
   18400 10100 9442 9443
   18401 10100 9445 9446
   18402 10100 9441 9442
   18403 10100 9446 9447
   18404 10101 9893 10085
   18405 9781 10101 10085
   18406 10101 9781 9907
   18407 8729 10102 8730
   18408 10102 8728 9909
   18409 8728 10102 8729
   18410 8724 10103 8725
   18411 8725 10103 8726
   18412 9778 10104 10080
   18413 8841 10105 8842
   18414 8843 10105 9913
   18415 8842 10105 8843
   18416 9913 10106 9914
   18417 8845 10107 8846
   18418 10107 8844 9914
   18419 8844 10107 8845
   18420 10108 9914 10106
   18421 9791 10108 10106
   18422 10108 9791 9918
   18423 10109 9400 9401
   18424 10109 9399 9400
   18425 10109 9398 9399
   18426 10109 9397 9398
   18427 10111 9404 9405
   18428 10111 9405 9794
   18429 8838 10113 8839
   18430 8838 10114 10113
   18431 8837 10114 8838
   18432 8840 10115 8841
   18433 8841 10115 10105
   18434 9923 10115 10113
   18435 10115 8839 10113
   18436 8839 10115 8840
   18437 8708 10116 8709
   18438 9924 10117 9925
   18439 10118 9924 9925
   18440 8707 10118 8708
   18441 8708 10118 10116
   18442 10118 9925 10116
   18443 8705 10119 8706
   18444 10120 9796 10117
   18445 9924 10121 9926
   18446 8706 10121 8707
   18447 8707 10121 10118
   18448 10121 9924 10118
   18449 10121 8706 10119
   18450 9926 10121 10119
   18451 10122 9796 10120
   18452 10123 9111 9112
   18453 10123 9110 9111
   18454 10123 9112 9113
   18455 10123 9109 9110
   18456 10123 9108 9109
   18457 10123 9113 9114
   18458 10123 9107 9108
   18459 10123 9114 9115
   18460 10124 9925 10117
   18461 9796 10124 10117
   18462 8861 10125 8862
   18463 8864 10126 8865
   18464 10126 8863 9931
   18465 8863 10126 8864
   18466 9933 10127 9934
   18467 9798 10127 9933
   18468 8815 10128 9936
   18469 8814 10128 8815
   18470 8816 10129 8817
   18471 10129 8816 9937
   18472 8756 10130 8757
   18473 10130 8756 9939
   18474 10131 9734 9807
   18475 9734 10131 9803
   18476 9806 10131 9807
   18477 10131 9806 9941
   18478 8754 10132 9940
   18479 8753 10132 8754
   18480 9734 10133 9815
   18481 10133 9734 9803
   18482 8757 10134 8758
   18483 10134 8757 10130
   18484 9941 10134 10131
   18485 10134 10130 10131
   18486 8759 10135 8760
   18487 10135 8759 9942
   18488 8811 10136 9944
   18489 8810 10136 8811
   18490 10137 9738 9810
   18491 9738 10137 9809
   18492 9802 10137 9810
   18493 10138 8820 9948
   18494 8820 10138 8821
   18495 8818 10139 9949
   18496 8817 10139 8818
   18497 9812 10140 9951
   18498 9739 10140 9812
   18499 10140 9739 9811
   18500 10141 9952 9954
   18501 8750 10142 9954
   18502 8749 10142 8750
   18503 10143 9837 9977
   18504 10143 9819 9838
   18505 8761 10144 9960
   18506 8760 10144 8761
   18507 10144 8760 10135
   18508 9744 10145 9820
   18509 10135 10145 10144
   18510 10145 9806 9820
   18511 9823 10146 9961
   18512 10146 8685 9961
   18513 8685 10146 8686
   18514 9816 10147 9963
   18515 9743 10148 10147
   18516 8808 10149 9964
   18517 8807 10149 8808
   18518 8810 10150 10136
   18519 8809 10150 8810
   18520 10150 8809 9965
   18521 10150 9965 9966
   18522 10150 9966 10136
   18523 10151 8821 10138
   18524 8821 10151 9969
   18525 9747 10152 9830
   18526 10152 9747 9828
   18527 10152 9739 9830
   18528 10153 9739 9812
   18529 10153 9370 9371
   18530 10153 9371 9971
   18531 8746 10154 9972
   18532 8745 10154 8746
   18533 8748 10155 8749
   18534 10155 8747 9973
   18535 8747 10155 8748
   18536 10156 9832 9974
   18537 9832 10156 9973
   18538 9974 10157 10156
   18539 9833 10157 9974
   18540 10158 9226 9227
   18541 10158 9227 9228
   18542 10158 9228 9814
   18543 10158 9814 9833
   18544 10158 9833 9975
   18545 8689 10159 10003
   18546 8688 10159 8689
   18547 10159 8688 9980
   18548 8803 10160 8804
   18549 8805 10161 8806
   18550 10161 8805 9982
   18551 8806 10162 8807
   18552 10162 8806 10161
   18553 8807 10162 10149
   18554 8825 10163 8826
   18555 8826 10163 8827
   18556 9845 10166 9991
   18557 10166 9845 9989
   18558 9856 10166 10008
   18559 10166 9856 9991
   18560 9846 10167 9992
   18561 10167 8890 9990
   18562 8891 10167 9835
   18563 8890 10167 8891
   18564 8769 10168 8770
   18565 10168 8769 9993
   18566 9993 10169 10168
   18567 9861 10169 9862
   18568 8767 10170 9994
   18569 8766 10170 8767
   18570 10170 8766 9978
   18571 10171 9850 9999
   18572 10171 9222 9223
   18573 10171 9221 9222
   18574 9748 10172 9850
   18575 10172 9748 9832
   18576 8693 10173 8694
   18577 10173 8692 10002
   18578 8692 10173 8693
   18579 8801 10174 10005
   18580 8800 10174 8801
   18581 8733 10176 8734
   18582 8735 10176 10009
   18583 8734 10176 8735
   18584 8736 10177 8737
   18585 10177 8735 10010
   18586 8735 10177 8736
   18587 10178 9789 10012
   18588 10181 10015 10016
   18589 8771 10182 10018
   18590 8770 10182 8771
   18591 10182 8770 10168
   18592 10183 8834 10022
   18593 8834 10183 8835
   18594 8870 10184 8871
   18595 10184 8869 10027
   18596 8869 10184 8870
   18597 10185 10026 10028
   18598 8867 10186 10028
   18599 8866 10186 8867
   18600 10188 9480 9481
   18601 10188 9481 9482
   18602 10188 9482 9483
   18603 10188 9479 9480
   18604 10188 9478 9479
   18605 10188 9477 9478
   18606 10188 9476 9477
   18607 10190 8702 10031
   18608 8702 10190 8703
   18609 8698 10191 8699
   18610 8700 10191 10032
   18611 8699 10191 8700
   18612 9869 10192 10037
   18613 8797 10194 10043
   18614 8796 10194 8797
   18615 8798 10195 8799
   18616 10195 8798 10044
   18617 10195 10044 10046
   18618 8799 10196 8800
   18619 8800 10196 10174
   18620 10196 8799 10195
   18621 10196 10005 10174
   18622 8773 10197 8774
   18623 8772 10198 8773
   18624 8773 10198 10197
   18625 10198 8772 10019
   18626 10198 10019 10050
   18627 10198 10048 10197
   18628 8793 10199 10051
   18629 8792 10199 8793
   18630 8794 8793 10051
   18631 10054 10200 10055
   18632 8776 10200 10054
   18633 8775 10200 8776
   18634 10200 8775 10049
   18635 10200 10049 10055
   18636 10201 8880 10057
   18637 8881 10201 10035
   18638 8880 10201 8881
   18639 9770 10202 9882
   18640 10203 9533 9534
   18641 10203 9532 9533
   18642 10203 9534 9535
   18643 10203 9531 9532
   18644 10203 9535 9536
   18645 10203 9530 9531
   18646 8872 10204 8873
   18647 8875 10205 8876
   18648 10205 8874 10061
   18649 8874 10205 8875
   18650 10206 9500 9501
   18651 10206 9499 9500
   18652 10206 9501 9502
   18653 10206 9498 9499
   18654 10206 9502 9503
   18655 10206 9497 9498
   18656 10206 9496 9497
   18657 10207 9518 9519
   18658 10207 9519 9520
   18659 10207 9517 9518
   18660 10207 9516 9517
   18661 10207 9520 9521
   18662 10207 9521 9522
   18663 8781 10208 8782
   18664 10208 8781 10071
   18665 8779 10209 10072
   18666 8778 10209 8779
   18667 10209 8778 10053
   18668 8786 10210 10073
   18669 8785 10210 8786
   18670 10211 8787 10074
   18671 8787 10211 8788
   18672 8788 10211 10070
   18673 9886 10211 10074
   18674 9777 10212 9888
   18675 10213 8784 10077
   18676 8784 10213 8785
   18677 8785 10213 10210
   18678 10213 9887 10210
   18679 9887 10213 10077
   18680 10214 8715 10088
   18681 8715 10214 8716
   18682 9928 10215 9929
   18683 10216 9891 10081
   18684 10082 10216 10092
   18685 9891 10216 10082
   18686 9786 10219 10097
   18687 10219 9934 10127
   18688 10219 9726 9934
   18689 9726 10219 9786
   18690 8854 10220 10098
   18691 10220 8853 10084
   18692 8853 10220 8854
   18693 10221 9893 10101
   18694 10084 10221 10220
   18695 9893 10221 10084
   18696 8722 10222 8723
   18697 8724 10222 10103
   18698 8723 10222 8724
   18699 9890 10223 10079
   18700 10223 9890 10080
   18701 10223 10080 10104
   18702 10104 10224 10223
   18703 9912 10224 10104
   18704 10225 9913 10105
   18705 10225 10105 10115
   18706 9923 10225 10115
   18707 9795 10225 9923
   18708 10226 8846 10107
   18709 8846 10226 8847
   18710 8848 10226 10086
   18711 8847 10226 8848
   18712 10227 10086 10226
   18713 10228 9761 10110
   18714 10229 9392 9393
   18715 10229 9391 9392
   18716 10229 9393 9394
   18717 10229 9394 9395
   18718 10229 9395 9396
   18719 10230 9795 9923
   18720 9922 10230 10112
   18721 9795 10230 9922
   18722 9921 10231 10110
   18723 10232 9922 10112
   18724 9794 10232 10111
   18725 10232 9794 9920
   18726 10232 9728 9922
   18727 9728 10232 9920
   18728 8710 10233 10090
   18729 10233 8709 10116
   18730 8709 10233 8710
   18731 10120 10234 10122
   18732 8861 10235 10125
   18733 8860 10235 8861
   18734 10127 10236 10219
   18735 10236 9903 10097
   18736 10236 10097 10219
   18737 8753 10237 10132
   18738 10237 8752 9953
   18739 8752 10237 8753
   18740 9803 9938 10133
   18741 8814 10238 10128
   18742 8813 10238 8814
   18743 10238 8813 9946
   18744 10238 9802 9936
   18745 10238 9936 10128
   18746 8817 10239 10139
   18747 10239 8817 10129
   18748 9811 10240 10140
   18749 10240 9949 10139
   18750 10241 8763 9959
   18751 8763 10241 8764
   18752 9811 10242 9948
   18753 10138 10242 10151
   18754 9948 10242 10138
   18755 10242 9739 10152
   18756 9739 10242 9811
   18757 10243 9969 10151
   18758 10243 10151 10242
   18759 10152 10243 10242
   18760 8745 10244 10154
   18761 8744 10244 8745
   18762 10244 8744 9997
   18763 10245 9973 10156
   18764 9973 10245 10155
   18765 10245 10156 10157
   18766 10246 9813 10141
   18767 9833 10246 10157
   18768 10247 10157 10246
   18769 10247 8749 10155
   18770 8749 10247 10142
   18771 10247 10155 10245
   18772 10157 10247 10245
   18773 10296 9843 10024
   18774 8830 10250 8831
   18775 10250 9985 10249
   18776 10250 8829 9985
   18777 8829 10250 8830
   18778 8825 10251 10163
   18779 10251 8824 9968
   18780 8824 10251 8825
   18781 9986 10252 10164
   18782 10253 9869 10036
   18783 10254 9869 10253
   18784 10002 10255 10173
   18785 10256 8694 10173
   18786 10036 10256 10253
   18787 10256 10255 10253
   18788 8695 10256 10036
   18789 8694 10256 8695
   18790 10257 8802 10006
   18791 8803 10257 10160
   18792 8802 10257 8803
   18793 9909 10258 10102
   18794 8739 10259 8740
   18795 10259 10179 10180
   18796 8738 10259 8739
   18797 8737 10260 8738
   18798 8738 10260 10259
   18799 10260 10179 10259
   18800 10260 8737 10177
   18801 10262 9858 10181
   18802 9858 10262 10010
   18803 10010 10262 10177
   18804 10177 10262 10260
   18805 10263 8835 10183
   18806 8835 10263 8836
   18807 8837 10263 10114
   18808 8836 10263 8837
   18809 10264 10060 10204
   18810 9879 10264 10062
   18811 10264 9879 10060
   18812 8866 10265 10186
   18813 8865 10265 8866
   18814 10266 10028 10186
   18815 10028 10266 10185
   18816 10268 8703 10190
   18817 8703 10268 8704
   18818 8705 10268 10119
   18819 8704 10268 8705
   18820 10269 10037 10192
   18821 10269 8696 10037
   18822 8696 10269 8697
   18823 10270 10032 10191
   18824 10032 10270 10039
   18825 9871 10270 10041
   18826 10270 9871 10039
   18827 10271 9099 9100
   18828 10271 9098 9099
   18829 10271 9100 9101
   18830 10271 9101 9102
   18831 10271 9097 9098
   18832 10271 9102 9103
   18833 10271 9096 9097
   18834 10272 9875 10051
   18835 9875 10272 9884
   18836 8796 10273 10194
   18837 8795 10273 8796
   18838 9764 10274 9878
   18839 10274 9764 9866
   18840 10275 9876 10056
   18841 10275 10056 10058
   18842 10276 8876 10205
   18843 8877 10276 10058
   18844 8876 10276 8877
   18845 10277 8789 10070
   18846 8790 10277 10069
   18847 8789 10277 8790
   18848 9883 10277 10070
   18849 10277 9883 10069
   18850 8783 10278 10076
   18851 8782 10278 8783
   18852 10278 8782 10208
   18853 10071 10279 10208
   18854 10208 10279 10278
   18855 10279 9888 10212
   18856 10279 10076 10278
   18857 10076 10279 10212
   18858 10279 9775 9888
   18859 10280 9896 10089
   18860 10088 10280 10214
   18861 9896 10280 10088
   18862 10281 9897 10090
   18863 10281 10090 10233
   18864 10081 10282 10216
   18865 10282 8716 10214
   18866 8716 10282 10081
   18867 10283 9155 9156
   18868 10283 9154 9155
   18869 10283 9156 9157
   18870 10283 9157 9158
   18871 10283 9158 9159
   18872 10283 9159 9160
   18873 10284 10098 10220
   18874 10284 10220 10221
   18875 9910 10285 10224
   18876 10285 9910 10103
   18877 10285 10103 10222
   18878 10286 8721 10079
   18879 8721 10286 8722
   18880 10286 10079 10223
   18881 10222 10286 10285
   18882 8722 10286 10222
   18883 10287 9914 10108
   18884 10287 10108 10227
   18885 9914 10287 10107
   18886 10226 10287 10227
   18887 10107 10287 10226
   18888 9923 10289 10230
   18889 10289 9923 10113
   18890 10289 10113 10114
   18891 10290 9926 10119
   18892 10290 10119 10268
   18893 10031 10291 10190
   18894 10290 10120 9926
   18895 10292 10125 10235
   18896 10127 10292 10236
   18897 10292 9930 10125
   18898 9798 10292 10127
   18899 10292 9798 9930
   18900 10293 9940 10132
   18901 10294 9951 10140
   18902 10294 10140 10240
   18903 10129 10294 10239
   18904 9937 10294 10129
   18905 10294 9937 9951
   18906 10249 10296 10248
   18907 10249 10297 10250
   18908 10297 8831 10250
   18909 10021 10297 10248
   18910 10297 10249 10248
   18911 8832 10297 10021
   18912 8831 10297 8832
   18913 9968 10298 10251
   18914 10298 9968 10165
   18915 10253 10299 10254
   18916 10255 10299 10253
   18917 10001 10300 10002
   18918 10301 10102 10258
   18919 10301 8730 10102
   18920 8730 10301 8731
   18921 10180 10302 10259
   18922 10302 8740 10259
   18923 8741 10302 9998
   18924 8740 10302 8741
   18925 10180 10303 10261
   18926 10027 10304 10184
   18927 10304 10064 10264
   18928 9798 10305 9931
   18929 8865 10306 10265
   18930 10306 8865 10126
   18931 10266 10306 10267
   18932 8698 10307 10191
   18933 8697 10307 8698
   18934 10307 8697 10269
   18935 10191 10307 10270
   18936 10051 10324 10272
   18937 10324 10051 10199
   18938 10324 10069 10272
   18939 10057 10308 10201
   18940 10308 9876 10274
   18941 10205 10309 10276
   18942 10061 10309 10205
   18943 10310 9783 10094
   18944 9783 10310 10089
   18945 10310 10092 10216
   18946 10311 10022 10288
   18947 10022 10311 10183
   18948 10228 10312 10288
   18949 10112 10312 10231
   18950 10114 10327 10289
   18951 10327 10114 10263
   18952 8860 10313 10235
   18953 10313 8859 10096
   18954 8859 10313 8860
   18955 10313 9903 10236
   18956 9903 10313 10096
   18957 9953 10314 10237
   18958 9813 10314 9953
   18959 10315 9815 10133
   18960 10315 10133 10293
   18961 10315 10293 10314
   18962 9813 10315 10314
   18963 10315 9741 9815
   18964 9741 10315 9813
   18965 10244 10316 10295
   18966 9997 10316 10244
   18967 10317 10172 10295
   18968 10317 10295 10316
   18969 10318 9972 10154
   18970 10318 9832 9972
   18971 10172 10318 10295
   18972 9832 10318 10172
   18973 10024 10319 10296
   18974 10319 10288 10248
   18975 10319 10248 10296
   18976 10165 10320 10298
   18977 9988 10320 10165
   18978 9987 10320 9988
   18979 9756 10254 10299
   18980 10321 8731 10301
   18981 8731 10321 8732
   18982 8732 10321 8733
   18983 8871 10322 8872
   18984 8872 10322 10204
   18985 10322 8871 10184
   18986 10322 10184 10304
   18987 10323 9931 10305
   18988 9931 10323 10126
   18989 10126 10323 10306
   18990 10323 10267 10306
   18991 8791 10324 8792
   18992 10324 8791 10069
   18993 8792 10324 10199
   18994 10325 10202 10275
   18995 10325 10276 10309
   18996 10214 10326 10282
   18997 10326 10214 10280
   18998 9997 10328 10316
   18999 10316 10328 10317
   19000 9996 10328 9997
   19001 9849 10328 9996
   19002 10328 9849 10000
   19003 10328 10000 10317
   19004 10301 10329 10321
   19005 10258 10329 10301
   19006 10258 10330 10329
   19007 10178 10330 10258
   19008 10331 10009 10176
   19009 10331 8733 10321
   19010 8733 10331 10176
   19011 10332 10202 10325
   19012 10309 10332 10325
   19013 10332 9879 10066
   19014 10311 10333 10327
   19015 10333 10289 10327
   19016 10333 10230 10289
   19017 10112 10333 10312
   19018 10333 10112 10230
   19019 9858 10334 10011
   19020 10178 10334 10330
   19021 10011 10334 10178
   19022 9822 9582 9742
   19023 9581 9822 9745
   19024 9822 9581 9582
   19025 9035 10148 9743
   19026 9841 9349 9350
   19027 9278 10050 9760
   19028 9279 10050 9278
   19029 9773 9888 9775
   19030 9888 9773 9299
   19031 9912 9899 9723
   19032 10093 9148 9149
   19033 9911 10012 9789
   19034 10012 9911 9727
   19035 9407 9920 9794
   19036 9920 9407 9408
   19037 10122 9929 9796
   19038 9929 10122 9729
   19039 9127 9929 9729
   19040 9367 9950 9801
   19041 9950 9367 9368
   19042 9955 9231 9804
   19043 9231 9955 9230
   19044 9800 9019 9805
   19045 9019 9800 9018
   19046 9817 10147 9816
   19047 9746 9357 9827
   19048 9357 9746 9826
   19049 9971 9373 9829
   19050 9373 9971 9372
   19051 9741 10246 9833
   19052 10246 9741 9813
   19053 9565 9992 9754
   19054 10171 9220 9221
   19055 9999 10014 9848
   19056 10014 9999 9755
   19057 9862 10050 9861
   19058 10050 9862 9760
   19059 10040 9870 9868
   19060 9870 10040 9765
   19061 10062 10066 9879
   19062 10066 10062 9772
   19063 9774 9771 9884
   19064 9771 9774 9302
   19065 9894 10085 9892
   19066 10085 9894 9781
   19067 10218 9898 9899
   19068 9898 10218 9785
   19069 10225 10106 9913
   19070 9728 9793 9918
   19071 9799 10189 9933
   19072 9807 9234 9943
   19073 9234 9807 9233
   19074 10240 9947 9949
   19075 9947 10240 9811
   19076 10153 9369 9370
   19077 10141 9953 9952
   19078 9953 10141 9813
   19079 9967 10165 9968
   19080 10165 9967 9828
   19081 9830 10153 9971
   19082 10153 9830 9739
   19083 9818 9838 9744
   19084 10164 9984 9986
   19085 9984 10164 9843
   19086 9380 10023 9842
   19087 9381 10023 9380
   19088 10039 10030 10032
   19089 10030 10039 9864
   19090 9070 9756 9069
   19091 10192 9765 10041
   19092 10212 10077 10076
   19093 10077 10212 9887
   19094 9901 9900 9785
   19095 9440 9904 9439
   19096 10111 10231 9921
   19097 10231 10232 10112
   19098 10232 10231 10111
   19099 9960 9744 9819
   19100 9828 10243 10152
   19101 9981 10175 9840
   19102 9831 9850 10171
   19103 9223 9831 10171
   19104 9831 9223 9224
   19105 9999 9220 10171
   19106 10317 9850 10172
   19107 9850 10317 10000
   19108 10261 10302 10180
   19109 10302 10261 9998
   19110 9799 10029 10189
   19111 10029 9799 9730
   19112 9877 9523 9524
   19113 10094 9785 10218
   19114 9795 10106 10225
   19115 10106 9795 9791
   19116 10110 10109 9921
   19117 10246 10142 10247
   19118 10173 10255 10256
   19119 9909 10178 10258
   19120 10178 9909 9789
   19121 10262 10179 10260
   19122 10041 10269 10192
   19123 10307 10041 10270
   19124 10041 10307 10269
   19125 9884 9883 9774
   19126 10308 10035 10201
   19127 10325 10058 10276
   19128 10058 10325 10275
   19129 10071 9775 10279
   19130 10223 10285 10286
   19131 10285 10223 10224
   19132 10281 9925 10124
   19133 9864 10234 10291
   19134 10234 9864 9927
   19135 10132 10314 10293
   19136 10314 10132 10237
   19137 9849 10013 9755
   19138 10187 10189 10029
   19139 10266 10265 10306
   19140 10265 10266 10186
   19141 10326 10089 10310
   19142 10089 10326 10280
   19143 10327 10183 10311
   19144 10183 10327 10263
   19145 10236 10235 10313
   19146 10235 10236 10292
   19147 10154 10295 10318
   19148 10295 10154 10244
   19149 10299 10300 9756
   19150 10331 10329 10330
   19151 10329 10331 10321
   19152 10311 10312 10333
   19153 10312 10311 10288
   19154 10009 10330 10334
   19155 10330 10009 10331
   19156 10012 9190 9859
   19157 9190 10012 9189
   19158 9929 9128 9797
   19159 9128 9929 9127
   19160 10148 9036 9037
   19161 9036 10148 9035
   19162 9992 9566 9846
   19163 9566 9992 9565
   19164 9776 9774 10068
   19165 9774 9776 9300
   19166 9725 9135 9136
   19167 9841 9825 9983
   19168 9825 9841 9746
   19169 9757 9325 9326
   19170 9870 9077 9078
   19171 9077 9870 10038
   19172 9887 9777 10075
   19173 9777 9887 10212
   19174 9797 9928 9929
   19175 9979 9818 9243
   19176 9818 9979 9838
   19177 9752 9983 9840
   19178 9213 10014 9212
   19179 9290 10055 9289
   19180 10062 10063 9772
   19181 9529 10059 9528
   19182 10063 9505 9506
   19183 10067 9514 9515
   19184 10229 10110 9761
   19185 9095 10193 9094
   19186 10305 10267 10323
   19187 9188 10012 9727
   19188 10012 9188 9189
   19189 9017 9800 9732
   19190 9800 9017 9018
   19191 9805 9022 9735
   19192 9022 9805 9021
   19193 9991 9560 9754
   19194 9560 9991 9559
   19195 9310 10045 9309
   19196 9885 9295 9296
   19197 9904 9438 9439
   19198 9904 9437 9438
   19199 9751 9047 9048
   19200 9219 9999 9848
   19201 9999 9219 9220
   19202 9756 9068 9069
   19203 9327 9757 9326
   19204 9195 9759 9194
   19205 10319 10228 10288
   19206 10228 10319 9761
   19207 9878 9538 9865
   19208 9538 9878 9537
   19209 9764 9545 9546
   19210 9870 9079 9868
   19211 9079 9870 9078
   19212 9085 10040 9868
   19213 10040 9085 9086
   19214 10059 9527 9528
   19215 9507 10063 9506
   19216 9789 10224 9911
   19217 10224 9789 9910
   19218 9724 9427 9428
   19219 10215 10094 9783
   19220 9031 9817 9957
   19221 9817 9031 9032
   19222 9737 9027 9957
   19223 9027 9737 9026
   19224 10243 9967 9969
   19225 9967 10243 9828
   19226 9829 9830 9971
   19227 9830 9829 9970
   19228 10167 9845 9992
   19229 9845 10167 9990
   19230 9060 9853 10004
   19231 9853 9060 9061
   19232 9859 10178 10012
   19233 10178 9859 10011
   19234 9759 10181 9858
   19235 10030 10291 10031
   19236 10291 10030 9864
   19237 9071 9756 9070
   19238 9765 9871 10041
   19239 9871 9765 10040
   19240 9093 10193 10042
   19241 10193 9093 9094
   19242 10040 9087 10042
   19243 9087 10040 9086
   19244 9441 9904 9440
   19245 9921 9402 9403
   19246 9796 10215 10124
   19247 10215 9796 9929
   19248 9823 10147 10148
   19249 10147 9823 9963
   19250 9981 10257 10175
   19251 10257 9981 10160
   19252 9516 10067 9515
   19253 10101 9905 10221
   19254 9905 10101 9907
   19255 10141 10142 10246
   19256 10142 10141 9954
   19257 9756 9765 10254
   19258 9765 9756 9870
   19259 9866 10308 10274
   19260 10308 9866 10035
   19261 10228 10231 10312
   19262 10231 10228 10110
   19263 9749 9568 9569
   19264 9411 9792 9410
   19265 9916 9918 9793
   19266 10057 9876 10308
   19267 9876 10057 10056
   19268 10284 10221 9905
   19269 9106 9864 9105
   19270 9151 10093 9150
   19271 10320 10164 10252
   19272 10164 10320 9987
   19273 10064 10062 10264
   19274 10062 10064 9881
   19275 10045 9311 9766
   19276 9311 10045 9310
   19277 9450 9906 9449
   19278 10014 9214 9848
   19279 9214 10014 9213
   19280 9196 9759 9195
   19281 9764 9544 9545
   19282 10063 9508 9880
   19283 9508 10063 9507
   19284 9426 9724 9919
   19285 9724 9426 9427
   19286 9728 9791 9922
   19287 9791 9728 9918
   19288 9262 10020 9261
   19289 9401 9921 10109
   19290 9921 9401 9402
   19291 9793 9781 9916
   19292 9448 10100 9447
   19293 10111 9403 9404
   19294 9403 10111 9921
   19295 9847 9993 9994
   19296 10005 10196 10047
   19297 9862 9274 9760
   19298 9274 9862 9273
   19299 9451 9906 9450
   19300 9906 9452 9787
   19301 9452 9906 9451
   19302 9046 9751 9824
   19303 9751 9046 9047
   19304 9543 9764 9865
   19305 9764 9543 9544
   19306 9730 9468 9469
   19307 9857 10181 9759
   19308 9756 9072 10038
   19309 9072 9756 9071
   19310 9877 9522 9523
   19311 9783 10124 10215
   19312 9836 9745 9821
   19313 9745 9836 9578
   19314 10055 9288 9289
   19315 9851 10001 10003
   19316 9257 9847 9256
   19317 9730 9467 9468
   19318 9263 10020 9262
   19319 10016 10262 10181
   19320 10262 10016 10179
   19321 9877 9770 10065
   19322 10003 9853 9851
   19323 10026 9863 10027
   19324 9513 10067 9880
   19325 10067 9513 9514
   19326 9466 9730 9935
   19327 9730 9466 9467
   19328 10016 10013 10303
   19329 10013 10016 9860
   19330 9851 10300 10001
   19331 9591 8897 9590
   19332 8897 9591 8898
   19333 9749 9570 9834
   19334 9570 9749 9569
   19335 9790 10224 9912
   19336 10224 9790 9911
   19337 9943 9806 9807
   19338 9806 9943 9736
   19339 9945 8811 9944
   19340 8811 9945 8812
   19341 9958 8761 9960
   19342 8761 9958 8762
   19343 9964 9966 9965
   19344 9966 9964 9825
   19345 9975 9850 9831
   19346 9850 9975 9748
   19347 9755 9850 10000
   19348 9850 9755 9999
   19349 10018 10050 10019
   19350 10050 10018 9861
   19351 10248 10022 10021
   19352 10022 10248 10288
   19353 10007 10033 10034
   19354 10043 10046 10044
   19355 10046 10043 9872
   19356 10049 10197 10048
   19357 10197 10049 8774
   19358 10077 8783 10076
   19359 8783 10077 8784
   19360 10099 9786 9902
   19361 9908 10103 9910
   19362 10103 9908 8726
   19363 8863 10125 9930
   19364 10125 8863 8862
   19365 9942 10134 9941
   19366 10134 9942 8758
   19367 9966 9944 10136
   19368 9944 9966 9809
   19369 9977 10241 10143
   19370 10241 9977 8764
   19371 10135 9806 10145
   19372 9806 10135 9942
   19373 9982 10160 9981
   19374 10160 9982 8804
   19375 9825 10162 9983
   19376 9840 10161 9982
   19377 10024 10164 9987
   19378 10164 10024 9843
   19379 10165 9747 9988
   19380 9747 10165 9828
   19381 9989 10008 10166
   19382 10008 9989 8887
   19383 9861 10168 10169
   19384 10168 10018 10182
   19385 10018 10168 9861
   19386 10273 10043 10194
   19387 10043 10273 9872
   19388 8874 10204 10060
   19389 10204 8874 8873
   19390 9887 10073 10210
   19391 10073 9887 10075
   19392 10108 9916 10227
   19393 9916 10108 9918
   19394 10249 9843 10296
   19395 9843 10249 9985
   19396 10252 8827 10163
   19397 8827 10252 9986
   19398 10069 9884 10272
   19399 9884 10069 9883
   19400 10133 9940 10293
   19401 9940 10133 9938
   19402 10216 10326 10310
   19403 10326 10216 10282
   19404 10309 9879 10332
   19405 9879 10309 10061
   19406 9736 9240 9820
   19407 9240 9736 9239
   19408 9025 9735 9024
   19409 9737 9735 9025
   19410 9735 9737 9808
   19411 9771 9875 9884
   19412 9810 9801 9733
   19413 9801 9810 9363
   19414 9988 9970 9844
   19415 9970 9988 9747
   19416 9841 9826 9746
   19417 9826 9841 9352
   19418 9841 9348 9349
   19419 9970 9375 9376
   19420 9375 9970 9829
   19421 9842 9753 9844
   19422 9753 9842 10023
   19423 9845 9754 9992
   19424 9754 9845 9991
   19425 9342 9752 9840
   19426 9752 9342 9343
   19427 9872 9766 10046
   19428 9766 9872 10045
   19429 9880 9772 10063
   19430 9772 9880 10067
   19431 9937 9802 9951
   19432 9802 9937 9936
   19433 9946 9809 10137
   19434 9809 9946 9945
   19435 9987 9844 9753
   19436 9844 9987 9988
   19437 9559 9758 9558
   19438 10159 9853 10003
   19439 9853 10159 9839
   19440 10009 9858 10010
   19441 9858 10009 10334
   19442 10042 9871 10040
   19443 9871 10042 10193
   19444 10070 9886 10068
   19445 9886 10070 10211
   19446 10098 9786 10099
   19447 9786 10098 10284
   19448 10120 9924 9926
   19449 9924 10120 10117
   19450 10131 9939 9803
   19451 9939 10131 10130
   19452 10145 9960 10144
   19453 9960 10145 9744
   19454 10227 9894 10086
   19455 9894 10227 9916
   19456 10233 9925 10281
   19457 9925 10233 10116
   19458 10238 10137 9802
   19459 10137 10238 9946
   19460 10291 10268 10190
   19461 10268 10291 10290
   19462 10294 10139 10239
   19463 10139 10294 10240
   19464 10310 10218 10092
   19465 10218 10310 10094
   19466 10319 10025 9761
   19467 10025 10319 10024
   19468 10322 10264 10204
   19469 10264 10322 10304
   19470 10332 9882 10202
   19471 9882 10332 10066
   19472 9873 9318 9319
   19473 9844 9377 9842
   19474 9537 10203 9536
   19475 10203 9537 9878
   19476 9919 9793 9917
   19477 9793 9919 9724
   19478 9804 9807 9734
   19479 9807 9804 9233
   19480 9956 9957 9817
   19481 9957 9956 9737
   19482 9901 10217 9900
   19483 10217 9901 10093
   19484 9871 9763 10039
   19485 9763 9871 10193
   19486 9096 10193 9095
   19487 9727 9182 9183
   19488 9752 9841 9983
   19489 9841 9752 9348
   19490 9768 9304 9305
   19491 9780 9168 9169
   19492 9784 9901 9725
   19493 9135 9797 9134
   19494 9226 9831 9225
   19495 9844 9376 9377
   19496 9376 9844 9970
   19497 9855 9840 10175
   19498 9840 9855 9342
   19499 9194 9859 9193
   19500 9867 9546 9547
   19501 9437 9782 9436
   19502 9912 9778 9899
   19503 9778 9912 10104
   19504 9915 9411 9412
   19505 9728 9917 9793
   19506 9983 10161 9840
   19507 10161 9983 10162
   19508 10014 10013 9860
   19509 10013 10014 9755
   19510 10025 10023 9381
   19511 9389 10025 9388
   19512 10034 10008 10007
   19513 9309 9768 9308
   19514 10050 10048 10198
   19515 9291 10055 9290
   19516 10067 9882 9772
   19517 9882 10067 10065
   19518 10071 9885 9775
   19519 9885 10071 10072
   19520 10092 9899 9778
   19521 9899 10092 10218
   19522 10093 9147 9148
   19523 10143 9959 9819
   19524 9959 10143 10241
   19525 10153 9950 9369
   19526 9950 10153 9812
   19527 9397 10229 9396
   19528 10229 9390 9391
   19529 9390 10229 9761
   19530 10271 10193 9096
   19531 10193 10271 9763
   19532 9104 10271 9103
   19533 10281 9783 9897
   19534 9783 10281 10124
   19535 10303 9849 10261
   19536 9849 10303 10013
   19537 9991 9758 9559
   19538 9758 9991 9856
   19539 9855 9337 9338
   19540 9915 9792 9411
   19541 9792 9915 9917
   19542 10014 9211 9212
   19543 9859 9759 10011
   19544 9759 9859 9194
   19545 9904 9782 9437
   19546 9782 9904 9788
   19547 9317 9766 9316
   19548 9288 9767 9287
   19549 9779 9161 9162
   19550 9792 9408 9409
   19551 9408 9792 9920
   19552 9817 9743 10147
   19553 9743 9817 9032
   19554 9749 9846 9568
   19555 9854 9327 9328
   19556 9327 9854 9757
   19557 9763 9864 10039
   19558 9869 9765 10192
   19559 9765 9869 10254
   19560 9873 9757 10047
   19561 9757 9873 9325
   19562 9900 9723 9898
   19563 9935 9458 9459
   19564 10017 9860 10015
   19565 10045 9768 9309
   19566 9530 10059 9529
   19567 9881 10063 10062
   19568 10100 9904 9441
   19569 9904 10100 9906
   19570 10109 10229 9397
   19571 10229 10109 10110
   19572 10123 9106 9107
   19573 10006 10175 10257
   19574 10202 9876 10275
   19575 9876 10202 9770
   19576 9504 10206 9503
   19577 10261 9996 9998
   19578 9996 10261 9849
   19579 9762 9488 9489
   19580 9429 9724 9428
   19581 9885 9773 9775
   19582 9773 9885 9296
   19583 9867 9764 9546
   19584 9764 9867 9866
   19585 9907 9793 9724
   19586 9793 9907 9781
   19587 9729 9121 9122
   19588 9767 9280 9281
   19589 9784 9138 9139
   19590 9749 9836 9976
   19591 9857 9196 9197
   19592 9196 9857 9759
   19593 9905 9788 9726
   19594 9788 9905 9907
   19595 10015 9202 9203
   19596 10017 9204 9205
   19597 10094 9901 9785
   19598 9901 10094 10215
   19599 10188 9475 9476
   19600 10283 9153 9154
   19601 10290 10234 10120
   19602 10234 10290 10291
   19603 9906 9448 9449
   19604 9448 9906 10100
   19605 9254 9995 9253
   19606 9862 9272 9273
   19607 9980 9839 10159
   19608 10146 9839 9980
   19609 9052 9751 9051
   19610 9178 9780 9177
   19611 9782 9429 9430
   19612 9857 10015 10181
   19613 10015 9857 9202
   19614 9885 9769 9295
   19615 9837 9978 9977
   19616 9116 10123 9115
   19617 10189 9798 9933
   19618 9798 10189 10305
   19619 10207 10067 9516
   19620 10067 10207 10065
   19621 10207 9877 10065
   19622 9877 10207 9522
   19623 9853 9852 9851
   19624 10029 10188 10187
   19625 9470 9730 9469
   19626 9750 9995 9837
   19627 9838 9837 10143
   19628 9837 9838 9750
   19629 10180 10016 10303
   19630 10016 10180 10179
   19631 10185 9863 10026
   19632 9770 10274 9876
   19633 9248 9979 9247
   19634 10304 9863 10064
   19635 9863 10304 10027
   19636 9877 10059 9770
   19637 9484 10188 9483
   19638 10187 10305 10189
   19639 10072 10053 9885
   19640 10053 10072 10209
   19641 10300 10255 10002
   19642 10255 10300 10299
   19643 10033 8884 8883
   19644 8884 10033 10007
   19645 9873 9317 9318
   19646 9727 9181 9182
   19647 9771 9768 9875
   19648 9768 9771 9304
   19649 9912 9780 9790
   19650 10093 9784 9147
   19651 9784 10093 9901
   19652 9797 9725 9928
   19653 9725 9797 9135
   19654 10158 9831 9226
   19655 9831 10158 9975
   19656 9853 9062 9852
   19657 9062 9853 9061
   19658 9920 9917 9728
   19659 9917 9920 9792
   19660 9915 9919 9917
   19661 9787 9726 9906
   19662 9726 9787 9932
   19663 10025 9753 10023
   19664 9552 9867 9551
   19665 10034 9866 9867
   19666 9866 10034 10033
   19667 9280 10050 9279
   19668 10045 9875 9768
   19669 9769 10055 9291
   19670 10064 10206 9881
   19671 10017 10014 9860
   19672 10014 10017 9211
   19673 9723 9780 9912
   19674 9495 9762 9494
   19675 10034 9856 10008
   19676 9856 10034 9758
   19677 9766 10047 10046
   19678 9767 10055 9874
   19679 10055 9767 9288
   19680 9900 9779 9723
   19681 10167 9749 9835
   19682 9749 10167 9846
   19683 9788 9906 9726
   19684 9906 9788 9904
   19685 10203 10059 9530
   19686 10063 9504 9505
   19687 9927 10122 10234
   19688 10123 9864 9106
   19689 9864 10123 9927
   19690 10206 10063 9881
   19691 10063 10206 9504
   19692 10046 10196 10195
   19693 10196 10046 10047
   19694 9724 9788 9907
   19695 10217 9779 9900
   19696 10163 10320 10252
   19697 9729 9120 9121
   19698 9784 9137 9138
   19699 9834 9836 9749
   19700 9836 9574 9575
   19701 9574 9836 9834
   19702 9756 9067 9068
   19703 9756 9852 9067
   19704 10017 9203 9204
   19705 9203 10017 10015
   19706 10055 10048 9874
   19707 10048 10055 10049
   19708 10050 9874 10048
   19709 10188 9474 9475
   19710 10283 9152 9153
   19711 10187 10267 10305
   19712 9911 9179 9180
   19713 9862 9271 9272
   19714 9782 9724 9429
   19715 9724 9782 9788
   19716 10170 9837 9995
   19717 9837 10170 9978
   19718 9117 10123 9116
   19719 9471 9730 9470
   19720 9252 9750 9251
   19721 9258 9847 9257
   19722 9979 9750 9838
   19723 9750 9979 9248
   19724 9485 10188 9484
   19725 9751 9853 9839
   19726 9853 9751 10004
   19727 9873 9766 9317
   19728 9766 9873 10047
   19729 9180 9727 9911
   19730 9727 9180 9181
   19731 9389 9761 10025
   19732 9761 9389 9390
   19733 10055 10052 10054
   19734 10052 10055 9769
   19735 10271 9864 9763
   19736 9864 9104 9105
   19737 9104 9864 10271
   19738 9762 10206 10064
   19739 9867 9758 10034
   19740 9770 9878 10274
   19741 9770 10203 9878
   19742 10203 9770 10059
   19743 9762 9487 9488
   19744 9729 9119 9120
   19745 9784 9136 9137
   19746 9136 9784 9725
   19747 10020 9862 10169
   19748 10169 9847 10020
   19749 9847 10169 9993
   19750 9780 9911 9790
   19751 9911 9178 9179
   19752 9178 9911 9780
   19753 9118 10123 9117
   19754 9472 9730 9471
   19755 9253 9750 9252
   19756 9750 9253 9995
   19757 9486 10188 9485
   19758 9758 9552 9553
   19759 9552 9758 9867
   19760 10005 10175 10006
   19761 10093 10283 10217
   19762 9255 9995 9254
   19763 9847 10170 9995
   19764 10170 9847 9994
   19765 9473 9730 9472
   19766 9487 10188 9486
   19767 9995 9256 9847
   19768 9256 9995 9255
   19769 10123 10122 9927
   19770 9118 10122 10123
   19771 9474 9730 9473
   19772 9762 10188 9487
   19773 9730 10188 10029
   19774 10188 9730 9474
   19775 9259 9847 9258
   19776 9862 9270 9271
   19777 9038 10148 9037
   19778 10162 9964 10149
   19779 9964 10162 9825
   19780 9935 9932 9787
   19781 9260 9847 9259
   19782 10215 9725 9901
   19783 9725 10215 9928
   19784 9875 9872 10273
   19785 9872 9875 10045
   19786 10266 10187 10185
   19787 10187 10266 10267
   19788 9168 9779 9167
   19789 9935 9457 9458
   19790 9261 9847 9260
   19791 9847 9261 10020
   19792 9877 9527 10059
   19793 9527 9877 9526
   19794 10053 9769 9885
   19795 9769 10053 10052
   19796 10146 9751 9839
   19797 9751 10146 9824
   19798 9053 9751 9052
   19799 9419 9919 9915
   19800 9919 9419 9420
   19801 9496 9762 9495
   19802 9762 9496 10206
   19803 9855 9336 9337
   19804 9757 10175 10005
   19805 10175 9757 9854
   19806 10251 10320 10163
   19807 10320 10251 10298
   19808 9767 10050 9280
   19809 10050 9767 9874
   19810 9851 9756 10300
   19811 9756 9851 9852
   19812 9823 9824 10146
   19813 9729 9118 9119
   19814 9118 9729 10122
   19815 9152 10093 9151
   19816 10093 9152 10283
   19817 10148 9824 9823
   19818 10273 10051 9875
   19819 9935 9799 9932
   19820 9799 9935 9730
   19821 10283 9779 10217
   19822 9779 9160 9161
   19823 9160 9779 10283
   19824 9780 9779 9168
   19825 9779 9780 9723
   19826 9855 9335 9336
   19827 10064 10188 9762
   19828 9855 9854 9335
   19829 9854 9855 10175
   19830 10148 9039 9824
   19831 9039 10148 9038
   19832 9751 9054 10004
   19833 9054 9751 9053
   19834 9269 9862 10020
   19835 9862 9269 9270
   19836 9935 9456 9457
   19837 9456 9935 9787
   19838 10051 8795 8794
   19839 8795 10051 10273
   19840 10064 10187 10188
   19841 9863 10187 10064
   19842 10187 9863 10185
