10334  2  0  1
1 0.400455 -0.000003 0
2 0.424595 0.017509 0
3 0.416588 0.027117 0
4 0.405369 0.032579 0
5 0.392922 0.032205 0
6 0.382115 0.026009 0
7 0.374840 0.015854 0
8 0.371606 0.003757 0
9 0.372414 -0.008736 0
10 0.377282 -0.020270 0
11 0.386092 -0.029102 0
12 0.397873 -0.033117 0
13 0.410142 -0.031029 0
14 0.420235 -0.023671 0
15 0.426696 -0.012949 0
16 0.428844 -0.003769 0
17 0.428602 0.005657 0
18 0.438257 0.016307 0
19 0.432850 0.027624 0
20 0.424671 0.037147 0
21 0.414137 0.043924 0
22 0.402005 0.047011 0
23 0.389559 0.045759 0
24 0.378280 0.040296 0
25 0.369310 0.031549 0
26 0.363110 0.020643 0
27 0.359767 0.008535 0
28 0.359255 -0.003995 0
29 0.361563 -0.016335 0
30 0.366719 -0.027775 0
31 0.374700 -0.037428 0
32 0.385226 -0.044221 0
33 0.397419 -0.047076 0
34 0.409852 -0.045527 0
35 0.421078 -0.039990 0
36 0.430176 -0.031356 0
37 0.436626 -0.020581 0
38 0.440174 -0.008544 0
39 0.440826 -0.002282 0
40 0.440722 0.004014 0
41 0.454762 0.020664 0
42 0.450161 0.032361 0
43 0.443531 0.043074 0
44 0.435038 0.052338 0
45 0.424868 0.059742 0
46 0.413371 0.064795 0
47 0.401005 0.067064 0
48 0.388471 0.066242 0
49 0.376560 0.062335 0
50 0.365931 0.055675 0
51 0.357044 0.046813 0
52 0.350113 0.036346 0
53 0.345193 0.024798 0
54 0.342254 0.012572 0
55 0.341273 0.000057 0
56 0.342235 -0.012460 0
57 0.345155 -0.024690 0
58 0.350057 -0.036247 0
59 0.356969 -0.046727 0
60 0.365838 -0.055606 0
61 0.376450 -0.062289 0
62 0.388385 -0.066232 0
63 0.400912 -0.067077 0
64 0.413275 -0.064831 0
65 0.424775 -0.059803 0
66 0.434952 -0.052422 0
67 0.443457 -0.043178 0
68 0.450104 -0.032482 0
69 0.454724 -0.020797 0
70 0.457251 -0.008458 0
71 0.457739 -0.000070 0
72 0.457266 0.008319 0
73 0.468787 0.019039 0
74 0.465240 0.031111 0
75 0.459998 0.042564 0
76 0.453160 0.053103 0
77 0.444788 0.062524 0
78 0.435060 0.070495 0
79 0.424164 0.076728 0
80 0.412340 0.080934 0
81 0.399926 0.082828 0
82 0.387350 0.082207 0
83 0.375176 0.079029 0
84 0.363888 0.073456 0
85 0.353888 0.065827 0
86 0.345412 0.056556 0
87 0.338538 0.046022 0
88 0.333297 0.034574 0
89 0.329679 0.022548 0
90 0.327637 0.010112 0
91 0.327164 -0.002460 0
92 0.328243 -0.014988 0
93 0.330898 -0.027292 0
94 0.335148 -0.039134 0
95 0.341014 -0.050247 0
96 0.348512 -0.060329 0
97 0.357600 -0.069015 0
98 0.368141 -0.075895 0
99 0.379812 -0.080564 0
100 0.392198 -0.082760 0
101 0.404782 -0.082391 0
102 0.417037 -0.079562 0
103 0.428545 -0.074525 0
104 0.439035 -0.067559 0
105 0.448239 -0.058996 0
106 0.456036 -0.049085 0
107 0.462263 -0.038146 0
108 0.466839 -0.026434 0
109 0.469709 -0.014179 0
110 0.470758 -0.003830 0
111 0.470598 0.006570 0
112 0.479368 0.023312 0
113 0.475772 0.035362 0
114 0.470712 0.046891 0
115 0.464249 0.057700 0
116 0.456476 0.067587 0
117 0.447456 0.076389 0
118 0.437328 0.083872 0
119 0.426210 0.089833 0
120 0.414372 0.094013 0
121 0.402002 0.096230 0
122 0.389429 0.096311 0
123 0.377036 0.094176 0
124 0.365216 0.089879 0
125 0.354337 0.083617 0
126 0.344594 0.075625 0
127 0.336186 0.066238 0
128 0.329194 0.055790 0
129 0.323608 0.044517 0
130 0.319405 0.032633 0
131 0.316572 0.020368 0
132 0.315079 0.007847 0
133 0.314915 -0.004716 0
134 0.316068 -0.017225 0
135 0.318561 -0.029570 0
136 0.322402 -0.041533 0
137 0.327630 -0.052980 0
138 0.334260 -0.063660 0
139 0.342304 -0.073343 0
140 0.351688 -0.081702 0
141 0.362313 -0.088451 0
142 0.373929 -0.093280 0
143 0.386235 -0.095984 0
144 0.398801 -0.096465 0
145 0.411249 -0.094781 0
146 0.423248 -0.091084 0
147 0.434543 -0.085575 0
148 0.444916 -0.078483 0
149 0.454239 -0.070002 0
150 0.462361 -0.060360 0
151 0.469163 -0.049784 0
152 0.474597 -0.038420 0
153 0.478584 -0.026462 0
154 0.481073 -0.014103 0
155 0.482029 -0.001638 0
156 0.481469 0.010851 0
157 0.489990 0.021754 0
158 0.486924 0.033991 0
159 0.482529 0.045825 0
160 0.476840 0.057123 0
161 0.469956 0.067670 0
162 0.461899 0.077399 0
163 0.452811 0.086091 0
164 0.442738 0.093638 0
165 0.431807 0.099864 0
166 0.420168 0.104585 0
167 0.407934 0.107648 0
168 0.395434 0.108867 0
169 0.382874 0.108144 0
170 0.370576 0.105439 0
171 0.358879 0.100827 0
172 0.348007 0.094444 0
173 0.338211 0.086543 0
174 0.329587 0.077355 0
175 0.322220 0.067159 0
176 0.316096 0.056146 0
177 0.311220 0.044532 0
178 0.307565 0.032474 0
179 0.305106 0.020104 0
180 0.303824 0.007601 0
181 0.303701 -0.004971 0
182 0.304741 -0.017499 0
183 0.306953 -0.029917 0
184 0.310356 -0.042050 0
185 0.314974 -0.053768 0
186 0.320834 -0.064921 0
187 0.327932 -0.075293 0
188 0.336282 -0.084701 0
189 0.345847 -0.092903 0
190 0.356504 -0.099626 0
191 0.368065 -0.104634 0
192 0.380270 -0.107749 0
193 0.392788 -0.108886 0
194 0.405365 -0.108061 0
195 0.417670 -0.105371 0
196 0.429499 -0.100955 0
197 0.440601 -0.095011 0
198 0.450886 -0.087692 0
199 0.460217 -0.079173 0
200 0.468487 -0.069628 0
201 0.475607 -0.059218 0
202 0.481512 -0.048098 0
203 0.486149 -0.036404 0
204 0.489477 -0.024268 0
205 0.491460 -0.011810 0
206 0.492059 -0.001292 0
207 0.491695 0.009238 0
208 0.500538 0.013678 0
209 0.498529 0.026181 0
210 0.495278 0.038409 0
211 0.490843 0.050188 0
212 0.485264 0.061442 0
213 0.478578 0.072088 0
214 0.470830 0.082025 0
215 0.462070 0.091138 0
216 0.452433 0.099240 0
217 0.441935 0.106257 0
218 0.430751 0.112001 0
219 0.418930 0.116366 0
220 0.406686 0.119184 0
221 0.394175 0.120337 0
222 0.381628 0.119730 0
223 0.369270 0.117319 0
224 0.357417 0.113151 0
225 0.346276 0.107334 0
226 0.336009 0.100017 0
227 0.326811 0.091458 0
228 0.318704 0.081824 0
229 0.311751 0.071362 0
230 0.305928 0.060221 0
231 0.301210 0.048533 0
232 0.297593 0.036467 0
233 0.295054 0.024134 0
234 0.293570 0.011631 0
235 0.293127 -0.000955 0
236 0.293727 -0.013533 0
237 0.295370 -0.026016 0
238 0.298069 -0.038315 0
239 0.301851 -0.050330 0
240 0.306737 -0.061950 0
241 0.312733 -0.073003 0
242 0.319864 -0.083356 0
243 0.328153 -0.092854 0
244 0.337536 -0.101248 0
245 0.347939 -0.108339 0
246 0.359200 -0.113910 0
247 0.371153 -0.117815 0
248 0.383587 -0.119950 0
249 0.396180 -0.120276 0
250 0.408703 -0.118842 0
251 0.420924 -0.115752 0
252 0.432615 -0.111164 0
253 0.443709 -0.105195 0
254 0.454085 -0.097980 0
255 0.463575 -0.089711 0
256 0.472165 -0.080463 0
257 0.479727 -0.070426 0
258 0.486263 -0.059629 0
259 0.491671 -0.048246 0
260 0.495916 -0.036364 0
261 0.498943 -0.024163 0
262 0.500737 -0.011721 0
263 0.501171 -0.005325 0
264 0.501278 0.001085 0
265 0.507801 0.023847 0
266 0.505013 0.036161 0
267 0.501105 0.048141 0
268 0.496093 0.059745 0
269 0.490039 0.070817 0
270 0.482975 0.081301 0
271 0.474998 0.091045 0
272 0.466152 0.099982 0
273 0.456488 0.108027 0
274 0.446065 0.115079 0
275 0.434957 0.121019 0
276 0.423254 0.125725 0
277 0.411142 0.129046 0
278 0.398665 0.130889 0
279 0.386104 0.131137 0
280 0.373587 0.129733 0
281 0.361368 0.126661 0
282 0.349668 0.121977 0
283 0.338717 0.115816 0
284 0.328597 0.108296 0
285 0.319447 0.099616 0
286 0.311358 0.090000 0
287 0.304312 0.079589 0
288 0.298295 0.068506 0
289 0.293330 0.056964 0
290 0.289362 0.045012 0
291 0.286385 0.032790 0
292 0.284373 0.020383 0
293 0.283311 0.007810 0
294 0.283199 -0.004807 0
295 0.284033 -0.017397 0
296 0.285815 -0.029836 0
297 0.288559 -0.042109 0
298 0.292286 -0.054133 0
299 0.297027 -0.065820 0
300 0.302791 -0.077021 0
301 0.309607 -0.087624 0
302 0.317468 -0.097461 0
303 0.326349 -0.106354 0
304 0.336243 -0.114161 0
305 0.347033 -0.120670 0
306 0.358540 -0.125701 0
307 0.370653 -0.129161 0
308 0.383104 -0.130961 0
309 0.395714 -0.131100 0
310 0.408218 -0.129627 0
311 0.420482 -0.126627 0
312 0.432306 -0.122226 0
313 0.443577 -0.116549 0
314 0.454199 -0.109717 0
315 0.464092 -0.101840 0
316 0.473120 -0.093095 0
317 0.481305 -0.083507 0
318 0.488539 -0.073233 0
319 0.494842 -0.062248 0
320 0.500073 -0.050796 0
321 0.504218 -0.038936 0
322 0.507260 -0.026712 0
323 0.509159 -0.014272 0
324 0.509901 -0.001658 0
325 0.509824 0.004853 0
326 0.509435 0.011352 0
327 0.516392 0.022166 0
328 0.513921 0.034584 0
329 0.510379 0.046748 0
330 0.505813 0.058528 0
331 0.500238 0.069901 0
332 0.493720 0.080733 0
333 0.486278 0.090993 0
334 0.478002 0.100545 0
335 0.468923 0.109341 0
336 0.459157 0.117248 0
337 0.448670 0.124258 0
338 0.437598 0.130220 0
339 0.425929 0.135075 0
340 0.413825 0.138674 0
341 0.401462 0.140903 0
342 0.388867 0.141689 0
343 0.376298 0.140945 0
344 0.363928 0.138648 0
345 0.351913 0.134805 0
346 0.340501 0.129508 0
347 0.329830 0.122876 0
348 0.320005 0.115051 0
349 0.311096 0.106192 0
350 0.303149 0.096456 0
351 0.296150 0.085959 0
352 0.290144 0.074897 0
353 0.285094 0.063372 0
354 0.280976 0.051470 0
355 0.277780 0.039318 0
356 0.275467 0.026931 0
357 0.274037 0.014423 0
358 0.273478 0.001853 0
359 0.273782 -0.010724 0
360 0.274954 -0.023256 0
361 0.277005 -0.035684 0
362 0.279948 -0.047949 0
363 0.283793 -0.059931 0
364 0.288561 -0.071559 0
365 0.294274 -0.082752 0
366 0.300965 -0.093412 0
367 0.308632 -0.103389 0
368 0.317258 -0.112525 0
369 0.326848 -0.120698 0
370 0.337300 -0.127709 0
371 0.348515 -0.133413 0
372 0.360359 -0.137687 0
373 0.372662 -0.140443 0
374 0.385215 -0.141639 0
375 0.397772 -0.141296 0
376 0.410226 -0.139479 0
377 0.422394 -0.136281 0
378 0.434177 -0.131796 0
379 0.445409 -0.126166 0
380 0.456100 -0.119445 0
381 0.466111 -0.111776 0
382 0.475389 -0.103245 0
383 0.483900 -0.093919 0
384 0.491540 -0.083942 0
385 0.498352 -0.073262 0
386 0.504191 -0.062108 0
387 0.509049 -0.050511 0
388 0.512910 -0.038492 0
389 0.515717 -0.026179 0
390 0.517445 -0.013707 0
391 0.518079 -0.002045 0
392 0.517773 0.009631 0
393 0.525291 0.014042 0
394 0.523627 0.026579 0
395 0.520963 0.038864 0
396 0.517308 0.050909 0
397 0.512653 0.062716 0
398 0.507094 0.074044 0
399 0.500643 0.084901 0
400 0.493376 0.095172 0
401 0.485304 0.104845 0
402 0.476439 0.113883 0
403 0.466879 0.122154 0
404 0.456651 0.129605 0
405 0.445875 0.136113 0
406 0.434511 0.141651 0
407 0.422703 0.146082 0
408 0.410517 0.149319 0
409 0.398035 0.151270 0
410 0.385426 0.151839 0
411 0.372857 0.150969 0
412 0.360484 0.148637 0
413 0.348446 0.144847 0
414 0.336978 0.139683 0
415 0.326162 0.133225 0
416 0.316153 0.125631 0
417 0.306975 0.117007 0
418 0.298719 0.107540 0
419 0.291369 0.097336 0
420 0.284936 0.086536 0
421 0.279394 0.075223 0
422 0.274737 0.063527 0
423 0.270940 0.051515 0
424 0.267982 0.039251 0
425 0.265856 0.026841 0
426 0.264543 0.014334 0
427 0.264030 0.001780 0
428 0.264319 -0.010834 0
429 0.265408 -0.023359 0
430 0.267305 -0.035801 0
431 0.270027 -0.048110 0
432 0.273582 -0.060183 0
433 0.277989 -0.071959 0
434 0.283269 -0.083373 0
435 0.289458 -0.094347 0
436 0.296560 -0.104747 0
437 0.304565 -0.114438 0
438 0.313489 -0.123314 0
439 0.323294 -0.131228 0
440 0.333919 -0.138031 0
441 0.345216 -0.143561 0
442 0.357107 -0.147739 0
443 0.369433 -0.150482 0
444 0.382000 -0.151754 0
445 0.394577 -0.151574 0
446 0.407069 -0.150003 0
447 0.419310 -0.147124 0
448 0.431217 -0.143026 0
449 0.442721 -0.137788 0
450 0.453677 -0.131538 0
451 0.464034 -0.124367 0
452 0.473759 -0.116349 0
453 0.482821 -0.107533 0
454 0.491118 -0.098046 0
455 0.498635 -0.087923 0
456 0.505354 -0.077179 0
457 0.511195 -0.065923 0
458 0.516095 -0.054273 0
459 0.520051 -0.042229 0
460 0.523010 -0.029904 0
461 0.524945 -0.017424 0
462 0.525722 -0.008043 0
463 0.525926 0.001368 0
464 0.531591 0.024892 0
465 0.529184 0.037283 0
466 0.525819 0.049490 0
467 0.521526 0.061403 0
468 0.516355 0.072922 0
469 0.510300 0.084067 0
470 0.503422 0.094730 0
471 0.495798 0.104810 0
472 0.487433 0.114305 0
473 0.478415 0.123113 0
474 0.468758 0.131211 0
475 0.458475 0.138551 0
476 0.447674 0.145018 0
477 0.436387 0.150558 0
478 0.424654 0.155096 0
479 0.412530 0.158539 0
480 0.400162 0.160789 0
481 0.387622 0.161772 0
482 0.375064 0.161423 0
483 0.362563 0.159691 0
484 0.350332 0.156569 0
485 0.338551 0.152101 0
486 0.327366 0.146377 0
487 0.316836 0.139464 0
488 0.307098 0.131523 0
489 0.298164 0.122645 0
490 0.290075 0.112964 0
491 0.282885 0.102659 0
492 0.276537 0.091771 0
493 0.271035 0.080420 0
494 0.266372 0.068724 0
495 0.262517 0.056741 0
496 0.259446 0.044523 0
497 0.257144 0.032118 0
498 0.255606 0.019621 0
499 0.254815 0.007068 0
500 0.254769 -0.005505 0
501 0.255467 -0.018062 0
502 0.256910 -0.030568 0
503 0.259115 -0.042986 0
504 0.262088 -0.055223 0
505 0.265841 -0.067231 0
506 0.270397 -0.078959 0
507 0.275786 -0.090350 0
508 0.282016 -0.101288 0
509 0.289117 -0.111700 0
510 0.297079 -0.121453 0
511 0.305881 -0.130417 0
512 0.315528 -0.138498 0
513 0.325974 -0.145559 0
514 0.337081 -0.151443 0
515 0.348794 -0.156078 0
516 0.360969 -0.159374 0
517 0.373428 -0.161283 0
518 0.386038 -0.161810 0
519 0.398575 -0.160993 0
520 0.411044 -0.158883 0
521 0.423206 -0.155579 0
522 0.434994 -0.151167 0
523 0.446355 -0.145735 0
524 0.457243 -0.139357 0
525 0.467538 -0.132153 0
526 0.477310 -0.124112 0
527 0.486451 -0.115337 0
528 0.494866 -0.105948 0
529 0.502552 -0.095968 0
530 0.509506 -0.085398 0
531 0.515649 -0.074336 0
532 0.520919 -0.062890 0
533 0.525320 -0.051040 0
534 0.528801 -0.038883 0
535 0.531331 -0.026527 0
536 0.532906 -0.013944 0
537 0.533496 -0.001380 0
538 0.533411 0.005458 0
539 0.533039 0.012286 0
540 0.539845 0.018658 0
541 0.537994 0.031227 0
542 0.535241 0.043552 0
543 0.531584 0.055678 0
544 0.527050 0.067510 0
545 0.521688 0.078958 0
546 0.515562 0.089935 0
547 0.508668 0.100475 0
548 0.501074 0.110488 0
549 0.492771 0.119985 0
550 0.483841 0.128867 0
551 0.474278 0.137121 0
552 0.464177 0.144644 0
553 0.453549 0.151398 0
554 0.442410 0.157329 0
555 0.430875 0.162332 0
556 0.418891 0.166369 0
557 0.406597 0.169322 0
558 0.394136 0.171109 0
559 0.381567 0.171669 0
560 0.368956 0.170941 0
561 0.356520 0.168899 0
562 0.344377 0.165543 0
563 0.332692 0.160927 0
564 0.321539 0.155099 0
565 0.311033 0.148153 0
566 0.301254 0.140206 0
567 0.292262 0.131375 0
568 0.284089 0.121791 0
569 0.276752 0.111579 0
570 0.270224 0.100813 0
571 0.264506 0.089601 0
572 0.259568 0.078010 0
573 0.255405 0.066143 0
574 0.251988 0.054047 0
575 0.249293 0.041763 0
576 0.247311 0.029327 0
577 0.246035 0.016826 0
578 0.245451 0.004236 0
579 0.245566 -0.008365 0
580 0.246377 -0.020946 0
581 0.247883 -0.033429 0
582 0.250102 -0.045836 0
583 0.253038 -0.058078 0
584 0.256703 -0.070120 0
585 0.261127 -0.081916 0
586 0.266314 -0.093369 0
587 0.272286 -0.104425 0
588 0.279077 -0.115012 0
589 0.286684 -0.125026 0
590 0.295137 -0.134383 0
591 0.304370 -0.142919 0
592 0.314387 -0.150544 0
593 0.325122 -0.157142 0
594 0.336491 -0.162593 0
595 0.348375 -0.166811 0
596 0.360625 -0.169731 0
597 0.373130 -0.171335 0
598 0.385766 -0.171629 0
599 0.398312 -0.170653 0
600 0.410702 -0.168475 0
601 0.422875 -0.165163 0
602 0.434690 -0.160808 0
603 0.446103 -0.155494 0
604 0.457082 -0.149284 0
605 0.467607 -0.142224 0
606 0.477568 -0.134421 0
607 0.486957 -0.125914 0
608 0.495683 -0.116811 0
609 0.503753 -0.107125 0
610 0.511166 -0.096844 0
611 0.517846 -0.086058 0
612 0.523727 -0.074857 0
613 0.528760 -0.063346 0
614 0.532959 -0.051490 0
615 0.536315 -0.039235 0
616 0.538754 -0.026814 0
617 0.540264 -0.014328 0
618 0.540813 -0.004128 0
619 0.540755 0.006088 0
620 0.547600 0.012872 0
621 0.546248 0.025458 0
622 0.544025 0.037859 0
623 0.540926 0.050140 0
624 0.536963 0.062209 0
625 0.532168 0.073980 0
626 0.526593 0.085368 0
627 0.520298 0.096297 0
628 0.513269 0.106815 0
629 0.505573 0.116836 0
630 0.497285 0.126281 0
631 0.488399 0.135171 0
632 0.478900 0.143497 0
633 0.468874 0.151160 0
634 0.458318 0.158134 0
635 0.447336 0.164315 0
636 0.435943 0.169657 0
637 0.424157 0.174108 0
638 0.412016 0.177587 0
639 0.399653 0.180005 0
640 0.387117 0.181294 0
641 0.374544 0.181392 0
642 0.361992 0.180255 0
643 0.349658 0.177869 0
644 0.337584 0.174223 0
645 0.325986 0.169386 0
646 0.314931 0.163410 0
647 0.304470 0.156358 0
648 0.294728 0.148368 0
649 0.285754 0.139551 0
650 0.277538 0.129992 0
651 0.270132 0.119844 0
652 0.263481 0.109127 0
653 0.257614 0.098000 0
654 0.252499 0.086519 0
655 0.248105 0.074726 0
656 0.244411 0.062664 0
657 0.241412 0.050423 0
658 0.239089 0.038030 0
659 0.237435 0.025568 0
660 0.236433 0.013013 0
661 0.236087 0.000435 0
662 0.236388 -0.012144 0
663 0.237343 -0.024701 0
664 0.238952 -0.037166 0
665 0.241227 -0.049564 0
666 0.244177 -0.061813 0
667 0.247820 -0.073885 0
668 0.252160 -0.085691 0
669 0.257241 -0.097235 0
670 0.263052 -0.108380 0
671 0.269643 -0.119120 0
672 0.277019 -0.129340 0
673 0.285171 -0.138931 0
674 0.294120 -0.147825 0
675 0.303794 -0.155859 0
676 0.314186 -0.162962 0
677 0.325224 -0.169026 0
678 0.336813 -0.173951 0
679 0.348821 -0.177667 0
680 0.361161 -0.180142 0
681 0.373729 -0.181364 0
682 0.386331 -0.181343 0
683 0.398907 -0.180122 0
684 0.411322 -0.177760 0
685 0.423436 -0.174353 0
686 0.435293 -0.169938 0
687 0.446767 -0.164614 0
688 0.457740 -0.158493 0
689 0.468294 -0.151578 0
690 0.478323 -0.143975 0
691 0.487831 -0.135707 0
692 0.496825 -0.126778 0
693 0.505218 -0.117273 0
694 0.512934 -0.107287 0
695 0.519987 -0.096803 0
696 0.526310 -0.085904 0
697 0.531917 -0.074545 0
698 0.536747 -0.062798 0
699 0.540750 -0.050750 0
700 0.543891 -0.038486 0
701 0.546156 -0.026097 0
702 0.547552 -0.013519 0
703 0.547938 -0.006667 0
704 0.548061 0.000195 0
705 0.554151 0.019196 0
706 0.552440 0.031691 0
707 0.549874 0.044130 0
708 0.546504 0.056280 0
709 0.542319 0.068216 0
710 0.537356 0.079859 0
711 0.531657 0.091134 0
712 0.525280 0.101977 0
713 0.518206 0.112439 0
714 0.510499 0.122445 0
715 0.502229 0.131918 0
716 0.493378 0.140887 0
717 0.483926 0.149353 0
718 0.474052 0.157137 0
719 0.463650 0.164313 0
720 0.452811 0.170782 0
721 0.441540 0.176499 0
722 0.429946 0.181370 0
723 0.417956 0.185378 0
724 0.405696 0.188419 0
725 0.393294 0.190419 0
726 0.380709 0.191326 0
727 0.368081 0.191078 0
728 0.355535 0.189631 0
729 0.343252 0.186992 0
730 0.331266 0.183157 0
731 0.319716 0.178175 0
732 0.308671 0.172090 0
733 0.298273 0.165024 0
734 0.288540 0.157045 0
735 0.279525 0.148258 0
736 0.271254 0.138776 0
737 0.263746 0.128702 0
738 0.256972 0.118096 0
739 0.250931 0.107061 0
740 0.245598 0.095643 0
741 0.240968 0.083929 0
742 0.237011 0.071958 0
743 0.233716 0.059812 0
744 0.231065 0.047524 0
745 0.229040 0.035118 0
746 0.227629 0.022618 0
747 0.226834 0.010040 0
748 0.226652 -0.002548 0
749 0.227081 -0.015134 0
750 0.228127 -0.027702 0
751 0.229789 -0.040186 0
752 0.232070 -0.052566 0
753 0.234988 -0.064818 0
754 0.238558 -0.076914 0
755 0.242784 -0.088775 0
756 0.247695 -0.100364 0
757 0.253320 -0.111639 0
758 0.259663 -0.122514 0
759 0.266754 -0.132934 0
760 0.274595 -0.142796 0
761 0.283174 -0.152000 0
762 0.292505 -0.160478 0
763 0.302512 -0.168080 0
764 0.313173 -0.174745 0
765 0.324418 -0.180371 0
766 0.336196 -0.184898 0
767 0.348324 -0.188242 0
768 0.360708 -0.190384 0
769 0.373235 -0.191329 0
770 0.385866 -0.191099 0
771 0.398397 -0.189735 0
772 0.410778 -0.187293 0
773 0.422875 -0.183867 0
774 0.434740 -0.179483 0
775 0.446257 -0.174233 0
776 0.457310 -0.168222 0
777 0.467985 -0.161450 0
778 0.478184 -0.154009 0
779 0.487915 -0.145915 0
780 0.497093 -0.137262 0
781 0.505733 -0.128051 0
782 0.513762 -0.118370 0
783 0.521199 -0.108187 0
784 0.527979 -0.097584 0
785 0.534113 -0.086501 0
786 0.539536 -0.075006 0
787 0.544146 -0.063318 0
788 0.548015 -0.051222 0
789 0.551052 -0.038942 0
790 0.553247 -0.026562 0
791 0.554613 -0.014005 0
792 0.555100 -0.003721 0
793 0.555021 0.006574 0
794 0.561459 0.016075 0
795 0.560009 0.028665 0
796 0.557760 0.041076 0
797 0.554692 0.053396 0
798 0.550873 0.065396 0
799 0.546288 0.077159 0
800 0.540975 0.088622 0
801 0.534979 0.099713 0
802 0.528275 0.110500 0
803 0.521006 0.120784 0
804 0.513153 0.130627 0
805 0.504686 0.140066 0
806 0.495771 0.148921 0
807 0.486289 0.157312 0
808 0.476316 0.165141 0
809 0.465943 0.172322 0
810 0.455155 0.178845 0
811 0.443951 0.184677 0
812 0.432434 0.189722 0
813 0.420523 0.193972 0
814 0.408342 0.197321 0
815 0.395924 0.199713 0
816 0.383395 0.201069 0
817 0.370800 0.201342 0
818 0.358258 0.200490 0
819 0.345816 0.198484 0
820 0.333644 0.195330 0
821 0.321828 0.191044 0
822 0.310439 0.185664 0
823 0.299588 0.179258 0
824 0.289351 0.171918 0
825 0.279790 0.163738 0
826 0.270938 0.154821 0
827 0.262783 0.145234 0
828 0.255345 0.135066 0
829 0.248624 0.124417 0
830 0.242615 0.113379 0
831 0.237287 0.101991 0
832 0.232612 0.090293 0
833 0.228582 0.078363 0
834 0.225171 0.066233 0
835 0.222371 0.053970 0
836 0.220157 0.041557 0
837 0.218530 0.029060 0
838 0.217484 0.016535 0
839 0.217013 0.003954 0
840 0.217120 -0.008628 0
841 0.217806 -0.021206 0
842 0.219067 -0.033722 0
843 0.220907 -0.046161 0
844 0.223333 -0.058510 0
845 0.226360 -0.070742 0
846 0.229992 -0.082789 0
847 0.234252 -0.094625 0
848 0.239166 -0.106218 0
849 0.244742 -0.117484 0
850 0.251011 -0.128388 0
851 0.258004 -0.138885 0
852 0.265698 -0.148838 0
853 0.274114 -0.158191 0
854 0.283231 -0.166852 0
855 0.293067 -0.174747 0
856 0.303529 -0.181747 0
857 0.314599 -0.187787 0
858 0.326191 -0.192781 0
859 0.338191 -0.196660 0
860 0.350459 -0.199379 0
861 0.362957 -0.200952 0
862 0.375588 -0.201376 0
863 0.388154 -0.200687 0
864 0.400603 -0.198941 0
865 0.412889 -0.196194 0
866 0.424978 -0.192504 0
867 0.436751 -0.187947 0
868 0.448184 -0.182590 0
869 0.459267 -0.176474 0
870 0.469895 -0.169703 0
871 0.480076 -0.162308 0
872 0.489823 -0.154306 0
873 0.499150 -0.145690 0
874 0.507880 -0.136639 0
875 0.516137 -0.127031 0
876 0.523843 -0.116926 0
877 0.530936 -0.106397 0
878 0.537354 -0.095515 0
879 0.543120 -0.084221 0
880 0.548178 -0.072578 0
881 0.552485 -0.060655 0
882 0.556009 -0.048520 0
883 0.558734 -0.036252 0
884 0.560672 -0.023763 0
885 0.561805 -0.011125 0
886 0.562084 -0.003873 0
887 0.562093 0.003385 0
888 0.568104 0.019575 0
889 0.566501 0.032102 0
890 0.564135 0.044445 0
891 0.560987 0.056699 0
892 0.557070 0.068793 0
893 0.552465 0.080506 0
894 0.547161 0.091939 0
895 0.541201 0.103030 0
896 0.534553 0.113855 0
897 0.527354 0.124215 0
898 0.519581 0.134181 0
899 0.511300 0.143683 0
900 0.502481 0.152761 0
901 0.493195 0.161338 0
902 0.483413 0.169428 0
903 0.473216 0.176948 0
904 0.462689 0.183822 0
905 0.451720 0.190097 0
906 0.440405 0.195683 0
907 0.428752 0.200531 0
908 0.416777 0.204590 0
909 0.404597 0.207773 0
910 0.392237 0.210032 0
911 0.379737 0.211311 0
912 0.367145 0.211554 0
913 0.354583 0.210715 0
914 0.342162 0.208768 0
915 0.329920 0.205700 0
916 0.318012 0.201529 0
917 0.306559 0.196315 0
918 0.295608 0.190101 0
919 0.285241 0.182971 0
920 0.275512 0.175015 0
921 0.266428 0.166289 0
922 0.258047 0.156926 0
923 0.250351 0.146977 0
924 0.243344 0.136532 0
925 0.237000 0.125638 0
926 0.231334 0.114411 0
927 0.226314 0.102887 0
928 0.221910 0.091100 0
929 0.218109 0.079117 0
930 0.214888 0.066967 0
931 0.212229 0.054669 0
932 0.210115 0.042246 0
933 0.208553 0.029754 0
934 0.207534 0.017210 0
935 0.207058 0.004618 0
936 0.207131 -0.007974 0
937 0.207753 -0.020565 0
938 0.208917 -0.033107 0
939 0.210628 -0.045593 0
940 0.212884 -0.057964 0
941 0.215695 -0.070246 0
942 0.219077 -0.082375 0
943 0.223045 -0.094329 0
944 0.227610 -0.106039 0
945 0.232817 -0.117518 0
946 0.238660 -0.128650 0
947 0.245166 -0.139400 0
948 0.252364 -0.149729 0
949 0.260262 -0.159545 0
950 0.268853 -0.168761 0
951 0.278120 -0.177287 0
952 0.288032 -0.185026 0
953 0.298581 -0.191923 0
954 0.309662 -0.197858 0
955 0.321229 -0.202785 0
956 0.333234 -0.206656 0
957 0.345551 -0.209420 0
958 0.358018 -0.211062 0
959 0.370599 -0.211601 0
960 0.383177 -0.211068 0
961 0.395710 -0.209504 0
962 0.408074 -0.206968 0
963 0.420229 -0.203522 0
964 0.432055 -0.199255 0
965 0.443618 -0.194194 0
966 0.454812 -0.188423 0
967 0.465631 -0.181994 0
968 0.476084 -0.174928 0
969 0.486082 -0.167316 0
970 0.495744 -0.159083 0
971 0.504890 -0.150384 0
972 0.513551 -0.141208 0
973 0.521752 -0.131516 0
974 0.529332 -0.121494 0
975 0.536412 -0.110971 0
976 0.542842 -0.100132 0
977 0.548650 -0.088908 0
978 0.553787 -0.077356 0
979 0.558209 -0.065535 0
980 0.561887 -0.053508 0
981 0.564839 -0.041181 0
982 0.567003 -0.028783 0
983 0.568400 -0.016220 0
984 0.568995 -0.004650 0
985 0.568930 0.006935 0
986 0.575018 0.019767 0
987 0.573453 0.032362 0
988 0.571146 0.044782 0
989 0.568075 0.057125 0
990 0.564303 0.069167 0
991 0.559806 0.081013 0
992 0.554612 0.092602 0
993 0.548762 0.103883 0
994 0.542307 0.114798 0
995 0.535307 0.125296 0
996 0.527733 0.135451 0
997 0.519646 0.145200 0
998 0.511112 0.154482 0
999 0.502100 0.163340 0
1000 0.492679 0.171702 0
1001 0.482821 0.179589 0
1002 0.472601 0.186927 0
1003 0.462001 0.193711 0
1004 0.451010 0.199911 0
1005 0.439721 0.205451 0
1006 0.428047 0.210325 0
1007 0.416098 0.214440 0
1008 0.403900 0.217736 0
1009 0.391567 0.220147 0
1010 0.379056 0.221631 0
1011 0.366490 0.222126 0
1012 0.353915 0.221591 0
1013 0.341444 0.219992 0
1014 0.329119 0.217312 0
1015 0.317089 0.213564 0
1016 0.305431 0.208774 0
1017 0.294247 0.203005 0
1018 0.283579 0.196301 0
1019 0.273493 0.188744 0
1020 0.264037 0.180417 0
1021 0.255239 0.171409 0
1022 0.247114 0.161804 0
1023 0.239667 0.151684 0
1024 0.232870 0.141096 0
1025 0.226717 0.130115 0
1026 0.221200 0.118808 0
1027 0.216287 0.107207 0
1028 0.211965 0.095378 0
1029 0.208218 0.083383 0
1030 0.205010 0.071204 0
1031 0.202332 0.058900 0
1032 0.200171 0.046489 0
1033 0.198522 0.034027 0
1034 0.197379 0.021491 0
1035 0.196751 0.008925 0
1036 0.196642 -0.003677 0
1037 0.197053 -0.016241 0
1038 0.197980 -0.028774 0
1039 0.199418 -0.041274 0
1040 0.201359 -0.053692 0
1041 0.203820 -0.066048 0
1042 0.206804 -0.078288 0
1043 0.210318 -0.090352 0
1044 0.214397 -0.102259 0
1045 0.219053 -0.113949 0
1046 0.224316 -0.125394 0
1047 0.230202 -0.136527 0
1048 0.236722 -0.147280 0
1049 0.243902 -0.157618 0
1050 0.251752 -0.167460 0
1051 0.260266 -0.176725 0
1052 0.269430 -0.185334 0
1053 0.279259 -0.193226 0
1054 0.289672 -0.200290 0
1055 0.300657 -0.206467 0
1056 0.312137 -0.211682 0
1057 0.324013 -0.215871 0
1058 0.336219 -0.219001 0
1059 0.348671 -0.221058 0
1060 0.361211 -0.222037 0
1061 0.373791 -0.221969 0
1062 0.386367 -0.220889 0
1063 0.398821 -0.218849 0
1064 0.411110 -0.215906 0
1065 0.423110 -0.212138 0
1066 0.434879 -0.207584 0
1067 0.446307 -0.202327 0
1068 0.457480 -0.196368 0
1069 0.468302 -0.189783 0
1070 0.478681 -0.182666 0
1071 0.488732 -0.174967 0
1072 0.498376 -0.166755 0
1073 0.507538 -0.158109 0
1074 0.516251 -0.149013 0
1075 0.524543 -0.139425 0
1076 0.532347 -0.129403 0
1077 0.539599 -0.119010 0
1078 0.546245 -0.108310 0
1079 0.552314 -0.097230 0
1080 0.557751 -0.085821 0
1081 0.562515 -0.074140 0
1082 0.566570 -0.062240 0
1083 0.569941 -0.050019 0
1084 0.572558 -0.037695 0
1085 0.574442 -0.025167 0
1086 0.575574 -0.012502 0
1087 0.575926 -0.002722 0
1088 0.575825 0.007063 0
1089 0.579469 0.016219 0
1090 0.578154 0.028790 0
1091 0.576115 0.041211 0
1092 0.573329 0.053585 0
1093 0.569849 0.065685 0
1094 0.565649 0.077623 0
1095 0.560750 0.089339 0
1096 0.555187 0.100782 0
1097 0.549004 0.111896 0
1098 0.542260 0.122630 0
1099 0.535014 0.132938 0
1100 0.527237 0.142895 0
1101 0.518991 0.152443 0
1102 0.510238 0.161627 0
1103 0.501044 0.170376 0
1104 0.491482 0.178620 0
1105 0.481524 0.186382 0
1106 0.471143 0.193662 0
1107 0.460426 0.200377 0
1108 0.449361 0.206501 0
1109 0.438042 0.211966 0
1110 0.426381 0.216772 0
1111 0.414485 0.220836 0
1112 0.402293 0.224126 0
1113 0.389929 0.226561 0
1114 0.377432 0.228087 0
1115 0.364846 0.228650 0
1116 0.352290 0.228208 0
1117 0.339807 0.226728 0
1118 0.327501 0.224200 0
1119 0.315407 0.220609 0
1120 0.303711 0.216010 0
1121 0.292418 0.210421 0
1122 0.281662 0.203931 0
1123 0.271464 0.196590 0
1124 0.261838 0.188453 0
1125 0.252857 0.179624 0
1126 0.244531 0.170190 0
1127 0.236870 0.160226 0
1128 0.229847 0.149777 0
1129 0.223457 0.138918 0
1130 0.217693 0.127712 0
1131 0.212538 0.116222 0
1132 0.207973 0.104511 0
1133 0.203956 0.092567 0
1134 0.200486 0.080478 0
1135 0.197528 0.068230 0
1136 0.195073 0.055876 0
1137 0.193109 0.043439 0
1138 0.191629 0.030936 0
1139 0.190639 0.018379 0
1140 0.190152 0.005801 0
1141 0.190171 -0.006772 0
1142 0.190697 -0.019351 0
1143 0.191726 -0.031909 0
1144 0.193244 -0.044412 0
1145 0.195247 -0.056849 0
1146 0.197742 -0.069200 0
1147 0.200731 -0.081409 0
1148 0.204243 -0.093493 0
1149 0.208292 -0.105395 0
1150 0.212902 -0.117097 0
1151 0.218090 -0.128542 0
1152 0.223886 -0.139702 0
1153 0.230307 -0.150512 0
1154 0.237359 -0.160911 0
1155 0.245075 -0.170855 0
1156 0.253459 -0.180265 0
1157 0.262472 -0.189036 0
1158 0.272126 -0.197113 0
1159 0.282388 -0.204416 0
1160 0.293214 -0.210862 0
1161 0.304532 -0.216379 0
1162 0.316300 -0.220922 0
1163 0.328413 -0.224433 0
1164 0.340792 -0.226891 0
1165 0.353284 -0.228289 0
1166 0.365909 -0.228648 0
1167 0.378491 -0.228002 0
1168 0.390973 -0.226398 0
1169 0.403311 -0.223892 0
1170 0.415466 -0.220540 0
1171 0.427404 -0.216390 0
1172 0.439008 -0.211537 0
1173 0.450356 -0.205990 0
1174 0.461344 -0.199839 0
1175 0.471976 -0.193114 0
1176 0.482262 -0.185841 0
1177 0.492221 -0.178018 0
1178 0.501780 -0.169713 0
1179 0.510862 -0.161008 0
1180 0.519601 -0.151774 0
1181 0.527828 -0.142180 0
1182 0.535580 -0.132178 0
1183 0.542795 -0.121828 0
1184 0.549504 -0.111054 0
1185 0.555570 -0.100049 0
1186 0.561027 -0.088730 0
1187 0.565893 -0.076993 0
1188 0.570056 -0.065038 0
1189 0.573499 -0.052923 0
1190 0.576246 -0.040536 0
1191 0.578246 -0.028106 0
1192 0.579520 -0.015529 0
1193 0.579994 -0.005990 0
1194 0.580047 0.003561 0
1195 0.584676 0.014382 0
1196 0.583509 0.026898 0
1197 0.581612 0.039450 0
1198 0.579016 0.051803 0
1199 0.575691 0.064065 0
1200 0.571702 0.076023 0
1201 0.567024 0.087788 0
1202 0.561684 0.099309 0
1203 0.555728 0.110536 0
1204 0.549202 0.121420 0
1205 0.542165 0.131916 0
1206 0.534585 0.142104 0
1207 0.526519 0.151923 0
1208 0.518030 0.161317 0
1209 0.509083 0.170337 0
1210 0.499744 0.178914 0
1211 0.490087 0.186989 0
1212 0.479982 0.194655 0
1213 0.469606 0.201766 0
1214 0.458842 0.208384 0
1215 0.447783 0.214420 0
1216 0.436426 0.219850 0
1217 0.424779 0.224630 0
1218 0.412863 0.228714 0
1219 0.400710 0.232039 0
1220 0.388358 0.234549 0
1221 0.375853 0.236182 0
1222 0.363248 0.236884 0
1223 0.350663 0.236609 0
1224 0.338143 0.235323 0
1225 0.325792 0.233014 0
1226 0.313648 0.229674 0
1227 0.301841 0.225331 0
1228 0.290433 0.220018 0
1229 0.279509 0.213798 0
1230 0.269105 0.206715 0
1231 0.259271 0.198845 0
1232 0.250047 0.190262 0
1233 0.241475 0.181075 0
1234 0.233539 0.171329 0
1235 0.226238 0.161093 0
1236 0.219563 0.150437 0
1237 0.213504 0.139420 0
1238 0.208044 0.128101 0
1239 0.203154 0.116510 0
1240 0.198815 0.104700 0
1241 0.195012 0.092718 0
1242 0.191717 0.080581 0
1243 0.188905 0.068306 0
1244 0.186564 0.055946 0
1245 0.184677 0.043492 0
1246 0.183246 0.030999 0
1247 0.182280 0.018442 0
1248 0.181802 0.005882 0
1249 0.181818 -0.006699 0
1250 0.182328 -0.019260 0
1251 0.183325 -0.031819 0
1252 0.184786 -0.044314 0
1253 0.186698 -0.056736 0
1254 0.189069 -0.069096 0
1255 0.191912 -0.081368 0
1256 0.195241 -0.093500 0
1257 0.199079 -0.105477 0
1258 0.203456 -0.117282 0
1259 0.208387 -0.128865 0
1260 0.213889 -0.140174 0
1261 0.219996 -0.151179 0
1262 0.226722 -0.161821 0
1263 0.234077 -0.172040 0
1264 0.242072 -0.181765 0
1265 0.250707 -0.190927 0
1266 0.259969 -0.199453 0
1267 0.269839 -0.207263 0
1268 0.280278 -0.214283 0
1269 0.291234 -0.220437 0
1270 0.302670 -0.225681 0
1271 0.314501 -0.229953 0
1272 0.326664 -0.233220 0
1273 0.339028 -0.235456 0
1274 0.351553 -0.236669 0
1275 0.364136 -0.236874 0
1276 0.376730 -0.236106 0
1277 0.389213 -0.234412 0
1278 0.401533 -0.231848 0
1279 0.413644 -0.228479 0
1280 0.425594 -0.224328 0
1281 0.437273 -0.219479 0
1282 0.448658 -0.213976 0
1283 0.459741 -0.207867 0
1284 0.470424 -0.201239 0
1285 0.480810 -0.194062 0
1286 0.490819 -0.186410 0
1287 0.500476 -0.178277 0
1288 0.509707 -0.169741 0
1289 0.518543 -0.160781 0
1290 0.527019 -0.151348 0
1291 0.534972 -0.141614 0
1292 0.542534 -0.131399 0
1293 0.549549 -0.120877 0
1294 0.556051 -0.109968 0
1295 0.561980 -0.098719 0
1296 0.567288 -0.087177 0
1297 0.571933 -0.075393 0
1298 0.575887 -0.063419 0
1299 0.579175 -0.051143 0
1300 0.581733 -0.038779 0
1301 0.583591 -0.026218 0
1302 0.584719 -0.013697 0
1303 0.585060 -0.005956 0
1304 0.585132 0.001793 0
1305 0.586188 0.014373 0
1306 0.585613 0.021532 0
1307 0.584810 0.028655 0
1308 0.583782 0.035733 0
1309 0.582532 0.042753 0
1310 0.581063 0.049705 0
1311 0.579379 0.056580 0
1312 0.577483 0.063370 0
1313 0.575383 0.070067 0
1314 0.573085 0.076666 0
1315 0.570597 0.083158 0
1316 0.567925 0.089537 0
1317 0.565079 0.095797 0
1318 0.562072 0.101935 0
1319 0.558911 0.107945 0
1320 0.555608 0.113822 0
1321 0.552173 0.119562 0
1322 0.548618 0.125163 0
1323 0.544952 0.130619 0
1324 0.541189 0.135928 0
1325 0.537337 0.141087 0
1326 0.533407 0.146094 0
1327 0.529411 0.150949 0
1328 0.525358 0.155648 0
1329 0.518540 0.163094 0
1330 0.511427 0.170314 0
1331 0.504154 0.177178 0
1332 0.496552 0.183847 0
1333 0.488763 0.190192 0
1334 0.480719 0.196257 0
1335 0.472462 0.202008 0
1336 0.464031 0.207411 0
1337 0.455372 0.212487 0
1338 0.446533 0.217194 0
1339 0.437466 0.221541 0
1340 0.428226 0.225478 0
1341 0.418778 0.228999 0
1342 0.409184 0.232057 0
1343 0.399499 0.234613 0
1344 0.389699 0.236658 0
1345 0.379773 0.238164 0
1346 0.369784 0.239095 0
1347 0.359791 0.239432 0
1348 0.349787 0.239151 0
1349 0.339829 0.238238 0
1350 0.329914 0.236675 0
1351 0.320148 0.234469 0
1352 0.310523 0.231611 0
1353 0.301126 0.228126 0
1354 0.291986 0.224032 0
1355 0.283126 0.219348 0
1356 0.274568 0.214098 0
1357 0.266365 0.208325 0
1358 0.258550 0.202083 0
1359 0.251096 0.195371 0
1360 0.244056 0.188266 0
1361 0.237396 0.180767 0
1362 0.231157 0.172948 0
1363 0.225304 0.164802 0
1364 0.219861 0.156406 0
1365 0.214794 0.147747 0
1366 0.210124 0.138897 0
1367 0.205817 0.129841 0
1368 0.201873 0.120623 0
1369 0.198287 0.111285 0
1370 0.195034 0.101803 0
1371 0.192110 0.092219 0
1372 0.189502 0.082538 0
1373 0.187205 0.072799 0
1374 0.185199 0.062982 0
1375 0.183482 0.053130 0
1376 0.182043 0.043223 0
1377 0.180885 0.033274 0
1378 0.180015 0.023288 0
1379 0.179447 0.013296 0
1380 0.179188 0.003290 0
1381 0.179241 -0.006711 0
1382 0.179607 -0.016722 0
1383 0.180280 -0.026722 0
1384 0.181249 -0.036685 0
1385 0.182502 -0.046611 0
1386 0.184039 -0.056521 0
1387 0.185857 -0.066374 0
1388 0.187959 -0.076155 0
1389 0.190364 -0.085885 0
1390 0.193076 -0.095523 0
1391 0.196107 -0.105063 0
1392 0.199473 -0.114497 0
1393 0.203188 -0.123815 0
1394 0.207255 -0.132979 0
1395 0.211691 -0.141977 0
1396 0.216495 -0.150763 0
1397 0.221685 -0.159323 0
1398 0.227273 -0.167646 0
1399 0.233259 -0.175683 0
1400 0.239658 -0.183413 0
1401 0.246459 -0.190788 0
1402 0.253643 -0.197762 0
1403 0.261215 -0.204306 0
1404 0.269178 -0.210398 0
1405 0.277496 -0.215987 0
1406 0.286164 -0.221045 0
1407 0.295127 -0.225529 0
1408 0.304364 -0.229415 0
1409 0.313848 -0.232686 0
1410 0.323498 -0.235310 0
1411 0.333325 -0.237296 0
1412 0.343285 -0.238635 0
1413 0.353271 -0.239328 0
1414 0.363285 -0.239390 0
1415 0.373337 -0.238839 0
1416 0.383297 -0.237703 0
1417 0.393171 -0.236004 0
1418 0.402973 -0.233765 0
1419 0.412642 -0.231023 0
1420 0.422115 -0.227820 0
1421 0.431504 -0.224146 0
1422 0.440666 -0.220069 0
1423 0.449633 -0.215604 0
1424 0.458452 -0.210743 0
1425 0.467075 -0.205521 0
1426 0.475454 -0.199985 0
1427 0.483645 -0.194112 0
1428 0.491607 -0.187937 0
1429 0.499303 -0.181497 0
1430 0.506798 -0.174747 0
1431 0.514052 -0.167717 0
1432 0.521033 -0.160441 0
1433 0.527709 -0.152956 0
1434 0.531729 -0.148167 0
1435 0.535687 -0.143225 0
1436 0.539572 -0.138131 0
1437 0.543374 -0.132886 0
1438 0.547081 -0.127492 0
1439 0.550684 -0.121953 0
1440 0.554171 -0.116273 0
1441 0.557531 -0.110454 0
1442 0.560752 -0.104501 0
1443 0.563825 -0.098417 0
1444 0.566740 -0.092209 0
1445 0.569487 -0.085880 0
1446 0.572054 -0.079436 0
1447 0.574433 -0.072882 0
1448 0.576618 -0.066226 0
1449 0.578601 -0.059475 0
1450 0.580375 -0.052636 0
1451 0.581935 -0.045716 0
1452 0.583278 -0.038724 0
1453 0.584401 -0.031670 0
1454 0.585300 -0.024565 0
1455 0.585972 -0.017420 0
1456 0.586414 -0.010247 0
1457 0.586626 -0.003056 0
1458 0.586637 0.002068 0
1459 0.586532 0.007191 0
1460 0.588348 0.010805 0
1461 0.587892 0.017991 0
1462 0.587207 0.025148 0
1463 0.586298 0.032264 0
1464 0.585165 0.039328 0
1465 0.583815 0.046330 0
1466 0.582248 0.053261 0
1467 0.580468 0.060111 0
1468 0.578481 0.066873 0
1469 0.576293 0.073540 0
1470 0.573911 0.080105 0
1471 0.571342 0.086561 0
1472 0.568595 0.092903 0
1473 0.565680 0.099125 0
1474 0.562608 0.105224 0
1475 0.559387 0.111195 0
1476 0.556028 0.117032 0
1477 0.552543 0.122734 0
1478 0.548942 0.128295 0
1479 0.545237 0.133713 0
1480 0.541438 0.138983 0
1481 0.537555 0.144105 0
1482 0.533600 0.149076 0
1483 0.529583 0.153895 0
1484 0.525513 0.158560 0
1485 0.518676 0.165952 0
1486 0.511554 0.173119 0
1487 0.504181 0.180028 0
1488 0.496590 0.186647 0
1489 0.488821 0.192947 0
1490 0.480808 0.198974 0
1491 0.472589 0.204694 0
1492 0.464107 0.210135 0
1493 0.455408 0.215245 0
1494 0.446541 0.219985 0
1495 0.437459 0.224364 0
1496 0.428216 0.228335 0
1497 0.418778 0.231893 0
1498 0.409205 0.234995 0
1499 0.399550 0.237602 0
1500 0.389717 0.239721 0
1501 0.379773 0.241305 0
1502 0.369783 0.242318 0
1503 0.359737 0.242747 0
1504 0.349699 0.242561 0
1505 0.339723 0.241750 0
1506 0.329803 0.240298 0
1507 0.319992 0.238203 0
1508 0.310335 0.235465 0
1509 0.300915 0.232110 0
1510 0.291719 0.228140 0
1511 0.282815 0.223589 0
1512 0.274184 0.218463 0
1513 0.265916 0.212824 0
1514 0.257984 0.206676 0
1515 0.250451 0.200092 0
1516 0.243289 0.193069 0
1517 0.236539 0.185687 0
1518 0.230171 0.177938 0
1519 0.224218 0.169894 0
1520 0.218662 0.161579 0
1521 0.213488 0.153008 0
1522 0.208698 0.144222 0
1523 0.204277 0.135234 0
1524 0.200219 0.126087 0
1525 0.196510 0.116793 0
1526 0.193136 0.107358 0
1527 0.190093 0.097823 0
1528 0.187367 0.088193 0
1529 0.184944 0.078476 0
1530 0.182812 0.068680 0
1531 0.180965 0.058846 0
1532 0.179390 0.048955 0
1533 0.178085 0.039023 0
1534 0.177057 0.029061 0
1535 0.176318 0.019073 0
1536 0.175881 0.009082 0
1537 0.175754 -0.000922 0
1538 0.175939 -0.010928 0
1539 0.176432 -0.020923 0
1540 0.177226 -0.030917 0
1541 0.178308 -0.040885 0
1542 0.179665 -0.050821 0
1543 0.181292 -0.060713 0
1544 0.183193 -0.070546 0
1545 0.185375 -0.080309 0
1546 0.187857 -0.090022 0
1547 0.190645 -0.099645 0
1548 0.193753 -0.109173 0
1549 0.197185 -0.118568 0
1550 0.200965 -0.127851 0
1551 0.205099 -0.136984 0
1552 0.209586 -0.145927 0
1553 0.214460 -0.154694 0
1554 0.219706 -0.163215 0
1555 0.225356 -0.171506 0
1556 0.231388 -0.179492 0
1557 0.237815 -0.187153 0
1558 0.244647 -0.194471 0
1559 0.251868 -0.201398 0
1560 0.259486 -0.207908 0
1561 0.267474 -0.213953 0
1562 0.275830 -0.219507 0
1563 0.284512 -0.224521 0
1564 0.293502 -0.228974 0
1565 0.302742 -0.232823 0
1566 0.312244 -0.236070 0
1567 0.321933 -0.238679 0
1568 0.331768 -0.240646 0
1569 0.341701 -0.241969 0
1570 0.351678 -0.242656 0
1571 0.361707 -0.242718 0
1572 0.371729 -0.242174 0
1573 0.381681 -0.241053 0
1574 0.391572 -0.239370 0
1575 0.401336 -0.237166 0
1576 0.410987 -0.234464 0
1577 0.420546 -0.231272 0
1578 0.429960 -0.227630 0
1579 0.439170 -0.223582 0
1580 0.448208 -0.219137 0
1581 0.457020 -0.214340 0
1582 0.465656 -0.209182 0
1583 0.474064 -0.203708 0
1584 0.482301 -0.197893 0
1585 0.490327 -0.191769 0
1586 0.498102 -0.185372 0
1587 0.505692 -0.178659 0
1588 0.512955 -0.171756 0
1589 0.519961 -0.164609 0
1590 0.526777 -0.157140 0
1591 0.530831 -0.152428 0
1592 0.534829 -0.147563 0
1593 0.538762 -0.142546 0
1594 0.542620 -0.137379 0
1595 0.546390 -0.132063 0
1596 0.550064 -0.126602 0
1597 0.553630 -0.120998 0
1598 0.557077 -0.115255 0
1599 0.560394 -0.109377 0
1600 0.563569 -0.103367 0
1601 0.566594 -0.097230 0
1602 0.569458 -0.090972 0
1603 0.572151 -0.084595 0
1604 0.574663 -0.078105 0
1605 0.576986 -0.071508 0
1606 0.579113 -0.064812 0
1607 0.581037 -0.058023 0
1608 0.582752 -0.051148 0
1609 0.584252 -0.044195 0
1610 0.585536 -0.037173 0
1611 0.586600 -0.030092 0
1612 0.587441 -0.022963 0
1613 0.588056 -0.015796 0
1614 0.588442 -0.008603 0
1615 0.588591 -0.002502 0
1616 0.588576 0.003601 0
1617 0.590525 0.014426 0
1618 0.589959 0.021612 0
1619 0.589169 0.028763 0
1620 0.588158 0.035868 0
1621 0.586927 0.042916 0
1622 0.585481 0.049899 0
1623 0.583822 0.056806 0
1624 0.581952 0.063629 0
1625 0.579880 0.070362 0
1626 0.577611 0.076997 0
1627 0.575152 0.083529 0
1628 0.572512 0.089951 0
1629 0.569698 0.096257 0
1630 0.566721 0.102444 0
1631 0.563591 0.108507 0
1632 0.560317 0.114442 0
1633 0.556910 0.120246 0
1634 0.553382 0.125913 0
1635 0.549743 0.131442 0
1636 0.546005 0.136828 0
1637 0.542177 0.142068 0
1638 0.538271 0.147160 0
1639 0.534297 0.152104 0
1640 0.530265 0.156896 0
1641 0.523580 0.164393 0
1642 0.516602 0.171689 0
1643 0.509360 0.178749 0
1644 0.501890 0.185540 0
1645 0.494227 0.192035 0
1646 0.486306 0.198282 0
1647 0.478167 0.204239 0
1648 0.469849 0.209873 0
1649 0.461295 0.215215 0
1650 0.452554 0.220216 0
1651 0.443671 0.224841 0
1652 0.434600 0.229102 0
1653 0.425310 0.232987 0
1654 0.415859 0.236455 0
1655 0.406301 0.239460 0
1656 0.396613 0.241994 0
1657 0.386783 0.244037 0
1658 0.376877 0.245545 0
1659 0.366888 0.246496 0
1660 0.356875 0.246869 0
1661 0.346841 0.246634 0
1662 0.336845 0.245777 0
1663 0.326939 0.244288 0
1664 0.317121 0.242159 0
1665 0.307486 0.239400 0
1666 0.298067 0.236026 0
1667 0.288858 0.232038 0
1668 0.279927 0.227467 0
1669 0.271326 0.222360 0
1670 0.263037 0.216715 0
1671 0.255102 0.210582 0
1672 0.247551 0.204005 0
1673 0.240381 0.197008 0
1674 0.233608 0.189640 0
1675 0.227225 0.181921 0
1676 0.221241 0.173896 0
1677 0.215642 0.165584 0
1678 0.210431 0.157029 0
1679 0.205607 0.148269 0
1680 0.201140 0.139291 0
1681 0.197038 0.130161 0
1682 0.193284 0.120890 0
1683 0.189863 0.111485 0
1684 0.186762 0.101956 0
1685 0.183976 0.092335 0
1686 0.181491 0.082630 0
1687 0.179294 0.072849 0
1688 0.177377 0.063030 0
1689 0.175723 0.053156 0
1690 0.174328 0.043242 0
1691 0.173195 0.033306 0
1692 0.172336 0.023331 0
1693 0.171770 0.013339 0
1694 0.171509 0.003317 0
1695 0.171562 -0.006696 0
1696 0.171926 -0.016696 0
1697 0.172593 -0.026701 0
1698 0.173547 -0.036663 0
1699 0.174772 -0.046612 0
1700 0.176253 -0.056505 0
1701 0.177993 -0.066353 0
1702 0.180005 -0.076169 0
1703 0.182295 -0.085916 0
1704 0.184877 -0.095584 0
1705 0.187764 -0.105165 0
1706 0.190971 -0.114653 0
1707 0.194501 -0.124013 0
1708 0.198370 -0.133238 0
1709 0.202591 -0.142318 0
1710 0.207171 -0.151215 0
1711 0.212126 -0.159916 0
1712 0.217459 -0.168382 0
1713 0.223183 -0.176599 0
1714 0.229297 -0.184524 0
1715 0.235816 -0.192136 0
1716 0.242726 -0.199390 0
1717 0.250012 -0.206242 0
1718 0.257680 -0.212665 0
1719 0.265730 -0.218639 0
1720 0.274132 -0.224114 0
1721 0.282841 -0.229046 0
1722 0.291837 -0.233415 0
1723 0.301101 -0.237196 0
1724 0.310603 -0.240376 0
1725 0.320312 -0.242933 0
1726 0.330141 -0.244849 0
1727 0.340094 -0.246133 0
1728 0.350121 -0.246787 0
1729 0.360171 -0.246820 0
1730 0.370178 -0.246254 0
1731 0.380142 -0.245117 0
1732 0.390001 -0.243435 0
1733 0.399760 -0.241235 0
1734 0.409433 -0.238539 0
1735 0.418956 -0.235380 0
1736 0.428355 -0.231774 0
1737 0.437574 -0.227763 0
1738 0.446646 -0.223350 0
1739 0.455516 -0.218579 0
1740 0.464134 -0.213499 0
1741 0.472645 -0.208036 0
1742 0.480906 -0.202291 0
1743 0.488975 -0.196235 0
1744 0.496813 -0.189901 0
1745 0.504380 -0.183336 0
1746 0.511742 -0.176487 0
1747 0.518865 -0.169385 0
1748 0.525715 -0.162062 0
1749 0.532362 -0.154437 0
1750 0.536364 -0.149567 0
1751 0.540304 -0.144547 0
1752 0.544170 -0.139379 0
1753 0.547952 -0.134064 0
1754 0.551640 -0.128604 0
1755 0.555222 -0.123004 0
1756 0.558688 -0.117267 0
1757 0.562027 -0.111396 0
1758 0.565227 -0.105394 0
1759 0.568279 -0.099267 0
1760 0.571173 -0.093019 0
1761 0.573898 -0.086654 0
1762 0.576445 -0.080175 0
1763 0.578807 -0.073589 0
1764 0.580975 -0.066903 0
1765 0.582943 -0.060124 0
1766 0.584704 -0.053257 0
1767 0.586254 -0.046310 0
1768 0.587589 -0.039293 0
1769 0.588707 -0.032214 0
1770 0.589605 -0.025084 0
1771 0.590279 -0.017914 0
1772 0.590728 -0.010715 0
1773 0.590950 -0.003499 0
1774 0.590969 0.001860 0
1775 0.590863 0.007217 0
1776 0.593275 0.014444 0
1777 0.592717 0.021639 0
1778 0.591937 0.028799 0
1779 0.590937 0.035914 0
1780 0.589721 0.042973 0
1781 0.588292 0.049967 0
1782 0.586652 0.056887 0
1783 0.584803 0.063725 0
1784 0.582753 0.070472 0
1785 0.580506 0.077124 0
1786 0.578072 0.083674 0
1787 0.575456 0.090117 0
1788 0.572667 0.096446 0
1789 0.569714 0.102658 0
1790 0.566608 0.108750 0
1791 0.563358 0.114717 0
1792 0.559974 0.120555 0
1793 0.556468 0.126261 0
1794 0.552852 0.131831 0
1795 0.549134 0.137261 0
1796 0.545328 0.142549 0
1797 0.541441 0.147691 0
1798 0.537486 0.152688 0
1799 0.533473 0.157535 0
1800 0.529410 0.162233 0
1801 0.522593 0.169688 0
1802 0.515501 0.176930 0
1803 0.508165 0.183928 0
1804 0.500621 0.190651 0
1805 0.492905 0.197074 0
1806 0.484951 0.203243 0
1807 0.476801 0.209122 0
1808 0.468395 0.214741 0
1809 0.459873 0.220000 0
1810 0.451094 0.224976 0
1811 0.442194 0.229570 0
1812 0.433133 0.233802 0
1813 0.423879 0.237659 0
1814 0.414488 0.241105 0
1815 0.404932 0.244120 0
1816 0.395203 0.246686 0
1817 0.385367 0.248761 0
1818 0.375484 0.250307 0
1819 0.365482 0.251309 0
1820 0.355487 0.251742 0
1821 0.345441 0.251579 0
1822 0.335463 0.250805 0
1823 0.325551 0.249410 0
1824 0.315756 0.247390 0
1825 0.306077 0.244736 0
1826 0.296601 0.241467 0
1827 0.287358 0.237602 0
1828 0.278379 0.233156 0
1829 0.269685 0.228154 0
1830 0.261325 0.222633 0
1831 0.253309 0.216620 0
1832 0.245667 0.210159 0
1833 0.238398 0.203273 0
1834 0.231520 0.196008 0
1835 0.225022 0.188384 0
1836 0.218918 0.180442 0
1837 0.213209 0.172228 0
1838 0.207879 0.163756 0
1839 0.202929 0.155065 0
1840 0.198342 0.146164 0
1841 0.194114 0.137093 0
1842 0.190226 0.127860 0
1843 0.186676 0.118501 0
1844 0.183447 0.109023 0
1845 0.180533 0.099456 0
1846 0.177914 0.089779 0
1847 0.175588 0.080053 0
1848 0.173533 0.070260 0
1849 0.171738 0.060408 0
1850 0.170190 0.050514 0
1851 0.168886 0.040597 0
1852 0.167828 0.030652 0
1853 0.167043 0.020665 0
1854 0.166555 0.010674 0
1855 0.166376 0.000658 0
1856 0.166513 -0.009357 0
1857 0.166963 -0.019369 0
1858 0.167709 -0.029349 0
1859 0.168734 -0.039311 0
1860 0.170009 -0.049250 0
1861 0.171525 -0.059141 0
1862 0.173286 -0.068992 0
1863 0.175305 -0.078786 0
1864 0.177599 -0.088540 0
1865 0.180179 -0.098220 0
1866 0.183058 -0.107818 0
1867 0.186244 -0.117300 0
1868 0.189759 -0.126690 0
1869 0.193598 -0.135929 0
1870 0.197788 -0.145033 0
1871 0.202334 -0.153968 0
1872 0.207243 -0.162695 0
1873 0.212530 -0.171204 0
1874 0.218196 -0.179456 0
1875 0.224255 -0.187438 0
1876 0.230707 -0.195105 0
1877 0.237538 -0.202415 0
1878 0.244758 -0.209348 0
1879 0.252350 -0.215859 0
1880 0.260317 -0.221925 0
1881 0.268627 -0.227503 0
1882 0.277270 -0.232566 0
1883 0.286199 -0.237076 0
1884 0.295393 -0.241009 0
1885 0.304821 -0.244350 0
1886 0.314454 -0.247080 0
1887 0.324254 -0.249188 0
1888 0.334179 -0.250668 0
1889 0.344183 -0.251523 0
1890 0.354206 -0.251763 0
1891 0.364247 -0.251402 0
1892 0.374242 -0.250470 0
1893 0.384193 -0.248980 0
1894 0.394040 -0.246967 0
1895 0.403787 -0.244456 0
1896 0.413369 -0.241491 0
1897 0.422796 -0.238088 0
1898 0.432092 -0.234266 0
1899 0.441204 -0.230061 0
1900 0.450164 -0.225484 0
1901 0.458916 -0.220571 0
1902 0.467511 -0.215313 0
1903 0.475898 -0.209754 0
1904 0.484032 -0.203934 0
1905 0.491975 -0.197825 0
1906 0.499785 -0.191375 0
1907 0.507326 -0.184705 0
1908 0.514662 -0.177761 0
1909 0.521760 -0.170571 0
1910 0.528586 -0.163168 0
1911 0.532657 -0.158501 0
1912 0.536680 -0.153684 0
1913 0.540647 -0.148719 0
1914 0.544548 -0.143607 0
1915 0.548371 -0.138349 0
1916 0.552106 -0.132948 0
1917 0.555744 -0.127408 0
1918 0.559272 -0.121730 0
1919 0.562681 -0.115919 0
1920 0.565959 -0.109979 0
1921 0.569094 -0.103912 0
1922 0.572079 -0.097725 0
1923 0.574902 -0.091420 0
1924 0.577554 -0.085001 0
1925 0.580025 -0.078473 0
1926 0.582310 -0.071842 0
1927 0.584401 -0.065114 0
1928 0.586291 -0.058295 0
1929 0.587975 -0.051392 0
1930 0.589447 -0.044412 0
1931 0.590706 -0.037366 0
1932 0.591750 -0.030263 0
1933 0.592575 -0.023111 0
1934 0.593179 -0.015922 0
1935 0.593559 -0.008708 0
1936 0.593716 -0.001480 0
1937 0.593703 0.002873 0
1938 0.593609 0.007225 0
1939 0.595065 0.010840 0
1940 0.594622 0.018051 0
1941 0.593958 0.025233 0
1942 0.593075 0.032375 0
1943 0.591976 0.039466 0
1944 0.590663 0.046497 0
1945 0.589140 0.053459 0
1946 0.587407 0.060344 0
1947 0.585471 0.067143 0
1948 0.583336 0.073850 0
1949 0.581010 0.080459 0
1950 0.578499 0.086965 0
1951 0.575812 0.093362 0
1952 0.572955 0.099645 0
1953 0.569940 0.105811 0
1954 0.566777 0.111857 0
1955 0.563474 0.117777 0
1956 0.560043 0.123569 0
1957 0.556496 0.129228 0
1958 0.552842 0.134751 0
1959 0.549093 0.140135 0
1960 0.545259 0.145377 0
1961 0.541351 0.150475 0
1962 0.537379 0.155427 0
1963 0.533352 0.160232 0
1964 0.529280 0.164888 0
1965 0.525173 0.169396 0
1966 0.521037 0.173753 0
1967 0.516882 0.177962 0
1968 0.512713 0.182024 0
1969 0.508539 0.185939 0
1970 0.504365 0.189710 0
1971 0.500198 0.193339 0
1972 0.496044 0.196827 0
1973 0.491906 0.200176 0
1974 0.487789 0.203388 0
1975 0.483698 0.206468 0
1976 0.479637 0.209417 0
1977 0.475608 0.212236 0
1978 0.471614 0.214931 0
1979 0.467658 0.217506 0
1980 0.463742 0.219964 0
1981 0.459868 0.222307 0
1982 0.456038 0.224540 0
1983 0.452253 0.226664 0
1984 0.448513 0.228682 0
1985 0.444820 0.230598 0
1986 0.441173 0.232418 0
1987 0.437576 0.234144 0
1988 0.434027 0.235778 0
1989 0.430527 0.237323 0
1990 0.427076 0.238781 0
1991 0.423675 0.240156 0
1992 0.420321 0.241453 0
1993 0.417015 0.242672 0
1994 0.413757 0.243817 0
1995 0.410546 0.244889 0
1996 0.407381 0.245892 0
1997 0.404264 0.246828 0
1998 0.401192 0.247700 0
1999 0.398167 0.248511 0
2000 0.393252 0.249724 0
2001 0.388318 0.250810 0
2002 0.383372 0.251768 0
2003 0.378422 0.252592 0
2004 0.373409 0.253287 0
2005 0.368407 0.253840 0
2006 0.363421 0.254252 0
2007 0.358398 0.254526 0
2008 0.353347 0.254653 0
2009 0.348335 0.254631 0
2010 0.343312 0.254457 0
2011 0.338287 0.254130 0
2012 0.333267 0.253648 0
2013 0.328262 0.253009 0
2014 0.323324 0.252218 0
2015 0.318410 0.251272 0
2016 0.313526 0.250169 0
2017 0.308678 0.248911 0
2018 0.303871 0.247498 0
2019 0.299110 0.245930 0
2020 0.294398 0.244211 0
2021 0.289741 0.242342 0
2022 0.285141 0.240324 0
2023 0.280605 0.238160 0
2024 0.276135 0.235853 0
2025 0.271734 0.233405 0
2026 0.267436 0.230837 0
2027 0.263209 0.228134 0
2028 0.259057 0.225299 0
2029 0.255010 0.222354 0
2030 0.251039 0.219282 0
2031 0.247172 0.216108 0
2032 0.243383 0.212812 0
2033 0.239698 0.209418 0
2034 0.236114 0.205930 0
2035 0.232608 0.202328 0
2036 0.229202 0.198637 0
2037 0.225894 0.194860 0
2038 0.222683 0.190998 0
2039 0.219569 0.187055 0
2040 0.216566 0.183054 0
2041 0.213655 0.178976 0
2042 0.210834 0.174824 0
2043 0.208118 0.170621 0
2044 0.205488 0.166346 0
2045 0.202957 0.162024 0
2046 0.200511 0.157632 0
2047 0.198160 0.153195 0
2048 0.195902 0.148715 0
2049 0.193733 0.144194 0
2050 0.191652 0.139634 0
2051 0.189657 0.135035 0
2052 0.187746 0.130398 0
2053 0.185917 0.125725 0
2054 0.184167 0.121017 0
2055 0.182505 0.116299 0
2056 0.180920 0.111546 0
2057 0.179409 0.106759 0
2058 0.177980 0.101963 0
2059 0.176621 0.097134 0
2060 0.175339 0.092298 0
2061 0.174125 0.087432 0
2062 0.172983 0.082561 0
2063 0.171905 0.077660 0
2064 0.170896 0.072756 0
2065 0.169949 0.067825 0
2066 0.169066 0.062893 0
2067 0.168241 0.057937 0
2068 0.167477 0.052986 0
2069 0.166770 0.048016 0
2070 0.166123 0.043057 0
2071 0.165533 0.038086 0
2072 0.165003 0.033109 0
2073 0.164538 0.028125 0
2074 0.164143 0.023134 0
2075 0.163821 0.018135 0
2076 0.163575 0.013125 0
2077 0.163407 0.008123 0
2078 0.163318 0.003102 0
2079 0.163308 -0.001917 0
2080 0.163379 -0.006938 0
2081 0.163528 -0.011938 0
2082 0.163756 -0.016946 0
2083 0.164059 -0.021941 0
2084 0.164436 -0.026927 0
2085 0.164886 -0.031932 0
2086 0.165403 -0.036930 0
2087 0.165982 -0.041922 0
2088 0.166619 -0.046903 0
2089 0.167313 -0.051871 0
2090 0.168063 -0.056821 0
2091 0.168873 -0.061776 0
2092 0.169742 -0.066707 0
2093 0.170674 -0.071639 0
2094 0.171668 -0.076543 0
2095 0.172729 -0.081445 0
2096 0.173855 -0.086317 0
2097 0.175052 -0.091184 0
2098 0.176324 -0.096046 0
2099 0.177665 -0.100876 0
2100 0.179076 -0.105674 0
2101 0.180568 -0.110463 0
2102 0.182134 -0.115218 0
2103 0.183785 -0.119963 0
2104 0.185515 -0.124673 0
2105 0.187323 -0.129348 0
2106 0.189214 -0.133987 0
2107 0.191187 -0.138589 0
2108 0.193245 -0.143152 0
2109 0.195390 -0.147677 0
2110 0.197624 -0.152160 0
2111 0.199950 -0.156601 0
2112 0.202370 -0.160998 0
2113 0.204888 -0.165349 0
2114 0.207490 -0.169629 0
2115 0.210194 -0.173861 0
2116 0.212987 -0.178020 0
2117 0.215886 -0.182127 0
2118 0.218876 -0.186158 0
2119 0.221960 -0.190110 0
2120 0.225140 -0.193979 0
2121 0.228416 -0.197765 0
2122 0.231788 -0.201466 0
2123 0.235259 -0.205078 0
2124 0.238830 -0.208600 0
2125 0.242503 -0.212027 0
2126 0.246255 -0.215336 0
2127 0.250110 -0.218545 0
2128 0.254070 -0.221652 0
2129 0.258107 -0.224632 0
2130 0.262221 -0.227484 0
2131 0.266439 -0.230224 0
2132 0.270729 -0.232829 0
2133 0.275090 -0.235297 0
2134 0.279519 -0.237624 0
2135 0.284049 -0.239827 0
2136 0.288643 -0.241885 0
2137 0.293298 -0.243793 0
2138 0.298008 -0.245552 0
2139 0.302769 -0.247158 0
2140 0.307578 -0.248611 0
2141 0.312431 -0.249908 0
2142 0.317322 -0.251048 0
2143 0.322244 -0.252032 0
2144 0.327193 -0.252859 0
2145 0.332161 -0.253529 0
2146 0.337143 -0.254042 0
2147 0.342131 -0.254402 0
2148 0.347170 -0.254612 0
2149 0.352202 -0.254669 0
2150 0.357217 -0.254577 0
2151 0.362264 -0.254336 0
2152 0.367278 -0.253953 0
2153 0.372310 -0.253428 0
2154 0.377292 -0.252769 0
2155 0.382279 -0.251969 0
2156 0.387195 -0.251047 0
2157 0.392099 -0.249997 0
2158 0.396983 -0.248822 0
2159 0.399990 -0.248035 0
2160 0.403043 -0.247188 0
2161 0.406141 -0.246277 0
2162 0.409286 -0.245302 0
2163 0.412479 -0.244258 0
2164 0.415718 -0.243142 0
2165 0.419004 -0.241953 0
2166 0.422338 -0.240688 0
2167 0.425720 -0.239344 0
2168 0.429150 -0.237920 0
2169 0.432630 -0.236410 0
2170 0.436158 -0.234812 0
2171 0.439736 -0.233123 0
2172 0.443362 -0.231341 0
2173 0.447036 -0.229464 0
2174 0.450757 -0.227488 0
2175 0.454523 -0.225407 0
2176 0.458334 -0.223218 0
2177 0.462190 -0.220920 0
2178 0.466089 -0.218508 0
2179 0.470029 -0.215981 0
2180 0.474007 -0.213335 0
2181 0.478021 -0.210567 0
2182 0.482068 -0.207671 0
2183 0.486147 -0.204644 0
2184 0.490254 -0.201486 0
2185 0.494383 -0.198193 0
2186 0.498530 -0.194761 0
2187 0.502692 -0.191190 0
2188 0.506863 -0.187477 0
2189 0.511037 -0.183621 0
2190 0.515208 -0.179619 0
2191 0.519368 -0.175470 0
2192 0.523512 -0.171173 0
2193 0.527631 -0.166727 0
2194 0.531717 -0.162131 0
2195 0.535762 -0.157387 0
2196 0.539757 -0.152495 0
2197 0.543691 -0.147456 0
2198 0.547556 -0.142273 0
2199 0.551340 -0.136947 0
2200 0.555033 -0.131481 0
2201 0.558624 -0.125877 0
2202 0.562102 -0.120139 0
2203 0.565458 -0.114271 0
2204 0.568679 -0.108276 0
2205 0.571754 -0.102159 0
2206 0.574676 -0.095924 0
2207 0.577433 -0.089573 0
2208 0.580016 -0.083111 0
2209 0.582417 -0.076544 0
2210 0.584630 -0.069877 0
2211 0.586647 -0.063115 0
2212 0.588463 -0.056264 0
2213 0.590071 -0.049333 0
2214 0.591469 -0.042329 0
2215 0.592655 -0.035261 0
2216 0.593626 -0.028139 0
2217 0.594379 -0.020972 0
2218 0.594912 -0.013772 0
2219 0.595223 -0.006550 0
2220 0.595309 -0.001469 0
2221 0.595286 0.003613 0
2222 0.598196 0.010838 0
2223 0.597761 0.018047 0
2224 0.597109 0.025229 0
2225 0.596241 0.032370 0
2226 0.595161 0.039462 0
2227 0.593871 0.046494 0
2228 0.592372 0.053458 0
2229 0.590667 0.060347 0
2230 0.588761 0.067151 0
2231 0.586659 0.073865 0
2232 0.584366 0.080482 0
2233 0.581890 0.086999 0
2234 0.579237 0.093411 0
2235 0.576417 0.099713 0
2236 0.573436 0.105900 0
2237 0.570308 0.111972 0
2238 0.567040 0.117921 0
2239 0.563643 0.123745 0
2240 0.560130 0.129442 0
2241 0.556510 0.135005 0
2242 0.552794 0.140433 0
2243 0.548993 0.145724 0
2244 0.545115 0.150874 0
2245 0.541173 0.155882 0
2246 0.537176 0.160746 0
2247 0.533133 0.165465 0
2248 0.529053 0.170039 0
2249 0.524944 0.174467 0
2250 0.520814 0.178748 0
2251 0.516670 0.182884 0
2252 0.512519 0.186876 0
2253 0.508368 0.190725 0
2254 0.504223 0.194434 0
2255 0.500090 0.198005 0
2256 0.495974 0.201439 0
2257 0.491877 0.204738 0
2258 0.487804 0.207905 0
2259 0.483762 0.210945 0
2260 0.479752 0.213857 0
2261 0.475776 0.216645 0
2262 0.471837 0.219312 0
2263 0.467938 0.221863 0
2264 0.464082 0.224302 0
2265 0.460269 0.226631 0
2266 0.456502 0.228852 0
2267 0.452779 0.230968 0
2268 0.449101 0.232983 0
2269 0.445471 0.234901 0
2270 0.441890 0.236725 0
2271 0.438358 0.238460 0
2272 0.434875 0.240106 0
2273 0.431440 0.241667 0
2274 0.428054 0.243144 0
2275 0.424716 0.244542 0
2276 0.421427 0.245863 0
2277 0.418185 0.247111 0
2278 0.414989 0.248286 0
2279 0.411841 0.249393 0
2280 0.408740 0.250433 0
2281 0.405686 0.251409 0
2282 0.402678 0.252324 0
2283 0.397864 0.253691 0
2284 0.392959 0.254960 0
2285 0.388042 0.256103 0
2286 0.383119 0.257120 0
2287 0.378196 0.258007 0
2288 0.373219 0.258770 0
2289 0.368198 0.259403 0
2290 0.363204 0.259895 0
2291 0.358181 0.260250 0
2292 0.353141 0.260465 0
2293 0.348092 0.260535 0
2294 0.343045 0.260455 0
2295 0.338005 0.260225 0
2296 0.332981 0.259844 0
2297 0.327979 0.259311 0
2298 0.323005 0.258624 0
2299 0.318066 0.257784 0
2300 0.313165 0.256792 0
2301 0.308268 0.255641 0
2302 0.303422 0.254339 0
2303 0.298632 0.252886 0
2304 0.293864 0.251272 0
2305 0.289158 0.249513 0
2306 0.284518 0.247611 0
2307 0.279947 0.245568 0
2308 0.275416 0.243374 0
2309 0.270961 0.241044 0
2310 0.266587 0.238582 0
2311 0.262295 0.235990 0
2312 0.258085 0.233271 0
2313 0.253957 0.230429 0
2314 0.249912 0.227467 0
2315 0.245953 0.224388 0
2316 0.242082 0.221193 0
2317 0.238297 0.217884 0
2318 0.234621 0.214485 0
2319 0.231029 0.210979 0
2320 0.227545 0.207387 0
2321 0.224144 0.203692 0
2322 0.220844 0.199919 0
2323 0.217644 0.196069 0
2324 0.214544 0.192143 0
2325 0.211542 0.188143 0
2326 0.208632 0.184073 0
2327 0.205816 0.179935 0
2328 0.203092 0.175729 0
2329 0.200457 0.171457 0
2330 0.197923 0.167143 0
2331 0.195475 0.162763 0
2332 0.193124 0.158342 0
2333 0.190864 0.153881 0
2334 0.188683 0.149361 0
2335 0.186590 0.144806 0
2336 0.184584 0.140214 0
2337 0.182660 0.135588 0
2338 0.180818 0.130929 0
2339 0.179055 0.126237 0
2340 0.177372 0.121514 0
2341 0.175765 0.116757 0
2342 0.174240 0.111991 0
2343 0.172788 0.107194 0
2344 0.171406 0.102369 0
2345 0.170100 0.097539 0
2346 0.168861 0.092682 0
2347 0.167694 0.087819 0
2348 0.166592 0.082927 0
2349 0.165556 0.078029 0
2350 0.164579 0.073103 0
2351 0.163665 0.068175 0
2352 0.162811 0.063246 0
2353 0.162011 0.058295 0
2354 0.161265 0.053347 0
2355 0.160569 0.048385 0
2356 0.159923 0.043413 0
2357 0.159326 0.038439 0
2358 0.158781 0.033447 0
2359 0.158298 0.028464 0
2360 0.157886 0.023467 0
2361 0.157550 0.018471 0
2362 0.157292 0.013471 0
2363 0.157116 0.008460 0
2364 0.157020 0.003455 0
2365 0.157005 -0.001547 0
2366 0.157069 -0.006551 0
2367 0.157215 -0.011559 0
2368 0.157441 -0.016554 0
2369 0.157748 -0.021565 0
2370 0.158131 -0.026552 0
2371 0.158588 -0.031545 0
2372 0.159109 -0.036525 0
2373 0.159688 -0.041512 0
2374 0.160314 -0.046477 0
2375 0.160989 -0.051435 0
2376 0.161718 -0.056402 0
2377 0.162497 -0.061352 0
2378 0.163333 -0.066304 0
2379 0.164224 -0.071233 0
2380 0.165176 -0.076160 0
2381 0.166187 -0.081059 0
2382 0.167264 -0.085953 0
2383 0.168409 -0.090842 0
2384 0.169620 -0.095701 0
2385 0.170905 -0.100555 0
2386 0.172258 -0.105382 0
2387 0.173680 -0.110181 0
2388 0.175182 -0.114973 0
2389 0.176757 -0.119733 0
2390 0.178408 -0.124460 0
2391 0.180138 -0.129155 0
2392 0.181946 -0.133817 0
2393 0.183834 -0.138447 0
2394 0.185805 -0.143043 0
2395 0.187860 -0.147604 0
2396 0.190002 -0.152129 0
2397 0.192233 -0.156617 0
2398 0.194555 -0.161068 0
2399 0.196960 -0.165455 0
2400 0.199463 -0.169799 0
2401 0.202053 -0.174079 0
2402 0.204745 -0.178315 0
2403 0.207528 -0.182484 0
2404 0.210405 -0.186585 0
2405 0.213375 -0.190617 0
2406 0.216440 -0.194577 0
2407 0.219605 -0.198460 0
2408 0.222870 -0.202268 0
2409 0.226237 -0.205997 0
2410 0.229686 -0.209626 0
2411 0.233241 -0.213169 0
2412 0.236882 -0.216606 0
2413 0.240630 -0.219954 0
2414 0.244464 -0.223189 0
2415 0.248386 -0.226310 0
2416 0.252393 -0.229314 0
2417 0.256485 -0.232199 0
2418 0.260659 -0.234963 0
2419 0.264915 -0.237601 0
2420 0.269252 -0.240111 0
2421 0.273669 -0.242489 0
2422 0.278165 -0.244734 0
2423 0.282735 -0.246843 0
2424 0.287342 -0.248797 0
2425 0.292016 -0.250610 0
2426 0.296753 -0.252278 0
2427 0.301551 -0.253799 0
2428 0.306368 -0.255158 0
2429 0.311238 -0.256367 0
2430 0.316156 -0.257425 0
2431 0.321117 -0.258330 0
2432 0.326071 -0.259074 0
2433 0.331055 -0.259665 0
2434 0.336063 -0.260104 0
2435 0.341088 -0.260392 0
2436 0.346124 -0.260530 0
2437 0.351163 -0.260518 0
2438 0.356197 -0.260360 0
2439 0.361217 -0.260060 0
2440 0.366211 -0.259623 0
2441 0.371234 -0.259045 0
2442 0.376217 -0.258335 0
2443 0.381149 -0.257498 0
2444 0.386085 -0.256530 0
2445 0.391018 -0.255434 0
2446 0.395872 -0.254229 0
2447 0.400707 -0.252905 0
2448 0.403685 -0.252030 0
2449 0.406708 -0.251095 0
2450 0.409777 -0.250098 0
2451 0.412893 -0.249036 0
2452 0.416056 -0.247907 0
2453 0.419267 -0.246708 0
2454 0.422524 -0.245436 0
2455 0.425829 -0.244090 0
2456 0.429183 -0.242666 0
2457 0.432584 -0.241161 0
2458 0.436034 -0.239573 0
2459 0.439533 -0.237897 0
2460 0.443080 -0.236133 0
2461 0.446678 -0.234278 0
2462 0.450323 -0.232329 0
2463 0.454015 -0.230281 0
2464 0.457752 -0.228131 0
2465 0.461534 -0.225874 0
2466 0.465360 -0.223510 0
2467 0.469230 -0.221034 0
2468 0.473142 -0.218445 0
2469 0.477093 -0.215739 0
2470 0.481079 -0.212911 0
2471 0.485099 -0.209957 0
2472 0.489151 -0.206876 0
2473 0.493232 -0.203667 0
2474 0.497335 -0.200324 0
2475 0.501456 -0.196846 0
2476 0.505593 -0.193230 0
2477 0.509740 -0.189475 0
2478 0.513891 -0.185580 0
2479 0.518039 -0.181541 0
2480 0.522178 -0.177358 0
2481 0.526301 -0.173030 0
2482 0.530401 -0.168555 0
2483 0.534469 -0.163933 0
2484 0.538498 -0.159167 0
2485 0.542477 -0.154256 0
2486 0.546398 -0.149202 0
2487 0.550251 -0.144007 0
2488 0.554025 -0.138672 0
2489 0.557710 -0.133199 0
2490 0.561295 -0.127593 0
2491 0.564771 -0.121855 0
2492 0.568126 -0.115990 0
2493 0.571349 -0.110001 0
2494 0.574429 -0.103892 0
2495 0.577358 -0.097668 0
2496 0.580125 -0.091330 0
2497 0.582720 -0.084884 0
2498 0.585137 -0.078334 0
2499 0.587367 -0.071686 0
2500 0.589406 -0.064942 0
2501 0.591247 -0.058110 0
2502 0.592884 -0.051196 0
2503 0.594315 -0.044209 0
2504 0.595537 -0.037157 0
2505 0.596548 -0.030049 0
2506 0.597345 -0.022893 0
2507 0.597927 -0.015701 0
2508 0.598291 -0.008485 0
2509 0.598429 -0.002437 0
2510 0.598414 0.003612 0
2511 0.599911 0.010831 0
2512 0.599480 0.018037 0
2513 0.598835 0.025215 0
2514 0.597977 0.032353 0
2515 0.596908 0.039442 0
2516 0.595631 0.046471 0
2517 0.594147 0.053433 0
2518 0.592459 0.060320 0
2519 0.590571 0.067124 0
2520 0.588488 0.073838 0
2521 0.586216 0.080457 0
2522 0.583761 0.086977 0
2523 0.581129 0.093394 0
2524 0.578330 0.099702 0
2525 0.575371 0.105899 0
2526 0.572264 0.111981 0
2527 0.569018 0.117944 0
2528 0.565643 0.123783 0
2529 0.562151 0.129496 0
2530 0.558552 0.135080 0
2531 0.554857 0.140530 0
2532 0.551076 0.145845 0
2533 0.547218 0.151021 0
2534 0.543295 0.156058 0
2535 0.539317 0.160953 0
2536 0.535291 0.165705 0
2537 0.531228 0.170315 0
2538 0.527136 0.174779 0
2539 0.523021 0.179099 0
2540 0.518892 0.183275 0
2541 0.514756 0.187309 0
2542 0.510619 0.191201 0
2543 0.506488 0.194954 0
2544 0.502368 0.198570 0
2545 0.498265 0.202051 0
2546 0.494181 0.205396 0
2547 0.490120 0.208611 0
2548 0.486089 0.211700 0
2549 0.482090 0.214663 0
2550 0.478125 0.217502 0
2551 0.474197 0.220220 0
2552 0.470308 0.222823 0
2553 0.466462 0.225314 0
2554 0.462661 0.227696 0
2555 0.458904 0.229971 0
2556 0.455191 0.232141 0
2557 0.451523 0.234210 0
2558 0.447903 0.236182 0
2559 0.444332 0.238061 0
2560 0.440810 0.239850 0
2561 0.437338 0.241552 0
2562 0.433913 0.243169 0
2563 0.430536 0.244702 0
2564 0.427208 0.246157 0
2565 0.423927 0.247535 0
2566 0.420695 0.248839 0
2567 0.417510 0.250072 0
2568 0.414372 0.251235 0
2569 0.411282 0.252333 0
2570 0.408238 0.253366 0
2571 0.405241 0.254339 0
2572 0.400444 0.255801 0
2573 0.395627 0.257150 0
2574 0.390726 0.258398 0
2575 0.385819 0.259521 0
2576 0.380913 0.260518 0
2577 0.375952 0.261396 0
2578 0.370949 0.262149 0
2579 0.365973 0.262764 0
2580 0.360971 0.263246 0
2581 0.355951 0.263591 0
2582 0.350924 0.263798 0
2583 0.345897 0.263861 0
2584 0.340878 0.263776 0
2585 0.335875 0.263546 0
2586 0.330846 0.263164 0
2587 0.325847 0.262631 0
2588 0.320884 0.261947 0
2589 0.315920 0.261106 0
2590 0.311003 0.260115 0
2591 0.306099 0.258966 0
2592 0.301254 0.257670 0
2593 0.296436 0.256214 0
2594 0.291685 0.254614 0
2595 0.286970 0.252859 0
2596 0.282329 0.250966 0
2597 0.277731 0.248921 0
2598 0.273211 0.246743 0
2599 0.268771 0.244437 0
2600 0.264388 0.241987 0
2601 0.260094 0.239413 0
2602 0.255862 0.236698 0
2603 0.251717 0.233864 0
2604 0.247661 0.230914 0
2605 0.243695 0.227852 0
2606 0.239821 0.224680 0
2607 0.236039 0.221398 0
2608 0.232346 0.218011 0
2609 0.228742 0.214521 0
2610 0.225229 0.210929 0
2611 0.221823 0.207258 0
2612 0.218502 0.203491 0
2613 0.215284 0.199652 0
2614 0.212168 0.195739 0
2615 0.209137 0.191735 0
2616 0.206202 0.187664 0
2617 0.203362 0.183530 0
2618 0.200617 0.179330 0
2619 0.197965 0.175067 0
2620 0.195414 0.170766 0
2621 0.192952 0.166401 0
2622 0.190587 0.161996 0
2623 0.188303 0.157533 0
2624 0.186110 0.153036 0
2625 0.183996 0.148484 0
2626 0.181969 0.143896 0
2627 0.180025 0.139275 0
2628 0.178163 0.134623 0
2629 0.176380 0.129939 0
2630 0.174675 0.125223 0
2631 0.173049 0.120476 0
2632 0.171497 0.115700 0
2633 0.170025 0.110918 0
2634 0.168623 0.106111 0
2635 0.167290 0.101278 0
2636 0.166026 0.096420 0
2637 0.164835 0.091556 0
2638 0.163713 0.086683 0
2639 0.162654 0.081779 0
2640 0.161657 0.076869 0
2641 0.160722 0.071954 0
2642 0.159841 0.067014 0
2643 0.159017 0.062074 0
2644 0.158244 0.057112 0
2645 0.157521 0.052155 0
2646 0.156843 0.047185 0
2647 0.156208 0.042210 0
2648 0.155615 0.037242 0
2649 0.155072 0.032271 0
2650 0.154589 0.027279 0
2651 0.154182 0.022282 0
2652 0.153858 0.017290 0
2653 0.153616 0.012292 0
2654 0.153457 0.007283 0
2655 0.153379 0.002280 0
2656 0.153383 -0.002722 0
2657 0.153467 -0.007725 0
2658 0.153634 -0.012734 0
2659 0.153883 -0.017733 0
2660 0.154215 -0.022727 0
2661 0.154629 -0.027727 0
2662 0.155118 -0.032723 0
2663 0.155667 -0.037698 0
2664 0.156264 -0.042669 0
2665 0.156903 -0.047646 0
2666 0.157585 -0.052617 0
2667 0.158313 -0.057574 0
2668 0.159087 -0.062514 0
2669 0.159916 -0.067454 0
2670 0.160801 -0.072394 0
2671 0.161742 -0.077308 0
2672 0.162744 -0.082218 0
2673 0.163809 -0.087121 0
2674 0.164937 -0.091993 0
2675 0.166134 -0.096856 0
2676 0.167405 -0.101714 0
2677 0.168744 -0.106546 0
2678 0.170153 -0.111352 0
2679 0.171632 -0.116134 0
2680 0.173183 -0.120888 0
2681 0.174817 -0.125634 0
2682 0.176529 -0.130348 0
2683 0.178319 -0.135031 0
2684 0.180189 -0.139682 0
2685 0.182140 -0.144302 0
2686 0.184176 -0.148888 0
2687 0.186298 -0.153439 0
2688 0.188500 -0.157935 0
2689 0.190792 -0.162396 0
2690 0.193167 -0.166799 0
2691 0.195639 -0.171162 0
2692 0.198199 -0.175461 0
2693 0.200862 -0.179722 0
2694 0.203618 -0.183919 0
2695 0.206469 -0.188051 0
2696 0.209415 -0.192119 0
2697 0.212442 -0.196100 0
2698 0.215570 -0.200010 0
2699 0.218800 -0.203846 0
2700 0.222115 -0.207589 0
2701 0.225533 -0.211257 0
2702 0.229040 -0.214825 0
2703 0.232655 -0.218311 0
2704 0.236361 -0.221694 0
2705 0.240156 -0.224971 0
2706 0.244044 -0.228138 0
2707 0.248024 -0.231194 0
2708 0.252095 -0.234138 0
2709 0.256254 -0.236966 0
2710 0.260475 -0.239657 0
2711 0.264784 -0.242224 0
2712 0.269182 -0.244666 0
2713 0.273637 -0.246965 0
2714 0.278173 -0.249134 0
2715 0.282755 -0.251155 0
2716 0.287412 -0.253039 0
2717 0.292108 -0.254771 0
2718 0.296874 -0.256362 0
2719 0.301670 -0.257796 0
2720 0.306530 -0.259082 0
2721 0.311408 -0.260211 0
2722 0.316339 -0.261191 0
2723 0.321274 -0.262015 0
2724 0.326249 -0.262688 0
2725 0.331261 -0.263210 0
2726 0.336256 -0.263577 0
2727 0.341271 -0.263797 0
2728 0.346302 -0.263869 0
2729 0.351341 -0.263794 0
2730 0.356381 -0.263575 0
2731 0.361413 -0.263217 0
2732 0.366428 -0.262722 0
2733 0.371417 -0.262093 0
2734 0.376371 -0.261335 0
2735 0.381343 -0.260443 0
2736 0.386260 -0.259433 0
2737 0.391178 -0.258296 0
2738 0.396089 -0.257033 0
2739 0.400918 -0.255669 0
2740 0.405725 -0.254192 0
2741 0.408729 -0.253210 0
2742 0.411780 -0.252166 0
2743 0.414878 -0.251059 0
2744 0.418022 -0.249884 0
2745 0.421214 -0.248640 0
2746 0.424454 -0.247325 0
2747 0.427742 -0.245935 0
2748 0.431077 -0.244468 0
2749 0.434461 -0.242922 0
2750 0.437892 -0.241292 0
2751 0.441372 -0.239576 0
2752 0.444901 -0.237773 0
2753 0.448479 -0.235880 0
2754 0.452107 -0.233893 0
2755 0.455781 -0.231808 0
2756 0.459500 -0.229622 0
2757 0.463263 -0.227331 0
2758 0.467071 -0.224932 0
2759 0.470923 -0.222424 0
2760 0.474818 -0.219804 0
2761 0.478751 -0.217067 0
2762 0.482721 -0.214209 0
2763 0.486724 -0.211227 0
2764 0.490759 -0.208119 0
2765 0.494823 -0.204884 0
2766 0.498910 -0.201518 0
2767 0.503015 -0.198017 0
2768 0.507136 -0.194380 0
2769 0.511268 -0.190606 0
2770 0.515405 -0.186693 0
2771 0.519539 -0.182638 0
2772 0.523665 -0.178440 0
2773 0.527776 -0.174098 0
2774 0.531863 -0.169612 0
2775 0.535920 -0.164981 0
2776 0.539939 -0.160208 0
2777 0.543908 -0.155291 0
2778 0.547821 -0.150233 0
2779 0.551667 -0.145036 0
2780 0.555435 -0.139701 0
2781 0.559116 -0.134231 0
2782 0.562698 -0.128628 0
2783 0.566172 -0.122896 0
2784 0.569527 -0.117038 0
2785 0.572752 -0.111057 0
2786 0.575837 -0.104958 0
2787 0.578771 -0.098745 0
2788 0.581545 -0.092420 0
2789 0.584149 -0.085988 0
2790 0.586577 -0.079453 0
2791 0.588820 -0.072820 0
2792 0.590873 -0.066093 0
2793 0.592731 -0.059276 0
2794 0.594388 -0.052377 0
2795 0.595840 -0.045405 0
2796 0.597086 -0.038366 0
2797 0.598122 -0.031270 0
2798 0.598947 -0.024125 0
2799 0.599560 -0.016942 0
2800 0.599958 -0.009734 0
2801 0.600134 -0.003063 0
2802 0.600127 0.003610 0
2803 0.600758 0.009024 0
2804 0.600383 0.016232 0
2805 0.599794 0.023415 0
2806 0.598993 0.030562 0
2807 0.597982 0.037662 0
2808 0.596762 0.044705 0
2809 0.595337 0.051683 0
2810 0.593707 0.058588 0
2811 0.591877 0.065412 0
2812 0.589852 0.072149 0
2813 0.587636 0.078792 0
2814 0.585235 0.085337 0
2815 0.582657 0.091781 0
2816 0.579909 0.098120 0
2817 0.577000 0.104348 0
2818 0.573939 0.110462 0
2819 0.570737 0.116461 0
2820 0.567403 0.122337 0
2821 0.563950 0.128089 0
2822 0.560387 0.133714 0
2823 0.556724 0.139206 0
2824 0.552973 0.144566 0
2825 0.549143 0.149788 0
2826 0.545245 0.154872 0
2827 0.541288 0.159816 0
2828 0.537282 0.164618 0
2829 0.533235 0.169279 0
2830 0.529158 0.173796 0
2831 0.525056 0.178169 0
2832 0.520937 0.182399 0
2833 0.516810 0.186486 0
2834 0.512679 0.190433 0
2835 0.508552 0.194240 0
2836 0.504435 0.197911 0
2837 0.500334 0.201446 0
2838 0.496250 0.204846 0
2839 0.492189 0.208115 0
2840 0.488155 0.211256 0
2841 0.484154 0.214273 0
2842 0.480186 0.217166 0
2843 0.476253 0.219938 0
2844 0.472359 0.222592 0
2845 0.468507 0.225135 0
2846 0.464699 0.227567 0
2847 0.460935 0.229892 0
2848 0.457216 0.232113 0
2849 0.453542 0.234232 0
2850 0.449914 0.236252 0
2851 0.446335 0.238178 0
2852 0.442806 0.240014 0
2853 0.439326 0.241763 0
2854 0.435894 0.243426 0
2855 0.432510 0.245005 0
2856 0.429174 0.246505 0
2857 0.425886 0.247927 0
2858 0.422646 0.249275 0
2859 0.419453 0.250552 0
2860 0.416309 0.251758 0
2861 0.413211 0.252898 0
2862 0.410161 0.253973 0
2863 0.407157 0.254986 0
2864 0.404199 0.255940 0
2865 0.399395 0.257396 0
2866 0.394572 0.258737 0
2867 0.389671 0.259976 0
2868 0.384767 0.261090 0
2869 0.379804 0.262090 0
2870 0.374856 0.262959 0
2871 0.369870 0.263703 0
2872 0.364857 0.264315 0
2873 0.359824 0.264793 0
2874 0.354835 0.265130 0
2875 0.349789 0.265332 0
2876 0.344749 0.265389 0
2877 0.339723 0.265299 0
2878 0.334717 0.265063 0
2879 0.329690 0.264677 0
2880 0.324697 0.264140 0
2881 0.319743 0.263453 0
2882 0.314791 0.262611 0
2883 0.309889 0.261621 0
2884 0.305004 0.260476 0
2885 0.300142 0.259175 0
2886 0.295348 0.257727 0
2887 0.290588 0.256125 0
2888 0.285871 0.254371 0
2889 0.281232 0.252480 0
2890 0.276639 0.250440 0
2891 0.272126 0.248269 0
2892 0.267666 0.245957 0
2893 0.263295 0.243520 0
2894 0.258989 0.240944 0
2895 0.254775 0.238247 0
2896 0.250625 0.235416 0
2897 0.246565 0.232471 0
2898 0.242597 0.229417 0
2899 0.238703 0.226237 0
2900 0.234904 0.222950 0
2901 0.231198 0.219558 0
2902 0.227583 0.216065 0
2903 0.224079 0.212492 0
2904 0.220666 0.208822 0
2905 0.217340 0.205058 0
2906 0.214117 0.201224 0
2907 0.210982 0.197298 0
2908 0.207949 0.193302 0
2909 0.205013 0.189242 0
2910 0.202173 0.185120 0
2911 0.199428 0.180934 0
2912 0.196776 0.176688 0
2913 0.194214 0.172383 0
2914 0.191743 0.168017 0
2915 0.189368 0.163609 0
2916 0.187076 0.159147 0
2917 0.184875 0.154651 0
2918 0.182753 0.150100 0
2919 0.180719 0.145515 0
2920 0.178769 0.140897 0
2921 0.176899 0.136247 0
2922 0.175109 0.131567 0
2923 0.173398 0.126856 0
2924 0.171764 0.122114 0
2925 0.170205 0.117344 0
2926 0.168718 0.112549 0
2927 0.167309 0.107751 0
2928 0.165969 0.102930 0
2929 0.164697 0.098083 0
2930 0.163499 0.093229 0
2931 0.162366 0.088342 0
2932 0.161299 0.083446 0
2933 0.160295 0.078541 0
2934 0.159347 0.073610 0
2935 0.158458 0.068676 0
2936 0.157626 0.063740 0
2937 0.156843 0.058783 0
2938 0.156110 0.053829 0
2939 0.155421 0.048859 0
2940 0.154772 0.043881 0
2941 0.154160 0.038906 0
2942 0.153590 0.033931 0
2943 0.153074 0.028942 0
2944 0.152635 0.023958 0
2945 0.152279 0.018963 0
2946 0.152007 0.013967 0
2947 0.151819 0.008960 0
2948 0.151714 0.003961 0
2949 0.151691 -0.001056 0
2950 0.151748 -0.006073 0
2951 0.151888 -0.011075 0
2952 0.152111 -0.016085 0
2953 0.152419 -0.021088 0
2954 0.152811 -0.026073 0
2955 0.153284 -0.031055 0
2956 0.153826 -0.036044 0
2957 0.154415 -0.041017 0
2958 0.155040 -0.045983 0
2959 0.155704 -0.050947 0
2960 0.156409 -0.055898 0
2961 0.157162 -0.060854 0
2962 0.157963 -0.065790 0
2963 0.158819 -0.070725 0
2964 0.159732 -0.075658 0
2965 0.160700 -0.080565 0
2966 0.161730 -0.085467 0
2967 0.162823 -0.090359 0
2968 0.163985 -0.095241 0
2969 0.165213 -0.100092 0
2970 0.166515 -0.104936 0
2971 0.167886 -0.109756 0
2972 0.169327 -0.114553 0
2973 0.170839 -0.119325 0
2974 0.172425 -0.124071 0
2975 0.174086 -0.128788 0
2976 0.175832 -0.133495 0
2977 0.177658 -0.138171 0
2978 0.179564 -0.142816 0
2979 0.181543 -0.147408 0
2980 0.183607 -0.151967 0
2981 0.185759 -0.156491 0
2982 0.188001 -0.160981 0
2983 0.190324 -0.165418 0
2984 0.192742 -0.169817 0
2985 0.195248 -0.174154 0
2986 0.197844 -0.178431 0
2987 0.200531 -0.182649 0
2988 0.203311 -0.186805 0
2989 0.206187 -0.190898 0
2990 0.209159 -0.194928 0
2991 0.212228 -0.198892 0
2992 0.215402 -0.202785 0
2993 0.218663 -0.206587 0
2994 0.222027 -0.210317 0
2995 0.225480 -0.213952 0
2996 0.229024 -0.217489 0
2997 0.232659 -0.220926 0
2998 0.236385 -0.224262 0
2999 0.240202 -0.227493 0
3000 0.244115 -0.230615 0
3001 0.248122 -0.233629 0
3002 0.252220 -0.236534 0
3003 0.256383 -0.239306 0
3004 0.260636 -0.241959 0
3005 0.264981 -0.244490 0
3006 0.269391 -0.246880 0
3007 0.273859 -0.249131 0
3008 0.278407 -0.251254 0
3009 0.283003 -0.253231 0
3010 0.287676 -0.255071 0
3011 0.292394 -0.256760 0
3012 0.297185 -0.258310 0
3013 0.302011 -0.259703 0
3014 0.306864 -0.260939 0
3015 0.311778 -0.262029 0
3016 0.316705 -0.262964 0
3017 0.321681 -0.263749 0
3018 0.326658 -0.264378 0
3019 0.331673 -0.264856 0
3020 0.336672 -0.265181 0
3021 0.341695 -0.265360 0
3022 0.346735 -0.265392 0
3023 0.351734 -0.265279 0
3024 0.356734 -0.265026 0
3025 0.361726 -0.264637 0
3026 0.366701 -0.264114 0
3027 0.371711 -0.263451 0
3028 0.376690 -0.262660 0
3029 0.381627 -0.261746 0
3030 0.386574 -0.260702 0
3031 0.391460 -0.259546 0
3032 0.396339 -0.258268 0
3033 0.401207 -0.256868 0
3034 0.405984 -0.255378 0
3035 0.408969 -0.254388 0
3036 0.412000 -0.253338 0
3037 0.415078 -0.252224 0
3038 0.418203 -0.251045 0
3039 0.421376 -0.249796 0
3040 0.424597 -0.248477 0
3041 0.427865 -0.247085 0
3042 0.431182 -0.245617 0
3043 0.434546 -0.244070 0
3044 0.437958 -0.242440 0
3045 0.441418 -0.240726 0
3046 0.444927 -0.238926 0
3047 0.448486 -0.237036 0
3048 0.452094 -0.235054 0
3049 0.455749 -0.232975 0
3050 0.459450 -0.230796 0
3051 0.463195 -0.228513 0
3052 0.466984 -0.226124 0
3053 0.470818 -0.223626 0
3054 0.474695 -0.221017 0
3055 0.478612 -0.218293 0
3056 0.482565 -0.215450 0
3057 0.486553 -0.212483 0
3058 0.490573 -0.209392 0
3059 0.494623 -0.206175 0
3060 0.498697 -0.202829 0
3061 0.502791 -0.199348 0
3062 0.506901 -0.195733 0
3063 0.511024 -0.191981 0
3064 0.515154 -0.188092 0
3065 0.519282 -0.184062 0
3066 0.523405 -0.179890 0
3067 0.527514 -0.175575 0
3068 0.531601 -0.171117 0
3069 0.535660 -0.166514 0
3070 0.539683 -0.161770 0
3071 0.543660 -0.156884 0
3072 0.547582 -0.151856 0
3073 0.551441 -0.146691 0
3074 0.555224 -0.141387 0
3075 0.558923 -0.135949 0
3076 0.562526 -0.130378 0
3077 0.566024 -0.124677 0
3078 0.569408 -0.118852 0
3079 0.572663 -0.112903 0
3080 0.575782 -0.106835 0
3081 0.578754 -0.100654 0
3082 0.581568 -0.094360 0
3083 0.584215 -0.087958 0
3084 0.586688 -0.081454 0
3085 0.588979 -0.074851 0
3086 0.591082 -0.068152 0
3087 0.592991 -0.061363 0
3088 0.594702 -0.054490 0
3089 0.596211 -0.047541 0
3090 0.597514 -0.040524 0
3091 0.598609 -0.033447 0
3092 0.599495 -0.026318 0
3093 0.600170 -0.019148 0
3094 0.600632 -0.011949 0
3095 0.600873 -0.005075 0
3096 0.600919 0.001803 0
3097 0.601391 0.010823 0
3098 0.600964 0.018024 0
3099 0.600325 0.025196 0
3100 0.599476 0.032330 0
3101 0.598417 0.039414 0
3102 0.597152 0.046440 0
3103 0.595681 0.053398 0
3104 0.594009 0.060282 0
3105 0.592137 0.067084 0
3106 0.590072 0.073796 0
3107 0.587819 0.080415 0
3108 0.585382 0.086935 0
3109 0.582770 0.093354 0
3110 0.579991 0.099668 0
3111 0.577052 0.105870 0
3112 0.573964 0.111959 0
3113 0.570739 0.117933 0
3114 0.567383 0.123783 0
3115 0.563911 0.129510 0
3116 0.560332 0.135110 0
3117 0.556655 0.140577 0
3118 0.552893 0.145912 0
3119 0.549053 0.151110 0
3120 0.545148 0.156171 0
3121 0.541186 0.161092 0
3122 0.537177 0.165871 0
3123 0.533130 0.170510 0
3124 0.529053 0.175006 0
3125 0.524953 0.179359 0
3126 0.520838 0.183570 0
3127 0.516716 0.187639 0
3128 0.512591 0.191568 0
3129 0.508472 0.195359 0
3130 0.504364 0.199014 0
3131 0.500273 0.202534 0
3132 0.496200 0.205921 0
3133 0.492150 0.209177 0
3134 0.488130 0.212307 0
3135 0.484142 0.215314 0
3136 0.480187 0.218197 0
3137 0.476268 0.220960 0
3138 0.472388 0.223608 0
3139 0.468552 0.226144 0
3140 0.464760 0.228572 0
3141 0.461012 0.230892 0
3142 0.457308 0.233110 0
3143 0.453649 0.235226 0
3144 0.450038 0.237245 0
3145 0.446475 0.239171 0
3146 0.442963 0.241008 0
3147 0.439500 0.242758 0
3148 0.436084 0.244422 0
3149 0.432716 0.246005 0
3150 0.429396 0.247508 0
3151 0.426123 0.248935 0
3152 0.422899 0.250288 0
3153 0.419723 0.251571 0
3154 0.416595 0.252784 0
3155 0.413514 0.253931 0
3156 0.410480 0.255014 0
3157 0.407493 0.256036 0
3158 0.404550 0.257000 0
3159 0.399771 0.258472 0
3160 0.394905 0.259850 0
3161 0.390031 0.261107 0
3162 0.385155 0.262242 0
3163 0.380221 0.263265 0
3164 0.375301 0.264160 0
3165 0.370345 0.264932 0
3166 0.365361 0.265576 0
3167 0.360359 0.266088 0
3168 0.355348 0.266464 0
3169 0.350334 0.266704 0
3170 0.345327 0.266802 0
3171 0.340285 0.266755 0
3172 0.335266 0.266562 0
3173 0.330273 0.266222 0
3174 0.325270 0.265731 0
3175 0.320307 0.265091 0
3176 0.315349 0.264296 0
3177 0.310403 0.263346 0
3178 0.305513 0.262250 0
3179 0.300649 0.261000 0
3180 0.295818 0.259593 0
3181 0.291059 0.258044 0
3182 0.286344 0.256347 0
3183 0.281678 0.254502 0
3184 0.277063 0.252507 0
3185 0.272530 0.250382 0
3186 0.268051 0.248118 0
3187 0.263633 0.245715 0
3188 0.259309 0.243191 0
3189 0.255056 0.240531 0
3190 0.250896 0.237753 0
3191 0.246803 0.234846 0
3192 0.242802 0.231832 0
3193 0.238877 0.228696 0
3194 0.235052 0.225452 0
3195 0.231321 0.222105 0
3196 0.227682 0.218658 0
3197 0.224137 0.215114 0
3198 0.220686 0.211475 0
3199 0.217325 0.207741 0
3200 0.214068 0.203939 0
3201 0.210900 0.200049 0
3202 0.207837 0.196088 0
3203 0.204858 0.192043 0
3204 0.201976 0.187938 0
3205 0.199191 0.183771 0
3206 0.196501 0.179543 0
3207 0.193903 0.175259 0
3208 0.191396 0.170916 0
3209 0.188989 0.166531 0
3210 0.186666 0.162089 0
3211 0.184423 0.157596 0
3212 0.182272 0.153070 0
3213 0.180209 0.148509 0
3214 0.178230 0.143914 0
3215 0.176325 0.139268 0
3216 0.174499 0.134592 0
3217 0.172752 0.129885 0
3218 0.171091 0.125169 0
3219 0.169505 0.120425 0
3220 0.167992 0.115657 0
3221 0.166550 0.110866 0
3222 0.165177 0.106053 0
3223 0.163874 0.101215 0
3224 0.162644 0.096368 0
3225 0.161481 0.091488 0
3226 0.160387 0.086598 0
3227 0.159356 0.081697 0
3228 0.158385 0.076790 0
3229 0.157468 0.071859 0
3230 0.156609 0.066925 0
3231 0.155804 0.061990 0
3232 0.155046 0.057033 0
3233 0.154335 0.052078 0
3234 0.153665 0.047107 0
3235 0.153029 0.042131 0
3236 0.152425 0.037166 0
3237 0.151862 0.032192 0
3238 0.151361 0.027213 0
3239 0.150943 0.022218 0
3240 0.150613 0.017210 0
3241 0.150370 0.012215 0
3242 0.150211 0.007210 0
3243 0.150134 0.002210 0
3244 0.150139 -0.002808 0
3245 0.150226 -0.007808 0
3246 0.150395 -0.012814 0
3247 0.150648 -0.017810 0
3248 0.150987 -0.022800 0
3249 0.151415 -0.027799 0
3250 0.151925 -0.032785 0
3251 0.152495 -0.037766 0
3252 0.153104 -0.042735 0
3253 0.153743 -0.047714 0
3254 0.154419 -0.052686 0
3255 0.155135 -0.057642 0
3256 0.155899 -0.062598 0
3257 0.156710 -0.067533 0
3258 0.157576 -0.072466 0
3259 0.158500 -0.077397 0
3260 0.159478 -0.082304 0
3261 0.160517 -0.087203 0
3262 0.161619 -0.092092 0
3263 0.162791 -0.096970 0
3264 0.164029 -0.101815 0
3265 0.165342 -0.106653 0
3266 0.166723 -0.111465 0
3267 0.168175 -0.116256 0
3268 0.169697 -0.121023 0
3269 0.171293 -0.125766 0
3270 0.172965 -0.130481 0
3271 0.174715 -0.135166 0
3272 0.176543 -0.139820 0
3273 0.178450 -0.144444 0
3274 0.180439 -0.149037 0
3275 0.182513 -0.153597 0
3276 0.184676 -0.158121 0
3277 0.186919 -0.162593 0
3278 0.189254 -0.167032 0
3279 0.191673 -0.171415 0
3280 0.194192 -0.175756 0
3281 0.196803 -0.180037 0
3282 0.199507 -0.184262 0
3283 0.202305 -0.188427 0
3284 0.205202 -0.192528 0
3285 0.208181 -0.196551 0
3286 0.211259 -0.200508 0
3287 0.214442 -0.204394 0
3288 0.217715 -0.208193 0
3289 0.221075 -0.211903 0
3290 0.224542 -0.215538 0
3291 0.228105 -0.219076 0
3292 0.231761 -0.222518 0
3293 0.235510 -0.225859 0
3294 0.239354 -0.229095 0
3295 0.243277 -0.232207 0
3296 0.247297 -0.235215 0
3297 0.251385 -0.238098 0
3298 0.255564 -0.240867 0
3299 0.259838 -0.243518 0
3300 0.264183 -0.246033 0
3301 0.268594 -0.248410 0
3302 0.273065 -0.250650 0
3303 0.277618 -0.252765 0
3304 0.282222 -0.254734 0
3305 0.286909 -0.256568 0
3306 0.291645 -0.258253 0
3307 0.296426 -0.259788 0
3308 0.301243 -0.261170 0
3309 0.306090 -0.262396 0
3310 0.311000 -0.263477 0
3311 0.315926 -0.264405 0
3312 0.320905 -0.265185 0
3313 0.325888 -0.265809 0
3314 0.330866 -0.266279 0
3315 0.335878 -0.266601 0
3316 0.340918 -0.266777 0
3317 0.345930 -0.266806 0
3318 0.350956 -0.266690 0
3319 0.355989 -0.266432 0
3320 0.361020 -0.266036 0
3321 0.366042 -0.265504 0
3322 0.371046 -0.264839 0
3323 0.376023 -0.264044 0
3324 0.380962 -0.263127 0
3325 0.385916 -0.262081 0
3326 0.390812 -0.260922 0
3327 0.395707 -0.259639 0
3328 0.400522 -0.258256 0
3329 0.405320 -0.256759 0
3330 0.408274 -0.255781 0
3331 0.411273 -0.254743 0
3332 0.414318 -0.253643 0
3333 0.417411 -0.252480 0
3334 0.420551 -0.251249 0
3335 0.423739 -0.249948 0
3336 0.426975 -0.248576 0
3337 0.430260 -0.247129 0
3338 0.433592 -0.245606 0
3339 0.436972 -0.244003 0
3340 0.440399 -0.242316 0
3341 0.443874 -0.240544 0
3342 0.447399 -0.238685 0
3343 0.450973 -0.236736 0
3344 0.454597 -0.234692 0
3345 0.458266 -0.232550 0
3346 0.461981 -0.230307 0
3347 0.465740 -0.227959 0
3348 0.469543 -0.225504 0
3349 0.473390 -0.222940 0
3350 0.477279 -0.220263 0
3351 0.481207 -0.217470 0
3352 0.485170 -0.214555 0
3353 0.489165 -0.211517 0
3354 0.493193 -0.208355 0
3355 0.497249 -0.205067 0
3356 0.501326 -0.201646 0
3357 0.505421 -0.198092 0
3358 0.509531 -0.194403 0
3359 0.513652 -0.190577 0
3360 0.517775 -0.186613 0
3361 0.521895 -0.182508 0
3362 0.526007 -0.178262 0
3363 0.530101 -0.173874 0
3364 0.534170 -0.169341 0
3365 0.538207 -0.164668 0
3366 0.542205 -0.159853 0
3367 0.546152 -0.154896 0
3368 0.550041 -0.149802 0
3369 0.553861 -0.144569 0
3370 0.557602 -0.139201 0
3371 0.561254 -0.133700 0
3372 0.564806 -0.128069 0
3373 0.568249 -0.122311 0
3374 0.571572 -0.116430 0
3375 0.574763 -0.110427 0
3376 0.577814 -0.104310 0
3377 0.580713 -0.098080 0
3378 0.583450 -0.091739 0
3379 0.586018 -0.085295 0
3380 0.588408 -0.078750 0
3381 0.590614 -0.072108 0
3382 0.592631 -0.065372 0
3383 0.594452 -0.058550 0
3384 0.596073 -0.051647 0
3385 0.597492 -0.044671 0
3386 0.598705 -0.037630 0
3387 0.599711 -0.030533 0
3388 0.600507 -0.023388 0
3389 0.601092 -0.016208 0
3390 0.601465 -0.009002 0
3391 0.601617 -0.002698 0
3392 0.601605 0.003607 0
3393 0.602098 0.010818 0
3394 0.601673 0.018015 0
3395 0.601038 0.025185 0
3396 0.600193 0.032316 0
3397 0.599139 0.039398 0
3398 0.597879 0.046421 0
3399 0.596416 0.053377 0
3400 0.594751 0.060259 0
3401 0.592888 0.067059 0
3402 0.590831 0.073771 0
3403 0.588587 0.080389 0
3404 0.586160 0.086909 0
3405 0.583557 0.093328 0
3406 0.580788 0.099643 0
3407 0.577859 0.105848 0
3408 0.574781 0.111940 0
3409 0.571565 0.117918 0
3410 0.568220 0.123773 0
3411 0.564757 0.129506 0
3412 0.561188 0.135113 0
3413 0.557521 0.140589 0
3414 0.553767 0.145933 0
3415 0.549937 0.151141 0
3416 0.546040 0.156213 0
3417 0.542087 0.161146 0
3418 0.538086 0.165938 0
3419 0.534047 0.170591 0
3420 0.529977 0.175102 0
3421 0.525885 0.179470 0
3422 0.521776 0.183697 0
3423 0.517661 0.187783 0
3424 0.513543 0.191730 0
3425 0.509429 0.195539 0
3426 0.505328 0.199212 0
3427 0.501242 0.202752 0
3428 0.497175 0.206158 0
3429 0.493130 0.209434 0
3430 0.489115 0.212584 0
3431 0.485132 0.215611 0
3432 0.481182 0.218516 0
3433 0.477267 0.221301 0
3434 0.473392 0.223970 0
3435 0.469561 0.226528 0
3436 0.465773 0.228977 0
3437 0.462029 0.231320 0
3438 0.458330 0.233559 0
3439 0.454675 0.235698 0
3440 0.451068 0.237740 0
3441 0.447510 0.239689 0
3442 0.444002 0.241548 0
3443 0.440543 0.243321 0
3444 0.437132 0.245009 0
3445 0.433768 0.246614 0
3446 0.430451 0.248141 0
3447 0.427183 0.249591 0
3448 0.423963 0.250968 0
3449 0.420792 0.252274 0
3450 0.417668 0.253511 0
3451 0.414592 0.254682 0
3452 0.411562 0.255789 0
3453 0.408579 0.256835 0
3454 0.405640 0.257822 0
3455 0.400868 0.259334 0
3456 0.396009 0.260754 0
3457 0.391143 0.262055 0
3458 0.386274 0.263233 0
3459 0.381349 0.264302 0
3460 0.376378 0.265255 0
3461 0.371433 0.266075 0
3462 0.366462 0.266769 0
3463 0.361473 0.267332 0
3464 0.356476 0.267761 0
3465 0.351478 0.268056 0
3466 0.346435 0.268213 0
3467 0.341410 0.268225 0
3468 0.336407 0.268093 0
3469 0.331386 0.267814 0
3470 0.326401 0.267388 0
3471 0.321413 0.266809 0
3472 0.316432 0.266076 0
3473 0.311503 0.265196 0
3474 0.306593 0.264163 0
3475 0.301708 0.262978 0
3476 0.296856 0.261638 0
3477 0.292079 0.260155 0
3478 0.287346 0.258527 0
3479 0.282665 0.256752 0
3480 0.278039 0.254830 0
3481 0.273469 0.252763 0
3482 0.268954 0.250557 0
3483 0.264526 0.248230 0
3484 0.260166 0.245768 0
3485 0.255878 0.243172 0
3486 0.251664 0.240444 0
3487 0.247546 0.237601 0
3488 0.243497 0.234636 0
3489 0.239545 0.231569 0
3490 0.235674 0.228381 0
3491 0.231903 0.225088 0
3492 0.228226 0.221696 0
3493 0.224642 0.218209 0
3494 0.221137 0.214610 0
3495 0.217745 0.210936 0
3496 0.214440 0.207174 0
3497 0.211225 0.203328 0
3498 0.208102 0.199394 0
3499 0.205083 0.195393 0
3500 0.202161 0.191334 0
3501 0.199323 0.187195 0
3502 0.196583 0.182996 0
3503 0.193936 0.178742 0
3504 0.191382 0.174432 0
3505 0.188921 0.170060 0
3506 0.186556 0.165649 0
3507 0.184272 0.161188 0
3508 0.182071 0.156675 0
3509 0.179959 0.152127 0
3510 0.177935 0.147545 0
3511 0.175993 0.142932 0
3512 0.174132 0.138290 0
3513 0.172349 0.133617 0
3514 0.170644 0.128914 0
3515 0.169014 0.124183 0
3516 0.167459 0.119430 0
3517 0.165971 0.114635 0
3518 0.164559 0.109839 0
3519 0.163216 0.105016 0
3520 0.161942 0.100164 0
3521 0.160741 0.095301 0
3522 0.159610 0.090425 0
3523 0.158545 0.085537 0
3524 0.157537 0.080621 0
3525 0.156587 0.075701 0
3526 0.155695 0.070777 0
3527 0.154855 0.065830 0
3528 0.154068 0.060881 0
3529 0.153329 0.055929 0
3530 0.152635 0.050975 0
3531 0.151977 0.046005 0
3532 0.151346 0.041031 0
3533 0.150739 0.036059 0
3534 0.150175 0.031088 0
3535 0.149679 0.026100 0
3536 0.149275 0.021098 0
3537 0.148964 0.016099 0
3538 0.148739 0.011091 0
3539 0.148598 0.006090 0
3540 0.148539 0.001076 0
3541 0.148562 -0.003938 0
3542 0.148668 -0.008955 0
3543 0.148857 -0.013960 0
3544 0.149130 -0.018954 0
3545 0.149493 -0.023944 0
3546 0.149949 -0.028929 0
3547 0.150488 -0.033911 0
3548 0.151079 -0.038879 0
3549 0.151701 -0.043858 0
3550 0.152345 -0.048823 0
3551 0.153024 -0.053796 0
3552 0.153743 -0.058749 0
3553 0.154508 -0.063700 0
3554 0.155325 -0.068647 0
3555 0.156193 -0.073572 0
3556 0.157118 -0.078494 0
3557 0.158100 -0.083412 0
3558 0.159138 -0.088304 0
3559 0.160239 -0.093185 0
3560 0.161409 -0.098054 0
3561 0.162651 -0.102910 0
3562 0.163961 -0.107736 0
3563 0.165346 -0.112555 0
3564 0.166801 -0.117350 0
3565 0.168328 -0.122124 0
3566 0.169928 -0.126875 0
3567 0.171604 -0.131602 0
3568 0.173358 -0.136299 0
3569 0.175190 -0.140965 0
3570 0.177102 -0.145602 0
3571 0.179096 -0.150208 0
3572 0.181166 -0.154762 0
3573 0.183325 -0.159281 0
3574 0.185575 -0.163767 0
3575 0.187906 -0.168202 0
3576 0.190321 -0.172583 0
3577 0.192837 -0.176922 0
3578 0.195445 -0.181202 0
3579 0.198147 -0.185427 0
3580 0.200945 -0.189595 0
3581 0.203827 -0.193682 0
3582 0.206807 -0.197710 0
3583 0.209887 -0.201676 0
3584 0.213058 -0.205554 0
3585 0.216320 -0.209346 0
3586 0.219686 -0.213071 0
3587 0.223145 -0.216704 0
3588 0.226702 -0.220244 0
3589 0.230353 -0.223689 0
3590 0.234098 -0.227036 0
3591 0.237922 -0.230264 0
3592 0.241848 -0.233386 0
3593 0.245851 -0.236389 0
3594 0.249948 -0.239289 0
3595 0.254115 -0.242061 0
3596 0.258380 -0.244718 0
3597 0.262720 -0.247239 0
3598 0.267129 -0.249627 0
3599 0.271602 -0.251879 0
3600 0.276160 -0.254009 0
3601 0.280773 -0.255995 0
3602 0.285443 -0.257834 0
3603 0.290168 -0.259526 0
3604 0.294941 -0.261072 0
3605 0.299756 -0.262467 0
3606 0.304605 -0.263709 0
3607 0.309520 -0.264806 0
3608 0.314457 -0.265751 0
3609 0.319408 -0.266542 0
3610 0.324410 -0.267184 0
3611 0.329415 -0.267672 0
3612 0.334413 -0.268008 0
3613 0.339443 -0.268199 0
3614 0.344451 -0.268243 0
3615 0.349477 -0.268144 0
3616 0.354516 -0.267901 0
3617 0.359504 -0.267525 0
3618 0.364485 -0.267016 0
3619 0.369453 -0.266375 0
3620 0.374397 -0.265607 0
3621 0.379369 -0.264705 0
3622 0.384301 -0.263684 0
3623 0.389179 -0.262552 0
3624 0.394060 -0.261298 0
3625 0.398935 -0.259921 0
3626 0.403728 -0.258450 0
3627 0.408500 -0.256870 0
3628 0.411482 -0.255825 0
3629 0.414510 -0.254720 0
3630 0.417584 -0.253551 0
3631 0.420706 -0.252316 0
3632 0.423876 -0.251012 0
3633 0.427094 -0.249637 0
3634 0.430360 -0.248189 0
3635 0.433675 -0.246665 0
3636 0.437036 -0.245062 0
3637 0.440446 -0.243377 0
3638 0.443902 -0.241607 0
3639 0.447408 -0.239751 0
3640 0.450964 -0.237805 0
3641 0.454569 -0.235766 0
3642 0.458222 -0.233631 0
3643 0.461919 -0.231395 0
3644 0.465661 -0.229055 0
3645 0.469446 -0.226610 0
3646 0.473276 -0.224056 0
3647 0.477149 -0.221390 0
3648 0.481062 -0.218610 0
3649 0.485010 -0.215709 0
3650 0.488991 -0.212687 0
3651 0.493004 -0.209541 0
3652 0.497047 -0.206270 0
3653 0.501113 -0.202868 0
3654 0.505197 -0.199334 0
3655 0.509298 -0.195665 0
3656 0.513410 -0.191861 0
3657 0.517527 -0.187920 0
3658 0.521642 -0.183839 0
3659 0.525750 -0.179617 0
3660 0.529843 -0.175254 0
3661 0.533912 -0.170749 0
3662 0.537952 -0.166102 0
3663 0.541954 -0.161315 0
3664 0.545908 -0.156387 0
3665 0.549806 -0.151321 0
3666 0.553638 -0.146119 0
3667 0.557394 -0.140780 0
3668 0.561063 -0.135309 0
3669 0.564636 -0.129708 0
3670 0.568102 -0.123980 0
3671 0.571451 -0.118129 0
3672 0.574671 -0.112157 0
3673 0.577753 -0.106070 0
3674 0.580687 -0.099870 0
3675 0.583462 -0.093559 0
3676 0.586071 -0.087144 0
3677 0.588504 -0.080628 0
3678 0.590754 -0.074014 0
3679 0.592817 -0.067306 0
3680 0.594687 -0.060510 0
3681 0.596360 -0.053631 0
3682 0.597830 -0.046678 0
3683 0.599097 -0.039658 0
3684 0.600158 -0.032578 0
3685 0.601011 -0.025449 0
3686 0.601654 -0.018280 0
3687 0.602087 -0.011084 0
3688 0.602307 -0.003872 0
3689 0.602338 -0.000133 0
3690 0.602311 0.003606 0
3691 0.602807 0.010813 0
3692 0.602384 0.018006 0
3693 0.601752 0.025173 0
3694 0.600911 0.032300 0
3695 0.599862 0.039380 0
3696 0.598609 0.046400 0
3697 0.597152 0.053354 0
3698 0.595495 0.060233 0
3699 0.593640 0.067031 0
3700 0.591592 0.073741 0
3701 0.589357 0.080358 0
3702 0.586940 0.086878 0
3703 0.584347 0.093297 0
3704 0.581588 0.099614 0
3705 0.578669 0.105821 0
3706 0.575601 0.111916 0
3707 0.572395 0.117897 0
3708 0.569060 0.123758 0
3709 0.565607 0.129496 0
3710 0.562048 0.135110 0
3711 0.558390 0.140594 0
3712 0.554646 0.145947 0
3713 0.550825 0.151165 0
3714 0.546937 0.156247 0
3715 0.542993 0.161193 0
3716 0.539000 0.165998 0
3717 0.534969 0.170664 0
3718 0.530907 0.175190 0
3719 0.526822 0.179574 0
3720 0.522721 0.183817 0
3721 0.518612 0.187920 0
3722 0.514500 0.191884 0
3723 0.510393 0.195711 0
3724 0.506297 0.199403 0
3725 0.502217 0.202962 0
3726 0.498156 0.206388 0
3727 0.494117 0.209683 0
3728 0.490107 0.212853 0
3729 0.486129 0.215901 0
3730 0.482184 0.218827 0
3731 0.478274 0.221633 0
3732 0.474403 0.224324 0
3733 0.470576 0.226903 0
3734 0.466793 0.229374 0
3735 0.463053 0.231740 0
3736 0.459358 0.234002 0
3737 0.455708 0.236163 0
3738 0.452105 0.238228 0
3739 0.448551 0.240199 0
3740 0.445047 0.242082 0
3741 0.441593 0.243877 0
3742 0.438186 0.245588 0
3743 0.434826 0.247217 0
3744 0.431514 0.248766 0
3745 0.428249 0.250240 0
3746 0.425034 0.251641 0
3747 0.421866 0.252971 0
3748 0.418747 0.254232 0
3749 0.415675 0.255426 0
3750 0.412650 0.256557 0
3751 0.409671 0.257627 0
3752 0.406737 0.258639 0
3753 0.401971 0.260190 0
3754 0.397119 0.261652 0
3755 0.392260 0.262995 0
3756 0.387399 0.264218 0
3757 0.382483 0.265333 0
3758 0.377522 0.266333 0
3759 0.372587 0.267202 0
3760 0.367627 0.267948 0
3761 0.362650 0.268565 0
3762 0.357665 0.269049 0
3763 0.352627 0.269403 0
3764 0.347599 0.269619 0
3765 0.342587 0.269692 0
3766 0.337551 0.269621 0
3767 0.332547 0.269405 0
3768 0.327534 0.269040 0
3769 0.322522 0.268524 0
3770 0.317560 0.267861 0
3771 0.312611 0.267044 0
3772 0.307682 0.266075 0
3773 0.302779 0.264956 0
3774 0.297909 0.263683 0
3775 0.293080 0.262257 0
3776 0.288298 0.260685 0
3777 0.283572 0.258968 0
3778 0.278906 0.257105 0
3779 0.274303 0.255097 0
3780 0.269760 0.252949 0
3781 0.265277 0.250667 0
3782 0.260888 0.248266 0
3783 0.256572 0.245735 0
3784 0.252333 0.243071 0
3785 0.248172 0.240279 0
3786 0.244084 0.237363 0
3787 0.240092 0.234348 0
3788 0.236181 0.231216 0
3789 0.232355 0.227964 0
3790 0.228631 0.224611 0
3791 0.225000 0.221164 0
3792 0.221466 0.217626 0
3793 0.218015 0.213979 0
3794 0.214658 0.210243 0
3795 0.211407 0.206443 0
3796 0.208247 0.202559 0
3797 0.205181 0.198589 0
3798 0.202215 0.194561 0
3799 0.199334 0.190456 0
3800 0.196551 0.186291 0
3801 0.193865 0.182071 0
3802 0.191260 0.177780 0
3803 0.188761 0.173447 0
3804 0.186351 0.169055 0
3805 0.184025 0.164612 0
3806 0.181790 0.160138 0
3807 0.179637 0.155610 0
3808 0.177572 0.151048 0
3809 0.175591 0.146456 0
3810 0.173685 0.141815 0
3811 0.171858 0.137143 0
3812 0.170109 0.132441 0
3813 0.168437 0.127712 0
3814 0.166840 0.122961 0
3815 0.165316 0.118190 0
3816 0.163865 0.113398 0
3817 0.162483 0.108578 0
3818 0.161176 0.103747 0
3819 0.159936 0.098885 0
3820 0.158769 0.094010 0
3821 0.157670 0.089122 0
3822 0.156634 0.084225 0
3823 0.155652 0.079303 0
3824 0.154728 0.074376 0
3825 0.153860 0.069447 0
3826 0.153046 0.064513 0
3827 0.152281 0.059554 0
3828 0.151562 0.054589 0
3829 0.150884 0.049619 0
3830 0.150237 0.044652 0
3831 0.149609 0.039688 0
3832 0.148998 0.034719 0
3833 0.148433 0.029744 0
3834 0.147950 0.024760 0
3835 0.147567 0.019759 0
3836 0.147279 0.014755 0
3837 0.147077 0.009757 0
3838 0.146957 0.004748 0
3839 0.146920 -0.000256 0
3840 0.146966 -0.005261 0
3841 0.147094 -0.010271 0
3842 0.147304 -0.015269 0
3843 0.147602 -0.020274 0
3844 0.147994 -0.025260 0
3845 0.148487 -0.030249 0
3846 0.149059 -0.035231 0
3847 0.149673 -0.040207 0
3848 0.150303 -0.045175 0
3849 0.150952 -0.050143 0
3850 0.151634 -0.055112 0
3851 0.152358 -0.060076 0
3852 0.153129 -0.065034 0
3853 0.153948 -0.069968 0
3854 0.154822 -0.074897 0
3855 0.155752 -0.079823 0
3856 0.156735 -0.084725 0
3857 0.157777 -0.089621 0
3858 0.158883 -0.094508 0
3859 0.160057 -0.099382 0
3860 0.161304 -0.104242 0
3861 0.162619 -0.109071 0
3862 0.164008 -0.113890 0
3863 0.165467 -0.118682 0
3864 0.166998 -0.123452 0
3865 0.168604 -0.128203 0
3866 0.170284 -0.132931 0
3867 0.172042 -0.137632 0
3868 0.173877 -0.142302 0
3869 0.175793 -0.146942 0
3870 0.177783 -0.151533 0
3871 0.179858 -0.156093 0
3872 0.182021 -0.160619 0
3873 0.184266 -0.165091 0
3874 0.186603 -0.169533 0
3875 0.189024 -0.173922 0
3876 0.191535 -0.178253 0
3877 0.194141 -0.182523 0
3878 0.196840 -0.186741 0
3879 0.199635 -0.190903 0
3880 0.202530 -0.195006 0
3881 0.205509 -0.199032 0
3882 0.208589 -0.202998 0
3883 0.211763 -0.206878 0
3884 0.215030 -0.210675 0
3885 0.218386 -0.214389 0
3886 0.221836 -0.218014 0
3887 0.225386 -0.221547 0
3888 0.229032 -0.224989 0
3889 0.232773 -0.228337 0
3890 0.236596 -0.231566 0
3891 0.240525 -0.234692 0
3892 0.244534 -0.237702 0
3893 0.248617 -0.240595 0
3894 0.252796 -0.243380 0
3895 0.257054 -0.246035 0
3896 0.261390 -0.248558 0
3897 0.265799 -0.250950 0
3898 0.270274 -0.253209 0
3899 0.274807 -0.255334 0
3900 0.279400 -0.257319 0
3901 0.284054 -0.259159 0
3902 0.288766 -0.260854 0
3903 0.293531 -0.262406 0
3904 0.298342 -0.263811 0
3905 0.303190 -0.265065 0
3906 0.308070 -0.266166 0
3907 0.313013 -0.267124 0
3908 0.317975 -0.267931 0
3909 0.322952 -0.268583 0
3910 0.327935 -0.269083 0
3911 0.332961 -0.269436 0
3912 0.337979 -0.269641 0
3913 0.342980 -0.269700 0
3914 0.348005 -0.269615 0
3915 0.353046 -0.269387 0
3916 0.358043 -0.269025 0
3917 0.363040 -0.268529 0
3918 0.368028 -0.267901 0
3919 0.373000 -0.267142 0
3920 0.377947 -0.266260 0
3921 0.382857 -0.265260 0
3922 0.387784 -0.264134 0
3923 0.392654 -0.262899 0
3924 0.397523 -0.261543 0
3925 0.402314 -0.260090 0
3926 0.407088 -0.258527 0
3927 0.410027 -0.257509 0
3928 0.413012 -0.256432 0
3929 0.416042 -0.255294 0
3930 0.419119 -0.254092 0
3931 0.422243 -0.252823 0
3932 0.425415 -0.251485 0
3933 0.428636 -0.250076 0
3934 0.431906 -0.248593 0
3935 0.435223 -0.247034 0
3936 0.438588 -0.245396 0
3937 0.442000 -0.243676 0
3938 0.445459 -0.241871 0
3939 0.448968 -0.239978 0
3940 0.452527 -0.237996 0
3941 0.456135 -0.235921 0
3942 0.459790 -0.233748 0
3943 0.463490 -0.231475 0
3944 0.467234 -0.229097 0
3945 0.471021 -0.226614 0
3946 0.474853 -0.224022 0
3947 0.478728 -0.221319 0
3948 0.482641 -0.218499 0
3949 0.486589 -0.215560 0
3950 0.490570 -0.212499 0
3951 0.494583 -0.209315 0
3952 0.498624 -0.206005 0
3953 0.502687 -0.202565 0
3954 0.506768 -0.198991 0
3955 0.510865 -0.195284 0
3956 0.514972 -0.191443 0
3957 0.519083 -0.187463 0
3958 0.523190 -0.183345 0
3959 0.527289 -0.179087 0
3960 0.531372 -0.174687 0
3961 0.535429 -0.170146 0
3962 0.539456 -0.165465 0
3963 0.543443 -0.160645 0
3964 0.547380 -0.155685 0
3965 0.551261 -0.150588 0
3966 0.555073 -0.145355 0
3967 0.558807 -0.139988 0
3968 0.562454 -0.134490 0
3969 0.566001 -0.128863 0
3970 0.569441 -0.123112 0
3971 0.572762 -0.117238 0
3972 0.575952 -0.111244 0
3973 0.579003 -0.105138 0
3974 0.581904 -0.098919 0
3975 0.584645 -0.092591 0
3976 0.587218 -0.086161 0
3977 0.589615 -0.079631 0
3978 0.591830 -0.073004 0
3979 0.593856 -0.066284 0
3980 0.595689 -0.059478 0
3981 0.597324 -0.052591 0
3982 0.598758 -0.045630 0
3983 0.599989 -0.038602 0
3984 0.601014 -0.031517 0
3985 0.601832 -0.024385 0
3986 0.602441 -0.017215 0
3987 0.602841 -0.010020 0
3988 0.603025 -0.003209 0
3989 0.603019 0.003604 0
3990 0.603517 0.010807 0
3991 0.603096 0.017996 0
3992 0.602467 0.025159 0
3993 0.601630 0.032283 0
3994 0.600587 0.039359 0
3995 0.599339 0.046377 0
3996 0.597890 0.053328 0
3997 0.596240 0.060204 0
3998 0.594394 0.066999 0
3999 0.592355 0.073708 0
4000 0.590130 0.080324 0
4001 0.587722 0.086843 0
4002 0.585140 0.093262 0
4003 0.582390 0.099579 0
4004 0.579482 0.105788 0
4005 0.576425 0.111886 0
4006 0.573229 0.117870 0
4007 0.569904 0.123736 0
4008 0.566462 0.129480 0
4009 0.562912 0.135100 0
4010 0.559265 0.140592 0
4011 0.555530 0.145954 0
4012 0.551718 0.151182 0
4013 0.547839 0.156275 0
4014 0.543904 0.161232 0
4015 0.539920 0.166050 0
4016 0.535896 0.170730 0
4017 0.531843 0.175270 0
4018 0.527765 0.179670 0
4019 0.523671 0.183929 0
4020 0.519569 0.188049 0
4021 0.515464 0.192031 0
4022 0.511363 0.195875 0
4023 0.507273 0.199586 0
4024 0.503199 0.203164 0
4025 0.499143 0.206609 0
4026 0.495109 0.209925 0
4027 0.491104 0.213115 0
4028 0.487131 0.216183 0
4029 0.483191 0.219130 0
4030 0.479286 0.221958 0
4031 0.475420 0.224670 0
4032 0.471597 0.227271 0
4033 0.467818 0.229765 0
4034 0.464083 0.232152 0
4035 0.460392 0.234437 0
4036 0.456747 0.236621 0
4037 0.453148 0.238708 0
4038 0.449598 0.240703 0
4039 0.446099 0.242608 0
4040 0.442648 0.244426 0
4041 0.439245 0.246160 0
4042 0.435890 0.247812 0
4043 0.432582 0.249385 0
4044 0.429321 0.250882 0
4045 0.426109 0.252307 0
4046 0.422947 0.253661 0
4047 0.419832 0.254946 0
4048 0.416764 0.256164 0
4049 0.413743 0.257319 0
4050 0.410768 0.258413 0
4051 0.407838 0.259448 0
4052 0.403078 0.261039 0
4053 0.398301 0.262523 0
4054 0.393447 0.263912 0
4055 0.388593 0.265181 0
4056 0.383683 0.266343 0
4057 0.378790 0.267381 0
4058 0.373863 0.268303 0
4059 0.368909 0.269105 0
4060 0.363940 0.269778 0
4061 0.358962 0.270321 0
4062 0.353932 0.270735 0
4063 0.348912 0.271013 0
4064 0.343908 0.271150 0
4065 0.338881 0.271146 0
4066 0.333840 0.270996 0
4067 0.328838 0.270701 0
4068 0.323836 0.270257 0
4069 0.318844 0.269662 0
4070 0.313870 0.268914 0
4071 0.308918 0.268014 0
4072 0.303994 0.266964 0
4073 0.299139 0.265771 0
4074 0.294321 0.264427 0
4075 0.289516 0.262928 0
4076 0.284767 0.261288 0
4077 0.280079 0.259504 0
4078 0.275458 0.257575 0
4079 0.270901 0.255506 0
4080 0.266408 0.253303 0
4081 0.261979 0.250970 0
4082 0.257622 0.248509 0
4083 0.253342 0.245918 0
4084 0.249146 0.243199 0
4085 0.245029 0.240356 0
4086 0.240987 0.237398 0
4087 0.237025 0.234328 0
4088 0.233149 0.231140 0
4089 0.229380 0.227852 0
4090 0.225694 0.224451 0
4091 0.222103 0.220962 0
4092 0.218596 0.217368 0
4093 0.215191 0.213684 0
4094 0.211880 0.209918 0
4095 0.208660 0.206071 0
4096 0.205536 0.202141 0
4097 0.202519 0.198150 0
4098 0.199587 0.194084 0
4099 0.196754 0.189960 0
4100 0.194007 0.185763 0
4101 0.191357 0.181514 0
4102 0.188801 0.177209 0
4103 0.186339 0.172844 0
4104 0.183965 0.168426 0
4105 0.181673 0.163960 0
4106 0.179472 0.159460 0
4107 0.177362 0.154926 0
4108 0.175330 0.150342 0
4109 0.173382 0.145730 0
4110 0.171514 0.141087 0
4111 0.169725 0.136413 0
4112 0.168012 0.131712 0
4113 0.166367 0.126971 0
4114 0.164797 0.122212 0
4115 0.163301 0.117431 0
4116 0.161876 0.112622 0
4117 0.160525 0.107800 0
4118 0.159247 0.102966 0
4119 0.158036 0.098098 0
4120 0.156896 0.093218 0
4121 0.155823 0.088328 0
4122 0.154810 0.083431 0
4123 0.153850 0.078510 0
4124 0.152946 0.073586 0
4125 0.152097 0.068657 0
4126 0.151300 0.063702 0
4127 0.150552 0.058739 0
4128 0.149852 0.053785 0
4129 0.149189 0.048821 0
4130 0.148550 0.043859 0
4131 0.147914 0.038885 0
4132 0.147292 0.033920 0
4133 0.146719 0.028945 0
4134 0.146241 0.023966 0
4135 0.145871 0.018968 0
4136 0.145598 0.013963 0
4137 0.145409 0.008963 0
4138 0.145301 0.003952 0
4139 0.145277 -0.001055 0
4140 0.145337 -0.006063 0
4141 0.145479 -0.011078 0
4142 0.145702 -0.016080 0
4143 0.146015 -0.021088 0
4144 0.146429 -0.026078 0
4145 0.146953 -0.031065 0
4146 0.147554 -0.036039 0
4147 0.148186 -0.041017 0
4148 0.148821 -0.045987 0
4149 0.149468 -0.050952 0
4150 0.150146 -0.055912 0
4151 0.150865 -0.060861 0
4152 0.151633 -0.065821 0
4153 0.152453 -0.070773 0
4154 0.153325 -0.075699 0
4155 0.154253 -0.080622 0
4156 0.155237 -0.085540 0
4157 0.156275 -0.090435 0
4158 0.157377 -0.095321 0
4159 0.158547 -0.100196 0
4160 0.159788 -0.105057 0
4161 0.161097 -0.109886 0
4162 0.162480 -0.114702 0
4163 0.163932 -0.119487 0
4164 0.165462 -0.124266 0
4165 0.167060 -0.129006 0
4166 0.168733 -0.133728 0
4167 0.170481 -0.138426 0
4168 0.172307 -0.143094 0
4169 0.174212 -0.147732 0
4170 0.176200 -0.152340 0
4171 0.178264 -0.156900 0
4172 0.180416 -0.161427 0
4173 0.182651 -0.165900 0
4174 0.184977 -0.170343 0
4175 0.187386 -0.174736 0
4176 0.189886 -0.179073 0
4177 0.192481 -0.183351 0
4178 0.195171 -0.187574 0
4179 0.197957 -0.191745 0
4180 0.200831 -0.195842 0
4181 0.203802 -0.199880 0
4182 0.206862 -0.203843 0
4183 0.210017 -0.207725 0
4184 0.213280 -0.211541 0
4185 0.216634 -0.215278 0
4186 0.220070 -0.218911 0
4187 0.223607 -0.222455 0
4188 0.227243 -0.225912 0
4189 0.230958 -0.229260 0
4190 0.234776 -0.232510 0
4191 0.238682 -0.235643 0
4192 0.242672 -0.238660 0
4193 0.246759 -0.241581 0
4194 0.250925 -0.244383 0
4195 0.255173 -0.247057 0
4196 0.259505 -0.249602 0
4197 0.263913 -0.252018 0
4198 0.268391 -0.254304 0
4199 0.272933 -0.256457 0
4200 0.277541 -0.258474 0
4201 0.282186 -0.260335 0
4202 0.286895 -0.262052 0
4203 0.291664 -0.263626 0
4204 0.296483 -0.265058 0
4205 0.301346 -0.266342 0
4206 0.306247 -0.267472 0
4207 0.311177 -0.268453 0
4208 0.316132 -0.269282 0
4209 0.321107 -0.269960 0
4210 0.326095 -0.270485 0
4211 0.331089 -0.270861 0
4212 0.336125 -0.271091 0
4213 0.341151 -0.271174 0
4214 0.346159 -0.271114 0
4215 0.351188 -0.270912 0
4216 0.356179 -0.270575 0
4217 0.361174 -0.270104 0
4218 0.366167 -0.269501 0
4219 0.371149 -0.268766 0
4220 0.376112 -0.267906 0
4221 0.381047 -0.266925 0
4222 0.385943 -0.265831 0
4223 0.390852 -0.264613 0
4224 0.395702 -0.263289 0
4225 0.400547 -0.261847 0
4226 0.405312 -0.260314 0
4227 0.410055 -0.258676 0
4228 0.413019 -0.257597 0
4229 0.416029 -0.256457 0
4230 0.419084 -0.255254 0
4231 0.422187 -0.253986 0
4232 0.425337 -0.252649 0
4233 0.428537 -0.251242 0
4234 0.431785 -0.249763 0
4235 0.435081 -0.248209 0
4236 0.438424 -0.246577 0
4237 0.441815 -0.244864 0
4238 0.445253 -0.243066 0
4239 0.448740 -0.241183 0
4240 0.452276 -0.239211 0
4241 0.455862 -0.237147 0
4242 0.459496 -0.234987 0
4243 0.463175 -0.232728 0
4244 0.466899 -0.230366 0
4245 0.470667 -0.227900 0
4246 0.474478 -0.225326 0
4247 0.478333 -0.222641 0
4248 0.482228 -0.219843 0
4249 0.486159 -0.216926 0
4250 0.490123 -0.213889 0
4251 0.494119 -0.210729 0
4252 0.498146 -0.207446 0
4253 0.502196 -0.204033 0
4254 0.506265 -0.200489 0
4255 0.510350 -0.196812 0
4256 0.514448 -0.193001 0
4257 0.518552 -0.189054 0
4258 0.522655 -0.184969 0
4259 0.526751 -0.180745 0
4260 0.530832 -0.176382 0
4261 0.534892 -0.171877 0
4262 0.538923 -0.167233 0
4263 0.542917 -0.162450 0
4264 0.546865 -0.157528 0
4265 0.550758 -0.152470 0
4266 0.554587 -0.147276 0
4267 0.558341 -0.141948 0
4268 0.562010 -0.136489 0
4269 0.565585 -0.130901 0
4270 0.569054 -0.125189 0
4271 0.572409 -0.119354 0
4272 0.575638 -0.113400 0
4273 0.578730 -0.107331 0
4274 0.581677 -0.101151 0
4275 0.584466 -0.094861 0
4276 0.587091 -0.088467 0
4277 0.589543 -0.081974 0
4278 0.591814 -0.075382 0
4279 0.593900 -0.068697 0
4280 0.595795 -0.061924 0
4281 0.597494 -0.055068 0
4282 0.598994 -0.048135 0
4283 0.600293 -0.041134 0
4284 0.601387 -0.034072 0
4285 0.602276 -0.026959 0
4286 0.602957 -0.019805 0
4287 0.603431 -0.012621 0
4288 0.603695 -0.005419 0
4289 0.603753 -0.000909 0
4290 0.603728 0.003602 0
4291 0.144220 -0.019340 0
4292 0.144600 -0.024333 0
4293 0.145099 -0.029309 0
4294 0.145700 -0.034275 0
4295 0.146345 -0.039246 0
4296 0.146988 -0.044216 0
4297 0.147625 -0.049193 0
4298 0.148281 -0.054165 0
4299 0.148973 -0.059121 0
4300 0.149712 -0.064081 0
4301 0.150501 -0.069029 0
4302 0.151343 -0.073968 0
4303 0.152242 -0.078901 0
4304 0.153192 -0.083810 0
4305 0.154198 -0.088715 0
4306 0.155265 -0.093616 0
4307 0.156394 -0.098491 0
4308 0.157592 -0.103356 0
4309 0.158861 -0.108207 0
4310 0.160201 -0.113043 0
4311 0.161610 -0.117845 0
4312 0.163096 -0.122634 0
4313 0.164656 -0.127397 0
4314 0.166290 -0.132139 0
4315 0.167993 -0.136846 0
4316 0.169770 -0.141530 0
4317 0.171625 -0.146186 0
4318 0.173561 -0.150810 0
4319 0.175580 -0.155404 0
4320 0.177677 -0.159952 0
4321 0.179864 -0.164466 0
4322 0.182135 -0.168930 0
4323 0.184487 -0.173345 0
4324 0.186926 -0.177711 0
4325 0.189468 -0.182039 0
4326 0.192108 -0.186308 0
4327 0.194833 -0.190507 0
4328 0.197656 -0.194656 0
4329 0.200566 -0.198730 0
4330 0.203577 -0.202749 0
4331 0.206681 -0.206692 0
4332 0.209882 -0.210554 0
4333 0.213178 -0.214337 0
4334 0.216569 -0.218042 0
4335 0.220046 -0.221645 0
4336 0.223627 -0.225160 0
4337 0.227290 -0.228574 0
4338 0.231055 -0.231897 0
4339 0.234911 -0.235105 0
4340 0.238858 -0.238199 0
4341 0.242887 -0.241181 0
4342 0.246995 -0.244053 0
4343 0.251188 -0.246804 0
4344 0.255469 -0.249431 0
4345 0.259809 -0.251916 0
4346 0.264223 -0.254276 0
4347 0.268707 -0.256508 0
4348 0.273258 -0.258610 0
4349 0.277880 -0.260574 0
4350 0.282544 -0.262385 0
4351 0.287274 -0.264052 0
4352 0.292065 -0.265580 0
4353 0.296874 -0.266957 0
4354 0.301725 -0.268188 0
4355 0.306614 -0.269269 0
4356 0.311535 -0.270202 0
4357 0.316483 -0.270985 0
4358 0.321453 -0.271617 0
4359 0.326440 -0.272099 0
4360 0.331434 -0.272434 0
4361 0.336472 -0.272624 0
4362 0.341504 -0.272668 0
4363 0.346520 -0.272569 0
4364 0.351560 -0.272329 0
4365 0.356564 -0.271954 0
4366 0.361577 -0.271445 0
4367 0.366590 -0.270804 0
4368 0.371538 -0.270040 0
4369 0.376467 -0.269153 0
4370 0.381368 -0.268149 0
4371 0.386292 -0.267019 0
4372 0.391171 -0.265781 0
4373 0.395991 -0.264440 0
4374 0.400807 -0.262983 0
4375 0.405613 -0.261413 0
4376 0.410402 -0.259736 0
4377 0.413350 -0.258648 0
4378 0.416344 -0.257500 0
4379 0.419383 -0.256290 0
4380 0.422469 -0.255015 0
4381 0.425603 -0.253672 0
4382 0.428786 -0.252259 0
4383 0.432017 -0.250776 0
4384 0.435297 -0.249218 0
4385 0.438624 -0.247583 0
4386 0.441998 -0.245868 0
4387 0.445420 -0.244069 0
4388 0.448890 -0.242185 0
4389 0.452410 -0.240213 0
4390 0.455980 -0.238150 0
4391 0.459597 -0.235993 0
4392 0.463260 -0.233737 0
4393 0.466968 -0.231380 0
4394 0.470720 -0.228918 0
4395 0.474516 -0.226350 0
4396 0.478356 -0.223672 0
4397 0.482236 -0.220882 0
4398 0.486153 -0.217975 0
4399 0.490104 -0.214948 0
4400 0.494087 -0.211800 0
4401 0.498101 -0.208529 0
4402 0.502140 -0.205130 0
4403 0.506199 -0.201600 0
4404 0.510274 -0.197938 0
4405 0.514363 -0.194144 0
4406 0.518460 -0.190215 0
4407 0.522557 -0.186149 0
4408 0.526648 -0.181944 0
4409 0.530727 -0.177601 0
4410 0.534785 -0.173117 0
4411 0.538816 -0.168495 0
4412 0.542812 -0.163735 0
4413 0.546763 -0.158837 0
4414 0.550662 -0.153802 0
4415 0.554500 -0.148633 0
4416 0.558264 -0.143330 0
4417 0.561947 -0.137897 0
4418 0.565536 -0.132334 0
4419 0.569024 -0.126648 0
4420 0.572399 -0.120839 0
4421 0.575651 -0.114911 0
4422 0.578768 -0.108869 0
4423 0.581743 -0.102715 0
4424 0.584563 -0.096452 0
4425 0.587221 -0.090085 0
4426 0.589708 -0.083618 0
4427 0.592017 -0.077052 0
4428 0.594141 -0.070392 0
4429 0.596077 -0.063644 0
4430 0.597819 -0.056812 0
4431 0.599363 -0.049901 0
4432 0.600707 -0.042919 0
4433 0.601848 -0.035875 0
4434 0.602785 -0.028778 0
4435 0.603516 -0.021638 0
4436 0.604041 -0.014466 0
4437 0.604357 -0.007272 0
4438 0.604464 -0.000067 0
4439 0.604361 0.007137 0
4440 0.604048 0.014331 0
4441 0.603528 0.021504 0
4442 0.602800 0.028645 0
4443 0.601866 0.035744 0
4444 0.600729 0.042789 0
4445 0.599388 0.049772 0
4446 0.597847 0.056685 0
4447 0.596109 0.063519 0
4448 0.594177 0.070269 0
4449 0.592055 0.076931 0
4450 0.589750 0.083499 0
4451 0.587265 0.089969 0
4452 0.584610 0.096338 0
4453 0.581792 0.102604 0
4454 0.578820 0.108761 0
4455 0.575704 0.114805 0
4456 0.572454 0.120736 0
4457 0.569080 0.126547 0
4458 0.565594 0.132237 0
4459 0.562005 0.137802 0
4460 0.558324 0.143238 0
4461 0.554560 0.148544 0
4462 0.550723 0.153716 0
4463 0.546824 0.158754 0
4464 0.542873 0.163655 0
4465 0.538876 0.168418 0
4466 0.534845 0.173043 0
4467 0.530787 0.177529 0
4468 0.526707 0.181876 0
4469 0.522616 0.186083 0
4470 0.518518 0.190152 0
4471 0.514420 0.194084 0
4472 0.510330 0.197881 0
4473 0.506254 0.201545 0
4474 0.502194 0.205077 0
4475 0.498154 0.208478 0
4476 0.494139 0.211752 0
4477 0.490155 0.214902 0
4478 0.486203 0.217931 0
4479 0.482285 0.220840 0
4480 0.478403 0.223632 0
4481 0.474562 0.226311 0
4482 0.470765 0.228881 0
4483 0.467012 0.231345 0
4484 0.463302 0.233704 0
4485 0.459638 0.235961 0
4486 0.456019 0.238120 0
4487 0.452448 0.240184 0
4488 0.448927 0.242157 0
4489 0.445456 0.244043 0
4490 0.442033 0.245843 0
4491 0.438658 0.247559 0
4492 0.435329 0.249195 0
4493 0.432049 0.250754 0
4494 0.428816 0.252238 0
4495 0.425632 0.253652 0
4496 0.422498 0.254995 0
4497 0.419410 0.256271 0
4498 0.416370 0.257482 0
4499 0.413375 0.258631 0
4500 0.410426 0.259719 0
4501 0.405706 0.261374 0
4502 0.400897 0.262947 0
4503 0.396077 0.264407 0
4504 0.391254 0.265751 0
4505 0.386372 0.266992 0
4506 0.381444 0.268124 0
4507 0.376541 0.269131 0
4508 0.371609 0.270020 0
4509 0.366657 0.270786 0
4510 0.361695 0.271424 0
4511 0.356678 0.271936 0
4512 0.351669 0.272314 0
4513 0.346673 0.272555 0
4514 0.341652 0.272659 0
4515 0.336614 0.272619 0
4516 0.331614 0.272435 0
4517 0.326613 0.272105 0
4518 0.321620 0.271628 0
4519 0.316643 0.270999 0
4520 0.311689 0.270220 0
4521 0.306762 0.269291 0
4522 0.301867 0.268213 0
4523 0.297009 0.266985 0
4524 0.292195 0.265611 0
4525 0.287399 0.264085 0
4526 0.282664 0.262420 0
4527 0.277995 0.260612 0
4528 0.273367 0.258649 0
4529 0.268811 0.256550 0
4530 0.264323 0.254319 0
4531 0.259904 0.251960 0
4532 0.255560 0.249476 0
4533 0.251275 0.246851 0
4534 0.247078 0.244100 0
4535 0.242966 0.241229 0
4536 0.238933 0.238247 0
4537 0.234983 0.235155 0
4538 0.231124 0.231947 0
4539 0.227355 0.228624 0
4540 0.223690 0.225211 0
4541 0.220106 0.221696 0
4542 0.216626 0.218094 0
4543 0.213247 0.214406 0
4544 0.209949 0.210623 0
4545 0.206744 0.206761 0
4546 0.203637 0.202818 0
4547 0.200636 0.198817 0
4548 0.197723 0.194743 0
4549 0.194897 0.190595 0
4550 0.192169 0.186395 0
4551 0.189537 0.182144 0
4552 0.186991 0.177817 0
4553 0.184550 0.173451 0
4554 0.182194 0.169035 0
4555 0.179921 0.164572 0
4556 0.177731 0.160058 0
4557 0.175632 0.155510 0
4558 0.173618 0.150934 0
4559 0.171679 0.146310 0
4560 0.169822 0.141655 0
4561 0.168042 0.136971 0
4562 0.166337 0.132263 0
4563 0.164701 0.127521 0
4564 0.163139 0.122758 0
4565 0.161650 0.117969 0
4566 0.160239 0.113167 0
4567 0.158896 0.108331 0
4568 0.157625 0.103481 0
4569 0.156426 0.098616 0
4570 0.155295 0.093741 0
4571 0.154227 0.088840 0
4572 0.153219 0.083935 0
4573 0.152267 0.079026 0
4574 0.151367 0.074093 0
4575 0.150523 0.069154 0
4576 0.149733 0.064206 0
4577 0.148992 0.059246 0
4578 0.148299 0.054291 0
4579 0.147642 0.049319 0
4580 0.147005 0.044341 0
4581 0.146362 0.039370 0
4582 0.145716 0.034397 0
4583 0.145113 0.029429 0
4584 0.144611 0.024451 0
4585 0.144228 0.019458 0
4586 0.144610 -0.038538 0
4587 0.145268 -0.043508 0
4588 0.145902 -0.048484 0
4589 0.146543 -0.053460 0
4590 0.147214 -0.058416 0
4591 0.147932 -0.063371 0
4592 0.148702 -0.068328 0
4593 0.149525 -0.073272 0
4594 0.150403 -0.078206 0
4595 0.151336 -0.083132 0
4596 0.152322 -0.088037 0
4597 0.153367 -0.092938 0
4598 0.154472 -0.097817 0
4599 0.155645 -0.102692 0
4600 0.156884 -0.107540 0
4601 0.158193 -0.112374 0
4602 0.159573 -0.117191 0
4603 0.161029 -0.121991 0
4604 0.162558 -0.126758 0
4605 0.164162 -0.131501 0
4606 0.165840 -0.136224 0
4607 0.167585 -0.140912 0
4608 0.169406 -0.145576 0
4609 0.171306 -0.150212 0
4610 0.173289 -0.154816 0
4611 0.175349 -0.159374 0
4612 0.177496 -0.163902 0
4613 0.179727 -0.168381 0
4614 0.182051 -0.172828 0
4615 0.184460 -0.177229 0
4616 0.186960 -0.181580 0
4617 0.189558 -0.185873 0
4618 0.192242 -0.190094 0
4619 0.195024 -0.194264 0
4620 0.197894 -0.198366 0
4621 0.200864 -0.202413 0
4622 0.203927 -0.206388 0
4623 0.207087 -0.210286 0
4624 0.210345 -0.214107 0
4625 0.213684 -0.217835 0
4626 0.217125 -0.221483 0
4627 0.220655 -0.225030 0
4628 0.224288 -0.228493 0
4629 0.228006 -0.231856 0
4630 0.231817 -0.235111 0
4631 0.235721 -0.238253 0
4632 0.239715 -0.241284 0
4633 0.243791 -0.244207 0
4634 0.247953 -0.247018 0
4635 0.252183 -0.249694 0
4636 0.256503 -0.252246 0
4637 0.260905 -0.254674 0
4638 0.265357 -0.256965 0
4639 0.269881 -0.259129 0
4640 0.274480 -0.261161 0
4641 0.279126 -0.263043 0
4642 0.283846 -0.264782 0
4643 0.288602 -0.266371 0
4644 0.293417 -0.267822 0
4645 0.298250 -0.269124 0
4646 0.303128 -0.270278 0
4647 0.308045 -0.271284 0
4648 0.312998 -0.272142 0
4649 0.317981 -0.272850 0
4650 0.322991 -0.273406 0
4651 0.327977 -0.273809 0
4652 0.332972 -0.274067 0
4653 0.338011 -0.274182 0
4654 0.343044 -0.274151 0
4655 0.348061 -0.273980 0
4656 0.353052 -0.273674 0
4657 0.358057 -0.273233 0
4658 0.363069 -0.272658 0
4659 0.368027 -0.271960 0
4660 0.372975 -0.271136 0
4661 0.377903 -0.270190 0
4662 0.382803 -0.269129 0
4663 0.387664 -0.267958 0
4664 0.392541 -0.266667 0
4665 0.397361 -0.265274 0
4666 0.402177 -0.263766 0
4667 0.406983 -0.262147 0
4668 0.411701 -0.260449 0
4669 0.414649 -0.259333 0
4670 0.417642 -0.258157 0
4671 0.420680 -0.256919 0
4672 0.423766 -0.255615 0
4673 0.426899 -0.254244 0
4674 0.430080 -0.252803 0
4675 0.433311 -0.251291 0
4676 0.436590 -0.249705 0
4677 0.439916 -0.248042 0
4678 0.443290 -0.246298 0
4679 0.446711 -0.244470 0
4680 0.450180 -0.242557 0
4681 0.453700 -0.240556 0
4682 0.457268 -0.238464 0
4683 0.460885 -0.236278 0
4684 0.464547 -0.233992 0
4685 0.468254 -0.231606 0
4686 0.472005 -0.229115 0
4687 0.475799 -0.226517 0
4688 0.479637 -0.223811 0
4689 0.483515 -0.220992 0
4690 0.487430 -0.218055 0
4691 0.491377 -0.214999 0
4692 0.495358 -0.211823 0
4693 0.499368 -0.208523 0
4694 0.503403 -0.205096 0
4695 0.507457 -0.201538 0
4696 0.511528 -0.197849 0
4697 0.515612 -0.194028 0
4698 0.519702 -0.190072 0
4699 0.523792 -0.185979 0
4700 0.527875 -0.181749 0
4701 0.531945 -0.177380 0
4702 0.535994 -0.172873 0
4703 0.540015 -0.168228 0
4704 0.544000 -0.163446 0
4705 0.547939 -0.158526 0
4706 0.551825 -0.153472 0
4707 0.555648 -0.148283 0
4708 0.559398 -0.142963 0
4709 0.563065 -0.137513 0
4710 0.566638 -0.131935 0
4711 0.570107 -0.126235 0
4712 0.573464 -0.120414 0
4713 0.576696 -0.114474 0
4714 0.579795 -0.108422 0
4715 0.582748 -0.102259 0
4716 0.585548 -0.095988 0
4717 0.588184 -0.089615 0
4718 0.590649 -0.083142 0
4719 0.592936 -0.076571 0
4720 0.595038 -0.069907 0
4721 0.596952 -0.063156 0
4722 0.598672 -0.056321 0
4723 0.600195 -0.049409 0
4724 0.601519 -0.042426 0
4725 0.602641 -0.035382 0
4726 0.603560 -0.028286 0
4727 0.604273 -0.021147 0
4728 0.604781 -0.013978 0
4729 0.605082 -0.006788 0
4730 0.605175 0.000412 0
4731 0.605058 0.007611 0
4732 0.604733 0.014799 0
4733 0.604201 0.021966 0
4734 0.603464 0.029100 0
4735 0.602522 0.036191 0
4736 0.601376 0.043229 0
4737 0.600029 0.050204 0
4738 0.598483 0.057109 0
4739 0.596740 0.063935 0
4740 0.594805 0.070677 0
4741 0.592680 0.077330 0
4742 0.590373 0.083890 0
4743 0.587887 0.090352 0
4744 0.585231 0.096715 0
4745 0.582413 0.102974 0
4746 0.579442 0.109125 0
4747 0.576327 0.115165 0
4748 0.573080 0.121092 0
4749 0.569708 0.126900 0
4750 0.566225 0.132587 0
4751 0.562640 0.138151 0
4752 0.558963 0.143586 0
4753 0.555203 0.148893 0
4754 0.551371 0.154066 0
4755 0.547478 0.159106 0
4756 0.543533 0.164010 0
4757 0.539542 0.168777 0
4758 0.535517 0.173406 0
4759 0.531465 0.177898 0
4760 0.527392 0.182251 0
4761 0.523306 0.186466 0
4762 0.519216 0.190543 0
4763 0.515125 0.194483 0
4764 0.511041 0.198289 0
4765 0.506972 0.201963 0
4766 0.502919 0.205506 0
4767 0.498886 0.208919 0
4768 0.494878 0.212204 0
4769 0.490901 0.215367 0
4770 0.486956 0.218409 0
4771 0.483045 0.221331 0
4772 0.479171 0.224137 0
4773 0.475337 0.226831 0
4774 0.471547 0.229415 0
4775 0.467801 0.231894 0
4776 0.464099 0.234269 0
4777 0.460441 0.236542 0
4778 0.456830 0.238718 0
4779 0.453267 0.240799 0
4780 0.449753 0.242789 0
4781 0.446288 0.244691 0
4782 0.442873 0.246509 0
4783 0.439505 0.248244 0
4784 0.436183 0.249897 0
4785 0.432910 0.251474 0
4786 0.429684 0.252977 0
4787 0.426508 0.254410 0
4788 0.423381 0.255773 0
4789 0.420300 0.257069 0
4790 0.417267 0.258299 0
4791 0.414279 0.259468 0
4792 0.411337 0.260576 0
4793 0.406627 0.262264 0
4794 0.401829 0.263872 0
4795 0.397021 0.265369 0
4796 0.392210 0.266751 0
4797 0.387341 0.268032 0
4798 0.382427 0.269206 0
4799 0.377538 0.270256 0
4800 0.372620 0.271191 0
4801 0.367683 0.272005 0
4802 0.362681 0.272700 0
4803 0.357680 0.273262 0
4804 0.352687 0.273693 0
4805 0.347658 0.273991 0
4806 0.342654 0.274150 0
4807 0.337634 0.274170 0
4808 0.332607 0.274044 0
4809 0.327582 0.273774 0
4810 0.322568 0.273356 0
4811 0.317573 0.272789 0
4812 0.312603 0.272071 0
4813 0.307665 0.271203 0
4814 0.302760 0.270188 0
4815 0.297895 0.269025 0
4816 0.293042 0.267706 0
4817 0.288241 0.266247 0
4818 0.283498 0.264651 0
4819 0.278791 0.262904 0
4820 0.274157 0.261015 0
4821 0.269571 0.258977 0
4822 0.265058 0.256808 0
4823 0.260593 0.254498 0
4824 0.256203 0.252065 0
4825 0.251895 0.249508 0
4826 0.247654 0.246813 0
4827 0.243504 0.243998 0
4828 0.239439 0.241071 0
4829 0.235456 0.238036 0
4830 0.231562 0.234891 0
4831 0.227762 0.231633 0
4832 0.224054 0.228266 0
4833 0.220430 0.224800 0
4834 0.216893 0.221235 0
4835 0.213463 0.217584 0
4836 0.210132 0.213854 0
4837 0.206883 0.210032 0
4838 0.203731 0.206131 0
4839 0.200677 0.202155 0
4840 0.197714 0.198106 0
4841 0.194852 0.194003 0
4842 0.192077 0.189831 0
4843 0.189389 0.185591 0
4844 0.186799 0.181297 0
4845 0.184306 0.176945 0
4846 0.181903 0.172542 0
4847 0.179586 0.168094 0
4848 0.177361 0.163615 0
4849 0.175219 0.159085 0
4850 0.173165 0.154526 0
4851 0.171188 0.149921 0
4852 0.169293 0.145285 0
4853 0.167477 0.140620 0
4854 0.165737 0.135931 0
4855 0.164063 0.131208 0
4856 0.162464 0.126465 0
4857 0.160940 0.121696 0
4858 0.159488 0.116896 0
4859 0.158113 0.112078 0
4860 0.156808 0.107243 0
4861 0.155573 0.102394 0
4862 0.154404 0.097518 0
4863 0.153303 0.092638 0
4864 0.152262 0.087737 0
4865 0.151279 0.082832 0
4866 0.150349 0.077905 0
4867 0.149474 0.072970 0
4868 0.148655 0.068026 0
4869 0.147888 0.063068 0
4870 0.147173 0.058112 0
4871 0.146503 0.053154 0
4872 0.145864 0.048177 0
4873 0.145230 0.043202 0
4874 0.144570 0.038236 0
4875 0.144568 -0.051064 0
4876 0.145207 -0.056028 0
4877 0.145889 -0.060990 0
4878 0.146621 -0.065954 0
4879 0.147403 -0.070903 0
4880 0.148240 -0.075836 0
4881 0.149131 -0.080757 0
4882 0.150078 -0.085671 0
4883 0.151083 -0.090579 0
4884 0.152144 -0.095467 0
4885 0.153272 -0.100355 0
4886 0.154466 -0.105224 0
4887 0.155724 -0.110072 0
4888 0.157051 -0.114909 0
4889 0.158445 -0.119711 0
4890 0.159915 -0.124494 0
4891 0.161465 -0.129260 0
4892 0.163090 -0.134000 0
4893 0.164789 -0.138721 0
4894 0.166555 -0.143406 0
4895 0.168397 -0.148070 0
4896 0.170319 -0.152704 0
4897 0.172318 -0.157292 0
4898 0.174402 -0.161851 0
4899 0.176567 -0.166363 0
4900 0.178825 -0.170844 0
4901 0.181169 -0.175279 0
4902 0.183599 -0.179669 0
4903 0.186113 -0.183992 0
4904 0.188725 -0.188259 0
4905 0.191435 -0.192472 0
4906 0.194232 -0.196619 0
4907 0.197129 -0.200715 0
4908 0.200117 -0.204741 0
4909 0.203200 -0.208696 0
4910 0.206383 -0.212577 0
4911 0.209651 -0.216366 0
4912 0.213017 -0.220081 0
4913 0.216473 -0.223701 0
4914 0.220036 -0.227238 0
4915 0.223687 -0.230678 0
4916 0.227428 -0.234020 0
4917 0.231265 -0.237254 0
4918 0.235200 -0.240377 0
4919 0.239205 -0.243379 0
4920 0.243296 -0.246276 0
4921 0.247476 -0.249059 0
4922 0.251730 -0.251709 0
4923 0.256051 -0.254225 0
4924 0.260455 -0.256621 0
4925 0.264936 -0.258895 0
4926 0.269468 -0.261030 0
4927 0.274080 -0.263034 0
4928 0.278744 -0.264889 0
4929 0.283454 -0.266592 0
4930 0.288231 -0.268158 0
4931 0.293037 -0.269578 0
4932 0.297897 -0.270859 0
4933 0.302773 -0.271987 0
4934 0.307692 -0.272968 0
4935 0.312649 -0.273801 0
4936 0.317602 -0.274480 0
4937 0.322584 -0.275010 0
4938 0.327586 -0.275393 0
4939 0.332601 -0.275631 0
4940 0.337619 -0.275725 0
4941 0.342634 -0.275676 0
4942 0.347635 -0.275487 0
4943 0.352662 -0.275162 0
4944 0.357657 -0.274705 0
4945 0.362662 -0.274115 0
4946 0.367616 -0.273403 0
4947 0.372563 -0.272565 0
4948 0.377492 -0.271605 0
4949 0.382397 -0.270531 0
4950 0.387267 -0.269346 0
4951 0.392156 -0.268040 0
4952 0.396992 -0.266633 0
4953 0.401763 -0.265131 0
4954 0.406524 -0.263520 0
4955 0.411268 -0.261806 0
4956 0.414189 -0.260697 0
4957 0.417154 -0.259529 0
4958 0.420165 -0.258300 0
4959 0.423222 -0.257007 0
4960 0.426327 -0.255647 0
4961 0.429479 -0.254219 0
4962 0.432680 -0.252722 0
4963 0.435931 -0.251152 0
4964 0.439229 -0.249507 0
4965 0.442574 -0.247782 0
4966 0.445966 -0.245975 0
4967 0.449407 -0.244083 0
4968 0.452897 -0.242106 0
4969 0.456436 -0.240039 0
4970 0.460024 -0.237880 0
4971 0.463659 -0.235624 0
4972 0.467339 -0.233268 0
4973 0.471063 -0.230809 0
4974 0.474831 -0.228246 0
4975 0.478642 -0.225575 0
4976 0.482496 -0.222794 0
4977 0.486388 -0.219897 0
4978 0.490314 -0.216883 0
4979 0.494273 -0.213749 0
4980 0.498263 -0.210494 0
4981 0.502281 -0.207114 0
4982 0.506321 -0.203604 0
4983 0.510378 -0.199965 0
4984 0.514450 -0.196194 0
4985 0.518532 -0.192291 0
4986 0.522617 -0.188252 0
4987 0.526697 -0.184077 0
4988 0.530769 -0.179764 0
4989 0.534823 -0.175314 0
4990 0.538851 -0.170726 0
4991 0.542848 -0.166002 0
4992 0.546804 -0.161141 0
4993 0.550711 -0.156145 0
4994 0.554559 -0.151015 0
4995 0.558340 -0.145753 0
4996 0.562042 -0.140362 0
4997 0.565655 -0.134842 0
4998 0.569170 -0.129199 0
4999 0.572578 -0.123434 0
5000 0.575866 -0.117551 0
5001 0.579025 -0.111554 0
5002 0.582045 -0.105446 0
5003 0.584916 -0.099229 0
5004 0.587628 -0.092908 0
5005 0.590173 -0.086486 0
5006 0.592544 -0.079966 0
5007 0.594733 -0.073352 0
5008 0.596737 -0.066648 0
5009 0.598550 -0.059858 0
5010 0.600168 -0.052988 0
5011 0.601589 -0.046043 0
5012 0.602810 -0.039032 0
5013 0.603830 -0.031965 0
5014 0.604646 -0.024851 0
5015 0.605258 -0.017700 0
5016 0.605664 -0.010524 0
5017 0.605865 -0.003332 0
5018 0.605857 0.003865 0
5019 0.605641 0.011057 0
5020 0.605219 0.018232 0
5021 0.604592 0.025380 0
5022 0.603760 0.032491 0
5023 0.602725 0.039555 0
5024 0.601489 0.046561 0
5025 0.600053 0.053501 0
5026 0.598420 0.060366 0
5027 0.596592 0.067150 0
5028 0.594575 0.073848 0
5029 0.592371 0.080456 0
5030 0.589987 0.086969 0
5031 0.587428 0.093384 0
5032 0.584704 0.099698 0
5033 0.581821 0.105908 0
5034 0.578789 0.112008 0
5035 0.575620 0.117998 0
5036 0.572322 0.123873 0
5037 0.568905 0.129629 0
5038 0.565382 0.135264 0
5039 0.561760 0.140774 0
5040 0.558051 0.146157 0
5041 0.554265 0.151410 0
5042 0.550411 0.156530 0
5043 0.546500 0.161517 0
5044 0.542539 0.166368 0
5045 0.538539 0.171082 0
5046 0.534507 0.175660 0
5047 0.530451 0.180100 0
5048 0.526378 0.184403 0
5049 0.522296 0.188568 0
5050 0.518210 0.192597 0
5051 0.514128 0.196490 0
5052 0.510056 0.200251 0
5053 0.505999 0.203881 0
5054 0.501961 0.207381 0
5055 0.497944 0.210752 0
5056 0.493955 0.213997 0
5057 0.489998 0.217122 0
5058 0.486074 0.220128 0
5059 0.482184 0.223015 0
5060 0.478333 0.225788 0
5061 0.474524 0.228450 0
5062 0.470759 0.231006 0
5063 0.467038 0.233456 0
5064 0.463361 0.235804 0
5065 0.459729 0.238053 0
5066 0.456144 0.240205 0
5067 0.452608 0.242265 0
5068 0.449122 0.244235 0
5069 0.445684 0.246120 0
5070 0.442295 0.247920 0
5071 0.438953 0.249639 0
5072 0.435659 0.251278 0
5073 0.432412 0.252842 0
5074 0.429214 0.254334 0
5075 0.426065 0.255756 0
5076 0.422964 0.257111 0
5077 0.419910 0.258398 0
5078 0.416903 0.259622 0
5079 0.413940 0.260785 0
5080 0.411023 0.261890 0
5081 0.406284 0.263596 0
5082 0.401529 0.265199 0
5083 0.396698 0.266714 0
5084 0.391869 0.268113 0
5085 0.386987 0.269410 0
5086 0.382124 0.270585 0
5087 0.377227 0.271652 0
5088 0.372305 0.272603 0
5089 0.367366 0.273434 0
5090 0.362366 0.274146 0
5091 0.357369 0.274726 0
5092 0.352383 0.275175 0
5093 0.347364 0.275493 0
5094 0.342325 0.275674 0
5095 0.337320 0.275715 0
5096 0.332311 0.275612 0
5097 0.327306 0.275367 0
5098 0.322313 0.274977 0
5099 0.317341 0.274440 0
5100 0.312359 0.273748 0
5101 0.307412 0.272908 0
5102 0.302503 0.271920 0
5103 0.297603 0.270777 0
5104 0.292753 0.269489 0
5105 0.287957 0.268063 0
5106 0.283190 0.266492 0
5107 0.278489 0.264783 0
5108 0.273835 0.262923 0
5109 0.269233 0.260915 0
5110 0.264709 0.258775 0
5111 0.260237 0.256497 0
5112 0.255841 0.254098 0
5113 0.251505 0.251565 0
5114 0.247261 0.248911 0
5115 0.243089 0.246124 0
5116 0.239006 0.243225 0
5117 0.235009 0.240221 0
5118 0.231082 0.237094 0
5119 0.227252 0.233858 0
5120 0.223518 0.230514 0
5121 0.219873 0.227072 0
5122 0.216317 0.223533 0
5123 0.212868 0.219911 0
5124 0.209508 0.216195 0
5125 0.206246 0.212404 0
5126 0.203069 0.208522 0
5127 0.199991 0.204566 0
5128 0.197008 0.200539 0
5129 0.194116 0.196441 0
5130 0.191323 0.192293 0
5131 0.188618 0.188079 0
5132 0.186011 0.183811 0
5133 0.183492 0.179471 0
5134 0.181066 0.175080 0
5135 0.178727 0.170644 0
5136 0.176473 0.166163 0
5137 0.174312 0.161650 0
5138 0.172232 0.157090 0
5139 0.170237 0.152501 0
5140 0.168318 0.147866 0
5141 0.166480 0.143202 0
5142 0.164717 0.138516 0
5143 0.163022 0.133796 0
5144 0.161399 0.129055 0
5145 0.159852 0.124288 0
5146 0.158386 0.119504 0
5147 0.156995 0.114701 0
5148 0.155670 0.109863 0
5149 0.154415 0.105015 0
5150 0.153225 0.100146 0
5151 0.152100 0.095258 0
5152 0.151040 0.090369 0
5153 0.150039 0.085461 0
5154 0.149094 0.080547 0
5155 0.148204 0.075625 0
5156 0.147370 0.070691 0
5157 0.146590 0.065742 0
5158 0.145863 0.060795 0
5159 0.145183 0.055831 0
5160 0.144544 0.050867 0
5161 0.144932 -0.066287 0
5162 0.145704 -0.071233 0
5163 0.146529 -0.076168 0
5164 0.147413 -0.081105 0
5165 0.148353 -0.086031 0
5166 0.149346 -0.090933 0
5167 0.150402 -0.095832 0
5168 0.151521 -0.100715 0
5169 0.152705 -0.105583 0
5170 0.153953 -0.110437 0
5171 0.155266 -0.115274 0
5172 0.156645 -0.120086 0
5173 0.158099 -0.124879 0
5174 0.159633 -0.129651 0
5175 0.161242 -0.134392 0
5176 0.162925 -0.139109 0
5177 0.164681 -0.143809 0
5178 0.166505 -0.148473 0
5179 0.168409 -0.153112 0
5180 0.170388 -0.157706 0
5181 0.172453 -0.162271 0
5182 0.174598 -0.166790 0
5183 0.176835 -0.171277 0
5184 0.179159 -0.175720 0
5185 0.181570 -0.180119 0
5186 0.184064 -0.184456 0
5187 0.186655 -0.188740 0
5188 0.189345 -0.192969 0
5189 0.192124 -0.197132 0
5190 0.194992 -0.201231 0
5191 0.197951 -0.205262 0
5192 0.201005 -0.209224 0
5193 0.204158 -0.213114 0
5194 0.207413 -0.216932 0
5195 0.210754 -0.220662 0
5196 0.214185 -0.224301 0
5197 0.217726 -0.227859 0
5198 0.221358 -0.231323 0
5199 0.225081 -0.234692 0
5200 0.228885 -0.237942 0
5201 0.232789 -0.241086 0
5202 0.236787 -0.244124 0
5203 0.240854 -0.247044 0
5204 0.245013 -0.249856 0
5205 0.249247 -0.252538 0
5206 0.253556 -0.255088 0
5207 0.257951 -0.257522 0
5208 0.262404 -0.259823 0
5209 0.266913 -0.261990 0
5210 0.271503 -0.264029 0
5211 0.276150 -0.265922 0
5212 0.280850 -0.267667 0
5213 0.285591 -0.269264 0
5214 0.290396 -0.270726 0
5215 0.295228 -0.272044 0
5216 0.300116 -0.273222 0
5217 0.305020 -0.274246 0
5218 0.309969 -0.275124 0
5219 0.314920 -0.275848 0
5220 0.319907 -0.276425 0
5221 0.324922 -0.276853 0
5222 0.329916 -0.277133 0
5223 0.334921 -0.277272 0
5224 0.339927 -0.277268 0
5225 0.344927 -0.277124 0
5226 0.349959 -0.276842 0
5227 0.354968 -0.276427 0
5228 0.359942 -0.275885 0
5229 0.364924 -0.275212 0
5230 0.369907 -0.274411 0
5231 0.374825 -0.273496 0
5232 0.379724 -0.272464 0
5233 0.384594 -0.271321 0
5234 0.389490 -0.270056 0
5235 0.394341 -0.268687 0
5236 0.399136 -0.267221 0
5237 0.403929 -0.265643 0
5238 0.408712 -0.263957 0
5239 0.413408 -0.262195 0
5240 0.416343 -0.261042 0
5241 0.419322 -0.259828 0
5242 0.422346 -0.258552 0
5243 0.425417 -0.257211 0
5244 0.428536 -0.255803 0
5245 0.431703 -0.254326 0
5246 0.434919 -0.252779 0
5247 0.438183 -0.251159 0
5248 0.441495 -0.249462 0
5249 0.444854 -0.247684 0
5250 0.448261 -0.245823 0
5251 0.451717 -0.243877 0
5252 0.455222 -0.241844 0
5253 0.458776 -0.239721 0
5254 0.462378 -0.237504 0
5255 0.466026 -0.235189 0
5256 0.469719 -0.232773 0
5257 0.473456 -0.230254 0
5258 0.477237 -0.227629 0
5259 0.481061 -0.224896 0
5260 0.484925 -0.222052 0
5261 0.488826 -0.219091 0
5262 0.492760 -0.216012 0
5263 0.496727 -0.212813 0
5264 0.500724 -0.209492 0
5265 0.504746 -0.206044 0
5266 0.508788 -0.202467 0
5267 0.512846 -0.198761 0
5268 0.516917 -0.194923 0
5269 0.520995 -0.190952 0
5270 0.525074 -0.186845 0
5271 0.529146 -0.182603 0
5272 0.533205 -0.178223 0
5273 0.537244 -0.173706 0
5274 0.541255 -0.169054 0
5275 0.545231 -0.164266 0
5276 0.549161 -0.159342 0
5277 0.553039 -0.154284 0
5278 0.556856 -0.149094 0
5279 0.560600 -0.143774 0
5280 0.564262 -0.138326 0
5281 0.567831 -0.132752 0
5282 0.571298 -0.127057 0
5283 0.574653 -0.121243 0
5284 0.577885 -0.115312 0
5285 0.580984 -0.109270 0
5286 0.583940 -0.103118 0
5287 0.586743 -0.096860 0
5288 0.589385 -0.090501 0
5289 0.591856 -0.084042 0
5290 0.594151 -0.077487 0
5291 0.596263 -0.070840 0
5292 0.598188 -0.064105 0
5293 0.599921 -0.057286 0
5294 0.601458 -0.050389 0
5295 0.602799 -0.043420 0
5296 0.603940 -0.036390 0
5297 0.604879 -0.029307 0
5298 0.605616 -0.022181 0
5299 0.606149 -0.015023 0
5300 0.606477 -0.007843 0
5301 0.606599 -0.000651 0
5302 0.606514 0.006542 0
5303 0.606223 0.013726 0
5304 0.605727 0.020889 0
5305 0.605027 0.028021 0
5306 0.604124 0.035113 0
5307 0.603019 0.042154 0
5308 0.601714 0.049134 0
5309 0.600212 0.056046 0
5310 0.598513 0.062880 0
5311 0.596623 0.069630 0
5312 0.594544 0.076294 0
5313 0.592281 0.082867 0
5314 0.589841 0.089344 0
5315 0.587229 0.095722 0
5316 0.584454 0.101999 0
5317 0.581524 0.108171 0
5318 0.578449 0.114234 0
5319 0.575240 0.120185 0
5320 0.571906 0.126021 0
5321 0.568457 0.131739 0
5322 0.564905 0.137335 0
5323 0.561259 0.142807 0
5324 0.557528 0.148151 0
5325 0.553723 0.153365 0
5326 0.549854 0.158447 0
5327 0.545932 0.163396 0
5328 0.541963 0.168209 0
5329 0.537956 0.172886 0
5330 0.533922 0.177428 0
5331 0.529865 0.181832 0
5332 0.525793 0.186099 0
5333 0.521715 0.190231 0
5334 0.517635 0.194226 0
5335 0.513562 0.198088 0
5336 0.509500 0.201818 0
5337 0.505455 0.205419 0
5338 0.501428 0.208890 0
5339 0.497425 0.212234 0
5340 0.493452 0.215454 0
5341 0.489511 0.218555 0
5342 0.485604 0.221537 0
5343 0.481732 0.224402 0
5344 0.477900 0.227154 0
5345 0.474111 0.229798 0
5346 0.470366 0.232336 0
5347 0.466664 0.234770 0
5348 0.463008 0.237102 0
5349 0.459397 0.239337 0
5350 0.455833 0.241477 0
5351 0.452319 0.243525 0
5352 0.448854 0.245486 0
5353 0.445438 0.247361 0
5354 0.442070 0.249154 0
5355 0.438750 0.250865 0
5356 0.435476 0.252499 0
5357 0.432252 0.254058 0
5358 0.429076 0.255547 0
5359 0.425948 0.256967 0
5360 0.422869 0.258319 0
5361 0.419836 0.259607 0
5362 0.416848 0.260831 0
5363 0.413906 0.261995 0
5364 0.411008 0.263101 0
5365 0.406302 0.264813 0
5366 0.401512 0.266445 0
5367 0.396717 0.267967 0
5368 0.391861 0.269393 0
5369 0.387018 0.270702 0
5370 0.382134 0.271905 0
5371 0.377220 0.272999 0
5372 0.372283 0.273976 0
5373 0.367333 0.274833 0
5374 0.362378 0.275564 0
5375 0.357375 0.276173 0
5376 0.352384 0.276649 0
5377 0.347364 0.276996 0
5378 0.342326 0.277208 0
5379 0.337325 0.277279 0
5380 0.332321 0.277209 0
5381 0.327323 0.276997 0
5382 0.322300 0.276639 0
5383 0.317302 0.276134 0
5384 0.312336 0.275481 0
5385 0.307370 0.274673 0
5386 0.302447 0.273719 0
5387 0.297538 0.272611 0
5388 0.292681 0.271360 0
5389 0.287851 0.269962 0
5390 0.283082 0.268429 0
5391 0.278351 0.266751 0
5392 0.273668 0.264923 0
5393 0.269068 0.262960 0
5394 0.264524 0.260854 0
5395 0.260035 0.258610 0
5396 0.255627 0.256246 0
5397 0.251278 0.253753 0
5398 0.246999 0.251128 0
5399 0.242818 0.248385 0
5400 0.238710 0.245516 0
5401 0.234690 0.242543 0
5402 0.230741 0.239451 0
5403 0.226890 0.236253 0
5404 0.223123 0.232934 0
5405 0.219449 0.229516 0
5406 0.215865 0.226004 0
5407 0.212375 0.222397 0
5408 0.208993 0.218710 0
5409 0.205698 0.214936 0
5410 0.202503 0.211089 0
5411 0.199397 0.207154 0
5412 0.196388 0.203148 0
5413 0.193473 0.199074 0
5414 0.190647 0.194935 0
5415 0.187910 0.190730 0
5416 0.185273 0.186474 0
5417 0.182734 0.182161 0
5418 0.180289 0.177800 0
5419 0.177925 0.173378 0
5420 0.175647 0.168913 0
5421 0.173455 0.164401 0
5422 0.171354 0.159858 0
5423 0.169331 0.155271 0
5424 0.167392 0.150653 0
5425 0.165534 0.146009 0
5426 0.163747 0.141326 0
5427 0.162033 0.136626 0
5428 0.160385 0.131889 0
5429 0.158813 0.127125 0
5430 0.157322 0.122342 0
5431 0.155908 0.117538 0
5432 0.154567 0.112720 0
5433 0.153290 0.107882 0
5434 0.152077 0.103029 0
5435 0.150929 0.098162 0
5436 0.149846 0.093280 0
5437 0.148823 0.088380 0
5438 0.147856 0.083458 0
5439 0.146946 0.078526 0
5440 0.146094 0.073598 0
5441 0.145297 0.068657 0
5442 0.144552 0.063705 0
5443 0.146212 -0.084433 0
5444 0.147174 -0.089351 0
5445 0.148194 -0.094246 0
5446 0.149280 -0.099140 0
5447 0.150432 -0.104019 0
5448 0.151646 -0.108873 0
5449 0.152925 -0.113720 0
5450 0.154264 -0.118541 0
5451 0.155670 -0.123344 0
5452 0.157154 -0.128134 0
5453 0.158713 -0.132885 0
5454 0.160353 -0.137620 0
5455 0.162066 -0.142332 0
5456 0.163846 -0.147011 0
5457 0.165702 -0.151672 0
5458 0.167633 -0.156292 0
5459 0.169648 -0.160884 0
5460 0.171741 -0.165430 0
5461 0.173924 -0.169946 0
5462 0.176193 -0.174414 0
5463 0.178549 -0.178839 0
5464 0.180986 -0.183206 0
5465 0.183518 -0.187528 0
5466 0.186148 -0.191797 0
5467 0.188869 -0.195996 0
5468 0.191679 -0.200132 0
5469 0.194580 -0.204205 0
5470 0.197575 -0.208213 0
5471 0.200668 -0.212151 0
5472 0.203865 -0.216019 0
5473 0.207150 -0.219802 0
5474 0.210526 -0.223499 0
5475 0.213996 -0.227105 0
5476 0.217562 -0.230618 0
5477 0.221219 -0.234040 0
5478 0.224972 -0.237366 0
5479 0.228810 -0.240575 0
5480 0.232749 -0.243679 0
5481 0.236764 -0.246668 0
5482 0.240869 -0.249555 0
5483 0.245051 -0.252319 0
5484 0.249313 -0.254953 0
5485 0.253648 -0.257458 0
5486 0.258046 -0.259838 0
5487 0.262528 -0.262099 0
5488 0.267070 -0.264226 0
5489 0.271674 -0.266213 0
5490 0.276336 -0.268056 0
5491 0.281051 -0.269752 0
5492 0.285808 -0.271304 0
5493 0.290628 -0.272721 0
5494 0.295479 -0.273996 0
5495 0.300355 -0.275122 0
5496 0.305284 -0.276104 0
5497 0.310226 -0.276935 0
5498 0.315211 -0.277618 0
5499 0.320196 -0.278148 0
5500 0.325211 -0.278532 0
5501 0.330208 -0.278770 0
5502 0.335217 -0.278868 0
5503 0.340231 -0.278823 0
5504 0.345240 -0.278640 0
5505 0.350236 -0.278322 0
5506 0.355258 -0.277870 0
5507 0.360247 -0.277291 0
5508 0.365248 -0.276581 0
5509 0.370197 -0.275751 0
5510 0.375139 -0.274800 0
5511 0.380063 -0.273731 0
5512 0.384963 -0.272549 0
5513 0.389830 -0.271261 0
5514 0.394653 -0.269871 0
5515 0.399485 -0.268366 0
5516 0.404252 -0.266770 0
5517 0.409011 -0.265069 0
5518 0.413753 -0.263266 0
5519 0.416673 -0.262103 0
5520 0.419638 -0.260881 0
5521 0.422648 -0.259597 0
5522 0.425704 -0.258249 0
5523 0.428808 -0.256834 0
5524 0.431959 -0.255352 0
5525 0.435160 -0.253800 0
5526 0.438409 -0.252175 0
5527 0.441706 -0.250474 0
5528 0.445050 -0.248693 0
5529 0.448442 -0.246830 0
5530 0.451883 -0.244883 0
5531 0.455373 -0.242849 0
5532 0.458911 -0.240726 0
5533 0.462499 -0.238510 0
5534 0.466132 -0.236197 0
5535 0.469811 -0.233784 0
5536 0.473534 -0.231269 0
5537 0.477301 -0.228648 0
5538 0.481110 -0.225921 0
5539 0.484962 -0.223083 0
5540 0.488850 -0.220130 0
5541 0.492772 -0.217060 0
5542 0.496727 -0.213870 0
5543 0.500713 -0.210559 0
5544 0.504725 -0.207123 0
5545 0.508757 -0.203559 0
5546 0.512807 -0.199865 0
5547 0.516870 -0.196042 0
5548 0.520942 -0.192086 0
5549 0.525016 -0.187995 0
5550 0.529084 -0.183769 0
5551 0.533141 -0.179408 0
5552 0.537179 -0.174910 0
5553 0.541190 -0.170276 0
5554 0.545168 -0.165508 0
5555 0.549104 -0.160604 0
5556 0.552988 -0.155568 0
5557 0.556812 -0.150399 0
5558 0.560566 -0.145101 0
5559 0.564241 -0.139675 0
5560 0.567825 -0.134124 0
5561 0.571309 -0.128452 0
5562 0.574683 -0.122661 0
5563 0.577937 -0.116753 0
5564 0.581060 -0.110735 0
5565 0.584042 -0.104607 0
5566 0.586874 -0.098373 0
5567 0.589546 -0.092037 0
5568 0.592051 -0.085602 0
5569 0.594380 -0.079070 0
5570 0.596528 -0.072447 0
5571 0.598491 -0.065735 0
5572 0.600263 -0.058937 0
5573 0.601841 -0.052060 0
5574 0.603223 -0.045110 0
5575 0.604408 -0.038097 0
5576 0.605392 -0.031029 0
5577 0.606174 -0.023916 0
5578 0.606754 -0.016768 0
5579 0.607131 -0.009595 0
5580 0.607303 -0.002408 0
5581 0.607269 0.004783 0
5582 0.607029 0.011966 0
5583 0.606585 0.019132 0
5584 0.605937 0.026269 0
5585 0.605088 0.033369 0
5586 0.604037 0.040421 0
5587 0.602787 0.047414 0
5588 0.601340 0.054341 0
5589 0.599697 0.061193 0
5590 0.597861 0.067963 0
5591 0.595837 0.074647 0
5592 0.593628 0.081241 0
5593 0.591239 0.087742 0
5594 0.588678 0.094145 0
5595 0.585951 0.100448 0
5596 0.583068 0.106648 0
5597 0.580037 0.112741 0
5598 0.576869 0.118723 0
5599 0.573574 0.124593 0
5600 0.570162 0.130346 0
5601 0.566643 0.135979 0
5602 0.563027 0.141490 0
5603 0.559324 0.146874 0
5604 0.555545 0.152130 0
5605 0.551699 0.157256 0
5606 0.547796 0.162249 0
5607 0.543845 0.167108 0
5608 0.539854 0.171832 0
5609 0.535832 0.176422 0
5610 0.531786 0.180875 0
5611 0.527724 0.185192 0
5612 0.523653 0.189373 0
5613 0.519578 0.193419 0
5614 0.515507 0.197331 0
5615 0.511447 0.201111 0
5616 0.507403 0.204762 0
5617 0.503376 0.208284 0
5618 0.499371 0.211678 0
5619 0.495394 0.214949 0
5620 0.491449 0.218099 0
5621 0.487538 0.221130 0
5622 0.483661 0.224044 0
5623 0.479823 0.226845 0
5624 0.476026 0.229536 0
5625 0.472274 0.232122 0
5626 0.468565 0.234603 0
5627 0.464900 0.236982 0
5628 0.461282 0.239262 0
5629 0.457710 0.241447 0
5630 0.454187 0.243540 0
5631 0.450713 0.245544 0
5632 0.447288 0.247463 0
5633 0.443912 0.249299 0
5634 0.440583 0.251052 0
5635 0.437301 0.252727 0
5636 0.434068 0.254327 0
5637 0.430884 0.255855 0
5638 0.427748 0.257315 0
5639 0.424660 0.258707 0
5640 0.421619 0.260034 0
5641 0.418624 0.261296 0
5642 0.415674 0.262498 0
5643 0.412769 0.263641 0
5644 0.408050 0.265413 0
5645 0.403316 0.267085 0
5646 0.398507 0.268672 0
5647 0.393701 0.270147 0
5648 0.388843 0.271523 0
5649 0.383945 0.272797 0
5650 0.379074 0.273947 0
5651 0.374178 0.274986 0
5652 0.369212 0.275918 0
5653 0.364240 0.276726 0
5654 0.359271 0.277406 0
5655 0.354263 0.277962 0
5656 0.349274 0.278385 0
5657 0.344263 0.278678 0
5658 0.339242 0.278835 0
5659 0.334219 0.278851 0
5660 0.329202 0.278725 0
5661 0.324200 0.278458 0
5662 0.319182 0.278044 0
5663 0.314196 0.277483 0
5664 0.309213 0.276768 0
5665 0.304273 0.275907 0
5666 0.299348 0.274894 0
5667 0.294477 0.273737 0
5668 0.289633 0.272432 0
5669 0.284819 0.270985 0
5670 0.280071 0.269404 0
5671 0.275367 0.267677 0
5672 0.270716 0.265805 0
5673 0.266126 0.263789 0
5674 0.261597 0.261634 0
5675 0.257128 0.259345 0
5676 0.252742 0.256940 0
5677 0.248422 0.254408 0
5678 0.244177 0.251747 0
5679 0.240012 0.248958 0
5680 0.235922 0.246047 0
5681 0.231924 0.243034 0
5682 0.228002 0.239906 0
5683 0.224182 0.236673 0
5684 0.220447 0.233323 0
5685 0.216806 0.229880 0
5686 0.213257 0.226345 0
5687 0.209805 0.222716 0
5688 0.206446 0.218998 0
5689 0.203178 0.215194 0
5690 0.200011 0.211321 0
5691 0.196934 0.207362 0
5692 0.193955 0.203335 0
5693 0.191070 0.199242 0
5694 0.188275 0.195087 0
5695 0.185570 0.190867 0
5696 0.182965 0.186593 0
5697 0.180449 0.182252 0
5698 0.178026 0.177866 0
5699 0.175693 0.173439 0
5700 0.173446 0.168968 0
5701 0.171285 0.164449 0
5702 0.169205 0.159883 0
5703 0.167210 0.155288 0
5704 0.165298 0.150665 0
5705 0.163459 0.146003 0
5706 0.161690 0.141308 0
5707 0.159994 0.136596 0
5708 0.158372 0.131857 0
5709 0.156825 0.127085 0
5710 0.155358 0.122291 0
5711 0.153967 0.117486 0
5712 0.152639 0.112650 0
5713 0.151375 0.107806 0
5714 0.150172 0.102937 0
5715 0.149036 0.098058 0
5716 0.147965 0.093165 0
5717 0.146955 0.088252 0
5718 0.146006 0.083332 0
5719 0.149103 -0.106484 0
5720 0.150340 -0.111338 0
5721 0.151639 -0.116177 0
5722 0.153000 -0.121000 0
5723 0.154426 -0.125800 0
5724 0.155925 -0.130581 0
5725 0.157498 -0.135330 0
5726 0.159152 -0.140059 0
5727 0.160880 -0.144764 0
5728 0.162677 -0.149435 0
5729 0.164545 -0.154076 0
5730 0.166494 -0.158696 0
5731 0.168520 -0.163272 0
5732 0.170631 -0.167818 0
5733 0.172825 -0.172315 0
5734 0.175113 -0.176780 0
5735 0.177482 -0.181186 0
5736 0.179943 -0.185551 0
5737 0.182490 -0.189857 0
5738 0.185137 -0.194113 0
5739 0.187875 -0.198300 0
5740 0.190704 -0.202426 0
5741 0.193627 -0.206491 0
5742 0.196646 -0.210492 0
5743 0.199755 -0.214409 0
5744 0.202969 -0.218259 0
5745 0.206273 -0.222026 0
5746 0.209671 -0.225708 0
5747 0.213167 -0.229303 0
5748 0.216761 -0.232806 0
5749 0.220434 -0.236206 0
5750 0.224207 -0.239511 0
5751 0.228069 -0.242701 0
5752 0.232014 -0.245775 0
5753 0.236054 -0.248750 0
5754 0.240171 -0.251611 0
5755 0.244369 -0.254349 0
5756 0.248649 -0.256960 0
5757 0.253002 -0.259445 0
5758 0.257421 -0.261806 0
5759 0.261904 -0.264039 0
5760 0.266452 -0.266139 0
5761 0.271066 -0.268099 0
5762 0.275740 -0.269918 0
5763 0.280467 -0.271592 0
5764 0.285237 -0.273124 0
5765 0.290044 -0.274513 0
5766 0.294914 -0.275769 0
5767 0.299815 -0.276877 0
5768 0.304741 -0.277835 0
5769 0.309683 -0.278643 0
5770 0.314671 -0.279305 0
5771 0.319664 -0.279815 0
5772 0.324690 -0.280178 0
5773 0.329703 -0.280397 0
5774 0.334731 -0.280475 0
5775 0.339769 -0.280412 0
5776 0.344808 -0.280208 0
5777 0.349838 -0.279869 0
5778 0.354849 -0.279399 0
5779 0.359832 -0.278803 0
5780 0.364827 -0.278077 0
5781 0.369774 -0.277233 0
5782 0.374716 -0.276266 0
5783 0.379643 -0.275182 0
5784 0.384550 -0.273986 0
5785 0.389426 -0.272682 0
5786 0.394262 -0.271276 0
5787 0.399046 -0.269775 0
5788 0.403834 -0.268164 0
5789 0.408548 -0.266470 0
5790 0.413246 -0.264678 0
5791 0.416139 -0.263523 0
5792 0.419077 -0.262311 0
5793 0.422059 -0.261037 0
5794 0.425087 -0.259701 0
5795 0.428161 -0.258299 0
5796 0.431284 -0.256830 0
5797 0.434454 -0.255293 0
5798 0.437674 -0.253686 0
5799 0.440942 -0.252004 0
5800 0.444257 -0.250244 0
5801 0.447620 -0.248403 0
5802 0.451032 -0.246478 0
5803 0.454492 -0.244469 0
5804 0.458001 -0.242373 0
5805 0.461559 -0.240185 0
5806 0.465165 -0.237902 0
5807 0.468816 -0.235522 0
5808 0.472512 -0.233040 0
5809 0.476252 -0.230455 0
5810 0.480035 -0.227765 0
5811 0.483860 -0.224966 0
5812 0.487725 -0.222055 0
5813 0.491625 -0.219027 0
5814 0.495559 -0.215882 0
5815 0.499525 -0.212617 0
5816 0.503519 -0.209229 0
5817 0.507537 -0.205715 0
5818 0.511573 -0.202073 0
5819 0.515624 -0.198301 0
5820 0.519687 -0.194399 0
5821 0.523755 -0.190365 0
5822 0.527821 -0.186195 0
5823 0.531879 -0.181891 0
5824 0.535922 -0.177452 0
5825 0.539942 -0.172876 0
5826 0.543933 -0.168168 0
5827 0.547885 -0.163324 0
5828 0.551790 -0.158347 0
5829 0.555641 -0.153239 0
5830 0.559426 -0.148000 0
5831 0.563136 -0.142634 0
5832 0.566762 -0.137142 0
5833 0.570292 -0.131527 0
5834 0.573719 -0.125794 0
5835 0.577029 -0.119944 0
5836 0.580215 -0.113981 0
5837 0.583265 -0.107909 0
5838 0.586170 -0.101729 0
5839 0.588920 -0.095447 0
5840 0.591507 -0.089065 0
5841 0.593923 -0.082586 0
5842 0.596160 -0.076012 0
5843 0.598215 -0.069349 0
5844 0.600082 -0.062599 0
5845 0.601758 -0.055766 0
5846 0.603239 -0.048856 0
5847 0.604525 -0.041879 0
5848 0.605612 -0.034842 0
5849 0.606499 -0.027755 0
5850 0.607185 -0.020627 0
5851 0.607670 -0.013470 0
5852 0.607951 -0.006293 0
5853 0.608028 0.000894 0
5854 0.607900 0.008080 0
5855 0.607568 0.015253 0
5856 0.607033 0.022404 0
5857 0.606296 0.029522 0
5858 0.605359 0.036598 0
5859 0.604222 0.043621 0
5860 0.602887 0.050583 0
5861 0.601357 0.057475 0
5862 0.599633 0.064288 0
5863 0.597719 0.071017 0
5864 0.595618 0.077659 0
5865 0.593335 0.084210 0
5866 0.590875 0.090666 0
5867 0.588246 0.097024 0
5868 0.585456 0.103281 0
5869 0.582514 0.109435 0
5870 0.579428 0.115481 0
5871 0.576210 0.121416 0
5872 0.572869 0.127238 0
5873 0.569415 0.132943 0
5874 0.565859 0.138528 0
5875 0.562211 0.143989 0
5876 0.558480 0.149324 0
5877 0.554677 0.154531 0
5878 0.550811 0.159607 0
5879 0.546893 0.164552 0
5880 0.542929 0.169362 0
5881 0.538930 0.174038 0
5882 0.534903 0.178580 0
5883 0.530854 0.182986 0
5884 0.526793 0.187257 0
5885 0.522725 0.191393 0
5886 0.518657 0.195394 0
5887 0.514595 0.199264 0
5888 0.510546 0.203003 0
5889 0.506514 0.206613 0
5890 0.502501 0.210096 0
5891 0.498513 0.213453 0
5892 0.494554 0.216688 0
5893 0.490628 0.219803 0
5894 0.486736 0.222802 0
5895 0.482880 0.225684 0
5896 0.479065 0.228455 0
5897 0.475292 0.231119 0
5898 0.471562 0.233678 0
5899 0.467877 0.236134 0
5900 0.464237 0.238489 0
5901 0.460642 0.240748 0
5902 0.457096 0.242912 0
5903 0.453599 0.244986 0
5904 0.450150 0.246974 0
5905 0.446751 0.248877 0
5906 0.443399 0.250697 0
5907 0.440095 0.252437 0
5908 0.436839 0.254100 0
5909 0.433632 0.255689 0
5910 0.430473 0.257208 0
5911 0.427363 0.258660 0
5912 0.424300 0.260045 0
5913 0.421283 0.261365 0
5914 0.418312 0.262623 0
5915 0.415386 0.263820 0
5916 0.412504 0.264961 0
5917 0.407823 0.266730 0
5918 0.403060 0.268424 0
5919 0.398293 0.270011 0
5920 0.393466 0.271507 0
5921 0.388652 0.272888 0
5922 0.383798 0.274169 0
5923 0.378913 0.275343 0
5924 0.374007 0.276404 0
5925 0.369087 0.277349 0
5926 0.364108 0.278181 0
5927 0.359136 0.278886 0
5928 0.354126 0.279467 0
5929 0.349138 0.279915 0
5930 0.344131 0.280235 0
5931 0.339115 0.280420 0
5932 0.334099 0.280465 0
5933 0.329092 0.280369 0
5934 0.324061 0.280132 0
5935 0.319057 0.279752 0
5936 0.314050 0.279222 0
5937 0.309084 0.278545 0
5938 0.304129 0.277716 0
5939 0.299194 0.276736 0
5940 0.294315 0.275614 0
5941 0.289467 0.274346 0
5942 0.284653 0.272936 0
5943 0.279876 0.271383 0
5944 0.275144 0.269686 0
5945 0.270467 0.267846 0
5946 0.265853 0.265863 0
5947 0.261305 0.263741 0
5948 0.256822 0.261487 0
5949 0.252404 0.259105 0
5950 0.248053 0.256598 0
5951 0.243778 0.253966 0
5952 0.239585 0.251206 0
5953 0.235474 0.248324 0
5954 0.231457 0.245342 0
5955 0.227518 0.242248 0
5956 0.223663 0.239038 0
5957 0.219914 0.235726 0
5958 0.216247 0.232307 0
5959 0.212675 0.228799 0
5960 0.209200 0.225200 0
5961 0.205822 0.221513 0
5962 0.202536 0.217743 0
5963 0.199341 0.213890 0
5964 0.196238 0.209954 0
5965 0.193237 0.205950 0
5966 0.190320 0.201868 0
5967 0.187497 0.197725 0
5968 0.184765 0.193519 0
5969 0.182135 0.189261 0
5970 0.179595 0.184937 0
5971 0.177149 0.180570 0
5972 0.174786 0.176147 0
5973 0.172513 0.171680 0
5974 0.170333 0.167180 0
5975 0.168235 0.162632 0
5976 0.166221 0.158053 0
5977 0.164284 0.153432 0
5978 0.162421 0.148775 0
5979 0.160636 0.144103 0
5980 0.158919 0.139398 0
5981 0.157276 0.134667 0
5982 0.155713 0.129915 0
5983 0.154225 0.125132 0
5984 0.152810 0.120332 0
5985 0.151459 0.115511 0
5986 0.150170 0.110675 0
5987 0.148942 0.105822 0
5988 0.151074 -0.121315 0
5989 0.152491 -0.126118 0
5990 0.153977 -0.130904 0
5991 0.155532 -0.135660 0
5992 0.157161 -0.140387 0
5993 0.158871 -0.145099 0
5994 0.160651 -0.149774 0
5995 0.162503 -0.154419 0
5996 0.164430 -0.159036 0
5997 0.166432 -0.163618 0
5998 0.168517 -0.168170 0
5999 0.170689 -0.172686 0
6000 0.172947 -0.177152 0
6001 0.175295 -0.181571 0
6002 0.177735 -0.185949 0
6003 0.180260 -0.190272 0
6004 0.182875 -0.194534 0
6005 0.185592 -0.198745 0
6006 0.188403 -0.202893 0
6007 0.191308 -0.206982 0
6008 0.194301 -0.210998 0
6009 0.197397 -0.214947 0
6010 0.200586 -0.218815 0
6011 0.203868 -0.222603 0
6012 0.207246 -0.226309 0
6013 0.210710 -0.229917 0
6014 0.214273 -0.233437 0
6015 0.217934 -0.236870 0
6016 0.221682 -0.240199 0
6017 0.225520 -0.243417 0
6018 0.229446 -0.246520 0
6019 0.233452 -0.249514 0
6020 0.237537 -0.252397 0
6021 0.241706 -0.255163 0
6022 0.245958 -0.257805 0
6023 0.250288 -0.260322 0
6024 0.254689 -0.262718 0
6025 0.259157 -0.264989 0
6026 0.263696 -0.267130 0
6027 0.268305 -0.269136 0
6028 0.272954 -0.270992 0
6029 0.277661 -0.272707 0
6030 0.282415 -0.274281 0
6031 0.287211 -0.275714 0
6032 0.292043 -0.277006 0
6033 0.296910 -0.278155 0
6034 0.301841 -0.279163 0
6035 0.306796 -0.280023 0
6036 0.311771 -0.280732 0
6037 0.316756 -0.281290 0
6038 0.321743 -0.281700 0
6039 0.326760 -0.281966 0
6040 0.331761 -0.282092 0
6041 0.336775 -0.282079 0
6042 0.341796 -0.281926 0
6043 0.346815 -0.281636 0
6044 0.351823 -0.281216 0
6045 0.356809 -0.280669 0
6046 0.361814 -0.279990 0
6047 0.366780 -0.279191 0
6048 0.371749 -0.278268 0
6049 0.376655 -0.277236 0
6050 0.381546 -0.276090 0
6051 0.386411 -0.274835 0
6052 0.391243 -0.273478 0
6053 0.396032 -0.272023 0
6054 0.400831 -0.270457 0
6055 0.405566 -0.268804 0
6056 0.410293 -0.267050 0
6057 0.415004 -0.265197 0
6058 0.417905 -0.264005 0
6059 0.420850 -0.262755 0
6060 0.423841 -0.261443 0
6061 0.426877 -0.260067 0
6062 0.429960 -0.258626 0
6063 0.433091 -0.257118 0
6064 0.436271 -0.255541 0
6065 0.439499 -0.253893 0
6066 0.442776 -0.252170 0
6067 0.446100 -0.250367 0
6068 0.449472 -0.248482 0
6069 0.452893 -0.246515 0
6070 0.456362 -0.244462 0
6071 0.459881 -0.242321 0
6072 0.463448 -0.240088 0
6073 0.467062 -0.237759 0
6074 0.470721 -0.235332 0
6075 0.474425 -0.232803 0
6076 0.478172 -0.230171 0
6077 0.481962 -0.227433 0
6078 0.485794 -0.224586 0
6079 0.489664 -0.221625 0
6080 0.493569 -0.218548 0
6081 0.497507 -0.215353 0
6082 0.501477 -0.212038 0
6083 0.505473 -0.208600 0
6084 0.509491 -0.205035 0
6085 0.513527 -0.201342 0
6086 0.517577 -0.197521 0
6087 0.521637 -0.193568 0
6088 0.525699 -0.189483 0
6089 0.529758 -0.185264 0
6090 0.533808 -0.180911 0
6091 0.537839 -0.176423 0
6092 0.541846 -0.171801 0
6093 0.545821 -0.167045 0
6094 0.549755 -0.162155 0
6095 0.553640 -0.157134 0
6096 0.557468 -0.151983 0
6097 0.561228 -0.146702 0
6098 0.564910 -0.141296 0
6099 0.568504 -0.135765 0
6100 0.572001 -0.130115 0
6101 0.575391 -0.124346 0
6102 0.578662 -0.118463 0
6103 0.581806 -0.112470 0
6104 0.584812 -0.106368 0
6105 0.587670 -0.100161 0
6106 0.590371 -0.093853 0
6107 0.592907 -0.087447 0
6108 0.595270 -0.080944 0
6109 0.597454 -0.074349 0
6110 0.599454 -0.067666 0
6111 0.601266 -0.060897 0
6112 0.602886 -0.054046 0
6113 0.604313 -0.047121 0
6114 0.605543 -0.040131 0
6115 0.606576 -0.033084 0
6116 0.607410 -0.025989 0
6117 0.608044 -0.018856 0
6118 0.608476 -0.011696 0
6119 0.608706 -0.004519 0
6120 0.608732 0.002666 0
6121 0.608554 0.009846 0
6122 0.608174 0.017012 0
6123 0.607592 0.024152 0
6124 0.606810 0.031258 0
6125 0.605828 0.038319 0
6126 0.604648 0.045325 0
6127 0.603271 0.052268 0
6128 0.601701 0.059139 0
6129 0.599938 0.065930 0
6130 0.597985 0.072636 0
6131 0.595848 0.079255 0
6132 0.593530 0.085782 0
6133 0.591037 0.092214 0
6134 0.588377 0.098548 0
6135 0.585559 0.104782 0
6136 0.582589 0.110912 0
6137 0.579479 0.116934 0
6138 0.576239 0.122846 0
6139 0.572878 0.128645 0
6140 0.569407 0.134327 0
6141 0.565836 0.139889 0
6142 0.562175 0.145329 0
6143 0.558434 0.150642 0
6144 0.554622 0.155827 0
6145 0.550750 0.160883 0
6146 0.546827 0.165807 0
6147 0.542860 0.170597 0
6148 0.538860 0.175254 0
6149 0.534834 0.179778 0
6150 0.530787 0.184166 0
6151 0.526729 0.188420 0
6152 0.522666 0.192539 0
6153 0.518604 0.196526 0
6154 0.514550 0.200381 0
6155 0.510510 0.204107 0
6156 0.506487 0.207705 0
6157 0.502484 0.211176 0
6158 0.498506 0.214522 0
6159 0.494559 0.217747 0
6160 0.490645 0.220855 0
6161 0.486765 0.223845 0
6162 0.482922 0.226721 0
6163 0.479120 0.229486 0
6164 0.475361 0.232145 0
6165 0.471646 0.234700 0
6166 0.467975 0.237153 0
6167 0.464349 0.239506 0
6168 0.460769 0.241764 0
6169 0.457238 0.243928 0
6170 0.453755 0.246003 0
6171 0.450322 0.247992 0
6172 0.446937 0.249897 0
6173 0.443601 0.251720 0
6174 0.440311 0.253464 0
6175 0.437070 0.255131 0
6176 0.433878 0.256725 0
6177 0.430734 0.258250 0
6178 0.427639 0.259708 0
6179 0.424590 0.261100 0
6180 0.421588 0.262428 0
6181 0.418631 0.263693 0
6182 0.415719 0.264900 0
6183 0.411057 0.266748 0
6184 0.406310 0.268527 0
6185 0.401555 0.270203 0
6186 0.396798 0.271773 0
6187 0.391987 0.273251 0
6188 0.387132 0.274632 0
6189 0.382245 0.275909 0
6190 0.377333 0.277076 0
6191 0.372404 0.278129 0
6192 0.367467 0.279063 0
6193 0.362530 0.279875 0
6194 0.357550 0.280568 0
6195 0.352539 0.281137 0
6196 0.347552 0.281574 0
6197 0.342552 0.281882 0
6198 0.337547 0.282056 0
6199 0.332547 0.282091 0
6200 0.327518 0.281986 0
6201 0.322511 0.281741 0
6202 0.317495 0.281352 0
6203 0.312518 0.280817 0
6204 0.307550 0.280131 0
6205 0.302598 0.279296 0
6206 0.297671 0.278312 0
6207 0.292774 0.277180 0
6208 0.287914 0.275903 0
6209 0.283091 0.274484 0
6210 0.278338 0.272932 0
6211 0.273631 0.271240 0
6212 0.268954 0.269397 0
6213 0.264343 0.267413 0
6214 0.259801 0.265294 0
6215 0.255328 0.263044 0
6216 0.250923 0.260669 0
6217 0.246588 0.258173 0
6218 0.242329 0.255553 0
6219 0.238134 0.252795 0
6220 0.234023 0.249918 0
6221 0.229993 0.246931 0
6222 0.226044 0.243833 0
6223 0.222199 0.240635 0
6224 0.218444 0.237325 0
6225 0.214776 0.233910 0
6226 0.211205 0.230408 0
6227 0.207719 0.226804 0
6228 0.204333 0.223116 0
6229 0.201043 0.219345 0
6230 0.197846 0.215495 0
6231 0.194741 0.211563 0
6232 0.191729 0.207550 0
6233 0.188816 0.203477 0
6234 0.185997 0.199346 0
6235 0.183271 0.195153 0
6236 0.180639 0.190894 0
6237 0.178096 0.186573 0
6238 0.175649 0.182210 0
6239 0.173285 0.177793 0
6240 0.171012 0.173330 0
6241 0.168825 0.168816 0
6242 0.166727 0.164267 0
6243 0.164712 0.159687 0
6244 0.162773 0.155070 0
6245 0.160908 0.150424 0
6246 0.159117 0.145749 0
6247 0.157396 0.141039 0
6248 0.155755 0.136313 0
6249 0.154189 0.131558 0
6250 0.152692 0.126772 0
6251 0.151265 0.121966 0
6252 0.152498 -0.132833 0
6253 0.154067 -0.137595 0
6254 0.155705 -0.142329 0
6255 0.157420 -0.147037 0
6256 0.159213 -0.151722 0
6257 0.161075 -0.156363 0
6258 0.163013 -0.160979 0
6259 0.165026 -0.165568 0
6260 0.167114 -0.170118 0
6261 0.169289 -0.174630 0
6262 0.171558 -0.179102 0
6263 0.173917 -0.183525 0
6264 0.176363 -0.187892 0
6265 0.178894 -0.192206 0
6266 0.181525 -0.196476 0
6267 0.184250 -0.200682 0
6268 0.187071 -0.204825 0
6269 0.189980 -0.208899 0
6270 0.192977 -0.212901 0
6271 0.196080 -0.216841 0
6272 0.199277 -0.220701 0
6273 0.202571 -0.224482 0
6274 0.205950 -0.228171 0
6275 0.209430 -0.231777 0
6276 0.212998 -0.235284 0
6277 0.216667 -0.238707 0
6278 0.220427 -0.242029 0
6279 0.224280 -0.245242 0
6280 0.228223 -0.248343 0
6281 0.232250 -0.251336 0
6282 0.236344 -0.254209 0
6283 0.240525 -0.256966 0
6284 0.244792 -0.259601 0
6285 0.249139 -0.262115 0
6286 0.253539 -0.264496 0
6287 0.258011 -0.266755 0
6288 0.262558 -0.268886 0
6289 0.267153 -0.270873 0
6290 0.271816 -0.272723 0
6291 0.276538 -0.274434 0
6292 0.281312 -0.276006 0
6293 0.286133 -0.277437 0
6294 0.290965 -0.278719 0
6295 0.295836 -0.279859 0
6296 0.300743 -0.280853 0
6297 0.305678 -0.281701 0
6298 0.310634 -0.282402 0
6299 0.315604 -0.282953 0
6300 0.320615 -0.283361 0
6301 0.325622 -0.283623 0
6302 0.330657 -0.283745 0
6303 0.335670 -0.283728 0
6304 0.340693 -0.283572 0
6305 0.345719 -0.283280 0
6306 0.350738 -0.282856 0
6307 0.355742 -0.282305 0
6308 0.360719 -0.281629 0
6309 0.365659 -0.280834 0
6310 0.370604 -0.279916 0
6311 0.375545 -0.278879 0
6312 0.380418 -0.277739 0
6313 0.385269 -0.276490 0
6314 0.390089 -0.275139 0
6315 0.394932 -0.273672 0
6316 0.399728 -0.272110 0
6317 0.404464 -0.270463 0
6318 0.409196 -0.268711 0
6319 0.413917 -0.266862 0
6320 0.416783 -0.265689 0
6321 0.419692 -0.264459 0
6322 0.422646 -0.263170 0
6323 0.425646 -0.261819 0
6324 0.428691 -0.260403 0
6325 0.431783 -0.258922 0
6326 0.434924 -0.257375 0
6327 0.438113 -0.255758 0
6328 0.441351 -0.254068 0
6329 0.444637 -0.252301 0
6330 0.447970 -0.250455 0
6331 0.451352 -0.248527 0
6332 0.454783 -0.246515 0
6333 0.458262 -0.244418 0
6334 0.461790 -0.242231 0
6335 0.465366 -0.239952 0
6336 0.468989 -0.237576 0
6337 0.472656 -0.235101 0
6338 0.476368 -0.232525 0
6339 0.480124 -0.229845 0
6340 0.483922 -0.227058 0
6341 0.487760 -0.224161 0
6342 0.491636 -0.221150 0
6343 0.495546 -0.218023 0
6344 0.499489 -0.214777 0
6345 0.503462 -0.211411 0
6346 0.507460 -0.207921 0
6347 0.511478 -0.204304 0
6348 0.515513 -0.200561 0
6349 0.519562 -0.196688 0
6350 0.523618 -0.192685 0
6351 0.527675 -0.188548 0
6352 0.531726 -0.184279 0
6353 0.535766 -0.179876 0
6354 0.539785 -0.175338 0
6355 0.543778 -0.170668 0
6356 0.547737 -0.165865 0
6357 0.551652 -0.160929 0
6358 0.555516 -0.155863 0
6359 0.559320 -0.150668 0
6360 0.563053 -0.145346 0
6361 0.566705 -0.139899 0
6362 0.570267 -0.134329 0
6363 0.573729 -0.128642 0
6364 0.577080 -0.122839 0
6365 0.580311 -0.116923 0
6366 0.583411 -0.110898 0
6367 0.586371 -0.104767 0
6368 0.589180 -0.098532 0
6369 0.591830 -0.092199 0
6370 0.594314 -0.085767 0
6371 0.596622 -0.079241 0
6372 0.598751 -0.072625 0
6373 0.600695 -0.065921 0
6374 0.602450 -0.059132 0
6375 0.604013 -0.052264 0
6376 0.605383 -0.045324 0
6377 0.606558 -0.038321 0
6378 0.607535 -0.031264 0
6379 0.608314 -0.024161 0
6380 0.608894 -0.017024 0
6381 0.609273 -0.009862 0
6382 0.609450 -0.002685 0
6383 0.609424 0.004497 0
6384 0.609196 0.011671 0
6385 0.608766 0.018828 0
6386 0.608136 0.025958 0
6387 0.607307 0.033050 0
6388 0.606279 0.040095 0
6389 0.605055 0.047083 0
6390 0.603635 0.054006 0
6391 0.602023 0.060855 0
6392 0.600220 0.067623 0
6393 0.598228 0.074306 0
6394 0.596053 0.080900 0
6395 0.593700 0.087403 0
6396 0.591173 0.093810 0
6397 0.588481 0.100120 0
6398 0.585632 0.106329 0
6399 0.582636 0.112434 0
6400 0.579501 0.118432 0
6401 0.576238 0.124321 0
6402 0.572857 0.130095 0
6403 0.569368 0.135754 0
6404 0.565782 0.141293 0
6405 0.562107 0.146709 0
6406 0.558355 0.152000 0
6407 0.554535 0.157163 0
6408 0.550656 0.162197 0
6409 0.546728 0.167100 0
6410 0.542759 0.171870 0
6411 0.538758 0.176507 0
6412 0.534732 0.181011 0
6413 0.530688 0.185381 0
6414 0.526634 0.189617 0
6415 0.522576 0.193719 0
6416 0.518520 0.197690 0
6417 0.514474 0.201530 0
6418 0.510442 0.205241 0
6419 0.506428 0.208826 0
6420 0.502435 0.212284 0
6421 0.498468 0.215619 0
6422 0.494533 0.218835 0
6423 0.490631 0.221933 0
6424 0.486764 0.224915 0
6425 0.482935 0.227783 0
6426 0.479147 0.230542 0
6427 0.475402 0.233196 0
6428 0.471701 0.235746 0
6429 0.468044 0.238195 0
6430 0.464432 0.240546 0
6431 0.460868 0.242802 0
6432 0.457352 0.244965 0
6433 0.453885 0.247040 0
6434 0.450466 0.249030 0
6435 0.447097 0.250937 0
6436 0.443775 0.252762 0
6437 0.440501 0.254509 0
6438 0.437275 0.256180 0
6439 0.434098 0.257779 0
6440 0.430969 0.259309 0
6441 0.427889 0.260773 0
6442 0.424855 0.262171 0
6443 0.421868 0.263507 0
6444 0.418925 0.264780 0
6445 0.416026 0.265995 0
6446 0.411319 0.267885 0
6447 0.406597 0.269678 0
6448 0.401867 0.271371 0
6449 0.397074 0.272980 0
6450 0.392290 0.274478 0
6451 0.387464 0.275881 0
6452 0.382604 0.277182 0
6453 0.377720 0.278376 0
6454 0.372818 0.279458 0
6455 0.367908 0.280423 0
6456 0.362946 0.281277 0
6457 0.357993 0.282006 0
6458 0.353009 0.282613 0
6459 0.348003 0.283095 0
6460 0.342987 0.283447 0
6461 0.337968 0.283666 0
6462 0.332956 0.283746 0
6463 0.327918 0.283687 0
6464 0.322903 0.283490 0
6465 0.317881 0.283148 0
6466 0.312898 0.282663 0
6467 0.307924 0.282029 0
6468 0.302969 0.281246 0
6469 0.298040 0.280316 0
6470 0.293145 0.279239 0
6471 0.288287 0.278019 0
6472 0.283469 0.276657 0
6473 0.278694 0.275155 0
6474 0.273966 0.273513 0
6475 0.269293 0.271733 0
6476 0.264658 0.269806 0
6477 0.260093 0.267743 0
6478 0.255580 0.265538 0
6479 0.251141 0.263209 0
6480 0.246774 0.260759 0
6481 0.242483 0.258188 0
6482 0.238256 0.255483 0
6483 0.234117 0.252658 0
6484 0.230063 0.249723 0
6485 0.226092 0.246680 0
6486 0.222207 0.243528 0
6487 0.218414 0.240265 0
6488 0.214713 0.236897 0
6489 0.211099 0.233431 0
6490 0.207572 0.229867 0
6491 0.204147 0.226218 0
6492 0.200809 0.222475 0
6493 0.197568 0.218653 0
6494 0.194423 0.214753 0
6495 0.191372 0.210773 0
6496 0.188423 0.206734 0
6497 0.185562 0.202625 0
6498 0.182797 0.198457 0
6499 0.180128 0.194226 0
6500 0.177550 0.189933 0
6501 0.175061 0.185584 0
6502 0.172658 0.181182 0
6503 0.170347 0.176734 0
6504 0.168132 0.172249 0
6505 0.166000 0.167710 0
6506 0.163952 0.163137 0
6507 0.161979 0.158534 0
6508 0.160082 0.153905 0
6509 0.158254 0.149236 0
6510 0.156505 0.144548 0
6511 0.154834 0.139833 0
6512 0.153233 0.135083 0
6513 0.151701 0.130311 0
6514 0.155436 -0.153681 0
6515 0.157289 -0.158333 0
6516 0.159217 -0.162950 0
6517 0.161217 -0.167540 0
6518 0.163286 -0.172103 0
6519 0.165427 -0.176626 0
6520 0.167659 -0.181112 0
6521 0.169989 -0.185553 0
6522 0.172409 -0.189929 0
6523 0.174925 -0.194267 0
6524 0.177523 -0.198541 0
6525 0.180213 -0.202757 0
6526 0.183003 -0.206909 0
6527 0.185895 -0.211002 0
6528 0.188881 -0.215033 0
6529 0.191954 -0.218983 0
6530 0.195125 -0.222861 0
6531 0.198397 -0.226665 0
6532 0.201760 -0.230380 0
6533 0.205215 -0.234006 0
6534 0.208764 -0.237540 0
6535 0.212407 -0.240979 0
6536 0.216145 -0.244324 0
6537 0.219966 -0.247558 0
6538 0.223884 -0.250688 0
6539 0.227879 -0.253701 0
6540 0.231965 -0.256611 0
6541 0.236127 -0.259401 0
6542 0.240363 -0.262067 0
6543 0.244688 -0.264616 0
6544 0.249076 -0.267037 0
6545 0.253524 -0.269330 0
6546 0.258054 -0.271500 0
6547 0.262641 -0.273533 0
6548 0.267280 -0.275426 0
6549 0.271986 -0.277186 0
6550 0.276728 -0.278803 0
6551 0.281526 -0.280283 0
6552 0.286349 -0.281617 0
6553 0.291220 -0.282810 0
6554 0.296136 -0.283861 0
6555 0.301061 -0.284761 0
6556 0.306018 -0.285517 0
6557 0.311000 -0.286128 0
6558 0.315999 -0.286592 0
6559 0.321005 -0.286911 0
6560 0.326010 -0.287088 0
6561 0.331044 -0.287127 0
6562 0.336060 -0.287029 0
6563 0.341091 -0.286794 0
6564 0.346084 -0.286429 0
6565 0.351073 -0.285935 0
6566 0.356048 -0.285317 0
6567 0.361000 -0.284579 0
6568 0.365969 -0.283715 0
6569 0.370896 -0.282739 0
6570 0.375823 -0.281645 0
6571 0.380684 -0.280452 0
6572 0.385525 -0.279151 0
6573 0.390339 -0.277749 0
6574 0.395115 -0.276252 0
6575 0.399908 -0.274644 0
6576 0.404646 -0.272951 0
6577 0.409383 -0.271155 0
6578 0.414046 -0.269289 0
6579 0.418690 -0.267333 0
6580 0.421592 -0.266061 0
6581 0.424538 -0.264729 0
6582 0.427530 -0.263335 0
6583 0.430567 -0.261878 0
6584 0.433651 -0.260355 0
6585 0.436784 -0.258766 0
6586 0.439965 -0.257108 0
6587 0.443195 -0.255376 0
6588 0.446473 -0.253568 0
6589 0.449800 -0.251681 0
6590 0.453174 -0.249712 0
6591 0.456596 -0.247661 0
6592 0.460068 -0.245524 0
6593 0.463588 -0.243298 0
6594 0.467156 -0.240979 0
6595 0.470770 -0.238565 0
6596 0.474430 -0.236052 0
6597 0.478134 -0.233439 0
6598 0.481881 -0.230722 0
6599 0.485671 -0.227899 0
6600 0.489501 -0.224966 0
6601 0.493368 -0.221920 0
6602 0.497269 -0.218758 0
6603 0.501203 -0.215479 0
6604 0.505167 -0.212080 0
6605 0.509156 -0.208558 0
6606 0.513165 -0.204911 0
6607 0.517191 -0.201138 0
6608 0.521229 -0.197237 0
6609 0.525275 -0.193206 0
6610 0.529322 -0.189043 0
6611 0.533363 -0.184749 0
6612 0.537391 -0.180323 0
6613 0.541400 -0.175763 0
6614 0.545382 -0.171072 0
6615 0.549330 -0.166250 0
6616 0.553234 -0.161297 0
6617 0.557087 -0.156215 0
6618 0.560878 -0.151007 0
6619 0.564600 -0.145672 0
6620 0.568241 -0.140215 0
6621 0.571791 -0.134638 0
6622 0.575242 -0.128944 0
6623 0.578582 -0.123137 0
6624 0.581802 -0.117219 0
6625 0.584891 -0.111193 0
6626 0.587840 -0.105063 0
6627 0.590640 -0.098831 0
6628 0.593281 -0.092502 0
6629 0.595755 -0.086076 0
6630 0.598055 -0.079558 0
6631 0.600176 -0.072949 0
6632 0.602114 -0.066253 0
6633 0.603863 -0.059473 0
6634 0.605423 -0.052614 0
6635 0.606790 -0.045683 0
6636 0.607965 -0.038689 0
6637 0.608944 -0.031640 0
6638 0.609726 -0.024545 0
6639 0.610311 -0.017416 0
6640 0.610698 -0.010261 0
6641 0.610885 -0.003091 0
6642 0.610871 0.004085 0
6643 0.610656 0.011253 0
6644 0.610242 0.018405 0
6645 0.609629 0.025531 0
6646 0.608819 0.032620 0
6647 0.607813 0.039662 0
6648 0.606611 0.046648 0
6649 0.605216 0.053570 0
6650 0.603630 0.060419 0
6651 0.601854 0.067188 0
6652 0.599891 0.073873 0
6653 0.597744 0.080469 0
6654 0.595419 0.086976 0
6655 0.592921 0.093389 0
6656 0.590257 0.099705 0
6657 0.587435 0.105923 0
6658 0.584466 0.112040 0
6659 0.581357 0.118051 0
6660 0.578119 0.123955 0
6661 0.574762 0.129747 0
6662 0.571296 0.135425 0
6663 0.567732 0.140987 0
6664 0.564079 0.146428 0
6665 0.560346 0.151745 0
6666 0.556545 0.156937 0
6667 0.552684 0.162001 0
6668 0.548772 0.166937 0
6669 0.544818 0.171741 0
6670 0.540831 0.176414 0
6671 0.536819 0.180955 0
6672 0.532787 0.185364 0
6673 0.528744 0.189640 0
6674 0.524696 0.193784 0
6675 0.520650 0.197797 0
6676 0.516612 0.201680 0
6677 0.512588 0.205436 0
6678 0.508581 0.209066 0
6679 0.504595 0.212571 0
6680 0.500634 0.215953 0
6681 0.496704 0.219215 0
6682 0.492806 0.222361 0
6683 0.488944 0.225391 0
6684 0.485119 0.228308 0
6685 0.481334 0.231116 0
6686 0.477593 0.233818 0
6687 0.473895 0.236417 0
6688 0.470241 0.238916 0
6689 0.466632 0.241316 0
6690 0.463070 0.243622 0
6691 0.459557 0.245835 0
6692 0.456092 0.247960 0
6693 0.452676 0.249999 0
6694 0.449308 0.251955 0
6695 0.445988 0.253831 0
6696 0.442717 0.255628 0
6697 0.439493 0.257349 0
6698 0.436319 0.258998 0
6699 0.433193 0.260577 0
6700 0.430115 0.262090 0
6701 0.427084 0.263538 0
6702 0.424099 0.264923 0
6703 0.421159 0.266246 0
6704 0.418263 0.267510 0
6705 0.415411 0.268717 0
6706 0.410712 0.270626 0
6707 0.406004 0.272439 0
6708 0.401292 0.274152 0
6709 0.396521 0.275783 0
6710 0.391703 0.277324 0
6711 0.386907 0.278752 0
6712 0.382080 0.280080 0
6713 0.377231 0.281303 0
6714 0.372313 0.282428 0
6715 0.367392 0.283437 0
6716 0.362425 0.284335 0
6717 0.357474 0.285109 0
6718 0.352496 0.285763 0
6719 0.347504 0.286293 0
6720 0.342504 0.286696 0
6721 0.337507 0.286967 0
6722 0.332479 0.287104 0
6723 0.327471 0.287105 0
6724 0.322450 0.286968 0
6725 0.317427 0.286689 0
6726 0.312444 0.286269 0
6727 0.307475 0.285703 0
6728 0.302494 0.284986 0
6729 0.297545 0.284125 0
6730 0.292633 0.283119 0
6731 0.287764 0.281971 0
6732 0.282914 0.280673 0
6733 0.278115 0.279237 0
6734 0.273344 0.277656 0
6735 0.268633 0.275940 0
6736 0.263987 0.274091 0
6737 0.259390 0.272100 0
6738 0.254848 0.269972 0
6739 0.250366 0.267709 0
6740 0.245965 0.265328 0
6741 0.241625 0.262819 0
6742 0.237354 0.260182 0
6743 0.233174 0.257430 0
6744 0.229070 0.254558 0
6745 0.225040 0.251569 0
6746 0.221103 0.248476 0
6747 0.217246 0.245266 0
6748 0.213487 0.241956 0
6749 0.209824 0.238550 0
6750 0.206242 0.235038 0
6751 0.202753 0.231433 0
6752 0.199370 0.227750 0
6753 0.196077 0.223979 0
6754 0.192874 0.220121 0
6755 0.189771 0.216188 0
6756 0.186765 0.212188 0
6757 0.183844 0.208110 0
6758 0.181025 0.203978 0
6759 0.178298 0.199769 0
6760 0.175666 0.195499 0
6761 0.173125 0.191177 0
6762 0.170674 0.186804 0
6763 0.168319 0.182385 0
6764 0.166064 0.177922 0
6765 0.163896 0.173403 0
6766 0.161807 0.168851 0
6767 0.159788 0.164270 0
6768 0.157840 0.159663 0
6769 0.155965 0.155024 0
6770 0.154167 0.150344 0
6771 0.159654 -0.174982 0
6772 0.161794 -0.179500 0
6773 0.164008 -0.183985 0
6774 0.166316 -0.188433 0
6775 0.168727 -0.192824 0
6776 0.171235 -0.197162 0
6777 0.173831 -0.201447 0
6778 0.176512 -0.205677 0
6779 0.179290 -0.209843 0
6780 0.182175 -0.213943 0
6781 0.185149 -0.217963 0
6782 0.188224 -0.221925 0
6783 0.191391 -0.225811 0
6784 0.194654 -0.229615 0
6785 0.198014 -0.233338 0
6786 0.201461 -0.236966 0
6787 0.205007 -0.240508 0
6788 0.208639 -0.243950 0
6789 0.212373 -0.247300 0
6790 0.216197 -0.250546 0
6791 0.220110 -0.253685 0
6792 0.224109 -0.256714 0
6793 0.228192 -0.259632 0
6794 0.232343 -0.262426 0
6795 0.236575 -0.265103 0
6796 0.240886 -0.267660 0
6797 0.245269 -0.270096 0
6798 0.249723 -0.272407 0
6799 0.254246 -0.274592 0
6800 0.258813 -0.276634 0
6801 0.263438 -0.278544 0
6802 0.268116 -0.280317 0
6803 0.272863 -0.281962 0
6804 0.277652 -0.283465 0
6805 0.282477 -0.284827 0
6806 0.287332 -0.286044 0
6807 0.292240 -0.287121 0
6808 0.297166 -0.288050 0
6809 0.302132 -0.288837 0
6810 0.307102 -0.289477 0
6811 0.312098 -0.289974 0
6812 0.317112 -0.290327 0
6813 0.322137 -0.290537 0
6814 0.327163 -0.290608 0
6815 0.332183 -0.290542 0
6816 0.337187 -0.290342 0
6817 0.342207 -0.290008 0
6818 0.347192 -0.289547 0
6819 0.352174 -0.288962 0
6820 0.357147 -0.288254 0
6821 0.362099 -0.287427 0
6822 0.367021 -0.286487 0
6823 0.371953 -0.285429 0
6824 0.376835 -0.284267 0
6825 0.381709 -0.282995 0
6826 0.386565 -0.281617 0
6827 0.391397 -0.280139 0
6828 0.396194 -0.278565 0
6829 0.400947 -0.276904 0
6830 0.405646 -0.275161 0
6831 0.410345 -0.273320 0
6832 0.414970 -0.271412 0
6833 0.419578 -0.269418 0
6834 0.422457 -0.268123 0
6835 0.425381 -0.266770 0
6836 0.428350 -0.265355 0
6837 0.431363 -0.263879 0
6838 0.434424 -0.262338 0
6839 0.437532 -0.260731 0
6840 0.440689 -0.259055 0
6841 0.443895 -0.257308 0
6842 0.447149 -0.255485 0
6843 0.450451 -0.253585 0
6844 0.453802 -0.251606 0
6845 0.457200 -0.249544 0
6846 0.460647 -0.247397 0
6847 0.464143 -0.245163 0
6848 0.467687 -0.242838 0
6849 0.471278 -0.240419 0
6850 0.474914 -0.237903 0
6851 0.478595 -0.235287 0
6852 0.482319 -0.232570 0
6853 0.486087 -0.229748 0
6854 0.489895 -0.226819 0
6855 0.493742 -0.223777 0
6856 0.497623 -0.220621 0
6857 0.501538 -0.217349 0
6858 0.505484 -0.213960 0
6859 0.509456 -0.210449 0
6860 0.513449 -0.206815 0
6861 0.517460 -0.203056 0
6862 0.521486 -0.199171 0
6863 0.525520 -0.195158 0
6864 0.529557 -0.191015 0
6865 0.533591 -0.186742 0
6866 0.537615 -0.182337 0
6867 0.541621 -0.177802 0
6868 0.545603 -0.173136 0
6869 0.549553 -0.168340 0
6870 0.553463 -0.163414 0
6871 0.557323 -0.158362 0
6872 0.561126 -0.153183 0
6873 0.564862 -0.147880 0
6874 0.568521 -0.142454 0
6875 0.572093 -0.136910 0
6876 0.575569 -0.131250 0
6877 0.578938 -0.125477 0
6878 0.582190 -0.119594 0
6879 0.585316 -0.113604 0
6880 0.588305 -0.107511 0
6881 0.591148 -0.101317 0
6882 0.593836 -0.095026 0
6883 0.596360 -0.088639 0
6884 0.598713 -0.082159 0
6885 0.600890 -0.075589 0
6886 0.602885 -0.068931 0
6887 0.604694 -0.062188 0
6888 0.606316 -0.055364 0
6889 0.607747 -0.048467 0
6890 0.608988 -0.041502 0
6891 0.610036 -0.034480 0
6892 0.610890 -0.027408 0
6893 0.611549 -0.020297 0
6894 0.612012 -0.013157 0
6895 0.612277 -0.005998 0
6896 0.612344 0.001170 0
6897 0.612212 0.008336 0
6898 0.611882 0.015490 0
6899 0.611355 0.022621 0
6900 0.610632 0.029721 0
6901 0.609715 0.036778 0
6902 0.608603 0.043783 0
6903 0.607300 0.050727 0
6904 0.605805 0.057601 0
6905 0.604122 0.064400 0
6906 0.602252 0.071116 0
6907 0.600196 0.077745 0
6908 0.597961 0.084287 0
6909 0.595551 0.090737 0
6910 0.592972 0.097094 0
6911 0.590232 0.103354 0
6912 0.587340 0.109516 0
6913 0.584304 0.115576 0
6914 0.581136 0.121532 0
6915 0.577843 0.127380 0
6916 0.574437 0.133117 0
6917 0.570929 0.138740 0
6918 0.567326 0.144247 0
6919 0.563641 0.149633 0
6920 0.559881 0.154896 0
6921 0.556057 0.160034 0
6922 0.552179 0.165046 0
6923 0.548254 0.169930 0
6924 0.544292 0.174684 0
6925 0.540301 0.179308 0
6926 0.536287 0.183801 0
6927 0.532259 0.188162 0
6928 0.528222 0.192393 0
6929 0.524185 0.196494 0
6930 0.520152 0.200465 0
6931 0.516130 0.204309 0
6932 0.512123 0.208027 0
6933 0.508136 0.211621 0
6934 0.504171 0.215091 0
6935 0.500235 0.218442 0
6936 0.496330 0.221675 0
6937 0.492459 0.224794 0
6938 0.488624 0.227799 0
6939 0.484828 0.230692 0
6940 0.481074 0.233480 0
6941 0.477364 0.236163 0
6942 0.473697 0.238746 0
6943 0.470075 0.241229 0
6944 0.466499 0.243617 0
6945 0.462970 0.245912 0
6946 0.459490 0.248117 0
6947 0.456058 0.250235 0
6948 0.452676 0.252270 0
6949 0.449341 0.254223 0
6950 0.446054 0.256097 0
6951 0.442815 0.257894 0
6952 0.439625 0.259618 0
6953 0.436484 0.261270 0
6954 0.433392 0.262854 0
6955 0.430346 0.264374 0
6956 0.427347 0.265830 0
6957 0.424394 0.267224 0
6958 0.421484 0.268558 0
6959 0.418619 0.269833 0
6960 0.413967 0.271826 0
6961 0.409301 0.273730 0
6962 0.404629 0.275539 0
6963 0.399895 0.277272 0
6964 0.395110 0.278922 0
6965 0.390344 0.280462 0
6966 0.385543 0.281909 0
6967 0.380716 0.283255 0
6968 0.375872 0.284497 0
6969 0.370968 0.285641 0
6970 0.366067 0.286670 0
6971 0.361126 0.287591 0
6972 0.356159 0.288396 0
6973 0.351174 0.289081 0
6974 0.346181 0.289643 0
6975 0.341188 0.290078 0
6976 0.336162 0.290385 0
6977 0.331154 0.290558 0
6978 0.326133 0.290596 0
6979 0.321107 0.290497 0
6980 0.316084 0.290258 0
6981 0.311073 0.289875 0
6982 0.306082 0.289349 0
6983 0.301119 0.288680 0
6984 0.296160 0.287864 0
6985 0.291244 0.286906 0
6986 0.286346 0.285800 0
6987 0.281502 0.284555 0
6988 0.276689 0.283166 0
6989 0.271912 0.281636 0
6990 0.267178 0.279965 0
6991 0.262492 0.278157 0
6992 0.257860 0.276213 0
6993 0.253290 0.274135 0
6994 0.248787 0.271926 0
6995 0.244352 0.269591 0
6996 0.239987 0.267132 0
6997 0.235696 0.264553 0
6998 0.231484 0.261853 0
6999 0.227338 0.259027 0
7000 0.223276 0.256088 0
7001 0.219298 0.253039 0
7002 0.215406 0.249881 0
7003 0.211603 0.246616 0
7004 0.207890 0.243247 0
7005 0.204278 0.239787 0
7006 0.200753 0.236227 0
7007 0.197326 0.232582 0
7008 0.193986 0.228843 0
7009 0.190743 0.225022 0
7010 0.187594 0.221120 0
7011 0.184538 0.217144 0
7012 0.181582 0.213109 0
7013 0.178724 0.209003 0
7014 0.175962 0.204818 0
7015 0.173298 0.200573 0
7016 0.170718 0.196275 0
7017 0.168233 0.191936 0
7018 0.165846 0.187538 0
7019 0.163560 0.183086 0
7020 0.161360 0.178589 0
7021 0.159233 0.174064 0
7022 0.165468 -0.196933 0
7023 0.168002 -0.201258 0
7024 0.170622 -0.205525 0
7025 0.173319 -0.209743 0
7026 0.176101 -0.213901 0
7027 0.178991 -0.217989 0
7028 0.181986 -0.222002 0
7029 0.185078 -0.225944 0
7030 0.188256 -0.229807 0
7031 0.191531 -0.233592 0
7032 0.194910 -0.237298 0
7033 0.198374 -0.240904 0
7034 0.201932 -0.244424 0
7035 0.205583 -0.247851 0
7036 0.209330 -0.251179 0
7037 0.213160 -0.254396 0
7038 0.217085 -0.257513 0
7039 0.221089 -0.260515 0
7040 0.225186 -0.263413 0
7041 0.229360 -0.266194 0
7042 0.233607 -0.268853 0
7043 0.237923 -0.271389 0
7044 0.242321 -0.273809 0
7045 0.246779 -0.276101 0
7046 0.251295 -0.278261 0
7047 0.255882 -0.280296 0
7048 0.260516 -0.282192 0
7049 0.265209 -0.283959 0
7050 0.269959 -0.285592 0
7051 0.274735 -0.287081 0
7052 0.279555 -0.288432 0
7053 0.284416 -0.289643 0
7054 0.289309 -0.290711 0
7055 0.294228 -0.291635 0
7056 0.299194 -0.292420 0
7057 0.304172 -0.293059 0
7058 0.309153 -0.293554 0
7059 0.314161 -0.293908 0
7060 0.319188 -0.294122 0
7061 0.324190 -0.294196 0
7062 0.329194 -0.294134 0
7063 0.334191 -0.293939 0
7064 0.339213 -0.293612 0
7065 0.344212 -0.293156 0
7066 0.349219 -0.292573 0
7067 0.354182 -0.291873 0
7068 0.359135 -0.291055 0
7069 0.364069 -0.290122 0
7070 0.368972 -0.289080 0
7071 0.373887 -0.287922 0
7072 0.378752 -0.286666 0
7073 0.383610 -0.285302 0
7074 0.388452 -0.283835 0
7075 0.393210 -0.282291 0
7076 0.397990 -0.280638 0
7077 0.402726 -0.278900 0
7078 0.407408 -0.277084 0
7079 0.412091 -0.275173 0
7080 0.416699 -0.273199 0
7081 0.421292 -0.271140 0
7082 0.424162 -0.269806 0
7083 0.427077 -0.268414 0
7084 0.430036 -0.266961 0
7085 0.433041 -0.265446 0
7086 0.436092 -0.263868 0
7087 0.439191 -0.262223 0
7088 0.442338 -0.260510 0
7089 0.445535 -0.258726 0
7090 0.448779 -0.256866 0
7091 0.452072 -0.254930 0
7092 0.455413 -0.252915 0
7093 0.458801 -0.250818 0
7094 0.462239 -0.248637 0
7095 0.465725 -0.246368 0
7096 0.469259 -0.244010 0
7097 0.472841 -0.241558 0
7098 0.476468 -0.239010 0
7099 0.480139 -0.236363 0
7100 0.483853 -0.233614 0
7101 0.487611 -0.230762 0
7102 0.491410 -0.227802 0
7103 0.495247 -0.224731 0
7104 0.499119 -0.221548 0
7105 0.503025 -0.218249 0
7106 0.506961 -0.214834 0
7107 0.510923 -0.211298 0
7108 0.514907 -0.207640 0
7109 0.518908 -0.203859 0
7110 0.522924 -0.199952 0
7111 0.526949 -0.195918 0
7112 0.530977 -0.191756 0
7113 0.535002 -0.187465 0
7114 0.539017 -0.183044 0
7115 0.543014 -0.178493 0
7116 0.546988 -0.173814 0
7117 0.550930 -0.169006 0
7118 0.554832 -0.164069 0
7119 0.558685 -0.159008 0
7120 0.562481 -0.153822 0
7121 0.566210 -0.148513 0
7122 0.569862 -0.143084 0
7123 0.573429 -0.137537 0
7124 0.576900 -0.131877 0
7125 0.580265 -0.126105 0
7126 0.583513 -0.120225 0
7127 0.586636 -0.114240 0
7128 0.589623 -0.108153 0
7129 0.592465 -0.101967 0
7130 0.595153 -0.095685 0
7131 0.597678 -0.089309 0
7132 0.600032 -0.082841 0
7133 0.602211 -0.076284 0
7134 0.604210 -0.069639 0
7135 0.606024 -0.062909 0
7136 0.607651 -0.056098 0
7137 0.609090 -0.049213 0
7138 0.610340 -0.042260 0
7139 0.611400 -0.035249 0
7140 0.612267 -0.028187 0
7141 0.612941 -0.021086 0
7142 0.613422 -0.013955 0
7143 0.613706 -0.006804 0
7144 0.613795 0.000358 0
7145 0.613686 0.007518 0
7146 0.613382 0.014668 0
7147 0.612882 0.021797 0
7148 0.612188 0.028895 0
7149 0.611301 0.035952 0
7150 0.610223 0.042958 0
7151 0.608953 0.049905 0
7152 0.607495 0.056783 0
7153 0.605849 0.063586 0
7154 0.604016 0.070308 0
7155 0.601999 0.076945 0
7156 0.599802 0.083494 0
7157 0.597429 0.089954 0
7158 0.594888 0.096321 0
7159 0.592183 0.102594 0
7160 0.589326 0.108771 0
7161 0.586325 0.114848 0
7162 0.583188 0.120823 0
7163 0.579926 0.126693 0
7164 0.576550 0.132454 0
7165 0.573068 0.138104 0
7166 0.569492 0.143640 0
7167 0.565830 0.149058 0
7168 0.562093 0.154355 0
7169 0.558291 0.159529 0
7170 0.554431 0.164578 0
7171 0.550525 0.169502 0
7172 0.546578 0.174298 0
7173 0.542601 0.178965 0
7174 0.538601 0.183503 0
7175 0.534584 0.187911 0
7176 0.530558 0.192190 0
7177 0.526529 0.196339 0
7178 0.522504 0.200360 0
7179 0.518489 0.204254 0
7180 0.514488 0.208024 0
7181 0.510505 0.211669 0
7182 0.506545 0.215193 0
7183 0.502611 0.218596 0
7184 0.498708 0.221883 0
7185 0.494839 0.225055 0
7186 0.491005 0.228115 0
7187 0.487210 0.231063 0
7188 0.483456 0.233905 0
7189 0.479745 0.236643 0
7190 0.476078 0.239280 0
7191 0.472455 0.241818 0
7192 0.468878 0.244260 0
7193 0.465348 0.246609 0
7194 0.461867 0.248869 0
7195 0.458434 0.251041 0
7196 0.455050 0.253129 0
7197 0.451713 0.255136 0
7198 0.448425 0.257064 0
7199 0.445185 0.258916 0
7200 0.441994 0.260693 0
7201 0.438851 0.262398 0
7202 0.435757 0.264036 0
7203 0.432711 0.265607 0
7204 0.429710 0.267116 0
7205 0.426755 0.268562 0
7206 0.423845 0.269948 0
7207 0.420979 0.271276 0
7208 0.418157 0.272548 0
7209 0.413510 0.274567 0
7210 0.408853 0.276497 0
7211 0.404194 0.278333 0
7212 0.399477 0.280095 0
7213 0.394712 0.281775 0
7214 0.389910 0.283365 0
7215 0.385079 0.284860 0
7216 0.380229 0.286254 0
7217 0.375369 0.287543 0
7218 0.370508 0.288722 0
7219 0.365602 0.289800 0
7220 0.360664 0.290770 0
7221 0.355705 0.291626 0
7222 0.350733 0.292364 0
7223 0.345758 0.292981 0
7224 0.340746 0.293477 0
7225 0.335748 0.293843 0
7226 0.330732 0.294080 0
7227 0.325709 0.294183 0
7228 0.320686 0.294150 0
7229 0.315672 0.293979 0
7230 0.310673 0.293668 0
7231 0.305666 0.293214 0
7232 0.300692 0.292619 0
7233 0.295727 0.291879 0
7234 0.290778 0.290994 0
7235 0.285882 0.289970 0
7236 0.281015 0.288803 0
7237 0.276186 0.287495 0
7238 0.271376 0.286041 0
7239 0.266616 0.284450 0
7240 0.261910 0.282724 0
7241 0.257262 0.280868 0
7242 0.252658 0.278874 0
7243 0.248124 0.276752 0
7244 0.243646 0.274498 0
7245 0.239228 0.272115 0
7246 0.234890 0.269615 0
7247 0.230620 0.266992 0
7248 0.226422 0.264246 0
7249 0.222316 0.261392 0
7250 0.218286 0.258423 0
7251 0.214335 0.255339 0
7252 0.210479 0.252154 0
7253 0.206705 0.248858 0
7254 0.203027 0.245463 0
7255 0.199443 0.241972 0
7256 0.195942 0.238382 0
7257 0.192536 0.234705 0
7258 0.189234 0.230950 0
7259 0.186023 0.227103 0
7260 0.182907 0.223187 0
7261 0.179886 0.219202 0
7262 0.176963 0.215136 0
7263 0.174150 0.210998 0
7264 0.171431 0.206800 0
7265 0.168789 0.202549 0
7266 0.166229 0.198246 0
7267 0.163768 0.193882 0
7268 0.170741 -0.215168 0
7269 0.173575 -0.219295 0
7270 0.176505 -0.223354 0
7271 0.179545 -0.227330 0
7272 0.182681 -0.231232 0
7273 0.185904 -0.235064 0
7274 0.189227 -0.238819 0
7275 0.192650 -0.242476 0
7276 0.196166 -0.246037 0
7277 0.199774 -0.249510 0
7278 0.203472 -0.252889 0
7279 0.207263 -0.256165 0
7280 0.211146 -0.259337 0
7281 0.215105 -0.262393 0
7282 0.219152 -0.265342 0
7283 0.223285 -0.268181 0
7284 0.227488 -0.270897 0
7285 0.231772 -0.273500 0
7286 0.236132 -0.275986 0
7287 0.240548 -0.278342 0
7288 0.245032 -0.280575 0
7289 0.249580 -0.282682 0
7290 0.254187 -0.284659 0
7291 0.258846 -0.286503 0
7292 0.263550 -0.288214 0
7293 0.268318 -0.289795 0
7294 0.273120 -0.291236 0
7295 0.277952 -0.292534 0
7296 0.282830 -0.293696 0
7297 0.287748 -0.294718 0
7298 0.292671 -0.295594 0
7299 0.297619 -0.296329 0
7300 0.302613 -0.296925 0
7301 0.307620 -0.297378 0
7302 0.312629 -0.297689 0
7303 0.317631 -0.297862 0
7304 0.322652 -0.297897 0
7305 0.327683 -0.297796 0
7306 0.332680 -0.297564 0
7307 0.337668 -0.297202 0
7308 0.342680 -0.296712 0
7309 0.347666 -0.296099 0
7310 0.352616 -0.295370 0
7311 0.357562 -0.294523 0
7312 0.362496 -0.293562 0
7313 0.367409 -0.292492 0
7314 0.372291 -0.291318 0
7315 0.377129 -0.290047 0
7316 0.381966 -0.288671 0
7317 0.386793 -0.287192 0
7318 0.391602 -0.285616 0
7319 0.396324 -0.283969 0
7320 0.401066 -0.282218 0
7321 0.405761 -0.280388 0
7322 0.410397 -0.278486 0
7323 0.415032 -0.276495 0
7324 0.419657 -0.274416 0
7325 0.422466 -0.273110 0
7326 0.425319 -0.271747 0
7327 0.428216 -0.270327 0
7328 0.431159 -0.268848 0
7329 0.434146 -0.267307 0
7330 0.437180 -0.265702 0
7331 0.440261 -0.264033 0
7332 0.443390 -0.262295 0
7333 0.446568 -0.260487 0
7334 0.449794 -0.258606 0
7335 0.453068 -0.256648 0
7336 0.456391 -0.254613 0
7337 0.459762 -0.252496 0
7338 0.463181 -0.250296 0
7339 0.466649 -0.248010 0
7340 0.470165 -0.245634 0
7341 0.473728 -0.243167 0
7342 0.477338 -0.240605 0
7343 0.480991 -0.237945 0
7344 0.484689 -0.235184 0
7345 0.488430 -0.232321 0
7346 0.492212 -0.229352 0
7347 0.496033 -0.226273 0
7348 0.499889 -0.223082 0
7349 0.503780 -0.219778 0
7350 0.507701 -0.216359 0
7351 0.511650 -0.212821 0
7352 0.515621 -0.209162 0
7353 0.519611 -0.205380 0
7354 0.523615 -0.201475 0
7355 0.527630 -0.197444 0
7356 0.531649 -0.193286 0
7357 0.535666 -0.189001 0
7358 0.539675 -0.184588 0
7359 0.543668 -0.180045 0
7360 0.547638 -0.175376 0
7361 0.551579 -0.170579 0
7362 0.555481 -0.165656 0
7363 0.559337 -0.160608 0
7364 0.563137 -0.155438 0
7365 0.566873 -0.150146 0
7366 0.570535 -0.144734 0
7367 0.574112 -0.139207 0
7368 0.577597 -0.133567 0
7369 0.580979 -0.127816 0
7370 0.584246 -0.121959 0
7371 0.587391 -0.115998 0
7372 0.590402 -0.109935 0
7373 0.593271 -0.103775 0
7374 0.595987 -0.097520 0
7375 0.598544 -0.091171 0
7376 0.600932 -0.084732 0
7377 0.603146 -0.078203 0
7378 0.605181 -0.071587 0
7379 0.607034 -0.064885 0
7380 0.608701 -0.058102 0
7381 0.610183 -0.051242 0
7382 0.611477 -0.044314 0
7383 0.612582 -0.037323 0
7384 0.613498 -0.030280 0
7385 0.614223 -0.023195 0
7386 0.614756 -0.016077 0
7387 0.615096 -0.008937 0
7388 0.615242 -0.001784 0
7389 0.615193 0.005371 0
7390 0.614950 0.012519 0
7391 0.614513 0.019649 0
7392 0.613883 0.026752 0
7393 0.613062 0.033818 0
7394 0.612051 0.040836 0
7395 0.610850 0.047797 0
7396 0.609462 0.054692 0
7397 0.607887 0.061514 0
7398 0.606126 0.068257 0
7399 0.604181 0.074917 0
7400 0.602055 0.081490 0
7401 0.599752 0.087975 0
7402 0.597279 0.094369 0
7403 0.594640 0.100672 0
7404 0.591846 0.106880 0
7405 0.588904 0.112992 0
7406 0.585824 0.119005 0
7407 0.582616 0.124915 0
7408 0.579289 0.130720 0
7409 0.575854 0.136416 0
7410 0.572321 0.142001 0
7411 0.568699 0.147471 0
7412 0.564998 0.152823 0
7413 0.561228 0.158055 0
7414 0.557398 0.163164 0
7415 0.553517 0.168150 0
7416 0.549594 0.173011 0
7417 0.545636 0.177744 0
7418 0.541653 0.182350 0
7419 0.537650 0.186828 0
7420 0.533636 0.191177 0
7421 0.529616 0.195399 0
7422 0.525598 0.199493 0
7423 0.521587 0.203461 0
7424 0.517588 0.207304 0
7425 0.513607 0.211024 0
7426 0.509646 0.214622 0
7427 0.505710 0.218100 0
7428 0.501803 0.221461 0
7429 0.497929 0.224708 0
7430 0.494089 0.227843 0
7431 0.490287 0.230866 0
7432 0.486525 0.233781 0
7433 0.482805 0.236592 0
7434 0.479129 0.239302 0
7435 0.475497 0.241913 0
7436 0.471910 0.244427 0
7437 0.468370 0.246847 0
7438 0.464878 0.249177 0
7439 0.461434 0.251420 0
7440 0.458039 0.253577 0
7441 0.454692 0.255652 0
7442 0.451393 0.257648 0
7443 0.448143 0.259567 0
7444 0.444941 0.261411 0
7445 0.441787 0.263183 0
7446 0.438682 0.264886 0
7447 0.435625 0.266522 0
7448 0.432614 0.268094 0
7449 0.429650 0.269604 0
7450 0.426730 0.271053 0
7451 0.423855 0.272443 0
7452 0.421024 0.273777 0
7453 0.416429 0.275869 0
7454 0.411822 0.277876 0
7455 0.407145 0.279822 0
7456 0.402473 0.281672 0
7457 0.397749 0.283445 0
7458 0.392985 0.285136 0
7459 0.388190 0.286737 0
7460 0.383374 0.288242 0
7461 0.378545 0.289647 0
7462 0.373712 0.290948 0
7463 0.368833 0.292153 0
7464 0.363919 0.293256 0
7465 0.358982 0.294250 0
7466 0.354031 0.295131 0
7467 0.349075 0.295895 0
7468 0.344080 0.296544 0
7469 0.339098 0.297067 0
7470 0.334096 0.297466 0
7471 0.329084 0.297736 0
7472 0.324072 0.297874 0
7473 0.319068 0.297877 0
7474 0.314045 0.297744 0
7475 0.309046 0.297472 0
7476 0.304046 0.297061 0
7477 0.299055 0.296507 0
7478 0.294080 0.295810 0
7479 0.289129 0.294970 0
7480 0.284209 0.293989 0
7481 0.279327 0.292868 0
7482 0.274465 0.291603 0
7483 0.269654 0.290202 0
7484 0.264876 0.288660 0
7485 0.260160 0.286988 0
7486 0.255489 0.285181 0
7487 0.250867 0.283242 0
7488 0.246302 0.281171 0
7489 0.241800 0.278973 0
7490 0.237365 0.276651 0
7491 0.233001 0.274208 0
7492 0.228695 0.271639 0
7493 0.224469 0.268954 0
7494 0.220311 0.266147 0
7495 0.216240 0.263229 0
7496 0.212256 0.260203 0
7497 0.208347 0.257060 0
7498 0.204530 0.253814 0
7499 0.200807 0.250464 0
7500 0.197174 0.247016 0
7501 0.193632 0.243480 0
7502 0.190183 0.239852 0
7503 0.186835 0.236128 0
7504 0.183590 0.232322 0
7505 0.180431 0.228442 0
7506 0.177365 0.224492 0
7507 0.174400 0.220452 0
7508 0.171541 0.216342 0
7509 0.168761 0.212177 0
7510 0.175102 -0.230509 0
7511 0.178245 -0.234414 0
7512 0.181469 -0.238247 0
7513 0.184770 -0.242014 0
7514 0.188169 -0.245690 0
7515 0.191679 -0.249261 0
7516 0.195290 -0.252739 0
7517 0.198986 -0.256126 0
7518 0.202771 -0.259410 0
7519 0.206651 -0.262587 0
7520 0.210607 -0.265652 0
7521 0.214648 -0.268610 0
7522 0.218772 -0.271454 0
7523 0.222977 -0.274184 0
7524 0.227259 -0.276799 0
7525 0.231597 -0.279287 0
7526 0.236001 -0.281654 0
7527 0.240485 -0.283906 0
7528 0.245025 -0.286031 0
7529 0.249616 -0.288025 0
7530 0.254270 -0.289893 0
7531 0.258960 -0.291625 0
7532 0.263701 -0.293227 0
7533 0.268487 -0.294694 0
7534 0.273313 -0.296025 0
7535 0.278171 -0.297216 0
7536 0.283079 -0.298273 0
7537 0.288005 -0.299187 0
7538 0.292969 -0.299964 0
7539 0.297935 -0.300597 0
7540 0.302923 -0.301089 0
7541 0.307927 -0.301441 0
7542 0.312937 -0.301656 0
7543 0.317946 -0.301733 0
7544 0.322977 -0.301675 0
7545 0.327990 -0.301483 0
7546 0.333010 -0.301161 0
7547 0.338029 -0.300710 0
7548 0.343036 -0.300135 0
7549 0.348023 -0.299439 0
7550 0.352979 -0.298629 0
7551 0.357936 -0.297702 0
7552 0.362840 -0.296673 0
7553 0.367725 -0.295537 0
7554 0.372582 -0.294300 0
7555 0.377451 -0.292954 0
7556 0.382272 -0.291518 0
7557 0.387087 -0.289982 0
7558 0.391830 -0.288371 0
7559 0.396545 -0.286672 0
7560 0.401224 -0.284893 0
7561 0.405918 -0.283014 0
7562 0.410558 -0.281065 0
7563 0.415199 -0.279025 0
7564 0.419768 -0.276930 0
7565 0.424321 -0.274755 0
7566 0.427168 -0.273351 0
7567 0.430058 -0.271890 0
7568 0.432994 -0.270369 0
7569 0.435976 -0.268786 0
7570 0.439004 -0.267141 0
7571 0.442079 -0.265430 0
7572 0.445202 -0.263652 0
7573 0.448373 -0.261803 0
7574 0.451593 -0.259881 0
7575 0.454861 -0.257883 0
7576 0.458178 -0.255808 0
7577 0.461542 -0.253652 0
7578 0.464956 -0.251413 0
7579 0.468417 -0.249087 0
7580 0.471927 -0.246673 0
7581 0.475484 -0.244168 0
7582 0.479087 -0.241568 0
7583 0.482734 -0.238871 0
7584 0.486426 -0.236074 0
7585 0.490160 -0.233174 0
7586 0.493936 -0.230169 0
7587 0.497750 -0.227055 0
7588 0.501599 -0.223830 0
7589 0.505483 -0.220493 0
7590 0.509397 -0.217041 0
7591 0.513339 -0.213471 0
7592 0.517302 -0.209781 0
7593 0.521284 -0.205969 0
7594 0.525281 -0.202035 0
7595 0.529288 -0.197977 0
7596 0.533298 -0.193792 0
7597 0.537307 -0.189481 0
7598 0.541307 -0.185043 0
7599 0.545291 -0.180479 0
7600 0.549252 -0.175788 0
7601 0.553184 -0.170971 0
7602 0.557076 -0.166030 0
7603 0.560922 -0.160967 0
7604 0.564712 -0.155782 0
7605 0.568438 -0.150477 0
7606 0.572090 -0.145055 0
7607 0.575657 -0.139518 0
7608 0.579132 -0.133871 0
7609 0.582503 -0.128116 0
7610 0.585761 -0.122255 0
7611 0.588896 -0.116292 0
7612 0.591898 -0.110230 0
7613 0.594757 -0.104071 0
7614 0.597465 -0.097820 0
7615 0.600013 -0.091477 0
7616 0.602393 -0.085043 0
7617 0.604599 -0.078522 0
7618 0.606627 -0.071913 0
7619 0.608473 -0.065220 0
7620 0.610135 -0.058445 0
7621 0.611613 -0.051593 0
7622 0.612905 -0.044672 0
7623 0.614010 -0.037689 0
7624 0.614927 -0.030654 0
7625 0.615656 -0.023575 0
7626 0.616194 -0.016464 0
7627 0.616542 -0.009331 0
7628 0.616697 -0.002184 0
7629 0.616659 0.004965 0
7630 0.616429 0.012108 0
7631 0.616007 0.019234 0
7632 0.615394 0.026333 0
7633 0.614592 0.033396 0
7634 0.613601 0.040413 0
7635 0.612423 0.047373 0
7636 0.611059 0.054268 0
7637 0.609509 0.061091 0
7638 0.607775 0.067835 0
7639 0.605857 0.074497 0
7640 0.603759 0.081072 0
7641 0.601484 0.087560 0
7642 0.599038 0.093959 0
7643 0.596426 0.100267 0
7644 0.593658 0.106483 0
7645 0.590741 0.112605 0
7646 0.587686 0.118629 0
7647 0.584502 0.124553 0
7648 0.581197 0.130374 0
7649 0.577784 0.136088 0
7650 0.574271 0.141693 0
7651 0.570669 0.147186 0
7652 0.566987 0.152564 0
7653 0.563234 0.157822 0
7654 0.559420 0.162961 0
7655 0.555554 0.167977 0
7656 0.551645 0.172871 0
7657 0.547700 0.177639 0
7658 0.543728 0.182281 0
7659 0.539736 0.186796 0
7660 0.535731 0.191185 0
7661 0.531721 0.195447 0
7662 0.527710 0.199582 0
7663 0.523706 0.203593 0
7664 0.519714 0.207479 0
7665 0.515738 0.211243 0
7666 0.511782 0.214886 0
7667 0.507850 0.218410 0
7668 0.503946 0.221817 0
7669 0.500075 0.225110 0
7670 0.496239 0.228292 0
7671 0.492439 0.231363 0
7672 0.488679 0.234326 0
7673 0.484960 0.237185 0
7674 0.481285 0.239943 0
7675 0.477655 0.242602 0
7676 0.474069 0.245165 0
7677 0.470530 0.247634 0
7678 0.467039 0.250013 0
7679 0.463596 0.252304 0
7680 0.460201 0.254511 0
7681 0.456855 0.256634 0
7682 0.453557 0.258679 0
7683 0.450308 0.260646 0
7684 0.447106 0.262539 0
7685 0.443954 0.264360 0
7686 0.440849 0.266112 0
7687 0.437793 0.267796 0
7688 0.434783 0.269417 0
7689 0.431819 0.270974 0
7690 0.428901 0.272472 0
7691 0.426027 0.273910 0
7692 0.423198 0.275292 0
7693 0.418672 0.277433 0
7694 0.414067 0.279523 0
7695 0.409456 0.281528 0
7696 0.404784 0.283469 0
7697 0.400121 0.285313 0
7698 0.395415 0.287080 0
7699 0.390675 0.288764 0
7700 0.385911 0.290358 0
7701 0.381133 0.291859 0
7702 0.376296 0.293275 0
7703 0.371464 0.294586 0
7704 0.366595 0.295801 0
7705 0.361701 0.296914 0
7706 0.356790 0.297919 0
7707 0.351828 0.298819 0
7708 0.346871 0.299603 0
7709 0.341884 0.300270 0
7710 0.336878 0.300816 0
7711 0.331864 0.301237 0
7712 0.326849 0.301530 0
7713 0.321843 0.301691 0
7714 0.316820 0.301719 0
7715 0.311821 0.301611 0
7716 0.306821 0.301367 0
7717 0.301829 0.300985 0
7718 0.296853 0.300463 0
7719 0.291874 0.299796 0
7720 0.286926 0.298991 0
7721 0.281991 0.298042 0
7722 0.277101 0.296957 0
7723 0.272238 0.295732 0
7724 0.267410 0.294368 0
7725 0.262624 0.292867 0
7726 0.257885 0.291233 0
7727 0.253199 0.289468 0
7728 0.248570 0.287575 0
7729 0.243986 0.285549 0
7730 0.239455 0.283394 0
7731 0.234999 0.281120 0
7732 0.230606 0.278724 0
7733 0.226281 0.276207 0
7734 0.222027 0.273573 0
7735 0.217837 0.270816 0
7736 0.213729 0.267943 0
7737 0.209704 0.264958 0
7738 0.205765 0.261868 0
7739 0.201915 0.258676 0
7740 0.198159 0.255375 0
7741 0.194490 0.251975 0
7742 0.190906 0.248483 0
7743 0.187424 0.244894 0
7744 0.184049 0.241198 0
7745 0.180771 0.237421 0
7746 0.177562 0.233572 0
7747 0.174446 0.229659 0
7748 0.179702 -0.244923 0
7749 0.183077 -0.248616 0
7750 0.186546 -0.252219 0
7751 0.190135 -0.255712 0
7752 0.193809 -0.259107 0
7753 0.197569 -0.262411 0
7754 0.201429 -0.265604 0
7755 0.205382 -0.268685 0
7756 0.209408 -0.271658 0
7757 0.213518 -0.274524 0
7758 0.217708 -0.277274 0
7759 0.221975 -0.279909 0
7760 0.226311 -0.282427 0
7761 0.230712 -0.284825 0
7762 0.235172 -0.287099 0
7763 0.239702 -0.289254 0
7764 0.244278 -0.291281 0
7765 0.248911 -0.293183 0
7766 0.253593 -0.294956 0
7767 0.258319 -0.296599 0
7768 0.263102 -0.298113 0
7769 0.267916 -0.299489 0
7770 0.272774 -0.300732 0
7771 0.277671 -0.301839 0
7772 0.282599 -0.302808 0
7773 0.287551 -0.303637 0
7774 0.292520 -0.304326 0
7775 0.297498 -0.304874 0
7776 0.302505 -0.305284 0
7777 0.307504 -0.305553 0
7778 0.312515 -0.305687 0
7779 0.317530 -0.305687 0
7780 0.322541 -0.305552 0
7781 0.327538 -0.305287 0
7782 0.332547 -0.304894 0
7783 0.337522 -0.304379 0
7784 0.342490 -0.303743 0
7785 0.347441 -0.302990 0
7786 0.352408 -0.302118 0
7787 0.357339 -0.301137 0
7788 0.362223 -0.300056 0
7789 0.367093 -0.298871 0
7790 0.371940 -0.297586 0
7791 0.376753 -0.296208 0
7792 0.381574 -0.294727 0
7793 0.386342 -0.293164 0
7794 0.391097 -0.291509 0
7795 0.395833 -0.289766 0
7796 0.400539 -0.287941 0
7797 0.405205 -0.286040 0
7798 0.409822 -0.284069 0
7799 0.414443 -0.282010 0
7800 0.418996 -0.279895 0
7801 0.423538 -0.277702 0
7802 0.426336 -0.276308 0
7803 0.429179 -0.274859 0
7804 0.432066 -0.273352 0
7805 0.434999 -0.271787 0
7806 0.437977 -0.270160 0
7807 0.441002 -0.268469 0
7808 0.444074 -0.266714 0
7809 0.447193 -0.264891 0
7810 0.450361 -0.262997 0
7811 0.453578 -0.261031 0
7812 0.456843 -0.258989 0
7813 0.460156 -0.256869 0
7814 0.463518 -0.254669 0
7815 0.466928 -0.252386 0
7816 0.470386 -0.250016 0
7817 0.473893 -0.247559 0
7818 0.477447 -0.245010 0
7819 0.481046 -0.242367 0
7820 0.484690 -0.239627 0
7821 0.488379 -0.236787 0
7822 0.492110 -0.233845 0
7823 0.495881 -0.230798 0
7824 0.499690 -0.227643 0
7825 0.503536 -0.224378 0
7826 0.507414 -0.221001 0
7827 0.511324 -0.217509 0
7828 0.515259 -0.213901 0
7829 0.519217 -0.210173 0
7830 0.523193 -0.206324 0
7831 0.527183 -0.202354 0
7832 0.531182 -0.198260 0
7833 0.535185 -0.194041 0
7834 0.539185 -0.189698 0
7835 0.543176 -0.185228 0
7836 0.547150 -0.180634 0
7837 0.551101 -0.175915 0
7838 0.555021 -0.171072 0
7839 0.558902 -0.166106 0
7840 0.562735 -0.161019 0
7841 0.566512 -0.155812 0
7842 0.570224 -0.150488 0
7843 0.573861 -0.145049 0
7844 0.577414 -0.139497 0
7845 0.580873 -0.133836 0
7846 0.584228 -0.128069 0
7847 0.587470 -0.122199 0
7848 0.590588 -0.116229 0
7849 0.593572 -0.110162 0
7850 0.596414 -0.104000 0
7851 0.599104 -0.097747 0
7852 0.601633 -0.091404 0
7853 0.603995 -0.084972 0
7854 0.606183 -0.078452 0
7855 0.608193 -0.071846 0
7856 0.610022 -0.065155 0
7857 0.611667 -0.058384 0
7858 0.613130 -0.051536 0
7859 0.614408 -0.044618 0
7860 0.615502 -0.037639 0
7861 0.616409 -0.030607 0
7862 0.617130 -0.023533 0
7863 0.617663 -0.016428 0
7864 0.618007 -0.009300 0
7865 0.618160 -0.002159 0
7866 0.618122 0.004985 0
7867 0.617893 0.012122 0
7868 0.617475 0.019243 0
7869 0.616867 0.026337 0
7870 0.616072 0.033396 0
7871 0.615090 0.040408 0
7872 0.613923 0.047364 0
7873 0.612572 0.054256 0
7874 0.611036 0.061074 0
7875 0.609318 0.067815 0
7876 0.607417 0.074473 0
7877 0.605335 0.081045 0
7878 0.603077 0.087531 0
7879 0.600648 0.093928 0
7880 0.598054 0.100237 0
7881 0.595302 0.106454 0
7882 0.592402 0.112579 0
7883 0.589363 0.118609 0
7884 0.586195 0.124541 0
7885 0.582906 0.130371 0
7886 0.579508 0.136097 0
7887 0.576010 0.141715 0
7888 0.572422 0.147223 0
7889 0.568753 0.152618 0
7890 0.565014 0.157896 0
7891 0.561212 0.163056 0
7892 0.557358 0.168096 0
7893 0.553460 0.173014 0
7894 0.549526 0.177808 0
7895 0.545564 0.182478 0
7896 0.541582 0.187024 0
7897 0.537586 0.191443 0
7898 0.533584 0.195738 0
7899 0.529581 0.199907 0
7900 0.525584 0.203952 0
7901 0.521598 0.207874 0
7902 0.517628 0.211675 0
7903 0.513678 0.215356 0
7904 0.509752 0.218918 0
7905 0.505854 0.222363 0
7906 0.501987 0.225696 0
7907 0.498156 0.228917 0
7908 0.494361 0.232029 0
7909 0.490604 0.235034 0
7910 0.486890 0.237935 0
7911 0.483218 0.240735 0
7912 0.479591 0.243436 0
7913 0.476009 0.246041 0
7914 0.472474 0.248553 0
7915 0.468986 0.250975 0
7916 0.465547 0.253310 0
7917 0.462155 0.255560 0
7918 0.458813 0.257728 0
7919 0.455518 0.259816 0
7920 0.452272 0.261827 0
7921 0.449075 0.263764 0
7922 0.445926 0.265629 0
7923 0.442825 0.267425 0
7924 0.439771 0.269154 0
7925 0.436765 0.270819 0
7926 0.433805 0.272421 0
7927 0.430891 0.273962 0
7928 0.428021 0.275446 0
7929 0.425196 0.276872 0
7930 0.422415 0.278244 0
7931 0.417901 0.280404 0
7932 0.413313 0.282514 0
7933 0.408722 0.284539 0
7934 0.404074 0.286501 0
7935 0.399381 0.288391 0
7936 0.394708 0.290181 0
7937 0.390006 0.291890 0
7938 0.385229 0.293529 0
7939 0.380444 0.295075 0
7940 0.375609 0.296537 0
7941 0.370784 0.297894 0
7942 0.365928 0.299156 0
7943 0.361051 0.300317 0
7944 0.356163 0.301373 0
7945 0.351230 0.302327 0
7946 0.346264 0.303171 0
7947 0.341314 0.303896 0
7948 0.336350 0.304503 0
7949 0.331344 0.304992 0
7950 0.326344 0.305354 0
7951 0.321323 0.305589 0
7952 0.316292 0.305691 0
7953 0.311291 0.305658 0
7954 0.306266 0.305491 0
7955 0.301257 0.305186 0
7956 0.296270 0.304743 0
7957 0.291285 0.304159 0
7958 0.286312 0.303435 0
7959 0.281384 0.302574 0
7960 0.276480 0.301574 0
7961 0.271607 0.300438 0
7962 0.266751 0.299161 0
7963 0.261942 0.297750 0
7964 0.257166 0.296203 0
7965 0.252449 0.294528 0
7966 0.247776 0.292722 0
7967 0.243155 0.290789 0
7968 0.238593 0.288732 0
7969 0.234078 0.286547 0
7970 0.229635 0.284244 0
7971 0.225252 0.281818 0
7972 0.220935 0.279273 0
7973 0.216688 0.276611 0
7974 0.212519 0.273834 0
7975 0.208431 0.270943 0
7976 0.204427 0.267947 0
7977 0.200497 0.264842 0
7978 0.196661 0.261622 0
7979 0.192921 0.258293 0
7980 0.189267 0.254877 0
7981 0.185703 0.251357 0
7982 0.182259 0.247726 0
7983 0.178898 0.244017 0
7984 0.185343 -0.259447 0
7985 0.189032 -0.262828 0
7986 0.192791 -0.266133 0
7987 0.196633 -0.269336 0
7988 0.200578 -0.272412 0
7989 0.204609 -0.275374 0
7990 0.208721 -0.278234 0
7991 0.212915 -0.280982 0
7992 0.217177 -0.283609 0
7993 0.221509 -0.286124 0
7994 0.225903 -0.288522 0
7995 0.230369 -0.290804 0
7996 0.234887 -0.292961 0
7997 0.239463 -0.294998 0
7998 0.244091 -0.296911 0
7999 0.248764 -0.298698 0
8000 0.253494 -0.300361 0
8001 0.258273 -0.301896 0
8002 0.263074 -0.303295 0
8003 0.267932 -0.304564 0
8004 0.272817 -0.305698 0
8005 0.277722 -0.306694 0
8006 0.282662 -0.307555 0
8007 0.287631 -0.308278 0
8008 0.292623 -0.308863 0
8009 0.297629 -0.309309 0
8010 0.302642 -0.309615 0
8011 0.307653 -0.309785 0
8012 0.312681 -0.309820 0
8013 0.317689 -0.309722 0
8014 0.322697 -0.309493 0
8015 0.327697 -0.309135 0
8016 0.332678 -0.308655 0
8017 0.337666 -0.308052 0
8018 0.342615 -0.307334 0
8019 0.347552 -0.306502 0
8020 0.352467 -0.305560 0
8021 0.357392 -0.304506 0
8022 0.362274 -0.303352 0
8023 0.367149 -0.302095 0
8024 0.372006 -0.300739 0
8025 0.376836 -0.299290 0
8026 0.381627 -0.297755 0
8027 0.386369 -0.296141 0
8028 0.391102 -0.294437 0
8029 0.395819 -0.292647 0
8030 0.400511 -0.290776 0
8031 0.405167 -0.288830 0
8032 0.409778 -0.286816 0
8033 0.414333 -0.284743 0
8034 0.418886 -0.282588 0
8035 0.423432 -0.280354 0
8036 0.426192 -0.278956 0
8037 0.428997 -0.277505 0
8038 0.431846 -0.275999 0
8039 0.434740 -0.274434 0
8040 0.437680 -0.272810 0
8041 0.440665 -0.271124 0
8042 0.443698 -0.269375 0
8043 0.446778 -0.267559 0
8044 0.449906 -0.265676 0
8045 0.453082 -0.263721 0
8046 0.456306 -0.261693 0
8047 0.459579 -0.259590 0
8048 0.462901 -0.257408 0
8049 0.466271 -0.255145 0
8050 0.469689 -0.252798 0
8051 0.473156 -0.250365 0
8052 0.476670 -0.247843 0
8053 0.480232 -0.245230 0
8054 0.483838 -0.242522 0
8055 0.487490 -0.239716 0
8056 0.491185 -0.236811 0
8057 0.494922 -0.233803 0
8058 0.498698 -0.230690 0
8059 0.502512 -0.227469 0
8060 0.506361 -0.224138 0
8061 0.510242 -0.220695 0
8062 0.514153 -0.217138 0
8063 0.518089 -0.213463 0
8064 0.522045 -0.209670 0
8065 0.526019 -0.205757 0
8066 0.530005 -0.201722 0
8067 0.533999 -0.197565 0
8068 0.537994 -0.193284 0
8069 0.541984 -0.188880 0
8070 0.545962 -0.184351 0
8071 0.549921 -0.179698 0
8072 0.553856 -0.174923 0
8073 0.557756 -0.170025 0
8074 0.561615 -0.165007 0
8075 0.565424 -0.159870 0
8076 0.569174 -0.154616 0
8077 0.572856 -0.149246 0
8078 0.576459 -0.143764 0
8079 0.579977 -0.138172 0
8080 0.583397 -0.132474 0
8081 0.586711 -0.126673 0
8082 0.589909 -0.120771 0
8083 0.592980 -0.114771 0
8084 0.595915 -0.108678 0
8085 0.598705 -0.102492 0
8086 0.601341 -0.096217 0
8087 0.603814 -0.089854 0
8088 0.606117 -0.083403 0
8089 0.608247 -0.076866 0
8090 0.610197 -0.070243 0
8091 0.611967 -0.063536 0
8092 0.613554 -0.056749 0
8093 0.614959 -0.049888 0
8094 0.616182 -0.042958 0
8095 0.617222 -0.035970 0
8096 0.618077 -0.028931 0
8097 0.618748 -0.021854 0
8098 0.619232 -0.014747 0
8099 0.619528 -0.007620 0
8100 0.619635 -0.000483 0
8101 0.619553 0.006655 0
8102 0.619283 0.013784 0
8103 0.618824 0.020894 0
8104 0.618178 0.027977 0
8105 0.617348 0.035021 0
8106 0.616333 0.042017 0
8107 0.615134 0.048956 0
8108 0.613753 0.055827 0
8109 0.612190 0.062625 0
8110 0.610445 0.069343 0
8111 0.608518 0.075978 0
8112 0.606413 0.082527 0
8113 0.604132 0.088990 0
8114 0.601681 0.095366 0
8115 0.599066 0.101653 0
8116 0.596296 0.107852 0
8117 0.593379 0.113958 0
8118 0.590325 0.119971 0
8119 0.587144 0.125887 0
8120 0.583844 0.131703 0
8121 0.580437 0.137415 0
8122 0.576931 0.143022 0
8123 0.573338 0.148520 0
8124 0.569665 0.153906 0
8125 0.565923 0.159176 0
8126 0.562121 0.164330 0
8127 0.558268 0.169364 0
8128 0.554372 0.174279 0
8129 0.550441 0.179071 0
8130 0.546483 0.183740 0
8131 0.542506 0.188286 0
8132 0.538517 0.192708 0
8133 0.534521 0.197005 0
8134 0.530527 0.201180 0
8135 0.526538 0.205231 0
8136 0.522562 0.209160 0
8137 0.518603 0.212970 0
8138 0.514663 0.216661 0
8139 0.510748 0.220234 0
8140 0.506862 0.223692 0
8141 0.503008 0.227038 0
8142 0.499189 0.230273 0
8143 0.495407 0.233401 0
8144 0.491664 0.236422 0
8145 0.487963 0.239341 0
8146 0.484305 0.242160 0
8147 0.480692 0.244881 0
8148 0.477124 0.247507 0
8149 0.473603 0.250041 0
8150 0.470129 0.252485 0
8151 0.466704 0.254843 0
8152 0.463327 0.257117 0
8153 0.459999 0.259310 0
8154 0.456719 0.261423 0
8155 0.453488 0.263461 0
8156 0.450305 0.265425 0
8157 0.447171 0.267318 0
8158 0.444084 0.269142 0
8159 0.441045 0.270900 0
8160 0.438053 0.272594 0
8161 0.435108 0.274226 0
8162 0.432207 0.275798 0
8163 0.429352 0.277312 0
8164 0.426541 0.278770 0
8165 0.423775 0.280174 0
8166 0.419285 0.282388 0
8167 0.414720 0.284555 0
8168 0.410154 0.286641 0
8169 0.405532 0.288666 0
8170 0.400864 0.290623 0
8171 0.396218 0.292483 0
8172 0.391543 0.294265 0
8173 0.386795 0.295983 0
8174 0.382039 0.297610 0
8175 0.377234 0.299158 0
8176 0.372439 0.300605 0
8177 0.367613 0.301961 0
8178 0.362767 0.303221 0
8179 0.357866 0.304390 0
8180 0.352966 0.305450 0
8181 0.348033 0.306406 0
8182 0.343078 0.307252 0
8183 0.338112 0.307984 0
8184 0.333143 0.308596 0
8185 0.328144 0.309089 0
8186 0.323127 0.309459 0
8187 0.318102 0.309700 0
8188 0.313078 0.309808 0
8189 0.308064 0.309784 0
8190 0.303065 0.309626 0
8191 0.298063 0.309332 0
8192 0.293065 0.308899 0
8193 0.288082 0.308328 0
8194 0.283119 0.307619 0
8195 0.278184 0.306772 0
8196 0.273260 0.305785 0
8197 0.268378 0.304665 0
8198 0.263523 0.303409 0
8199 0.258703 0.302019 0
8200 0.253924 0.300497 0
8201 0.249195 0.298847 0
8202 0.244504 0.297066 0
8203 0.239874 0.295165 0
8204 0.235296 0.293140 0
8205 0.230776 0.290995 0
8206 0.226306 0.288725 0
8207 0.221907 0.286339 0
8208 0.217570 0.283835 0
8209 0.213302 0.281219 0
8210 0.209101 0.278482 0
8211 0.204983 0.275632 0
8212 0.200945 0.272680 0
8213 0.196992 0.269616 0
8214 0.193142 0.266426 0
8215 0.189376 0.263129 0
8216 0.185679 0.259753 0
8217 0.191883 -0.273507 0
8218 0.195833 -0.276580 0
8219 0.199883 -0.279528 0
8220 0.204007 -0.282374 0
8221 0.208205 -0.285109 0
8222 0.212486 -0.287718 0
8223 0.216832 -0.290212 0
8224 0.221228 -0.292595 0
8225 0.225697 -0.294866 0
8226 0.230219 -0.297015 0
8227 0.234796 -0.299046 0
8228 0.239421 -0.300956 0
8229 0.244104 -0.302747 0
8230 0.248820 -0.304409 0
8231 0.253580 -0.305946 0
8232 0.258393 -0.307360 0
8233 0.263234 -0.308641 0
8234 0.268114 -0.309790 0
8235 0.273026 -0.310807 0
8236 0.277964 -0.311690 0
8237 0.282918 -0.312435 0
8238 0.287882 -0.313041 0
8239 0.292871 -0.313512 0
8240 0.297879 -0.313846 0
8241 0.302898 -0.314044 0
8242 0.307919 -0.314106 0
8243 0.312934 -0.314037 0
8244 0.317933 -0.313837 0
8245 0.322937 -0.313508 0
8246 0.327938 -0.313054 0
8247 0.332926 -0.312478 0
8248 0.337890 -0.311785 0
8249 0.342858 -0.310974 0
8250 0.347782 -0.310057 0
8251 0.352688 -0.309034 0
8252 0.357567 -0.307908 0
8253 0.362450 -0.306676 0
8254 0.367285 -0.305354 0
8255 0.372104 -0.303938 0
8256 0.376900 -0.302431 0
8257 0.381659 -0.300841 0
8258 0.386425 -0.299157 0
8259 0.391135 -0.297401 0
8260 0.395833 -0.295562 0
8261 0.400508 -0.293644 0
8262 0.405153 -0.291652 0
8263 0.409757 -0.289593 0
8264 0.414309 -0.287476 0
8265 0.418863 -0.285277 0
8266 0.423346 -0.283032 0
8267 0.427815 -0.280716 0
8268 0.430610 -0.279228 0
8269 0.433450 -0.277685 0
8270 0.436334 -0.276084 0
8271 0.439264 -0.274424 0
8272 0.442240 -0.272703 0
8273 0.445262 -0.270918 0
8274 0.448333 -0.269068 0
8275 0.451451 -0.267150 0
8276 0.454617 -0.265161 0
8277 0.457832 -0.263100 0
8278 0.461096 -0.260963 0
8279 0.464408 -0.258748 0
8280 0.467768 -0.256452 0
8281 0.471177 -0.254073 0
8282 0.474634 -0.251609 0
8283 0.478139 -0.249057 0
8284 0.481692 -0.246414 0
8285 0.485289 -0.243676 0
8286 0.488932 -0.240841 0
8287 0.492618 -0.237908 0
8288 0.496346 -0.234873 0
8289 0.500113 -0.231733 0
8290 0.503918 -0.228487 0
8291 0.507758 -0.225132 0
8292 0.511631 -0.221665 0
8293 0.515533 -0.218085 0
8294 0.519461 -0.214388 0
8295 0.523409 -0.210574 0
8296 0.527375 -0.206640 0
8297 0.531354 -0.202587 0
8298 0.535340 -0.198412 0
8299 0.539327 -0.194116 0
8300 0.543310 -0.189696 0
8301 0.547281 -0.185154 0
8302 0.551235 -0.180490 0
8303 0.555163 -0.175704 0
8304 0.559058 -0.170798 0
8305 0.562912 -0.165772 0
8306 0.566716 -0.160629 0
8307 0.570462 -0.155370 0
8308 0.574140 -0.149997 0
8309 0.577741 -0.144514 0
8310 0.581257 -0.138923 0
8311 0.584676 -0.133227 0
8312 0.587990 -0.127429 0
8313 0.591188 -0.121533 0
8314 0.594260 -0.115541 0
8315 0.597198 -0.109455 0
8316 0.599991 -0.103280 0
8317 0.602631 -0.097017 0
8318 0.605109 -0.090666 0
8319 0.607418 -0.084229 0
8320 0.609554 -0.077706 0
8321 0.611511 -0.071098 0
8322 0.613289 -0.064406 0
8323 0.614885 -0.057632 0
8324 0.616301 -0.050783 0
8325 0.617536 -0.043866 0
8326 0.618589 -0.036888 0
8327 0.619461 -0.029860 0
8328 0.620150 -0.022791 0
8329 0.620654 -0.015692 0
8330 0.620972 -0.008572 0
8331 0.621103 -0.001440 0
8332 0.621048 0.005693 0
8333 0.620805 0.012819 0
8334 0.620375 0.019927 0
8335 0.619760 0.027010 0
8336 0.618962 0.034056 0
8337 0.617982 0.041055 0
8338 0.616820 0.047999 0
8339 0.615477 0.054877 0
8340 0.613953 0.061682 0
8341 0.612249 0.068407 0
8342 0.610363 0.075050 0
8343 0.608299 0.081608 0
8344 0.606059 0.088080 0
8345 0.603648 0.094466 0
8346 0.601072 0.100766 0
8347 0.598339 0.106977 0
8348 0.595458 0.113100 0
8349 0.592438 0.119130 0
8350 0.589289 0.125066 0
8351 0.586020 0.130905 0
8352 0.582641 0.136643 0
8353 0.579163 0.142277 0
8354 0.575595 0.147805 0
8355 0.571946 0.153223 0
8356 0.568225 0.158529 0
8357 0.564443 0.163719 0
8358 0.560607 0.168793 0
8359 0.556727 0.173748 0
8360 0.552810 0.178583 0
8361 0.548865 0.183297 0
8362 0.544900 0.187889 0
8363 0.540920 0.192358 0
8364 0.536933 0.196704 0
8365 0.532945 0.200928 0
8366 0.528962 0.205031 0
8367 0.524990 0.209012 0
8368 0.521033 0.212875 0
8369 0.517096 0.216619 0
8370 0.513182 0.220246 0
8371 0.509297 0.223758 0
8372 0.505442 0.227158 0
8373 0.501622 0.230448 0
8374 0.497839 0.233631 0
8375 0.494094 0.236707 0
8376 0.490391 0.239681 0
8377 0.486730 0.242555 0
8378 0.483114 0.245331 0
8379 0.479543 0.248013 0
8380 0.476019 0.250601 0
8381 0.472542 0.253100 0
8382 0.469113 0.255513 0
8383 0.465733 0.257841 0
8384 0.462401 0.260088 0
8385 0.459118 0.262256 0
8386 0.455883 0.264347 0
8387 0.452697 0.266365 0
8388 0.449559 0.268311 0
8389 0.446469 0.270188 0
8390 0.443427 0.271999 0
8391 0.440433 0.273745 0
8392 0.437484 0.275429 0
8393 0.434582 0.277053 0
8394 0.431724 0.278619 0
8395 0.428911 0.280129 0
8396 0.426143 0.281585 0
8397 0.421650 0.283883 0
8398 0.417147 0.286107 0
8399 0.412578 0.288283 0
8400 0.408013 0.290375 0
8401 0.403399 0.292406 0
8402 0.398749 0.294368 0
8403 0.394070 0.296255 0
8404 0.389373 0.298061 0
8405 0.384666 0.299781 0
8406 0.379906 0.301430 0
8407 0.375106 0.302998 0
8408 0.370323 0.304464 0
8409 0.365473 0.305853 0
8410 0.360613 0.307144 0
8411 0.355751 0.308331 0
8412 0.350855 0.309421 0
8413 0.345935 0.310406 0
8414 0.341002 0.311282 0
8415 0.336029 0.312050 0
8416 0.331063 0.312698 0
8417 0.326077 0.313229 0
8418 0.321081 0.313637 0
8419 0.316084 0.313917 0
8420 0.311065 0.314069 0
8421 0.306064 0.314090 0
8422 0.301058 0.313978 0
8423 0.296057 0.313732 0
8424 0.291068 0.313349 0
8425 0.286076 0.312828 0
8426 0.281112 0.312170 0
8427 0.276160 0.311375 0
8428 0.271229 0.310443 0
8429 0.266325 0.309377 0
8430 0.261457 0.308178 0
8431 0.256631 0.306850 0
8432 0.251835 0.305390 0
8433 0.247077 0.303802 0
8434 0.242367 0.302090 0
8435 0.237710 0.300257 0
8436 0.233096 0.298300 0
8437 0.228534 0.296222 0
8438 0.224031 0.294028 0
8439 0.219585 0.291712 0
8440 0.215199 0.289283 0
8441 0.210882 0.286752 0
8442 0.206633 0.284097 0
8443 0.202464 0.281318 0
8444 0.198369 0.278438 0
8445 0.194358 0.275449 0
8446 0.190444 0.272332 0
8447 0.198839 -0.286603 0
8448 0.203037 -0.289321 0
8449 0.207310 -0.291924 0
8450 0.211666 -0.294397 0
8451 0.216080 -0.296766 0
8452 0.220550 -0.299022 0
8453 0.225082 -0.301159 0
8454 0.229660 -0.303184 0
8455 0.234286 -0.305095 0
8456 0.238967 -0.306889 0
8457 0.243697 -0.308562 0
8458 0.248468 -0.310113 0
8459 0.253270 -0.311538 0
8460 0.258112 -0.312838 0
8461 0.262987 -0.314008 0
8462 0.267887 -0.315047 0
8463 0.272823 -0.315955 0
8464 0.277769 -0.316728 0
8465 0.282737 -0.317366 0
8466 0.287720 -0.317868 0
8467 0.292709 -0.318234 0
8468 0.297721 -0.318466 0
8469 0.302722 -0.318562 0
8470 0.307731 -0.318527 0
8471 0.312739 -0.318361 0
8472 0.317737 -0.318067 0
8473 0.322747 -0.317646 0
8474 0.327726 -0.317104 0
8475 0.332698 -0.316443 0
8476 0.337653 -0.315668 0
8477 0.342580 -0.314783 0
8478 0.347506 -0.313787 0
8479 0.352422 -0.312684 0
8480 0.357318 -0.311481 0
8481 0.362183 -0.310182 0
8482 0.367005 -0.308795 0
8483 0.371818 -0.307314 0
8484 0.376611 -0.305745 0
8485 0.381376 -0.304093 0
8486 0.386100 -0.302365 0
8487 0.390773 -0.300569 0
8488 0.395437 -0.298692 0
8489 0.400082 -0.296738 0
8490 0.404701 -0.294712 0
8491 0.409282 -0.292622 0
8492 0.413816 -0.290473 0
8493 0.418355 -0.288244 0
8494 0.422829 -0.285970 0
8495 0.427292 -0.283625 0
8496 0.430042 -0.282142 0
8497 0.432837 -0.280605 0
8498 0.435676 -0.279013 0
8499 0.438561 -0.277364 0
8500 0.441491 -0.275655 0
8501 0.444468 -0.273885 0
8502 0.447491 -0.272051 0
8503 0.450562 -0.270151 0
8504 0.453681 -0.268183 0
8505 0.456849 -0.266145 0
8506 0.460065 -0.264033 0
8507 0.463330 -0.261847 0
8508 0.466643 -0.259581 0
8509 0.470005 -0.257236 0
8510 0.473416 -0.254807 0
8511 0.476874 -0.252293 0
8512 0.480381 -0.249690 0
8513 0.483934 -0.246996 0
8514 0.487532 -0.244208 0
8515 0.491176 -0.241324 0
8516 0.494862 -0.238341 0
8517 0.498590 -0.235256 0
8518 0.502358 -0.232067 0
8519 0.506162 -0.228771 0
8520 0.510001 -0.225367 0
8521 0.513872 -0.221852 0
8522 0.517773 -0.218224 0
8523 0.521697 -0.214479 0
8524 0.525642 -0.210618 0
8525 0.529604 -0.206639 0
8526 0.533577 -0.202541 0
8527 0.537557 -0.198322 0
8528 0.541537 -0.193983 0
8529 0.545511 -0.189523 0
8530 0.549472 -0.184940 0
8531 0.553415 -0.180238 0
8532 0.557330 -0.175415 0
8533 0.561212 -0.170474 0
8534 0.565051 -0.165415 0
8535 0.568839 -0.160240 0
8536 0.572567 -0.154951 0
8537 0.576227 -0.149551 0
8538 0.579808 -0.144043 0
8539 0.583301 -0.138429 0
8540 0.586698 -0.132713 0
8541 0.589987 -0.126898 0
8542 0.593159 -0.120985 0
8543 0.596204 -0.114980 0
8544 0.599114 -0.108884 0
8545 0.601878 -0.102699 0
8546 0.604487 -0.096428 0
8547 0.606934 -0.090072 0
8548 0.609211 -0.083630 0
8549 0.611314 -0.077103 0
8550 0.613238 -0.070490 0
8551 0.614984 -0.063794 0
8552 0.616549 -0.057017 0
8553 0.617935 -0.050165 0
8554 0.619142 -0.043245 0
8555 0.620170 -0.036266 0
8556 0.621018 -0.029237 0
8557 0.621685 -0.022169 0
8558 0.622168 -0.015072 0
8559 0.622468 -0.007955 0
8560 0.622582 -0.000828 0
8561 0.622511 0.006300 0
8562 0.622254 0.013420 0
8563 0.621813 0.020523 0
8564 0.621188 0.027598 0
8565 0.620383 0.034637 0
8566 0.619396 0.041629 0
8567 0.618230 0.048564 0
8568 0.616885 0.055433 0
8569 0.615361 0.062228 0
8570 0.613658 0.068944 0
8571 0.611774 0.075576 0
8572 0.609712 0.082124 0
8573 0.607475 0.088586 0
8574 0.605067 0.094963 0
8575 0.602494 0.101254 0
8576 0.599764 0.107459 0
8577 0.596887 0.113577 0
8578 0.593872 0.119604 0
8579 0.590728 0.125539 0
8580 0.587465 0.131378 0
8581 0.584091 0.137118 0
8582 0.580619 0.142756 0
8583 0.577057 0.148290 0
8584 0.573414 0.153716 0
8585 0.569700 0.159031 0
8586 0.565924 0.164233 0
8587 0.562095 0.169319 0
8588 0.558222 0.174288 0
8589 0.554313 0.179139 0
8590 0.550375 0.183870 0
8591 0.546417 0.188480 0
8592 0.542444 0.192970 0
8593 0.538464 0.197337 0
8594 0.534484 0.201584 0
8595 0.530508 0.205710 0
8596 0.526542 0.209717 0
8597 0.522592 0.213606 0
8598 0.518662 0.217377 0
8599 0.514755 0.221032 0
8600 0.510876 0.224573 0
8601 0.507029 0.228003 0
8602 0.503216 0.231324 0
8603 0.499439 0.234537 0
8604 0.495701 0.237646 0
8605 0.492005 0.240652 0
8606 0.488351 0.243559 0
8607 0.484741 0.246369 0
8608 0.481177 0.249084 0
8609 0.477660 0.251708 0
8610 0.474189 0.254242 0
8611 0.470768 0.256690 0
8612 0.467394 0.259055 0
8613 0.464069 0.261338 0
8614 0.460793 0.263543 0
8615 0.457565 0.265671 0
8616 0.454386 0.267726 0
8617 0.451256 0.269709 0
8618 0.448174 0.271624 0
8619 0.445139 0.273473 0
8620 0.442151 0.275258 0
8621 0.439210 0.276981 0
8622 0.436315 0.278643 0
8623 0.433465 0.280248 0
8624 0.430660 0.281797 0
8625 0.427900 0.283292 0
8626 0.423420 0.285656 0
8627 0.418930 0.287948 0
8628 0.414436 0.290166 0
8629 0.409884 0.292333 0
8630 0.405284 0.294442 0
8631 0.400704 0.296462 0
8632 0.396094 0.298413 0
8633 0.391410 0.300310 0
8634 0.386716 0.302125 0
8635 0.382020 0.303854 0
8636 0.377282 0.305510 0
8637 0.372512 0.307085 0
8638 0.367720 0.308573 0
8639 0.362915 0.309969 0
8640 0.358066 0.311279 0
8641 0.353183 0.312496 0
8642 0.348277 0.313613 0
8643 0.343360 0.314624 0
8644 0.338439 0.315526 0
8645 0.333489 0.316319 0
8646 0.328520 0.316998 0
8647 0.323542 0.317559 0
8648 0.318532 0.318000 0
8649 0.313533 0.318314 0
8650 0.308522 0.318500 0
8651 0.303510 0.318557 0
8652 0.298503 0.318481 0
8653 0.293485 0.318270 0
8654 0.288490 0.317925 0
8655 0.283500 0.317443 0
8656 0.278523 0.316825 0
8657 0.273569 0.316072 0
8658 0.268643 0.315186 0
8659 0.263733 0.314166 0
8660 0.258865 0.313019 0
8661 0.254028 0.311741 0
8662 0.249211 0.310334 0
8663 0.244442 0.308805 0
8664 0.239711 0.307153 0
8665 0.235029 0.305381 0
8666 0.230400 0.303490 0
8667 0.225816 0.301484 0
8668 0.221276 0.299366 0
8669 0.216797 0.297129 0
8670 0.212375 0.294777 0
8671 0.208009 0.292323 0
8672 0.203722 0.289744 0
8673 0.199510 0.287037 0
8674 0.205081 -0.298184 0
8675 0.209493 -0.300547 0
8676 0.213943 -0.302832 0
8677 0.218466 -0.304995 0
8678 0.223044 -0.307024 0
8679 0.227672 -0.308955 0
8680 0.232341 -0.310779 0
8681 0.237050 -0.312480 0
8682 0.241803 -0.314063 0
8683 0.246587 -0.315527 0
8684 0.251409 -0.316872 0
8685 0.256261 -0.318093 0
8686 0.261152 -0.319190 0
8687 0.266076 -0.320160 0
8688 0.271026 -0.320998 0
8689 0.275992 -0.321702 0
8690 0.280967 -0.322273 0
8691 0.285965 -0.322711 0
8692 0.290979 -0.323014 0
8693 0.296000 -0.323181 0
8694 0.301020 -0.323215 0
8695 0.306030 -0.323117 0
8696 0.311048 -0.322889 0
8697 0.316038 -0.322536 0
8698 0.321016 -0.322060 0
8699 0.326005 -0.321461 0
8700 0.330964 -0.320747 0
8701 0.335914 -0.319918 0
8702 0.340847 -0.318980 0
8703 0.345751 -0.317938 0
8704 0.350653 -0.316791 0
8705 0.355504 -0.315553 0
8706 0.360331 -0.314222 0
8707 0.365166 -0.312791 0
8708 0.369957 -0.311278 0
8709 0.374736 -0.309678 0
8710 0.379495 -0.307994 0
8711 0.384222 -0.306233 0
8712 0.388908 -0.304403 0
8713 0.393540 -0.302511 0
8714 0.398160 -0.300543 0
8715 0.402760 -0.298503 0
8716 0.407330 -0.296398 0
8717 0.411861 -0.294235 0
8718 0.416403 -0.291989 0
8719 0.420888 -0.289697 0
8720 0.425369 -0.287331 0
8721 0.429773 -0.284933 0
8722 0.432528 -0.283397 0
8723 0.435327 -0.281807 0
8724 0.438170 -0.280161 0
8725 0.441060 -0.278458 0
8726 0.443995 -0.276694 0
8727 0.446977 -0.274869 0
8728 0.450006 -0.272980 0
8729 0.453083 -0.271024 0
8730 0.456208 -0.269000 0
8731 0.459381 -0.266906 0
8732 0.462603 -0.264737 0
8733 0.465874 -0.262493 0
8734 0.469194 -0.260171 0
8735 0.472562 -0.257767 0
8736 0.475979 -0.255281 0
8737 0.479443 -0.252708 0
8738 0.482956 -0.250047 0
8739 0.486515 -0.247294 0
8740 0.490119 -0.244446 0
8741 0.493767 -0.241503 0
8742 0.497459 -0.238461 0
8743 0.501191 -0.235317 0
8744 0.504961 -0.232069 0
8745 0.508769 -0.228714 0
8746 0.512610 -0.225251 0
8747 0.516483 -0.221677 0
8748 0.520384 -0.217990 0
8749 0.524308 -0.214187 0
8750 0.528251 -0.210269 0
8751 0.532210 -0.206233 0
8752 0.536179 -0.202079 0
8753 0.540152 -0.197806 0
8754 0.544124 -0.193413 0
8755 0.548089 -0.188900 0
8756 0.552039 -0.184267 0
8757 0.555968 -0.179515 0
8758 0.559869 -0.174645 0
8759 0.563733 -0.169658 0
8760 0.567553 -0.164555 0
8761 0.571320 -0.159338 0
8762 0.575024 -0.154010 0
8763 0.578657 -0.148574 0
8764 0.582210 -0.143031 0
8765 0.585673 -0.137386 0
8766 0.589037 -0.131640 0
8767 0.592291 -0.125798 0
8768 0.595425 -0.119863 0
8769 0.598431 -0.113836 0
8770 0.601298 -0.107721 0
8771 0.604019 -0.101520 0
8772 0.606582 -0.095234 0
8773 0.608981 -0.088864 0
8774 0.611210 -0.082409 0
8775 0.613263 -0.075870 0
8776 0.615138 -0.069246 0
8777 0.616834 -0.062538 0
8778 0.618351 -0.055750 0
8779 0.619691 -0.048887 0
8780 0.620854 -0.041958 0
8781 0.621840 -0.034973 0
8782 0.622647 -0.027940 0
8783 0.623274 -0.020870 0
8784 0.623720 -0.013772 0
8785 0.623984 -0.006657 0
8786 0.624063 0.000467 0
8787 0.623959 0.007590 0
8788 0.623672 0.014703 0
8789 0.623202 0.021798 0
8790 0.622550 0.028863 0
8791 0.621720 0.035891 0
8792 0.620711 0.042870 0
8793 0.619525 0.049791 0
8794 0.618161 0.056644 0
8795 0.616620 0.063423 0
8796 0.614900 0.070120 0
8797 0.613002 0.076734 0
8798 0.610925 0.083262 0
8799 0.608673 0.089706 0
8800 0.606252 0.096066 0
8801 0.603667 0.102341 0
8802 0.600926 0.108531 0
8803 0.598040 0.114636 0
8804 0.595016 0.120651 0
8805 0.591865 0.126575 0
8806 0.588595 0.132405 0
8807 0.585217 0.138138 0
8808 0.581741 0.143771 0
8809 0.578177 0.149300 0
8810 0.574533 0.154724 0
8811 0.570819 0.160038 0
8812 0.567044 0.165240 0
8813 0.563217 0.170328 0
8814 0.559347 0.175300 0
8815 0.555441 0.180156 0
8816 0.551508 0.184892 0
8817 0.547555 0.189510 0
8818 0.543588 0.194007 0
8819 0.539614 0.198385 0
8820 0.535641 0.202642 0
8821 0.531672 0.206781 0
8822 0.527715 0.210802 0
8823 0.523773 0.214705 0
8824 0.519851 0.218492 0
8825 0.515954 0.222164 0
8826 0.512084 0.225724 0
8827 0.508246 0.229173 0
8828 0.504443 0.232513 0
8829 0.500677 0.235747 0
8830 0.496949 0.238878 0
8831 0.493263 0.241907 0
8832 0.489620 0.244837 0
8833 0.486021 0.247672 0
8834 0.482468 0.250412 0
8835 0.478962 0.253062 0
8836 0.475503 0.255623 0
8837 0.472093 0.258098 0
8838 0.468731 0.260490 0
8839 0.465417 0.262802 0
8840 0.462152 0.265036 0
8841 0.458936 0.267194 0
8842 0.455769 0.269279 0
8843 0.452650 0.271294 0
8844 0.449580 0.273240 0
8845 0.446557 0.275121 0
8846 0.443581 0.276938 0
8847 0.440652 0.278693 0
8848 0.437768 0.280388 0
8849 0.434930 0.282026 0
8850 0.432137 0.283609 0
8851 0.429389 0.285138 0
8852 0.424993 0.287525 0
8853 0.420522 0.289879 0
8854 0.416046 0.292161 0
8855 0.411514 0.294396 0
8856 0.406992 0.296549 0
8857 0.402431 0.298644 0
8858 0.397841 0.300673 0
8859 0.393230 0.302632 0
8860 0.388556 0.304535 0
8861 0.383881 0.306355 0
8862 0.379164 0.308106 0
8863 0.374416 0.309780 0
8864 0.369647 0.311371 0
8865 0.364866 0.312874 0
8866 0.360041 0.314296 0
8867 0.355184 0.315630 0
8868 0.350305 0.316867 0
8869 0.345416 0.318005 0
8870 0.340487 0.319044 0
8871 0.335568 0.319971 0
8872 0.330630 0.320790 0
8873 0.325652 0.321499 0
8874 0.320676 0.322088 0
8875 0.315680 0.322557 0
8876 0.310676 0.322902 0
8877 0.305671 0.323119 0
8878 0.300648 0.323208 0
8879 0.295642 0.323165 0
8880 0.290635 0.322989 0
8881 0.285635 0.322677 0
8882 0.280650 0.322232 0
8883 0.275665 0.321651 0
8884 0.270711 0.320940 0
8885 0.265774 0.320095 0
8886 0.260862 0.319120 0
8887 0.255982 0.318018 0
8888 0.251124 0.316787 0
8889 0.246297 0.315433 0
8890 0.241508 0.313960 0
8891 0.236753 0.312368 0
8892 0.232043 0.310658 0
8893 0.227386 0.308831 0
8894 0.222770 0.306898 0
8895 0.218192 0.304860 0
8896 0.213682 0.302693 0
8897 0.209231 0.300401 0
8898 0.204821 0.298033 0
8899 0.144013 -0.051585 1
8900 0.143942 -0.047084 1
8901 0.144083 -0.056086 1
8902 0.144165 -0.059687 1
8903 0.144212 -0.061330 1
8904 0.144216 -0.061487 1
8905 0.144275 -0.063287 1
8906 0.144342 -0.065086 1
8907 0.144420 -0.066885 1
8908 0.144509 -0.068684 1
8909 0.144609 -0.070481 1
8910 0.144722 -0.072279 1
8911 0.144847 -0.074075 1
8912 0.144986 -0.075870 1
8913 0.145138 -0.077665 1
8914 0.145302 -0.079458 1
8915 0.145306 -0.079505 1
8916 0.145476 -0.081250 1
8917 0.145662 -0.083041 1
8918 0.145856 -0.084831 1
8919 0.146270 -0.088409 1
8920 0.146823 -0.092808 1
8921 0.147376 -0.097205 1
8922 0.147930 -0.101609 1
8923 0.148336 -0.104836 1
8924 0.148742 -0.108062 1
8925 0.149379 -0.113427 1
8926 0.149718 -0.116490 1
8927 0.150359 -0.122272 1
8928 0.151000 -0.128055 1
8929 0.151362 -0.131324 1
8930 0.151778 -0.134901 1
8931 0.152215 -0.138475 1
8932 0.152677 -0.142047 1
8933 0.152918 -0.143832 1
8934 0.153167 -0.145615 1
8935 0.153425 -0.147397 1
8936 0.153664 -0.149001 1
8937 0.153690 -0.149178 1
8938 0.153964 -0.150957 1
8939 0.154246 -0.152736 1
8940 0.154538 -0.154513 1
8941 0.154839 -0.156288 1
8942 0.155149 -0.158062 1
8943 0.155469 -0.159835 1
8944 0.155797 -0.161605 1
8945 0.156134 -0.163375 1
8946 0.156481 -0.165142 1
8947 0.156836 -0.166907 1
8948 0.157201 -0.168671 1
8949 0.157572 -0.170421 1
8950 0.157575 -0.170432 1
8951 0.157958 -0.172191 1
8952 0.158352 -0.173948 1
8953 0.158754 -0.175704 1
8954 0.159166 -0.177457 1
8955 0.159586 -0.179208 1
8956 0.160015 -0.180957 1
8957 0.160452 -0.182703 1
8958 0.161348 -0.186192 1
8959 0.162734 -0.191413 1
8960 0.163043 -0.192554 1
8961 0.164073 -0.196363 1
8962 0.165097 -0.200150 1
8963 0.166495 -0.205319 1
8964 0.167978 -0.210986 1
8965 0.169156 -0.215487 1
8966 0.170332 -0.219980 1
8967 0.171510 -0.224480 1
8968 0.172064 -0.226530 1
8969 0.172450 -0.227957 1
8970 0.172930 -0.229693 1
8971 0.173419 -0.231426 1
8972 0.173917 -0.233157 1
8973 0.174425 -0.234884 1
8974 0.174944 -0.236609 1
8975 0.175474 -0.238329 1
8976 0.176017 -0.240046 1
8977 0.176384 -0.241177 1
8978 0.176573 -0.241759 1
8979 0.177142 -0.243468 1
8980 0.177724 -0.245171 1
8981 0.178319 -0.246871 1
8982 0.178927 -0.248566 1
8983 0.179548 -0.250256 1
8984 0.180181 -0.251942 1
8985 0.180826 -0.253623 1
8986 0.181484 -0.255300 1
8987 0.181750 -0.255964 1
8988 0.182153 -0.256971 1
8989 0.182835 -0.258638 1
8990 0.183529 -0.260299 1
8991 0.184234 -0.261956 1
8992 0.184951 -0.263608 1
8993 0.185680 -0.265255 1
8994 0.186420 -0.266896 1
8995 0.187171 -0.268533 1
8996 0.187933 -0.270165 1
8997 0.188014 -0.270336 1
8998 0.188703 -0.271792 1
8999 0.189483 -0.273416 1
9000 0.190269 -0.275035 1
9001 0.191862 -0.278265 1
9002 0.194677 -0.283815 1
9003 0.197342 -0.289070 1
9004 0.200007 -0.294325 1
9005 0.200726 -0.295721 1
9006 0.200832 -0.295926 1
9007 0.201663 -0.297524 1
9008 0.202503 -0.299117 1
9009 0.203353 -0.300704 1
9010 0.204216 -0.302284 1
9011 0.205093 -0.303857 1
9012 0.205986 -0.305420 1
9013 0.206897 -0.306973 1
9014 0.207827 -0.308515 1
9015 0.208778 -0.310044 1
9016 0.209750 -0.311559 1
9017 0.210746 -0.313059 1
9018 0.211766 -0.314542 1
9019 0.212811 -0.316009 1
9020 0.213879 -0.317459 1
9021 0.214968 -0.318893 1
9022 0.216076 -0.320313 1
9023 0.217203 -0.321718 1
9024 0.218345 -0.323110 1
9025 0.219504 -0.324489 1
9026 0.220677 -0.325855 1
9027 0.221865 -0.327208 1
9028 0.223066 -0.328549 1
9029 0.224280 -0.329879 1
9030 0.225506 -0.331197 1
9031 0.226745 -0.332504 1
9032 0.227996 -0.333799 1
9033 0.229258 -0.335083 1
9034 0.230533 -0.336355 1
9035 0.231821 -0.337614 1
9036 0.233124 -0.338858 1
9037 0.234442 -0.340085 1
9038 0.235777 -0.341294 1
9039 0.237129 -0.342483 1
9040 0.238498 -0.343652 1
9041 0.239886 -0.344800 1
9042 0.241291 -0.345926 1
9043 0.242714 -0.347030 1
9044 0.244154 -0.348110 1
9045 0.245612 -0.349166 1
9046 0.247087 -0.350199 1
9047 0.248578 -0.351209 1
9048 0.250085 -0.352194 1
9049 0.251606 -0.353157 1
9050 0.253143 -0.354096 1
9051 0.254692 -0.355014 1
9052 0.256254 -0.355910 1
9053 0.257827 -0.356786 1
9054 0.259412 -0.357642 1
9055 0.261007 -0.358478 1
9056 0.262613 -0.359293 1
9057 0.264228 -0.360089 1
9058 0.265853 -0.360866 1
9059 0.267487 -0.361622 1
9060 0.269131 -0.362357 1
9061 0.270784 -0.363072 1
9062 0.272446 -0.363764 1
9063 0.274117 -0.364435 1
9064 0.275798 -0.365083 1
9065 0.277487 -0.365707 1
9066 0.279185 -0.366307 1
9067 0.280892 -0.366882 1
9068 0.282606 -0.367432 1
9069 0.284329 -0.367957 1
9070 0.286059 -0.368456 1
9071 0.287796 -0.368931 1
9072 0.289540 -0.369381 1
9073 0.291289 -0.369808 1
9074 0.293044 -0.370212 1
9075 0.294804 -0.370593 1
9076 0.296568 -0.370955 1
9077 0.298336 -0.371298 1
9078 0.300108 -0.371622 1
9079 0.301882 -0.371931 1
9080 0.303658 -0.372223 1
9081 0.305437 -0.372501 1
9082 0.307219 -0.372764 1
9083 0.309002 -0.373013 1
9084 0.310787 -0.373250 1
9085 0.312574 -0.373473 1
9086 0.314362 -0.373683 1
9087 0.316152 -0.373880 1
9088 0.317944 -0.374064 1
9089 0.319737 -0.374233 1
9090 0.321531 -0.374388 1
9091 0.323326 -0.374527 1
9092 0.325123 -0.374649 1
9093 0.326921 -0.374754 1
9094 0.328720 -0.374840 1
9095 0.330519 -0.374907 1
9096 0.332319 -0.374956 1
9097 0.334120 -0.374986 1
9098 0.335921 -0.374997 1
9099 0.337721 -0.374988 1
9100 0.339522 -0.374961 1
9101 0.341322 -0.374915 1
9102 0.343121 -0.374851 1
9103 0.344920 -0.374769 1
9104 0.346718 -0.374669 1
9105 0.348515 -0.374553 1
9106 0.350311 -0.374422 1
9107 0.352106 -0.374277 1
9108 0.353900 -0.374118 1
9109 0.355692 -0.373947 1
9110 0.357484 -0.373764 1
9111 0.359274 -0.373569 1
9112 0.361062 -0.373364 1
9113 0.362850 -0.373148 1
9114 0.364636 -0.372921 1
9115 0.366421 -0.372685 1
9116 0.368205 -0.372438 1
9117 0.369987 -0.372181 1
9118 0.371768 -0.371913 1
9119 0.373547 -0.371635 1
9120 0.375324 -0.371345 1
9121 0.377099 -0.371042 1
9122 0.378872 -0.370725 1
9123 0.380642 -0.370395 1
9124 0.382409 -0.370049 1
9125 0.384172 -0.369688 1
9126 0.385933 -0.369311 1
9127 0.387690 -0.368917 1
9128 0.389443 -0.368507 1
9129 0.391192 -0.368080 1
9130 0.392937 -0.367636 1
9131 0.394677 -0.367174 1
9132 0.396413 -0.366696 1
9133 0.398144 -0.366201 1
9134 0.399871 -0.365689 1
9135 0.401593 -0.365162 1
9136 0.403310 -0.364620 1
9137 0.405023 -0.364063 1
9138 0.406731 -0.363494 1
9139 0.408435 -0.362912 1
9140 0.410135 -0.362317 1
9141 0.411831 -0.361712 1
9142 0.413523 -0.361095 1
9143 0.415211 -0.360469 1
9144 0.416896 -0.359832 1
9145 0.418576 -0.359186 1
9146 0.420254 -0.358530 1
9147 0.421927 -0.357865 1
9148 0.423597 -0.357191 1
9149 0.425263 -0.356507 1
9150 0.426925 -0.355813 1
9151 0.428582 -0.355109 1
9152 0.430235 -0.354394 1
9153 0.431883 -0.353668 1
9154 0.433525 -0.352929 1
9155 0.435161 -0.352178 1
9156 0.436792 -0.351413 1
9157 0.438416 -0.350635 1
9158 0.440033 -0.349844 1
9159 0.441643 -0.349037 1
9160 0.443246 -0.348217 1
9161 0.444841 -0.347382 1
9162 0.446429 -0.346532 1
9163 0.448008 -0.345667 1
9164 0.449579 -0.344787 1
9165 0.451143 -0.343893 1
9166 0.452698 -0.342986 1
9167 0.454246 -0.342065 1
9168 0.455786 -0.341131 1
9169 0.457318 -0.340185 1
9170 0.458842 -0.339227 1
9171 0.460360 -0.338258 1
9172 0.461870 -0.337277 1
9173 0.463373 -0.336286 1
9174 0.464870 -0.335284 1
9175 0.466360 -0.334273 1
9176 0.467843 -0.333252 1
9177 0.469321 -0.332223 1
9178 0.470792 -0.331185 1
9179 0.472258 -0.330138 1
9180 0.473718 -0.329083 1
9181 0.475172 -0.328021 1
9182 0.476620 -0.326951 1
9183 0.478063 -0.325874 1
9184 0.479500 -0.324789 1
9185 0.480932 -0.323697 1
9186 0.482358 -0.322599 1
9187 0.483780 -0.321494 1
9188 0.485197 -0.320383 1
9189 0.486610 -0.319266 1
9190 0.488017 -0.318143 1
9191 0.490819 -0.315881 1
9192 0.493603 -0.313596 1
9193 0.496370 -0.311291 1
9194 0.499120 -0.308966 1
9195 0.501854 -0.306621 1
9196 0.504570 -0.304256 1
9197 0.505921 -0.303065 1
9198 0.507267 -0.301869 1
9199 0.508608 -0.300667 1
9200 0.509944 -0.299460 1
9201 0.511274 -0.298246 1
9202 0.512599 -0.297027 1
9203 0.513918 -0.295801 1
9204 0.515231 -0.294569 1
9205 0.516538 -0.293331 1
9206 0.517839 -0.292086 1
9207 0.519134 -0.290835 1
9208 0.520423 -0.289577 1
9209 0.521705 -0.288312 1
9210 0.522981 -0.287042 1
9211 0.524250 -0.285765 1
9212 0.525514 -0.284482 1
9213 0.526771 -0.283193 1
9214 0.528022 -0.281898 1
9215 0.529268 -0.280598 1
9216 0.530507 -0.279291 1
9217 0.531741 -0.277980 1
9218 0.532969 -0.276663 1
9219 0.534191 -0.275341 1
9220 0.536621 -0.272682 1
9221 0.539030 -0.270005 1
9222 0.541419 -0.267311 1
9223 0.543790 -0.264600 1
9224 0.546142 -0.261874 1
9225 0.548479 -0.259133 1
9226 0.551957 -0.255000 1
9227 0.556552 -0.249452 1
9228 0.566780 -0.236881 1
9229 0.573543 -0.228456 1
9230 0.578015 -0.222809 1
9231 0.581339 -0.218550 1
9232 0.583536 -0.215697 1
9233 0.585716 -0.212831 1
9234 0.587877 -0.209951 1
9235 0.590018 -0.207055 1
9236 0.592139 -0.204143 1
9237 0.594239 -0.201217 1
9238 0.596321 -0.198279 1
9239 0.598384 -0.195327 1
9240 0.601449 -0.190879 1
9241 0.604480 -0.186407 1
9242 0.608480 -0.180417 1
9243 0.612440 -0.174400 1
9244 0.615383 -0.169869 1
9245 0.618297 -0.165320 1
9246 0.620219 -0.162275 1
9247 0.622122 -0.159218 1
9248 0.624005 -0.156148 1
9249 0.625865 -0.153064 1
9250 0.626785 -0.151516 1
9251 0.627699 -0.149964 1
9252 0.628606 -0.148408 1
9253 0.629505 -0.146849 1
9254 0.630398 -0.145285 1
9255 0.631283 -0.143717 1
9256 0.632161 -0.142144 1
9257 0.633031 -0.140568 1
9258 0.633893 -0.138987 1
9259 0.634747 -0.137401 1
9260 0.635593 -0.135812 1
9261 0.636432 -0.134218 1
9262 0.637262 -0.132620 1
9263 0.638085 -0.131018 1
9264 0.638899 -0.129412 1
9265 0.639706 -0.127802 1
9266 0.640505 -0.126188 1
9267 0.641297 -0.124571 1
9268 0.642081 -0.122950 1
9269 0.642858 -0.121326 1
9270 0.643627 -0.119698 1
9271 0.644389 -0.118067 1
9272 0.645143 -0.116432 1
9273 0.645890 -0.114793 1
9274 0.646630 -0.113151 1
9275 0.647362 -0.111506 1
9276 0.648087 -0.109858 1
9277 0.648804 -0.108206 1
9278 0.649514 -0.106551 1
9279 0.650217 -0.104893 1
9280 0.650911 -0.103232 1
9281 0.651598 -0.101567 1
9282 0.652277 -0.099899 1
9283 0.652947 -0.098228 1
9284 0.653609 -0.096553 1
9285 0.654262 -0.094875 1
9286 0.654906 -0.093194 1
9287 0.655541 -0.091509 1
9288 0.656167 -0.089820 1
9289 0.656783 -0.088128 1
9290 0.657388 -0.086432 1
9291 0.657984 -0.084733 1
9292 0.658564 -0.083047 1
9293 0.659138 -0.081341 1
9294 0.659703 -0.079631 1
9295 0.660256 -0.077917 1
9296 0.660798 -0.076200 1
9297 0.672692 -0.076200 1
9298 0.672692 -0.025515 1
9299 0.672692 -0.050858 1
9300 0.672692 0.018353 1
9301 0.672692 -0.003581 1
9302 0.672692 0.042614 1
9303 0.672692 0.076200 1
9304 0.660798 0.076200 1
9305 0.660256 0.077917 1
9306 0.659703 0.079631 1
9307 0.659138 0.081341 1
9308 0.658564 0.083047 1
9309 0.657978 0.084750 1
9310 0.657382 0.086449 1
9311 0.656776 0.088145 1
9312 0.656161 0.089837 1
9313 0.655535 0.091526 1
9314 0.654900 0.093211 1
9315 0.654256 0.094892 1
9316 0.653603 0.096570 1
9317 0.652941 0.098245 1
9318 0.652270 0.099916 1
9319 0.651591 0.101583 1
9320 0.650905 0.103248 1
9321 0.650210 0.104909 1
9322 0.649507 0.106567 1
9323 0.648797 0.108222 1
9324 0.648080 0.109874 1
9325 0.647355 0.111522 1
9326 0.646623 0.113167 1
9327 0.645883 0.114809 1
9328 0.645136 0.116448 1
9329 0.644382 0.118082 1
9330 0.643620 0.119714 1
9331 0.642851 0.121342 1
9332 0.642074 0.122966 1
9333 0.641290 0.124587 1
9334 0.640498 0.126204 1
9335 0.639699 0.127817 1
9336 0.638892 0.129427 1
9337 0.638077 0.131033 1
9338 0.637254 0.132635 1
9339 0.636424 0.134233 1
9340 0.635586 0.135827 1
9341 0.634739 0.137416 1
9342 0.633885 0.139002 1
9343 0.633022 0.140583 1
9344 0.632152 0.142159 1
9345 0.631275 0.143731 1
9346 0.630390 0.145299 1
9347 0.629497 0.146863 1
9348 0.628597 0.148423 1
9349 0.627690 0.149978 1
9350 0.626777 0.151530 1
9351 0.625856 0.153078 1
9352 0.623997 0.156162 1
9353 0.622114 0.159232 1
9354 0.620210 0.162289 1
9355 0.618288 0.165334 1
9356 0.615374 0.169883 1
9357 0.611445 0.175920 1
9358 0.607475 0.181930 1
9359 0.603464 0.187913 1
9360 0.600422 0.192377 1
9361 0.598375 0.195340 1
9362 0.596312 0.198291 1
9363 0.594230 0.201230 1
9364 0.592130 0.204156 1
9365 0.590009 0.207067 1
9366 0.587868 0.209963 1
9367 0.585707 0.212843 1
9368 0.583527 0.215708 1
9369 0.580225 0.219984 1
9370 0.576892 0.224235 1
9371 0.570159 0.232685 1
9372 0.559964 0.245283 1
9373 0.555398 0.250853 1
9374 0.551948 0.255010 1
9375 0.548470 0.259144 1
9376 0.546133 0.261884 1
9377 0.543781 0.264610 1
9378 0.541410 0.267321 1
9379 0.539021 0.270015 1
9380 0.536612 0.272693 1
9381 0.534182 0.275351 1
9382 0.532960 0.276673 1
9383 0.531732 0.277990 1
9384 0.530498 0.279301 1
9385 0.529259 0.280607 1
9386 0.528013 0.281908 1
9387 0.526762 0.283202 1
9388 0.525505 0.284491 1
9389 0.524241 0.285774 1
9390 0.522971 0.287051 1
9391 0.521695 0.288322 1
9392 0.520413 0.289586 1
9393 0.519125 0.290844 1
9394 0.517830 0.292095 1
9395 0.516529 0.293340 1
9396 0.515222 0.294578 1
9397 0.513909 0.295810 1
9398 0.512590 0.297035 1
9399 0.511265 0.298255 1
9400 0.509935 0.299468 1
9401 0.508599 0.300676 1
9402 0.507258 0.301878 1
9403 0.505911 0.303074 1
9404 0.503205 0.305449 1
9405 0.500480 0.307804 1
9406 0.497738 0.310139 1
9407 0.494979 0.312454 1
9408 0.492204 0.314749 1
9409 0.489411 0.317022 1
9410 0.488008 0.318151 1
9411 0.486600 0.319274 1
9412 0.485188 0.320391 1
9413 0.483771 0.321502 1
9414 0.482349 0.322606 1
9415 0.480922 0.323705 1
9416 0.479490 0.324796 1
9417 0.478053 0.325881 1
9418 0.476610 0.326958 1
9419 0.475162 0.328028 1
9420 0.473708 0.329090 1
9421 0.472248 0.330145 1
9422 0.470783 0.331191 1
9423 0.469311 0.332230 1
9424 0.467834 0.333259 1
9425 0.466350 0.334280 1
9426 0.464860 0.335291 1
9427 0.463364 0.336292 1
9428 0.461860 0.337283 1
9429 0.460350 0.338264 1
9430 0.458833 0.339233 1
9431 0.457308 0.340191 1
9432 0.455776 0.341137 1
9433 0.454236 0.342071 1
9434 0.452688 0.342992 1
9435 0.451133 0.343899 1
9436 0.449570 0.344793 1
9437 0.447998 0.345672 1
9438 0.446419 0.346537 1
9439 0.444831 0.347387 1
9440 0.443236 0.348222 1
9441 0.441633 0.349042 1
9442 0.440023 0.349848 1
9443 0.438406 0.350640 1
9444 0.436782 0.351418 1
9445 0.435151 0.352182 1
9446 0.433515 0.352933 1
9447 0.431873 0.353672 1
9448 0.430225 0.354398 1
9449 0.428572 0.355113 1
9450 0.426915 0.355818 1
9451 0.425253 0.356511 1
9452 0.423587 0.357195 1
9453 0.421917 0.357869 1
9454 0.420244 0.358534 1
9455 0.418567 0.359190 1
9456 0.416886 0.359836 1
9457 0.415201 0.360472 1
9458 0.413513 0.361099 1
9459 0.411821 0.361715 1
9460 0.410126 0.362321 1
9461 0.408426 0.362915 1
9462 0.406722 0.363497 1
9463 0.405013 0.364067 1
9464 0.403300 0.364623 1
9465 0.401583 0.365165 1
9466 0.399861 0.365692 1
9467 0.398135 0.366204 1
9468 0.396403 0.366699 1
9469 0.394667 0.367177 1
9470 0.392927 0.367638 1
9471 0.391182 0.368082 1
9472 0.389433 0.368509 1
9473 0.387680 0.368919 1
9474 0.385923 0.369313 1
9475 0.384163 0.369690 1
9476 0.382399 0.370051 1
9477 0.380632 0.370396 1
9478 0.378862 0.370727 1
9479 0.377090 0.371043 1
9480 0.375315 0.371346 1
9481 0.373537 0.371636 1
9482 0.371758 0.371915 1
9483 0.369977 0.372182 1
9484 0.368195 0.372439 1
9485 0.366412 0.372686 1
9486 0.364627 0.372923 1
9487 0.362841 0.373149 1
9488 0.361053 0.373365 1
9489 0.359264 0.373570 1
9490 0.357474 0.373765 1
9491 0.355683 0.373948 1
9492 0.353891 0.374119 1
9493 0.352097 0.374278 1
9494 0.350302 0.374423 1
9495 0.348506 0.374554 1
9496 0.346709 0.374670 1
9497 0.344911 0.374769 1
9498 0.343112 0.374851 1
9499 0.341313 0.374915 1
9500 0.339513 0.374961 1
9501 0.337712 0.374988 1
9502 0.335912 0.374997 1
9503 0.334111 0.374986 1
9504 0.332311 0.374956 1
9505 0.330511 0.374907 1
9506 0.328711 0.374840 1
9507 0.326912 0.374753 1
9508 0.325115 0.374649 1
9509 0.323318 0.374526 1
9510 0.321523 0.374387 1
9511 0.319728 0.374232 1
9512 0.317935 0.374063 1
9513 0.316144 0.373879 1
9514 0.314354 0.373682 1
9515 0.312566 0.373472 1
9516 0.310779 0.373249 1
9517 0.308994 0.373012 1
9518 0.307211 0.372763 1
9519 0.305429 0.372499 1
9520 0.303650 0.372222 1
9521 0.301874 0.371929 1
9522 0.300100 0.371621 1
9523 0.298329 0.371296 1
9524 0.296561 0.370953 1
9525 0.294797 0.370592 1
9526 0.293037 0.370210 1
9527 0.291282 0.369806 1
9528 0.289532 0.369379 1
9529 0.287789 0.368929 1
9530 0.286052 0.368454 1
9531 0.284322 0.367954 1
9532 0.282599 0.367430 1
9533 0.280884 0.366880 1
9534 0.279178 0.366304 1
9535 0.277480 0.365704 1
9536 0.275791 0.365080 1
9537 0.274110 0.364432 1
9538 0.272439 0.363762 1
9539 0.270777 0.363069 1
9540 0.269124 0.362354 1
9541 0.267480 0.361619 1
9542 0.265846 0.360862 1
9543 0.264221 0.360086 1
9544 0.262606 0.359290 1
9545 0.261001 0.358474 1
9546 0.259406 0.357639 1
9547 0.257821 0.356783 1
9548 0.256248 0.355907 1
9549 0.254686 0.355011 1
9550 0.253137 0.354093 1
9551 0.251601 0.353153 1
9552 0.250079 0.352191 1
9553 0.248572 0.351205 1
9554 0.247081 0.350195 1
9555 0.245607 0.349162 1
9556 0.244149 0.348106 1
9557 0.242708 0.347026 1
9558 0.241286 0.345922 1
9559 0.239881 0.344796 1
9560 0.238493 0.343648 1
9561 0.237124 0.342479 1
9562 0.235772 0.341289 1
9563 0.234437 0.340080 1
9564 0.233119 0.338853 1
9565 0.231817 0.337609 1
9566 0.230529 0.336351 1
9567 0.229254 0.335079 1
9568 0.227991 0.333795 1
9569 0.226741 0.332499 1
9570 0.225502 0.331193 1
9571 0.224276 0.329875 1
9572 0.223062 0.328545 1
9573 0.221861 0.327203 1
9574 0.220673 0.325850 1
9575 0.219500 0.324484 1
9576 0.218342 0.323106 1
9577 0.217199 0.321714 1
9578 0.216073 0.320308 1
9579 0.214964 0.318889 1
9580 0.213875 0.317454 1
9581 0.212808 0.316004 1
9582 0.211763 0.314538 1
9583 0.210743 0.313054 1
9584 0.209747 0.311554 1
9585 0.208775 0.310039 1
9586 0.207824 0.308510 1
9587 0.206894 0.306968 1
9588 0.205983 0.305415 1
9589 0.205090 0.303852 1
9590 0.204213 0.302280 1
9591 0.203350 0.300699 1
9592 0.202500 0.299112 1
9593 0.201660 0.297519 1
9594 0.200829 0.295922 1
9595 0.200722 0.295711 1
9596 0.198693 0.291728 1
9597 0.196670 0.287757 1
9598 0.194647 0.283786 1
9599 0.193473 0.281481 1
9600 0.191860 0.278261 1
9601 0.190267 0.275031 1
9602 0.189481 0.273411 1
9603 0.188701 0.271788 1
9604 0.188007 0.270322 1
9605 0.187931 0.270160 1
9606 0.187169 0.268529 1
9607 0.186418 0.266892 1
9608 0.185678 0.265250 1
9609 0.184949 0.263604 1
9610 0.184232 0.261952 1
9611 0.183527 0.260295 1
9612 0.182833 0.258634 1
9613 0.182152 0.256967 1
9614 0.181744 0.255950 1
9615 0.181482 0.255295 1
9616 0.180825 0.253619 1
9617 0.180179 0.251938 1
9618 0.179546 0.250252 1
9619 0.178926 0.248562 1
9620 0.178318 0.246867 1
9621 0.177723 0.245168 1
9622 0.177141 0.243464 1
9623 0.176572 0.241755 1
9624 0.176380 0.241164 1
9625 0.176016 0.240042 1
9626 0.175473 0.238326 1
9627 0.174943 0.236605 1
9628 0.174424 0.234880 1
9629 0.173915 0.233153 1
9630 0.173418 0.231422 1
9631 0.172929 0.229689 1
9632 0.172449 0.227953 1
9633 0.172060 0.226516 1
9634 0.171510 0.224477 1
9635 0.170332 0.219971 1
9636 0.169157 0.215475 1
9637 0.167984 0.210985 1
9638 0.166957 0.207056 1
9639 0.165653 0.202218 1
9640 0.164352 0.197386 1
9641 0.163053 0.192564 1
9642 0.161805 0.187931 1
9643 0.160896 0.184446 1
9644 0.160452 0.182701 1
9645 0.160015 0.180954 1
9646 0.159586 0.179205 1
9647 0.159165 0.177454 1
9648 0.158753 0.175701 1
9649 0.158351 0.173946 1
9650 0.157958 0.172189 1
9651 0.157574 0.170429 1
9652 0.157569 0.170404 1
9653 0.157200 0.168668 1
9654 0.156836 0.166905 1
9655 0.156480 0.165139 1
9656 0.156134 0.163372 1
9657 0.155796 0.161603 1
9658 0.155468 0.159832 1
9659 0.155149 0.158060 1
9660 0.154839 0.156286 1
9661 0.154538 0.154510 1
9662 0.154246 0.152733 1
9663 0.153963 0.150955 1
9664 0.153690 0.149176 1
9665 0.153661 0.148986 1
9666 0.153424 0.147395 1
9667 0.153167 0.145613 1
9668 0.152918 0.143830 1
9669 0.152676 0.142045 1
9670 0.152214 0.138474 1
9671 0.151778 0.134899 1
9672 0.151385 0.131462 1
9673 0.150993 0.128024 1
9674 0.150961 0.127744 1
9675 0.150343 0.122125 1
9676 0.149725 0.116506 1
9677 0.149583 0.115214 1
9678 0.148958 0.109848 1
9679 0.148434 0.105679 1
9680 0.147909 0.101510 1
9681 0.147197 0.095853 1
9682 0.146486 0.090195 1
9683 0.146059 0.086619 1
9684 0.145856 0.084830 1
9685 0.145662 0.083040 1
9686 0.145476 0.081249 1
9687 0.145304 0.079485 1
9688 0.145301 0.079457 1
9689 0.145138 0.077664 1
9690 0.144986 0.075870 1
9691 0.144847 0.074074 1
9692 0.144722 0.072278 1
9693 0.144609 0.070481 1
9694 0.144509 0.068683 1
9695 0.144420 0.066885 1
9696 0.144342 0.065086 1
9697 0.144275 0.063286 1
9698 0.144216 0.061486 1
9699 0.144212 0.061319 1
9700 0.144121 0.057886 1
9701 0.144032 0.052485 1
9702 0.143942 0.047084 1
9703 0.143942 0.046086 1
9704 0.143942 0.041912 1
9705 0.143942 0.037740 1
9706 0.143942 0.033562 1
9707 0.143942 0.028713 1
9708 0.143942 0.023890 1
9709 0.143942 0.019116 1
9710 0.143942 0.014331 1
9711 0.143942 0.002828 1
9712 0.143942 0.008572 1
9713 0.143942 -0.002898 1
9714 0.143942 -0.008618 1
9715 0.143942 -0.014341 1
9716 0.143942 -0.019188 1
9717 0.143942 -0.023982 1
9718 0.143942 -0.028774 1
9719 0.143942 -0.033567 1
9720 0.143942 -0.038100 1
9721 0.143942 -0.042096 1
9722 0.143942 -0.046093 1
9723 0.437899 -0.319734 0
9724 0.452712 0.324795 0
9725 0.405479 -0.336434 0
9726 0.416806 0.327798 0
9727 0.474162 -0.314107 0
9728 0.469639 0.298799 0
9729 0.377178 -0.351671 0
9730 0.387124 0.351566 0
9731 0.209878 -0.305192 0
9732 0.213036 -0.308215 0
9733 0.572807 0.196869 0
9734 0.567343 -0.202852 0
9735 0.221909 -0.318184 0
9736 0.588325 -0.189790 0
9737 0.225339 -0.322208 0
9738 0.589787 0.182809 0
9739 0.552933 0.214667 0
9740 0.210019 0.305199 0
9741 0.551553 -0.219653 0
9742 0.213396 0.309213 0
9743 0.234372 -0.331224 0
9744 0.589986 -0.167085 0
9745 0.218507 0.315083 0
9746 0.600318 0.153876 0
9747 0.537705 0.228735 0
9748 0.529967 -0.240743 0
9749 0.229430 0.324797 0
9750 0.617786 -0.148505 0
9751 0.260758 -0.337245 0
9752 0.622420 0.139991 0
9753 0.524596 0.252941 0
9754 0.239908 0.334955 0
9755 0.517533 -0.259498 0
9756 0.289667 -0.356979 0
9757 0.628051 0.109287 0
9758 0.250703 0.341458 0
9759 0.490153 -0.291799 0
9760 0.636642 -0.108322 0
9761 0.510575 0.273504 0
9762 0.353671 0.362957 0
9763 0.334328 -0.354148 0
9764 0.266596 0.349487 0
9765 0.305283 -0.347595 0
9766 0.641868 0.087631 0
9767 0.640469 -0.091862 0
9768 0.649524 0.074848 0
9769 0.647852 -0.077398 0
9770 0.296039 0.344941 0
9771 0.658230 0.055783 0
9772 0.320799 0.354644 0
9773 0.657648 -0.054722 0
9774 0.657471 0.029413 0
9775 0.645880 -0.038984 0
9776 0.656530 0.007459 0
9777 0.654631 -0.011224 0
9778 0.430042 -0.306571 0
9779 0.444888 -0.336842 0
9780 0.454177 -0.323691 0
9781 0.440671 0.301717 0
9782 0.447962 0.333261 0
9783 0.397057 -0.318806 0
9784 0.411477 -0.345340 0
9785 0.421712 -0.324190 0
9786 0.412755 0.312350 0
9787 0.416734 0.349210 0
9788 0.433763 0.325219 0
9789 0.457604 -0.291951 0
9790 0.451463 -0.309879 0
9791 0.463898 0.288529 0
9792 0.482328 0.312045 0
9793 0.455522 0.308168 0
9794 0.490185 0.302716 0
9795 0.467783 0.281000 0
9796 0.376236 -0.334124 0
9797 0.390276 -0.347418 0
9798 0.382702 0.323686 0
9799 0.391116 0.339196 0
9800 0.216688 -0.310167 0
9801 0.581112 0.200807 0
9802 0.570752 0.188019 0
9803 0.560957 -0.196176 0
9804 0.573823 -0.210703 0
9805 0.218303 -0.314157 0
9806 0.575441 -0.184346 0
9807 0.576148 -0.200759 0
9808 0.225866 -0.318129 0
9809 0.582167 0.170713 0
9810 0.584079 0.191672 0
9811 0.548799 0.207300 0
9812 0.565131 0.207238 0
9813 0.544213 -0.213194 0
9814 0.557021 -0.229355 0
9815 0.560977 -0.211138 0
9816 0.237591 -0.319396 0
9817 0.232575 -0.326127 0
9818 0.597865 -0.174557 0
9819 0.588062 -0.158806 0
9820 0.588521 -0.180082 0
9821 0.223271 0.312331 0
9822 0.217521 0.310888 0
9823 0.248952 -0.325775 0
9824 0.246843 -0.340306 0
9825 0.598868 0.147636 0
9826 0.610039 0.157225 0
9827 0.596887 0.171036 0
9828 0.534328 0.222527 0
9829 0.548357 0.243326 0
9830 0.547674 0.225508 0
9831 0.539808 -0.253058 0
9832 0.525276 -0.233925 0
9833 0.544271 -0.230062 0
9834 0.227122 0.325164 0
9835 0.233676 0.317278 0
9836 0.222098 0.318725 0
9837 0.602359 -0.143776 0
9838 0.598830 -0.154357 0
9839 0.265693 -0.333071 0
9840 0.617577 0.132179 0
9841 0.617762 0.147610 0
9842 0.532940 0.260068 0
9843 0.510720 0.243472 0
9844 0.533823 0.247708 0
9845 0.243893 0.326031 0
9846 0.232958 0.329133 0
9847 0.621350 -0.132122 0
9848 0.525091 -0.273351 0
9849 0.507975 -0.251654 0
9850 0.526420 -0.250768 0
9851 0.281037 -0.342647 0
9852 0.279774 -0.358849 0
9853 0.271744 -0.347606 0
9854 0.632860 0.116998 0
9855 0.623894 0.127389 0
9856 0.253510 0.333371 0
9857 0.497581 -0.291741 0
9858 0.483834 -0.273780 0
9859 0.487174 -0.304416 0
9860 0.507315 -0.272244 0
9861 0.615898 -0.109673 0
9862 0.627626 -0.114663 0
9863 0.349500 0.333469 0
9864 0.346288 -0.352631 0
9865 0.271988 0.355249 0
9866 0.273575 0.337448 0
9867 0.260302 0.347425 0
9868 0.307906 -0.363499 0
9869 0.305619 -0.338056 0
9870 0.301338 -0.359283 0
9871 0.322715 -0.349741 0
9872 0.626919 0.077602 0
9873 0.638255 0.101783 0
9874 0.632117 -0.090439 0
9875 0.640695 0.064819 0
9876 0.294796 0.336968 0
9877 0.296907 0.364621 0
9878 0.282101 0.350967 0
9879 0.323640 0.338164 0
9880 0.321419 0.364707 0
9881 0.335934 0.355133 0
9882 0.310045 0.348922 0
9883 0.642892 0.029346 0
9884 0.645802 0.047820 0
9885 0.638382 -0.056843 0
9886 0.639025 0.007927 0
9887 0.639294 -0.009634 0
9888 0.657179 -0.031151 0
9889 0.424417 -0.295132 0
9890 0.427904 -0.293484 0
9891 0.419713 -0.296370 0
9892 0.432129 0.291095 0
9893 0.428408 0.297010 0
9894 0.438221 0.291467 0
9895 0.396821 -0.310108 0
9896 0.400299 -0.307383 0
9897 0.391585 -0.313752 0
9898 0.427874 -0.320364 0
9899 0.428897 -0.313814 0
9900 0.428264 -0.330510 0
9901 0.410851 -0.331548 0
9902 0.405284 0.306062 0
9903 0.399571 0.308282 0
9904 0.438934 0.336498 0
9905 0.424351 0.313622 0
9906 0.426316 0.338966 0
9907 0.440954 0.313624 0
9908 0.450020 -0.281845 0
9909 0.455808 -0.280178 0
9910 0.446719 -0.287170 0
9911 0.461257 -0.307147 0
9912 0.442223 -0.310882 0
9913 0.454994 0.275339 0
9914 0.451983 0.280249 0
9915 0.475706 0.315848 0
9916 0.447414 0.296366 0
9917 0.471065 0.309084 0
9918 0.459270 0.294894 0
9919 0.463205 0.323589 0
9920 0.482055 0.305037 0
9921 0.496774 0.291483 0
9922 0.473437 0.287507 0
9923 0.469056 0.273073 0
9924 0.367363 -0.321176 0
9925 0.375109 -0.319091 0
9926 0.361722 -0.322135 0
9927 0.359636 -0.343147 0
9928 0.393201 -0.338387 0
9929 0.382898 -0.346779 0
9930 0.381098 0.316291 0
9931 0.375593 0.318512 0
9932 0.405989 0.337071 0
9933 0.389445 0.328658 0
9934 0.401020 0.328889 0
9935 0.401029 0.348883 0
9936 0.561440 0.183958 0
9937 0.559101 0.189744 0
9938 0.553978 -0.194499 0
9939 0.557044 -0.190058 0
9940 0.550021 -0.196780 0
9941 0.566340 -0.182179 0
9942 0.567298 -0.177202 0
9943 0.583853 -0.198013 0
9944 0.577585 0.163368 0
9945 0.572501 0.166267 0
9946 0.570486 0.171972 0
9947 0.544590 0.201987 0
9948 0.541429 0.205008 0
9949 0.544858 0.198019 0
9950 0.575809 0.209566 0
9951 0.563555 0.196331 0
9952 0.535292 -0.208388 0
9953 0.540273 -0.207606 0
9954 0.532521 -0.210809 0
9955 0.566754 -0.217068 0
9956 0.231824 -0.318640 0
9957 0.228373 -0.326285 0
9958 0.579561 -0.157870 0
9959 0.582981 -0.153202 0
9960 0.579954 -0.163250 0
9961 0.252530 -0.321453 0
9962 0.248391 -0.319706 0
9963 0.243566 -0.320388 0
9964 0.589121 0.147369 0
9965 0.583851 0.150305 0
9966 0.588332 0.158404 0
9967 0.528093 0.218971 0
9968 0.524303 0.222402 0
9969 0.530798 0.213567 0
9970 0.539223 0.239110 0
9971 0.553831 0.233521 0
9972 0.518453 -0.228576 0
9973 0.522903 -0.226085 0
9974 0.534304 -0.233328 0
9975 0.537917 -0.243372 0
9976 0.228440 0.316309 0
9977 0.590143 -0.143364 0
9978 0.591546 -0.137043 0
9979 0.609386 -0.158326 0
9980 0.266216 -0.326171 0
9981 0.609412 0.123365 0
9982 0.600877 0.126580 0
9983 0.610173 0.140096 0
9984 0.508013 0.234697 0
9985 0.504883 0.238930 0
9986 0.510440 0.232047 0
9987 0.524286 0.241357 0
9988 0.531193 0.236316 0
9989 0.250729 0.321321 0
9990 0.244812 0.319434 0
9991 0.245378 0.336199 0
9992 0.237498 0.330654 0
9993 0.606566 -0.121212 0
9994 0.601365 -0.126051 0
9995 0.613906 -0.139828 0
9996 0.502076 -0.243343 0
9997 0.505820 -0.238692 0
9998 0.497578 -0.244239 0
9999 0.525202 -0.264101 0
10000 0.516092 -0.249949 0
10001 0.285806 -0.330287 0
10002 0.291009 -0.329750 0
10003 0.278611 -0.331962 0
10004 0.266751 -0.353775 0
10005 0.612861 0.105400 0
10006 0.607914 0.109584 0
10007 0.265412 0.325029 0
10008 0.257697 0.325382 0
10009 0.475349 -0.266975 0
10010 0.478133 -0.263335 0
10011 0.481561 -0.288110 0
10012 0.474858 -0.303631 0
10013 0.509123 -0.263383 0
10014 0.519664 -0.274754 0
10015 0.502569 -0.280799 0
10016 0.497624 -0.265628 0
10017 0.513067 -0.283217 0
10018 0.614398 -0.104734 0
10019 0.615253 -0.099065 0
10020 0.629876 -0.123104 0
10021 0.492196 0.248857 0
10022 0.489937 0.253155 0
10023 0.528401 0.266398 0
10024 0.516071 0.254069 0
10025 0.520353 0.270423 0
10026 0.350285 0.324169 0
10027 0.345268 0.325618 0
10028 0.355041 0.321378 0
10029 0.377164 0.342443 0
10030 0.338552 -0.331313 0
10031 0.341545 -0.325168 0
10032 0.331935 -0.329028 0
10033 0.274169 0.325768 0
10034 0.262755 0.335062 0
10035 0.283304 0.328421 0
10036 0.306136 -0.329091 0
10037 0.309855 -0.331457 0
10038 0.294570 -0.363590 0
10039 0.332658 -0.342913 0
10040 0.313579 -0.358901 0
10041 0.318284 -0.341514 0
10042 0.322836 -0.364974 0
10043 0.621214 0.078201 0
10044 0.616627 0.082639 0
10045 0.643973 0.079070 0
10046 0.624634 0.088966 0
10047 0.628580 0.097643 0
10048 0.621565 -0.087042 0
10049 0.620922 -0.081525 0
10050 0.631622 -0.101423 0
10051 0.628306 0.056667 0
10052 0.622771 -0.062851 0
10053 0.625694 -0.057638 0
10054 0.621264 -0.069129 0
10055 0.638009 -0.082123 0
10056 0.298480 0.329103 0
10057 0.293453 0.329001 0
10058 0.303992 0.328027 0
10059 0.290145 0.359872 0
10060 0.326907 0.331359 0
10061 0.320647 0.330037 0
10062 0.329873 0.347121 0
10063 0.329320 0.365255 0
10064 0.346405 0.346702 0
10065 0.303361 0.354085 0
10066 0.319551 0.345566 0
10067 0.313889 0.362286 0
10068 0.644159 0.016346 0
10069 0.634672 0.036259 0
10070 0.633894 0.017378 0
10071 0.632838 -0.040946 0
10072 0.627716 -0.048799 0
10073 0.633178 0.000042 0
10074 0.631723 0.006421 0
10075 0.644544 -0.002250 0
10076 0.634155 -0.021920 0
10077 0.631880 -0.015981 0
10078 0.425298 -0.291001 0
10079 0.430147 -0.289943 0
10080 0.430232 -0.299409 0
10081 0.414363 -0.297701 0
10082 0.423920 -0.301866 0
10083 0.427888 0.290738 0
10084 0.424054 0.293559 0
10085 0.433119 0.297467 0
10086 0.437732 0.284805 0
10087 0.396887 -0.305022 0
10088 0.401716 -0.303194 0
10089 0.402373 -0.312645 0
10090 0.386013 -0.310680 0
10091 0.392034 -0.307964 0
10092 0.420355 -0.310206 0
10093 0.422460 -0.347401 0
10094 0.406138 -0.323163 0
10095 0.401756 0.303242 0
10096 0.397055 0.304694 0
10097 0.404110 0.311052 0
10098 0.412738 0.300313 0
10099 0.407818 0.303157 0
10100 0.432223 0.343188 0
10101 0.430370 0.304853 0
10102 0.456506 -0.274634 0
10103 0.443277 -0.282969 0
10104 0.437158 -0.301986 0
10105 0.458850 0.271919 0
10106 0.458793 0.282050 0
10107 0.447740 0.278632 0
10108 0.453573 0.288625 0
10109 0.505350 0.290442 0
10110 0.502133 0.280805 0
10111 0.492194 0.294926 0
10112 0.482426 0.279924 0
10113 0.469037 0.265776 0
10114 0.473606 0.262772 0
10115 0.464060 0.269538 0
10116 0.373716 -0.314149 0
10117 0.371824 -0.324897 0
10118 0.368726 -0.316145 0
10119 0.357582 -0.319573 0
10120 0.365159 -0.330016 0
10121 0.363329 -0.316922 0
10122 0.367537 -0.342358 0
10123 0.357110 -0.355397 0
10124 0.382233 -0.324297 0
10125 0.382870 0.311466 0
10126 0.370495 0.315221 0
10127 0.393656 0.320913 0
10128 0.560423 0.179305 0
10129 0.553188 0.190508 0
10130 0.558107 -0.184903 0
10131 0.565457 -0.189768 0
10132 0.545368 -0.199286 0
10133 0.557611 -0.202978 0
10134 0.562006 -0.181216 0
10135 0.571859 -0.172956 0
10136 0.577337 0.158443 0
10137 0.576639 0.179737 0
10138 0.536954 0.207250 0
10139 0.547377 0.195192 0
10140 0.556753 0.204290 0
10141 0.537200 -0.212985 0
10142 0.531148 -0.214642 0
10143 0.592432 -0.150047 0
10144 0.574049 -0.166117 0
10145 0.580504 -0.172673 0
10146 0.258276 -0.326829 0
10147 0.239743 -0.325477 0
10148 0.238022 -0.335902 0
10149 0.587119 0.142012 0
10150 0.579137 0.153494 0
10151 0.535748 0.211321 0
10152 0.542011 0.220123 0
10153 0.565492 0.218830 0
10154 0.513648 -0.231108 0
10155 0.523569 -0.220292 0
10156 0.528463 -0.228542 0
10157 0.534959 -0.225552 0
10158 0.546733 -0.242276 0
10159 0.272082 -0.330937 0
10160 0.600525 0.119921 0
10161 0.599658 0.132826 0
10162 0.594617 0.138992 0
10163 0.515734 0.227458 0
10164 0.516835 0.239711 0
10165 0.529328 0.227708 0
10166 0.250186 0.327760 0
10167 0.238638 0.319685 0
10168 0.606825 -0.112422 0
10169 0.612199 -0.117725 0
10170 0.601891 -0.133768 0
10171 0.532173 -0.261011 0
10172 0.522548 -0.241213 0
10173 0.296111 -0.326467 0
10174 0.609733 0.100192 0
10175 0.617995 0.118323 0
10176 0.470746 -0.263890 0
10177 0.478545 -0.258410 0
10178 0.470917 -0.288641 0
10179 0.490695 -0.256677 0
10180 0.496512 -0.254917 0
10181 0.492606 -0.276012 0
10182 0.605277 -0.106015 0
10183 0.483474 0.255506 0
10184 0.340644 0.324012 0
10185 0.355873 0.327900 0
10186 0.358539 0.318382 0
10187 0.363992 0.334328 0
10188 0.370711 0.353268 0
10189 0.378741 0.333027 0
10190 0.346106 -0.322805 0
10191 0.325852 -0.327698 0
10192 0.311814 -0.338097 0
10193 0.329819 -0.364035 0
10194 0.617281 0.073730 0
10195 0.615221 0.088900 0
10196 0.615166 0.096411 0
10197 0.615760 -0.086777 0
10198 0.618847 -0.093106 0
10199 0.623066 0.047261 0
10200 0.620824 -0.076120 0
10201 0.288327 0.327407 0
10202 0.304730 0.340034 0
10203 0.283815 0.358171 0
10204 0.328975 0.326585 0
10205 0.315489 0.326698 0
10206 0.338992 0.365186 0
10207 0.305417 0.362828 0
10208 0.629806 -0.032551 0
10209 0.622348 -0.052825 0
10210 0.629861 -0.004864 0
10211 0.630321 0.011332 0
10212 0.642304 -0.018571 0
10213 0.629518 -0.010409 0
10214 0.406463 -0.302265 0
10215 0.389033 -0.328546 0
10216 0.416578 -0.304390 0
10217 0.429744 -0.339294 0
10218 0.417611 -0.318020 0
10219 0.404524 0.319166 0
10220 0.419306 0.295636 0
10221 0.423948 0.300959 0
10222 0.438096 -0.284846 0
10223 0.436166 -0.295074 0
10224 0.447884 -0.299235 0
10225 0.462387 0.276178 0
10226 0.442810 0.282024 0
10227 0.444847 0.288293 0
10228 0.499913 0.269929 0
10229 0.512142 0.284465 0
10230 0.475531 0.277026 0
10231 0.491646 0.281806 0
10232 0.482156 0.292438 0
10233 0.379781 -0.312835 0
10234 0.355571 -0.333126 0
10235 0.389146 0.310321 0
10236 0.396850 0.314101 0
10237 0.541688 -0.202590 0
10238 0.566242 0.178116 0
10239 0.550190 0.192835 0
10240 0.549756 0.200518 0
10241 0.584959 -0.147124 0
10242 0.542795 0.212024 0
10243 0.536228 0.216594 0
10244 0.509645 -0.234424 0
10245 0.528090 -0.223630 0
10246 0.538553 -0.218794 0
10247 0.530326 -0.218918 0
10248 0.498236 0.252723 0
10249 0.503062 0.245483 0
10250 0.499300 0.241594 0
10251 0.519708 0.224572 0
10252 0.514285 0.230821 0
10253 0.300906 -0.333905 0
10254 0.299459 -0.340407 0
10255 0.295323 -0.330903 0
10256 0.301337 -0.327851 0
10257 0.605642 0.115330 0
10258 0.463355 -0.278067 0
10259 0.489733 -0.251248 0
10260 0.484336 -0.255752 0
10261 0.500825 -0.250089 0
10262 0.486615 -0.264454 0
10263 0.477629 0.258435 0
10264 0.333977 0.336293 0
10265 0.362397 0.317193 0
10266 0.360817 0.322644 0
10267 0.366126 0.323226 0
10268 0.351486 -0.321409 0
10269 0.314701 -0.331142 0
10270 0.325493 -0.337367 0
10271 0.338093 -0.365592 0
10272 0.636102 0.050165 0
10273 0.625589 0.067366 0
10274 0.282943 0.342367 0
10275 0.302436 0.333198 0
10276 0.309632 0.327821 0
10277 0.630639 0.025561 0
10278 0.630184 -0.026383 0
10279 0.640822 -0.029772 0
10280 0.404209 -0.307053 0
10281 0.385456 -0.317276 0
10282 0.411473 -0.301705 0
10283 0.432924 -0.343710 0
10284 0.417383 0.302151 0
10285 0.440778 -0.289520 0
10286 0.434807 -0.288478 0
10287 0.448419 0.283286 0
10288 0.495070 0.261502 0
10289 0.475331 0.268893 0
10290 0.356525 -0.326310 0
10291 0.347675 -0.329664 0
10292 0.388783 0.316030 0
10293 0.549999 -0.202473 0
10294 0.554059 0.196920 0
10295 0.514937 -0.237414 0
10296 0.505800 0.250566 0
10297 0.496178 0.245713 0
10298 0.523649 0.226421 0
10299 0.294973 -0.338505 0
10300 0.288570 -0.338513 0
10301 0.460565 -0.272051 0
10302 0.494145 -0.247356 0
10303 0.502726 -0.257185 0
10304 0.340995 0.332564 0
10305 0.372255 0.326639 0
10306 0.365902 0.318356 0
10307 0.320195 -0.330620 0
10308 0.287730 0.332867 0
10309 0.315267 0.333008 0
10310 0.410954 -0.314478 0
10311 0.486991 0.262231 0
10312 0.489921 0.271267 0
10313 0.393553 0.307821 0
10314 0.546106 -0.206123 0
10315 0.552038 -0.210151 0
10316 0.510949 -0.239851 0
10317 0.517096 -0.244307 0
10318 0.518302 -0.234278 0
10319 0.506730 0.260264 0
10320 0.522082 0.231606 0
10321 0.463991 -0.268135 0
10322 0.335335 0.325206 0
10323 0.369864 0.320399 0
10324 0.628554 0.043568 0
10325 0.307553 0.332935 0
10326 0.408833 -0.307879 0
10327 0.480348 0.262405 0
10328 0.509581 -0.245083 0
10329 0.465279 -0.273021 0
10330 0.470035 -0.276163 0
10331 0.469009 -0.269035 0
10332 0.313318 0.339318 0
10333 0.482341 0.269950 0
10334 0.476906 -0.276784 0
