         1   2.16024110796632294400E+018   9.11488888363006643678E-018
         2   2.17366844990373760000E+018   9.11747933800008785004E-018
         3   2.17366844967119334400E+018   9.11747933702504806747E-018
         4   2.17366844947883033600E+018   9.11747933621805414663E-018
         5   3.29202506116430182400E+018   1.41844961701732400354E-017
         6   3.37758600636097126400E+018   1.43086769136224876954E-017
         7   4.20788769363860275200E+018   1.48596372397967110713E-017
         8   2.42523914496545484800E+018   1.17039490239411724905E-017
         9   2.55267518020581580800E+018   1.24863040261306961715E-017
        10   2.88617106447855513600E+018   1.35603864907606179576E-017
        11   3.67837116287528345600E+018   1.45492466324878570582E-017
        12   2.44313216995208960000E+018   1.18398892540231111933E-017
        13   2.48199955192939315200E+018   1.21013045520758227773E-017
        14   2.55765431735843737600E+018   1.25130247577247673313E-017
        15   3.14167729393126400000E+018   1.40204313680723526036E-017
        16   2.26215313131959808000E+018   1.04188883169583326373E-017
        17   2.15396018757821465600E+018   9.90174825107979360924E-018
        18   2.39152033837617356800E+018   1.14135356648758401531E-017
        19   2.36005720387360972800E+018   1.10933086329135197630E-017
        20   2.38741397498641459200E+018   1.13738552697653905902E-017
        21   2.64857657975898316800E+018   1.28974363747300888029E-017
        22   2.13392303461639603200E+018   9.85038493946205376663E-018
        23   2.16543101720024268800E+018   9.92766198156475823085E-018
        24   2.11497483975994905600E+018   9.78313461551879499914E-018
        25   2.17652375983348812800E+018   9.96893643291543123257E-018
        26   2.17466192517293260800E+018   9.73470984301519538046E-018
        27   2.13646915339021260800E+018   9.58865373918370887181E-018
        28   2.24640941463156736000E+018   9.98304567843574234913E-018
        29   2.24415365886543923200E+018   9.95261320764114205438E-018
        30   2.13864342676693299200E+018   9.73613804702681819917E-018
        31   2.19514399760180736000E+018   9.91956312597137403065E-018
        32   2.13369113338464742400E+018   9.57710478332754443612E-018
        33   2.24200142162860032000E+018   9.91660933315803788877E-018
        34   2.24566615370631449600E+018   9.97285526772847113424E-018
        35   1.98792406614920601600E+018   9.18499083120378652581E-018
        36   2.17366844991621734400E+018   9.11747933805263954487E-018
        37   2.17366844988719155200E+018   9.11747933793088533528E-018
        38   2.17366844991122892800E+018   9.11747933803163920476E-018
        39   2.17366844987711488000E+018   9.11747933788862735081E-018
        40   2.17366844989980620800E+018   9.11747933798374980113E-018
        41   2.17366844985702732800E+018   9.11747933780436406388E-018
        42   2.17366844993133030400E+018   9.11747933811604269939E-018
        43   2.16016990043383910400E+018   9.12908453130864987409E-018
        44   2.15766264442394624000E+018   9.12514908308924623429E-018
        45   2.17366844991379865600E+018   9.11747933804251223485E-018
        46   2.17366844992563276800E+018   9.11747933809227364239E-018
        47   2.17366844997404134400E+018   9.11747933829476437599E-018
        48   2.17366844998912844800E+018   9.11747933835820604911E-018
        49   2.17366844998934886400E+018   9.11747933835912587325E-018
        50   2.17366849553432576000E+018   9.11747952939664684425E-018
        51   2.17366849743146188800E+018   9.11747953735524881287E-018
        52   2.17366901040296755200E+018   9.11748168901875195713E-018
        53   2.17366844937128908800E+018   9.11747933576698286473E-018
        54   2.17366863396129996800E+018   9.11748011003186746812E-018
        55   2.19312737808901657600E+018   9.35481234361031287147E-018
        56   2.33831940271750451200E+018   1.11120113309860615315E-017
        57   2.50710356955225804800E+018   1.22449764261606569908E-017
        58   2.39661621081972275200E+018   1.14377992683278520170E-017
        59   2.32771552943783833600E+018   1.10889439525097458137E-017
        60   2.56978689569952153600E+018   1.25596045793005621073E-017
        61   2.67488964804845312000E+018   1.29708753166441288851E-017
        62   2.61248144977343385600E+018   1.27394218405202573316E-017
        63   2.60190081762197862400E+018   1.27001626022282492065E-017
        64   3.81985288037530777600E+018   1.45941825335081632895E-017
        65   3.56043537268072396800E+018   1.44384246369986813246E-017
        66   3.86819352685048012800E+018   1.46348869763705844926E-017
        67   3.66831498369607680000E+018   1.45346466554778770312E-017
        68   2.50876515162264473600E+018   1.22582518358485173193E-017
        69   2.57449917968842035200E+018   1.25800455239264850380E-017
        70   2.52815829544628121600E+018   1.23599825660528448613E-017
        71   3.45023007562330368000E+018   1.43497207009958329519E-017
        72   3.56024789911527936000E+018   1.44529393037390176020E-017
        73   3.62866771424391987200E+018   1.45050004135052150801E-017
        74   3.47412371064903782400E+018   1.43775299555403447523E-017
        75   5.16018083817665024000E+018   1.61402371570393310585E-017
        76   3.22250771791021158400E+018   1.40944938058320584764E-017
        77   2.67769588504763801600E+018   1.29723866433538806758E-017
        78   2.91758759685168332800E+018   1.35940408548297905057E-017
        79   2.46353396838185062400E+018   1.19804241613103613031E-017
        80   2.49155359173357363200E+018   1.21554147104419360563E-017
        81   2.46403219598440089600E+018   1.19833609298326308238E-017
        82   3.07228177643696230400E+018   1.39016687046118431879E-017
        83   2.96641810573342515200E+018   1.37128831776984325902E-017
        84   3.84805339089664870400E+018   1.46361407808697326865E-017
        85   4.72626277914015948800E+018   1.53850561353562051887E-017
        86   4.81413506633287372800E+018   1.55236567987080370912E-017
        87   4.55771028416636928000E+018   1.51678015471663836576E-017
        88   4.59323507833550080000E+018   1.52089182849404475057E-017
        89   4.37210101661594572800E+018   1.49721060733076090263E-017
        90   5.15564112296533299200E+018   1.61200132248274028779E-017
        91   5.28102468396921241600E+018   1.63653048513534105827E-017
        92   5.35068289717182873600E+018   1.64708656169857347556E-017
        93   5.67730133768108748800E+018   1.69421847949362042204E-017
        94   5.24765103766111232000E+018   1.62848366718888497384E-017
        95   5.34585982892167577600E+018   1.64897704779441174163E-017
        96   5.68037516256459059200E+018   1.69426829484614358037E-017
        97   2.37746599046550732800E+018   1.12827938939550089373E-017
        98   2.53162451922575769600E+018   1.23721685387763764182E-017
        99   2.61307463999897344000E+018   1.27418430780150818340E-017
       100   2.64197584560150937600E+018   1.28509338903435011387E-017
       101   2.56313431008466790400E+018   1.25359049766256772967E-017
       102   2.53624417609003980800E+018   1.24040185837414283212E-017
       103   2.48286522748113817600E+018   1.21052201032896909608E-017
       104   2.52173587357978163200E+018   1.23292945564702966047E-017
       105   2.71913608941579878400E+018   1.31188792560259714100E-017
       106   2.58892777365840076800E+018   1.26468689928362399206E-017
       107   2.61308057832232243200E+018   1.27547157372310428923E-017
       108   2.56332904501953792000E+018   1.25353420809743911453E-017
       109   4.64309637395939225600E+018   1.52770393829692719113E-017
       110   5.24805720002239488000E+018   1.62949462325769580545E-017
       111   3.79732913484331264000E+018   1.45769155686749354991E-017
       112   3.61970399028869939200E+018   1.44663330015606833833E-017
       113   3.44030983790275737600E+018   1.43329584810536612438E-017
       114   5.02586734131959296000E+018   1.58716186668892612510E-017
       115   4.81325545048229273600E+018   1.55019831753726356570E-017
       116   5.00839272060845260800E+018   1.58429024167525288423E-017
       117   6.72252843189421260800E+018   1.65973834302268263684E-017
       118   5.23482372113955430400E+018   1.62654115294911916079E-017
       119   4.96567425729673011200E+018   1.57936847103751965525E-017
       120   5.02169365766213120000E+018   1.58868296792121981863E-017
       121   6.82857243986758348800E+018   1.64388630986963206935E-017
       122   2.55526030177082009600E+018   1.24856056474844923323E-017
       123   2.57448174684343091200E+018   1.25695362754613551262E-017
       124   2.57926843266100275200E+018   1.25915637976178494906E-017
       125   2.61756712049702348800E+018   1.27575209139663834960E-017
       126   6.19502846267131289600E+018   1.71008877536580826899E-017
       127   6.52301054578100326400E+018   1.68553312621729008147E-017
       128   7.13319936524297216000E+018   1.57984357759044045897E-017
       129   8.03125975574660403200E+018   1.44784145339437924506E-017
       130   7.35786541723790131200E+018   1.52954831482813036459E-017
       131   7.16386935736682086400E+018   1.57275043868939806535E-017
       132   2.56372428781805824000E+018   1.25249815988998181032E-017
       133   2.55043311372429824000E+018   1.24632815462831159811E-017
       134   2.51246841619061401600E+018   1.22691096030048775780E-017
       135   2.36175023912407910400E+018   1.11683862022384603983E-017
       136   2.58014978887078400000E+018   1.25970149650296285813E-017
       137   2.54098655866650368000E+018   1.24185352411576757823E-017
       138   2.59463284500618188800E+018   1.26613443067678291152E-017
       139   2.40464012644019968000E+018   1.15340371033781239726E-017
       140   2.38303630970213939200E+018   1.13220056109600316286E-017
       141   2.35697470223623372800E+018   1.11683975539567318826E-017
       142   2.36197416281419059200E+018   1.11474264153065356892E-017
       143   2.33741567572961894400E+018   1.09147871200475753478E-017
       144   2.32078099436837120000E+018   1.08242074454146232487E-017
       145   2.42772199953348454400E+018   1.17232963729739662744E-017
       146   2.39125307984842905600E+018   1.14118308521887023371E-017
       147   2.55218230330487603200E+018   1.24867331627616885603E-017
       148   2.59047392204324454400E+018   1.26545352098164332159E-017
       149   3.21439093318972006400E+018   1.41171313034598161921E-017
       150   4.01704456561080627200E+018   1.47453066743013395324E-017
       151   3.61325854269369292800E+018   1.45174502879677413256E-017
       152   3.75712452480057241600E+018   1.46033468324302467386E-017
       153   4.62102848541190144000E+018   1.52502003088566943285E-017
       154   4.80821585398383923200E+018   1.55164537207301462526E-017
       155   4.88308062664411238400E+018   1.56466193730501738709E-017
       156   4.65948717448702156800E+018   1.53025828139518374054E-017
       157   4.45951277330418688000E+018   1.50658526755599669417E-017
       158   6.07601003764654284800E+018   1.71138105447596542815E-017
       159   5.58181414995129548800E+018   1.68043398349818709031E-017
       160   5.88785364678054400000E+018   1.70885548548445942364E-017
       161   4.83671049809547161600E+018   1.55334471080471052914E-017
       162   4.66933239022466252800E+018   1.52716893126249474970E-017
       163   2.31605007439701913600E+018   1.08946993937676923479E-017
       164   2.33611181479897241600E+018   1.09747547371987917163E-017
       165   2.32729648127503820800E+018   1.09405329158022522151E-017
       166   2.33954659021424076800E+018   1.08953074645074803130E-017
       167   2.34224792323841126400E+018   1.09246849004699832365E-017
       168   2.40847484773200025600E+018   1.15652403062733124558E-017
       169   2.51037870989646540800E+018   1.22688571871886089695E-017
       170   2.44903367853052006400E+018   1.18820408920195795646E-017
       171   2.45106295990234982400E+018   1.18957098136957017820E-017
       172   2.48082345530106368000E+018   1.20926427475270568509E-017
       173   2.50653657816610406400E+018   1.22453128578882783831E-017
       174   2.47505386850961817600E+018   1.20566408512428992875E-017
       175   2.96190301689497036800E+018   1.37129191011524187389E-017
       176   2.72791336403463577600E+018   1.31477021955443683945E-017
       177   2.99661340999811584000E+018   1.37774704578727328513E-017
       178   2.86276341284504012800E+018   1.35027137560034568469E-017
       179   5.98575830880885555200E+018   1.71483683090244550197E-017
       180   5.46063400291275776000E+018   1.66238227663146050986E-017
       181   5.40561404858087219200E+018   1.65528232909790514859E-017
       182   2.87683872129547520000E+018   1.34979945403603723595E-017
       183   2.98833172369968128000E+018   1.37221893094255887080E-017
       184   2.53557965805682278400E+018   1.23893099438897818780E-017
       185   4.72893668743158067200E+018   1.53535704138623836646E-017
       186   2.87412335291944857600E+018   1.34910807915126067805E-017
       187   3.12135968449002342400E+018   1.39349088129295048418E-017
       188   6.63146673431967232000E+018   1.67341747658636980410E-017
       189   9.37813199889055948800E+018   1.36881045711940346638E-017
       190   2.49640873910880665600E+018   1.21773114109538098016E-017
       191   2.40927414283312947200E+018   1.15737856569276693817E-017
       192   2.41653145738584320000E+018   1.16341615531936338619E-017
       193   2.42996599188634368000E+018   1.17395268851018056865E-017
       194   2.41852809654634496000E+018   1.16498420134706001094E-017
       195   2.28593555140810777600E+018   1.05339724618945515016E-017
       196   2.29557189111144371200E+018   1.06356983296576080867E-017
       197   2.33062047298266009600E+018   1.08395258183181871748E-017
       198   2.32194553527418624000E+018   1.08041282466526950859E-017
       199   2.30612154846953984000E+018   1.06969825102159792982E-017
       200   2.39440148232102604800E+018   1.14405106902436853695E-017
       201   2.38298295260756480000E+018   1.13320308404697112214E-017
       202   2.42193199107932876800E+018   1.16773609899656890369E-017
       203   3.46698852605309593600E+018   1.43947588427192205937E-017
       204   3.06302654556944640000E+018   1.38987295829728045602E-017
       205   3.11206777496469708800E+018   1.39735394361778698288E-017
       206   3.31348652946102118400E+018   1.42394208950754002307E-017
       207   3.41275735215624550400E+018   1.43480175342265801953E-017
       208   3.20968584729681152000E+018   1.41144194580174280384E-017
       209   5.38819709021672345600E+018   1.65811778049198234028E-017
       210   4.45381390346967398400E+018   1.50113631625233682351E-017
       211   4.82566541915710259200E+018   1.55091933097821455342E-017
       212   4.56835534210957516800E+018   1.51399162310255263348E-017
       213   4.14745267491387596800E+018   1.47706221029362799982E-017
       214   2.28586640112154675200E+018   1.04550430174579594765E-017
       215   2.28915866962006784000E+018   1.05350860960555196528E-017
       216   2.32313642097362483200E+018   1.07835386175265639278E-017
       217   2.29538398310470297600E+018   1.05976674201962808240E-017
       218   2.22587922184953292800E+018   1.01705718945762775478E-017
       219   2.39714730809503283200E+018   1.14655768507851545346E-017
       220   2.40215059588047718400E+018   1.15104987893449930380E-017
       221   2.41943745781873356800E+018   1.16574770078595339083E-017
       222   2.43631000076180377600E+018   1.17890001338972219865E-017
       223   2.47635983978292684800E+018   1.20650340979015769567E-017
       224   2.77562725983421286400E+018   1.32874108807971159243E-017
       225   2.61812983794394675200E+018   1.27799456860525234545E-017
       226   2.51069504345357824000E+018   1.22733509658021946650E-017
       227   2.64663341046059264000E+018   1.28870199888990448898E-017
       228   2.58237864032887654400E+018   1.26197436613880916947E-017
       229   3.32117467639384934400E+018   1.42552708590157884406E-017
       230   3.29904083622697216000E+018   1.42311312780703074753E-017
       231   3.85900105262530969600E+018   1.46467538220416717529E-017
       232   3.59392758826035865600E+018   1.45034405996808912150E-017
       233   3.61524830436085811200E+018   1.45174634837652349485E-017
       234   4.55162404040437811200E+018   1.51717321015940160830E-017
       235   4.85134175293548851200E+018   1.55826859395481838671E-017
       236   4.61087445602917580800E+018   1.52449090274285810986E-017
       237   3.94635005093650688000E+018   1.46453325059450226732E-017
       238   4.14011730276603136000E+018   1.47703617356993794711E-017
       239   2.67207793771296102400E+018   1.29432016137417792793E-017
       240   2.44510650679180288000E+018   1.18495747141273146476E-017
       241   2.46755000076774246400E+018   1.20018416465878275664E-017
       242   2.49795472812367923200E+018   1.21850557341859284614E-017
       243   2.46932137038333696000E+018   1.20133547126234048593E-017
       244   2.39384267601219481600E+018   1.14324742801206080218E-017
       245   2.21640595270896844800E+018   1.02548909851659380939E-017
       246   2.19905639317204198400E+018   1.01840248214173393389E-017
       247   2.29037901414781644800E+018   1.05604587709111216767E-017
       248   2.29151070633052697600E+018   1.05469213947323531559E-017
       249   2.28901936956236339200E+018   1.05147927135712266990E-017
       250   2.22958090199106483200E+018   1.02079042004378361381E-017
       251   2.20442377199563980800E+018   1.01137990356394890175E-017
       252   2.27225762815241011200E+018   1.03279584277186384413E-017
       253   2.24366897941790208000E+018   1.02156673954552778833E-017
       254   2.25527534059282636800E+018   1.02583927161472338435E-017
       255   2.28094866797219097600E+018   1.04437833525947587715E-017
       256   2.31421576472765900800E+018   1.07254837530838208788E-017
       257   2.33058636194709196800E+018   1.08176163110906876276E-017
       258   2.38764379054276915200E+018   1.13770011781024992851E-017
       259   2.94528812489191424000E+018   1.36864249815975975894E-017
       260   2.64974359884268697600E+018   1.29015520263105599047E-017
       261   2.69752916681940633600E+018   1.30616605699990474336E-017
       262   2.83564297046222745600E+018   1.34434092408005592727E-017
       263   2.86355895068024473600E+018   1.35111284653407671561E-017
       264   2.71005877303838310400E+018   1.31030526666388113158E-017
       265   4.32134102419366400000E+018   1.49395782397576800488E-017
       266   2.92195605517879756800E+018   1.35715949158635598327E-017
       267   3.33287223181619558400E+018   1.41961243501250922660E-017
       268   3.04018406448545536000E+018   1.37912210177272560652E-017
       269   2.39981481062632345600E+018   1.14926535263938600039E-017
       270   2.24626557190730137600E+018   1.02055304116412799239E-017
       271   2.29074996301815782400E+018   1.04391340625061077133E-017
       272   2.28210528131116492800E+018   1.04382786370043143998E-017
       273   2.28334278342494617600E+018   1.04637128539889098284E-017
       274   2.28134678382113177600E+018   1.04324480584841211606E-017
       275   2.30438044670212966400E+018   1.06831597139329430507E-017
       276   2.28390789699425126400E+018   1.04845466538478672586E-017
       277   2.31185872890298777600E+018   1.06748401727972866503E-017
       278   2.34130460321321523200E+018   1.08799251763080922480E-017
       279   2.32274851597411584000E+018   1.07603583583208460415E-017
       280   2.35859781953315072000E+018   1.10776204676175158927E-017
       281   2.36168274787393587200E+018   1.11112950882188524511E-017
       282   2.34717934097795532800E+018   1.09433597043073096344E-017
       283   2.34892908635571814400E+018   1.09679213110114137960E-017
       284   2.51481784775927347200E+018   1.22982824557869196390E-017
       285   2.43926290897560678400E+018   1.18118652467009697545E-017
       286   2.45874487975581696000E+018   1.19510408768294929314E-017
       287   2.42788383050962688000E+018   1.17252171562953910588E-017
       288   2.27063378301453209600E+018   1.02645734671559579221E-017
       289   2.28444020929201356800E+018   1.04059990634300547918E-017
       290   2.28293782536538342400E+018   1.04942749679228459487E-017
       291   2.27756417343575833600E+018   1.03907275992661080241E-017
       292   2.28160737192411059200E+018   1.04708323741492897424E-017
       293   2.27651067238101196800E+018   1.04148470930088096338E-017
       294   2.29103685887764761600E+018   1.05414708975179419756E-017
       295   2.29161712794690688000E+018   1.05372545097390179226E-017
       296   2.28236024805289267200E+018   1.04689587934090897072E-017
       297   2.33071961319297075200E+018   1.07699906579421849068E-017
       298   2.33294840999011174400E+018   1.08010435870515305334E-017
       299   2.31275400153938380800E+018   1.06702699442932253143E-017
       300   2.37157131674127104000E+018   1.12160663698702278286E-017
       301   2.37298336151249920000E+018   1.12309095616116129377E-017
       302   2.33781794807468953600E+018   1.08277851459357390517E-017
       303   2.30331396576715264000E+018   1.04085719458976881460E-017
       304   2.32294746459170406400E+018   1.06468161764785684665E-017
       305   2.31436134355298150400E+018   1.05395071422248293164E-017
       306   2.55133973104566886400E+018   1.24851732461976703877E-017
       307   2.42118511391424563200E+018   1.16708544244268262917E-017
       308   2.45971166136813107200E+018   1.19579968610632032736E-017
       309   2.51715655297951436800E+018   1.23105271910539206571E-017
       310   2.51292721464123187200E+018   1.22852437716088089291E-017
       311   2.75603257365401702400E+018   1.32427681600213162754E-017
       312   3.35195104272103372800E+018   1.42937645957628418361E-017
       313   2.32061833922668851200E+018   1.06364135802825424950E-017
       314   2.30564703614288998400E+018   1.04525424337981431180E-017
       315   2.27974657785267123200E+018   1.04179672644004036785E-017
       316   2.27859070731893273600E+018   1.03081624317977571867E-017
       317   2.30006446378665932800E+018   1.04007355664769179617E-017
       318   2.25871941097992908800E+018   1.02261178167170482799E-017
       319   2.27879689349531955200E+018   1.04499592876936762108E-017
       320   2.27884773707562368000E+018   1.04028932137971864190E-017
       321   2.27455544941025561600E+018   1.03683131364961374621E-017
       322   2.31799158613505740800E+018   1.04247672776905226860E-017
       323   2.33616239739541913600E+018   1.04703410559052015441E-017
       324   2.35038080137272934400E+018   1.05727988618875902988E-017
       325   2.31548572565820672000E+018   1.04841144857092186528E-017
       326   2.27776427163688038400E+018   1.03910870924466606321E-017
       327   2.27708623807523788800E+018   1.03515228403549001373E-017
       328   2.29193245472956467200E+018   1.05381464709906422908E-017
       329   2.27515700881796198400E+018   1.03455405246117950476E-017
       330   2.15392462528017996800E+018   9.68638279877502775453E-018
       331   2.13082277090189824000E+018   9.58762808683564671623E-018
       332   2.26501164926549734400E+018   1.01952557556743007666E-017
       333   2.31679129994078259200E+018   1.06411976279961952645E-017
       334   2.32584695783496652800E+018   1.06806783187132522275E-017
       335   2.30496426241305318400E+018   1.04059636089521372972E-017
       336   2.29966018385262233600E+018   1.03346801314002527576E-017
       337   2.29571093199172710400E+018   1.02807660574940929677E-017
       338   2.26636872032979507200E+018   1.02821435247813054764E-017
       339   2.25303821763228595200E+018   1.00622447938136408993E-017
       340   2.26909498199791078400E+018   1.02302358502155908939E-017
       341   2.24954799881434752000E+018   1.00133090394674883346E-017
       342   2.26220812655789849600E+018   1.01594187921830948095E-017
       343   2.25442818271397964800E+018   1.00747250211619311672E-017
       344   2.49115202130116864000E+018   1.09302876388137228850E-017
       345   2.27469569910502374400E+018   1.01818941212987282772E-017
       346   2.50436586859927449600E+018   1.09743211268783934882E-017
       347   2.08600099093450291200E+018   9.52378185632381235764E-018
       348   2.18173091332621465600E+018   9.85797957958872161222E-018
       349   2.28566979379773209600E+018   1.02618077668674385504E-017
       350   2.30979791174629171200E+018   1.03581787674561945884E-017
       351   2.23691860774185318400E+018   1.00605990619250656223E-017
       352   2.08974963319229260800E+018   9.55337268956176009534E-018
       353   2.10492559967824076800E+018   9.61140377226048883079E-018
       354   2.26676951700214784000E+018   1.01438947837879890358E-017
       355   2.19747257321587404800E+018   9.91299621543184573875E-018
       356   2.35101276868801587200E+018   1.05161785365127690802E-017
       357   2.29932619347737062400E+018   1.02097224655691915267E-017
       358   2.32026583970657689600E+018   1.03648908172761816355E-017
       359   2.16045047642285644800E+018   9.57474198812754466141E-018
       360   2.20199526088383488000E+018   9.77651987383950593462E-018
       361   2.27258047265916134400E+018   1.02362948801686382093E-017
       362   2.25910732368999782400E+018   1.00408039384517310742E-017
       363   2.26312816616332825600E+018   1.00824377305011572855E-017
       364   2.25235403264432102400E+018   9.98465814085901036994E-018
       365   2.26011911738439936000E+018   1.00695275429139407005E-017
       366   2.26623094738219571200E+018   1.01761188323660708725E-017
       367   2.26670468567358182400E+018   1.01688766891482035127E-017
       368   2.17366845342770790400E+018   9.11747935278376183698E-018
       369   2.17366845592305664000E+018   9.11747936325048234251E-018
       370   2.17366847767969792000E+018   9.11747945450628317777E-018
       371   2.17366850705817600000E+018   9.11747957773579979299E-018
       372   2.17366847861660057600E+018   9.11747945843603999944E-018
       373   2.17366844979338035200E+018   9.11747933753756267757E-018
       374   2.17366844701477145600E+018   9.11747932588122606028E-018
       375   2.17366833748430028800E+018   9.11747886645570379283E-018
       376   2.17366844992297369600E+018   9.11747933808069032933E-018
       377   2.17366844992644480000E+018   9.11747933809562784198E-018
       378   2.29596569426343782400E+018   1.03652118616440212635E-017
       379   2.22907054034887270400E+018   9.70775902988943746939E-018
       380   2.22773057793553100800E+018   9.70403876473724760987E-018
       381   2.25118828680932070400E+018   1.01093021238546777094E-017
       382   2.11874375101824179200E+018   9.34252711394637258993E-018
       383   2.24186534802357171200E+018   9.87107866084226465635E-018
       384   2.24445263493188096000E+018   9.92875881538925243563E-018
       385   2.27259203223909606400E+018   1.02796560713508703476E-017
       386   2.26111233467257472000E+018   1.01408217136728264414E-017
       387   2.17366844992310425600E+018   9.11747933808152387181E-018
       388   2.17366844992224819200E+018   9.11747933807793239765E-018
       389   2.17366844991616025600E+018   9.11747933805239610733E-018
       390   2.26507422105281996800E+018   1.01703073938889721731E-017
       391   2.25105086785645875200E+018   1.00471106418961763534E-017
       392   2.17366844992683494400E+018   9.11747933809717166742E-018
       393   2.17366844992304486400E+018   9.11747933808127427129E-018
       394   2.17366844989441843200E+018   9.11747933796120101335E-018
       395   2.17366844992292710400E+018   9.11747933808078277396E-018
       396   2.15414889544141440000E+018   9.11323772808383227415E-018
       397   2.16568345209055206400E+018   9.16911789953755806966E-018
       398   2.16852143602216345600E+018   9.17059784071039624381E-018
       399   2.16392635019517926400E+018   9.15036099646117385534E-018
       400   2.16593674127948953600E+018   9.16822641502637814100E-018
       401   2.16939377387612953600E+018   9.10412339037815300453E-018
       402   2.15928896802379110400E+018   9.10479034471137832075E-018
       403   2.16356155610166835200E+018   9.10095604126557381498E-018
       404   2.17366844990314265600E+018   9.11747933799742544448E-018
       405   2.17366844797676544000E+018   9.11747932991923709301E-018
       406   2.17366844988316518400E+018   9.11747933791363824744E-018
       407   2.17366844983783526400E+018   9.11747933772397882949E-018
       408   2.17366844992130944000E+018   9.11747933807402969321E-018
       409   2.17366844952298086400E+018   9.11747933640306822155E-018
       410   2.17366845002535116800E+018   9.11747933851063647086E-018
       411   2.17366844990985907200E+018   9.11747933802616802297E-018
       412   2.17366844989481420800E+018   9.11747933796236581578E-018
       413   2.17366844893127782400E+018   9.11747933392115773933E-018
       414   2.17366844717973734400E+018   9.11747932657443758074E-018
       415   2.17366844971705472000E+018   9.11747933721826814469E-018
       416   2.17366844808045235200E+018   9.11747933035145891336E-018
       417   2.17366844988658892800E+018   9.11747933792814897401E-018
       418   2.17366844991184076800E+018   9.11747933803397959483E-018
       419   2.17366844982775859200E+018   9.11747933768158063732E-018
       420   2.17366873962263347200E+018   9.11748055322819593254E-018
       421   2.17366879924774502400E+018   9.11748080332627533366E-018
       422   2.17366879833246924800E+018   9.11748079949021577415E-018
       423   2.17366844966366054400E+018   9.11747933699324248999E-018
       424   2.17366844972391219200E+018   9.11747933724601848408E-018
       425   2.17366844990358016000E+018   9.11747933799962870834E-018
       426   2.17366844986514432000E+018   9.11747933783824194198E-018
       427   2.17366843627308313600E+018   9.11747928082944447435E-018
       428   2.17366844945073920000E+018   9.11747933610009016717E-018
       429   2.17366844972318208000E+018   9.11747933724287690715E-018
       430   2.17366845072651161600E+018   9.11747934145114476920E-018
       431   2.17366844975619507200E+018   9.11747933738138362578E-018
       432   2.17366844975886848000E+018   9.11747933739265416781E-018
       433   2.17366844994322278400E+018   9.11747933816593969239E-018
       434   2.17366844990906035200E+018   9.11747933802265512676E-018
       435   2.17366844993375155200E+018   9.11747933812617463164E-018
       436   2.17366844988276147200E+018   9.11747933791229317797E-018
       437   2.17366844990724556800E+018   9.11747933801455235429E-018
       438   2.17366844942445107200E+018   9.11747933598990848542E-018
       439   2.17366844857653760000E+018   9.11747933243333217572E-018
       440   2.17366844991469209600E+018   9.11747933804598353099E-018
       441   2.17366844988281216000E+018   9.11747933791304506102E-018
       442   2.17366844987700505600E+018   9.11747933788802337918E-018
       443   2.17366844990917555200E+018   9.11747933802320363160E-018
       444   2.17366844898148198400E+018   9.11747933413190840129E-018
       445   2.17366844991321497600E+018   9.11747933803995305914E-018
       446   2.17366844992316441600E+018   9.11747933808175036117E-018
       447   2.17366844984697241600E+018   9.11747933776216924992E-018
       448   2.17366844988676659200E+018   9.11747933792909345006E-018
       449   2.17366844991346534400E+018   9.11747933804111786157E-018
       450   2.17366844860837043200E+018   9.11747933256685766914E-018
       451   2.17366844992331161600E+018   9.11747933808239439214E-018
       452   2.17366844992018048000E+018   9.11747933806925954992E-018
       453   2.17366844953476736000E+018   9.11747933645264165832E-018
       454   2.17366844949566873600E+018   9.11747933628863870872E-018
       455   2.17366844988847001600E+018   9.11747933793624866499E-018
       456   2.17366844991338188800E+018   9.11747933804074192005E-018
       457   2.17366844990297216000E+018   9.11747933799662887986E-018
       458   2.17366844991444889600E+018   9.11747933804457837250E-018
       459   2.17366844989786035200E+018   9.11747933797459315981E-018
       460   2.17366844990551936000E+018   9.11747933800777616238E-018
       461   2.17366844991448166400E+018   9.11747933804638258367E-018
       462   2.17366844986771404800E+018   9.11747933784917814257E-018
       463   2.17366844990653235200E+018   9.11747933801200396379E-018
       464   2.17366844991359385600E+018   9.11747933804158162550E-018
       465   2.17366844989241164800E+018   9.11747933795207210541E-018
       466   2.17366844575872563200E+018   9.11747932061410656671E-018
       467   2.17366844891788185600E+018   9.11747933386510701498E-018
       468   2.17366844999204224000E+018   9.11747933837087712740E-018
       469   2.17366844999836646400E+018   9.11747933839726390838E-018
       470   2.17366844991850700800E+018   9.11747933806258504711E-018
       471   2.17366844990076953600E+018   9.11747933798712248965E-018
       472   2.17366844995171174400E+018   9.11747933820145846279E-018
       473   2.17366844967427763200E+018   9.11747933703795179809E-018
       474   2.17366844991524787200E+018   9.11747933804855041042E-018
       475   2.17366844991477862400E+018   9.11747933804669689544E-018
       476   2.17366844990335334400E+018   9.11747933799867806932E-018
       477   2.17366844983540403200E+018   9.11747933771363735606E-018
       478   2.17366844991734323200E+018   9.11747933805775327406E-018
       479   2.17366844991089868800E+018   9.11747933803111843330E-018
       480   2.17366844749306521600E+018   9.11747932788825152202E-018
       481   2.17366844978020096000E+018   9.11747933748277690400E-018
       482   2.17366844991311027200E+018   9.11747933803938144314E-018
       483   2.17366845150887014400E+018   9.11747934473254266771E-018
       484   2.17366844991166566400E+018   9.11747933803370996464E-018
       485   2.17366844991641702400E+018   9.11747933805374271755E-018
       486   2.17366844701827584000E+018   9.11747932589629761765E-018
       487   2.17366844261662054400E+018   9.11747930743407740726E-018
       488   2.17366844989788672000E+018   9.11747933797619091129E-018
       489   2.17366844559874867200E+018   9.11747931994310332962E-018
       490   2.17366844853062732800E+018   9.11747933224075458872E-018
       491   2.17366844987394995200E+018   9.11747933787521979691E-018
       492   2.17366844992114124800E+018   9.11747933807324083230E-018
       493   2.17366844992220902400E+018   9.11747933807767047117E-018
       494   2.17366844615801856000E+018   9.11747932228723278362E-018
       495   2.17366844992201164800E+018   9.11747933807642400931E-018
       496   2.17366846418052710400E+018   9.11747939788444971754E-018
       497   2.17366846482513920000E+018   9.11747940058754169830E-018
       498   2.17366846168642355200E+018   9.11747938742413870687E-018
       499   2.17366846111245926400E+018   9.11747938501481729463E-018
       500   2.17366846173734502400E+018   9.11747938763397570766E-018
       501   2.17366844582165171200E+018   9.11747932087861994824E-018
       502   2.17366844987561625600E+018   9.11747933788246437499E-018
       503   2.17366844986733875200E+018   9.11747933784769594689E-018
       504   2.17366844988705868800E+018   9.11747933792975288847E-018
       505   2.17366844988515072000E+018   9.11747933792261308098E-018
       506   2.17366844988581043200E+018   9.11747933792497195998E-018
       507   2.17366844683720755200E+018   9.11747932513769076074E-018
       508   2.17366844992525312000E+018   9.11747933809053722395E-018
       509   2.17366844991370624000E+018   9.11747933804214553779E-018
       510   2.17366844990498201600E+018   9.11747933800549277983E-018
       511   2.17366844989295180800E+018   9.11747933795504882273E-018
       512   2.17366844983595980800E+018   9.11747933771598236836E-018
       513   2.17366844987069363200E+018   9.11747933786165046489E-018
       514   2.17366844990671129600E+018   9.11747933801275430610E-018
       515   2.17366844994162560000E+018   9.11747933815927751552E-018
       516   2.17366844992246579200E+018   9.11747933807843159869E-018
       517   2.17366844991213132800E+018   9.11747933803515518247E-018
       518   2.17366845058407628800E+018   9.11747934085359033722E-018
       519   2.17366845009825945600E+018   9.11747933881624149369E-018
       520   2.17366844992448000000E+018   9.11747933808729549866E-018
       521   2.17366844950294553600E+018   9.11747933631916238723E-018
       522   2.17366844991600896000E+018   9.11747933805175515784E-018
       523   2.17366844895770828800E+018   9.11747933403215601538E-018
       524   2.17366845015027763200E+018   9.11747933903438772663E-018
       525   2.17366844992196915200E+018   9.11747933807672137290E-018
       526   2.17366844990810982400E+018   9.11747933801861221462E-018
       527   2.17366844986652160000E+018   9.11747933784418921364E-018
       528   2.17366844987252940800E+018   9.11747933786939270327E-018
       529   2.17366844990695065600E+018   9.11747933801378044157E-018
       530   2.17366844990231680000E+018   9.11747933799433933434E-018
       531   2.17366844443686553600E+018   9.11747931506891668553E-018
       532   2.17366844983518182400E+018   9.11747933771278840614E-018
       533   2.17366844990357504000E+018   9.11747933799960713792E-018
       534   2.17366844880838374400E+018   9.11747933340581432333E-018
       535   2.17366898028170444800E+018   9.11748156268424954482E-018
       536   2.17366898384764928000E+018   9.11748157763242106017E-018
       537   2.17366897063729561600E+018   9.11748152222559363136E-018
       538   2.17366892973916160000E+018   9.11748135067499391250E-018
       539   2.17366893805463142400E+018   9.11748138555201980949E-018
       540   2.17366909443499622400E+018   9.11748204149377753116E-018
       541   2.17366844844225996800E+018   9.11747933187010397832E-018
       542   2.17366844911617280000E+018   9.11747933469683603927E-018
       543   2.17366844893138713600E+018   9.11747933392171086641E-018
       544   2.17366844932997862400E+018   9.11747933559363068081E-018
       545   2.17366844971813785600E+018   9.11747933722175638901E-018
       546   2.17366844974447436800E+018   9.11747933733222773062E-018
       547   2.17366876079381811200E+018   9.11748064203278869038E-018
       548   2.17366868791263232000E+018   9.11748033632918597921E-018
       549   2.17366844937365580800E+018   9.11747933577653855874E-018
       550   2.17366866454822912000E+018   9.11748023833124675052E-018
       551   2.16725469055882598400E+018   9.06885322423637410922E-018
       552   2.17364682990607334400E+018   9.11731380489632256676E-018
       553   2.17316199352415692800E+018   9.11524587463494728124E-018
       554   2.16771267580254464000E+018   9.07847189945508281324E-018
       555   2.17366844979737830400E+018   9.11747933755451240183E-018
       556   2.17366844977765478400E+018   9.11747933747050950063E-018
       557   2.17005396074802022400E+018   9.09516614548933670759E-018
       558   2.17352587980904704000E+018   9.11668764134714417146E-018
       559   2.17320681637808025600E+018   9.11520939778110933545E-018
       560   2.17366844991881472000E+018   9.11747933806353876761E-018
       561   2.17366844990526028800E+018   9.11747933800664371557E-018
       562   2.17366844991743923200E+018   9.11747933805777638522E-018
       563   2.17366844991376358400E+018   9.11747933804236124195E-018
       564   2.17366855306549657600E+018   9.11747977071237322465E-018
       565   2.17366869051506688000E+018   9.11748034724938594944E-018
       566   2.17366868521910272000E+018   9.11748032503652656517E-018
       567   2.17366867922635980800E+018   9.11748029989471292148E-018
       568   2.15859150946813056000E+018   9.01555976082486876047E-018
       569   2.17404463831152179200E+018   9.12019296481943883974E-018
       570   2.17392566183964620800E+018   9.11961796635179219754E-018
       571   2.17162623770016665600E+018   9.10469959219161330714E-018
       572   2.17366844956230553600E+018   9.11747933656814352895E-018
       573   2.17366844982049536000E+018   9.11747933765113707751E-018
       574   2.17404770510344294400E+018   9.11989120226936882426E-018
       575   2.17397985774983782400E+018   9.11962094850594206049E-018
       576   2.17142136986987443200E+018   9.10311773041624985071E-018
       577   2.17366844987683635200E+018   9.11747933788775837122E-018
       578   2.17366844987382169600E+018   9.11747933787580836110E-018
       579   2.17366844721777868800E+018   9.11747932673469806327E-018
       580   2.17366867568544972800E+018   9.11748028504184104201E-018
       581   2.17366844969289369600E+018   9.11747933711589957555E-018
       582   2.17366868016391782400E+018   9.11748030382680088877E-018
       583   2.17366844991879705600E+018   9.11747933806346018967E-018
       584   2.17366844992262246400E+018   9.11747933807950241574E-018
       585   2.17366844990776166400E+018   9.11747933801716853753E-018
       586   2.17366844992067379200E+018   9.11747933807133030980E-018
       587   2.17366844991183590400E+018   9.11747933803425846948E-018
       588   2.19843356417619993600E+018   9.27392139073063349403E-018
       589   2.18832834017820083200E+018   9.30832260217038074002E-018
       590   2.19467253102271104000E+018   9.36412592370095006208E-018
       591   2.19551333284344576000E+018   9.35112816137683441777E-018
       592   2.19163753949151948800E+018   9.32984478539273018563E-018
       593   2.19231625247693312000E+018   9.32827498214540583439E-018
       594   2.20813449927377459200E+018   9.45814418845412231501E-018
       595   2.18718329250196070400E+018   9.36045333086989591054E-018
       596   2.19072955212598246400E+018   9.36919047617576299918E-018
       597   2.08530511801071513600E+018   9.02216784720351429608E-018
       598   2.06572755569225881600E+018   8.95435419710928322653E-018
       599   2.25164596392635366400E+018   9.59960719870690121607E-018
       600   2.01648581119306035200E+018   8.79805764301585309996E-018
       601   2.11773737379917132800E+018   9.12636485265884000979E-018
       602   2.08461529215660032000E+018   9.02149639129465630396E-018
       603   2.02288242705468288000E+018   8.82101699985549562674E-018
       604   2.39813763637432729600E+018   1.14758298658893052697E-017
       605   2.36320052197848422400E+018   1.11500802731160848064E-017
       606   2.36456594298912614400E+018   1.10987073865266754840E-017
       607   2.32725997113186304000E+018   1.09595184497315262589E-017
       608   2.48034378736819814400E+018   1.20877006818598544217E-017
       609   2.37839223146853888000E+018   1.12608381301266100775E-017
       610   2.38319967684034969600E+018   1.13186973012861600072E-017
       611   2.38845929099518464000E+018   1.13871218603793436303E-017
       612   2.39831293025118105600E+018   1.14781738626918429349E-017
       613   2.43975443502402355200E+018   1.18135010715734691988E-017
       614   2.37175700729856358400E+018   1.12717376939328462525E-017
       615   2.37263262713029068800E+018   1.12686724562017703175E-017
       616   2.57530702585926348800E+018   1.25825327863638989628E-017
       617   2.53778528771618611200E+018   1.24061269814754795222E-017
       618   2.67511226976445593600E+018   1.29730555085035123559E-017
       619   2.60815025039889920000E+018   1.27210333387678443687E-017
       620   2.61770370167696076800E+018   1.27655288302777442023E-017
       621   2.56068657580000000000E+018   1.25169945142025339699E-017
       622   2.50149799945936486400E+018   1.22114700755489986699E-017
       623   2.53295438750092236800E+018   1.23832522022144856709E-017
       624   2.42243314327696896000E+018   1.16811776544623811755E-017
       625   2.47267611383090329600E+018   1.20378657648413431296E-017
       626   2.45959281445307750400E+018   1.19517743675957190155E-017
       627   2.49566614748066048000E+018   1.21769605994723426193E-017
       628   2.43517278144328140800E+018   1.17800353081195989762E-017
       629   2.42479089996994611200E+018   1.17000040433818174777E-017
       630   2.41015311809833779200E+018   1.15808411874084873772E-017
       631   2.55345797613614080000E+018   1.24842006793837211217E-017
       632   2.54447180598188902400E+018   1.24407641478647228020E-017
       633   2.50021403137074995200E+018   1.22036220326678967724E-017
       634   2.56648018596877568000E+018   1.25430440987679386397E-017
       635   2.53858513232198246400E+018   1.24106884441807724028E-017
       636   3.09710691407803494400E+018   1.39326570900950097506E-017
       637   3.27943433016960665600E+018   1.41810053822472918634E-017
       638   3.23953869302404454400E+018   1.41341254864742171459E-017
       639   3.36464315094171545600E+018   1.42720675915422476670E-017
       640   3.32574664274829056000E+018   1.42315358158367896324E-017
       641   3.23584061939487027200E+018   1.41218511886614653608E-017
       642   3.02901725831008307200E+018   1.38114538774196128360E-017
       643   2.91722314051334502400E+018   1.36108334209896591084E-017
       644   2.87315252302059929600E+018   1.35167001616593099860E-017
       645   4.96959155427646054400E+018   1.57816042390803584579E-017
       646   3.73622755864461312000E+018   1.45670959129538696029E-017
       647   3.80800138160180377600E+018   1.45877476724608255260E-017
       648   3.62988037341209753600E+018   1.45098350690990317256E-017
       649   3.29636642475876864000E+018   1.42048104841191071389E-017
       650   3.07616089823129088000E+018   1.39021759415691767849E-017
       651   3.11793325501951897600E+018   1.39640041708298121279E-017
       652   2.90988731177052876800E+018   1.35774783391820540355E-017
       653   3.08768775639241830400E+018   1.39029896036525069270E-017
       654   2.75735377257768652800E+018   1.32109532242193786402E-017
       655   2.77852645444509286400E+018   1.32704684671018805644E-017
       656   2.88090981638185523200E+018   1.35181204230633532302E-017
       657   3.08462257933515468800E+018   1.39000049344017697773E-017
       658   2.73323937626243225600E+018   1.31579448256714060883E-017
       659   2.81504362664047155200E+018   1.33808522957068227201E-017
       660   2.49226432572184064000E+018   1.21599767363378784070E-017
       661   3.05309225408028928000E+018   1.38678188524626169073E-017
       662   2.98318754284861542400E+018   1.37424776401110768836E-017
       663   2.93294728493099980800E+018   1.36437942950624357104E-017
       664   3.73211370107657984000E+018   1.45839551796917297591E-017
       665   3.31341223483253657600E+018   1.42319701664615750571E-017
       666   3.43553495530101964800E+018   1.43625374721405326367E-017
       667   4.14410903037395916800E+018   1.48058714949418793150E-017
       668   2.94119083482332774400E+018   1.36389274279467086641E-017
       669   2.61827543864913715200E+018   1.27761727652735293237E-017
       670   2.45183445899014604800E+018   1.19017241283239828791E-017
       671   2.42712248668805222400E+018   1.17182595551121563072E-017
       672   2.40633117253380505600E+018   1.15471063413860472496E-017
       673   2.44208507076854937600E+018   1.18320844281316864462E-017
       674   2.39729271239199641600E+018   1.14672418998241864793E-017
       675   2.80700144991007744000E+018   1.33629306129995604173E-017
       676   2.97468237331670169600E+018   1.37312690702984520933E-017
       677   2.50308817421142476800E+018   1.22274992375786899933E-017
       678   2.47678654700885657600E+018   1.20672612747842390928E-017
       679   5.42343681471317708800E+018   1.65970338280606635833E-017
       680   5.44935208752302899200E+018   1.66238799180154675445E-017
       681   5.30603461854124646400E+018   1.63942522603547296914E-017
       682   6.47492924053545574400E+018   1.69156628674143738920E-017
       683   5.73724929296007168000E+018   1.69913306227244141397E-017
       684   5.80561514898223001600E+018   1.70337224015335354778E-017
       685   6.13060260423531008000E+018   1.71207938532640035014E-017
       686   6.41419214371103539200E+018   1.69649256848136214610E-017
       687   3.48858223611098060800E+018   1.43700932436585083073E-017
       688   3.32029153205115033600E+018   1.42032872556681067868E-017
       689   3.53881489089576960000E+018   1.44089535608828869348E-017
       690   3.48871675187428505600E+018   1.43741019171913080859E-017
       691   3.30483534393847296000E+018   1.41935484378721957404E-017
       692   3.28332156846031052800E+018   1.41666012781975121489E-017
       693   4.55618300357925478400E+018   1.51406243428349357656E-017
       694   4.32768461213904230400E+018   1.49352044865829079303E-017
       695   5.42668551737844633600E+018   1.66120158267177648667E-017
       696   5.29544776418095513600E+018   1.63883073703986299378E-017
       697   5.40423559890397388800E+018   1.65760902932684040574E-017
       698   6.60934976587355443200E+018   1.67552499042648469134E-017
       699   5.74623359066808729600E+018   1.70092971257168898095E-017
       700   6.21325885941968691200E+018   1.71113390300586852782E-017
       701   5.84253359452140134400E+018   1.70769080395916295606E-017
       702   6.57388000022755840000E+018   1.68044838176325152192E-017
       703   5.55300941291289190400E+018   1.68035383309406758583E-017
       704   3.23235069941812172800E+018   1.41020091076858594959E-017
       705   3.25914075425506150400E+018   1.41326351180252160141E-017
       706   3.16787491537161625600E+018   1.40140196314362030481E-017
       707   2.80340580284587315200E+018   1.33330749684135565913E-017
       708   2.69985830424649369600E+018   1.30421502747002085407E-017
       709   2.68836156791975936000E+018   1.30068398506730754199E-017
       710   2.79777451220835276800E+018   1.33185873426634366590E-017
       711   2.26803820953449139200E+018   1.05679011539940273745E-017
       712   2.29513665248946073600E+018   1.06666523551961126365E-017
       713   2.40544023719684659200E+018   1.15398723082227540581E-017
       714   2.41580909019767603200E+018   1.16277833810946570092E-017
       715   2.41896011859414835200E+018   1.16537389950769972732E-017
       716   2.43899611120650393600E+018   1.18090288461497416770E-017
       717   2.39429590246140928000E+018   1.14394586149995396656E-017
       718   2.39757881210613862400E+018   1.14701490835014917721E-017
       719   2.31172669392225587200E+018   1.08349774430597586431E-017
       720   2.43314026955938406400E+018   1.17649914748223691624E-017
       721   2.45693609959003801600E+018   1.19346155400223239457E-017
       722   2.47512732989292185600E+018   1.20565722404084369978E-017
       723   2.21290724274701107200E+018   1.04295975570124328727E-017
       724   2.34257994536697139200E+018   1.11101393800929119571E-017
       725   2.31446105751617075200E+018   1.08919949707336853042E-017
       726   2.31627484503003801600E+018   1.09479968331103438648E-017
       727   2.32321843510619494400E+018   1.09852427308632076447E-017
       728   2.32675952590099148800E+018   1.10153657072281436343E-017
       729   2.23253098961087155200E+018   1.03154957212401040045E-017
       730   2.32198791903580774400E+018   1.07527142131542570899E-017
       731   2.25453184061150489600E+018   1.04199941603755389969E-017
       732   2.27730952416600268800E+018   1.05230910833128224332E-017
       733   2.38195329719997286400E+018   1.13227059673456721336E-017
       734   2.39716676217188403200E+018   1.14660924006141609157E-017
       735   2.39970910041232435200E+018   1.14887030930616463936E-017
       736   2.41142194492981196800E+018   1.15914782123842837486E-017
       737   2.36361645305186867200E+018   1.11152651284194354342E-017
       738   7.17530583673857536000E+018   1.57102488435041132364E-017
       739   7.26177519288670208000E+018   1.55300753500223154286E-017
       740   2.42957465838548992000E+018   1.17367274365010741646E-017
       741   2.54295457884538675200E+018   1.24285823845028443783E-017
       742   2.51497936831054950400E+018   1.22859550700444785289E-017
       743   2.49462237151169331200E+018   1.21701238374469277175E-017
       744   2.44574129141518643200E+018   1.18565119147730458692E-017
       745   2.35320351357330892800E+018   1.10053906508023307278E-017
       746   2.35340164361903923200E+018   1.10097175195255484540E-017
       747   2.36105009193882572800E+018   1.11053727285518935635E-017
       748   2.35954152376594585600E+018   1.10795925385718090230E-017
       749   3.21456371302634854400E+018   1.41139242137128106753E-017
       750   3.07373652123007180800E+018   1.39054538422206866620E-017
       751   3.38753808487618406400E+018   1.43156788585859940879E-017
       752   3.29602337538076620800E+018   1.42136121402925732961E-017
       753   5.10269694752823398400E+018   1.60531912312738983622E-017
       754   5.35162217629831270400E+018   1.64893227216662654523E-017
       755   4.40242937178152038400E+018   1.50096894825356850521E-017
       756   5.54267276220335308800E+018   1.67760985926010317058E-017
       757   4.98607790228094361600E+018   1.57876728072173065249E-017
       758   6.31829507088927641600E+018   1.70417715228016937375E-017
       759   6.61299380066733056000E+018   1.67594136880603559901E-017
       760   6.44229059123480985600E+018   1.69391451989024031923E-017
       761   7.11511144960766054400E+018   1.58302352093877974578E-017
       762   5.91463750424180531200E+018   1.70980162301673985927E-017
       763   6.11121896084974796800E+018   1.71153350565390662300E-017
       764   5.04796867523089305600E+018   1.59037184775004395486E-017
       765   5.47771820640882688000E+018   1.66721397788170329262E-017
       766   5.26694232214157824000E+018   1.63222045392363939554E-017
       767   5.52882594761104691200E+018   1.67205554906313734805E-017
       768   1.02062418517725224960E+019   1.33340469028586561058E-017
       769   9.43786071819134156800E+018   1.36587786412853122372E-017
       770   8.32175907650164838400E+018   1.42651355574122336476E-017
       771   7.63293242191188992000E+018   1.48864009509467976344E-017
       772   2.52427706372062771200E+018   1.23346559583414907294E-017
       773   2.49184447144115507200E+018   1.21527923905798513313E-017
       774   2.46257209283690240000E+018   1.19705143085233094390E-017
       775   2.38279585090627737600E+018   1.13344914678345859723E-017
       776   2.39573542227951923200E+018   1.14553514898061819424E-017
       777   2.37134578965380608000E+018   1.12083525587416171923E-017
       778   2.37933208574710425600E+018   1.12961805294284756313E-017
       779   2.38748802208548300800E+018   1.13758891943444494328E-017
       780   2.36735516568368025600E+018   1.11736855868929465272E-017
       781   2.37356212622714112000E+018   1.12377780362466397762E-017
       782   2.36971692363040972800E+018   1.11983673547681251903E-017
       783   2.38134731083688499200E+018   1.13162525794787358572E-017
       784   5.00701376822191718400E+018   1.58735200043254820658E-017
       785   6.42393526813989068800E+018   1.69653161403447784536E-017
       786   7.19771768930408857600E+018   1.56504510501538343244E-017
       787   7.30765354932077363200E+018   1.54428846509049052959E-017
       788   5.81147099997765734400E+018   1.70413773737299132969E-017
       789   5.39376317146078105600E+018   1.65399252469362981488E-017
       790   5.78510313192515481600E+018   1.70035082981027518863E-017
       791   5.28113510802006118400E+018   1.63324660266794171665E-017
       792   5.47952560661705113600E+018   1.66397158386806851248E-017
       793   2.76077200180421068800E+018   1.32133675297298045934E-017
       794   2.77778346747470643200E+018   1.32604115393922782415E-017
       795   2.69712963920100198400E+018   1.30252573311174121067E-017
       796   2.87546366845380659200E+018   1.34886085867309968542E-017
       797   2.79085028833807820800E+018   1.32877070613808836166E-017
       798   2.74238829372466995200E+018   1.31547502855461851755E-017
       799   2.70891347826031513600E+018   1.30565391559459411260E-017
       800   3.15558184884682137600E+018   1.39854492106626718924E-017
       801   2.98974255267620812800E+018   1.37141163557680483592E-017
       802   2.93812540999071488000E+018   1.36184873911979476972E-017
       803   2.73903548001543833600E+018   1.31443545944359631996E-017
       804   2.49827148793346764800E+018   1.21870027444277559493E-017
       805   3.01310955375544524800E+018   1.37650721986644892019E-017
       806   2.98846080736598579200E+018   1.37164575682934890328E-017
       807   8.80195990515010969600E+018   1.39740124759128724004E-017
       808   2.50278520264170956800E+018   1.22169997841030534887E-017
       809   2.36809068207329331200E+018   1.11674156841669420498E-017
       810   2.36018225614677811200E+018   1.10876696156840622523E-017
       811   2.29671293852037836800E+018   1.05934281770832506453E-017
       812   2.37179699626431488000E+018   1.12196440493949339559E-017
       813   2.36163209679239065600E+018   1.11115428275181225973E-017
       814   2.43508350514231296000E+018   1.17796834747125815861E-017
       815   2.41981737597881958400E+018   1.16603900912091596786E-017
       816   2.47346416329991270400E+018   1.20478995790233907384E-017
       817   2.46313692158285516800E+018   1.19785706763861969950E-017
       818   2.41900900156077158400E+018   1.16533930909093201560E-017
       819   2.44310053131588096000E+018   1.18395473068994475028E-017
       820   5.25869064730884812800E+018   1.63488803481186489384E-017
       821   5.40924241701667430400E+018   1.65804445067207211257E-017
       822   5.66928494682485760000E+018   1.69474644205894184246E-017
       823   5.84447414973193216000E+018   1.71067315730768518630E-017
       824   4.90836121809285120000E+018   1.56894652608782701657E-017
       825   5.11775916898707251200E+018   1.60882322841079809617E-017
       826   6.55444356571738112000E+018   1.68234017550755215189E-017
       827   6.77994343440158822400E+018   1.65210120004228329756E-017
       828   6.19995815840921088000E+018   1.70972148076989817499E-017
       829   5.39838765225782579200E+018   1.65471134253871558142E-017
       830   5.91976852900183142400E+018   1.71020466579006606064E-017
       831   5.59025433602664345600E+018   1.68190019191949731718E-017
       832   6.08178859776391270400E+018   1.71212634568753255340E-017
       833   4.90046690842052505600E+018   1.56413452582365244280E-017
       834   5.20663088607231692800E+018   1.62118760747940796502E-017
       835   5.17073102844780441600E+018   1.61271452764982238881E-017
       836   4.70242101515018444800E+018   1.53351181463330614385E-017
       837   5.20728651837430476800E+018   1.62019737161390630219E-017
       838   5.71373954629745868800E+018   1.69696986666291583410E-017
       839   5.63402601495988838400E+018   1.68938416294559995561E-017
       840   6.55037733048891187200E+018   1.68265135438044701382E-017
       841   6.03455597854423040000E+018   1.71250338368380529071E-017
       842   7.29754576750235340800E+018   1.54645042677685274704E-017
       843   7.74003744385674752000E+018   1.47447458529180094391E-017
       844   5.16629768050239897600E+018   1.61523011393238932346E-017
       845   5.61312720284212531200E+018   1.68534205629183717692E-017
       846   5.53974394431963340800E+018   1.67494052700256028582E-017
       847   6.89258390578579251200E+018   1.63119673435953343924E-017
       848   7.32456580533368524800E+018   1.53811863713396651423E-017
       849   2.30756351303105792000E+018   1.04629009191149493236E-017
       850   2.29565484096908441600E+018   1.04476876897780500456E-017
       851   2.29757939147611929600E+018   1.06291853326700455029E-017
       852   2.30410461946332211200E+018   1.06726558144394094658E-017
       853   2.29208766003137433600E+018   1.05791357879556018818E-017
       854   2.29363300097749350400E+018   1.05953846092320308501E-017
       855   2.30818668504868608000E+018   1.07158378960866050372E-017
       856   2.31352445699280947200E+018   1.07469747746326573702E-017
       857   2.30946311320408934400E+018   1.05576323013835151090E-017
       858   2.22699163865956352000E+018   1.02472427583222167642E-017
       859   2.26990562160468070400E+018   1.03090499813551352318E-017
       860   2.32783074350096793600E+018   1.05398184063916905416E-017
       861   2.31240636404653260800E+018   1.04018744476022187707E-017
       862   2.31560183570237132800E+018   1.04507924630631177696E-017
       863   2.27809804653935334400E+018   1.04291903304116570733E-017
       864   2.27190754521096166400E+018   1.03653641225089470583E-017
       865   2.28571190253279590400E+018   1.05052245572919613031E-017
       866   2.09143472504700185600E+018   9.77338705227267007316E-018
       867   2.10278735833383270400E+018   9.77196410678308324310E-018
       868   2.10234753191736345600E+018   9.78000264658231379911E-018
       869   2.19995811570783513600E+018   1.01368282100396980437E-017
       870   2.18354829549484876800E+018   1.01071578025767348684E-017
       871   2.17552519893426432000E+018   1.00287636744103270428E-017
       872   2.20871403748118476800E+018   1.01179955817329257212E-017
       873   2.67108420218877337600E+018   1.29709804881937606014E-017
       874   2.57186332335142963200E+018   1.25736793145639210504E-017
       875   2.52133820876916684800E+018   1.23286698281743456419E-017
       876   2.53174999513013350400E+018   1.23833380765334616897E-017
       877   2.59957807185994035200E+018   1.26967579962726204802E-017
       878   3.75736349416870912000E+018   1.46169101006042656882E-017
       879   3.87277645472163942400E+018   1.46559003054796208641E-017
       880   3.87104355744113100800E+018   1.46585225352166043575E-017
       881   4.91060167354312704000E+018   1.56857828816400562473E-017
       882   5.08587601207011532800E+018   1.60123362870322450574E-017
       883   4.40082223945826969600E+018   1.50126728897090482496E-017
       884   6.61800808119387238400E+018   1.67473580051985313961E-017
       885   6.88980203260594073600E+018   1.63089387927919911974E-017
       886   6.15658467035257241600E+018   1.71259798451911781684E-017
       887   5.32651370243124940800E+018   1.64519094980405853094E-017
       888   5.84390496533585100800E+018   1.70907839959595377445E-017
       889   5.49776540783869030400E+018   1.67225130406027524568E-017
       890   6.09685263859969126400E+018   1.71410803323125799321E-017
       891   5.68523016886833254400E+018   1.69603310468960359984E-017
       892   2.22016787902248524800E+018   9.45145131180225726392E-018
       893   2.48096639456033177600E+018   1.20827113601114568895E-017
       894   2.58504741129231206400E+018   1.26110142606417703303E-017
       895   2.54975004238160998400E+018   1.24551465228999546393E-017
       896   2.36536386466407475200E+018   1.11618771617017571740E-017
       897   2.46002641006150041600E+018   1.19502427763803207408E-017
       898   3.25634097339811072000E+018   1.41140822186491446707E-017
       899   3.48693173920114432000E+018   1.43492845185969954782E-017
       900   3.66462615571604633600E+018   1.44992126360755709492E-017
       901   4.16016584508379238400E+018   1.47838262656135276882E-017
       902   4.40231476813536563200E+018   1.49677168403406852162E-017
       903   4.26443536903714150400E+018   1.48760094306118294661E-017
       904   2.98476057721159219200E+018   1.36926088300503866320E-017
       905   3.44001736308505856000E+018   1.43000512458819020598E-017
       906   3.20545617487957811200E+018   1.40393805032339973770E-017
       907   2.71362172230058393600E+018   1.30721820153188868180E-017
       908   2.89419813516176435200E+018   1.35318120074769864158E-017
       909   2.41887230343030220800E+018   1.16526135683048090312E-017
       910   2.46718377951818240000E+018   1.19988752800073816559E-017
       911   2.47570181906697216000E+018   1.20548321564920583178E-017
       912   2.50460020392017152000E+018   1.22253525268883722403E-017
       913   2.50615272892284262400E+018   1.22354466516200012467E-017
       914   2.40891655106688256000E+018   1.15716010078352457857E-017
       915   2.40892691525283532800E+018   1.15710120666888216384E-017
       916   2.39100121932121856000E+018   1.14127856431747044228E-017
       917   2.29386050712065433600E+018   1.05086967646923400600E-017
       918   2.28836083541548569600E+018   1.04821258630697061510E-017
       919   2.27545325998234496000E+018   1.02952076999430016951E-017
       920   2.32153317847036313600E+018   1.04604101541951867429E-017
       921   2.30430446401689267200E+018   1.04228217072674782309E-017
       922   2.28781625397719449600E+018   1.04185056997525219895E-017
       923   2.28493284110776985600E+018   1.04432229269296381682E-017
       924   2.27417166667730560000E+018   1.03887636530849311798E-017
       925   2.22874206274577356800E+018   1.02046142696488133557E-017
       926   2.25125994146564096000E+018   1.02633393159434942641E-017
       927   2.23373443098412492800E+018   1.02557942856285013016E-017
       928   2.26864709985747251200E+018   1.03809597100204411957E-017
       929   2.27157349914990848000E+018   1.03426091729817869484E-017
       930   2.28793440674546048000E+018   1.05077107829413512244E-017
       931   2.29258769167271449600E+018   1.05464271553670476549E-017
       932   2.32474655725402368000E+018   1.07833937805537618352E-017
       933   2.32209875827578009600E+018   1.07751918708255031139E-017
       934   2.37078451943452467200E+018   1.12091581743064507418E-017
       935   2.38452432498763008000E+018   1.13474244869745164851E-017
       936   2.38842435109644748800E+018   1.13849385509955810608E-017
       937   2.36608149046938060800E+018   1.11586015058543171645E-017
       938   2.37097415170861568000E+018   1.12105898957986848586E-017
       939   2.36210392534947020800E+018   1.11158382541397656327E-017
       940   2.39265242382032998400E+018   1.14244686795018850035E-017
       941   2.37493702296790784000E+018   1.12516997218273485936E-017
       942   2.41361304993601996800E+018   1.16097360416304564852E-017
       943   2.41548635549830809600E+018   1.16251238833022198058E-017
       944   2.37429532439132211200E+018   1.12448718786697561043E-017
       945   2.39042694117162649600E+018   1.14031866918510591645E-017
       946   2.47315161808498483200E+018   1.20494069108010411597E-017
       947   2.45007185962567833600E+018   1.18924683265956600218E-017
       948   2.42690699978503270400E+018   1.17173160202749470108E-017
       949   3.17993885185132544000E+018   1.40830249178466754723E-017
       950   2.57824045026379161600E+018   1.26121002742219182106E-017
       951   2.64773971640572620800E+018   1.28994390648217516834E-017
       952   3.88200117703082444800E+018   1.46662780158748907398E-017
       953   3.99173549719430963200E+018   1.47382661951571891505E-017
       954   4.31105138703650201600E+018   1.49503077268690700066E-017
       955   4.09851379224174438400E+018   1.47925721371998973106E-017
       956   4.34196570955584665600E+018   1.49753729941468467509E-017
       957   2.17403856839237580800E+018   9.11968566881955348725E-018
       958   2.17366844775958681600E+018   9.11747932900662363328E-018
       959   2.78678400532870758400E+018   1.32610369283856965229E-017
       960   2.66725073055601356800E+018   1.29101089706541407142E-017
       961   2.73535694080010393600E+018   1.31204010086771489141E-017
       962   2.92903207497114368000E+018   1.35885735204828027668E-017
       963   2.43991401240794675200E+018   1.18108735462313465650E-017
       964   2.39997266456272742400E+018   1.14961818620481603283E-017
       965   2.41920861145393510400E+018   1.16551175273830233557E-017
       966   2.53596110124399872000E+018   1.23799783434853827345E-017
       967   3.53231166449124096000E+018   1.43874408425392443410E-017
       968   3.93740259987385753600E+018   1.46336328010016119291E-017
       969   2.76463377714729164800E+018   1.32067621034194240871E-017
       970   2.35764845257455769600E+018   1.10789338601285080987E-017
       971   2.42303512014591744000E+018   1.16858642850453749840E-017
       972   2.44576693205646284800E+018   1.18529976226226411553E-017
       973   2.49547575265726771200E+018   1.21684142991466201406E-017
       974   3.07534660114329804800E+018   1.38544069413689012907E-017
       975   2.53465657808580966400E+018   1.23811490110579458390E-017
       976   2.52232662704879308800E+018   1.23164798816419518117E-017
       977   2.54760251152872652800E+018   1.24443392277012693796E-017
       978   2.59400759222609049600E+018   1.26565866040744921910E-017
       979   2.63784450408508057600E+018   1.28246194760360735867E-017
       980   2.40133196419921152000E+018   1.15060548489339528382E-017
       981   2.39316996982488524800E+018   1.14334610009163426701E-017
       982   2.44273932429090406400E+018   1.18336994666031944697E-017
       983   2.42975234617244262400E+018   1.17376380832379092874E-017
       984   3.01949480076125696000E+018   1.38199438045700660955E-017
       985   3.20762077132115404800E+018   1.41085616368244836277E-017
       986   4.76132753531844505600E+018   1.54411498532073919496E-017
       987   2.17366844779148339200E+018   9.11747932914041413466E-018
       988   2.22167736911067622400E+018   9.45667258964916258744E-018
       989   2.64045165564376780800E+018   1.28486952179721852889E-017
       990   2.29361322575733145600E+018   1.07981791636000029807E-017
       991   2.34506179896588185600E+018   1.10258829886696091421E-017
       992   2.33332971363158937600E+018   1.09644048401197382696E-017
       993   2.33365415859465523200E+018   1.09783351136419717907E-017
       994   2.38754701998123315200E+018   1.13801682250386993601E-017
       995   2.39641181287848140800E+018   1.14619255293023058411E-017
       996   2.37362244611304345600E+018   1.12334536831019330379E-017
       997   2.40425015253659187200E+018   1.15309218770389172532E-017
       998   2.29273311058194406400E+018   1.08009265293722722813E-017
       999   2.29826167077430809600E+018   1.08309687778577722171E-017
      1000   2.30988208899272550400E+018   1.08787067927712231442E-017
      1001   2.30587461283210240000E+018   1.08903216053983874744E-017
      1002   2.32950649005891942400E+018   1.09767796358263002416E-017
      1003   2.31556014161116416000E+018   1.09134896947254066627E-017
      1004   2.27954429997553766400E+018   1.07965048151085545913E-017
      1005   2.29305879049953868800E+018   1.08255588831580245551E-017
      1006   2.22657216903419929600E+018   1.00706227290291638268E-017
      1007   2.30607194283680153600E+018   1.03925798335816525021E-017
      1008   2.24063084893502515200E+018   1.01765327828445692280E-017
      1009   2.26794980526774323200E+018   1.02725534823833916050E-017
      1010   2.25842023353968332800E+018   1.02840011687297960811E-017
      1011   2.29208243503089561600E+018   1.04038751367567204943E-017
      1012   2.28380865829592806400E+018   1.03647649789584641129E-017
      1013   2.28473804859429708800E+018   1.04707351956943047200E-017
      1014   2.29541246041240268800E+018   1.06070554269610255979E-017
      1015   2.30255216773071488000E+018   1.06560505739320041285E-017
      1016   2.29309685229224883200E+018   1.05893709247602051995E-017
      1017   2.29859586360998348800E+018   1.06215019621721218803E-017
      1018   2.29122283173250841600E+018   1.05880241498293501756E-017
      1019   2.29475947931812940800E+018   1.06138733714752761687E-017
      1020   2.29211680858525747200E+018   1.05587092629382167279E-017
      1021   2.29050005267959040000E+018   1.05653634259397947032E-017
      1022   2.47206963881458124800E+018   1.20382494611669685064E-017
      1023   2.42536847850765772800E+018   1.17048216128851595053E-017
      1024   2.39468454050473011200E+018   1.14425966853465586560E-017
      1025   2.43067753964539392000E+018   1.17464397229035273120E-017
      1026   2.33910493681780172800E+018   1.08497087295354891301E-017
      1027   2.39143128250810112000E+018   1.14116998758455816353E-017
      1028   2.18832049382076416000E+018   9.94184890309524450691E-018
      1029   2.16991625230441753600E+018   9.87046073523362575285E-018
      1030   2.16793404171929523200E+018   9.87337255730439894074E-018
      1031   2.26843945808878464000E+018   1.02645259324701623093E-017
      1032   2.28214351395909222400E+018   1.03109412830432754363E-017
      1033   2.28849277983608806400E+018   1.03860959359066316583E-017
      1034   2.31603677534235238400E+018   1.04683128350900851116E-017
      1035   2.31746487173932032000E+018   1.04755769360115588425E-017
      1036   2.37392157488687155200E+018   1.12407956358945792631E-017
      1037   2.37049149020100096000E+018   1.12048149672561166538E-017
      1038   2.33541880334054092800E+018   1.08040946582251718543E-017
      1039   2.34305867106628710400E+018   1.08981621905588283605E-017
      1040   2.70790998174459750400E+018   1.30955680260176742784E-017
      1041   2.67501852579309260800E+018   1.29914619932589114671E-017
      1042   2.72263302713406822400E+018   1.31423154560963229486E-017
      1043   2.73398823832070246400E+018   1.31796666457180053134E-017
      1044   2.87425301204433920000E+018   1.35412735532355898243E-017
      1045   2.71011195811640883200E+018   1.30985164533492810376E-017
      1046   2.65033322057195264000E+018   1.28947695777864742737E-017
      1047   2.76499355309663283200E+018   1.32600621770325198135E-017
      1048   2.51832433373727692800E+018   1.22920982045470479276E-017
      1049   2.32152141307603456000E+018   1.06476999219808113486E-017
      1050   2.31792600360029952000E+018   1.06006436465827930707E-017
      1051   2.32772839623532492800E+018   1.07258152850448770791E-017
      1052   2.27657775472044953600E+018   1.04215432124699351614E-017
      1053   2.27260485896488576000E+018   1.03385050264666223123E-017
      1054   2.26916152115021593600E+018   1.02957612288939644518E-017
      1055   2.26894649654570137600E+018   1.03122226009213409349E-017
      1056   2.39147211724207564800E+018   1.14186855387681401887E-017
      1057   2.46216501874957619200E+018   1.19650684678678837600E-017
      1058   2.42535255125976934400E+018   1.17035529209362090263E-017
      1059   2.43242045028363622400E+018   1.17575374664237705107E-017
      1060   2.40773403565098598400E+018   1.15619138007111566926E-017
      1061   2.32794244290030336000E+018   1.08224345956855394747E-017
      1062   2.34453763545630668800E+018   1.09000669257412891656E-017
      1063   2.30040113960756966400E+018   1.06815560030094983321E-017
      1064   2.29772708091461452800E+018   1.06301102835778106672E-017
      1065   2.30020568279477504000E+018   1.06918269949544898543E-017
      1066   2.29005421848992563200E+018   1.06015765506984670087E-017
      1067   2.29687025663784217600E+018   1.06687995474294738868E-017
      1068   2.35934280416199731200E+018   1.11602500936140161477E-017
      1069   2.42411801295589734400E+018   1.16944444184213136191E-017
      1070   2.39322344852570726400E+018   1.14266204418755349383E-017
      1071   2.44251670807189248000E+018   1.18325197429451845733E-017
      1072   2.42336990212525312000E+018   1.16886105735253460206E-017
      1073   2.40605700204673996800E+018   1.15465118216948801552E-017
      1074   2.38046378868310118400E+018   1.13033457574107482577E-017
      1075   2.30696836888437606400E+018   1.08359847526079133844E-017
      1076   2.30626019847983718400E+018   1.07726251224107168436E-017
      1077   2.30467991864010598400E+018   1.07733727552911803484E-017
      1078   2.29601256602395289600E+018   1.06557556895229150734E-017
      1079   2.26692612917338188800E+018   1.02302190294063029123E-017
      1080   2.23305763313884774400E+018   1.01272537516783931333E-017
      1081   2.24350146759427046400E+018   1.01671880002459233337E-017
      1082   2.27366153432402560000E+018   1.02808503831706760188E-017
      1083   2.22624500233257088000E+018   1.00855737270886040933E-017
      1084   2.54693687134014361600E+018   1.11363381051927032753E-017
      1085   2.42069771740393932800E+018   1.07098802659096892752E-017
      1086   2.44388390588719820800E+018   1.07900467928561708715E-017
      1087   2.30880732139589580800E+018   1.04599740904547204652E-017
      1088   2.30825558897507430400E+018   1.04495768644117885269E-017
      1089   2.28442608619125350400E+018   1.03355154217387916531E-017
      1090   2.27570742130622745600E+018   1.03753496156732077914E-017
      1091   2.27516566241554201600E+018   1.03503339442941571971E-017
      1092   2.29819135177654220800E+018   1.03424920963617965541E-017
      1093   2.19686549351816832000E+018   9.84863844940249293694E-018
      1094   2.19534271336423424000E+018   9.84610809407672533306E-018
      1095   2.27366050649861427200E+018   1.02794536055521485373E-017
      1096   2.28458912961291929600E+018   1.03184655977005942433E-017
      1097   2.29171120396603212800E+018   1.05177038255153756861E-017
      1098   2.30233758253425382400E+018   1.05530248709956896564E-017
      1099   2.31193857877141145600E+018   1.06257044981521462273E-017
      1100   2.41440547820032870400E+018   1.16153774721693185617E-017
      1101   2.31723880283270451200E+018   1.05680703640377735870E-017
      1102   2.31278263480320972800E+018   1.05091502288401924236E-017
      1103   2.33395185433362022400E+018   1.07815429469571866597E-017
      1104   2.36518560132024371200E+018   1.11451043429327734856E-017
      1105   2.26235426970925414400E+018   9.86198137310477402785E-018
      1106   2.23149593827577676800E+018   9.53860501453608731641E-018
      1107   2.21586245483574937600E+018   9.40702818231765388514E-018
      1108   2.28108759319048857600E+018   1.00910533682090181173E-017
      1109   2.26374469531028556800E+018   9.87850536264853106430E-018
      1110   2.24690576949981056000E+018   9.69127891275734379085E-018
      1111   2.17366844992105804800E+018   9.11747933807293884649E-018
      1112   2.17366844991728870400E+018   9.11747933805713081350E-018
      1113   2.17366844991984896000E+018   9.11747933806786671739E-018
      1114   2.17366844953542988800E+018   9.11747933645541653819E-018
      1115   2.17366844991962188800E+018   9.11747933806691453762E-018
      1116   2.17366844991841868800E+018   9.11747933806187014191E-018
      1117   2.17366844987646361600E+018   9.11747933788590023401E-018
      1118   2.17366844991467520000E+018   9.11747933804619153142E-018
      1119   2.17366844916636595200E+018   9.11747933490737870079E-018
      1120   2.34404820976202752000E+018   1.09211112732877801027E-017
      1121   2.33388149288943257600E+018   1.07987778174046510322E-017
      1122   2.34789248466134425600E+018   1.09678694310955208490E-017
      1123   2.25201904090145689600E+018   1.00540663624025434199E-017
      1124   2.25046499963462656000E+018   1.00275825290458868090E-017
      1125   2.24654737315371008000E+018   9.98962703151477312256E-018
      1126   2.25119049215286502400E+018   1.00352663858364159573E-017
      1127   2.25470559105082649600E+018   1.01129379000356857881E-017
      1128   2.29701655207407513600E+018   1.06095404829218438773E-017
      1129   2.32047071979001344000E+018   1.07586323788291586464E-017
      1130   2.33281537114874009600E+018   1.08185223695989092727E-017
      1131   2.27424066281161088000E+018   1.02777223602545565632E-017
      1132   2.27603150965240115200E+018   1.03186839880879142741E-017
      1133   2.39658847250395801600E+018   1.14639669314544869099E-017
      1134   2.38810249956371916800E+018   1.13857362755052680520E-017
      1135   2.37687021273483110400E+018   1.12529998623030980733E-017
      1136   2.31278539381208268800E+018   1.09169042688072766542E-017
      1137   2.30627310457911142400E+018   1.08254957124101246448E-017
      1138   2.29953263150951731200E+018   1.07474500672616755781E-017
      1139   2.28753310438020096000E+018   1.05881052114653797399E-017
      1140   2.29074746351831142400E+018   1.05822878841590370537E-017
      1141   2.29237179017573529600E+018   1.05886932908942846653E-017
      1142   2.28148928037068876800E+018   1.03570681695025153341E-017
      1143   2.28103126510187520000E+018   1.04005101393899446854E-017
      1144   2.38497104258539417600E+018   1.13565337145678206531E-017
      1145   2.38355944561852364800E+018   1.13433371024208473555E-017
      1146   2.36823956657446860800E+018   1.11946028999355446866E-017
      1147   2.30333892163008409600E+018   1.07801913895644677341E-017
      1148   2.35843031401855846400E+018   1.10769827353950869949E-017
      1149   2.34372808121589862400E+018   1.09756133249617914573E-017
      1150   2.33167768224505446400E+018   1.09111442500002673376E-017
      1151   2.28322893035217689600E+018   1.05020269465310363103E-017
      1152   2.28477047322931328000E+018   1.05667406769619733369E-017
      1153   2.28556900731847654400E+018   1.05529570657388547561E-017
      1154   2.28027329441020057600E+018   1.05014036505836236972E-017
      1155   2.27824328262236416000E+018   1.04495548793997111913E-017
      1156   2.27906941138867302400E+018   1.04296907875403531502E-017
      1157   2.45070399426184908800E+018   1.08082796431798301910E-017
      1158   2.26569395473445401600E+018   1.01649528570497042196E-017
      1159   2.43781677422565120000E+018   1.07397272804695438174E-017
      1160   2.04944170986097945600E+018   9.39977113449644729373E-018
      1161   2.24249749976268262400E+018   1.00672013752690113548E-017
      1162   2.42283365792062976000E+018   1.06851352656408379887E-017
      1163   2.15874692736514304000E+018   9.75209038500651316693E-018
      1164   2.26185100999404288000E+018   1.01181697155220340612E-017
      1165   2.31093199589159833600E+018   1.02951523027844499465E-017
      1166   2.34110233216025651200E+018   1.04124574659162436637E-017
      1167   2.15187775172662809600E+018   9.76009845167609669263E-018
      1168   2.08357172004563456000E+018   9.52980688364530100295E-018
      1169   2.13098027443992652800E+018   9.68565476085747257432E-018
      1170   2.33519279068518348800E+018   1.04031053491844899128E-017
      1171   2.25608132594464102400E+018   1.01179338658019328187E-017
      1172   2.31658527697599129600E+018   1.05654013863537205777E-017
      1173   2.32101269081536563200E+018   1.06224427435324038128E-017
      1174   2.30379901518330188800E+018   1.04842086023888974601E-017
      1175   2.28168693963605017600E+018   1.03142914480407668488E-017
      1176   2.30477615431382323200E+018   1.04974148033815851857E-017
      1177   2.32725531590045900800E+018   1.07020318684307864116E-017
      1178   2.29304000489874841600E+018   1.05124741382036747920E-017
      1179   2.17463471553779276800E+018   9.11884999053544235637E-018
      1180   2.17366844333804390400E+018   9.11747921108650760726E-018
      1181   2.17411025721864396800E+018   9.11752395076169666248E-018
      1182   2.17286500861982592000E+018   9.14741689605512395653E-018
      1183   2.16955927436377651200E+018   9.10143367871333943083E-018
      1184   2.17406552828555520000E+018   9.11850228241853213558E-018
      1185   2.17366855954028774400E+018   9.11748097222631781841E-018
      1186   2.17366846642912281600E+018   9.11747977349236065473E-018
      1187   2.17428666474284748800E+018   9.11834206740207355378E-018
      1188   2.17366844990996659200E+018   9.11747933802641762349E-018
      1189   2.17366844990158361600E+018   9.11747933799125630569E-018
      1190   2.17366844996873369600E+018   9.11747933827301061209E-018
      1191   2.17366844995992294400E+018   9.11747933823563524521E-018
      1192   2.17366844991393536000E+018   9.11747933804335502180E-018
      1193   2.17366844991372083200E+018   9.11747933804264165735E-018
      1194   2.17366844991052134400E+018   9.11747933802915090327E-018
      1195   2.17366844993270092800E+018   9.11747933812177888913E-018
      1196   2.17366846184947712000E+018   9.11747938810668827916E-018
      1197   2.17366844633712179200E+018   9.11747932303810202438E-018
      1198   2.17366844988941926400E+018   9.11747933794021608067E-018
      1199   2.22016430622049561600E+018   9.63215553114077074590E-018
      1200   2.22218704768047488000E+018   9.64181836048745600276E-018
      1201   2.22319540264733772800E+018   9.65278595651886423366E-018
      1202   2.28609135953901977600E+018   1.03558810640788806550E-017
      1203   2.30036891787350144000E+018   1.04737716240185914194E-017
      1204   2.30872888492232960000E+018   1.05137053258903117811E-017
      1205   2.24064765719310489600E+018   9.90785411357787776945E-018
      1206   2.23190337542011238400E+018   9.77191556303226713029E-018
      1207   2.23007056355283609600E+018   9.75243506721525440959E-018
      1208   2.18711479082486886400E+018   9.68272014878079641284E-018
      1209   2.16781790882888678400E+018   9.59147023448757226669E-018
      1210   2.19750107817249689600E+018   9.68542692156090704170E-018
      1211   2.08892849465498214400E+018   9.17842331328318162692E-018
      1212   2.09736798189973427200E+018   9.21842785661905505994E-018
      1213   2.21394977591629900800E+018   9.64831412558437948944E-018
      1214   2.11675983228838476800E+018   9.30971505741321910635E-018
      1215   2.24909991010650649600E+018   1.00351597603695160881E-017
      1216   2.24528946263286553600E+018   1.00148027613923438714E-017
      1217   2.17366844992939571200E+018   9.11747933810791527502E-018
      1218   2.17366844802036070400E+018   9.11747933010044244888E-018
      1219   2.17366844991220505600E+018   9.11747933803580691716E-018
      1220   2.18929985987568742400E+018   9.20879833617947894000E-018
      1221   2.17371054175434265600E+018   9.11762879964739030937E-018
      1222   2.16924186520361907200E+018   9.08753513906424630169E-018
      1223   2.17352524567859148800E+018   9.11668037988752211139E-018
      1224   2.13469044078158361600E+018   9.01145767141878455825E-018
      1225   2.24694067518643891200E+018   1.00355924670318655113E-017
      1226   2.25077985138453376000E+018   1.00571031253874412790E-017
      1227   2.29113138523484953600E+018   1.06491974180588568727E-017
      1228   2.29885933120318464000E+018   1.06582332018725933971E-017
      1229   2.31719286195190220800E+018   1.08155269220447313232E-017
      1230   2.28126930749216051200E+018   1.04628131170139190976E-017
      1231   2.27267661781252556800E+018   1.04033486737580584034E-017
      1232   2.27598569896103347200E+018   1.04002102391007321372E-017
      1233   2.27703969098705331200E+018   1.04190076967436677369E-017
      1234   2.27118511887823897600E+018   1.03693134971623790492E-017
      1235   2.27211099316106624000E+018   1.03532573174579379840E-017
      1236   2.26917322793775180800E+018   1.03078229734289255239E-017
      1237   2.26764750756870323200E+018   1.02896860936590724467E-017
      1238   2.26455528655413836800E+018   1.02669601564170016196E-017
      1239   2.25787922881817267200E+018   1.01871085286680942895E-017
      1240   2.08529022818155468800E+018   8.90206507288696351499E-018
      1241   2.09045207391456512000E+018   9.16684011068810130857E-018
      1242   2.05827610139638092800E+018   9.05950125996887684604E-018
      1243   2.20532216483455897600E+018   9.54463908040411646961E-018
      1244   2.10540065671479603200E+018   9.22530881312492205834E-018
      1245   2.22515307498241510400E+018   9.65991008300345318940E-018
      1246   2.27383130084399872000E+018   1.01881199820480818801E-017
      1247   8.80098272659795968000E+017   5.81033470688182221567E-018
      1248   2.24825856839203788800E+018   9.77234693409139875956E-018
      1249   2.25826191737991475200E+018   9.77600808678228327492E-018
      1250   2.17366845224098201600E+018   9.11747934780599251751E-018
      1251   2.17366845209621299200E+018   9.11747934719717678795E-018
      1252   2.17366845306555596800E+018   9.11747935126041288073E-018
      1253   2.17366845654597632000E+018   9.11747936586148097555E-018
      1254   2.17366844980922624000E+018   9.11747933760381312691E-018
      1255   2.17366844988198963200E+018   9.11747933790903450450E-018
      1256   2.17359744586321996800E+018   9.11658008086984942860E-018
      1257   2.17366840953814681600E+018   9.11747880142125272038E-018
      1258   2.17366831067847065600E+018   9.11747680442525451277E-018
      1259   2.17366844871337113600E+018   9.11747933300728395105E-018
      1260   2.17366844677207244800E+018   9.11747932486463703546E-018
      1261   2.17366844990063334400E+018   9.11747933798839822565E-018
      1262   2.17366844987408384000E+018   9.11747933787726590488E-018
      1263   2.17366844988679782400E+018   9.11747933792943395447E-018
      1264   2.17366847269109760000E+018   9.11747943358100040596E-018
      1265   2.17366846304432947200E+018   9.11747939312234449250E-018
      1266   2.17366850226015436800E+018   9.11747955761138956628E-018
      1267   2.17366846253118259200E+018   9.11747939096395172234E-018
      1268   2.17366850413658112000E+018   9.11747956548139413523E-018
      1269   2.17366846505589145600E+018   9.11747940155657412019E-018
      1270   2.17366845959333478400E+018   9.11747937864484714440E-018
      1271   2.17366844922226278400E+018   9.11747933514124206282E-018
      1272   2.17366844873572352000E+018   9.11747933310117226547E-018
      1273   2.17366844990254284800E+018   9.11747933799529921783E-018
      1274   2.17366844991504742400E+018   9.11747933804773227538E-018
      1275   2.17366844990709427200E+018   9.11747933801439365767E-018
      1276   2.17366844988272230400E+018   9.11747933791213139985E-018
      1277   2.17366844982420121600E+018   9.11747933766662925798E-018
      1278   2.17366844982684774400E+018   9.11747933767777654050E-018
      1279   2.17366844817160140800E+018   9.11747933073453716451E-018
      1280   2.25331546628630579200E+018   9.77421063560442100304E-018
      1281   2.19763288190901145600E+018   9.27527366745832069305E-018
      1282   2.17223525144992716800E+018   9.10867585414695803856E-018
      1283   2.16729834713169843200E+018   9.07470402760804659010E-018
      1284   2.17366844887850240000E+018   9.11747933369992847774E-018
      1285   2.17366844788765696000E+018   9.11747932954361912410E-018
      1286   2.17366844850237440000E+018   9.11747933212222977845E-018
      1287   2.17366844946519244800E+018   9.11747933616051968585E-018
      1288   2.17366844988646553600E+018   9.11747933792753729866E-018
      1289   2.17366844988884377600E+018   9.11747933793777092001E-018
      1290   2.17366844987263616000E+018   9.11747933786940811071E-018
      1291   2.17366844922991001600E+018   9.11747933517400444229E-018
      1292   2.17366844988931840000E+018   9.11747933793934710108E-018
      1293   2.17366844992550374400E+018   9.11747933809158801132E-018
      1294   2.17366844992035020800E+018   9.11747933806997291437E-018
      1295   2.20240254561594496000E+018   9.51680442568352667517E-018
      1296   2.21295373228684646400E+018   9.63076267136431012580E-018
      1297   2.21032676491225907200E+018   9.59459153553061726008E-018
      1298   2.21944653185014425600E+018   9.66951639570193840351E-018
      1299   2.24102611024793216000E+018   9.86876868124642149451E-018
      1300   2.23949284387234304000E+018   9.83528024421137524858E-018
      1301   2.22973044590157849600E+018   9.77112797191361565227E-018
      1302   2.22680344273838233600E+018   9.71767210003202179699E-018
      1303   2.22853799598551321600E+018   9.63406390862317919625E-018
      1304   2.25010940327443456000E+018   9.60994603479879219030E-018
      1305   2.21262411415006412800E+018   9.63052464964119224867E-018
      1306   2.21682373138338048000E+018   9.60405167905455990710E-018
      1307   2.22005515631747379200E+018   9.63996153863866814973E-018
      1308   2.21288988208767180800E+018   9.59720475605335848457E-018
      1309   2.21436002311397964800E+018   9.59252633533541080298E-018
      1310   2.17366844991378022400E+018   9.11747933804235970120E-018
      1311   2.17366844989970227200E+018   9.11747933798345243755E-018
      1312   2.17366844987888332800E+018   9.11747933789601521808E-018
      1313   2.17366844990975692800E+018   9.11747933802557637730E-018
      1314   2.17139516387646336000E+018   9.09756186223796000144E-018
      1315   2.17348828978844569600E+018   9.11614445255466903065E-018
      1316   2.17358855041296153600E+018   9.11688887123637489554E-018
      1317   2.17366844898235059200E+018   9.11747933413552144586E-018
      1318   2.17366844959901388800E+018   9.11747933672211315391E-018
      1319   2.17366844992380646400E+018   9.11747933808447131499E-018
      1320   2.17366844992993996800E+018   9.11747933811019557608E-018
      1321   2.17366844648640665600E+018   9.11747932366625409058E-018
      1322   2.17366844683333324800E+018   9.11747932512143899350E-018
      1323   2.17366844991647667200E+018   9.11747933805372576936E-018
      1324   2.17366844962156160000E+018   9.11747933681667169195E-018
      1325   2.17366844984640486400E+018   9.11747933775979958571E-018
      1326   2.17366844981426892800E+018   9.11747933762506768978E-018
      1327   2.17366844980373606400E+018   9.11747933758079287147E-018
      1328   2.17366844977903692800E+018   9.11747933747720865535E-018
      1329   2.17366844981627750400E+018   9.11747933763352329261E-018
      1330   2.17366844954001612800E+018   9.11747933647513035710E-018
      1331   2.17366844866161945600E+018   9.11747933279020545367E-018
      1332   2.17366844989449164800E+018   9.11747933795997458116E-018
      1333   2.17366844983725644800E+018   9.11747933772147203908E-018
      1334   2.17366844828683212800E+018   9.11747933121815974396E-018
      1335   2.17366844976229068800E+018   9.11747933740702160520E-018
      1336   2.17366844988774809600E+018   9.11747933793320877716E-018
      1337   2.17366844991276902400E+018   9.11747933803813035904E-018
      1338   2.17366844989068953600E+018   9.11747933794551161765E-018
      1339   2.17366843676714675200E+018   9.11747928289790401983E-018
      1340   2.17366844825027788800E+018   9.11747933106483414997E-018
      1341   2.17366844991014758400E+018   9.11747933802713406943E-018
      1342   2.17366845004556211200E+018   9.11747933859518325467E-018
      1343   2.17366844992617984000E+018   9.11747933809442452095E-018
      1344   2.17366844847691673600E+018   9.11747933201547162978E-018
      1345   2.17366844965895449600E+018   9.11747933697344084868E-018
      1346   2.17366844989649459200E+018   9.11747933796984150545E-018
      1347   2.17366845000855628800E+018   9.11747933843954808549E-018
      1348   2.17366844990105728000E+018   9.11747933798886353032E-018
      1349   2.17366844985290700800E+018   9.11747933778680112353E-018
      1350   2.17366844991319603200E+018   9.11747933803994073319E-018
      1351   2.17366844990177228800E+018   9.11747933799212066305E-018
      1352   2.17366844832888780800E+018   9.11747933139456260091E-018
      1353   2.17366844980588441600E+018   9.11747933758986631263E-018
      1354   2.17366844992097996800E+018   9.11747933807263377918E-018
      1355   2.17366844991604710400E+018   9.11747933805239148510E-018
      1356   2.17366844980940236800E+018   9.11747933760461893600E-018
      1357   2.37889750477693132800E+018   1.10406744172522191111E-017
      1358   2.34576353378752563200E+018   1.09141255114802683216E-017
      1359   2.30029353524637593600E+018   1.08378827804122367563E-017
      1360   2.21172760908617420800E+018   1.04733496666617799215E-017
      1361   2.24713329166546099200E+018   1.06149094379053311744E-017
      1362   2.21872743220261683200E+018   1.04963301211662965078E-017
      1363   2.29538732151942809600E+018   1.08486839586389503937E-017
      1364   2.31021295642006988800E+018   1.09073584729178200879E-017
      1365   2.29635435710755891200E+018   1.08535537154893379952E-017
      1366   2.34018752141270016000E+018   1.10291706852738578141E-017
      1367   2.36350179435817369600E+018   1.10939142968511520582E-017
      1368   2.27344099930290022400E+018   1.07218582966403216297E-017
      1369   2.28609824339738470400E+018   1.07875088759561100985E-017
      1370   2.32494723341033164800E+018   1.09005046544679077257E-017
      1371   2.27981811305254553600E+018   1.07264234212342233532E-017
      1372   2.28166423387783705600E+018   1.07708328867556156570E-017
      1373   2.29068119619722419200E+018   1.08154629259946430459E-017
      1374   2.29179699017722214400E+018   1.07543681264608840280E-017
      1375   2.28336891234244531200E+018   1.07575659110201584963E-017
      1376   2.40518336214258329600E+018   1.11275016344225225902E-017
      1377   2.29783002831674752000E+018   1.08232336925123096633E-017
      1378   2.39958754020450508800E+018   1.11122556619609938829E-017
      1379   2.39040189821310003200E+018   1.10728923759741056064E-017
      1380   2.29831175597204275200E+018   1.08392059288222979330E-017
      1381   2.46621224320544512000E+018   1.19969505384842315181E-017
      1382   2.45022388351067750400E+018   1.18889290866426728968E-017
      1383   2.42880794467020185600E+018   1.17311160856548504769E-017
      1384   2.42029052445730662400E+018   1.16643438707683309099E-017
      1385   2.49908772254789734400E+018   1.21994789394482755919E-017
      1386   2.44415902720243814400E+018   1.18468622207561112395E-017
      1387   2.48118889343793561600E+018   1.20943775753791835149E-017
      1388   2.45839248265076684800E+018   1.19456653721043651695E-017
      1389   2.48115444445731584000E+018   1.20932898838954139109E-017
      1390   2.38126705850657689600E+018   1.13172325422058785064E-017
      1391   2.40003207254941798400E+018   1.14923318915031632400E-017
      1392   2.38684537686579712000E+018   1.13709825597816303367E-017
      1393   2.39067224952693299200E+018   1.13949137508746063497E-017
      1394   2.39594935612177203200E+018   1.14431691326271370499E-017
      1395   2.38339184503294361600E+018   1.13349697037599434254E-017
      1396   2.34286167964785766400E+018   1.10574035107205765820E-017
      1397   2.38235526879817881600E+018   1.11436041481700483736E-017
      1398   2.39694340873427916800E+018   1.12051516415227689049E-017
      1399   2.33457644231295948800E+018   1.10160585766253897642E-017
      1400   2.39466505231876864000E+018   1.11230297887358058209E-017
      1401   2.25545113444212966400E+018   1.07027183081470944950E-017
      1402   2.35979884365288345600E+018   1.09996579291845087019E-017
      1403   2.17366844631988864000E+018   9.11747932296779017397E-018
      1404   2.17366844993596390400E+018   9.11747933813546377695E-018
      1405   2.17366844989219558400E+018   9.11747933795186872721E-018
      1406   2.17366844988125644800E+018   9.11747933790606549090E-018
      1407   2.17366844992402227200E+018   9.11747933808564382114E-018
      1408   2.17366844987054489600E+018   9.11747933786123754551E-018
      1409   2.17366844965831424000E+018   9.11747933697088321371E-018
      1410   2.17366844986975846400E+018   9.11747933785774005673E-018
      1411   4.98152018332318208000E+018   1.57684541571334577684E-017
      1412   4.36857864203642009600E+018   1.49705184414735867022E-017
      1413   5.34211124297610240000E+018   1.64670239240694948428E-017
      1414   5.04717420218648883200E+018   1.59135744595504598382E-017
      1415   4.73220634188361932800E+018   1.53822494318268079300E-017
      1416   4.01131808849672192000E+018   1.47040265252496763858E-017
      1417   2.17366844987093811200E+018   9.11747933786385989172E-018
      1418   2.17366844987159347200E+018   9.11747933786560863611E-018
      1419   2.17366844992376012800E+018   9.11747933808418781811E-018
      1420   2.17366844991456870400E+018   9.11747933804563994508E-018
      1421   2.17366844989858457600E+018   9.11747933797861296079E-018
      1422   2.17366844984939033600E+018   9.11747933777232737482E-018
      1423   2.17366844989412710400E+018   9.11747933796001618124E-018
      1424   2.17366844991018572800E+018   9.11747933802734206987E-018
      1425   2.17366844991152640000E+018   9.11747933803295500010E-018
      1426   2.17366844990743552000E+018   9.11747933801583425326E-018
      1427   2.17366844980791500800E+018   9.11747933759433447010E-018
      1428   2.17366844782935219200E+018   9.11747932929925405127E-018
      1429   2.17366844991316761600E+018   9.11747933803984366632E-018
      1430   2.17366844710455833600E+018   9.11747932625930613803E-018
      1431   2.17366844989412582400E+018   9.11747933795997149967E-018
      1432   2.17366844988413312000E+018   9.11747933791806018259E-018
      1433   2.17366844992609433600E+018   9.11747933809406398686E-018
      1434   2.17366844992092492800E+018   9.11747933807238109718E-018
      1435   2.17366844876324326400E+018   9.11747933321630435754E-018
      1436   2.17366844933256192000E+018   9.11747933560489660061E-018
      1437   2.17366844972443852800E+018   9.11747933724826026653E-018
      1438   2.17366845067132518400E+018   9.11747934122006553150E-018
      1439   2.17366844944186060800E+018   9.11747933606318010497E-018
      1440   2.17366844922842828800E+018   9.11747933516793545185E-018
      1441   2.39256942581085388800E+018   1.14245048280442495408E-017
      1442   2.16725144196922931200E+018   9.07482707764514256029E-018
      1443   2.31434921250879846400E+018   1.05489847794643623373E-017
      1444   2.19965760320461619200E+018   9.28475292653540064808E-018
      1445   2.16461062496649881600E+018   9.04510365030620763958E-018
      1446   2.16820114653541017600E+018   9.06714358650793634921E-018
      1447   2.23748362850953420800E+018   9.60518555684830017611E-018
      1448   2.17366844992337408000E+018   9.11747933808265323713E-018
      1449   2.17366863499679744000E+018   9.11748011437444660300E-018
      1450   2.17366860008049868800E+018   9.11747996791655393648E-018
      1451   2.17366853631085772800E+018   9.11747970043402321078E-018
      1452   2.17366853852459827200E+018   9.11747970971998226005E-018
      1453   2.17366844990806707200E+018   9.11747933801845351799E-018
      1454   2.17366844986372915200E+018   9.11747933783238403346E-018
      1455   2.17366844330187161600E+018   9.11747931030893460566E-018
      1456   2.17366844986753024000E+018   9.11747933784870513418E-018
      1457   2.17366844986870988800E+018   9.11747933785278502417E-018
      1458   2.17366844950275686400E+018   9.11747933631806999976E-018
      1459   4.97594440081441587200E+018   1.57802034094571638286E-017
      1460   4.41212423465856307200E+018   1.50230603687640889214E-017
      1461   4.00593690614933555200E+018   1.47511745321726503464E-017
      1462   5.08329117203741081600E+018   1.60115990875350976381E-017
      1463   4.78801727715171942400E+018   1.54981252664359535387E-017
      1464   2.17366844991322803200E+018   9.11747933804016568181E-018
      1465   2.17366844990191052800E+018   9.11747933799274004212E-018
      1466   2.17366844803418112000E+018   9.11747933015836825863E-018
      1467   2.17366844990760038400E+018   9.11747933801653066953E-018
      1468   2.17366844991107814400E+018   9.11747933803108607768E-018
      1469   2.17366844986176307200E+018   9.11747933782247550908E-018
      1470   2.17366844986071449600E+018   9.11747933781897802030E-018
      1471   2.17366844062774067200E+018   9.11747929909146657814E-018
      1472   2.17366844986438451200E+018   9.11747933783529912102E-018
      1473   2.17366844990808243200E+018   9.11747933801848279212E-018
      1474   2.17366844981573990400E+018   9.11747933763113668022E-018
      1475   2.17366844672041472000E+018   9.11747932464779581265E-018
      1476   2.17366844992837299200E+018   9.11747933810361968087E-018
      1477   2.17366844783917363200E+018   9.11747932934045354464E-018
      1478   2.17366844992695449600E+018   9.11747933809767703144E-018
      1479   2.17366844992114944000E+018   9.11747933807332557322E-018
      1480   2.17366844533995187200E+018   9.11747931885743350881E-018
      1481   2.17366844987460889600E+018   9.11747933787811177331E-018
      1482   2.17366844957886924800E+018   9.11747933663711493212E-018
      1483   2.17366844953872972800E+018   9.11747933646936181173E-018
      1484   2.17366844986000000000E+018   9.11747933781721540922E-018
      1485   2.17366844930514969600E+018   9.11747933548950874504E-018
      1486   2.17366844993403187200E+018   9.11747933812734251556E-018
      1487   2.17366845360563609600E+018   9.11747935352804593808E-018
      1488   2.36831742987635251200E+018   1.11856292770685463031E-017
      1489   2.17068444354135193600E+018   9.09701745396500049813E-018
      1490   2.29884806769490176000E+018   1.03377927462730611889E-017
      1491   2.15562493782690201600E+018   8.98749169420293594676E-018
      1492   2.21112919413131545600E+018   9.37692527277615244807E-018
      1493   2.16431143746494771200E+018   9.04973050106328918555E-018
      1494   2.17447514671918105600E+018   9.10995928009115192277E-018
      1495   2.17366844992343142400E+018   9.11747933808289359318E-018
      1496   2.17366866845779404800E+018   9.11747929902660587985E-018
      1497   2.38150880178888755200E+018   1.13201733766848094413E-017
      1498   2.36738436910951884800E+018   1.12256097277619903316E-017
      1499   2.38484739275980339200E+018   1.13436865890306572689E-017
      1500   2.37920870047724851200E+018   1.13035452055079782427E-017
      1501   2.36017821938653542400E+018   1.11544433047639526044E-017
      1502   2.34211053770542643200E+018   1.10702436371421874216E-017
      1503   2.31646802300640716800E+018   1.09355310187815813590E-017
      1504   2.33382868505813964800E+018   1.10248662599778429162E-017
      1505   2.30055207623837081600E+018   1.07855216410022150236E-017
      1506   2.30036173262160102400E+018   1.07755622659686203148E-017
      1507   2.30206786243450726400E+018   1.08153590801885678994E-017
      1508   2.29865481748652160000E+018   1.07622936176205825146E-017
      1509   2.30077142263765708800E+018   1.08091535357167573657E-017
      1510   2.29907936951313638400E+018   1.08153600510891587840E-017
      1511   2.30132389716698393600E+018   1.08012622320658867335E-017
      1512   2.30010395304685337600E+018   1.07922562440040032061E-017
      1513   2.30144601063978163200E+018   1.07731740568084508521E-017
      1514   2.30205454928035916800E+018   1.07408426634536750884E-017
      1515   2.30032576940007680000E+018   1.07697379113308576189E-017
      1516   2.30032599312416844800E+018   1.07697999609745359107E-017
      1517   2.30265823862085120000E+018   1.07723146258682893887E-017
      1518   2.30636809294167449600E+018   1.08534950889583969469E-017
      1519   2.30285340947222912000E+018   1.07799485194485961530E-017
      1520   2.17366846273748992000E+018   9.11747939183185433322E-018
      1521   2.17366848371884032000E+018   9.11747947984044791909E-018
      1522   2.17366852543158681600E+018   9.11747965480320847596E-018
      1523   2.17366844979412992000E+018   9.11747933753977980812E-018
      1524   2.17366844992089395200E+018   9.11747933807211146698E-018
      1525   2.17366799760418406400E+018   9.11747744082331148604E-018
      1526   2.17366844990128128000E+018   9.11747933798976178405E-018
      1527   2.17366844990396825600E+018   9.11747933800112785221E-018
      1528   2.17366800447825510400E+018   9.11747746965692329195E-018
      1529   2.17366845343924224000E+018   9.11747935283155725522E-018
      1530   2.17366845669126963200E+018   9.11747936646796401876E-018
      1531   2.17366846319558656000E+018   9.11747939375243481459E-018
      1532   2.17366846511140044800E+018   9.11747940178739297216E-018
      1533   2.17366846592437452800E+018   9.11747940520276163908E-018
      1534   2.17366846666584883200E+018   9.11747940830541474982E-018
      1535   2.17366847412292812800E+018   9.11747943958929632007E-018
      1536   2.17366848285567027200E+018   9.11747947621625143867E-018
      1537   2.17366848526299955200E+018   9.11747948631154788033E-018
      1538   2.17366872809616179200E+018   9.11748050488088320381E-018
      1539   2.17366844833202534400E+018   9.11747933140751409460E-018
      1540   3.10684038133673523200E+018   1.39001827665376474156E-017
      1541   3.18391742245636864000E+018   1.40158678274058371737E-017
      1542   2.47230643008344678400E+018   1.20289103253929165883E-017
      1543   2.17366844989148748800E+018   9.11747933794893052848E-018
      1544   2.17366845489774592000E+018   9.11747935894681161473E-018
      1545   2.17366845453451264000E+018   9.11747935742251510094E-018
      1546   2.17366844982025139200E+018   9.11747933765041909082E-018
      1547   2.17366844990902835200E+018   9.11747933802254419319E-018
      1548   2.17366844990902528000E+018   9.11747933802236084466E-018
      1549   2.17366844990705305600E+018   9.11747933801437208725E-018
      1550   2.17366844811086745600E+018   9.11747933048007405579E-018
      1551   2.17366844992894617600E+018   9.11747933810602632293E-018
      1552   2.17366844992060441600E+018   9.11747933807103910919E-018
      1553   2.17366844988834252800E+018   9.11747933793568167121E-018
      1554   2.17366851192252006400E+018   9.11747959813882583066E-018
      1555   2.17366852394103603200E+018   9.11747964855651633110E-018
      1556   2.17366852757540044800E+018   9.11747966379117223679E-018
      1557   2.17366852554339123200E+018   9.11747965527417384382E-018
      1558   2.17366844989477888000E+018   9.11747933796041831542E-018
      1559   2.17366844683651379200E+018   9.11747932513478029541E-018
      1560   2.17366844988204441600E+018   9.11747933791046277415E-018
      1561   2.17366844991368985600E+018   9.11747933804214553779E-018
      1562   2.17366844664900224000E+018   9.11747932435020265838E-018
      1563   2.17366844828606745600E+018   9.11747933121495191505E-018
      1564   2.17366844982046412800E+018   9.11747933765098454386E-018
      1565   2.17366844989189708800E+018   9.11747933795193806069E-018
      1566   2.17366844991852313600E+018   9.11747933806231079468E-018
      1567   2.17366844990545561600E+018   9.11747933800749728772E-018
      1568   2.17366844991117286400E+018   9.11747933803147742664E-018
      1569   2.17366844994212172800E+018   9.11747933816129280862E-018
      1570   2.24637536479073638400E+018   9.70405512136860091914E-018
      1571   2.20081988054754432000E+018   9.29935632247985604509E-018
      1572   2.17366844931169356800E+018   9.11747933551695247637E-018
      1573   2.17437987496265420800E+018   9.12194354015961168467E-018
      1574   2.17428613343668633600E+018   9.12139624518986569803E-018
      1575   2.16888880279614259200E+018   9.08817950153725484652E-018
      1576   2.17366844991832064000E+018   9.11747933806145876327E-018
      1577   2.17366844992425472000E+018   9.11747933808634948188E-018
      1578   2.17366844991312384000E+018   9.11747933803846624123E-018
      1579   2.17366844990853452800E+018   9.11747933802046881108E-018
      1580   2.17366844993018265600E+018   9.11747933811070864381E-018
      1581   2.17366837196174131200E+018   9.11747901107272328502E-018
      1582   2.17366844991127526400E+018   9.11747933803216459845E-018
      1583   2.17366844991773184000E+018   9.11747933805898895071E-018
      1584   2.17366844992656000000E+018   9.11747933809602073168E-018
      1585   2.17366844700808140800E+018   9.11747932585442173768E-018
      1586   2.17366844991034163200E+018   9.11747933802799842679E-018
      1587   2.17366844954960128000E+018   9.11747933651486152148E-018
      1588   2.17366844989692416000E+018   9.11747933797172891679E-018
      1589   2.17366844996386816000E+018   9.11747933825249714706E-018
      1590   2.17366844987271065600E+018   9.11747933787014612706E-018
      1591   2.17366844991457587200E+018   9.11747933804575087865E-018
      1592   2.17366844990249190400E+018   9.11747933799506040251E-018
      1593   2.17366844978466636800E+018   9.11747933750084520837E-018
      1594   2.17366844990688870400E+018   9.11747933801313024762E-018
      1595   2.17366844992112844800E+018   9.11747933807314376543E-018
      1596   2.17366844992284083200E+018   9.11747933808041761765E-018
      1597   2.17429578754265420800E+018   9.11875999928800588898E-018
      1598   2.17366844954300364800E+018   9.11747933648718821929E-018
      1599   2.17366844944805427200E+018   9.11747933608891977349E-018
      1600   2.17366844928739379200E+018   9.11747933541503072297E-018
      1601   2.17366844945116851200E+018   9.11747933610198528223E-018
      1602   2.17366844989604889600E+018   9.11747933796803883502E-018
      1603   2.17366844990803558400E+018   9.11747933801831793252E-018
      1604   2.17366844990122828800E+018   9.11747933798976486554E-018
      1605   2.17366844990684416000E+018   9.11747933801331975913E-018
      1606   2.17366844990065561600E+018   9.11747933798736130497E-018
      1607   2.17366844991436236800E+018   9.11747933804485570641E-018
      1608   2.17366844992051891200E+018   9.11747933807068011585E-018
      1609   2.17366844985782784000E+018   9.11747933780771980422E-018
      1610   2.17366844890129945600E+018   9.11747933379555166985E-018
      1611   2.17366844903663385600E+018   9.11747933436321258761E-018
      1612   2.44625563819070976000E+018   1.18565797222717803214E-017
      1613   2.50308513108853913600E+018   1.22128985909508774872E-017
      1614   2.30903895140028825600E+018   1.04879505188617908364E-017
      1615   2.32628347518314444800E+018   1.07100058620095378536E-017
      1616   2.32581482426957414400E+018   1.07039666755921124737E-017
      1617   2.35120769636841932800E+018   1.10080690539357456232E-017
      1618   2.34024606710837043200E+018   1.08807684761281914362E-017
      1619   2.37002572068971008000E+018   1.12112257701515861034E-017
      1620   2.34490959838218598400E+018   1.09356095244787065084E-017
      1621   2.17702754696018252800E+018   9.21915954403198931351E-018
      1622   2.17272175942693657600E+018   9.11599701264719501445E-018
      1623   2.16618168298474880000E+018   9.09647066626834766495E-018
      1624   2.16788244037590886400E+018   9.10069269896127231519E-018
      1625   2.17248980478650137600E+018   9.11637299391847673338E-018
      1626   2.17417906464603136000E+018   9.11842025575392571645E-018
      1627   2.16863249523397376000E+018   9.13564864965044775905E-018
      1628   2.17079339345024409600E+018   9.15284633515857056959E-018
      1629   2.16463222328435968000E+018   9.08799227886283897857E-018
      1630   2.19320289863343385600E+018   9.38652055880158257881E-018
      1631   2.18873134329068108800E+018   9.34049635589070329012E-018
      1632   2.25423775321365939200E+018   9.79284521722773883355E-018
      1633   2.19814090524292019200E+018   9.39684824940602537774E-018
      1634   2.17993712052866150400E+018   9.26218190014784112702E-018
      1635   2.16230878165828377600E+018   9.13041398062539712040E-018
      1636   2.16389202593138816000E+018   9.12649956182622405111E-018
      1637   2.16555288145106099200E+018   9.14918138772773169038E-018
      1638   2.12247234897217024000E+018   9.68933178136538927092E-018
      1639   2.08839839901081830400E+018   9.57577593290933414240E-018
      1640   2.17358237594132326400E+018   9.23315549978144437985E-018
      1641   2.17359544879953715200E+018   9.24071787510771649585E-018
      1642   2.17238053125667584000E+018   9.23030399552471396917E-018
      1643   2.26334357964938854400E+018   9.34865051282085139522E-018
      1644   2.22177003940397414400E+018   9.28433153072206161309E-018
      1645   2.19686278943110912000E+018   9.26494829469268254906E-018
      1646   2.22466515088194867200E+018   9.29831792717787066744E-018
      1647   2.25392727509491302400E+018   9.32019350609129425275E-018
      1648   2.25267592232155238400E+018   9.32698704260144088215E-018
      1649   2.17514519718437964800E+018   9.21439766240780479464E-018
      1650   2.17252682973987942400E+018   9.25960623968908265254E-018
      1651   2.17561401377919232000E+018   9.22189083634553739019E-018
      1652   2.17572339222536345600E+018   9.22782943544171408132E-018
      1653   2.17514022564261401600E+018   9.21758590735331881681E-018
      1654   2.20253670759006720000E+018   9.43113386387672232766E-018
      1655   2.20091377362443468800E+018   9.39679282027457752496E-018
      1656   2.19644825140034918400E+018   9.37995184846936473006E-018
      1657   2.22862654012374297600E+018   9.76926162892381238548E-018
      1658   2.22630111529659878400E+018   9.73726731002744073386E-018
      1659   2.21797778574982323200E+018   9.67620819415772481596E-018
      1660   2.22327284153985382400E+018   9.72012477941004364570E-018
      1661   2.24490708313445683200E+018   9.85190483658185344451E-018
      1662   2.23874162345701862400E+018   9.86386614435919754992E-018
      1663   2.23407429796396595200E+018   9.80939563908447242964E-018
      1664   2.23562080538897305600E+018   9.83121412437504108982E-018
      1665   2.21029608391521382400E+018   9.50715323492818210150E-018
      1666   2.22656585710372454400E+018   9.47781511160304359859E-018
      1667   2.31777556708720588800E+018   9.40625977929079500810E-018
      1668   2.23531645242122035200E+018   9.75913775030115882109E-018
      1669   2.23140994604496563200E+018   9.71126788160233222722E-018
      1670   2.21140018666083532800E+018   9.52918849188416544058E-018
      1671   2.22040135012372582400E+018   9.59212136604984161274E-018
      1672   2.22358853434628172800E+018   9.63155892614720762186E-018
      1673   2.22035359509637273600E+018   9.59367704734057723937E-018
      1674   2.22289643445252480000E+018   9.62862683567551297805E-018
      1675   2.22986857111108249600E+018   9.75346424811519623754E-018
      1676   2.23088228508838451200E+018   9.71882083458526671568E-018
      1677   2.19244726227994828800E+018   9.35291680149014193503E-018
      1678   2.19893934714964172800E+018   9.40855746274289687855E-018
      1679   2.19244370091509606400E+018   9.34677252742699631962E-018
      1680   2.19368747735845555200E+018   9.35667141941601398589E-018
      1681   2.19109239863255859200E+018   9.33505678449944159910E-018
      1682   2.20573132822881536000E+018   9.46971757707366226351E-018
      1683   2.20999529664576102400E+018   9.51135075906104497029E-018
      1684   2.20519424121641779200E+018   9.47694397889151439693E-018
      1685   2.34195039642929049600E+018   9.48805971984665664135E-018
      1686   2.39070606650344448000E+018   9.41182506756800689822E-018
      1687   2.16559926114163814400E+018   9.10891228273798016449E-018
      1688   2.17035374761173836800E+018   9.10880826200199620376E-018
      1689   2.16982506082628736000E+018   9.11012629561252962507E-018
      1690   2.17185286976332800000E+018   9.11440214197788263610E-018
      1691   2.17288349214820275200E+018   9.11619420499411812947E-018
      1692   2.23037083571527142400E+018   9.56925309226263870560E-018
      1693   2.25683711001318144000E+018   9.79085222029667043466E-018
      1694   2.16585223578635187200E+018   9.14509161292635944660E-018
      1695   2.17643420284831692800E+018   9.20176145195839951421E-018
      1696   2.16357913544042675200E+018   9.13177828555802359235E-018
      1697   2.15427488611612236800E+018   9.09211911366057173461E-018
      1698   2.17005354492953574400E+018   9.15101109982035669557E-018
      1699   2.17234805002051686400E+018   9.17576072540752669948E-018
      1700   2.17440890799075174400E+018   9.19299867538658251334E-018
      1701   2.16392761875483289600E+018   9.08946688163480154838E-018
      1702   2.16447894176513024000E+018   9.09021174693862767747E-018
      1703   2.16942135891739136000E+018   9.10846960009698944764E-018
      1704   2.17602123831153382400E+018   9.16929361634875469593E-018
      1705   2.16612579480770073600E+018   9.14734601933105162631E-018
      1706   2.16220114800318003200E+018   9.10602340532205816665E-018
      1707   2.16589109126117683200E+018   9.13590964855185464209E-018
      1708   2.17301849136753971200E+018   9.15502354004342955673E-018
      1709   2.17510925637373619200E+018   9.15600322427670650505E-018
      1710   2.16184285277788185600E+018   9.09855668800047035052E-018
      1711   2.17486581287279385600E+018   9.12960679582599359306E-018
      1712   2.17006101454025292800E+018   9.12296986847481971534E-018
      1713   2.16561322406787737600E+018   9.13557405727428279327E-018
      1714   2.17146804328412697600E+018   9.12288290352818463049E-018
      1715   2.17392530653176294400E+018   9.15297201001907616390E-018
      1716   2.17392219511279820800E+018   9.11800767385321434156E-018
      1717   2.17366845050362188800E+018   9.11747935535290461973E-018
      1718   2.17366845117452083200E+018   9.11747937428874335907E-018
      1719   2.17110389165699174400E+018   9.11542473462446145180E-018
      1720   2.16683635394659174400E+018   9.10320992557139648495E-018
      1721   2.16991096204693760000E+018   9.11102860405762920619E-018
      1722   2.17086115204115020800E+018   9.10996066528204141855E-018
      1723   2.16959596654769689600E+018   9.10751558374966569343E-018
      1724   2.17161134210701440000E+018   9.11059992945848155996E-018
      1725   2.17366844984984934400E+018   9.11747933642449842923E-018
      1726   2.17366844985267763200E+018   9.11747933678778274278E-018
      1727   2.17366844982948556800E+018   9.11747933696103015611E-018
      1728   2.16924454915262412800E+018   9.13806129855739314247E-018
      1729   2.16683989773368448000E+018   9.11643890756470854279E-018
      1730   2.16890419446039296000E+018   9.11740619173325225700E-018
      1731   2.17177848790952345600E+018   9.11852381591800303261E-018
      1732   2.16658493559709670400E+018   9.09890959125661219293E-018
      1733   2.17091075586736409600E+018   9.11654343681806736430E-018
      1734   2.17345652733057612800E+018   9.11489715986880755647E-018
      1735   2.17291442964955366400E+018   9.11433666037616852652E-018
      1736   2.17263690637672320000E+018   9.11479824971381597142E-018
      1737   2.16739422666511436800E+018   9.10308043265761155752E-018
      1738   2.16904142143721113600E+018   9.12262851239578301991E-018
      1739   2.16711875465786265600E+018   9.10781425117680767684E-018
      1740   2.16696463824305664000E+018   9.11351819337170853976E-018
      1741   2.17366844993208115200E+018   9.11747933887255876675E-018
      1742   2.17260586357276902400E+018   9.11763735232389897324E-018
      1743   2.17318338423205632000E+018   9.11714456238714446683E-018
      1744   2.17312296001332710400E+018   9.11785427736714810530E-018
      1745   2.17410320043192934400E+018   9.11766942910727591560E-018
      1746   2.17366844982377497600E+018   9.11747933646767315635E-018
      1747   2.17366844980766003200E+018   9.11747933520150826264E-018
      1748   2.17366844995676825600E+018   9.11747933940195993061E-018
      1749   2.17366844983767910400E+018   9.11747933605588930457E-018
      1750   2.17366844983637990400E+018   9.11747933642953203973E-018
      1751   2.18056594318849433600E+018   9.22272166721278971260E-018
      1752   5.73525313089411840000E+016   2.99868084093997012316E-018
      1753   2.25511304732186163200E+018   9.47884023319242167199E-018
      1754   2.16109860894729702400E+018   9.18156388930243055045E-018
      1755  -7.81177953810167296000E+017   5.42903737124941765368E-019
      1756   1.74461534725118182400E+018   7.93481866180936293306E-018
      1757   1.06040011560224051200E+018   5.88392835573382706445E-018
      1758  -2.10520746553303040000E+016   2.62808516313045625263E-018
      1759   2.22032452862073958400E+018   9.50837544058865251266E-018
      1760   2.21792759424197043200E+018   9.42726184034975141754E-018
      1761   2.19522047436595635200E+018   9.26773500642111847155E-018
      1762   2.17557408218718387200E+018   9.21432229624102394836E-018
      1763   2.19195897545898112000E+018   9.27117506811955693166E-018
      1764   2.20290682149902668800E+018   9.31674557860132485063E-018
      1765   2.15535709005726080000E+018   9.20426975714852670187E-018
      1766   2.17989782116321894400E+018   9.19951047329340652848E-018
      1767   2.17552036048802124800E+018   9.19200031523309183451E-018
      1768   2.17726224280550400000E+018   9.21165770328921493181E-018
      1769   2.21732792750647449600E+018   9.52293306501934529649E-018
      1770   1.93259047292161305600E+018   8.46445331742001884312E-018
      1771   1.99822444591690854400E+018   8.67591598774276099507E-018
      1772   2.17294600582162457600E+018   9.28070186879993220688E-018
      1773   2.13212589432868044800E+018   9.12084818704787514172E-018
      1774   2.12267702181221324800E+018   9.10223936964707014901E-018
      1775   2.16273517574982272000E+018   9.22519878767756017421E-018
      1776   2.22301193636637542400E+018   9.48180092312788925253E-018
      1777   2.24111165709148390400E+018   9.52087207932740708568E-018
      1778   2.25546817017875020800E+018   9.51615227502736340003E-018
      1779   2.34660161515606169600E+018   1.09389672622176923461E-017
      1780   2.31982412418048819200E+018   1.06053201255769474703E-017
      1781   2.33058477068303257600E+018   1.07437671180540826679E-017
      1782   2.32693543321621452800E+018   1.06971234559604594222E-017
      1783   2.29706713010440140800E+018   1.02962274442937463290E-017
      1784   2.30117258727195084800E+018   1.03537221389616470465E-017
      1785   2.23613012039709747200E+018   9.81152122013903068975E-018
      1786   2.24638678143281868800E+018   9.92980812314070203529E-018
      1787   2.24126382402765568000E+018   9.86968290436875882067E-018
      1788   2.27543854284566835200E+018   1.01154002723284101682E-017
      1789   2.21001889969353420800E+018   9.51432284721959502311E-018
      1790   2.25974730182243072000E+018   9.99283792562682058229E-018
      1791   2.21497298175707084800E+018   9.41650031633903383934E-018
      1792  -6.52701695833264128000E+017   7.42143066974444045445E-019
      1793   2.22913379408847206400E+018   9.44422968930146887067E-018
      1794  -1.11940622778738892800E+018  -6.63896143172416722433E-019
      1795   2.26279563775709184000E+018   9.61722447761624083929E-018
      1796   2.23050524814935475200E+018   9.48479219446638177626E-018
      1797   2.21370931674908518400E+018   9.46044247026491064868E-018
      1798   2.22676804875532211200E+018   9.52082374865992386848E-018
      1799   2.21841917457026764800E+018   9.48620092617507534175E-018
      1800   2.20096775539026329600E+018   9.40548873469644842962E-018
      1801   2.18634013712924492800E+018   9.34781998663871148113E-018
      1802   2.08301989368741145600E+018   9.02263753263391940009E-018
      1803   2.24654435671106150400E+018   9.55340816944727418826E-018
      1804   2.15880762938929228800E+018   9.26205933644284303164E-018
      1805   2.25348548422672204800E+018   1.01314950248935532920E-017
      1806   2.25384695883679155200E+018   1.01328477988704861222E-017
      1807   2.25382968093568204800E+018   1.01223798377300544545E-017
      1808   2.25318390394184601600E+018   1.01025869979070417306E-017
      1809   2.25283470960786867200E+018   1.00920218061749496200E-017
      1810   2.25275951910283596800E+018   1.01123248565366308796E-017
      1811   2.25272562798358707200E+018   1.01133123311348653920E-017
      1812   2.25326328048189542400E+018   1.01099189561081047150E-017
      1813   2.25386624311211852800E+018   1.01384438061337301416E-017
      1814   2.25274202495643187200E+018   1.01181767257692906619E-017
      1815   2.25271637334130304000E+018   1.01161737798464616923E-017
      1816   2.25400561839510016000E+018   1.01321784010734801970E-017
      1817   2.25416122086244224000E+018   1.01208849058654633508E-017
      1818   2.25366780149572428800E+018   1.01134427563637062360E-017
      1819   2.25353768511961625600E+018   1.01081954101940158792E-017
      1820   2.28379914807519027200E+018   1.04871934914137113027E-017
      1821   2.27366901900349875200E+018   1.03371778406354684757E-017
      1822   2.27147624309345331200E+018   1.03237786603209145600E-017
      1823   2.26643985869592934400E+018   1.02801186311890591313E-017
      1824   2.26017904659368448000E+018   1.02226504530352128224E-017
      1825   2.26142253433056204800E+018   1.02388069844488886004E-017
      1826   2.25955855003134489600E+018   1.02127981277481776441E-017
      1827   2.25782141639717324800E+018   1.01938298234012062663E-017
      1828   2.26847716286199500800E+018   1.02969151123436119432E-017
      1829   2.10899256037350860800E+018   1.02578025661872701385E-017
      1830   2.16382643153578316800E+018   1.04489978557411632600E-017
      1831   2.36931702948794368000E+018   1.12026285151638694611E-017
      1832   2.37946341287655475200E+018   1.12988345615186008893E-017
      1833   2.37300996432956006400E+018   1.12330832125072824071E-017
      1834   2.38376282976002508800E+018   1.13350633964457782788E-017
      1835   2.31070068868608614400E+018   1.09047687309209492814E-017
      1836   2.19114009709136230400E+018   1.04002912771546801418E-017
      1837   2.18225166227454771200E+018   1.05815544617464867455E-017
      1838   2.24195830065908556800E+018   1.08020126532837050646E-017
      1839   2.23115534957880115200E+018   1.07258196799373876047E-017
      1840   2.23648888395532339200E+018   1.07462873510911553163E-017
      1841   2.35067551058593075200E+018   1.10064190461331621735E-017
      1842   2.35562518956939468800E+018   1.10837356909086618185E-017
      1843   2.35117661191171123200E+018   1.10577843906373134796E-017
      1844   2.40518606314765414400E+018   1.15381138060957010781E-017
      1845   2.42698871612031641600E+018   1.17169703086163769869E-017
      1846   2.40823205583300710400E+018   1.15645827157168072787E-017
      1847   2.41174377021849856000E+018   1.15943639779919173892E-017
      1848   2.40432525093401497600E+018   1.15304685579865331431E-017
      1849   2.45240753615110707200E+018   1.19047778132048388967E-017
      1850   2.43372422420926003200E+018   1.17689193090804656754E-017
      1851   2.42226744795294003200E+018   1.16801078566432943372E-017
      1852   2.42486396263966105600E+018   1.17005208502283099202E-017
      1853   2.49198537398811136000E+018   1.21564603506134874269E-017
      1854   2.46602974268191692800E+018   1.19960733964293688914E-017
      1855   2.45509776120703232000E+018   1.19228470348975420610E-017
      1856   2.50805939231173990400E+018   1.22517710098959550601E-017
      1857   2.49027608781620326400E+018   1.21476672747694157203E-017
      1858   2.46370984295513088000E+018   1.19798940484727311552E-017
      1859   2.61405391546549248000E+018   1.27493807792077805950E-017
      1860   2.64188907112930048000E+018   1.28539303781336323006E-017
      1861   2.40915703950120038400E+018   1.15726720099690061429E-017
      1862   2.38177249453495244800E+018   1.13188129679663754893E-017
      1863   2.36176526607456614400E+018   1.11678072110152273873E-017
      1864   2.52447670581436979200E+018   1.23375837107167818567E-017
      1865   2.40100873855720345600E+018   1.15018891397637249476E-017
      1866   2.47437803984872499200E+018   1.20492859066321644804E-017
      1867   2.74253176594380492800E+018   1.31784808906847290890E-017
      1868   2.94903844619810867200E+018   1.36727891258567324805E-017
      1869   2.83184081635147980800E+018   1.34140827984620431554E-017
      1870   3.25143382388719718400E+018   1.41403823897314687819E-017
      1871   3.38457844491378329600E+018   1.42905767711420595196E-017
      1872   3.22395935056095385600E+018   1.41031797325347236202E-017
      1873   3.18342726314294220800E+018   1.40559829459006498073E-017
      1874   3.23455438512170803200E+018   1.41234950925650600798E-017
      1875   3.07709824756922572800E+018   1.38971484895737563836E-017
      1876   2.55771590639134976000E+018   1.25018977968928739646E-017
      1877   2.57415013812369868800E+018   1.25747656590610774942E-017
      1878   2.94287576244891596800E+018   1.36543845148180027096E-017
      1879   3.02998076762033612800E+018   1.38114354581873220638E-017
      1880   2.71510559503948492800E+018   1.30932101913548744642E-017
      1881   3.00056800102206259200E+018   1.37715118821438646948E-017
      1882   3.04677528306029465600E+018   1.38497165949090927185E-017
      1883   2.93822759307079168000E+018   1.36513388639756958228E-017
      1884   2.66996026547321548800E+018   1.29557039529232146955E-017
      1885   2.87006024275896268800E+018   1.35070186277487498113E-017
      1886   2.72537244507548006400E+018   1.31301311994266617235E-017
      1887   2.83230565512159078400E+018   1.34180484121836997225E-017
      1888   2.60201168987483750400E+018   1.27076535961355705219E-017
      1889   2.56690527245908992000E+018   1.25484305229282097918E-017
      1890   2.74652926516406937600E+018   1.31932028155226063589E-017
      1891   2.68338272703755724800E+018   1.30021731033352096899E-017
      1892   4.94269742024663961600E+018   1.57394681098867266646E-017
      1893   4.85682363403088896000E+018   1.55800314561868359037E-017
      1894   4.76555879327325696000E+018   1.54250112485927740871E-017
      1895   4.10228018357993472000E+018   1.47685534060455018778E-017
      1896   4.90097559577183948800E+018   1.56473219900269091832E-017
      1897   4.96276881614981939200E+018   1.57585582650752731007E-017
      1898   4.77066539157086617600E+018   1.54510519184072241935E-017
      1899   5.06520432976443494400E+018   1.59792003007792391129E-017
      1900   4.68418704137963008000E+018   1.53142403222661783268E-017
      1901   2.52919539773033932800E+018   1.23664903474426429442E-017
      1902   2.57508392495985561600E+018   1.25868293089955420130E-017
      1903   2.63708818824988774400E+018   1.28472171108655331315E-017
      1904   3.14423439660249446400E+018   1.40083785034548554592E-017
      1905   3.18755081502147328000E+018   1.40685048789417823573E-017
      1906   3.91074137788875520000E+018   1.46812435157658702084E-017
      1907   2.64679076150755532800E+018   1.28839589781186117948E-017
      1908   2.74998747380502579200E+018   1.32076218403436052024E-017
      1909   2.64046016168489574400E+018   1.28575626129394322621E-017
      1910   2.60607901526351052800E+018   1.27184608248679682402E-017
      1911   2.41001993746632652800E+018   1.15787084410772021431E-017
      1912   2.52340822491231232000E+018   1.23390429687213717684E-017
      1913   2.43833553223638886400E+018   1.18037936846630992484E-017
      1914   2.46009559656316057600E+018   1.19577978173029996951E-017
      1915   2.50395214302080563200E+018   1.22335553352791934323E-017
      1916   2.48798977415531827200E+018   1.21361271924889175653E-017
      1917   2.42650302723544985600E+018   1.17133255681881118408E-017
      1918   2.42641698875361740800E+018   1.17130948641543054954E-017
      1919   2.44301153267589222400E+018   1.18386803660094510442E-017
      1920   2.44854986823648000000E+018   1.18777750341145717571E-017
      1921   5.82051819350875238400E+018   1.70658919771080009896E-017
      1922   6.00083406437562470400E+018   1.71254619447065762896E-017
      1923   5.98190422290811596800E+018   1.71249451769483835977E-017
      1924   4.74924575566048460800E+018   1.53838053215266352327E-017
      1925   4.63122902967021977600E+018   1.52256525520879492736E-017
      1926   4.38725143831859404800E+018   1.49572906445518388570E-017
      1927   4.27716831991102924800E+018   1.48601497143179492240E-017
      1928   4.38403565605604044800E+018   1.49575706707185172943E-017
      1929   4.37243688933252608000E+018   1.49460961883318480362E-017
      1930   4.62654146164799692800E+018   1.52238112902631880125E-017
      1931   4.60079720589095731200E+018   1.51900385069537292870E-017
      1932   4.16004401545027788800E+018   1.47925093356854037778E-017
      1933   4.14223158742223462400E+018   1.47797118724617562590E-017
      1934   3.84518925638055270400E+018   1.46003251735547757296E-017
      1935   3.50787127417675315200E+018   1.43906743215194491832E-017
      1936   3.44364188956421273600E+018   1.43343739768354971740E-017
      1937   3.61534772121492428800E+018   1.44832555891523509575E-017
      1938   4.53854006227558912000E+018   1.51249223387967987507E-017
      1939   5.68025902705710387200E+018   1.69606585314157866317E-017
      1940   6.21868185277432320000E+018   1.71066475639899886963E-017
      1941   5.89572910795714150400E+018   1.71103597408201707400E-017
      1942   6.18882824553278361600E+018   1.71095402171097639465E-017
      1943   5.86763180973386137600E+018   1.70732649819544647804E-017
      1944   5.19604993464258969600E+018   1.62091021814962052618E-017
      1945   5.40307495479663820800E+018   1.65870496887651787552E-017
      1946   6.53807576634245632000E+018   1.68338814426489000851E-017
      1947   5.86386803805390233600E+018   1.71056338362060134777E-017
      1948   6.19237988510723072000E+018   1.71145928076782583134E-017
      1949   2.92222351312970035200E+018   1.36016171201720730605E-017
      1950   2.78849803948758016000E+018   1.32929228138525498796E-017
      1951   3.05717504235169024000E+018   1.38451392225838126420E-017
      1952   3.06537403964269363200E+018   1.38633048217896083858E-017
      1953   2.75888526919683737600E+018   1.32136376867951700407E-017
      1954   2.94149883207952230400E+018   1.36370851871611363229E-017
      1955   2.82090471751998976000E+018   1.33741457590763277079E-017
      1956   2.11830166671177241600E+018   9.98073697431273528179E-018
      1957   2.11953965910446284800E+018   1.00122221781723981230E-017
      1958   2.38008894087447244800E+018   1.13110830737541717542E-017
      1959   2.36081208578775449600E+018   1.11987986387123594392E-017
      1960   2.35251494873899878400E+018   1.11556337592918118265E-017
      1961   2.33206449764397772800E+018   1.10378184505402217382E-017
      1962   2.40296283981527808000E+018   1.15181142481504323633E-017
      1963   2.39856068881697638400E+018   1.14790156363606838462E-017
      1964   2.40936882249412454400E+018   1.15738615078122182160E-017
      1965   2.43107045107015116800E+018   1.17488585129108474914E-017
      1966   2.30747300674412595200E+018   1.08764925901248798093E-017
      1967   2.33290440492307814400E+018   1.09280235721642814954E-017
      1968   2.25793179973601510400E+018   1.05978789595396561066E-017
      1969   2.28803799664976281600E+018   1.06852855087857625130E-017
      1970   2.30083718876846822400E+018   1.08092065700349203115E-017
      1971   2.29208338843611443200E+018   1.06507438985976698751E-017
      1972   2.29330695583024716800E+018   1.06669707217680860391E-017
      1973   2.37547656843061708800E+018   1.12836233122145772550E-017
      1974   2.36855978424632832000E+018   1.12393775908474635094E-017
      1975   2.35189106434172928000E+018   1.11487966348703792727E-017
      1976   2.39405532071259955200E+018   1.14238596227776058811E-017
      1977   2.40510682815960576000E+018   1.15368825764391648446E-017
      1978   2.42380283026204518400E+018   1.16922502470315308633E-017
      1979   2.40538943642992281600E+018   1.15393625323664169631E-017
      1980   2.39565577122170214400E+018   1.14341102705345607802E-017
      1981   2.30640410300300902400E+018   1.07246049631806411945E-017
      1982   2.31090289171911168000E+018   1.06564506578120190689E-017
      1983   2.25992972025606220800E+018   1.04324791894469570591E-017
      1984   2.22066831810214707200E+018   1.02543730250616171517E-017
      1985   2.30333291500365849600E+018   1.06542159447937217600E-017
      1986   2.27614186704458675200E+018   1.04751455536026955616E-017
      1987   2.37410840048661350400E+018   1.12325811111716234777E-017
      1988   2.37943320633190656000E+018   1.12897516294717741097E-017
      1989   2.37745007941607782400E+018   1.12829926918617686970E-017
      1990   2.39554050004650393600E+018   1.14511060494158102136E-017
      1991   2.40237656957254912000E+018   1.15129871223187401971E-017
      1992   2.36700547302702182400E+018   1.11554822279950843086E-017
      1993   2.35465126834022553600E+018   1.11327301592636428435E-017
      1994   2.32694646676856524800E+018   1.09634688938041689162E-017
      1995   2.31559553439186227200E+018   1.08604681748308362151E-017
      1996   2.30666816585697484800E+018   1.07520810354780778210E-017
      1997   2.40398979447602995200E+018   1.15271602327546558450E-017
      1998   2.39681935918963097600E+018   1.14632887573188914267E-017
      1999   2.39188443084709785600E+018   1.14176747654978104647E-017
      2000   2.37416444791672934400E+018   1.12622636111717736962E-017
      2001   2.38187503376992870400E+018   1.13160167982364358050E-017
      2002   2.36744528581162598400E+018   1.12154556145833648849E-017
      2003   2.33992676232771788800E+018   1.10639258927968888393E-017
      2004   2.32017640190982707200E+018   1.09471771923167932212E-017
      2005   5.57672415024101785600E+018   1.68001776612869311454E-017
      2006   5.10327762910171750400E+018   1.59962165993059400324E-017
      2007   4.91670299032022118400E+018   1.56788620976049007262E-017
      2008   2.55349924057265203200E+018   1.24795338473513065279E-017
      2009   2.52091384912490086400E+018   1.23148770136865528830E-017
      2010   2.56445438932791910400E+018   1.25273724327331869803E-017
      2011   2.36952369183026380800E+018   1.12342488085347860809E-017
      2012   2.41637700168769638400E+018   1.14499470363650436683E-017
      2013   2.36374249998455859200E+018   1.12094736536151261382E-017
      2014   2.39013797723605657600E+018   1.14007484677957765437E-017
      2015   2.42180667276387123200E+018   1.16763526519949611096E-017
      2016   2.42293434058296115200E+018   1.16852308415495221479E-017
      2017   2.47834920356118323200E+018   1.20730945661298072615E-017
      2018   2.41207803708320358400E+018   1.15974847334929925809E-017
      2019   2.43488000859210496000E+018   1.17770792364825279104E-017
      2020   2.45386174782246246400E+018   1.19128118171995448544E-017
      2021   3.01671467518625638400E+018   1.38078693881066231518E-017
      2022   2.74601880059196928000E+018   1.31980781175094590825E-017
      2023   2.76575980942980659200E+018   1.32550704994773636802E-017
      2024   2.88022302367255500800E+018   1.35409767913087868164E-017
      2025   2.81537375779266662400E+018   1.33847260827349156720E-017
      2026   2.96829431120002611200E+018   1.37209100276676650348E-017
      2027   5.86278973967495577600E+018   1.71044052608346599849E-017
      2028   5.58184190929329049600E+018   1.68506935237842226515E-017
      2029   6.03515450301186048000E+018   1.71434404813032634165E-017
      2030   5.83523982778335129600E+018   1.70953132687136006093E-017
      2031   4.48236549321826764800E+018   1.50382679587611080326E-017
      2032   4.61517970915291545600E+018   1.51920197632955831466E-017
      2033   4.88373485337007513600E+018   1.56166224642986633415E-017
      2034   6.96541637855871897600E+018   1.61946060590038854913E-017
      2035   7.06877306673800499200E+018   1.59501237691636237971E-017
      2036   8.65985195972896460800E+018   1.40579704316239711062E-017
      2037   7.16847269716653772800E+018   1.57361880778139306935E-017
      2038   6.76645436683114496000E+018   1.65378533369025510211E-017
      2039   6.86901502350696550400E+018   1.63643615537384667997E-017
      2040   6.93502879272279654400E+018   1.62279330004663991955E-017
      2041   6.64163270308173414400E+018   1.67172296037551394823E-017
      2042   8.97997982846900531200E+018   1.38723640611007338570E-017
      2043   9.31533397367124377600E+018   1.37205976556302338625E-017
      2044   8.19937865133471334400E+018   1.43501597001860393473E-017
      2045   7.63996955296331571200E+018   1.48796830549025373923E-017
      2046   7.53623377500824780800E+018   1.50123075262494884045E-017
      2047   7.00720402386503987200E+018   1.60896268067149451591E-017
      2048   7.14384157145889280000E+018   1.57473715316741342273E-017
      2049   7.16604300885967052800E+018   1.57098775179199962959E-017
      2050   7.01556131022817382400E+018   1.60726003236368411208E-017
      2051   7.90305414284619571200E+018   1.45923953881238859976E-017
      2052   7.51220184044383641600E+018   1.50291915469241926626E-017
      2053   2.38191246040117606400E+018   1.12696296599838318980E-017
      2054   2.33633926183021772800E+018   1.10327858918853489955E-017
      2055   2.35490012661380198400E+018   1.10768839526365309416E-017
      2056   2.48681190037983795200E+018   1.21218587289987569202E-017
      2057   2.40489755081537638400E+018   1.15364830481207902712E-017
      2058   4.90302486660057088000E+018   1.56996661982728247081E-017
      2059   4.69058970695039897600E+018   1.53458763562691833558E-017
      2060   4.71665286393753190400E+018   1.53306537950474800813E-017
      2061   3.88519608527977318400E+018   1.46281103223209836063E-017
      2062   4.48148304966069401600E+018   1.50441751653784459858E-017
      2063   4.94408202573709516800E+018   1.57208589470514349954E-017
      2064   4.98463349935733760000E+018   1.57888709798151644081E-017
      2065   2.67899365066398822400E+018   1.29702411596557117881E-017
      2066   2.57527637616551321600E+018   1.25746235749893420084E-017
      2067   2.64963141406677504000E+018   1.28723801401112477487E-017
      2068   2.76716730956644812800E+018   1.32317587808041482805E-017
      2069   2.63158324234134784000E+018   1.28084762459548342381E-017
      2070   2.67839439192466585600E+018   1.29680299590875933100E-017
      2071   3.01393946147699968000E+018   1.37678944790944319397E-017
      2072   2.77055849282569369600E+018   1.32411436878808192600E-017
      2073   2.94640371764590336000E+018   1.36417658822882562359E-017
      2074   2.82121436077953996800E+018   1.33705130985192588515E-017
      2075   2.81911629352968448000E+018   1.33679508086953487841E-017
      2076   2.93744935997762201600E+018   1.36270633180290567358E-017
      2077   3.32318577136667340800E+018   1.41987003241564750259E-017
      2078   2.50838098056427571200E+018   1.22475834316297248192E-017
      2079   2.49720440829468006400E+018   1.21820872970674750162E-017
      2080   2.44405446873524172800E+018   1.18432185633393905425E-017
      2081   2.48475077515545907200E+018   1.21101038700821951089E-017
      2082   2.47996873368665241600E+018   1.20815087365469972005E-017
      2083   2.45738472497756416000E+018   1.19354619890847175381E-017
      2084   2.44597270120263321600E+018   1.18569259341406069547E-017
      2085   2.46360668991879424000E+018   1.19776754220883724863E-017
      2086   2.41052987020550195200E+018   1.15850521814130500963E-017
      2087   2.40160402788527411200E+018   1.15080660430622798434E-017
      2088   2.40157915532863744000E+018   1.15079589913102787359E-017
      2089   2.41963826679938560000E+018   1.16588467811247733988E-017
      2090   2.41923698089278873600E+018   1.16556241935818397218E-017
      2091   2.43102281815658342400E+018   1.17472359601119581537E-017
      2092   2.43492848779388825600E+018   1.17770131121681949114E-017
      2093   2.33437079251344230400E+018   1.09005108823898099270E-017
      2094   2.35635984213809408000E+018   1.10311781544224667957E-017
      2095   2.33804425483651942400E+018   1.08739258922457618856E-017
      2096   2.34520191048642304000E+018   1.09393285502558576657E-017
      2097   6.21868571120663552000E+018   1.70994572181906510413E-017
      2098   5.95171992668719820800E+018   1.71071261748493218137E-017
      2099   6.59597138202654924800E+018   1.67737490693560787089E-017
      2100   6.36253519728544768000E+018   1.70007337733299257892E-017
      2101   6.09839574178705715200E+018   1.71252015414292433492E-017
      2102   6.22496975292460851200E+018   1.70948666142574040455E-017
      2103   5.05561731284026880000E+018   1.59361877845156515278E-017
      2104   5.14460164297415884800E+018   1.60949046196061173533E-017
      2105   3.98147844551315865600E+018   1.47107161229578739510E-017
      2106   3.69287008440209612800E+018   1.45049595318616528323E-017
      2107   4.39981342874447104000E+018   1.49991206265454878361E-017
      2108   4.54585113878512230400E+018   1.51345119480005287606E-017
      2109   4.23736241857639987200E+018   1.48868608364011747193E-017
      2110   2.17366845001584896000E+018   9.11747933847054323165E-018
      2111   2.17366844988715955200E+018   9.11747933793075591279E-018
      2112   2.17366844947826995200E+018   9.11747933621566137127E-018
      2113   2.17366844911520614400E+018   9.11747933469278542341E-018
      2114   2.17366844963599001600E+018   9.11747933687721984791E-018
      2115   2.17366844992321177600E+018   9.11747933808197685053E-018
      2116   2.17366844890705024000E+018   9.11747933381967201647E-018
      2117   2.17366844873436185600E+018   9.11747933309532822364E-018
      2118   2.17366844992266112000E+018   9.11747933807966419385E-018
      2119   2.17366844995669862400E+018   9.11747933822243415100E-018
      2120   2.28184355543921561600E+018   1.01210522455106864056E-017
      2121   7.55377424925737676800E+018   1.49895175508055406095E-017
      2122   8.39359571522899251200E+018   1.42149837159546400437E-017
      2123   8.24160644510707302400E+018   1.43171728027175037192E-017
      2124   7.50454975253245644800E+018   1.50589905637730152656E-017
      2125   7.91420261960771891200E+018   1.45786354809589785127E-017
      2126   6.41831786639284121600E+018   1.69587459326658202658E-017
      2127   5.90445152260685107200E+018   1.70947535625190229622E-017
      2128   6.40138795148352921600E+018   1.69718386746688002579E-017
      2129   5.80791625268679987200E+018   1.70427066304393125338E-017
      2130   2.27550858974309888000E+018   1.02639726560120619061E-017
      2131   2.16582140706061849600E+018   9.92450927764093919584E-018
      2132   2.19657382578562508800E+018   1.00178010054996934933E-017
      2133   2.20551108176575027200E+018   1.00571762175511530227E-017
      2134   2.24415983075570688000E+018   1.01965701075340559024E-017
      2135   2.25767936488825830400E+018   1.02568953020293218777E-017
      2136   2.29237852651167846400E+018   1.03989612895679171112E-017
      2137   2.29599510963327744000E+018   1.03732914873638338330E-017
      2138   2.09779952102728524800E+018   9.78850714232796971144E-018
      2139   2.14285941117273548800E+018   9.95628001140975949425E-018
      2140   2.08376486794246502400E+018   9.75082288107202797423E-018
      2141   2.12499378346059520000E+018   9.89460842416457268770E-018
      2142   2.28962876683569894400E+018   1.05901659693658367961E-017
      2143   2.29653867491210726400E+018   1.06565599172691572888E-017
      2144   2.30645070906666342400E+018   1.07331029368609725221E-017
      2145   2.19910852257541913600E+018   1.02073696452616439942E-017
      2146   2.28753823217093222400E+018   1.04765894850813998837E-017
      2147   2.28310880343925939200E+018   1.04940810957085141864E-017
      2148   2.23385957451570841600E+018   1.03419478568601118594E-017
      2149   2.18779213855140864000E+018   1.02204855975681970388E-017
      2150   2.28801063100513792000E+018   1.05742587532782969143E-017
      2151   2.29061763997414144000E+018   1.06026374111085480963E-017
      2152   2.28963952250911769600E+018   1.05698911632304136982E-017
      2153   2.32050952891304089600E+018   1.08101467980958732048E-017
      2154   2.30872626718534758400E+018   1.07349639981951071763E-017
      2155   2.28408420413122457600E+018   1.05417998286762105229E-017
      2156   2.28970786063064985600E+018   1.05941327905990888711E-017
      2157   2.28819930681809254400E+018   1.05910224862121387898E-017
      2158   2.28559532484976844800E+018   1.05417591232155054813E-017
      2159   2.29496422556918272000E+018   1.06554841915808721773E-017
      2160   2.29686111590960870400E+018   1.06585311085875643290E-017
      2161   2.29776038566583424000E+018   1.04226313003914170307E-017
      2162   2.27581165186994585600E+018   1.03388627543420111885E-017
      2163   2.28065014704620902400E+018   1.04450356422190594168E-017
      2164   2.28009425864546457600E+018   1.04919939758293241529E-017
      2165   2.30156865591406694400E+018   1.04584888084867152317E-017
      2166   2.30246112270609740800E+018   1.04832067296762675593E-017
      2167   2.28498068056596300800E+018   1.04931473543053309924E-017
      2168   2.29069705660236441600E+018   1.04998801929761539795E-017
      2169   2.28289397225878579200E+018   1.05130532689352224729E-017
      2170   2.29934476467442764800E+018   1.05371833751328582462E-017
      2171   3.47989729832034713600E+018   1.44093296731363036374E-017
      2172   3.29656203480355737600E+018   1.42277507154028098571E-017
      2173   3.05860404543415910400E+018   1.38973261184102378665E-017
      2174   3.89680017998073395200E+018   1.46888410734255845514E-017
      2175   4.14473254566413824000E+018   1.48423523785224985446E-017
      2176   4.72017201892507136000E+018   1.53833400295130669382E-017
      2177   4.49758105254423091200E+018   1.51060992477718354606E-017
      2178   5.92855600162832076800E+018   1.71305439500516108210E-017
      2179   6.24534798337070080000E+018   1.70924443114277840358E-017
      2180   6.60441936915328921600E+018   1.67562458965444969834E-017
      2181   6.33397380964368998400E+018   1.70487714189741695259E-017
      2182   6.13722556085553459200E+018   1.71306185566878140738E-017
      2183   6.03545929878924390400E+018   1.71397001293312692227E-017
      2184   6.96207758718410854400E+018   1.61803216844959146449E-017
      2185   6.81708762061678489600E+018   1.64503526253817179027E-017
      2186   5.06973602580754636800E+018   1.59726484670967128087E-017
      2187   4.92034707616435916800E+018   1.56964287473876225427E-017
      2188   2.34348651845892300800E+018   1.09211558874982814197E-017
      2189   2.57892664128748544000E+018   1.25828508082349477527E-017
      2190   2.51553890154861721600E+018   1.22786542894310201331E-017
      2191   2.50281390825068390400E+018   1.22092735661578321824E-017
      2192   2.83248088168695449600E+018   1.33836717351147942753E-017
      2193   2.63401426947479603200E+018   1.27984415066935373363E-017
      2194   3.74969251887499110400E+018   1.45542572326892387244E-017
      2195   2.69572118311018752000E+018   1.30157685351966352038E-017
      2196   2.73647616756358400000E+018   1.31342334911919446824E-017
      2197   2.17366844946044774400E+018   9.11747933614090601529E-018
      2198   2.17366844967423129600E+018   9.11747933703762207889E-018
      2199   2.17366844924469632000E+018   9.11747933523593464558E-018
      2200   2.17366844992279116800E+018   9.11747933808021115796E-018
      2201   2.17366844992172928000E+018   9.11747933807575840793E-018
      2202   2.17366844993574297600E+018   9.11747933813453778983E-018
      2203   2.38869164157168998400E+018   1.13924634084569507124E-017
      2204   2.30685686879190988800E+018   1.04558212435660029668E-017
      2205   2.25260339440853222400E+018   9.76508668260814332799E-018
      2206   2.31412171850894080000E+018   1.05509069441087128729E-017
      2207   2.77815053204717670400E+018   1.32605461543297094642E-017
      2208   2.61662461284081817600E+018   1.27381292978156158643E-017
      2209   2.69768243166761932800E+018   1.30223338496131524669E-017
      2210   3.09072323160949248000E+018   1.38929784955949857322E-017
      2211   2.81845701625461760000E+018   1.33586522884305456012E-017
      2212   2.41463775684366028800E+018   1.16188999557842975877E-017
      2213   2.27905190779330944000E+018   1.00865054073198143466E-017
      2214   2.38890014682941798400E+018   1.13943823462303344119E-017
      2215   2.31304866737838540800E+018   1.05357942825249022249E-017
      2216   2.35042775121502208000E+018   1.09961431487651137755E-017
      2217   2.29604717826595328000E+018   1.03108436208463402841E-017
      2218   2.58488281619038515200E+018   1.26024558217665301369E-017
      2219   2.63839231605176524800E+018   1.28193467111865434869E-017
      2220   2.81322730169348812800E+018   1.33361079383624797012E-017
      2221   2.98584791623830835200E+018   1.36994880704270856008E-017
      2222   3.45767371202416947200E+018   1.43204215841163561771E-017
      2223   3.88327937836974131200E+018   1.46183953294407479144E-017
      2224   3.97024367571055616000E+018   1.46796436590661313445E-017
      2225   3.76535253437096704000E+018   1.45594720315216784742E-017
      2226   3.58423734293388697600E+018   1.44353494507476067514E-017
      2227   3.36722330729720268800E+018   1.42413498570320034327E-017
      2228   3.19276768734802022400E+018   1.40244408685976894021E-017
      2229   3.57019687839997132800E+018   1.44184316374643432223E-017
      2230   3.30456650139313715200E+018   1.41662649872651888525E-017
      2231   3.10847460266526259200E+018   1.38968850120528254945E-017
      2232   3.27229155810726912000E+018   1.41281227737247070940E-017
      2233   3.43064804691207219200E+018   1.42961270777891236391E-017
      2234   3.65226894644207718400E+018   1.44731880378419540596E-017
      2235   3.48878670922293504000E+018   1.43428261749133489722E-017
      2236   2.75498964343947980800E+018   1.31789888165654554462E-017
      2237   3.60950480004509900800E+018   1.44386014743265045063E-017
      2238   2.77220815361835110400E+018   1.32409522601936264144E-017
      2239   2.80896655138665932800E+018   1.33354370256099359256E-017
      2240   2.53774157244967270400E+018   1.23963210387002154368E-017
      2241   2.66489914759394560000E+018   1.29209202999731489616E-017
      2242   2.64858505254975436800E+018   1.28648615473068078203E-017
      2243   2.58018399804824012800E+018   1.25911110126877537549E-017
      2244   2.54025068759772416000E+018   1.24112969352620260937E-017
      2245   2.59629172361556019200E+018   1.26616217412626508326E-017
      2246   2.43280226322743500800E+018   1.17607367026752924302E-017
      2247   2.42104156720155187200E+018   1.16702355121868472368E-017
      2248   2.46102777636200601600E+018   1.19583526434358053829E-017
      2249   2.46871132769722009600E+018   1.20091680055312918233E-017
      2250   2.49960490426355148800E+018   1.21979290389777899981E-017
      2251   2.43063030265875814400E+018   1.17446766456912680707E-017
      2252   2.44115283138221875200E+018   1.18227512581302835020E-017
      2253   2.48334956589058304000E+018   1.21013929287305122565E-017
      2254   2.48696141917203456000E+018   1.21226670971993640786E-017
      2255   2.46955169100244940800E+018   1.20154431946110999901E-017
      2256   2.45783429226632038400E+018   1.19382256117405903349E-017
      2257   2.43879437094919833600E+018   1.18053938236443701458E-017
      2258   2.33949239155590963200E+018   1.10537047317125436421E-017
      2259   2.33234163996779110400E+018   1.10208210761234947094E-017
      2260   2.32430718430902528000E+018   1.09811729611660453538E-017
      2261   2.32438077506016512000E+018   1.09690013693797310636E-017
      2262   2.38595748934716825600E+018   1.13617873875420938414E-017
      2263   2.38538737768736307200E+018   1.13581303653447986414E-017
      2264   2.34975738579402700800E+018   1.11056777591475654224E-017
      2265   2.30068812930495948800E+018   1.08308844163395712712E-017
      2266   2.30554355849614233600E+018   1.08661294066679663211E-017
      2267   2.30844004529160550400E+018   1.04991973460655155749E-017
      2268   2.28708758750011008000E+018   1.03973613412387685733E-017
      2269   2.30617250077198284800E+018   1.04520846107097492873E-017
      2270   2.31124606244553728000E+018   1.04735248789330953786E-017
      2271   2.28562818017517977600E+018   1.03924455509732908633E-017
      2272   2.31362413858194380800E+018   1.04696564537416875226E-017
      2273   2.30918286348673792000E+018   1.04485351813533175124E-017
      2274   2.28763384274048742400E+018   1.04273707200844443794E-017
      2275   2.29695108840613171200E+018   1.04233347137176817816E-017
      2276   2.19936391307465984000E+018   1.01340420019309586148E-017
      2277   2.15538252544238489600E+018   9.97081978868310115753E-018
      2278   2.19792032776808294400E+018   1.01270693267225276063E-017
      2279   2.15239927987210419200E+018   9.97842982326218992180E-018
      2280   2.28895427455162880000E+018   1.06012465380643289203E-017
      2281   2.28876420107855436800E+018   1.06101753328642106480E-017
      2282   2.29546809234522188800E+018   1.05561583591005171412E-017
      2283   2.29107532265365555200E+018   1.05588043380361523459E-017
      2284   2.37484356129446144000E+018   1.12510851131335928772E-017
      2285   2.36287359318076057600E+018   1.11248014030916436573E-017
      2286   2.34800321493893427200E+018   1.09490185754380568124E-017
      2287   2.35340186204204185600E+018   1.10159690158881257508E-017
      2288   3.32973006598800486400E+018   1.42670621435857104046E-017
      2289   3.27965223909846579200E+018   1.42067369843412209136E-017
      2290   2.37158612778199347200E+018   1.12128133600557916370E-017
      2291   2.34211283262741606400E+018   1.08797709810479803440E-017
      2292   3.54843336929041971200E+018   1.44657800830404163967E-017
      2293   3.45220734471540019200E+018   1.43923589331041273840E-017
      2294   2.64370314913568460800E+018   1.28807318733655264205E-017
      2295   2.85542374498598144000E+018   1.35000268788360475978E-017
      2296   3.00157680327138508800E+018   1.37977120218849941573E-017
      2297   2.55122957675552153600E+018   1.24902798176664723482E-017
      2298   2.59845044999863552000E+018   1.26993898478116713726E-017
      2299   4.97485137386099097600E+018   1.58102422591295972519E-017
      2300   3.86617690251771904000E+018   1.46385741726626629040E-017
      2301   2.17505389503059328000E+018   9.12446322062511491597E-018
      2302   2.17041072657088537600E+018   9.09778675997913297319E-018
      2303   2.17366844993211750400E+018   9.11747933811932910624E-018
      2304   2.17366844968027699200E+018   9.11747933706298118365E-018
      2305   2.17366844994053299200E+018   9.11747933815463063175E-018
      2306   2.22201294291846246400E+018   9.54522604144666441035E-018
      2307   2.26189332473845888000E+018   9.87902323191420297500E-018
      2308   2.26153076385167308800E+018   9.87227484096560232893E-018
      2309   2.25550936220241817600E+018   9.80454857148898872505E-018
      2310   2.30530906229258982400E+018   1.04398639947458135679E-017
      2311   2.32818200854131763200E+018   1.07377900292806080586E-017
      2312   2.29828363306960000000E+018   1.03482541432549478813E-017
      2313   2.29029890193084518400E+018   1.02422620149331414240E-017
      2314   2.26539787003329382400E+018   9.92164978663023807671E-018
      2315   2.27030268687096064000E+018   9.98258154664295574928E-018
      2316   2.71459402316545024000E+018   1.30622508654471549374E-017
      2317   2.87876453816908032000E+018   1.34799967152759795700E-017
      2318   2.81132480632475545600E+018   1.33251591528771794909E-017
      2319   2.29718239675301401600E+018   1.03359107471131307505E-017
      2320   2.32485406428975513600E+018   1.06955743489662114645E-017
      2321   2.35132747951887052800E+018   1.10132749635979685098E-017
      2322   2.59936696638212096000E+018   1.26614597307489227378E-017
      2323   2.73341642111062425600E+018   1.31157675528884155998E-017
      2324   2.51083078380504780800E+018   1.22533467160977989742E-017
      2325   2.55379929168988620800E+018   1.24635922539997266296E-017
      2326   2.77080966235384627200E+018   1.32177182386883086606E-017
      2327   2.86695583826335795200E+018   1.34543175815414341308E-017
      2328   2.38429544796558745600E+018   1.13512900932082370624E-017
      2329   2.38066591933130393600E+018   1.13168622507872621716E-017
      2330   2.36797342770509926400E+018   1.11885124697058286741E-017
      2331   2.48895917109824716800E+018   1.21291053909436245349E-017
      2332   2.44071107461649459200E+018   1.18180632062748299207E-017
      2333   2.41262668805613670400E+018   1.16021936141898476760E-017
      2334   2.59048669621844633600E+018   1.26390581204377946063E-017
      2335   2.52377198337965977600E+018   1.23226474703980085255E-017
      2336   2.73821600940925542400E+018   1.31347431775593660510E-017
      2337   2.58836118015140864000E+018   1.26168220258950192320E-017
      2338   2.56331556082495078400E+018   1.25134169330376308189E-017
      2339   2.38223068746439782400E+018   1.13322931721157720672E-017
      2340   2.37772773496027238400E+018   1.12886133583042546617E-017
      2341   2.40926114083680921600E+018   1.15748570291185733018E-017
      2342   2.51223446642281369600E+018   1.22626961533015297595E-017
      2343   2.41706211702460006400E+018   1.16386417573592770935E-017
      2344   2.42491660429949696000E+018   1.17000863688375558888E-017
      2345   2.44588725801340518400E+018   1.18546465803410548146E-017
      2346   2.41281517855890739200E+018   1.16040846195585635643E-017
      2347   3.05201588405075660800E+018   1.38253253330103342174E-017
      2348   3.27270836291802163200E+018   1.41361351115128102681E-017
      2349   3.03260112560809881600E+018   1.37876082265696754947E-017
      2350   2.94898504757510656000E+018   1.36372054048857169124E-017
      2351   2.79002475570773606400E+018   1.32837014498439706614E-017
      2352   3.78104575912577587200E+018   1.45376305586238901296E-017
      2353   2.62870027744288204800E+018   1.27890732176276879391E-017
      2354   2.89013452754080460800E+018   1.35159497153710776269E-017
      2355   2.59982425557279078400E+018   1.26697124661431843979E-017
      2356   2.62058374256710297600E+018   1.27631507318964593687E-017
      2357   2.45992769050194227200E+018   1.19504149814209185756E-017
      2358   2.34545496539916339200E+018   1.09464740214682546678E-017
      2359   2.36231526545752524800E+018   1.11272562403925503623E-017
      2360   2.35302043022514380800E+018   1.10250547306730496887E-017
      2361   2.35287519845970227200E+018   1.10092972455058369204E-017
      2362   2.35439569220399462400E+018   1.10364624311979742685E-017
      2363   2.37814382795794432000E+018   1.12906250826854040714E-017
      2364   2.41000539886046003200E+018   1.15807521463973302339E-017
      2365   2.39115723670709708800E+018   1.14150229984360424872E-017
      2366   4.02145167852437452800E+018   1.47568816929938969910E-017
      2367   3.68903024819642265600E+018   1.45731987764954209901E-017
      2368   3.54459567738434508800E+018   1.44593845052077062261E-017
      2369   3.15703660735591270400E+018   1.40367956174290645475E-017
      2370   2.94607178675520000000E+018   1.36792284998964738817E-017
      2371   2.17366844950921062400E+018   9.11747933634547367175E-018
      2372   2.17366844992163993600E+018   9.11747933807538092566E-018
      2373   2.17366844966563788800E+018   9.11747933700157945554E-018
      2374   2.17366844918324966400E+018   9.11747933497819591522E-018
      2375   2.17366844926156211200E+018   9.11747933530667790430E-018
      2376   2.17366844854517017600E+018   9.11747933230176496787E-018
      2377   2.35792567171020083200E+018   1.10669235224043947638E-017
      2378   2.31941057499070054400E+018   1.05988104688352299389E-017
      2379   2.26993546145740953600E+018   9.95620143262430169755E-018
      2380   2.31565881025217484800E+018   1.05506201756375873284E-017
      2381   3.59846852236980582400E+018   1.45011439115438933925E-017
      2382   3.20552054188235212800E+018   1.40900116686069278039E-017
      2383   3.62117939791551948800E+018   1.45136832904423619118E-017
      2384   2.87134956929108889600E+018   1.35078365786483612097E-017
      2385   2.61278844699072460800E+018   1.27403202971309674507E-017
      2386   4.08378125250812262400E+018   1.47689679195305569934E-017
      2387   4.55730695178537728000E+018   1.51621583337747710139E-017
      2388   3.96043107303239014400E+018   1.47087582584302951852E-017
      2389   4.19883713664079769600E+018   1.48598336189338376279E-017
      2390   3.86977179961357721600E+018   1.46511609706045097476E-017
      2391   4.65302555563816140800E+018   1.52733145204617885535E-017
      2392   4.38660296470629785600E+018   1.49980108005685173887E-017
      2393   2.17366844895535667200E+018   9.11747933402229679480E-018
      2394   2.17366844992745241600E+018   9.11747933809976165801E-018
      2395   2.17366844977316966400E+018   9.11747933745262146330E-018
      2396   2.17366844982680345600E+018   9.11747933767759011048E-018
      2397   2.17366844942235776000E+018   9.11747933598113703008E-018
      2398   2.17366844951619737600E+018   9.11747933637474780691E-018
      2399   2.17366844902525107200E+018   9.11747933431546801392E-018
      2400   2.17366844992283545600E+018   9.11747933808039604723E-018
      2401   2.17366844891711078400E+018   9.11747933386187145267E-018
      2402   2.17366844867230592000E+018   9.11747933283503339906E-018
      2403   2.17366844986091852800E+018   9.11747933782068516460E-018
      2404   2.17366844895091148800E+018   9.11747933400365071146E-018
      2405   2.17366848085974425600E+018   9.11747970456178257893E-018
      2406   2.31231254912861798400E+018   1.05089402024862455261E-017
      2407   2.17366844992305049600E+018   9.11747933808130046393E-018
      2408   2.17366844797496704000E+018   9.11747932991003731085E-018
      2409   2.17366844992389580800E+018   9.11747933808484109354E-018
      2410   2.17366844866842393600E+018   9.11747933281875235768E-018
      2411   2.80513350882317209600E+018   1.33536780588369718424E-017
      2412   2.59025639125881651200E+018   1.26521752350914222561E-017
      2413   2.42935339137302630400E+018   1.17358078274272471751E-017
      2414   2.17366844440737100800E+018   9.11747930853203312037E-018
      2415   2.17366844859168665600E+018   9.11747933249687707868E-018
      2416   2.17366844981491379200E+018   9.11747933762771776938E-018
      2417   2.43023182213708339200E+018   1.17427889439118829436E-017
      2418   2.46655097929919744000E+018   1.20011980006924318528E-017
      2419   2.28503927030666828800E+018   1.01509450040444529137E-017
      2420   2.45596192214688870400E+018   1.19299834843824184185E-017
      2421   2.37004537320101171200E+018   1.12002387367762359317E-017
      2422   2.30219432867222835200E+018   1.03766247885756501121E-017
      2423   2.42856913886080716800E+018   1.17289687857918911460E-017
      2424   2.33148242098309888000E+018   1.07571854557794653761E-017
      2425   2.29194870165234022400E+018   1.07977733284974309335E-017
      2426   2.29835502405466598400E+018   1.08236198837044684716E-017
      2427   2.30122880382271897600E+018   1.08411129626820611310E-017
      2428   2.32449069358157670400E+018   1.09417004945756782600E-017
      2429   2.34856913789121536000E+018   1.10495134439185069661E-017
      2430   2.35361145782527078400E+018   1.10940499174709928713E-017
      2431   2.36657095471575654400E+018   1.11742503029235448637E-017
      2432   2.38802885956015462400E+018   1.13848842881641759426E-017
      2433   2.38536786977702297600E+018   1.13588217746620211227E-017
      2434   2.39468006939314534400E+018   1.14463855336510015795E-017
      2435   2.39692747098477260800E+018   1.14664736100156046031E-017
      2436   2.38451834843491225600E+018   1.13510810404893733920E-017
      2437   2.35333657783694950400E+018   1.11109572400940318287E-017
      2438   2.34651939308063948800E+018   1.10593043861053728800E-017
      2439   2.34190767789797529600E+018   1.10342087458862145635E-017
      2440   2.35385462935891251200E+018   1.11115990194174960725E-017
      2441   2.34285578478851020800E+018   1.10423057463991319820E-017
      2442   2.35166750822903296000E+018   1.11071444563388714226E-017
      2443   2.33982555797274470400E+018   1.10385015136444558835E-017
      2444   2.37055933376264499200E+018   1.12211063649580449881E-017
      2445   2.37566657923555123200E+018   1.12603519164147784341E-017
      2446   2.38421093121408358400E+018   1.13386641505193679243E-017
      2447   2.36734918851106662400E+018   1.11914565772106052067E-017
      2448   2.37642169863881728000E+018   1.12511293292686666303E-017
      2449   2.37202200354287974400E+018   1.12382128688505377561E-017
      2450   2.36469649262865664000E+018   1.11847236157266686066E-017
      2451   2.35049457775253657600E+018   1.11013855290397805495E-017
      2452   2.29759351017585305600E+018   1.07647616123565784141E-017
      2453   2.30214708621769907200E+018   1.07812535930685910155E-017
      2454   1.81111054550633600000E+018   8.76981681429391872235E-018
      2455   1.23261934981065830400E+018   6.97122032092655954376E-018
      2456   2.23649131336610278400E+018   1.01216371163248872979E-017
      2457   1.05375040799737139200E+018   6.41908707954462084416E-018
      2458   2.29187802365129574400E+018   1.03248740145814066850E-017
      2459   2.31081045530324684800E+018   1.04157103121652999976E-017
      2460   2.30451882594692096000E+018   1.04194089489902205089E-017
      2461   2.15516302291863654400E+018   9.91448438757963553764E-018
      2462   2.31135687567264819200E+018   1.04567971073405002147E-017
      2463   2.26200636320735155200E+018   1.02760907443236110050E-017
      2464   2.19548539874963225600E+018   1.00511008679486163460E-017
      2465   2.24854004889395379200E+018   1.02351697170438532836E-017
      2466   2.28078018417623219200E+018   1.03416361901788503714E-017
      2467   2.30432055458841472000E+018   1.06607614113895724134E-017
      2468   2.28716903853136179200E+018   1.05047115824752572373E-017
      2469   2.29578453568131379200E+018   1.06034665598545184578E-017
      2470   2.28949819064076032000E+018   1.05363338597283579175E-017
      2471   2.29310717907125990400E+018   1.05774390047369308909E-017
      2472   2.28965954209793510400E+018   1.05450274074441827684E-017
      2473   2.28766554514537574400E+018   1.05205614709947851479E-017
      2474   2.31727816500582912000E+018   1.07146917680697721793E-017
      2475   2.29952921404631449600E+018   1.06165975561561049532E-017
      2476   2.30081726393014604800E+018   1.06159494013176765397E-017
      2477   2.28879986537923584000E+018   1.03327883260279790658E-017
      2478   2.22261735215505766400E+018   1.00794612641490741274E-017
      2479   2.28641804881680102400E+018   1.03223914025297333809E-017
      2480   2.42027159433226240000E+018   1.07141891830681772640E-017
      2481   2.20879475468015334400E+018   1.00241477097367904099E-017
      2482   2.25073443582495667200E+018   1.01173764511373481924E-017
      2483   2.30630096736708096000E+018   1.03149319603751348920E-017
      2484   2.29903063654463104000E+018   1.04660247841054593232E-017
      2485   2.29455980945313408000E+018   1.04161278899557092739E-017
      2486   2.35207824271962368000E+018   1.10030233374814948074E-017
      2487   2.40175205342117427200E+018   1.15059581825005783734E-017
      2488   2.36042055150095513600E+018   1.10961615853648979123E-017
      2489   2.38438187663046860800E+018   1.13447683674146198899E-017
      2490   2.38283242300188928000E+018   1.13305125715976266377E-017
      2491   2.35927683248691097600E+018   1.10843146710644968040E-017
      2492   2.37423449151884032000E+018   1.12415819018838948307E-017
      2493   2.33974184361193472000E+018   1.08527598894848542894E-017
      2494   2.39161810929167667200E+018   1.14125457043548551371E-017
      2495   2.36570978654317158400E+018   1.11520008625206478565E-017
      2496   2.34287829350078976000E+018   1.08913251168387357286E-017
      2497   2.44173679767604633600E+018   1.18308225809809576984E-017
      2498   2.56632907499129446400E+018   1.25596344541737556581E-017
      2499   2.48220807954287257600E+018   1.21061591281007769419E-017
      2500   2.84476899363920793600E+018   1.34729821463292715513E-017
      2501   3.11859884808920371200E+018   1.39926366548600845274E-017
      2502   2.93848559931983155200E+018   1.36740449960093138693E-017
      2503   2.58605490502813132800E+018   1.26407581623173728965E-017
      2504   2.71543739180418201600E+018   1.31120583430252794940E-017
      2505   2.65348134042074982400E+018   1.29128867005402254349E-017
      2506   2.44612067891214643200E+018   1.18626119219060297029E-017
      2507   2.17366849663932825600E+018   9.11747953403401652014E-018
      2508   2.17366850344216166400E+018   9.11747956256526040626E-018
      2509   2.17366861756524134400E+018   9.11748004125996290857E-018
      2510   2.17366861367200972800E+018   9.11748002492833274366E-018
      2511   2.17366856936744550400E+018   9.11747983909433397798E-018
      2512   2.17366852804748083200E+018   9.11747966577768885574E-018
      2513   2.17366852606048665600E+018   9.11747965743850464118E-018
      2514   2.17366853960204288000E+018   9.11747971424267128185E-018
      2515   2.17366851398218547200E+018   9.11747960677472959766E-018
      2516   2.17366850130994790400E+018   9.11747955362422000259E-018
      2517   2.17366694288296448000E+018   9.11745941857521020824E-018
      2518   2.17324094355219891200E+018   9.11474989984765079979E-018
      2519   2.17366844992604236800E+018   9.11747933809384520122E-018
      2520   2.17366844992394112000E+018   9.11747933808503522728E-018
      2521   2.17366844843321344000E+018   9.11747933183215853618E-018
      2522   2.17366844992722355200E+018   9.11747933809880177452E-018
      2523   2.17366844992478899200E+018   9.11747933808858972359E-018
      2524   2.17366844652897638400E+018   9.11747932384481398907E-018
      2525   2.17366844990853862400E+018   9.11747933802043029248E-018
      2526   2.17366844992331366400E+018   9.11747933808240517735E-018
      2527   2.17366844989753881600E+018   9.11747933797428963325E-018
      2528   2.52568292963935795200E+018   1.23321562004252273329E-017
      2529   2.53015611314646528000E+018   1.23551700190345445227E-017
      2530   2.62988002178645964800E+018   1.27855027244480712043E-017
      2531   2.62822831799608678400E+018   1.27773283829635820414E-017
      2532   2.46224757679265996800E+018   1.19640886452474560811E-017
      2533   2.46478805131442944000E+018   1.19812708805461024949E-017
      2534   2.33758069508083865600E+018   1.08475161690925801554E-017
      2535   2.38577389630763571200E+018   1.13656324355112520721E-017
      2536   2.36905234810614579200E+018   1.12003251251824979292E-017
      2537   2.34461699958947481600E+018   1.09307986705531825486E-017
      2538   2.34815020606641817600E+018   1.09683817788115870444E-017
      2539   2.34616514946460569600E+018   1.09457804100923827073E-017
      2540   2.34493589721229414400E+018   1.09156173479058847486E-017
      2541   2.35063482877134233600E+018   1.09987610452747050376E-017
      2542   2.36052082761966694400E+018   1.11085176703609918749E-017
      2543   2.35386904468613990400E+018   1.10351942606073501245E-017
      2544   2.38941524040303872000E+018   1.13992213265242866225E-017
      2545   2.35695712661198028800E+018   1.10691211172014310517E-017
      2546   2.36326877099501977600E+018   1.11378741109644446301E-017
      2547   2.38212030420652083200E+018   1.13300195634639687440E-017
      2548   2.48063170846981017600E+018   1.20814180387681423744E-017
      2549   2.45541681956110540800E+018   1.19204320483034692460E-017
      2550   2.29958358724788224000E+018   1.06430940214096154947E-017
      2551   2.28498801266117888000E+018   1.04619963196588039379E-017
      2552   2.28752725159059814400E+018   1.05079202770857632496E-017
      2553   2.30171016102883891200E+018   1.06404816573935096121E-017
      2554   2.29042228496478208000E+018   1.05686675484039608042E-017
      2555   2.35671629722375321600E+018   1.10666441408206288960E-017
      2556   2.37631078737650995200E+018   1.12725986264101217167E-017
      2557   2.36308675976533248000E+018   1.11358983371423094201E-017
      2558   2.31232084874586880000E+018   1.07170555837538467985E-017
      2559   2.30867771024898099200E+018   1.07002210700083023143E-017
      2560   2.32245701076996300800E+018   1.07714360454925873585E-017
      2561   2.32859530288724172800E+018   1.08145226834165540848E-017
      2562   2.26463394027222067200E+018   1.02949343236642654783E-017
      2563   2.26471039416547481600E+018   1.02481893148163342574E-017
      2564   2.26415025261585484800E+018   1.02314162225427234856E-017
      2565   2.28621060203815449600E+018   1.04730941981799492610E-017
      2566   2.27372523289583257600E+018   1.04146458701360436829E-017
      2567   2.28105687424234188800E+018   1.04450054746657249950E-017
      2568   2.28834634765545190400E+018   1.05447373205000566525E-017
      2569   2.28670619847842201600E+018   1.05229942370311362400E-017
      2570   2.29105155941151539200E+018   1.06206520160063093736E-017
      2571   2.31647523280810496000E+018   1.08021211193242709581E-017
      2572   2.33188028383753881600E+018   1.08923918530537438498E-017
      2573   2.34889253522334105600E+018   1.09949139165385000921E-017
      2574   2.30685924558083123200E+018   1.06919019476567707903E-017
      2575   2.31745503205360896000E+018   1.07684303880469636108E-017
      2576   2.33549687112602931200E+018   1.08628418151775581844E-017
      2577   2.37597936728212633600E+018   1.12826649325843994474E-017
      2578   2.40619672317923532800E+018   1.15479323514059062156E-017
      2579   2.39160194895197030400E+018   1.14189238320553813078E-017
      2580   2.43417237170606182400E+018   1.17711997680162233018E-017
      2581   2.44849729345243443200E+018   1.18748053840852614050E-017
      2582   2.30428174816023193600E+018   1.06802712219863712327E-017
      2583   2.38117930542563891200E+018   1.13084458831848636775E-017
      2584   2.39016500917267968000E+018   1.13966207080309144323E-017
      2585   2.21312545048308070400E+018   1.00425383863783770220E-017
      2586   2.58419540239317657600E+018   1.12652659068362043468E-017
      2587   2.25973389907612953600E+018   1.02028710769561085557E-017
      2588   2.25026814828618240000E+018   1.01677834406796446874E-017
      2589   2.19857122955575321600E+018   9.99069713489331528971E-018
      2590   2.07159665728459443200E+018   9.52116956716548186613E-018
      2591   2.09087735609981440000E+018   9.58575350336310262369E-018
      2592   2.20534270335742412800E+018   9.99681050714962290463E-018
      2593   2.16727147471838617600E+018   9.86450773138644545570E-018
      2594   2.19041444322661683200E+018   9.94373661032478488732E-018
      2595   2.18629278999477145600E+018   9.93023485340589284978E-018
      2596   2.28207316091891251200E+018   1.03352862632510530001E-017
      2597   2.24448863607656960000E+018   1.02128085597120849012E-017
      2598   2.23708028251634995200E+018   1.01800604716679514628E-017
      2599   2.29287281748448640000E+018   1.03715190397336702253E-017
      2600   2.26268522638276684800E+018   1.02479822034210710340E-017
      2601   2.24663781070662016000E+018   1.01857208800413612747E-017
      2602   2.32348301533202073600E+018   1.03472916011489385015E-017
      2603   2.23485799103848652800E+018   1.00116688045213663929E-017
      2604   2.19584794112646272000E+018   9.91162275751592905278E-018
      2605   2.27017347354444876800E+018   1.01234570605553368897E-017
      2606   2.26823804952947353600E+018   1.02531383070242033442E-017
      2607   2.26802633973986867200E+018   1.02591402924191774566E-017
      2608   2.28193128437697075200E+018   1.04127290421880498767E-017
      2609   2.27462808044635059200E+018   1.03397104984259059008E-017
      2610   2.27629871000089856000E+018   1.03525350153491478681E-017
      2611   2.28283768555763276800E+018   1.04310157585486474084E-017
      2612   2.32001189848426803200E+018   1.06062431074236873209E-017
      2613   2.36883701648207360000E+018   1.11868742095695666782E-017
      2614   2.20757175017362841600E+018   9.44112448008875107804E-018
      2615   2.21662799401529216000E+018   9.49507184054880809066E-018
      2616   2.21601575475829836800E+018   9.48500159964978933950E-018
      2617   2.22697476583155430400E+018   9.53625393316357643507E-018
      2618   2.24387530970745420800E+018   9.65267900558650696826E-018
      2619   2.24318698500659481600E+018   9.64938390629798210367E-018
      2620   2.21396674427274035200E+018   9.39445333399848587818E-018
      2621   2.16927722512744499200E+018   9.09589568515734962266E-018
      2622   2.19358046051538764800E+018   9.24958443779193386986E-018
      2623   2.17419950885897907200E+018   9.14042260525985077532E-018
      2624   2.23476701817234022400E+018   9.56963704294532493281E-018
      2625   2.29067890100121574400E+018   1.02149028899096392365E-017
      2626   2.24665183109413683200E+018   9.68801645286077538353E-018
      2627   2.25554740795990937600E+018   9.78309521996754877836E-018
      2628   2.28044763903606758400E+018   1.00818395222092892280E-017
      2629   2.27638019743226060800E+018   1.00317917102570918971E-017
      2630   2.17366844890727936000E+018   9.11747933382063344070E-018
      2631   2.17366848243642572800E+018   9.11748020698133659806E-018
      2632   2.17409608829553561600E+018   9.11813437232435869656E-018
      2633   2.17366844991526502400E+018   9.11747933804861358092E-018
      2634   2.17366844989245516800E+018   9.11747933795296573690E-018
      2635   2.17366844991480268800E+018   9.11747933804670151767E-018
      2636   2.17366844991384268800E+018   9.11747933804267555371E-018
      2637   2.25160398938797798400E+018   1.00183057876497995242E-017
      2638   2.27971221832398950400E+018   1.04178609897421208101E-017
      2639   2.28083290584158796800E+018   1.03857297525209273745E-017
      2640   2.25995883844804736000E+018   1.01163944831236274298E-017
      2641   2.27445483762712678400E+018   1.02729540321729540751E-017
      2642   2.26680344527565721600E+018   1.01616659272836492182E-017
      2643   2.26170217973661363200E+018   1.01263726115644569239E-017
      2644   2.26624607431229619200E+018   1.01518453448833731203E-017
      2645   2.26772926270650828800E+018   1.01674683012364015032E-017
      2646   2.26640008161900646400E+018   1.01507967597805143523E-017
      2647   2.26447498033953484800E+018   1.01287792427799437306E-017
      2648   2.27404582652766412800E+018   1.02805720444515682261E-017
      2649   2.26989346549332249600E+018   1.02537467847639455832E-017
      2650   2.26879744138388070400E+018   1.02245183192025645762E-017
      2651   2.26407185029668812800E+018   1.01650296636586222881E-017
      2652   2.26676772322556185600E+018   1.01882545358492027860E-017
      2653   2.27004149030380646400E+018   1.02259119591230097109E-017
      2654   2.26779457863409459200E+018   1.01831328673136375589E-017
      2655   2.26414109055802265600E+018   1.01721190567708464576E-017
      2656   2.26942063608590566400E+018   1.02203877445310516681E-017
      2657   2.27936352984380595200E+018   1.03270391050484853009E-017
      2658   2.27605763263009126400E+018   1.02867262429078592945E-017
      2659   2.28072507429072537600E+018   1.03439138610850368063E-017
      2660   2.27816830916911846400E+018   1.03036381629666524810E-017
      2661   2.27389961890903884800E+018   1.02558266597894932125E-017
      2662   2.27187070392091443200E+018   1.02511518537983270225E-017
      2663   2.31539606146329856000E+018   1.08771824443271718476E-017
      2664   2.30693752082047232000E+018   1.07815229727595485714E-017
      2665   2.34365319990190182400E+018   1.10552286554599036516E-017
      2666   2.29582615740786099200E+018   1.06556131497339784205E-017
      2667   2.32515767893001523200E+018   1.09766443486243650620E-017
      2668   2.31382852636342937600E+018   1.08823151815628637885E-017
      2669   2.32545909456409344000E+018   1.09662803506198470685E-017
      2670   2.31587955208157542400E+018   1.08849647445450839666E-017
      2671   2.28066456869955993600E+018   1.04110944504373996724E-017
      2672   2.27856467094538675200E+018   1.03944128744539075836E-017
      2673   2.27776066707043840000E+018   1.04366589843163706157E-017
      2674   2.27776068207063705600E+018   1.04755497376158107515E-017
      2675   2.28199077508898508800E+018   1.04617053475046189161E-017
      2676   2.35705383725612134400E+018   1.10695053137336198746E-017
      2677   2.36204378660267980800E+018   1.10936972282644784444E-017
      2678   2.34786941720578457600E+018   1.10016094204838646619E-017
      2679   2.29538146419925196800E+018   1.07254658783574420427E-017
      2680   2.29151042890336537600E+018   1.06669640724249724517E-017
      2681   2.28869284015436595200E+018   1.06213909709626441885E-017
      2682   2.15573219078163430400E+018   9.76870903244151309547E-018
      2683   2.36204905688441139200E+018   1.04720469281901331489E-017
      2684   2.23689524505598464000E+018   1.01098317145270892906E-017
      2685   2.34415540422349465600E+018   1.04315434846164002467E-017
      2686   2.24159828324909081600E+018   1.01217642236059841330E-017
      2687   2.25204288616047411200E+018   1.01685764953702507176E-017
      2688   2.21076913209747456000E+018   9.99709893802548592317E-018
      2689   2.05285196556283596800E+018   9.39836667319669607383E-018
      2690   2.11246953822305817600E+018   9.60769357341133518651E-018
      2691   2.27360668896665318400E+018   1.01624405633138177581E-017
      2692   2.32628791658402406400E+018   1.03603494462400768371E-017
      2693   2.23648042247894144000E+018   1.00428610074126174825E-017
      2694   2.23515968190431180800E+018   1.00271098397572276526E-017
      2695   2.31988445445628620800E+018   1.03428235758939659984E-017
      2696   2.27857397114569011200E+018   1.01933896930755336185E-017
      2697   2.32996182201747712000E+018   1.03892809587463994538E-017
      2698   2.29505986491059660800E+018   1.02565792925836325555E-017
      2699   2.28941732147294950400E+018   1.02902844306321300054E-017
      2700   2.25018756010399436800E+018   1.01487187878077984882E-017
      2701   2.27321660189455462400E+018   1.01800045178301098449E-017
      2702   2.30935248633545420800E+018   1.03134329609145431314E-017
      2703   2.29601936302299212800E+018   1.04075164284314894751E-017
      2704   2.27963760345693747200E+018   1.02923072846659688622E-017
      2705   2.27744990819676313600E+018   1.02229729816807387949E-017
      2706   2.29234291813612697600E+018   1.03548638293786392624E-017
      2707   2.26472898821984563200E+018   1.01588761367860220228E-017
      2708   2.26689412782316544000E+018   1.01424401999105758295E-017
      2709   2.25782911950612736000E+018   1.00651442067536522183E-017
      2710   2.26125800515699635200E+018   1.00733663156028875462E-017
      2711   2.25625559130657254400E+018   1.00764298924784825730E-017
      2712   2.26456132135004851200E+018   1.01827727991965200099E-017
      2713   2.26690612392560614400E+018   1.01818733071893735019E-017
      2714   2.25802853127913318400E+018   9.98639857132703373150E-018
      2715   2.27919248024538777600E+018   1.00797032120651065122E-017
      2716   2.17366846553894451200E+018   9.11747974957545078162E-018
      2717   2.17366844965554969600E+018   9.11747933695932917479E-018
      2718   2.17366844988633472000E+018   9.11747933792713362375E-018
      2719   2.17366844992402022400E+018   9.11747933808473632295E-018
      2720   2.17366844989885184000E+018   9.11747933798024152715E-018
      2721   2.17366844990698291200E+018   9.11747933801394992341E-018
      2722   2.17366844997514137600E+018   9.11747933829946980803E-018
      2723   2.17366844991102822400E+018   9.11747933803145277474E-018
      2724   2.17366844987844608000E+018   9.11747933789409391036E-018
      2725   2.17366844986282112000E+018   9.11747933782787581664E-018
      2726   2.17366844991461632000E+018   9.11747933804602204958E-018
      2727   2.17366844989895756800E+018   9.11747933798011826763E-018
      2728   2.17366844991339315200E+018   9.11747933804098997983E-018
      2729   2.17366844981410252800E+018   9.11747933762440054765E-018
      2730   2.17366844991625753600E+018   9.11747933805278745629E-018
      2731   2.17366844910432153600E+018   9.11747933464713626150E-018
      2732   2.17366844991264665600E+018   9.11747933803738926120E-018
      2733   2.17366844986826265600E+018   9.11747933785192682979E-018
      2734   2.23223445442967449600E+018   9.78592879815819631396E-018
      2735   2.23987916600060211200E+018   9.84527501982203555067E-018
      2736   2.23835771481020723200E+018   9.87099209798546088926E-018
      2737   2.24278780508399872000E+018   9.93149205111872200635E-018
      2738   2.23585478163123993600E+018   9.80984688774623811249E-018
      2739   2.25072226335157273600E+018   9.80655740195995514875E-018
      2740   2.24559114960204441600E+018   9.91029377645169090629E-018
      2741   2.26690139912537420800E+018   9.90998731636003870887E-018
      2742   2.23902128110050662400E+018   9.84823140642556338054E-018
      2743   2.23865627899672012800E+018   9.69561628840283317509E-018
      2744   2.26949877207224755200E+018   9.87860395189226711105E-018
      2745   2.27820259250480102400E+018   9.83326630937710562986E-018
      2746   2.24014286452243942400E+018   9.76743245803334060097E-018
      2747   2.19245664999834393600E+018   9.57800702672091041984E-018
      2748   2.23796425962746726400E+018   9.77870406190257600569E-018
      2749   2.17366844990155724800E+018   9.11747933799114383138E-018
      2750   2.17366844971503027200E+018   9.11747933720875867300E-018
      2751   2.17366844988944281600E+018   9.11747933794033009572E-018
      2752   2.17366844991767142400E+018   9.11747933805873626871E-018
      2753   5.09828595209746227200E+018   1.60254336866673818566E-017
      2754   5.79966936252020019200E+018   1.70360394184216405291E-017
      2755   4.72023732570974515200E+018   1.53617559605582683134E-017
      2756   5.50596675326708940800E+018   1.67055177933261017595E-017
      2757   2.16694822917182745600E+018   9.06565692131496773671E-018
      2758   2.20008129210388172800E+018   9.29701957378619839092E-018
      2759   2.22447419750351129600E+018   9.48479651944206553115E-018
      2760   2.25897276699042585600E+018   9.83684099543342127959E-018
      2761   2.23764217147435008000E+018   9.61033289974192620515E-018
      2762   2.30199571259833574400E+018   1.03802187240282270156E-017
      2763   2.22146706617641318400E+018   9.46454567694865251491E-018
      2764   2.17429656504686131200E+018   9.12051925398851498341E-018
      2765   2.16030198016924928000E+018   9.02466008494300355130E-018
      2766   2.15889085374330905600E+018   9.01976043432369538780E-018
      2767   2.22368193797622220800E+018   9.47354967746691417932E-018
      2768   2.38953590538873907200E+018   1.13970321487522792796E-017
      2769   2.43103711417919129600E+018   1.17468955325133923072E-017
      2770   2.30939382899596902400E+018   1.04832511599514504575E-017
      2771   2.31609680571465011200E+018   1.05706229235388179744E-017
      2772   2.55503774243365376000E+018   1.24895157247696853321E-017
      2773   2.61264356565580390400E+018   1.27418865652012408543E-017
      2774   2.99839996326868275200E+018   1.37594829980444681921E-017
      2775   3.31150505808901120000E+018   1.42083731460990687226E-017
      2776   3.79345339906096332800E+018   1.46133829033284643289E-017
      2777   2.41901461930135961600E+018   1.16538186758123589155E-017
      2778   2.25592983387574732800E+018   1.00898338687094084634E-017
      2779   2.25036302695586713600E+018   1.00565249715843154895E-017
      2780   2.24978712749460966400E+018   1.00483919060337151444E-017
      2781   2.26906488719163238400E+018   1.02943198136730512311E-017
      2782   2.26853587409224345600E+018   1.02894204217319867417E-017
      2783   2.26701834282960563200E+018   1.02764237888026248586E-017
      2784   2.26893134760067200000E+018   1.02947317657455503334E-017
      2785   2.31081428088284211200E+018   1.07678445767465206861E-017
      2786   2.29303676440119936000E+018   1.06270808040643749293E-017
      2787   2.30277157244639872000E+018   1.06861980872148427572E-017
      2788   2.27411751861436723200E+018   1.03579002011485000496E-017
      2789   2.27289926528976998400E+018   1.03266730902343692462E-017
      2790   2.28262379213413401600E+018   1.04334032569425142985E-017
      2791   2.27458577580943718400E+018   1.04008671855213022700E-017
      2792   2.28123661678636390400E+018   1.04477857929416044765E-017
      2793   2.28002968760686592000E+018   1.04670371423700049446E-017
      2794   2.27405279048119475200E+018   1.03623698004485872047E-017
      2795   2.27886586662098227200E+018   1.03783734814935311857E-017
      2796   2.27307778244056473600E+018   1.03575702702899529122E-017
      2797   2.27085881820316697600E+018   1.03124871359534083405E-017
      2798   2.26788478237113267200E+018   1.02975494900660354398E-017
      2799   2.26851375625744896000E+018   1.03137342727561009490E-017
      2800   2.26899425809284556800E+018   1.03224995713078086942E-017
      2801   2.26871216876999756800E+018   1.03110698508031296704E-017
      2802   2.26178787727409100800E+018   1.02574152374142385627E-017
      2803   2.26288105498123417600E+018   1.02500358406365057718E-017
      2804   2.26119870113702041600E+018   1.02299032082896052949E-017
      2805   2.27859634219935948800E+018   1.03825981868197127711E-017
      2806   2.27345553031984998400E+018   1.03365937402137634255E-017
      2807   2.27078245524518758400E+018   1.03221223857590470154E-017
      2808   2.27389736191033216000E+018   1.03337762428597034115E-017
      2809   2.25950442562639411200E+018   1.02148800625148154656E-017
      2810   2.25848244398854195200E+018   1.02009244179878776462E-017
      2811   2.25464392098695270400E+018   1.01504621927702355528E-017
      2812   2.25530803202359398400E+018   1.01595396080250536254E-017
      2813   2.25374676860822860800E+018   1.01401272371745744659E-017
      2814   2.25426465908151808000E+018   1.01437726582043152751E-017
      2815   2.25405537681232793600E+018   1.01438381397104632001E-017
      2816   2.26863969881018931200E+018   1.03002808719391700867E-017
      2817   2.27130607835737804800E+018   1.03198109760392963974E-017
      2818   2.27012759431913625600E+018   1.03048752440443881899E-017
      2819   2.27330484832047001600E+018   1.04111716692565657897E-017
      2820   2.27064155773608908800E+018   1.03615101864190050281E-017
      2821   2.27063816461929497600E+018   1.03684040899877999674E-017
      2822   2.26555864449760332800E+018   1.02920900520009632093E-017
      2823   2.26404987241822668800E+018   1.02774689123859777731E-017
      2824   2.23907500463311385600E+018   9.67928368656989828451E-018
      2825   4.40326361399312384000E+017   3.77917560572138621605E-018
      2826   1.00838035890450534400E+018   5.63526675767007997289E-018
      2827   2.21050966578801203200E+018   9.59761746147218938797E-018
      2828   2.22352230949841049600E+018   9.64736089085046470838E-018
      2829   2.12921194695321651200E+018   9.30596699467696724305E-018
      2830   2.19429333697193779200E+018   9.53303507051493731458E-018
      2831   2.13250935208471244800E+018   9.32069823217265230336E-018
      2832   2.12334952333963417600E+018   9.29005700846700334044E-018
      2833   2.17366844812666291200E+018   9.11747933054633066811E-018
      2834   2.17366844945205990400E+018   9.11747933610572158632E-018
      2835   2.17366844991268582400E+018   9.11747933803782529174E-018
      2836   2.17366844908685132800E+018   9.11747933457385231600E-018
      2837   2.17366844992072729600E+018   9.11747933807155371767E-018
      2838   2.17366844848664192000E+018   9.11747933205626436674E-018
      2839   2.17366844991715968000E+018   9.11747933805659155312E-018
      2840   2.17366844694494924800E+018   9.11747932558959096289E-018
      2841   2.17366844992560358400E+018   9.11747933809200863442E-018
      2842   2.17366844991926169600E+018   9.11747933806540614929E-018
      2843   2.17366844992501606400E+018   9.11747933808954498484E-018
      2844   2.17366844792938521600E+018   9.11747932971884331193E-018
      2845   2.17366844989162035200E+018   9.11747933794946362589E-018
      2846   2.17366844992364595200E+018   9.11747933808380417286E-018
      2847   2.17366844989647308800E+018   9.11747933796984766842E-018
      2848   2.17366844990760268800E+018   9.11747933801649985465E-018
      2849   2.17366844992215296000E+018   9.11747933807756261910E-018
      2850   2.17366844974309222400E+018   9.11747933732656857807E-018
      2851   2.17366844990202137600E+018   9.11747933799269381980E-018
      2852   2.20510060826923161600E+018   9.49145355172910038681E-018
      2853   2.20456829376265856000E+018   9.49885669108057554019E-018
      2854   2.20433890111013606400E+018   9.50383790811244962714E-018
      2855   2.20196723210366387200E+018   9.51824933742490292706E-018
      2856   2.22614349116704844800E+018   9.71451170563408390202E-018
      2857   2.21771756539790412800E+018   9.66805615516752729819E-018
      2858   2.22103453843842534400E+018   9.67960093687299763896E-018
      2859   2.17366844992316800000E+018   9.11747933808179196126E-018
      2860   2.17366844992419635200E+018   9.11747933808610450359E-018
      2861   2.17366844952258099200E+018   9.11747933640152131462E-018
      2862   2.17366844987273088000E+018   9.11747933787023240872E-018
      2863   2.17366844823569920000E+018   9.11747933100368356312E-018
      2864   2.17366844992333619200E+018   9.11747933808249762199E-018
      2865   2.17366844991420134400E+018   9.11747933804418240130E-018
      2866   2.17366844992672102400E+018   9.11747933809669403679E-018
      2867   2.17366844989792614400E+018   9.11747933797591357738E-018
      2868   2.17366844993141606400E+018   9.11747933811638782603E-018
      2869   2.17366844992377472000E+018   9.11747933808433572953E-018
      2870   2.17366844700798873600E+018   9.11747932585403655169E-018
      2871   2.17705870261684889600E+018   9.13237107211252512647E-018
      2872   2.17366844850248038400E+018   9.11747933212269816462E-018
      2873   2.17366844990874905600E+018   9.11747933802150419102E-018
      2874   2.17366844990897152000E+018   9.11747933802227302225E-018
      2875   2.17366844990178150400E+018   9.11747933799209138891E-018
      2876   2.25261110069472409600E+018   1.05897747393168358575E-017
      2877   2.21367523452997324800E+018   1.04426292764093592101E-017
      2878   2.23512883508196966400E+018   1.04977324988339475683E-017
      2879   2.31585108161480140800E+018   1.07847884382375760487E-017
      2880   2.42684550241985792000E+018   1.11948890765829460253E-017
      2881   2.41187038203657932800E+018   1.11322426948942989421E-017
      2882   2.35165762944870809600E+018   1.09499560116631707797E-017
      2883   2.51808461597978726400E+018   1.23071479236690217110E-017
      2884   2.33995293130506854400E+018   1.10511921748154078860E-017
      2885   2.34001069064745216000E+018   1.10513441824916513275E-017
      2886   2.39060594347696128000E+018   1.13993708763221237046E-017
      2887   2.40078294449402368000E+018   1.14989752468135970238E-017
      2888   2.40535147907086745600E+018   1.15391349902919806820E-017
      2889   2.41944449626385305600E+018   1.16576271533006287360E-017
      2890   2.39373592701891481600E+018   1.14276993587309130414E-017
      2891   2.39546371847757721600E+018   1.14484713893876707148E-017
      2892   2.37944354783239936000E+018   1.12889079528565945739E-017
      2893   1.89937283254970803200E+018   9.46436538201697941270E-018
      2894   2.07301000365951513600E+018   1.01347581202224172501E-017
      2895   2.03875168845326873600E+018   1.00163397315334516983E-017
      2896   2.11437622856549913600E+018   1.02757749742130556048E-017
      2897   2.06325692871955686400E+018   1.00145712369639237246E-017
      2898   2.33831360559228262400E+018   1.10540185667983726566E-017
      2899   2.34987293543202048000E+018   1.11088401987119276031E-017
      2900   2.44857558837654528000E+018   1.13279075991476637645E-017
      2901   2.35055968438624614400E+018   1.10222151981247707745E-017
      2902   2.22671742932317184000E+018   1.05407148461306590564E-017
      2903   2.40864780026247680000E+018   1.11633247661068213694E-017
      2904   2.39486346116896307200E+018   1.11388441886029002501E-017
      2905   2.51054288912782694400E+018   1.15021224332493115585E-017
      2906   2.35130466624966502400E+018   1.09310182078926515519E-017
      2907   2.26562973033699302400E+018   1.07000975656102311772E-017
      2908   2.35706084609661644800E+018   1.09762144508467457226E-017
      2909   2.24922478614463411200E+018   1.06995064102694893259E-017
      2910   2.17366844972064819200E+018   9.11747933723232127031E-018
      2911   2.17366844990241459200E+018   9.11747933799474146851E-018
      2912   3.17534381552236544000E+018   1.40303373991340392505E-017
      2913   2.77815667203762892800E+018   1.32640066856190067936E-017
      2914   2.55224773129757593600E+018   1.24689102387398271339E-017
      2915   2.17366844804072089600E+018   9.11747933018584280484E-018
      2916   2.17366875655648051200E+018   9.11748062425758312826E-018
      2917   2.17366844992379289600E+018   9.11747933808258390365E-018
      2918   2.17366844978124492800E+018   9.11747933748405880297E-018
      2919   2.17366875382310502400E+018   9.11748061279414149122E-018
      2920   2.17366844987572224000E+018   9.11747933788426088244E-018
      2921   2.17366844987611545600E+018   9.11747933788367694048E-018
      2922   2.17366844985245516800E+018   9.11747933778518950536E-018
      2923   2.17366844785953484800E+018   9.11747932942585698209E-018
      2924   2.17366844977761484800E+018   9.11747933747041859673E-018
      2925   2.17366844977474764800E+018   9.11747933745817738601E-018
      2926   2.17366844992475136000E+018   9.11747933808843256770E-018
      2927   2.17366844857979520000E+018   9.11747933244690921146E-018
      2928   2.17366674547556044800E+018   9.11747218875316854449E-018
      2929   2.17366844982647500800E+018   9.11747933767627585589E-018
      2930   2.17366844980127232000E+018   9.11747933756982893749E-018
      2931   2.17366844992394700800E+018   9.11747933808409999570E-018
      2932   2.17366844994247884800E+018   9.11747933816309393830E-018
      2933   2.17366844992293427200E+018   9.11747933808081204810E-018
      2934   2.17366844556420249600E+018   9.11747931979805769365E-018
      2935   2.17366844992189593600E+018   9.11747933807645482419E-018
      2936   2.17366844857837081600E+018   9.11747933244058137603E-018
      2937   3.03191066163869235200E+018   1.38263114694908614228E-017
      2938   2.67016651575463116800E+018   1.29553603449567612049E-017
      2939   2.51206623216364492800E+018   1.22736973694472396329E-017
      2940   2.17366844973510707200E+018   9.11747933729290794488E-018
      2941   2.17366844952543027200E+018   9.11747933641351908780E-018
      2942   2.17366844977587712000E+018   9.11747933746397212402E-018
      2943   2.17366844786543897600E+018   9.11747932945071226358E-018
      2944   2.17366844988628352000E+018   9.11747933792727999442E-018
      2945   2.17366844989654297600E+018   9.11747933797007723927E-018
      2946   2.17366844642887347200E+018   9.11747932342510300964E-018
      2947   2.17366844992092800000E+018   9.11747933807239342313E-018
      2948   2.17366844980523878400E+018   9.11747933758733024808E-018
      2949   2.17366844991308492800E+018   9.11747933803952627307E-018
      2950   2.17366844991468620800E+018   9.11747933804618074621E-018
      2951   2.17366844981734784000E+018   9.11747933763794830925E-018
      2952   2.17366844991456972800E+018   9.11747933804572468600E-018
      2953   2.17366844992100684800E+018   9.11747933807272776457E-018
      2954   2.17366844991248588800E+018   9.11747933803698404554E-018
      2955   2.16896940618050534400E+018   9.08705870130390567597E-018
      2956   2.17394092013717555200E+018   9.11904285810621268098E-018
      2957   2.17366844993328179200E+018   9.11747933812421326458E-018
      2958   2.17366844625383347200E+018   9.11747932269072126994E-018
      2959   2.35803935179670169600E+018   1.11634406494321630158E-017
      2960   2.35837256708157184000E+018   1.11650283226927427692E-017
      2961   2.29570146405167411200E+018   1.06922595606266632638E-017
      2962   2.29537656705508300800E+018   1.07108045753435166532E-017
      2963   2.29584867896275993600E+018   1.07111409340064111364E-017
      2964   2.30053926173436876800E+018   1.08085892609169018814E-017
      2965   2.30034493191592601600E+018   1.07653360108687238835E-017
      2966   2.29989761099904768000E+018   1.07789168674747451147E-017
      2967   2.30019673464839884800E+018   1.07628185674308661166E-017
      2968   2.30041748552141337600E+018   1.07686033387565725761E-017
      2969   2.30318218431205273600E+018   1.08399526952562645267E-017
      2970   2.30306827669545958400E+018   1.08324844207075265122E-017
      2971   2.30497906680169574400E+018   1.08568873575324218647E-017
      2972   2.30824565020600934400E+018   1.08642878962943175135E-017
      2973   2.30169244272313241600E+018   1.08302676772567631998E-017
      2974   2.30424245018882611200E+018   1.08348145821154129804E-017
      2975   2.30311507970534784000E+018   1.08235076766965362628E-017
      2976   2.29981787441008384000E+018   1.08110448633210552296E-017
      2977   2.29981898670014412800E+018   1.07939700103566826180E-017
      2978   2.29945027452329932800E+018   1.07832335346004850443E-017
      2979   2.30057182839256678400E+018   1.07768718395655272434E-017
      2980   2.30205334578913920000E+018   1.08102108223635006544E-017
      2981   2.30134670195902489600E+018   1.07974627497081652036E-017
      2982   2.30150344418597376000E+018   1.08071734121696493095E-017
      2983   2.30212815826405734400E+018   1.08157052909168619011E-017
      2984   2.30253708791825382400E+018   1.07511163951952898750E-017
      2985   2.30395742362080179200E+018   1.07709109699681141052E-017
      2986   2.30378772064983628800E+018   1.07699914594487877427E-017
      2987   2.29827118801649331200E+018   1.07464190742095274421E-017
      2988   2.30087449556918784000E+018   1.08072251934112148907E-017
      2989   2.29853871525648588800E+018   1.07438362364767942057E-017
      2990   2.30111498218928256000E+018   1.07664665979651666907E-017
      2991   2.30013530566666393600E+018   1.07545568995808501667E-017
      2992   2.29804641820526284800E+018   1.07414759817976697575E-017
      2993   2.30084950255756441600E+018   1.07405394745756947519E-017
      2994   2.29989636548736486400E+018   1.07621690420336792410E-017
      2995   2.29982543153266560000E+018   1.07622800937514800430E-017
      2996   2.30015465791164160000E+018   1.07582207744833526034E-017
      2997   2.29988889308022835200E+018   1.07596934439392846193E-017
      2998   2.30028607404778496000E+018   1.07528657395466009229E-017
      2999   2.30097267689017958400E+018   1.07764464827056008599E-017
      3000   2.30081417919713945600E+018   1.07643332858935734518E-017
      3001   2.30515945772008192000E+018   1.07579026783355090717E-017
      3002   2.17366845223128268800E+018   9.11747934776169304730E-018
      3003   2.17366845366468608000E+018   9.11747935377406885141E-018
      3004   2.61729705907235942400E+018   1.27404616746916408869E-017
      3005   2.67934904521581260800E+018   1.29574461188335129317E-017
      3006   3.00076139295858329600E+018   1.37271378484971167683E-017
      3007   2.75573731118732646400E+018   1.31837552472006051558E-017
      3008   3.08264259926392729600E+018   1.38676880442126156436E-017
      3009   2.90558471176963635200E+018   1.35449715231104559858E-017
      3010   2.17366846678931865600E+018   9.11747940882709062348E-018
      3011   2.17366846611469107200E+018   9.11747940599780554980E-018
      3012   2.17366846015818956800E+018   9.11747938101161783082E-018
      3013   2.17366845777192550400E+018   9.11747937100493265553E-018
      3014   2.17366849494974464000E+018   9.11747952694972973874E-018
      3015   2.17366844812132915200E+018   9.11747933052395598439E-018
      3016   2.17366844987601177600E+018   9.11747933788353056980E-018
      3017   2.17366844991287936000E+018   9.11747933803872816770E-018
      3018   2.17366844982213504000E+018   9.11747933765908731632E-018
      3019   2.17366844911776332800E+018   9.11747933470282491103E-018
      3020   2.17366844990483737600E+018   9.11747933800450824445E-018
      3021   2.17366844991311513600E+018   9.11747933803961563622E-018
      3022   2.17366844985786470400E+018   9.11747933780786309341E-018
      3023   2.17366844973892710400E+018   9.11747933730899023028E-018
      3024   2.17366844992114790400E+018   9.11747933807331786950E-018
      3025   2.17366844990744576000E+018   9.11747933801584195698E-018
      3026   2.17366844992123187200E+018   9.11747933807367378135E-018
      3027   2.17366844991893760000E+018   9.11747933806404875386E-018
      3028   2.17366844968106188800E+018   9.11747933706627529423E-018
      3029   2.17366844982305792000E+018   9.11747933766187760362E-018
      3030   2.17366844990857625600E+018   9.11747933802058128539E-018
      3031   2.17366844991559782400E+018   9.11747933805003722833E-018
      3032   2.17366844992211737600E+018   9.11747933807738697429E-018
      3033   2.17366844991432499200E+018   9.11747933804470163201E-018
      3034   2.17366844993454617600E+018   9.11747933812950880156E-018
      3035   2.17366844990488780800E+018   9.11747933800512454203E-018
      3036   2.17366844990100352000E+018   9.11747933798882038949E-018
      3037   2.22080102038981836800E+018   9.49115826382847279295E-018
      3038   2.16777538851203302400E+018   9.13876872368800104453E-018
      3039   2.17894413252761369600E+018   9.22108909919229174870E-018
      3040   2.50504271476582195200E+018   1.22234800298315133744E-017
      3041   2.60011906110669824000E+018   1.26698533286623814201E-017
      3042   2.26111301163778124800E+018   9.87316155221759711277E-018
      3043   2.26316200767214464000E+018   1.00270999424950918160E-017
      3044   2.25986247758189516800E+018   1.00103480278880058794E-017
      3045   2.17366844992225152000E+018   9.11747933807794780509E-018
      3046   2.16538276226296755200E+018   9.10303771325873061771E-018
      3047   2.16854107827410048000E+018   9.13122116610061716894E-018
      3048   2.17015942892723404800E+018   9.14857215370422005455E-018
      3049   2.16656492226543462400E+018   9.12196480400445570910E-018
      3050   2.16679255607575219200E+018   9.10636516225626641853E-018
      3051   2.16722736201127193600E+018   9.10136662219874210302E-018
      3052   2.16942910712926873600E+018   9.10227345544675340163E-018
      3053   2.16812483891231283200E+018   9.09606369489194368114E-018
      3054   2.17366786195928243200E+018   9.11744323551257697679E-018
      3055   2.17349387680797542400E+018   9.11824130808327073214E-018
      3056   2.17325135590566067200E+018   9.11810062442375629409E-018
      3057   2.17211270286703718400E+018   9.11385318401511385904E-018
      3058   2.17280771910704742400E+018   9.11787492870775852212E-018
      3059   2.17351208138233344000E+018   9.11919503669112798335E-018
      3060   2.17320575813585356800E+018   9.11951384430860059221E-018
      3061   2.17359211784047129600E+018   9.11980406764980170127E-018
      3062   2.17372224891543500800E+018   9.11754856941907521433E-018
      3063   2.17378826796799718400E+018   9.11770201899160077868E-018
      3064   2.17597212209883673600E+018   9.21315911719375809966E-018
      3065   2.17760088990413363200E+018   9.24478691347381212055E-018
      3066   2.18539300900957644800E+018   9.30794983820234479774E-018
      3067   2.18730332896990694400E+018   9.31724775851218144602E-018
      3068   2.17977619223207219200E+018   9.24879430388223948418E-018
      3069   2.17706495971535641600E+018   9.25275084398608343374E-018
      3070   2.20649733736026700800E+018   9.46316397763850782729E-018
      3071   2.20496785518289664000E+018   9.46921232537064690841E-018
      3072   2.22230389387401804800E+018   9.56460073734485603824E-018
      3073   2.21361287176355404800E+018   9.52038463695864194788E-018
      3074   2.22651272987107686400E+018   9.61386612450706507344E-018
      3075   2.16622269188018611200E+018   9.09614691438395437694E-018
      3076   2.16738976351317273600E+018   9.09151435580328426155E-018
      3077   2.18716022693076147200E+018   9.30838894973006807474E-018
      3078   2.17653131903320038400E+018   9.22720008581163262529E-018
      3079   2.17622815649915084800E+018   9.22613274386470013809E-018
      3080   2.16577806114000230400E+018   9.14623908354757836555E-018
      3081   2.16668450255773670400E+018   9.10239182715038157880E-018
      3082   2.05926860165495398400E+018   9.47898765075689428424E-018
      3083   2.12459649966775705600E+018   9.69565158612384593653E-018
      3084   2.17600857437274240000E+018   9.20819302173441562557E-018
      3085   2.17537254782981094400E+018   9.22686121072527546534E-018
      3086   2.17504513215271424000E+018   9.22092983019580348618E-018
      3087   2.17318069418086425600E+018   9.27059472076305961673E-018
      3088   2.27409839267266662400E+018   9.35968142406278415836E-018
      3089   2.17122265666062873600E+018   9.23487725205485400610E-018
      3090   2.27981758092425804800E+018   1.02116864525634909204E-017
      3091   2.29887812338060467200E+018   1.03621698024194442733E-017
      3092   2.30211726786835481600E+018   1.03854272423709443033E-017
      3093   2.21851375143215232000E+018   9.58902730924619781519E-018
      3094   2.21418502856316134400E+018   9.51942394835603389623E-018
      3095   2.21649989795379302400E+018   9.34007958390350018501E-018
      3096   2.17194532819395660800E+018   9.11443466849609092995E-018
      3097   2.17304359611348454400E+018   9.11689948652798045933E-018
      3098   2.16923482792887270400E+018   9.16967859603701005150E-018
      3099   2.17213828127713715200E+018   9.18348993936243385992E-018
      3100   2.16897307140494950400E+018   9.10813131033385759681E-018
      3101   2.16980301136120371200E+018   9.10869042920729643281E-018
      3102   2.16352104934650240000E+018   9.09277159661191284880E-018
      3103   2.16356643116401280000E+018   9.09686821885909350360E-018
      3104   2.16169911126452300800E+018   9.10032258822020689081E-018
      3105   2.16281036516325376000E+018   9.09690272443566459291E-018
      3106   2.16173056543070284800E+018   9.09105718389242902673E-018
      3107   2.16361379667488512000E+018   9.08850792545293542986E-018
      3108   2.16288167987884518400E+018   9.09107851541239440374E-018
      3109   2.14975791435677900800E+018   9.05592637747408246730E-018
      3110   2.16201754780972800000E+018   9.10793012569050984143E-018
      3111   2.16341809691442227200E+018   9.09033913976883859350E-018
      3112   2.17366844996632089600E+018   9.11747933976768786407E-018
      3113   2.17366844994419660800E+018   9.11747933888813722888E-018
      3114   2.17366844996644019200E+018   9.11747933957313042109E-018
      3115   2.17372285076703155200E+018   9.11759260868569921955E-018
      3116   2.17382097215926732800E+018   9.11779691210862549263E-018
      3117   2.17230881134491494400E+018   9.11279550673879771260E-018
      3118   2.16794232202398771200E+018   9.10673418623550105030E-018
      3119   2.16642813836423705600E+018   9.10512836613069433028E-018
      3120   2.16449832685056844800E+018   9.09148083774600255410E-018
      3121   2.17034708693932364800E+018   9.10968172407790527890E-018
      3122   2.19759064621641011200E+018   9.37049723383488856489E-018
      3123   2.19365325488295552000E+018   9.34611404075061379929E-018
      3124   2.16907862732482508800E+018   9.13594990652763821177E-018
      3125   2.16994474435493376000E+018   9.13696287966961302949E-018
      3126   2.17100620895669273600E+018   9.15071426102302434889E-018
      3127   2.17296828645252966400E+018   9.17546394321721818213E-018
      3128   2.17366844991283737600E+018   9.11747933803846161899E-018
      3129   2.17366844983375462400E+018   9.11747933568523869417E-018
      3130   2.17366844991650304000E+018   9.11747933805383208070E-018
      3131   2.17366844995628416000E+018   9.11747934201848213073E-018
      3132   2.17366844980075161600E+018   9.11747933561643369135E-018
      3133   2.17366844988194611200E+018   9.11747934284842389204E-018
      3134   2.17366845003177702400E+018   9.11747934238666138783E-018
      3135   2.17379112113172736000E+018   9.11566372068914923928E-018
      3136   2.17366844999478092800E+018   9.11747934073346469398E-018
      3137   2.17353622886648934400E+018   9.11742152691764740899E-018
      3138   2.17366845001556275200E+018   9.11747934170195939623E-018
      3139   2.17366845000508006400E+018   9.11747934097895913213E-018
      3140   2.17366844986369843200E+018   9.11747933791978119359E-018
      3141   2.17366844985135206400E+018   9.11747933663869265393E-018
      3142   1.52152747269236736000E+018   7.25333567669692041346E-018
      3143   2.17976620101956121600E+018   9.33496865110732866613E-018
      3144   2.11297765457178393600E+018   9.10702029532451396146E-018
      3145   1.06004097621605580800E+018   5.71536824262263302909E-018
      3146   1.32358056491150848000E+018   6.64770813268070390906E-018
      3147   2.19458528484298316800E+018   9.36495829691650530101E-018
      3148   2.06168373531715584000E+018   8.85450085220778728969E-018
      3149   2.16787650593099366400E+018   9.16917575679215671579E-018
      3150   2.17490277624262860800E+018   9.17902976736854849475E-018
      3151   2.17862276571397811200E+018   9.31188253595953314157E-018
      3152   2.16780856818185088000E+018   9.26280495167442908831E-018
      3153   2.22350881748584832000E+018   9.43140430817617793458E-018
      3154   1.95999316801839052800E+018   8.55046142340549223545E-018
      3155   1.96001002897391769600E+018   8.55587196872668702198E-018
      3156   2.08757803142302208000E+018   8.97893533051092151374E-018
      3157   2.00615008409269939200E+018   8.71254290313368429919E-018
      3158   1.95621865380363724800E+018   8.53892331903745783309E-018
      3159   2.06456704550056601600E+018   8.89581898212036439577E-018
      3160   2.09787173695275622400E+018   9.02842532128169561912E-018
      3161   2.11698262958037478400E+018   9.09777422196531178918E-018
      3162   2.32459098140115302400E+018   9.72623621931294055227E-018
      3163   2.17351504643349708800E+018   9.30342288456106305342E-018
      3164   2.21680789407125734400E+018   9.41619825067432094419E-018
      3165   2.20576348218935680000E+018   9.39349334620448471863E-018
      3166   2.14056682979431884800E+018   9.18285111517829736439E-018
      3167   2.15109159554856857600E+018   9.22305763881085667218E-018
      3168   2.21948234665214028800E+018   9.45247470842196506938E-018
      3169   2.26793029070309350400E+018   9.56004122586712121738E-018
      3170   2.23298189938604876800E+018   9.45946924909701426288E-018
      3171   2.23694967738485964800E+018   9.48233177923003781029E-018
      3172   2.28267906057970713600E+018   9.64438826239879882788E-018
      3173   2.28322786688175718400E+018   9.62842853533606540953E-018
      3174   2.35800951741923276800E+018   1.10679265793652122259E-017
      3175   2.33259826635704115200E+018   1.07670791569119957641E-017
      3176   2.37086789515217971200E+018   1.12075540133677176717E-017
      3177   2.35498657534611814400E+018   1.10347532583587956872E-017
      3178   2.25552650038241843200E+018   9.95099555596583893264E-018
      3179   2.27116191561423078400E+018   1.00426651784746104743E-017
      3180   2.24680919948022886400E+018   9.75404481101667306580E-018
      3181   2.23261165691295564800E+018   9.76171224553465286274E-018
      3182   2.25623838128444185600E+018   9.81490479720429531401E-018
      3183   2.25273606143457177600E+018   1.00176932967141034082E-017
      3184   2.26183941270244864000E+018   1.00896855540240941676E-017
      3185   2.22125461963144627200E+018   9.62948624747178596434E-018
      3186   2.21579863530277529600E+018   9.56939520510785538294E-018
      3187   2.23939637101982822400E+018   9.57503843557211899698E-018
      3188   2.24066896290210867200E+018   9.59270374571676637455E-018
      3189   2.22182857468989875200E+018   9.62927343280243367885E-018
      3190   2.21518303624949913600E+018   9.56266653617500960960E-018
      3191   2.21665201886227737600E+018   9.57251378396808512250E-018
      3192   2.20770864437102208000E+018   9.49000513867310532285E-018
      3193   2.23387374046137369600E+018   9.53064932360016335258E-018
      3194   2.20946657171146342400E+018   9.46957356786267678101E-018
      3195   2.25267870405377740800E+018   1.01084826234157754719E-017
      3196   2.25243747295969510400E+018   1.01078945093982133697E-017
      3197   2.25338721574337894400E+018   1.01213712831368076989E-017
      3198   2.25326649946466585600E+018   1.01136524140259892790E-017
      3199   2.25308651154053913600E+018   1.01209712792182794207E-017
      3200   2.25295397438656921600E+018   1.01135940526974150284E-017
      3201   2.25294322013759718400E+018   1.01158902086104627782E-017
      3202   2.25499582744024601600E+018   1.01565441296428894569E-017
      3203   2.25806962898513305600E+018   1.01940580977032943139E-017
      3204   2.25760793217058252800E+018   1.01936206975624662977E-017
      3205   2.25847229211563571200E+018   1.01981257278916575770E-017
      3206   2.25466244287818060800E+018   1.01536742038500231114E-017
      3207   2.25681680792588441600E+018   1.01858712185398538805E-017
      3208   2.25262744162378291200E+018   1.01162736225764404029E-017
      3209   2.25337394506758144000E+018   1.01330864681304586138E-017
      3210   2.25305114387320960000E+018   1.01245291383182332852E-017
      3211   2.25329357168268134400E+018   1.01297441850795005026E-017
      3212   2.25284498664569856000E+018   1.01225741514840867506E-017
      3213   2.25290021617500723200E+018   1.01224675673267432962E-017
      3214   2.26256177585529190400E+018   1.02526656559529384175E-017
      3215   2.26573872557634790400E+018   1.02814901625974804768E-017
      3216   2.26604132793944755200E+018   1.02759718369687988189E-017
      3217   2.26966212713862041600E+018   1.02936179347751030939E-017
      3218   2.26596489159688627200E+018   1.02644609798512060876E-017
      3219   2.26217014932834432000E+018   1.02463824353945842095E-017
      3220   2.25462088658010393600E+018   1.01363451146995776373E-017
      3221   2.25856232573803392000E+018   1.02037318455841821775E-017
      3222   2.33797031013793433600E+018   1.10116693281285819362E-017
      3223   2.37682414042411571200E+018   1.10365665217555654827E-017
      3224   2.33846825419519232000E+018   1.10139534262544680970E-017
      3225   2.36312357427067699200E+018   1.10391394376051129921E-017
      3226   2.35189837395881625600E+018   1.10759022069274047445E-017
      3227   2.35443095284002764800E+018   1.11236249194791524117E-017
      3228   2.30150084441388083200E+018   1.08667244609775736992E-017
      3229   2.31223028571717427200E+018   1.08975506938267651733E-017
      3230   2.33346688308800204800E+018   1.10000047100004646089E-017
      3231   2.34515195868188928000E+018   1.10587838705444404404E-017
      3232   2.28328125275537280000E+018   1.07859477406708045252E-017
      3233   2.33414507942440499200E+018   1.09000213639819018651E-017
      3234   2.41287625026075750400E+018   1.16037694044984004124E-017
      3235   2.39183445716445593600E+018   1.14183136095445139147E-017
      3236   2.40024586599410944000E+018   1.14947986405695388888E-017
      3237   2.33254355964122880000E+018   1.09375989577211153145E-017
      3238   2.30836254838834739200E+018   1.08717063320456334133E-017
      3239   2.29549080137760665600E+018   1.08122446452222706942E-017
      3240   2.31359133969390387200E+018   1.08778083429643212361E-017
      3241   2.28656943042813235200E+018   1.07666640170676964434E-017
      3242   2.32250812755002009600E+018   1.09527158945924090945E-017
      3243   2.27133253760323276800E+018   1.09094459009205206965E-017
      3244   2.26301938005735808000E+018   1.08685850590063401239E-017
      3245   2.26380693919284147200E+018   1.07909626051304339850E-017
      3246   2.22227082707838233600E+018   1.06438149153938828415E-017
      3247   2.34477936712608409600E+018   1.10103471614290189990E-017
      3248   2.36339927236079052800E+018   1.11253150664427165012E-017
      3249   2.23643259201663360000E+018   1.05845800775198177504E-017
      3250   2.25355193360801152000E+018   1.06466921337715438639E-017
      3251   2.29291331091257139200E+018   1.08227871969208865271E-017
      3252   2.28925632305283148800E+018   1.08368319645768086513E-017
      3253   2.30502895981796147200E+018   1.09017594461990797539E-017
      3254   2.19616740835430886400E+018   1.05707273928433918014E-017
      3255   2.17196626306360524800E+018   1.05461984575711163410E-017
      3256   2.15180280073591372800E+018   1.04615031929488086785E-017
      3257   2.22508462156032947200E+018   1.07405519756202167549E-017
      3258   2.19273156037157222400E+018   1.06162652861132247715E-017
      3259   2.39544770943750092800E+018   1.11279349198349954891E-017
      3260   2.29217388915254451200E+018   1.09426579787106194350E-017
      3261   2.28575316503582745600E+018   1.08541488673345427781E-017
      3262   2.23358101252404198400E+018   1.06917657942313875798E-017
      3263   2.39307474216820531200E+018   1.14299430767608870506E-017
      3264   2.38720014611191603200E+018   1.13751194903372683509E-017
      3265   2.39267657269804902400E+018   1.14262705344353350197E-017
      3266   2.38694989210666291200E+018   1.13730960891496119442E-017
      3267   2.64851421355936102400E+018   1.28812621734060755236E-017
      3268   2.65753126581093068800E+018   1.29103536690905607238E-017
      3269   2.62159497059587686400E+018   1.27792587333476616404E-017
      3270   2.37836917018604902400E+018   1.12813735921810797427E-017
      3271   2.36017625548677273600E+018   1.11361450075657122559E-017
      3272   2.36633652122683289600E+018   1.11637974414802545731E-017
      3273   2.37993770774687436800E+018   1.13048971521585302751E-017
      3274   2.36848479288378060800E+018   1.11581978317771582841E-017
      3275   2.48669736524793139200E+018   1.21248557685954010881E-017
      3276   2.52774658165936793600E+018   1.23545417334921496014E-017
      3277   2.44875132258000998400E+018   1.18780483425446695778E-017
      3278   2.39716475650210867200E+018   1.14680243359822628501E-017
      3279   2.44893629897327667200E+018   1.18793653052035329574E-017
      3280   2.44893799109354854400E+018   1.18792059410240785693E-017
      3281   2.41855960912145868800E+018   1.16503063187335854555E-017
      3282   2.68326663563304192000E+018   1.29932477666018941073E-017
      3283   2.91646889890382182400E+018   1.35979950342889706487E-017
      3284   2.97594008301267763200E+018   1.37139554269535499161E-017
      3285   2.82787751011342489600E+018   1.33966380127417306195E-017
      3286   2.66472401312455270400E+018   1.29334818398617455510E-017
      3287   2.75662057536457779200E+018   1.32127092467311725587E-017
      3288   2.74098539111264409600E+018   1.31728049489568987906E-017
      3289   2.72417127099175884800E+018   1.31241209641040553749E-017
      3290   2.82922522160804249600E+018   1.34090618715877387222E-017
      3291   2.92908916980312832000E+018   1.36311743438544128310E-017
      3292   2.79041016432501196800E+018   1.33149601932695951060E-017
      3293   2.81196195031900569600E+018   1.33675526358844484089E-017
      3294   2.69786444327308646400E+018   1.30481210894928905355E-017
      3295   2.63993234382682060800E+018   1.28514638618087937644E-017
      3296   2.73291716023469516800E+018   1.31521756520210495804E-017
      3297   2.65425761209050931200E+018   1.29013424669540875476E-017
      3298   4.60710562385004032000E+018   1.52088778846985685787E-017
      3299   4.55290268562629376000E+018   1.51482802144692739401E-017
      3300   4.08630964209828864000E+018   1.47706185922287406100E-017
      3301   4.33454453647122534400E+018   1.49280757253532218325E-017
      3302   4.34335244381351884800E+018   1.49429581003932863262E-017
      3303   4.59020070988747980800E+018   1.51943865311335367961E-017
      3304   4.67095388251618201600E+018   1.52917616862513201400E-017
      3305   4.36418019765976012800E+018   1.49533776390865101224E-017
      3306   4.16811702556779059200E+018   1.48211804124886619162E-017
      3307   4.26715794469787033600E+018   1.48975360288387244085E-017
      3308   4.53929342141354956800E+018   1.51380411772211344039E-017
      3309   4.91459592662508544000E+018   1.56834550342980668878E-017
      3310   4.53945811937443481600E+018   1.51439240905167989900E-017
      3311   4.97406342057954201600E+018   1.58027920834637036436E-017
      3312   4.78929503677134131200E+018   1.54804160138227547033E-017
      3313   4.47345919388533657600E+018   1.50630614561179549883E-017
      3314   4.66232354115210649600E+018   1.52919910352693314168E-017
      3315   2.71019260339483648000E+018   1.30877715453588794367E-017
      3316   2.78770974465347276800E+018   1.33106330569123899826E-017
      3317   2.65183773224953804800E+018   1.28989883619329533804E-017
      3318   2.75096704074564352000E+018   1.32090910786994492647E-017
      3319   3.39027621011386521600E+018   1.43110091639785108964E-017
      3320   3.67628690072395980800E+018   1.45322806798070001234E-017
      3321   3.45862580097519462400E+018   1.43634232013052094318E-017
      3322   4.20847507023000883200E+018   1.48628699926948126140E-017
      3323   4.30562857394948556800E+018   1.49158631123738403757E-017
      3324   4.11111437487024281600E+018   1.47992416700358384389E-017
      3325   3.86610126348658688000E+018   1.46409194373696019092E-017
      3326   3.33202168242202982400E+018   1.42515687672382793629E-017
      3327   3.76186551494246912000E+018   1.45748527294418831703E-017
      3328   3.50386517716460441600E+018   1.44088749420398519874E-017
      3329   3.45212836131664896000E+018   1.43673709970218865790E-017
      3330   3.29723729653155891200E+018   1.42104035612177911348E-017
      3331   3.91070747665805107200E+018   1.46719934195257840848E-017
      3332   3.76250147484139264000E+018   1.45651140833681013266E-017
      3333   3.19754269600288358400E+018   1.40480551328404975392E-017
      3334   3.60453096832640921600E+018   1.44660314790622779700E-017
      3335   3.16366102911872768000E+018   1.40053678072333710834E-017
      3336   3.34179078301200947200E+018   1.42267163391473791267E-017
      3337   4.50375860231076761600E+018   1.50879715002253794448E-017
      3338   4.43122264391018752000E+018   1.50138327167291919604E-017
      3339   4.13111369979479552000E+018   1.47870732917708798418E-017
      3340   3.92020698623561728000E+018   1.46597393814966960719E-017
      3341   3.75841410358277120000E+018   1.45755047983519268447E-017
      3342   4.29827822152085913600E+018   1.48855074363570980861E-017
      3343   3.99010742669050675200E+018   1.47101785648249247468E-017
      3344   4.27828853807756902400E+018   1.49032111127786967806E-017
      3345   4.00597390105861632000E+018   1.47181094420514113892E-017
      3346   3.76628220028783206400E+018   1.45540665163683310958E-017
      3347   5.22400694964091801600E+018   1.62686651995535276022E-017
      3348   5.46891944799951769600E+018   1.66789089675815100845E-017
      3349   5.04989476399700582400E+018   1.59432482954980025765E-017
      3350   5.08802710794513408000E+018   1.60255757991165379742E-017
      3351   5.55694814396024832000E+018   1.68240158155620037392E-017
      3352   2.32010941927077683200E+018   1.09674689696466793540E-017
      3353   2.38536650684212172800E+018   1.13480986744212465245E-017
      3354   2.44657290124139520000E+018   1.18637861267737999969E-017
      3355   2.46950074708175769600E+018   1.20196604881561865208E-017
      3356   2.34801502225683763200E+018   1.09016772870625051981E-017
      3357   2.23433867954079718400E+018   1.04673053484008028386E-017
      3358   1.99004115279919564800E+018   9.76892638987580865039E-018
      3359   2.07922817935587251200E+018   1.00803764416421785746E-017
      3360   2.36836717673664870400E+018   1.12436513778893079995E-017
      3361   2.38165660793746022400E+018   1.13118194236639646391E-017
      3362   2.37613051283638835200E+018   1.12805094091216507837E-017
      3363   2.32339538926853068800E+018   1.09783782726897060598E-017
      3364   2.33996198902672896000E+018   1.10756726227173462348E-017
      3365   2.30365058515147110400E+018   1.07929762280483359296E-017
      3366   2.29973960592928230400E+018   1.07226084637487167233E-017
      3367   2.29545040501601612800E+018   1.06678797535894206706E-017
      3368   2.29343861374458444800E+018   1.06653782709013832414E-017
      3369   2.29360998850595507200E+018   1.06113779402953323785E-017
      3370   2.31357570940410316800E+018   1.06500414146625542585E-017
      3371   2.29923256645132006400E+018   1.06433240555731338417E-017
      3372   2.37143868514850201600E+018   1.12066241087461805914E-017
      3373   2.26202492222582604800E+018   1.04715246951099580756E-017
      3374   2.31077702396914995200E+018   1.08268876379942083350E-017
      3375   2.28332607494439449600E+018   1.05780566450601062783E-017
      3376   2.30140770480085376000E+018   1.07338636915745376931E-017
      3377   2.37014952456513792000E+018   1.12408030069269656510E-017
      3378   2.34532053290261913600E+018   1.10848418326399534859E-017
      3379   2.36403737762218188800E+018   1.12070972551341221393E-017
      3380   2.38002962043658086400E+018   1.12973618146654885987E-017
      3381   2.49708660732858777600E+018   1.21846596211986127913E-017
      3382   7.33193242552151244800E+018   1.53732981271543991948E-017
      3383   8.05733122039843532800E+018   1.44595184275893976726E-017
      3384   7.42856023376291840000E+018   1.51715451540632198738E-017
      3385   7.37357118679758745600E+018   1.53071845694762837416E-017
      3386   8.02567020864127385600E+018   1.44771726238374377819E-017
      3387   6.87484469868670873600E+018   1.63570464117111648507E-017
      3388   7.15743457554031411200E+018   1.57601377745222106653E-017
      3389   6.59506034007390412800E+018   1.67757090416309658766E-017
      3390   6.47509435141347635200E+018   1.69123320449047656434E-017
      3391   2.42493443794192435200E+018   1.17006443059693541416E-017
      3392   2.46404285491186227200E+018   1.19801333540037247402E-017
      3393   2.47659183303899392000E+018   1.20607891810409975454E-017
      3394   2.45186026143757670400E+018   1.18990827958964194043E-017
      3395   2.37619403243349811200E+018   1.12117497236528625466E-017
      3396   2.38938566590110822400E+018   1.13974530893293726992E-017
      3397   2.38603277567192524800E+018   1.12121242032961371566E-017
      3398   2.38145620847065190400E+018   1.13211690784854716775E-017
      3399   2.39290388789976678400E+018   1.14295866977530946963E-017
      3400   2.41148341306644838400E+018   1.15926172860902407187E-017
      3401   2.38062591363774361600E+018   1.13136122028731292573E-017
      3402   2.46334301315324108800E+018   1.19749868837169182832E-017
      3403   2.41963667187625164800E+018   1.16590658551432494883E-017
      3404   2.42561906950685388800E+018   1.17063994779142864887E-017
      3405   2.44888925024931020800E+018   1.18784508806701768678E-017
      3406   2.45917230662004326400E+018   1.19475568850646629350E-017
      3407   2.45020186400832972800E+018   1.18876198041169233339E-017
      3408   2.42813456178997299200E+018   1.17258142529409512761E-017
      3409   2.44659146963321036800E+018   1.18628032571901945492E-017
      3410   2.43056285664463616000E+018   1.17441855482911907681E-017
      3411   2.42066356779303219200E+018   1.16673307898701513615E-017
      3412   2.29995922853472051200E+018   1.08376123284902662820E-017
      3413   4.45852411510726041600E+018   1.50172367262271287677E-017
      3414   3.87270798940851660800E+018   1.46047824381520242507E-017
      3415   4.38696810273184307200E+018   1.49468229021628027558E-017
      3416   4.06923871018951731200E+018   1.47268828046980560744E-017
      3417   3.91900801566673356800E+018   1.46410754616437711258E-017
      3418   3.94837863702186854400E+018   1.46432605050743891250E-017
      3419   3.63610706487101132800E+018   1.44586680816592310559E-017
      3420   3.66822613544421068800E+018   1.44821448241933113347E-017
      3421   4.21938476034242867200E+018   1.48186504462978130292E-017
      3422   4.23016518345284044800E+018   1.48147273244725042872E-017
      3423   4.70173466201764352000E+018   1.53084878017537674793E-017
      3424   4.71499553748159180800E+018   1.53302230287443763819E-017
      3425   4.46081001043005849600E+018   1.50207876392379974682E-017
      3426   4.28520213986627379200E+018   1.48602178848374021278E-017
      3427   4.53903879468959334400E+018   1.51101731495538165795E-017
      3428   4.17283523591249254400E+018   1.47800360744963238688E-017
      3429   4.09503098969780326400E+018   1.47566694270647584544E-017
      3430   2.56012339891986534400E+018   1.25055155034330282507E-017
      3431   2.52845940226751334400E+018   1.23511196964166257890E-017
      3432   3.66413549872245248000E+018   1.44956196571713747178E-017
      3433   3.57400809478947430400E+018   1.44322790638525395371E-017
      3434   3.84511385237257830400E+018   1.46016837478032393557E-017
      3435   3.91656338422809446400E+018   1.46516975162125160917E-017
      3436   3.99002866509415577600E+018   1.47023621835857156416E-017
      3437   3.42806634204773478400E+018   1.43145185554346299642E-017
      3438   3.40166336802721280000E+018   1.42866800284595624715E-017
      3439   2.30153125794305126400E+018   1.07095348675566093498E-017
      3440   2.31546278010601830400E+018   1.07931736825287473798E-017
      3441   2.34048411426978764800E+018   1.08808863498528668596E-017
      3442   2.34776952898035916800E+018   1.09510875748168202679E-017
      3443   2.34338920173793843200E+018   1.09059502122244930610E-017
      3444   2.33657424683608678400E+018   1.08572226639953014316E-017
      3445   3.71360922986417664000E+018   1.45255765520145382141E-017
      3446   2.92853678326136371200E+018   1.36116806775691331443E-017
      3447   2.70944025097161318400E+018   1.30681164448382782109E-017
      3448   5.77207307476251238400E+018   1.70113777644518716330E-017
      3449   5.80618995934875648000E+018   1.70368743714250832772E-017
      3450   5.45475146247949107200E+018   1.66333295930322148347E-017
      3451   5.21701537715326976000E+018   1.62169216994736794815E-017
      3452   2.17366844991646284800E+018   9.11747933805366568035E-018
      3453   2.17366844993063731200E+018   9.11747933811312144885E-018
      3454   2.17366844992247577600E+018   9.11747933807888611816E-018
      3455   2.17366844870419686400E+018   9.11747933296880078927E-018
      3456   2.17366844993042739200E+018   9.11747933811224014330E-018
      3457   2.17366844991632640000E+018   9.11747933805309406434E-018
      3458   2.17366844991243084800E+018   9.11747933803675293395E-018
      3459   2.17366844989549440000E+018   9.11747933796571385239E-018
      3460   2.31031277760052172800E+018   1.05002651952879093391E-017
      3461   2.39200760880459878400E+018   1.14230235953221770472E-017
      3462   2.34101266841581209600E+018   1.08872037534458116754E-017
      3463   2.27878165081070054400E+018   1.00811762940375479568E-017
      3464   2.16630248300975769600E+018   9.06655810127525690708E-018
      3465   2.20365834191367040000E+018   9.31827822127967540737E-018
      3466   2.18106306316977408000E+018   9.15709103910283218928E-018
      3467   2.17107782192803225600E+018   9.10173485468936197179E-018
      3468   6.00726565964292915200E+018   1.71190505022750998528E-017
      3469   5.76191534582181376000E+018   1.70101355140977506803E-017
      3470   5.93898975599320780800E+018   1.70919841306438120184E-017
      3471   7.00635380284715417600E+018   1.61000173113275908775E-017
      3472   7.37443690262562406400E+018   1.52829743181966432722E-017
      3473   6.48687076700365926400E+018   1.68949902361754610676E-017
      3474   6.60852353164757299200E+018   1.67521520495321429572E-017
      3475   6.77542488484473651200E+018   1.65105716269170205698E-017
      3476   6.33136606298758758400E+018   1.70447116104785643037E-017
      3477   6.51903687390232985600E+018   1.68697397918275952845E-017
      3478   6.70935534304153292800E+018   1.66240089462310809808E-017
      3479   1.80484685530561152000E+018   8.99456448360725726587E-018
      3480   2.24898659876479846400E+018   1.03437131535995117835E-017
      3481   2.30136357406454707200E+018   1.07247049416484906783E-017
      3482   2.21261195058648832000E+018   1.01490167538070253836E-017
      3483   2.18841781860637721600E+018   1.00827856798478511888E-017
      3484   2.26415123283279206400E+018   1.03090248285382038722E-017
      3485   2.23393949856201497600E+018   1.03302721522021969574E-017
      3486   2.22517625991946700800E+018   1.02927627452086966384E-017
      3487   2.30454847673986406400E+018   1.05236288473802436317E-017
      3488   2.29294163861703065600E+018   1.04509368071443141380E-017
      3489   2.27417321252272230400E+018   1.03630440049014296460E-017
      3490   3.92778450229588736000E+018   1.46981234683820054962E-017
      3491   3.76153856112781516800E+018   1.46142340808656159936E-017
      3492   3.78319519840726220800E+018   1.46262249911964803869E-017
      3493   3.50641732438461593600E+018   1.44270621644537305760E-017
      3494   4.97601068450749235200E+018   1.58153615111989522747E-017
      3495   4.80238256013365350400E+018   1.55068205907852944099E-017
      3496   4.96872724850922905600E+018   1.58077787881961835161E-017
      3497   4.75401890287811072000E+018   1.54355750987200963260E-017
      3498   4.34551468017182105600E+018   1.49626071233457138200E-017
      3499   4.56712556616145152000E+018   1.51913235607328852856E-017
      3500   4.12679421518853427200E+018   1.48274438125090268844E-017
      3501   4.11949843494992588800E+018   1.48144406965156112448E-017
      3502   4.60988622215361382400E+018   1.52360565533014753536E-017
      3503   4.39881130037328844800E+018   1.50082438908324051975E-017
      3504   2.29473491983029683200E+018   1.03007081097032963036E-017
      3505   2.27358031387378304000E+018   1.00245392814900968493E-017
      3506   4.83188666261443891200E+018   1.55336451658834459872E-017
      3507   4.71475712631838924800E+018   1.53319183275133862695E-017
      3508   2.17366844936512051200E+018   9.11747933574105368470E-018
      3509   2.17366844952976998400E+018   9.11747933643167829606E-018
      3510   2.17366844985463398400E+018   9.11747933779250341691E-018
      3511   2.17366844983152102400E+018   9.11747933769739329254E-018
      3512   2.17366844969287321600E+018   9.11747933711594887935E-018
      3513   2.17366844979114905600E+018   9.11747933752796230198E-018
      3514   2.17366844897930598400E+018   9.11747933412274867847E-018
      3515   2.17366844869449113600E+018   9.11747933292809279322E-018
      3516   2.17366844992019712000E+018   9.11747933806933042414E-018
      3517   2.17366844664471654400E+018   9.11747932433028392053E-018
      3518   2.39614840692689049600E+018   1.14605320369106289702E-017
      3519   2.50754401624389120000E+018   1.22368800334729664394E-017
      3520   2.17375635088753433600E+018   9.11796142252129882273E-018
      3521   2.17356950896308838400E+018   9.11697661963002135714E-018
      3522   2.17366844897377433600E+018   9.11747933409954507450E-018
      3523   2.22179884600737664000E+018   9.45987062537247554023E-018
      3524   2.41051497719375718400E+018   1.15858698663276229602E-017
      3525   2.50870653734295603200E+018   1.22411306269089072057E-017
      3526   2.36915573041101977600E+018   1.12025824977997876579E-017
      3527   2.38850013205477529600E+018   1.13908993137230244884E-017
      3528   2.17366844992117990400E+018   9.11747933807345037348E-018
      3529   2.17366844994221670400E+018   9.11747933816169340204E-018
      3530   2.17366844992348288000E+018   9.11747933808311237883E-018
      3531   2.17366844891899366400E+018   9.11747933386976776544E-018
      3532   2.17366844930488550400E+018   9.11747933548838400195E-018
      3533   2.17366844979615180800E+018   9.11747933754940637636E-018
      3534   2.17366844986142566400E+018   9.11747933782287764325E-018
      3535   2.17366844976774348800E+018   9.11747933742974911928E-018
      3536   2.17366844977293209600E+018   9.11747933745159686857E-018
      3537   2.17366844728092672000E+018   9.11747932699887710337E-018
      3538   2.17366844989091788800E+018   9.11747933794652388643E-018
      3539   2.17366844991212672000E+018   9.11747933803547873870E-018
      3540   2.17366844991136102400E+018   9.11747933803230018392E-018
      3541   2.17366844990894054400E+018   9.11747933802210354042E-018
      3542   5.61043883017672908800E+018   1.68399265702477487291E-017
      3543   3.03695079724421939200E+018   1.38069763234286107907E-017
      3544   2.72567108137724211200E+018   1.31108902948882907718E-017
      3545   2.69169835202013337600E+018   1.30051512453759087056E-017
      3546   2.96631983793861683200E+018   1.36735274061690599439E-017
      3547   5.23125594827570483200E+018   1.62459287605260038943E-017
      3548   5.68816944140405657600E+018   1.69312327093244091557E-017
      3549   5.46086635077368217600E+018   1.66322756062885569861E-017
      3550   5.32230663497675059200E+018   1.64009816992447248578E-017
      3551   5.08572791732142387200E+018   1.59564782909958193604E-017
      3552   4.92345496136601292800E+018   1.56815466650280995135E-017
      3553   5.03548185756596326400E+018   1.58708023919655143095E-017
      3554   5.77287015190303539200E+018   1.70000535810044437290E-017
      3555   5.46427121949233766400E+018   1.66201746488705001941E-017
      3556   5.32846685661370777600E+018   1.64111504069817048481E-017
      3557   3.98086041937366784000E+018   1.46840652301738569463E-017
      3558   4.64997946287615590400E+018   1.52397718798422932825E-017
      3559   4.02455611656413849600E+018   1.46985315184468544200E-017
      3560   3.73635293697950771200E+018   1.45376354713674575685E-017
      3561   5.00295202590983680000E+018   1.58219023174803495615E-017
      3562   6.14189117084621824000E+018   1.71155945578887599018E-017
      3563   5.92450246672601292800E+018   1.70920648993009211846E-017
      3564   3.32281610752482611200E+018   1.41875193559741500181E-017
      3565   3.25733548284321126400E+018   1.41074333983095407314E-017
      3566   3.15143973685179136000E+018   1.39664200969645508393E-017
      3567   3.18047295975990374400E+018   1.40061873948049955681E-017
      3568   2.73335315960279398400E+018   1.31173504311722892205E-017
      3569   2.60170268824150528000E+018   1.26777866712101108106E-017
      3570   2.58935822605629952000E+018   1.26232010400087466115E-017
      3571   3.40990390080577536000E+018   1.42761410479527288497E-017
      3572   3.54298595890675814400E+018   1.43925115791248111191E-017
      3573   3.13529981182439628800E+018   1.39418114920934233730E-017
      3574   3.17267310798158899200E+018   1.39953706921516221757E-017
      3575   3.42148369335115878400E+018   1.42883605044778859283E-017
      3576   2.95768718262094336000E+018   1.36443220119366802998E-017
      3577   2.96786035768816947200E+018   1.36633649464153343537E-017
      3578   2.45144030496827955200E+018   1.18952214028249389716E-017
      3579   2.43592128472897536000E+018   1.17844043017014369238E-017
      3580   2.42227251404674713600E+018   1.16802843173075982163E-017
      3581   2.42846458610876211200E+018   1.17276698943218177073E-017
      3582   2.43297196924968601600E+018   1.17623242869838687477E-017
      3583   2.41393142552860723200E+018   1.16127403886578292395E-017
      3584   2.40676822565376512000E+018   1.15524813339253057408E-017
      3585   2.41015187412851251200E+018   1.15818107829124094362E-017
      3586   2.42189242310792601600E+018   1.16768755525860552289E-017
      3587   2.39075047807589017600E+018   1.14064756144303284166E-017
      3588   2.37997410352590080000E+018   1.12945762066128948192E-017
      3589   2.35890354202469990400E+018   1.11721187522902979254E-017
      3590   2.36849447405302220800E+018   1.12256898032219387684E-017
      3591   2.37012592509618995200E+018   1.12266356437972408939E-017
      3592   2.38009445792837120000E+018   1.12931568253807809762E-017
      3593   2.31318090032807577600E+018   1.08391419081777930652E-017
      3594   2.32094622976881100800E+018   1.09362256309300080432E-017
      3595   2.31179326490913331200E+018   1.08846756710212501343E-017
      3596   2.31297666710303539200E+018   1.08966151879239130245E-017
      3597   2.31694004116706969600E+018   1.09235763525841984061E-017
      3598   2.32177559075879372800E+018   1.05257890049477870643E-017
      3599   2.28812932145953305600E+018   1.04647030829337908528E-017
      3600   2.28438853997835392000E+018   1.04469720624086025065E-017
      3601   2.29590781586255180800E+018   1.04502384490211495055E-017
      3602   2.29315447960386508800E+018   1.04588602079948766669E-017
      3603   2.28796280322643584000E+018   1.03658794472879842568E-017
      3604   2.29821469283920640000E+018   1.03762611559187952834E-017
      3605   2.28645588581475788800E+018   1.03159412551957948169E-017
      3606   2.33819967394194022400E+018   1.08638695452954686233E-017
      3607   2.32689622253378406400E+018   1.08045549885330723281E-017
      3608   2.31223817353050931200E+018   1.07282012590757332161E-017
      3609   2.35299483950037760000E+018   1.10144087988632682801E-017
      3610   2.34749852968047974400E+018   1.09247080614677113084E-017
      3611   3.57330255743364096000E+018   1.44834180593892098814E-017
      3612   3.49026885877349427200E+018   1.44150849891471775862E-017
      3613   3.65339848886386739200E+018   1.45314679454906546600E-017
      3614   3.86266684602102425600E+018   1.46521267463885867443E-017
      3615   2.43859469705403494400E+018   1.18076242913803809138E-017
      3616   2.56665189404728524800E+018   1.25605706253821290661E-017
      3617   2.26086124938024627200E+018   9.84662896097332322130E-018
      3618   2.52418697948070809600E+018   1.23493767888621987757E-017
      3619   2.43682377394015846400E+018   1.17939060805268875441E-017
      3620   2.83101811723758899200E+018   1.34370486430742914853E-017
      3621   2.58158085096165427200E+018   1.26259801824857628279E-017
      3622   3.20814874334422732800E+018   1.41204601265785277250E-017
      3623   2.74139455080747776000E+018   1.31967037992929714348E-017
      3624   2.89398453191014297600E+018   1.35789538545363733346E-017
      3625   3.15429837359952384000E+018   1.40420204143019812528E-017
      3626   5.19657550895236300800E+018   1.62103061442079528356E-017
      3627   5.65509690795624243200E+018   1.69186214438414572280E-017
      3628   5.39871087803819315200E+018   1.65810022458831466701E-017
      3629   4.11820335555907174400E+018   1.48090664424798382962E-017
      3630   3.97133908110028800000E+018   1.47415561865483925426E-017
      3631   4.59605798862575206400E+018   1.52198125036242802148E-017
      3632   5.27338671531184128000E+018   1.63734034817986524770E-017
      3633   5.39745580570791731200E+018   1.65620108589815276329E-017
      3634   5.28966588137277644800E+018   1.63991034923442850596E-017
      3635   4.71841352474314240000E+018   1.53780558292638850638E-017
      3636   4.82462789829018009600E+018   1.55371955242966469395E-017
      3637   3.82631890591388160000E+018   1.46570948048667807399E-017
      3638   4.45690027239024793600E+018   1.50637278122559452045E-017
      3639   3.89406359998341683200E+018   1.46780234078622034652E-017
      3640   4.01733742631154636800E+018   1.47603077467121822277E-017
      3641   4.32145819741469132800E+018   1.49416422152424623422E-017
      3642   6.18322333640898662400E+018   1.71212062297844870014E-017
      3643   5.93285996642620620800E+018   1.71264773699160385570E-017
      3644   2.25845314398371302400E+018   9.83974660957872213697E-018
      3645   2.25991313388850995200E+018   9.85711875879639479390E-018
      3646   2.24988166783263334400E+018   9.74191158564055979276E-018
      3647   2.22369267124026291200E+018   9.48007857114900730114E-018
      3648   2.17143711967829504000E+018   9.10375342288330409365E-018
      3649   2.34319324173962137600E+018   1.09166027773955406663E-017
      3650   2.36727970074924032000E+018   1.11836695810336922226E-017
      3651   2.39868064663467622400E+018   1.14838449920104553499E-017
      3652   2.54565989209312000000E+018   1.24264313942675411580E-017
      3653   2.48998583477432780800E+018   1.21325568740391363384E-017
      3654   2.30304297517492838400E+018   1.04115207406623712447E-017
      3655   2.28747255461940224000E+018   1.02031717525114165666E-017
      3656   2.29208310344991718400E+018   1.02634752639080964242E-017
      3657   2.17412673652656486400E+018   9.11699537694755028647E-018
      3658   2.17114948352631884800E+018   9.10193495828679865346E-018
      3659   2.41120077735068876800E+018   1.15909308695845529275E-017
      3660   2.64179098539339417600E+018   1.28294941259224743813E-017
      3661   2.48008607482717491200E+018   1.20757987636516774027E-017
      3662   2.58642724743249305600E+018   1.26064365417608273121E-017
      3663   2.56855839621039001600E+018   1.25312296034481810032E-017
      3664   2.33798610283510118400E+018   1.08591766254777854840E-017
      3665   2.36853255354660864000E+018   1.11996891783659771628E-017
      3666   2.43327655087127040000E+018   1.17630067687114731963E-017
      3667   2.42911097790412953600E+018   1.17313062050779156978E-017
      3668   2.47076421218825062400E+018   1.20170654805752320425E-017
      3669   2.43154581958014310400E+018   1.17505651096367158306E-017
      3670   2.49044567063372851200E+018   1.21386673268785852883E-017
      3671   2.51617850255963648000E+018   1.22824047186393052359E-017
      3672   2.48061404282350284800E+018   1.20801984094382224809E-017
      3673   2.41621419615782297600E+018   1.16316500248528232746E-017
      3674   2.44055729474676582400E+018   1.18171378124269250338E-017
      3675   2.34325396609248358400E+018   1.09151050385646290521E-017
      3676   2.38154877818280396800E+018   1.13253434016822258983E-017
      3677   2.35964517654232422400E+018   1.11006573391587800006E-017
      3678   2.34985398623203993600E+018   1.09911696176574784774E-017
      3679   2.37262321620334438400E+018   1.12369960834399133719E-017
      3680   2.57325300405457817600E+018   1.25586409693180920652E-017
      3681   2.73974828633732966400E+018   1.31462417854636451300E-017
      3682   2.62222209590289561600E+018   1.27644348098426362357E-017
      3683   2.71430220126792755200E+018   1.30711964858512477180E-017
      3684   2.65338849940309299200E+018   1.28761209115210890718E-017
      3685   2.58195022009388851200E+018   1.25948885339018129063E-017
      3686   3.41902683278741401600E+018   1.42965393433525521600E-017
      3687   3.70546060149234227200E+018   1.45197160036208281685E-017
      3688   3.38274389815126220800E+018   1.42578369365273365276E-017
      3689   3.28252671703843891200E+018   1.41477048436936608930E-017
      3690   3.86520183968114995200E+018   1.46036225314970408407E-017
      3691   3.68092669266397081600E+018   1.44981106235433617184E-017
      3692   2.75651502772245555200E+018   1.31899625103071554061E-017
      3693   2.67600883494093107200E+018   1.29505531532390651245E-017
      3694   2.64305619779106304000E+018   1.28362298158735202363E-017
      3695   2.61046474431196672000E+018   1.27191414093276859717E-017
      3696   3.06746840692333363200E+018   1.38444964978135764305E-017
      3697   2.95325964642343987200E+018   1.36413422590403965824E-017
      3698   2.87239589132194457600E+018   1.34739332762518795529E-017
      3699   2.82090737569025484800E+018   1.33576540466095664755E-017
      3700   3.26148916294719027200E+018   1.41171052119963712017E-017
      3701   3.19999447714230016000E+018   1.40413402580763919967E-017
      3702   2.55999437108429721600E+018   1.25016135499879340050E-017
      3703   2.46476091842766950400E+018   1.19829642757049396026E-017
      3704   2.53848068281302630400E+018   1.24014297109059669942E-017
      3705   2.48300180052110336000E+018   1.20968237231712587215E-017
      3706   2.45438884087113574400E+018   1.19136995999783832652E-017
      3707   2.43444769147133798400E+018   1.17732672182506949054E-017
      3708   2.42782366325420851200E+018   1.17224083573946572948E-017
      3709   2.42073521070222643200E+018   1.16673964919266567103E-017
      3710   2.36118322730339276800E+018   1.10856381960762842063E-017
      3711   2.39211246714627020800E+018   1.14243427228913562773E-017
      3712   4.20489426125604659200E+018   1.48620705178000487255E-017
      3713   4.66325934774782668800E+018   1.53028873815326174927E-017
      3714   4.49744059295275878400E+018   1.51086582586827896914E-017
      3715   2.17366844967919872000E+018   9.11747933705476747762E-018
      3716   2.17366844967327948800E+018   9.11747933703401673803E-018
      3717   2.17366844978090854400E+018   9.11747933748776275144E-018
      3718   2.17366844940572211200E+018   9.11747933591135981782E-018
      3719   2.17366875580216115200E+018   9.11748062108906321343E-018
      3720   2.17366844977348940800E+018   9.11747933745416837023E-018
      3721   2.17366842983455078400E+018   9.11747925382032927527E-018
      3722   2.17366844992334105600E+018   9.11747933808251765166E-018
      3723   2.17366844922540313600E+018   9.11747933515500706932E-018
      3724   2.40539833489516492800E+018   1.15388876697889703115E-017
      3725   2.26307562648873446400E+018   9.87636123534535265626E-018
      3726   2.16962448360188697600E+018   9.09184593876919307636E-018
      3727   2.17863945387757465600E+018   9.14533802073023085890E-018
      3728   2.25352199843660185600E+018   9.76954090967288596492E-018
      3729   2.17385685178768179200E+018   9.11862652836710412107E-018
      3730   2.17366844993140403200E+018   9.11747933811633852223E-018
      3731   2.17366844992828953600E+018   9.11747933810327455423E-018
      3732   2.17106714082337740800E+018   9.09910803458945251780E-018
      3733   2.21967897577357593600E+018   9.43863488471489803406E-018
      3734   2.20506894854104780800E+018   9.32754307919890898020E-018
      3735   2.16840656116304640000E+018   9.08426090340911056671E-018
      3736   2.34463996074191411200E+018   1.09209662238773693654E-017
      3737   2.43521354475723673600E+018   1.17776757012770700937E-017
      3738   2.84639955213991475200E+018   1.34517625836389314006E-017
      3739   3.15515082610720563200E+018   1.40243369422437450959E-017
      3740   5.70554314808989491200E+018   1.69829312107593003834E-017
      3741   5.80430436230764748800E+018   1.70522817637692040803E-017
      3742   5.34698387686931353600E+018   1.64697145143910455598E-017
      3743   5.15974030320334438400E+018   1.61359729938402046252E-017
      3744   2.36680129979490560000E+018   1.11658575236194800209E-017
      3745   2.34903440181675264000E+018   1.09686506875008968458E-017
      3746   2.28570776835996339200E+018   1.01600877610389803250E-017
      3747   2.17354573745423667200E+018   9.11654797740437556948E-018
      3748   2.24326838908289868800E+018   9.66161986196371416356E-018
      3749   2.19198476628377395200E+018   9.23341298264854093811E-018
      3750   2.17115618073691622400E+018   9.10165415459217718957E-018
      3751   2.17366844746083891200E+018   9.11747932775351962608E-018
      3752   2.17366844992102656000E+018   9.11747933807280788325E-018
      3753   2.17366844878579353600E+018   9.11747933331106165155E-018
      3754   2.17366844928832921600E+018   9.11747933541895345708E-018
      3755   2.17366844991939456000E+018   9.11747933806596389860E-018
      3756   2.17366844953066700800E+018   9.11747933643544079280E-018
      3757   2.17366844992329497600E+018   9.11747933808232197718E-018
      3758   2.17366844992384614400E+018   9.11747933808463463385E-018
      3759   2.17366844875148800000E+018   9.11747933316716386983E-018
      3760   2.17366844991556096000E+018   9.11747933804988469468E-018
      3761   2.51185701950665625600E+018   1.22777837684867928681E-017
      3762   2.49481436023797555200E+018   1.21778244616314090997E-017
      3763   5.22975523241404006400E+018   1.62634885410128260798E-017
      3764   5.56815032702627942400E+018   1.68015882734846264039E-017
      3765   5.68649451908446105600E+018   1.69608378772862950395E-017
      3766   2.58403501206641100800E+018   1.26234107641624482706E-017
      3767   2.98786744541315481600E+018   1.37555731480167344920E-017
      3768   2.81154039323203276800E+018   1.33732557782592956141E-017
      3769   2.95629689451280435200E+018   1.36937352086209759759E-017
      3770   3.07116819074475468800E+018   1.39011384476059090322E-017
      3771   3.49999471444220876800E+018   1.44172687887294841423E-017
      3772   3.29162886655474329600E+018   1.42054350270705413647E-017
      3773   3.20056172902000025600E+018   1.40865170899356797659E-017
      3774   3.48241455615954380800E+018   1.44017527181878199051E-017
      3775   3.71438562297938790400E+018   1.45544140681686442280E-017
      3776   2.31596386703085312000E+018   1.08960963308642447884E-017
      3777   2.29200367474543564800E+018   1.08554498637031183190E-017
      3778   2.29514382524182630400E+018   1.08199178797698921897E-017
      3779   2.29501268458897920000E+018   1.08306729485613168059E-017
      3780   2.28984637900357657600E+018   1.08283905154533623123E-017
      3781   2.28419775632828364800E+018   1.08044650968732160951E-017
      3782   2.28714737810282931200E+018   1.08184774337332380948E-017
      3783   2.32039948051191193600E+018   1.09304399233574273301E-017
      3784   2.34925513958305587200E+018   1.10593375141551632648E-017
      3785   2.32715704940082278400E+018   1.09542531982461089746E-017
      3786   2.32582792833171456000E+018   1.09376549025516799461E-017
      3787   2.37229379590285926400E+018   1.12212012749321212891E-017
      3788   2.35140904003402700800E+018   1.10744841623766042188E-017
      3789   2.36351238747467724800E+018   1.11525374901001029826E-017
      3790   2.35318631699936819200E+018   1.10876166578320835054E-017
      3791   2.37735326620406681600E+018   1.12779766594221709826E-017
      3792   2.21949829036111718400E+018   1.00596133115808905217E-017
      3793   1.75823977738463795200E+018   8.46779254693672959352E-018
      3794   2.20001623244304332800E+018   9.97296679168910758403E-018
      3795   2.39033855729427353600E+018   1.06113046446872189027E-017
      3796   1.04755822437374156800E+018   6.03678640897637980177E-018
      3797   2.31061048798939801600E+018   1.04501194217009376184E-017
      3798   2.30741077297261260800E+018   1.04550838884821042483E-017
      3799   2.30897718287595212800E+018   1.04069897629372897356E-017
      3800   2.30655589977759539200E+018   1.03825825495536634429E-017
      3801   2.23720426444933580800E+018   1.01937011159562955416E-017
      3802   2.25188010707015603200E+018   1.02439768021497275840E-017
      3803   2.22970575724898867200E+018   1.01519437634229587402E-017
      3804   2.27373110077356185600E+018   1.02944601925075136504E-017
      3805   2.28737344081575705600E+018   1.03503379689891685483E-017
      3806   2.27713776354375398400E+018   1.02973289272927961681E-017
      3807   2.27088916732252800000E+018   1.02840632067497660904E-017
      3808   2.29548797998670054400E+018   1.05902858287895169003E-017
      3809   2.29929443697464243200E+018   1.06273686289459895975E-017
      3810   2.29459099243924070400E+018   1.06017355016100589338E-017
      3811   2.28792789754546841600E+018   1.05283890323460266727E-017
      3812   2.28677301471877760000E+018   1.05142798524162889149E-017
      3813   2.28429836190374707200E+018   1.04818758973317690788E-017
      3814   2.28321551528385894400E+018   1.04556280979512965319E-017
      3815   2.28072100255670400000E+018   1.04204521468980366781E-017
      3816   2.28567375056484300800E+018   1.05168491165595113451E-017
      3817   2.28569329278332876800E+018   1.05292429046297764640E-017
      3818   2.28147170909556147200E+018   1.04843224739126821848E-017
      3819   2.24116095264052224000E+018   1.01513377430418682946E-017
      3820   2.25489541975385753600E+018   1.02045623741575936884E-017
      3821   2.15182686942223257600E+018   9.81317547493246400828E-018
      3822   2.35042964985925580800E+018   1.04692343717434771154E-017
      3823   2.32038831059213158400E+018   1.03671724888094828039E-017
      3824   2.32518000526777344000E+018   1.03823112564249239796E-017
      3825   2.30311515663908505600E+018   1.03055300754550405155E-017
      3826   2.38112667307321907200E+018   1.05459100304722330550E-017
      3827   2.34182343949679513600E+018   1.04040036725468371494E-017
      3828   2.11687294204136345600E+018   9.66181604065108902902E-018
      3829   2.15681568271904332800E+018   9.79566974396460387839E-018
      3830   2.46325995345049804800E+018   1.19827550732034889213E-017
      3831   2.43666672701250816000E+018   1.17924062786713569903E-017
      3832   2.40745257676573491200E+018   1.15555672857830632442E-017
      3833   2.42066889061203507200E+018   1.16669958556170873454E-017
      3834   3.52865034466189004800E+018   1.44520649147694868555E-017
      3835   3.41511387684757708800E+018   1.43528406268054576407E-017
      3836   3.19436005905149337600E+018   1.41018074135265760999E-017
      3837   2.27661304238814412800E+018   1.00401286983765422023E-017
      3838   2.32645057014970009600E+018   1.06901466862867289086E-017
      3839   2.34098903530173747200E+018   1.08687498348160424653E-017
      3840   2.17366844827305011200E+018   9.11747933116035103075E-018
      3841   2.17366844992328115200E+018   9.11747933808226496965E-018
      3842   2.17366844834101427200E+018   9.11747933144542872186E-018
      3843   2.17366844991221888000E+018   9.11747933803586238394E-018
      3844   2.17366844986435123200E+018   9.11747933783508341687E-018
      3845   2.17366844802088038400E+018   9.11747933010262414232E-018
      3846   2.17344029094289971200E+018   9.11587819015009339545E-018
      3847   2.17366844990883148800E+018   9.11747933802165672467E-018
      3848   2.17366844990466380800E+018   9.11747933800417544375E-018
      3849   2.17366781293009996800E+018   9.11746898361652142758E-018
      3850   2.17366844954027187200E+018   9.11747933647508105329E-018
      3851   2.17366844903456665600E+018   9.11747933435404362033E-018
      3852   2.17366844918987238400E+018   9.11747933500598785469E-018
      3853   2.17366844988673075200E+018   9.11747933792826915204E-018
      3854   2.17366844982614220800E+018   9.11747933767483526029E-018
      3855   2.17366844991269734400E+018   9.11747933803781604728E-018
      3856   2.17366844839150182400E+018   9.11747933165712077837E-018
      3857   2.17366844991591449600E+018   9.11747933805136534962E-018
      3858   2.17366844629774540800E+018   9.11747932287485712081E-018
      3859   2.30494131232811494400E+018   1.06469581455451876677E-017
      3860   2.32396862402268569600E+018   1.07584207798667591759E-017
      3861   2.33290477834515097600E+018   1.08093046537534632666E-017
      3862   2.33951212562258585600E+018   1.08578897824525510896E-017
      3863   2.32806790714686003200E+018   1.07637501630389748849E-017
      3864   2.28518359904156876800E+018   1.05059703486007881087E-017
      3865   2.27602487536017971200E+018   1.04303932910085614931E-017
      3866   2.30608259941760000000E+018   1.06325634345534277064E-017
      3867   2.46906771365614796800E+018   1.20098874201932782465E-017
      3868   2.48231418443944806400E+018   1.20909548620037285404E-017
      3869   2.49535032279633766400E+018   1.21680199884863267819E-017
      3870   2.28047601239732915200E+018   1.04462395780582556321E-017
      3871   2.28279786632374195200E+018   1.04659762169128694990E-017
      3872   2.28721281795161036800E+018   1.05245659523390947364E-017
      3873   2.29048327979483750400E+018   1.05659553875897168776E-017
      3874   2.28401566697921433600E+018   1.04953596954326311486E-017
      3875   2.28660585043149824000E+018   1.05117051121862311831E-017
      3876   2.30286110177626982400E+018   1.06496021929231617354E-017
      3877   2.31343723459777024000E+018   1.07341688698951499585E-017
      3878   2.38033667094845388800E+018   1.13119965447610391066E-017
      3879   2.26483822991698560000E+018   1.02523660276616409498E-017
      3880   2.26384112696928128000E+018   1.02393622897274495835E-017
      3881   2.28781501914605721600E+018   1.05092710262648221450E-017
      3882   2.29255251325645209600E+018   1.05771910334565578113E-017
      3883   2.29246442232086118400E+018   1.05790717885406813393E-017
      3884   2.29073144726310656000E+018   1.05709976665390302279E-017
      3885   2.29767569863338649600E+018   1.06350171145059786212E-017
      3886   2.27384033126004940800E+018   1.03819256799836068443E-017
      3887   2.27266800722099097600E+018   1.03428576206622464240E-017
      3888   2.28024927258105702400E+018   1.04855415815698884800E-017
      3889   2.28346625327448780800E+018   1.05321898073169478828E-017
      3890   2.30341149754732569600E+018   1.07315986404563936719E-017
      3891   2.29292037518610739200E+018   1.06569680886915728480E-017
      3892   2.33035824764137574400E+018   1.08458160663983465010E-017
      3893   2.32941950570610432000E+018   1.08637756222862434510E-017
      3894   2.34045123518964889600E+018   1.09184170366059715203E-017
      3895   2.40356489611522304000E+018   1.15254912500975422556E-017
      3896   2.39477112555788288000E+018   1.14479900926885614920E-017
      3897   2.41928171827485542400E+018   1.16564972212647644489E-017
      3898   2.41356290061531392000E+018   1.16100193139772642990E-017
      3899   2.37564895111129395200E+018   1.12582326875611413877E-017
      3900   2.38708053122762393600E+018   1.13742516450420408467E-017
      3901   2.34372438999525734400E+018   1.10895119904305114368E-017
      3902   2.35136572002998988800E+018   1.11131817099005064977E-017
      3903   2.38356057320015308800E+018   1.13415898706577050618E-017
      3904   2.32615379430075699200E+018   1.10043011361770648052E-017
      3905   2.31281249587085414400E+018   1.09086077183215211312E-017
      3906   2.40195637748641228800E+018   1.15114528490712140580E-017
      3907   2.41149826343879475200E+018   1.15931748879064452304E-017
      3908   2.38026793728226611200E+018   1.12918243671768237624E-017
      3909   2.38779954810534144000E+018   1.13752087717240669502E-017
      3910   2.38183994919841484800E+018   1.13171019193438136851E-017
      3911   2.30831245227836774400E+018   1.08406400625695146230E-017
      3912   2.31618877665269248000E+018   1.09281352035627966333E-017
      3913   2.30990449145409587200E+018   1.08438569679631637297E-017
      3914   2.30092233837235123200E+018   1.07423734864882461355E-017
      3915   2.43327137666094643200E+018   1.17642809675130992884E-017
      3916   2.44788586423325184000E+018   1.18703726742775238936E-017
      3917   2.41549195799695257600E+018   1.16253888392404201895E-017
      3918   2.40233045195882598400E+018   1.15145193672854004822E-017
      3919   2.43378076972509132800E+018   1.17681692264479801745E-017
      3920   2.43124419894484224000E+018   1.17491373338177446599E-017
      3921   2.37965963574778316800E+018   1.13021019061617704679E-017
      3922   2.30455820146493696000E+018   1.08370391672414774791E-017
      3923   2.30966776487347865600E+018   1.08952272652443007602E-017
      3924   2.34907368018947788800E+018   1.10875008660276369363E-017
      3925   2.34655866476047308800E+018   1.10892158223146040699E-017
      3926   2.32625096731519641600E+018   1.09622318493607315117E-017
      3927   2.33477775814159872000E+018   1.10263178166379601462E-017
      3928   2.33492558904309248000E+018   1.10155075733120192504E-017
      3929   2.31367978331250636800E+018   1.09038836079681971427E-017
      3930   2.49737572037990860800E+018   1.10163898563823544656E-017
      3931   2.49569849723954585600E+018   1.10142327072067087966E-017
      3932   2.52184487361828403200E+018   1.11068098634533401750E-017
      3933   2.22017423124094105600E+018   1.00696312978424214305E-017
      3934   2.23700156537834854400E+018   1.01113336135222558614E-017
      3935   2.05610761256097715200E+018   9.46935218302978947823E-018
      3936   2.11026702016316313600E+018   9.64957595565621417236E-018
      3937   2.10603924676891750400E+018   9.63733442195303527573E-018
      3938   2.15377715989304371200E+018   9.81727232379071565103E-018
      3939   2.17349748026254361600E+018   9.88467625931065323489E-018
      3940   2.15587315837095756800E+018   9.82392090453082482052E-018
      3941   2.07871823292823065600E+018   9.54598232815423992644E-018
      3942   2.21232036247170764800E+018   1.00414568536751978298E-017
      3943   2.22638426144712601600E+018   1.00906650218708341726E-017
      3944   2.19300737134543692800E+018   9.96847854633914967483E-018
      3945   2.30842629611174707200E+018   1.03701396009441852351E-017
      3946   2.29666364396718003200E+018   1.03400041745815112038E-017
      3947   2.26101307649104537600E+018   1.01808678503355061043E-017
      3948   2.26719768749992729600E+018   1.02085004950392895832E-017
      3949   2.26794466381696307200E+018   1.01453062622471871602E-017
      3950   2.25501962521196723200E+018   1.01018411999637190673E-017
      3951   2.26379159923931955200E+018   1.01702290191277381183E-017
      3952   2.27360131182036454400E+018   1.02391659037805197812E-017
      3953   2.28781612816504652800E+018   1.02748748635506142402E-017
      3954   2.34375237867267225600E+018   1.09051370863546383529E-017
      3955   2.31455114148001996800E+018   1.05354396955859436672E-017
      3956   2.32526772611677235200E+018   1.06754926189635861531E-017
      3957   2.32578610712977510400E+018   1.06815148837627170056E-017
      3958   2.31256748614743961600E+018   1.05097279188359663585E-017
      3959   2.35123266936518041600E+018   1.09917278797853048803E-017
      3960   2.35923002093211289600E+018   1.10830404119339456649E-017
      3961   2.17629689627565926400E+018   9.18167391314651892638E-018
      3962   2.17005218899535308800E+018   9.10767264929338079759E-018
      3963   2.22341833199084134400E+018   9.46751730960585346587E-018
      3964   2.21680868390271769600E+018   9.41264482351250216034E-018
      3965   2.19469083519819136000E+018   9.24899133286977558615E-018
      3966   2.27907820771029760000E+018   1.04053079583365643191E-017
      3967   2.27988341461614720000E+018   1.04547156305322173920E-017
      3968   2.28692096951714995200E+018   1.04961599791765611044E-017
      3969   2.29072468846334208000E+018   1.05353710093775860354E-017
      3970   2.25630463297844966400E+018   1.00551798132611492580E-017
      3971   2.25256971591365478400E+018   1.00472559853087833423E-017
      3972   2.25485855803225113600E+018   1.00606113065517694084E-017
      3973   2.25843393376521753600E+018   1.00733604338268951355E-017
      3974   2.25738795907642521600E+018   1.00650640612670574039E-017
      3975   2.26236059348234265600E+018   1.00833431620274384337E-017
      3976   2.26568858112562252800E+018   1.01777609853147337572E-017
      3977   2.27207954001354214400E+018   1.03234152082696055137E-017
      3978   2.26768993010514048000E+018   1.02855891677421142428E-017
      3979   2.26845755458029004800E+018   1.03010500958192898850E-017
      3980   2.26691047753365273600E+018   1.03041239735396511513E-017
      3981   2.33871839432133836800E+018   1.10243426001931411509E-017
      3982   2.30224353771554022400E+018   1.07419544860924625424E-017
      3983   2.33060033225375846400E+018   1.09805935242010993674E-017
      3984   2.30185349202037708800E+018   1.07092159391609175663E-017
      3985   2.30636919998627891200E+018   1.08121442231586348459E-017
      3986   2.30511896209567001600E+018   1.07350666909234960656E-017
      3987   2.30091414161032448000E+018   1.06888417260294419260E-017
      3988   2.30731815575318067200E+018   1.08173874607029123598E-017
      3989   2.30686643742317107200E+018   1.07609512906858350395E-017
      3990   2.28634390691402342400E+018   1.05236683903989365069E-017
      3991   2.28836541998630758400E+018   1.06018669576465908292E-017
      3992   2.25242113969350067200E+018   1.00932662940416944712E-017
      3993   2.15425607889283584000E+018   9.73877922227344109295E-018
      3994   2.18072222430415718400E+018   9.84923337206347031108E-018
      3995   2.33178515441166540800E+018   1.03629843343153716239E-017
      3996   2.20051493479458739200E+018   9.93219115387215284659E-018
      3997   2.19051296945789542400E+018   9.95115472281577462890E-018
      3998   2.39749316173749964800E+018   1.06260563817738164201E-017
      3999   2.33367338307276748800E+018   1.04030472994827112952E-017
      4000   2.36554790760766668800E+018   1.05147018339418911078E-017
      4001   2.17355048838316390400E+018   9.11672743665973234789E-018
      4002   2.17651176501827942400E+018   9.13406538402274561780E-018
      4003   2.17198802698400716800E+018   9.10765220285221526732E-018
      4004   2.17415261339617920000E+018   9.11821689821328580129E-018
      4005   2.25183259130920294400E+018   1.00465301932071199928E-017
      4006   2.25725244597515776000E+018   1.01210373074971865599E-017
      4007   2.27025222212445900800E+018   1.02437581476811754207E-017
      4008   2.24458408299660902400E+018   9.92992787968817175449E-018
      4009   2.23890464784628736000E+018   9.85993455671188871450E-018
      4010   2.24792727927441408000E+018   9.94507320082264604688E-018
      4011   2.26334207687528576000E+018   1.00861194732777831943E-017
      4012   2.25848696554388812800E+018   1.00362385314476113004E-017
      4013   2.26078336125916902400E+018   1.00521022999421998697E-017
      4014   2.17366844992525004800E+018   9.11747933809052335725E-018
      4015   2.17366844991712409600E+018   9.11747933805643901947E-018
      4016   2.17366844994073420800E+018   9.11747933815547187795E-018
      4017   2.17366844985942374400E+018   9.11747933781441433670E-018
      4018   2.17366844989372544000E+018   9.11747933795829208876E-018
      4019   2.17366844987357900800E+018   9.11747933787378998652E-018
      4020   2.17366844991007692800E+018   9.11747933802688292817E-018
      4021   2.17366844991615923200E+018   9.11747933805239148510E-018
      4022   2.17366844989228134400E+018   9.11747933795223696501E-018
      4023   2.17366844991862656000E+018   9.11747933806274066225E-018
      4024   2.17366844992758451200E+018   9.11747933810031786658E-018
      4025   5.37880408158672793600E+018   1.65302663968501572958E-017
      4026   5.33302314465933107200E+018   1.64407312699693632739E-017
      4027   6.05411723918760857600E+018   1.71294354295438261075E-017
      4028   6.10600281690392985600E+018   1.71360035869680839113E-017
      4029   5.45955935548549427200E+018   1.66537915797493449369E-017
      4030   5.07150402580201881600E+018   1.59854647317472748024E-017
      4031   5.12949719602592460800E+018   1.60827943666224480782E-017
      4032   5.57030136911085670400E+018   1.67927104697694575619E-017
      4033   2.26039936085418598400E+018   9.85108564121941874304E-018
      4034   2.18809100850556851200E+018   9.20181963296110536589E-018
      4035   2.37303613537602406400E+018   1.12368361822669973298E-017
      4036   2.30601489132050790400E+018   1.04399687143906131976E-017
      4037   4.04329058880157696000E+018   1.47328011693763282301E-017
      4038   2.83636394038652672000E+018   1.34134820023192200985E-017
      4039   3.17993997334725836800E+018   1.40390585648371839685E-017
      4040   2.84438945420158566400E+018   1.34329561842305904421E-017
      4041   2.59695197566208358400E+018   1.26677465336407364485E-017
      4042   2.26268013740346854400E+018   9.87186104733805417696E-018
      4043   2.24625032526513484800E+018   9.69322909636346090241E-018
      4044   2.20126730997864268800E+018   9.29770482425174977892E-018
      4045   3.79285124592432179200E+018   1.45616760360334816084E-017
      4046   4.02320075882879129600E+018   1.47528046315020273605E-017
      4047   4.43897926370524108800E+018   1.50239515621094635832E-017
      4048   3.06999344369877504000E+018   1.38796814994906585248E-017
      4049   2.72038789328496537600E+018   1.31078852889588796303E-017
      4050   2.17366844992121984000E+018   9.11747933807361831457E-018
      4051   2.17366844993205811200E+018   9.11747933811908412795E-018
      4052   2.17347974291671859200E+018   9.11637381909865512731E-018
      4053   2.16589909796337510400E+018   9.05716115740779241420E-018
      4054   2.29985393113045836800E+018   1.03546706304896136704E-017
      4055   2.27592668400277452800E+018   1.00401804317038766102E-017
      4056   2.17784491101624857600E+018   9.13274413402768430711E-018
      4057   2.17397542370509542400E+018   9.11807593481153327983E-018
      4058   2.17366306828370944000E+018   9.11742125636736604538E-018
      4059   2.17134681740775219200E+018   9.10294631320534655198E-018
      4060   2.16301895865777331200E+018   9.02742045919633166784E-018
      4061   2.31726113434366105600E+018   1.08174929462112587672E-017
      4062   2.33469899012475699200E+018   1.09160465260130218702E-017
      4063   2.34347327093117286400E+018   1.09657499953309714895E-017
      4064   2.33890635152969062400E+018   1.09296324647918985737E-017
      4065   2.31246530409885696000E+018   1.07649817389213269719E-017
      4066   2.32261805546581248000E+018   1.08248038410982478984E-017
      4067   2.27533690179905126400E+018   1.03970013374724324036E-017
      4068   2.27653043871195238400E+018   1.04222792398088046896E-017
      4069   2.27000149126400051200E+018   1.03440946847365506255E-017
      4070   2.27187874765489049600E+018   1.03188025609780301389E-017
      4071   2.27193849128819404800E+018   1.03107287022562656066E-017
      4072   2.27073374991646540800E+018   1.03313243499591329218E-017
      4073   2.28400550075639961600E+018   1.05101982026663005599E-017
      4074   2.28830060656307302400E+018   1.05582229345119024137E-017
      4075   2.28985248964554598400E+018   1.05938604593667211185E-017
      4076   2.25979693738182323200E+018   1.02385670704965989936E-017
      4077   2.24098556349376768000E+018   1.02849109783597895842E-017
      4078   2.25078566656138265600E+018   1.01263906108921722449E-017
      4079   2.26520836467434419200E+018   1.02636779032487755897E-017
      4080   2.26646363486747699200E+018   1.02801400618296360647E-017
      4081   2.26304880746309248000E+018   1.02509125464957583041E-017
      4082   2.26540879565313280000E+018   1.02685521212141215791E-017
      4083   2.26562132961359360000E+018   1.03104110051464232619E-017
      4084   2.26004955897502208000E+018   1.02356269804110864833E-017
      4085   2.25807288062411315200E+018   1.02060015931157679527E-017
      4086   2.26337706205431961600E+018   1.02641918558907947961E-017
      4087   2.26694128278609792000E+018   9.84890473096248489557E-018
      4088   2.26285437165176166400E+018   9.85746417249058678788E-018
      4089   2.25522796043694976000E+018   9.75416452918516919599E-018
      4090   2.25642101480810496000E+018   9.78831727148742955913E-018
      4091   2.17366844989648665600E+018   9.11747933796987386107E-018
      4092   2.17366844991674931200E+018   9.11747933805486746063E-018
      4093   2.17366844991003673600E+018   9.11747933802671190559E-018
      4094   2.17366844991536204800E+018   9.11747933804904961146E-018
      4095   2.17366844989308006400E+018   9.11747933795558808312E-018
      4096   2.17366844992166553600E+018   9.11747933807549339997E-018
      4097   2.17366844992446387200E+018   9.11747933808722462444E-018
      4098   2.17366844887240371200E+018   9.11747933367434596510E-018
      4099   2.17366844783804467200E+018   9.11747932933571575697E-018
      4100   2.17366844992403865600E+018   9.11747933808544506517E-018
      4101   2.17366844991013580800E+018   9.11747933802712944720E-018
      4102   2.17366844926796646400E+018   9.11747933533354231591E-018
      4103   2.17366844992872678400E+018   9.11747933810510649879E-018
      4104   2.17366844975476147200E+018   9.11747933737540862072E-018
      4105   2.21595182290342502400E+018   9.63203078022892269306E-018
      4106   2.20232628605663590400E+018   9.54820557027435118544E-018
      4107   2.20957309163975731200E+018   9.59201238312689531595E-018
      4108   2.17366844991360435200E+018   9.11747933804167561089E-018
      4109   2.17366844992043648000E+018   9.11747933807475076138E-018
      4110   2.17366844776645427200E+018   9.11747932903543400451E-018
      4111   2.17366844992212889600E+018   9.11747933807743473735E-018
      4112   2.17366875266769433600E+018   9.11747944806231417684E-018
      4113   2.17366844992456780800E+018   9.11747933808766219573E-018
      4114   2.17366844992920780800E+018   9.11747933810712641412E-018
      4115   2.17366844992181734400E+018   9.11747933807612664573E-018
      4116   2.17404850862538470400E+018   9.11971378487660828262E-018
      4117   2.20642706704703001600E+018   9.33597179374924875405E-018
      4118   2.22989004436022579200E+018   9.53764901081841530521E-018
      4119   2.25402776210105753600E+018   9.78946786685343600518E-018
      4120   2.17366844916198425600E+018   9.11747933488899762540E-018
      4121   2.17366844973692032000E+018   9.11747933730057314605E-018
      4122   2.17366844922166246400E+018   9.11747933513931767362E-018
      4123   2.16949290553989324800E+018   9.09280273116547256524E-018
      4124   2.23164268600250342400E+018   1.04908597279487132071E-017
      4125   2.12164452898899532800E+018   1.01772371002753302933E-017
      4126   2.26684373123782272000E+018   1.06791339772789562835E-017
      4127   2.19279449854456012800E+018   1.03535276302908718187E-017
      4128   2.20783540784364646400E+018   1.03975281026150733045E-017
      4129   2.30824685905669990400E+018   1.07600007168671784624E-017
      4130   2.37477896968169984000E+018   1.09694506022388126615E-017
      4131   2.33293248271581184000E+018   1.08403648704769124285E-017
      4132   2.50844713699306291200E+018   1.22552474694281624718E-017
      4133   2.49165944283585689600E+018   1.21549164938101662824E-017
      4134   2.48754093462108723200E+018   1.21311807010770210077E-017
      4135   2.09113952068843059200E+018   1.00808112672524964512E-017
      4136   1.95723013066272384000E+018   9.72326049723628410590E-018
      4137   1.96000819073619891200E+018   9.72810080758947371321E-018
      4138   2.35442595891369779200E+018   1.11341175652988857493E-017
      4139   2.36841275259518464000E+018   1.12203976812139344204E-017
      4140   2.36438673590654976000E+018   1.11917772804359408023E-017
      4141   2.20544658776518374400E+018   1.04718860167022973469E-017
      4142   2.21877022171643776000E+018   1.05131441946096187596E-017
      4143   2.24080276720595328000E+018   1.05901430367517624921E-017
      4144   2.24454936817794918400E+018   1.06020994328962337428E-017
      4145   2.43063058692705689600E+018   1.12148033658841879166E-017
      4146   2.40963076643787673600E+018   1.11289976118736084406E-017
      4147   2.42633291517847193600E+018   1.11918943843765463049E-017
      4148   3.57858444790635264000E+018   1.44551288137961463482E-017
      4149   3.17761991601984921600E+018   1.40357119602525286619E-017
      4150   3.62508166390059315200E+018   1.45076344817799268161E-017
      4151   3.21815894907912294400E+018   1.40875420286822640111E-017
      4152   2.16725177521100006400E+018   9.06692603496132798551E-018
      4153   2.17362622145213568000E+018   9.11718728458819800894E-018
      4154   2.23045555666366054400E+018   9.53800649852329583493E-018
      4155   3.52184645829936435200E+018   1.44118974805071299427E-017
      4156   3.36806169273745203200E+018   1.42610637841675155385E-017
      4157   2.22728377638202521600E+018   9.51435793684604666100E-018
      4158   2.35524620921738393600E+018   1.10498355385408810659E-017
      4159   2.27809512426707046400E+018   1.00729840538681515090E-017
      4160   2.37638637056174387200E+018   1.12698410912244897719E-017
      4161   2.29578630445754700800E+018   1.03066603199418705700E-017
      4162   2.28749930676157542400E+018   1.01942680101101707493E-017
      4163   2.48414003017186560000E+018   1.21021744658389296451E-017
      4164   2.17366844954572390400E+018   9.11747933649859126531E-018
      4165   2.17366844992322201600E+018   9.11747933808201690987E-018
      4166   2.17366844991606016000E+018   9.11747933805197548423E-018
      4167   2.17366844983644518400E+018   9.11747933771803155782E-018
      4168   2.17366844954477132800E+018   9.11747933649460381995E-018
      4169   2.17366844991743206400E+018   9.11747933805773170365E-018
      4170   2.33473758275453184000E+018   1.10201510125974601524E-017
      4171   2.34129203738791526400E+018   1.10650494982248323941E-017
      4172   2.31382925340247347200E+018   1.09237491730167460959E-017
      4173   2.31948230775980646400E+018   1.09519890732386129022E-017
      4174   2.32183947985611264000E+018   1.09505113282111983581E-017
      4175   2.31852754665634662400E+018   1.09409491672040585980E-017
      4176   2.31638772995740723200E+018   1.09321445701938814387E-017
      4177   2.30568447289614336000E+018   1.07211690030591618780E-017
      4178   2.30170513240047897600E+018   1.08191720369095552735E-017
      4179   2.30441349268644838400E+018   1.08482401672469362185E-017
      4180   2.29914817026012032000E+018   1.07783211484260894816E-017
      4181   2.29326495266643251200E+018   1.07516565313070528285E-017
      4182   2.29430421912115840000E+018   1.07142798043696112455E-017
      4183   2.30315043188981043200E+018   1.07185763528805712264E-017
      4184   2.30070885164033740800E+018   1.07419340186098421461E-017
      4185   2.30014281430598988800E+018   1.07482903949140231029E-017
      4186   2.29979778125498112000E+018   1.07697362364846959043E-017
      4187   2.29973321642674278400E+018   1.07646654695076572402E-017
      4188   2.29961964359126988800E+018   1.07566972050575073539E-017
      4189   2.29956223786352588800E+018   1.07534069424263517073E-017
      4190   2.30067396956789580800E+018   1.07330848588950970334E-017
      4191   2.30084526640200550400E+018   1.07378572282263082584E-017
      4192   2.30075162735330508800E+018   1.07385454240733138793E-017
      4193   2.30024601702929766400E+018   1.07528908410654714711E-017
      4194   2.30036429780022860800E+018   1.07429899086612447658E-017
      4195   2.30036579500757120000E+018   1.07453623339324123338E-017
      4196   2.29978746686584089600E+018   1.07411653934020457320E-017
      4197   2.29987025873930240000E+018   1.07488046780531241892E-017
      4198   2.30026426404793164800E+018   1.07551677692664495816E-017
      4199   2.30058443864981248000E+018   1.07807939797297709749E-017
      4200   2.30089919866883737600E+018   1.07909850323775326533E-017
      4201   2.30040069873954278400E+018   1.07766936318030032214E-017
      4202   2.30040813123134310400E+018   1.07749049812859947079E-017
      4203   2.30093392537776281600E+018   1.07952370580763433239E-017
      4204   2.30060116796507545600E+018   1.07867411552736241508E-017
      4205   2.30185782139424358400E+018   1.07435326636287107881E-017
      4206   2.30283983108289740800E+018   1.07558143277068749851E-017
      4207   2.29824271144672076800E+018   1.07514851282641453136E-017
      4208   2.30084731734540339200E+018   1.07824935508519710574E-017
      4209   2.29883403383742950400E+018   1.07715308824260463119E-017
      4210   2.29876738166530688000E+018   1.07319047246817167337E-017
      4211   2.29982796276503731200E+018   1.07676613753822234179E-017
      4212   2.30063515465762329600E+018   1.07725728591840698652E-017
      4213   2.30308639958437504000E+018   1.07846305192384533024E-017
      4214   2.30099943863363635200E+018   1.07810079267869971038E-017
      4215   2.29815177888410624000E+018   1.07477971186087213419E-017
      4216   2.30111360245940249600E+018   1.07583707464731905910E-017
      4217   2.30253756044578227200E+018   1.07516396402859934609E-017
      4218   2.30276172582051635200E+018   1.07594971783249107210E-017
      4219   2.30098320398094950400E+018   1.07627216598896732607E-017
      4220   2.30070908878932198400E+018   1.07522465550898841681E-017
      4221   2.30276269431329254400E+018   1.07404658516543913135E-017
      4222   2.30277783945586432000E+018   1.07311114586669715230E-017
      4223   2.30240318713280640000E+018   1.07387667571339825813E-017
      4224   2.17366844837077964800E+018   9.11747933157732873041E-018
      4225   2.17366844992235827200E+018   9.11747933807839462083E-018
      4226   2.17366844664091801600E+018   9.11747932431430794645E-018
      4227   2.17366844674696499200E+018   9.11747932475908991153E-018
      4228   2.17366844989506099200E+018   9.11747933796387266336E-018
      4229   2.17366844947213875200E+018   9.11747933618994481391E-018
      4230   2.17494667857535155200E+018   9.11978954680194762161E-018
      4231   2.20016519412140544000E+018   9.37644137523480636384E-018
      4232   2.18490900129349171200E+018   9.26853663792488240086E-018
      4233   2.20058815527990835200E+018   9.41527282760587105893E-018
      4234   2.19120111818537651200E+018   9.35838626925860957096E-018
      4235   2.17736825244341427200E+018   9.21673328893861106589E-018
      4236   2.18282191662156364800E+018   9.26119241746399439437E-018
      4237   2.16680950464982912000E+018   9.10819630708169131590E-018
      4238   2.17366844992425062400E+018   9.11747933808633253369E-018
      4239   2.17366844992281574400E+018   9.11747933808031438780E-018
      4240   2.17366844825358976000E+018   9.11747933107872395673E-018
      4241   2.16648052906484761600E+018   9.12302447261656056420E-018
      4242   2.59828289240429824000E+018   1.26640283738277769590E-017
      4243   2.69913006682673561600E+018   1.30159445329406181753E-017
      4244   2.64955720900220825600E+018   1.28505408361120372057E-017
      4245   2.24933905215014988800E+018   9.79195327187947944037E-018
      4246   2.23292453752163200000E+018   9.67284339711788029373E-018
      4247   2.29593529837104640000E+018   1.03144978173630521633E-017
      4248   2.28176788316261504000E+018   1.01269304987890778600E-017
      4249   2.27350046702176844800E+018   1.00158483230766262929E-017
      4250   2.23421084297002060800E+018   9.73471159622414317717E-018
      4251   2.25846125730726220800E+018   1.00356787355574656439E-017
      4252   2.27409160691664307200E+018   1.01558950467641129498E-017
      4253   2.26742903142496691200E+018   1.00830584070542889949E-017
      4254   2.25332448066086630400E+018   9.99816386175223607220E-018
      4255   2.28761196754492979200E+018   1.02543335981172167178E-017
      4256   2.28514668954317158400E+018   1.02197237507425076007E-017
      4257   2.31124615219877836800E+018   1.05144575696009439514E-017
      4258   2.30945556289389056000E+018   1.04914281920910783064E-017
      4259   2.33590088678137292800E+018   1.08277818714125414706E-017
      4260   2.31987787940943769600E+018   1.06274215184121942498E-017
      4261   2.17366844991705651200E+018   9.11747933805615860407E-018
      4262   2.17499073207972121600E+018   9.21954825161341090496E-018
      4263   2.16791845649023334400E+018   9.15550068545038055688E-018
      4264   2.16525302108616576000E+018   9.13842049110801288477E-018
      4265   2.16988799724680448000E+018   9.19087112024393813938E-018
      4266   2.16662938280986137600E+018   9.14931770623916744255E-018
      4267   2.17292139836567500800E+018   9.11599290875102949110E-018
      4268   2.16953678493827046400E+018   9.10022584628552834402E-018
      4269   2.16974953786693964800E+018   9.10739947065825009095E-018
      4270   2.17188926227519360000E+018   9.11447378735520972769E-018
      4271   2.17083182959328998400E+018   9.11316261505749616949E-018
      4272   2.17216712468080230400E+018   9.11641258535606376077E-018
      4273   2.17230557687776153600E+018   9.11426992377065291263E-018
      4274   2.17058872198398515200E+018   9.11111377513366602399E-018
      4275   2.17384141931884160000E+018   9.11780080041057086657E-018
      4276   2.17366844989820544000E+018   9.11747933797708608353E-018
      4277   2.17392274747422412800E+018   9.11795194815674604530E-018
      4278   2.17414789042211942400E+018   9.12066983457043737883E-018
      4279   2.17409794539731865600E+018   9.11827755207580645624E-018
      4280   2.17366844990176921600E+018   9.11747933799203438138E-018
      4281   2.17849521453846451200E+018   9.27054173490282865270E-018
      4282   2.18517002272153548800E+018   9.31360769774936648700E-018
      4283   2.17483639802353689600E+018   9.22897097498589964859E-018
      4284   2.18323288906295449600E+018   9.29985927735063916814E-018
      4285   2.17718528110024294400E+018   9.24729386207591672206E-018
      4286   2.25789968969707929600E+018   9.96073646307604451283E-018
      4287   2.27313640933108147200E+018   1.00806328198848785958E-017
      4288   2.21553367522843724800E+018   9.57413094308175132703E-018
      4289   2.21746504314163481600E+018   9.59044617172288888753E-018
      4290   2.21376123177009996800E+018   9.54945206694548226027E-018
      4291   2.22410424915191756800E+018   9.62438835487933559906E-018
      4292   2.24743144084448256000E+018   9.79342524285226482368E-018
      4293   2.23007442111224524800E+018   9.67871395572854058258E-018
      4294   2.16460025015223116800E+018   9.09983804659608296948E-018
      4295   2.16627122516951116800E+018   9.09006692061780206205E-018
      4296   2.16465242224825702400E+018   9.09814262306642059041E-018
      4297   2.16603762441046169600E+018   9.09569966811811600713E-018
      4298   2.16538621299178572800E+018   9.09192783685916322395E-018
      4299   2.16984462226411033600E+018   9.10939434707547613488E-018
      4300   2.17085294169388108800E+018   9.11381330057442429182E-018
      4301   2.17219565952552268800E+018   9.11725695709014468736E-018
      4302   2.16867389201536000000E+018   9.10766588216601706766E-018
      4303   2.16705172068060723200E+018   9.16986183915479058663E-018
      4304   2.16987701810219033600E+018   9.20086581918995101368E-018
      4305   2.16766243610150246400E+018   9.16197078462349289903E-018
      4306   2.17486000405712947200E+018   9.19568595638922251453E-018
      4307   2.17621185190223641600E+018   9.20992431931586258648E-018
      4308   2.20952861512375398400E+018   9.49029292779176323808E-018
      4309   2.20367365412313216000E+018   9.46966487612855543540E-018
      4310   2.20258373337629721600E+018   9.45498252307284201881E-018
      4311   2.20395458877479296000E+018   9.45843219188656203393E-018
      4312   2.17149901434421811200E+018   9.11323339222569985743E-018
      4313   2.17231599709721472000E+018   9.11405001580512526307E-018
      4314   2.16659555235832371200E+018   9.09478946087409228801E-018
      4315   2.17290645305490483200E+018   9.11621560105891388325E-018
      4316   2.17342502528549888000E+018   9.11710447490200735257E-018
      4317   2.17356104574175872000E+018   9.11481323040369392830E-018
      4318   2.17382722282768230400E+018   9.11780992784265327899E-018
      4319   2.17386383537278208000E+018   9.11788616106063452031E-018
      4320   2.20429882037233459200E+018   9.40297297143857683966E-018
      4321   2.19634043379922867200E+018   9.34592545422097452289E-018
      4322   2.20864980944480998400E+018   9.41934044979878083945E-018
      4323   2.16878490665666432000E+018   9.15019840678493754286E-018
      4324   2.17241329005416140800E+018   9.11682592142731867137E-018
      4325   2.17341740970773555200E+018   9.11767951595702640906E-018
      4326   2.17351853119293158400E+018   9.11730481030454008177E-018
      4327   2.17366844983616204800E+018   9.11747934153443738744E-018
      4328   2.17366844966498022400E+018   9.11747933688725009106E-018
      4329   2.17366844991719065600E+018   9.11747933805671635338E-018
      4330   2.17366844987852416000E+018   9.11747933789453148165E-018
      4331   2.17366844974486220800E+018   9.11747933651713103732E-018
      4332   2.17366844991443251200E+018   9.11747933804515152925E-018
      4333   2.17366844991723596800E+018   9.11747933805691202786E-018
      4334   2.17366844991964160000E+018   9.11747933806700081928E-018
      4335   2.17392038962513612800E+018   9.11810805791822311302E-018
      4336   2.17268004323374054400E+018   9.11614786708596626524E-018
      4337   2.17330081512574848000E+018   9.11686400140581970679E-018
      4338   2.36399563516798873600E+018   9.85504948372081526614E-018
      4339   2.37748943764009216000E+018   9.88856627256227528100E-018
      4340   2.38765092428046796800E+018   9.91092687251812182196E-018
      4341   2.26494943945633228800E+018   9.48122098775860651370E-018
      4342   2.38632701319236608000E+018   9.89724346172385060315E-018
      4343   2.37727237572555878400E+018   9.83555225164656772287E-018
      4344   2.34451985488602521600E+018   9.75910995973520094210E-018
      4345   2.32769117541568768000E+018   9.67914917782818410631E-018
      4346   2.04908339150558899200E+018   8.82259411884891904035E-018
      4347   2.12936679498994867200E+018   9.09795999476387249959E-018
      4348   2.09962568823459225600E+018   8.99780749915447533783E-018
      4349   2.09191725343774771200E+018   8.97510938948481044830E-018
      4350   2.01848313026676121600E+018   8.72894316879618596442E-018
      4351   2.17069976980247372800E+018   9.18024847928803177773E-018
      4352   2.16969497161448499200E+018   9.17127187963840691676E-018
      4353   2.05132314049377638400E+018   8.85496252539455427874E-018
      4354   2.00621114282602598400E+018   8.70717327719935291207E-018
      4355   2.29975546160615014400E+018   1.03371182623522038142E-017
      4356   2.22878073123674188800E+018   9.69065975898653971418E-018
      4357   2.24248407854205926400E+018   9.84202437257937023848E-018
      4358   2.23572235564893491200E+018   9.76920795052321056625E-018
      4359   2.19724370878483481600E+018   9.38966616151399776421E-018
      4360   2.20658348668509568000E+018   9.45181423496776281727E-018
      4361   2.21488026610705996800E+018   9.52536276988774990008E-018
      4362   2.28843831706890521600E+018   1.01871572185864452481E-017
      4363   2.24476098868710988800E+018   9.72080076935202982901E-018
      4364   2.22874640295266227200E+018   9.60919148029165995511E-018
      4365   2.22904180296055756800E+018   9.59071516179896287319E-018
      4366   2.25812269538770892800E+018   9.80826882795332709437E-018
      4367   2.30472411266404812800E+018   1.04046980324957606701E-017
      4368   2.30439738601565158400E+018   1.04001513364646224017E-017
      4369   2.28914473817378355200E+018   1.02066765467970019882E-017
      4370   2.25741929178485504000E+018   9.79044315336473400574E-018
      4371   2.22916291744019328000E+018   9.69688285471274476554E-018
      4372   2.29570747004680652800E+018   1.03176403754064450038E-017
      4373   2.31385581214453862400E+018   1.05274989940077333457E-017
      4374   2.31135476994631321600E+018   1.04805391267234786662E-017
      4375   2.25322640697135001600E+018   1.00161924808609869217E-017
      4376   2.22533861332610457600E+018   9.65284887803803411234E-018
      4377   2.22746507528861926400E+018   9.68337706428635294499E-018
      4378   2.23444665001943014400E+018   9.76117692052801594572E-018
      4379   2.22720761122293017600E+018   9.67432661004799715200E-018
      4380   2.18098138306387020800E+018   9.41669396079867124969E-018
      4381   2.21322385197426918400E+018   9.48469870499263990354E-018
      4382   2.23826506365083238400E+018   9.59103678478498590907E-018
      4383   2.21789222460733235200E+018   9.57435379099084073734E-018
      4384   2.21032426855154918400E+018   9.51644428696998947088E-018
      4385   2.22126885398270412800E+018   9.61075764388740449804E-018
      4386   2.22174175773839923200E+018   9.62082852484926914315E-018
      4387   2.24880173997684684800E+018   9.64851348710699553243E-018
      4388   2.21545984804896409600E+018   9.57036847623681506457E-018
      4389   2.16420520422339481600E+018   9.34876514159274483255E-018
      4390   2.17770302922011852800E+018   9.33584564375141969474E-018
      4391   2.24467993497760281600E+018   9.63898583426998119159E-018
      4392   2.21891509394494003200E+018   9.52330064427740385190E-018
      4393   2.23900840300232934400E+018   9.58374163841852937968E-018
      4394   1.72468907341626112000E+018   8.20609684990290373769E-018
      4395   8.77721708427973120000E+017   5.54524034256237516880E-018
      4396   2.23361391270332902400E+018   9.66361530508901722417E-018
      4397   2.23585898714907596800E+018   9.62352337815472757270E-018
      4398   2.26119500566928204800E+018   9.67394206707272446666E-018
      4399   2.25299453417443891200E+018   1.01054423841762342885E-017
      4400   2.25290772997474048000E+018   1.01022941318156886450E-017
      4401   2.25253034675598489600E+018   1.01009375941334122196E-017
      4402   2.25252119910466841600E+018   1.01073175512901984625E-017
      4403   2.25256413350791961600E+018   1.01060625832216634242E-017
      4404   2.25159854460248499200E+018   1.01131707208325223393E-017
      4405   2.25139555313052057600E+018   1.01159339847293991172E-017
      4406   2.25106669063366707200E+018   1.01184231474807336109E-017
      4407   2.25166829140099379200E+018   1.01048631695409384458E-017
      4408   2.37665457659044505600E+018   1.12234574034799904911E-017
      4409   2.36331457263750297600E+018   1.11433465537104693772E-017
      4410   2.37698860359000064000E+018   1.12256357274122980942E-017
      4411   2.35140720924524441600E+018   1.10227224720807115841E-017
      4412   2.32278740625733171200E+018   1.09560958534344835098E-017
      4413   2.29483029072388659200E+018   1.07199281664669886717E-017
      4414   2.31948395611670835200E+018   1.10381780992219681335E-017
      4415   2.35708763707249459200E+018   1.10998932136476204604E-017
      4416   2.32038815062957363200E+018   1.10034101960761612947E-017
      4417   2.36446581447076300800E+018   1.11708171587795102817E-017
      4418   2.36709983819875788800E+018   1.11735743235303315052E-017
      4419   2.37699039109404364800E+018   1.12831994819828279508E-017
      4420   2.36894000042886502400E+018   1.12185082256950262858E-017
      4421   2.32371739173293619200E+018   1.09969887969145747484E-017
      4422   2.33897478611009382400E+018   1.10391646978864407840E-017
      4423   2.34898574253035417600E+018   1.10754162259326401181E-017
      4424   2.36943321982551244800E+018   1.11238220999129708477E-017
      4425   2.42206123884242380800E+018   1.16784918398090535186E-017
      4426   2.40766608454262272000E+018   1.15592664436269257971E-017
      4427   2.41157352601858355200E+018   1.15929755442834606091E-017
      4428   2.40470112341046323200E+018   1.15335490431045726848E-017
      4429   2.36974507872959180800E+018   1.12290518073846556736E-017
      4430   2.36850291419551539200E+018   1.12234746557648364076E-017
      4431   2.38286046360908185600E+018   1.13298953717141021999E-017
      4432   2.39510201729758771200E+018   1.14386277414247091670E-017
      4433   2.39850750773529958400E+018   1.14712090350362445466E-017
      4434   2.37970729745485619200E+018   1.13017094357845203049E-017
      4435   2.38754756638919936000E+018   1.13612228699617621353E-017
      4436   2.37877075734095769600E+018   1.12944276080418397501E-017
      4437   2.36892838284946124800E+018   1.12245103846371685495E-017
      4438   2.36518439050912921600E+018   1.11997331874724950981E-017
      4439   2.32503290635089203200E+018   1.09743975058575892017E-017
      4440   2.32988836883409459200E+018   1.10004557537447294267E-017
      4441   2.36179748860881612800E+018   1.11331049340399288645E-017
      4442   2.33535308112304230400E+018   1.10222976265226557082E-017
      4443   2.33610729665879859200E+018   1.10248930069559313741E-017
      4444   2.37934545938373171200E+018   1.12993043183577798177E-017
      4445   2.37740167751204556800E+018   1.12799118414238000989E-017
      4446   2.75011768073787392000E+018   1.31974749588260713743E-017
      4447   2.79096370170356480000E+018   1.33120561481090587867E-017
      4448   2.80498096803954073600E+018   1.33478165471598563462E-017
      4449   2.94459685692921804800E+018   1.36597533645321313987E-017
      4450   2.90646797025080115200E+018   1.35816172958428949345E-017
      4451   3.00616283642104371200E+018   1.37744269421752526277E-017
      4452   2.40128472854703206400E+018   1.15041995184608800064E-017
      4453   2.42331677488628070400E+018   1.16882997446395924780E-017
      4454   2.42608879327905484800E+018   1.17100073663369014812E-017
      4455   2.38357112106740326400E+018   1.13390728497951221259E-017
      4456   2.32254258802938828800E+018   1.09866399178770701610E-017
      4457   2.33538750521273651200E+018   1.10537368766453568822E-017
      4458   2.21483497602786252800E+018   1.03852869517463012528E-017
      4459   2.16866283025147545600E+018   1.02464938162254181368E-017
      4460   2.32523786588655052800E+018   1.08985104953317350326E-017
      4461   2.28250288457117952000E+018   1.07206093523854683125E-017
      4462   2.31875130538434560000E+018   1.09179015239502773089E-017
      4463   2.31535886337607219200E+018   1.09317486094836295694E-017
      4464   2.10455020988096921600E+018   1.00557217546174549215E-017
      4465   2.22859780727173376000E+018   1.06418273650873728043E-017
      4466   2.24753782599816371200E+018   1.06853349980592322333E-017
      4467   2.14144672794244761600E+018   1.03740550888891593337E-017
      4468   2.20104315001331097600E+018   1.05386208837486106586E-017
      4469   2.22317456549470771200E+018   1.06248279846757445249E-017
      4470   2.18207062771403212800E+018   1.04392934290884693966E-017
      4471   2.31985572789432320000E+018   1.08114756233754638170E-017
      4472   2.32826800236807987200E+018   1.08307461917513456814E-017
      4473   2.16064291210674073600E+018   1.03603309359660700615E-017
      4474   2.08210330321516595200E+018   1.00622993829810853783E-017
      4475   2.04975926051007257600E+018   9.95612675705670839692E-018
      4476   2.33694894077861324800E+018   1.10664102243172433927E-017
      4477   2.34159909796182681600E+018   1.10189993106095858608E-017
      4478   2.33728476229137203200E+018   1.09736703756149563929E-017
      4479   2.30923482628950681600E+018   1.07939932290009837105E-017
      4480   2.32480326667769292800E+018   1.08802668053684916462E-017
      4481   2.34839999931824998400E+018   1.10094229465427533986E-017
      4482   2.30326563997830860800E+018   1.07900579582155306134E-017
      4483   2.29779289647606323200E+018   1.06749141947818856694E-017
      4484   2.31452003305528268800E+018   1.08697546264592414239E-017
      4485   2.33588759423688857600E+018   1.09999652020158133064E-017
      4486   2.35211540197622732800E+018   1.10860969087430665315E-017
      4487   2.34081069530306406400E+018   1.10520503043062354401E-017
      4488   2.31160589726277427200E+018   1.08731481597496003483E-017
      4489   2.32928249559862220800E+018   1.09998337642026863083E-017
      4490   2.32839976740562380800E+018   1.10048161057297468372E-017
      4491   2.39322931896869580800E+018   1.14326262048003796240E-017
      4492   2.39623548555612057600E+018   1.14597428859269734937E-017
      4493   2.43242379835725977600E+018   1.17586588827014713717E-017
      4494   2.41438197715811993600E+018   1.16158380813863383436E-017
      4495   8.27071195938498150400E+018   1.42959174440609929348E-017
      4496   8.26378484708494950400E+018   1.43018866769533653395E-017
      4497   6.69535910157254348800E+018   1.66512831592854850819E-017
      4498   2.35493756584165171200E+018   1.10268762926395103087E-017
      4499   2.35301239936169932800E+018   1.10047709957587699285E-017
      4500   2.36343317838763008000E+018   1.11308021173311203425E-017
      4501   2.35711433670894950400E+018   1.10615500285823914713E-017
      4502   5.02461742378595430400E+018   1.58858355187577559461E-017
      4503   4.60996726404724326400E+018   1.51978095281793642722E-017
      4504   4.58600497080464844800E+018   1.51701825246010491598E-017
      4505   4.90841181290358988800E+018   1.56462691962226245560E-017
      4506   5.12162739362188902400E+018   1.60485272600560182039E-017
      4507   4.92193741391226982400E+018   1.56738076166900545582E-017
      4508   5.62642597736873267200E+018   1.68748695886572372700E-017
      4509   5.42611419839044096000E+018   1.65891468500292380492E-017
      4510   2.61329730122957721600E+018   1.27334247191715718066E-017
      4511   2.40899141068058777600E+018   1.15681742813848053644E-017
      4512   2.81621865414319923200E+018   1.33597991144574165490E-017
      4513   2.70317272771601459200E+018   1.30480001436173172335E-017
      4514   2.47850433768484812800E+018   1.20684106624888003553E-017
      4515   5.40027160832676249600E+018   1.65594591468054602002E-017
      4516   4.89673114539304857600E+018   1.56257964916462386748E-017
      4517   4.63353828574493900800E+018   1.52345449054048366347E-017
      4518   4.33032181064156160000E+018   1.49373013913580267256E-017
      4519   2.17463250558319206400E+018   9.11730961004131919814E-018
      4520   7.45504747587430297600E+018   1.51217029662594379081E-017
      4521   6.53075461658420019200E+018   1.68604075800553937045E-017
      4522   6.54790454342541414400E+018   1.68295844711747675749E-017
      4523   6.84032843116810137600E+018   1.64203565474481435453E-017
      4524   7.24623203412108800000E+018   1.55737829379903344895E-017
      4525   2.32683946654195456000E+018   1.08457066688656314154E-017
      4526   2.34515872070431846400E+018   1.09476485863893845702E-017
      4527   2.29633554999679846400E+018   1.06686464276320098514E-017
      4528   2.31663587634035046400E+018   1.07916809997627679636E-017
      4529   2.30391444692776294400E+018   1.07114259111591699909E-017
      4530   2.29743950381808921600E+018   1.06595371896531315397E-017
      4531   2.31638397221297356800E+018   1.08049617912103129426E-017
      4532   2.30426750710518528000E+018   1.07336086388940579225E-017
      4533   2.21711360506993817600E+018   1.02297220694338208821E-017
      4534   2.20634747274700620800E+018   1.01884121196651803046E-017
      4535   4.93460713268066611200E+018   1.57265638848053011557E-017
      4536   4.64288354039325286400E+018   1.52724909307716461642E-017
      4537   4.51508687298508953600E+018   1.51280713869617878955E-017
      4538   4.65985967447811379200E+018   1.52911467004331716260E-017
      4539   4.90016999833407488000E+018   1.56593203059376854405E-017
      4540   5.15764894161372876800E+018   1.61431601252719961400E-017
      4541   5.40533043385071001600E+018   1.65876802982096834270E-017
      4542   5.33533806155839692800E+018   1.64649587763310194665E-017
      4543   5.03624694588713984000E+018   1.59147355813359020603E-017
      4544   4.84020437187739750400E+018   1.55732297477573133137E-017
      4545   4.70665758509672960000E+018   1.53205502419632329979E-017
      4546   4.79034658222258380800E+018   1.54642869868657344137E-017
      4547   4.68473283035068518400E+018   1.52937892344754397270E-017
      4548   2.17366844920533094400E+018   9.11747933507093175316E-018
      4549   2.17366844991379942400E+018   9.11747933804162630708E-018
      4550   2.17366844990396160000E+018   9.11747933800120180792E-018
      4551   2.17366844893703014400E+018   9.11747933394543370110E-018
      4552   2.17366844964082073600E+018   9.11747933690036490361E-018
      4553   2.17366844983192576000E+018   9.11747933769904497006E-018
      4554   2.17366844991323648000E+018   9.11747933804013948916E-018
      4555   2.17366844979098035200E+018   9.11747933752733213771E-018
      4556   2.17366844992329932800E+018   9.11747933808234200685E-018
      4557   2.17366844869234483200E+018   9.11747933291908868555E-018
      4558   2.17366844992450611200E+018   9.11747933808740335074E-018
      4559   2.25809512864005862400E+018   9.83269689393760660788E-018
      4560   2.20245731340725222400E+018   9.30768897398024209404E-018
      4561   2.17366844997888153600E+018   9.11747933831548430071E-018
      4562   2.31901065839562598400E+018   1.06174212491468633537E-017
      4563   2.17366844754382259200E+018   9.11747932419605584787E-018
      4564   2.17366557565845683200E+018   9.11746201171289837182E-018
      4565   2.17366546359707161600E+018   9.11745935264839413313E-018
      4566   2.17075634993600665600E+018   9.09939707971631213671E-018
      4567   2.18734141841144320000E+018   9.20256355600066323422E-018
      4568   2.20519996759598003200E+018   9.32526072618309315480E-018
      4569   2.17192267550612992000E+018   9.10693389531066910766E-018
      4570   2.17359968728686489600E+018   9.11706662569553354251E-018
      4571   2.17366174552557798400E+018   9.11735433047104314947E-018
      4572   2.17366844865292416000E+018   9.11747933275373604424E-018
      4573   2.17366844991382732800E+018   9.11747933804260930172E-018
      4574   2.17366844833231974400E+018   9.11747932570729301588E-018
      4575   2.17366844992087705600E+018   9.11747933807218234121E-018
      4576   2.17366844988975027200E+018   9.11747933794162432065E-018
      4577   2.17366844822328166400E+018   9.11747933095159871371E-018
      4578   2.17366844960021836800E+018   9.11747933672533639026E-018
      4579   2.17366844990965708800E+018   9.11747933802512493932E-018
      4580   2.17366844990413260800E+018   9.11747933800193828353E-018
      4581   2.17366844991367577600E+018   9.11747933804194061885E-018
      4582   2.17366844982661376000E+018   9.11747933767672729386E-018
      4583   2.17366844982736614400E+018   9.11747933767990276716E-018
      4584   2.17366844991546649600E+018   9.11747933804950104944E-018
      4585   4.33855327775194163200E+018   1.49309252916955621096E-017
      4586   4.42714985606805657600E+018   1.49984401941877884439E-017
      4587   2.86499854449218611200E+018   1.34667473124535260289E-017
      4588   2.64999160222045184000E+018   1.28600178032635550776E-017
      4589   5.76190821348997017600E+018   1.69948948945862919047E-017
      4590   5.85149864615352729600E+018   1.70663833023484857712E-017
      4591   5.65720482343288012800E+018   1.68897170122373771072E-017
      4592   6.26136241849378713600E+018   1.70789517783690866010E-017
      4593   4.75654733182725222400E+018   1.53922563354722835931E-017
      4594   4.06059500499278694400E+018   1.47313255707622778759E-017
      4595   3.79768543828879360000E+018   1.45779606406780881098E-017
      4596   3.76607983324108851200E+018   1.45562006820635658095E-017
      4597   3.54248100698321766400E+018   1.43921176317399119435E-017
      4598   4.77384622218443776000E+018   1.54140725180914192155E-017
      4599   4.30932957089627033600E+018   1.48758319863795973386E-017
      4600   4.56981416559977574400E+018   1.51428327849741835104E-017
      4601   6.62284291120854425600E+018   1.67399005294582066244E-017
      4602   6.31182348948097945600E+018   1.70522143075962912636E-017
      4603   6.18531971189187276800E+018   1.71087316567241775414E-017
      4604   6.36962240508220006400E+018   1.70111202661205806753E-017
      4605   6.66084494815038156800E+018   1.66999956369017044628E-017
      4606   5.49522651940892876800E+018   1.66891650223812741504E-017
      4607   5.78405129759989452800E+018   1.70176059417573189477E-017
      4608   5.95488444921553100800E+018   1.71078964965621602153E-017
      4609   5.20892628768508825600E+018   1.62130181873584666933E-017
      4610   5.40537739872022528000E+018   1.65503020504806077871E-017
      4611   5.08686102384933068800E+018   1.59683614895031687522E-017
      4612   5.16483137548551577600E+018   1.61049017661945917925E-017
      4613   4.87794779808179302400E+018   1.55928798149506453097E-017
      4614   4.81368182251507200000E+018   1.54953467463274513043E-017
      4615   4.91812603921023692800E+018   1.56787898965048161315E-017
      4616   5.11194759951253504000E+018   1.60259917800903965228E-017
      4617   5.53367024839427993600E+018   1.67514504083437668316E-017
      4618   5.78885270086734438400E+018   1.70309740958886793511E-017
      4619   5.41361604716322099200E+018   1.65632211666828044258E-017
      4620   5.53479084942463180800E+018   1.67420628426331956525E-017
      4621   5.79072046908297318400E+018   1.69996769202008101184E-017
      4622   2.86718239520833638400E+018   1.34549382050288325999E-017
      4623   3.06126672077027840000E+018   1.38258594733665138153E-017
      4624   3.21904102975355340800E+018   1.40586807297440521505E-017
      4625   2.30792944090991052800E+018   1.08410213085393697809E-017
      4626   2.31476765901699379200E+018   1.08906534111237092259E-017
      4627   2.31001832620794982400E+018   1.08589196282766708033E-017
      4628   2.31236193743305113600E+018   1.08724215429587536441E-017
      4629   2.30349033773177446400E+018   1.08405190006605864465E-017
      4630   2.30215003475540121600E+018   1.08245326438424197040E-017
      4631   2.31599944497824460800E+018   1.08616614157621223172E-017
      4632   2.38291088087752601600E+018   1.13270032279614852725E-017
      4633   2.37685731161862707200E+018   1.12719549380615215725E-017
      4634   2.36489573989079603200E+018   1.11849035959270825910E-017
      4635   2.32268149953378611200E+018   1.08940911919301550541E-017
      4636   2.32231969355977728000E+018   1.08911655136736497774E-017
      4637   2.32570443296855808000E+018   1.09297444714820838705E-017
      4638   2.36096942028484044800E+018   1.11500349284096601360E-017
      4639   2.30894159592669081600E+018   1.08008441086049110020E-017
      4640   2.31024820993521868800E+018   1.08159275480482381770E-017
      4641   2.31482452029643110400E+018   1.08590516178676144512E-017
      4642   2.31589494878793318400E+018   1.08661094065773741773E-017
      4643   2.31278737505779558400E+018   1.08410666847699981822E-017
      4644   2.31266348473284761600E+018   1.08956169004109670364E-017
      4645   2.31548724367985305600E+018   1.09209088802418877804E-017
      4646   2.31070022409029836800E+018   1.08833279865731959470E-017
      4647   2.31179074794626867200E+018   1.08980773793940622028E-017
      4648   2.31946071275265587200E+018   1.09255320599779797101E-017
      4649   2.27474822210026905600E+018   1.03781690649192100662E-017
      4650   2.27803748361767244800E+018   1.03847617681382127344E-017
      4651   2.28254848847286016000E+018   1.03049925582383065795E-017
      4652   2.26503108295077171200E+018   1.02350325988115831622E-017
      4653   2.31206442844024217600E+018   1.07039411695483772604E-017
      4654   2.34239402301329152000E+018   1.08907755416514084727E-017
      4655   2.33473517423451494400E+018   1.08357750822485858934E-017
      4656   2.33828218886140723200E+018   1.08573559947139944596E-017
      4657   2.32750789039768780800E+018   1.07684865619867922947E-017
      4658   4.14164049663017676800E+018   1.48429192871941014658E-017
      4659   4.57171683224051968000E+018   1.51975385394171483451E-017
      4660   4.33247500487262566400E+018   1.49525697748869921349E-017
      4661   2.38815375833308774400E+018   1.13785006131086150431E-017
      4662   2.61875990433812326400E+018   1.27778192478439862796E-017
      4663   2.45427916192947814400E+018   1.19224913734074135660E-017
      4664   2.58470824704795648000E+018   1.26374382442469595935E-017
      4665   2.39822730911312998400E+018   1.14734367777478475244E-017
      4666   2.60299715804847872000E+018   1.27186963801657739841E-017
      4667   2.52913856247416012800E+018   1.23750784249367851057E-017
      4668   2.57670466042415718400E+018   1.26063493512369357815E-017
      4669   5.78263603781027840000E+018   1.70435181359977225735E-017
      4670   5.87086999061803929600E+018   1.71158905681813181178E-017
      4671   5.65084356725660057600E+018   1.69229436712818868972E-017
      4672   4.10733711113716940800E+018   1.48069246589896512421E-017
      4673   4.31493555533258240000E+018   1.49648409882567476235E-017
      4674   4.46722760354769920000E+018   1.50726921233568259544E-017
      4675   4.37679566987671552000E+018   1.49919331345422661800E-017
      4676   3.98809548301380864000E+018   1.47401019967223103261E-017
      4677   3.87223234712962867200E+018   1.46600492315309466143E-017
      4678   4.97007486941198540800E+018   1.58102060888711923818E-017
      4679   5.05059902514604544000E+018   1.59455974116458897487E-017
      4680   6.38751808884177100800E+018   1.69910679569269795819E-017
      4681   6.72855040029326336000E+018   1.65943509837317523066E-017
      4682   6.22110152886166016000E+018   1.71133191222663325074E-017
      4683   5.45653351155699302400E+018   1.66611877020887638341E-017
      4684   5.71927116604643123200E+018   1.69951285586312845783E-017
      4685   5.89804457766101196800E+018   1.71233749366978266076E-017
      4686   5.16876474927005081600E+018   1.61644777370512737170E-017
      4687   5.37637265004984729600E+018   1.65327195828466903100E-017
      4688   5.04567804551284633600E+018   1.59418546056875856128E-017
      4689   5.13560994256385228800E+018   1.61150522202909086515E-017
      4690   5.05640476007759974400E+018   1.59593700889843274717E-017
      4691   4.79881411240560640000E+018   1.54940202844224654836E-017
      4692   4.83591468983342387200E+018   1.55665939499878655577E-017
      4693   4.71906721932545433600E+018   1.53809296782356379393E-017
      4694   5.51569503164844544000E+018   1.67603657622602712378E-017
      4695   5.77162515630990745600E+018   1.70261349755051344578E-017
      4696   5.38336545347002265600E+018   1.65653030410203965766E-017
      4697   5.75926752382641254400E+018   1.70403219698576481144E-017
      4698   5.50678842600325529600E+018   1.67374144210209084963E-017
      4699   2.17485046973502131200E+018   9.11972300873241330578E-018
      4700   2.16727720138995558400E+018   9.09649497888905472178E-018
      4701   2.18329636039826022400E+018   9.22909689966012802107E-018
      4702   2.19233923317677619200E+018   9.29841978654856721146E-018
      4703   2.40324197568756736000E+018   1.15238496398641463857E-017
      4704   2.45454054194510131200E+018   1.19121711315353521652E-017
      4705   2.19218886530464000000E+018   9.23235443811539670833E-018
      4706   2.22477820551877811200E+018   9.49027073843584561221E-018
      4707   2.19944752473663257600E+018   9.28407303994813565279E-018
      4708   2.24710734359481344000E+018   9.71227753303519412129E-018
      4709   2.24112888515080832000E+018   9.64905451081197697160E-018
      4710   2.33002924997895628800E+018   1.07608080878719847896E-017
      4711   2.30628635457172787200E+018   1.04533275878494155998E-017
      4712   2.30777005602384998400E+018   1.04735869511956976649E-017
      4713   2.33176484481609113600E+018   1.07808707723290231899E-017
      4714   2.31138513199230720000E+018   1.05193309922937466900E-017
      4715   2.32214508608500736000E+018   1.06595908982523595685E-017
      4716   2.23667549686007398400E+018   9.60438892692825989548E-018
      4717   2.47255718453942886400E+018   1.20282940626085659009E-017
      4718   2.57984250947518003200E+018   1.25783650905611404139E-017
      4719   2.45512215521581414400E+018   1.19149062684922570997E-017
      4720   2.42737204533438617600E+018   1.17189818574024984464E-017
      4721   2.55172138431516518400E+018   1.24569336262761314811E-017
      4722   2.63621864847387340800E+018   1.28073533674552476003E-017
      4723   2.27399206910235929600E+018   1.00309754078954145211E-017
      4724   2.35730111154621747200E+018   1.10811640451684866498E-017
      4725   2.32092740054979379200E+018   1.06459958128362473735E-017
      4726   2.43488639500080537600E+018   1.17745813543838121933E-017
      4727   2.51897733039563827200E+018   1.23026639284938656769E-017
      4728   2.47619971640668262400E+018   1.20555060939465287917E-017
      4729   2.51414269695885209600E+018   1.22747598031132401259E-017
      4730   2.53899644554501683200E+018   1.24031907929678852122E-017
      4731   2.46259969892159539200E+018   1.19683194262779118057E-017
      4732   2.48119436211413555200E+018   1.20873546222603894101E-017
      4733   2.35784171007535360000E+018   1.10787021542594034787E-017
      4734   2.36212056582350848000E+018   1.11252904903475654223E-017
      4735   2.35634040476477286400E+018   1.10623106880725059285E-017
      4736   2.39274420831303731200E+018   1.14297203472693936969E-017
      4737   2.37914601825138380800E+018   1.13004581735954486818E-017
      4738   2.36825346022239027200E+018   1.11900223834175566827E-017
      4739   2.36839079312954624000E+018   1.11900118442691953847E-017
      4740   2.17366907619291520000E+018   9.11748196497821094776E-018
      4741   2.17366927202634956800E+018   9.11748278640820776877E-018
      4742   2.17366890443492556800E+018   9.11748124453426447903E-018
      4743   2.17366844987234048000E+018   9.11747933786865930915E-018
      4744   2.17366844992070732800E+018   9.11747933807146897675E-018
      4745   2.17366844987080960000E+018   9.11747933786217431784E-018
      4746   2.17366844992107520000E+018   9.11747933807301434294E-018
      4747   2.17366844873614028800E+018   9.11747933310279158736E-018
      4748   2.17367116973291776000E+018   9.11749036547360255912E-018
      4749   2.17357729690785049600E+018   9.11654678314373120605E-018
      4750   2.17368682178773350400E+018   9.11757118526902358113E-018
      4751   2.17366844805111193600E+018   9.11747933022942891060E-018
      4752   2.17108842978008729600E+018   9.10098247514330836543E-018
      4753   2.16804782002455091200E+018   9.07900507913912984597E-018
      4754   3.42781686590532659200E+018   1.43340359839681911976E-017
      4755   2.99070298773621196800E+018   1.37559037086055441866E-017
      4756   2.74286740095484416000E+018   1.31854356293172559455E-017
      4757   4.84027330724758220800E+018   1.55624048969804622628E-017
      4758   4.31936088318855731200E+018   1.49531517149274428733E-017
      4759   4.64626845480649216000E+018   1.52745079965946128713E-017
      4760   2.22797491967984076800E+018   9.51435443314436248312E-018
      4761   2.16817739693699020800E+018   9.07326696678918702632E-018
      4762   2.17058875622800409600E+018   9.09789254787574622606E-018
      4763   2.17347589328276659200E+018   9.11600119924607721590E-018
      4764   2.14900999265874457600E+018   8.95085186249056276995E-018
      4765   2.19330895377048806400E+018   9.24072860096977356537E-018
      4766   2.55749209852523315200E+018   1.25028626549110986166E-017
      4767   2.31669370501302784000E+018   1.05705019818452289834E-017
      4768   2.41201570799078348800E+018   1.15961868969670190729E-017
      4769   2.17428820655416166400E+018   9.12133400283276379770E-018
      4770   2.17366844954369433600E+018   9.11747933649008327719E-018
      4771   2.17366844992350643200E+018   9.11747933808320790495E-018
      4772   2.17366844985125939200E+018   9.11747933778016976155E-018
      4773   2.17366844992305203200E+018   9.11747933808130508617E-018
      4774   2.17366844624714368000E+018   9.11747932266266124102E-018
      4775   2.17366844993037030400E+018   9.11747933811200132799E-018
      4776   2.17366844991989043200E+018   9.11747933806804390294E-018
      4777   2.17366844992819584000E+018   9.11747933810288320526E-018
      4778   2.17445591083504512000E+018   9.12119972587084048831E-018
      4779   2.17143733212488704000E+018   9.10463392628157591150E-018
      4780   2.17366844992823603200E+018   9.11747933810304806487E-018
      4781   3.64250807220896409600E+018   1.45480631949530736676E-017
      4782   4.04204043967103129600E+018   1.47752977057144868213E-017
      4783   2.59921194023128934400E+018   1.26934810147379473370E-017
      4784   2.69731702303088896000E+018   1.30474373487938686006E-017
      4785   2.97981984956630118400E+018   1.37421303815837289704E-017
      4786   3.00671277951715635200E+018   1.37914685088858449093E-017
      4787   2.74540261392954931200E+018   1.31998175473111697197E-017
      4788   2.69708816267877939200E+018   1.30545559228325890943E-017
      4789   4.35636287035495219200E+018   1.49793241748112090656E-017
      4790   3.67450085064211558400E+018   1.45642380398399546030E-017
      4791   4.04363265454417254400E+018   1.47816743371269239877E-017
      4792   3.54767637364510976000E+018   1.44599186552811052694E-017
      4793   4.13744031798650572800E+018   1.48144477973785666044E-017
      4794   3.69399262856240947200E+018   1.45754342405892600585E-017
      4795   3.41068271823011686400E+018   1.43257247499169699062E-017
      4796   5.01190450360515891200E+018   1.58702183507646173868E-017
      4797   4.40691022193944524800E+018   1.50342836222623266937E-017
      4798   4.70956285589232435200E+018   1.53523373246585312700E-017
      4799   4.27597906915168870400E+018   1.49128212462513442790E-017
      4800   4.18757166495384320000E+018   1.48524910060559279096E-017
      4801   4.47653280377624115200E+018   1.50781812343662443362E-017
      4802   5.32840898182742220800E+018   1.64444086244780120645E-017
      4803   4.63618523575101132800E+018   1.52569225743971051435E-017
      4804   2.29764025044705356800E+018   1.08034798149926227717E-017
      4805   2.30508512170757120000E+018   1.08319115882945987008E-017
      4806   2.30095851490701670400E+018   1.08935076818530754199E-017
      4807   2.32884373926462003200E+018   1.09833499580219342283E-017
      4808   2.31953409217875814400E+018   1.09230172366888728061E-017
      4809   2.29761009834077952000E+018   1.08132217140194995904E-017
      4810   2.36271388527370803200E+018   1.11411279499532252975E-017
      4811   2.36203605463525376000E+018   1.11474308160187242539E-017
      4812   2.37826274649473433600E+018   1.12882582112014026974E-017
      4813   2.37088633273945395200E+018   1.12053855278474469364E-017
      4814   2.37472297162748774400E+018   1.12495533484490697548E-017
      4815   2.38119948882881945600E+018   1.13192478274476596823E-017
      4816   2.30544255745456640000E+018   1.08779345989235972215E-017
      4817   2.33188835155153049600E+018   1.09990065872958351163E-017
      4818   2.32114580483920025600E+018   1.09343087351059197836E-017
      4819   2.33120815289117081600E+018   1.09897296412360198219E-017
      4820   2.33580036292039168000E+018   1.09962900059099125363E-017
      4821   2.30377918065727360000E+018   1.08648159993864288074E-017
      4822   2.32288393389425305600E+018   1.09478998695196869800E-017
      4823   2.30255256669386752000E+018   1.08624909201183303648E-017
      4824   2.30409857865101824000E+018   1.08817152935044620315E-017
      4825   2.31676772980783667200E+018   1.09401275852141575507E-017
      4826   2.39992515725240832000E+018   1.14931058623447206314E-017
      4827   2.38836302771591168000E+018   1.13877397277461893083E-017
      4828   2.40451954297223116800E+018   1.15334109050015177689E-017
      4829   2.38338398119436646400E+018   1.13349269641172584690E-017
      4830   2.30390244291810201600E+018   1.07696747524442795239E-017
      4831   2.30991121678719334400E+018   1.08171307375364684166E-017
      4832   2.30662872036173107200E+018   1.07998074712674397288E-017
      4833   2.30540299962931097600E+018   1.07855844280119585293E-017
      4834   2.23821727877722214400E+018   1.01194390120220904425E-017
      4835   2.30465498185188198400E+018   1.03741615853834241157E-017
      4836   2.30884386555541145600E+018   1.04229063616173922751E-017
      4837   2.28909301456855040000E+018   1.03613988000487898243E-017
      4838   2.27877025850334976000E+018   1.03580824317974408344E-017
      4839   2.27648395239184691200E+018   1.04110395297949030359E-017
      4840   2.32858190094415360000E+018   1.05483658356668209041E-017
      4841   2.27874565949547340800E+018   1.03840654109384950967E-017
      4842   2.28106138591239603200E+018   1.03541544602337927661E-017
      4843   2.29319929178601011200E+018   1.04148306498571967477E-017
      4844   2.29313422931392998400E+018   1.03807787730897740413E-017
      4845   2.29049063469108556800E+018   1.03897237255564066785E-017
      4846   2.28571265954356300800E+018   1.04027923751091820228E-017
      4847   2.29950154686819430400E+018   1.04418876660566447879E-017
      4848   2.29780802809378995200E+018   1.04443993784395951132E-017
      4849   2.28106413620539852800E+018   1.04163672802687952534E-017
      4850   2.30431704772269414400E+018   1.04691576009496823087E-017
      4851   2.27893667190561971200E+018   1.04455057173802043328E-017
      4852   2.27728886356665113600E+018   1.04111880872782919310E-017
      4853   2.25182750618722432000E+018   1.01826615758674989182E-017
      4854   2.26030602555753139200E+018   1.02151068639368336017E-017
      4855   2.41252374931071539200E+018   1.06878214392457947183E-017
      4856   2.19897323149959424000E+018   9.98896783729965079360E-018
      4857   2.34370225616811366400E+018   1.04808683609757502870E-017
      4858   2.30560595731462886400E+018   1.03483943350156965927E-017
      4859   2.24971875094150092800E+018   1.01567993853673084944E-017
      4860   2.34493734705464012800E+018   1.04859089287194261177E-017
      4861   2.44102703529135104000E+018   1.08224048007206322381E-017
      4862   2.36932489553184870400E+018   1.05357631464790256762E-017
      4863   2.36565520002324326400E+018   1.05583263464157494361E-017
      4864   2.28936781840801664000E+018   1.02956474164664556835E-017
      4865   2.25727384460993280000E+018   1.01770075168898579189E-017
      4866   2.22863908238447334400E+018   1.00772481525850865109E-017
      4867   2.45765301295463372800E+018   1.08739314758166766235E-017
      4868   2.47540443635349248000E+018   1.09411216527698158534E-017
      4869   2.36537633430057984000E+018   1.05563124418881198820E-017
      4870   2.38969379217239347200E+018   1.06370321834367547447E-017
      4871   2.26800127168680908800E+018   1.01842217515514781902E-017
      4872   2.29096548529678336000E+018   1.02631659219890079923E-017
      4873   2.24685488861891865600E+018   1.01143457688123887385E-017
      4874   2.29919022234289561600E+018   1.02945216762775356295E-017
      4875   2.31808608970910515200E+018   1.03605132712752147610E-017
      4876   2.26845468117142272000E+018   1.01885740159498925785E-017
      4877   2.29077859485004108800E+018   1.02639886185317964553E-017
      4878   2.21146046165106176000E+018   9.99136304686035171910E-018
      4879   2.19092555034540134400E+018   9.92100940556400407316E-018
      4880   2.22289412347533747200E+018   1.00249081299619626175E-017
      4881   2.25901853243595801600E+018   1.01475015747561457699E-017
      4882   2.15972206423711155200E+018   9.81101558777266155296E-018
      4883   2.15688800626824806400E+018   9.80205819897450332928E-018
      4884   2.18079146689919206400E+018   9.88550339761760356211E-018
      4885   2.18350831548303923200E+018   9.89333586238486109348E-018
      4886   3.01403292343305318400E+018   1.38205802864076512746E-017
      4887   3.08025374518802995200E+018   1.39338422085488834381E-017
      4888   2.90866920564563404800E+018   1.36148759536868999606E-017
      4889   2.82293905505040947200E+018   1.34216736669320130967E-017
      4890   2.79262170627529267200E+018   1.33408983752111484069E-017
      4891   2.51544929594536396800E+018   1.22974717805902715454E-017
      4892   2.43549604507745689600E+018   1.17837581928265813631E-017
      4893   2.17366844586131225600E+018   9.11747932104428536057E-018
      4894   2.17316435568095769600E+018   9.11446747238488862542E-018
      4895   2.17362712453977804800E+018   9.11705626403005989669E-018
      4896   2.30091398163339136000E+018   1.03552860332763822357E-017
      4897   2.17658821146760499200E+018   9.13589681915511887894E-018
      4898   2.16844117969865728000E+018   9.08506996861747259784E-018
      4899   2.21364811626449203200E+018   9.38908309793830723857E-018
      4900   2.16673211771794227200E+018   9.07437698271115847628E-018
      4901   2.23854005729297740800E+018   9.61032801383617867462E-018
      4902   2.25173777377738726400E+018   9.74624504069818091241E-018
      4903   2.17366844992322816000E+018   9.11747933808204310252E-018
      4904   2.17366844992251955200E+018   9.11747933807907100743E-018
      4905   2.17366844991862169600E+018   9.11747933806272217332E-018
      4906   2.17366844992886886400E+018   9.11747933810570430745E-018
      4907   2.17366844990497766400E+018   9.11747933800547583165E-018
      4908   2.17366844991283148800E+018   9.11747933803845699676E-018
      4909   2.17366850952337817600E+018   9.11747958807661994694E-018
      4910   2.17366844990769177600E+018   9.11747933801684652204E-018
      4911   2.17366844908168268800E+018   9.11747933455232041922E-018
      4912   2.17366844981101004800E+018   9.11747933761136123155E-018
      4913   2.17366857836160614400E+018   9.11747987682046199742E-018
      4914   2.17366844893397248000E+018   9.11747933393259776320E-018
      4915   2.17366844992668851200E+018   9.11747933809655845133E-018
      4916   2.17366844877404441600E+018   9.11747933326177787465E-018
      4917   2.17366844992256179200E+018   9.11747933807924973373E-018
      4918   2.17366844866673408000E+018   9.11747933281166801697E-018
      4919   2.17366844918012620800E+018   9.11747933496509188788E-018
      4920   2.17366844966163251200E+018   9.11747933698477764270E-018
      4921   2.17366844992299340800E+018   9.11747933808106164862E-018
      4922   2.17366857529747046400E+018   9.11747986396307078523E-018
      4923   2.17366854161897881600E+018   9.11747972270196419146E-018
      4924   2.17366853748077363200E+018   9.11747970534680240947E-018
      4925   2.40702092666350080000E+018   1.15561025036716460218E-017
      4926   2.44681270389999923200E+018   1.18611961285921022744E-017
      4927   2.42779582251408537600E+018   1.17224546940782566780E-017
      4928   2.27972150294353971200E+018   1.04251014335017791317E-017
      4929   2.27972809858474931200E+018   1.04198112152963525873E-017
      4930   2.27828850602925772800E+018   1.03923533863195882556E-017
      4931   2.27660053679187558400E+018   1.03631158670660981912E-017
      4932   2.27666337699492659200E+018   1.03867825438046596611E-017
      4933   2.27641237376111974400E+018   1.03635224126387416744E-017
      4934   2.26846187588333900800E+018   1.03170711080404766268E-017
      4935   2.26766810549459865600E+018   1.02930237243815997801E-017
      4936   2.28528934826240384000E+018   1.04637255413856567450E-017
      4937   2.30158422635555686400E+018   1.06654355497065407576E-017
      4938   2.31250071281550540800E+018   1.07277179038643264094E-017
      4939   2.31581385405718476800E+018   1.07482933169882583348E-017
      4940   2.32217075947254425600E+018   1.07895575243664572725E-017
      4941   2.29595112890502681600E+018   1.06194343448916420011E-017
      4942   2.29909595844372377600E+018   1.06397289370132810316E-017
      4943   2.27429361396059033600E+018   1.03731436332760549166E-017
      4944   2.26870777565224089600E+018   1.03208218576450836897E-017
      4945   2.26988173482136115200E+018   1.03394181079624630224E-017
      4946   2.28641844409802444800E+018   1.05524796311619212015E-017
      4947   2.28653262004575564800E+018   1.05369023031497552194E-017
      4948   2.28854672044973414400E+018   1.05209723319057666479E-017
      4949   2.28335394831268736000E+018   1.04714101463406568084E-017
      4950   2.28558061764271078400E+018   1.05107074747806969952E-017
      4951   2.28343381118944512000E+018   1.04672759223261752191E-017
      4952   2.26794744436887142400E+018   1.02852444179578376332E-017
      4953   2.27405800865737062400E+018   1.03308545933531378874E-017
      4954   2.27865300119593216000E+018   1.03621689162775033638E-017
      4955   2.30224645442262400000E+018   1.06688718119851106151E-017
      4956   2.31065426919140352000E+018   1.07297630097873318272E-017
      4957   2.29143195373151846400E+018   1.06206325228796955458E-017
      4958   2.28600629684280499200E+018   1.05648019086558991287E-017
      4959   2.35708292943054899200E+018   1.11576150317842615178E-017
      4960   2.31500315142927923200E+018   1.09268885146394359197E-017
      4961   2.31596200858239436800E+018   1.09282704797137997181E-017
      4962   2.33929010807009996800E+018   1.10492535387441474235E-017
      4963   2.36120057075255142400E+018   1.11891255201099725976E-017
      4964   2.35250035356527001600E+018   1.11322611893956667044E-017
      4965   2.32684487419370035200E+018   1.10129838211733416995E-017
      4966   2.33097678645447424000E+018   1.10129740835030871780E-017
      4967   2.31245586794834022400E+018   1.09140268770179682372E-017
      4968   2.32563313993143142400E+018   1.10148195021003774448E-017
      4969   2.29959301428745830400E+018   1.07746472168472053454E-017
      4970   2.30180189001230899200E+018   1.07814510030133747272E-017
      4971   2.30681540407130112000E+018   1.07367175589034063679E-017
      4972   2.39007645368418713600E+018   1.13908521949258089846E-017
      4973   2.39181492089654374400E+018   1.14087429154714745861E-017
      4974   2.37172382979470694400E+018   1.12571989300734351411E-017
      4975   2.38289229690417664000E+018   1.13200016116034277760E-017
      4976   2.39644503826149734400E+018   1.14625513194903477649E-017
      4977   2.37316912125452902400E+018   1.12673545613086784492E-017
      4978   2.38668083721710387200E+018   1.13615536042073931878E-017
      4979   2.33950395378070579200E+018   1.10666344794781535439E-017
      4980   2.34510118603608678400E+018   1.10750158404383695471E-017
      4981   2.35852205846205491200E+018   1.11510852348639615336E-017
      4982   2.36826053945509580800E+018   1.12219401665802098777E-017
      4983   2.29466831480450406400E+018   1.07450780440391798938E-017
      4984   2.29586565615853516800E+018   1.07666673171413068023E-017
      4985   2.32440945300081305600E+018   1.09649016011259400299E-017
      4986   2.29648543664657971200E+018   1.07290719188278899267E-017
      4987   2.30000697190828006400E+018   1.07530671776362850211E-017
      4988   2.30345352879562368000E+018   1.08231107289487902688E-017
      4989   2.51602596092906240000E+018   1.10837535883239760544E-017
      4990   2.54909483914342502400E+018   1.12010010373334342160E-017
      4991   2.49162348664529408000E+018   1.09996127874260287870E-017
      4992   2.56383658643544627200E+018   1.11924234505147823173E-017
      4993   2.21228164100738252800E+018   1.00378041513626848587E-017
      4994   2.60797326291533414400E+018   1.13444233512646916849E-017
      4995   2.33745355176355635200E+018   1.04271121414853627271E-017
      4996   2.11659098532639232000E+018   9.68962817801877211933E-018
      4997   2.12656083480650393600E+018   9.72375046255042715813E-018
      4998   2.15721649262856985600E+018   9.83023235579777248191E-018
      4999   2.19800972639440537600E+018   9.97221689895787828330E-018
      5000   2.17334054618361344000E+018   9.11465740608033420624E-018
      5001   2.17441036462561305600E+018   9.11926999043259449498E-018
      5002   2.20409935349623680000E+018   9.31444116872041824205E-018
      5003   2.17757751761927680000E+018   9.14006484001215186241E-018
      5004   2.20638412375972147200E+018   9.33121681053827593806E-018
      5005   2.17822656869627648000E+018   9.14391636055750741850E-018
      5006   2.26727478339257036800E+018   1.01943110122396751486E-017
      5007   2.25829774813060761600E+018   1.00672459082799951006E-017
      5008   2.28501607551264384000E+018   1.04719721345470675277E-017
      5009   2.31070308041465753600E+018   1.06580776670362397058E-017
      5010   2.30078235797228134400E+018   1.06010668484112393863E-017
      5011   2.30001104767380582400E+018   1.06017922610012535202E-017
      5012   2.28756877241963852800E+018   1.05049534117062681779E-017
      5013   2.28747797065769523200E+018   1.05168089320233824002E-017
      5014   2.26088866378341888000E+018   1.01022254007907409107E-017
      5015   2.26397965597116185600E+018   1.01301676016033878479E-017
      5016   2.26053996104457523200E+018   1.01131696608033248652E-017
      5017   2.25828326899896908800E+018   1.00732527716848569502E-017
      5018   2.26041740634467481600E+018   1.00980880799832326342E-017
      5019   2.25307309066579020800E+018   1.00883744380895632188E-017
      5020   2.25531788906465740800E+018   1.00768921627383546763E-017
      5021   2.26007208923742796800E+018   1.00747875563127452570E-017
      5022   2.26628124913584358400E+018   1.01670063174668731781E-017
      5023   2.26133348642317414400E+018   1.01115806615174804580E-017
      5024   2.26402326483557836800E+018   1.01359167542251860360E-017
      5025   2.28223414543392332800E+018   1.04641796494537738954E-017
      5026   2.27551381332701337600E+018   1.03971151632620585334E-017
      5027   2.27491426220962944000E+018   1.03240077519485592203E-017
      5028   2.27593449112104678400E+018   1.03569580920673123549E-017
      5029   2.26458795368216243200E+018   1.02603642855447094511E-017
      5030   2.26574984964700928000E+018   1.02681461406649673015E-017
      5031   2.26541440600706304000E+018   1.02333741063598742325E-017
      5032   2.26878919934540390400E+018   1.02368667907441082620E-017
      5033   2.26617075393213286400E+018   1.02474655071830710655E-017
      5034   2.25803368833040409600E+018   1.00965173417689700926E-017
      5035   2.25928101535706265600E+018   1.01197435203518915543E-017
      5036   2.26041116908765132800E+018   1.01412352090790728866E-017
      5037   2.26008692358977971200E+018   1.01329065889310386573E-017
      5038   2.25867923566081254400E+018   1.00984108284475168744E-017
      5039   2.25857986694423219200E+018   1.01019446660553599824E-017
      5040   2.25916298787236352000E+018   1.01133723678860229451E-017
      5041   2.26058760127645542400E+018   1.02036769673586439701E-017
      5042   2.25486537639227596800E+018   1.01362680205562676271E-017
      5043   2.25445906163901824000E+018   1.01271295655665231825E-017
      5044   2.26031510838959436800E+018   1.01815565390326282961E-017
      5045   2.25975035498121830400E+018   1.01670034174041452067E-017
      5046   2.25489337776926438400E+018   1.01251428226934527624E-017
      5047   2.26145985616718873600E+018   1.01883979667648122897E-017
      5048   2.26372343342439270400E+018   1.02305450927698737192E-017
      5049   2.28955694318634214400E+018   1.06327046289752317930E-017
      5050   2.28738477443123072000E+018   1.06017305898758559714E-017
      5051   2.28561734099213363200E+018   1.05902593782581752168E-017
      5052   2.30337146744381772800E+018   1.07820599439574416663E-017
      5053   2.31572878339946649600E+018   1.08981424639599148879E-017
      5054   2.31252625538464000000E+018   1.08620908510099993419E-017
      5055   2.31947127294477465600E+018   1.09173055206507708074E-017
      5056   2.29380572861455795200E+018   1.06552301730794084183E-017
      5057   2.29618045730125824000E+018   1.06886446631803010679E-017
      5058   2.33027167752693452800E+018   1.09688688240606727458E-017
      5059   2.32482793000233420800E+018   1.09039368369642599737E-017
      5060   2.34984955037339852800E+018   1.10733045241054734011E-017
      5061   2.34924460461647052800E+018   1.10430912719434859561E-017
      5062   2.28455943306532147200E+018   1.04794996015476359499E-017
      5063   2.28333148530707507200E+018   1.05109335527788789487E-017
      5064   2.29049663039422438400E+018   1.06526173768911280362E-017
      5065   1.98406296566327398400E+018   9.18548537543163188682E-018
      5066   2.37849358994843852800E+018   1.05652300195303569609E-017
      5067   2.36319799775339212800E+018   1.05085566269014932312E-017
      5068   2.33549818022811648000E+018   1.04131375286600977216E-017
      5069   2.01511292659765632000E+018   9.27151221614074114030E-018
      5070   2.27350727440020761600E+018   1.02862760661719775971E-017
      5071   2.26659593689818854400E+018   1.02172085881288790057E-017
      5072   2.25986561667508428800E+018   1.00821668419697945201E-017
      5073   2.25454938196217497600E+018   1.00372289886394035260E-017
      5074   2.25469038309235404800E+018   1.00932869877645426521E-017
      5075   2.17366844607131724800E+018   9.11747932192515333184E-018
      5076   2.17366844832246809600E+018   9.11747933136763193732E-018
      5077   2.17366844901547827200E+018   9.11747933427447189875E-018
      5078   2.17366844865667993600E+018   9.11747933276953945500E-018
      5079   4.86588705190365593600E+018   1.55993322339842361407E-017
      5080   4.07461343686202316800E+018   1.47634877596410953999E-017
      5081   4.59103257607553740800E+018   1.51934393210182453861E-017
      5082   2.17049263569884723200E+018   9.09784258373943811712E-018
      5083   2.16606539414618496000E+018   9.05947973254845282556E-018
      5084   5.91510363829287424000E+018   1.71158445373145353115E-017
      5085   5.72540164195359334400E+018   1.69819891251336698955E-017
      5086   3.60791434294578995200E+018   1.44901302070368623797E-017
      5087   5.29478443833183948800E+018   1.63822102973337025093E-017
      5088   5.13769818836694425600E+018   1.60898805197821051391E-017
      5089   5.63731526843129958400E+018   1.68842606967717944165E-017
      5090   5.56683456828046336000E+018   1.67840883206831711251E-017
      5091   2.17366844287747968000E+018   9.11747915493228069307E-018
      5092   2.55224771259915622400E+018   1.24713892239265732054E-017
      5093   2.17323524365615513600E+018   9.11254605556694358850E-018
      5094   3.32662110763531571200E+018   1.42292404978865992736E-017
      5095   3.09792954193288601600E+018   1.39246390650460668077E-017
      5096   2.73802632745410508800E+018   1.31626426104622077191E-017
      5097   4.65573418231189299200E+018   1.52750227338328104151E-017
      5098   5.31468753724375244800E+018   1.64172995017224153174E-017
      5099   5.05213343178262016000E+018   1.59249961728290767274E-017
      5100   3.27762254621885696000E+018   1.41677952921893002525E-017
      5101   3.31436051213727948800E+018   1.42129679007084999151E-017
      5102   2.33547520635328819200E+018   1.08133305190599847791E-017
      5103   2.32637225546592921600E+018   1.06983752698950043979E-017
      5104   3.79205557171501926400E+018   1.46442776655384944681E-017
      5105   3.23494716243516672000E+018   1.41297124587662563483E-017
      5106   2.17366844990988364800E+018   9.11747933802607095610E-018
      5107   2.17366844991329894400E+018   9.11747933804039679340E-018
      5108   2.17366844992107008000E+018   9.11747933807299431327E-018
      5109   2.17017323541564288000E+018   9.09591555751391844882E-018
      5110   2.16741064115372416000E+018   9.07452571309367861510E-018
      5111   2.17005327989484851200E+018   9.09501612283463437051E-018
      5112   2.17366847836367180800E+018   9.11747969281181495146E-018
      5113   2.20019613035884646400E+018   9.27461173968729069876E-018
      5114   2.17000254898473728000E+018   9.09620257311448573366E-018
      5115   2.16519031566906854400E+018   9.04544864897618304667E-018
      5116   2.16040914105024870400E+018   9.01766411182344614862E-018
      5117   2.22208902073254860800E+018   9.46725007443036707320E-018
      5118   2.23637939261133747200E+018   9.59238116783866704103E-018
      5119   2.27726584927418368000E+018   1.04457741836842548584E-017
      5120   2.28165195906537728000E+018   1.04744233588436874760E-017
      5121   2.25792124280829260800E+018   1.02005065433435707608E-017
      5122   2.25454034352678144000E+018   1.01508703986325340525E-017
      5123   2.25636060232953932800E+018   1.01358065440327030360E-017
      5124   2.25090074125750630400E+018   1.01231736085312044895E-017
      5125   2.25078423243472691200E+018   1.01290956991474295571E-017
      5126   2.25085435246076851200E+018   1.01283351042009375334E-017
      5127   2.25148969145831219200E+018   1.01425199264585707785E-017
      5128   2.25161388526659891200E+018   1.01430414391441709824E-017
      5129   2.25140557841097881600E+018   1.01372469840818289045E-017
      5130   2.25481841510639206400E+018   1.01547156094872204112E-017
      5131   2.25006601204698572800E+018   1.01917951033191874551E-017
      5132   2.26234395013935334400E+018   1.02359739467517090735E-017
      5133   2.26114743466539059200E+018   1.02273152238725140420E-017
      5134   2.26214950445723596800E+018   1.02382243245989312355E-017
      5135   2.26108193871431910400E+018   1.02245278452258123990E-017
      5136   2.26581700639246720000E+018   1.02686478404818701195E-017
      5137   2.26610679049577523200E+018   1.02649435325310547938E-017
      5138   2.26731451187393894400E+018   1.02778270625397555275E-017
      5139   2.25931727827812864000E+018   1.02098135645967008043E-017
      5140   2.25965543809367424000E+018   1.02350263449143109706E-017
      5141   2.27156591712936396800E+018   1.03342140052758518205E-017
      5142   2.25981040715216332800E+018   1.02076618311565198320E-017
      5143   2.25977101412589465600E+018   1.01964812800828376862E-017
      5144   2.26066474065392051200E+018   1.02132643093360067800E-017
      5145   2.33274762201202636800E+018   1.07650410844360760942E-017
      5146   2.34794105221967411200E+018   1.09494623437443293080E-017
      5147   2.32410838535377408000E+018   1.06554798688961375580E-017
      5148   2.35732039073442355200E+018   1.10557771975712227084E-017
      5149   2.33773225970224844800E+018   1.08269643027393624338E-017
      5150   2.40782749065296332800E+018   1.15586449997759132950E-017
      5151   2.44797723434684723200E+018   1.18762879829123208160E-017
      5152   2.42400515960079001600E+018   1.16940248163868123042E-017
      5153   2.36546697427045324800E+018   1.11471060525754777068E-017
      5154   2.17286787002451712000E+018   9.11293301169324468705E-018
      5155   2.17046238621948953600E+018   9.09631679609484578888E-018
      5156   2.17310577368490982400E+018   9.11436790203123479220E-018
      5157   2.19332185490894796800E+018   9.24224850083263366295E-018
      5158   2.18102168559488588800E+018   9.16125142526272206947E-018
      5159   2.25588077946786790400E+018   9.78674526813295894131E-018
      5160   2.23253455377836211200E+018   9.54899398364744695282E-018
      5161   2.24516901972016844800E+018   9.67246246425841082721E-018
      5162   2.17366844990881766400E+018   9.11747933802159663566E-018
      5163   2.17366844992785177600E+018   9.11747933810143490594E-018
      5164   2.17366844810138956800E+018   9.11747933044031669877E-018
      5165   2.17366844991869209600E+018   9.11747933806301645541E-018
      5166   2.17366844992416972800E+018   9.11747933808599357002E-018
      5167   2.17366844990623436800E+018   9.11747933801076058342E-018
      5168   2.17366844992174771200E+018   9.11747933807583544512E-018
      5169   2.17366844890150348800E+018   9.11747933379640678274E-018
      5170   2.17366844991750809600E+018   9.11747933805805063765E-018
      5171   2.17366844992875929600E+018   9.11747933810524362500E-018
      5172   2.17366844991597798400E+018   9.11747933805163343907E-018
      5173   2.17366844860800742400E+018   9.11747933256533695485E-018
      5174   2.21330335208796774400E+018   9.63580670451659148015E-018
      5175   2.21652709671746124800E+018   9.61898498327856836735E-018
      5176   2.22348380486628249600E+018   9.69383372131708227139E-018
      5177   2.22157122591091942400E+018   9.69933822345185910394E-018
      5178   2.17366844991024793600E+018   9.11747933802759629262E-018
      5179   2.17366844991526041600E+018   9.11747933804861974389E-018
      5180   2.17366848726922342400E+018   9.11747949473125599624E-018
      5181   2.17366847374242611200E+018   9.11747943799396226548E-018
      5182   2.17366844337607910400E+018   9.11747931061954242411E-018
      5183   2.17366844991405235200E+018   9.11747933804349677024E-018
      5184   2.17366844983841049600E+018   9.11747933772627607873E-018
      5185   2.17366844992344012800E+018   9.11747933808293211178E-018
      5186   2.30579213988858905600E+018   1.04505274176151353641E-017
      5187   2.34559872721729945600E+018   1.09489190313904135408E-017
      5188   2.37050019909335449600E+018   1.12202635450650323847E-017
      5189   2.28359108143928550400E+018   1.01559614196237389396E-017
      5190   2.24886287621104614400E+018   9.73250138391393440725E-018
      5191   2.29557911269871360000E+018   1.03146498241034615928E-017
      5192   2.26529502682385459200E+018   9.92307776362399036237E-018
      5193   2.22350493284358604800E+018   9.47853716213772622621E-018
      5194   2.21913491850195865600E+018   9.44066363035974940761E-018
      5195   2.17443568498549196800E+018   9.12088451784590066734E-018
      5196   2.17440323004421708800E+018   9.12109625599627873199E-018
      5197   2.19302185311135744000E+018   9.24524532243463098408E-018
      5198   2.17425700954724940800E+018   9.11815672183741653546E-018
      5199   2.36134964384894566400E+018   1.11248267540683389966E-017
      5200   2.33820333460521830400E+018   1.08612825672770742034E-017
      5201   2.34377291201948211200E+018   1.09272282856815195618E-017
      5202   2.30829004191229286400E+018   1.04831754864504991126E-017
      5203   2.34691016512541696000E+018   1.09639132638941415991E-017
      5204   2.36779226254906316800E+018   1.11920394321571149452E-017
      5205   2.25724233141599513600E+018   9.82711862871351286836E-018
      5206   2.29051685709310438400E+018   1.02472140428708351818E-017
      5207   2.29241850711930444800E+018   1.02726185836184884335E-017
      5208   2.30844956142883123200E+018   1.04862324129067308398E-017
      5209   2.26270663023268019200E+018   9.89169375413345306986E-018
      5210   2.28961607975395584000E+018   1.02341479294065445233E-017
      5211   2.30535082116673740800E+018   1.04445983568932399107E-017
      5212   2.29189321274186624000E+018   1.02650964635549747302E-017
      5213   2.17687412629077529600E+018   9.13593339983568605225E-018
      5214   2.25946974477862758400E+018   9.85247513749036883112E-018
      5215   2.24093517937894297600E+018   9.64770004396827333032E-018
      5216   2.20107020039537100800E+018   9.29541800897497637452E-018
      5217   2.13920442945778688000E+018   1.02513798574354068301E-017
      5218   2.17681054440120089600E+018   1.03750011412427272169E-017
      5219   2.12690087660087500800E+018   1.02026597605345190523E-017
      5220   2.13750024936717363200E+018   1.02346345883042488119E-017
      5221   2.18645276243288448000E+018   1.04045694828138296668E-017
      5222   2.16134432732586624000E+018   1.03184889472789005598E-017
      5223   2.27969606220514304000E+018   1.07850087141642993028E-017
      5224   2.26039093357030630400E+018   1.07152206283402226773E-017
      5225   2.22098858377230233600E+018   1.06081397977187169811E-017
      5226   2.15125794883087360000E+018   1.02202165922952615967E-017
      5227   2.32784088527070566400E+018   1.08162120057992691494E-017
      5228   2.35519737667505100800E+018   1.09014171996528717911E-017
      5229   2.46136738719708160000E+018   1.19645346351158823351E-017
      5230   2.44217062872064307200E+018   1.18320602462279569605E-017
      5231   2.39932555149703321600E+018   1.14864412776560438046E-017
      5232   2.46854255090776064000E+018   1.20126816820595918909E-017
      5233   2.20692440886750156800E+018   1.05247340292717249446E-017
      5234   2.12532109773939123200E+018   1.03308530544372596734E-017
      5235   2.22214895581321523200E+018   1.05899735114314031351E-017
      5236   2.24361847427589657600E+018   1.06547922208395140153E-017
      5237   2.17524213817178956800E+018   1.04265740921403635402E-017
      5238   2.18206562919142937600E+018   1.04345801730638125682E-017
      5239   2.21866225901529881600E+018   1.05644809246142682161E-017
      5240   2.13561181904013260800E+018   1.02795197272983248297E-017
      5241   2.16096054231146240000E+018   1.03662261837692947704E-017
      5242   2.15018895045405465600E+018   1.03273751533975630092E-017
      5243   2.36914529811444531200E+018   1.09651584135893584398E-017
      5244   2.41779766056819916800E+018   1.11396606019787865021E-017
      5245   2.40573527273371699200E+018   1.10893552256310862962E-017
      5246   2.37792347615653683200E+018   1.10085789786628019895E-017
      5247   2.40444360171330560000E+018   1.10978740767233147912E-017
      5248   2.88205699749918310400E+018   1.35149113377689215356E-017
      5249   2.45264393398381670400E+018   1.18931169879638157710E-017
      5250   2.59318779984968960000E+018   1.26560977233008262002E-017
      5251   2.87776223680956672000E+018   1.35068494478926273558E-017
      5252   2.17295269402035174400E+018   9.11354478890815846590E-018
      5253   2.17336628525151078400E+018   9.11571977205232690722E-018
      5254   2.17358341186061747200E+018   9.11695982321403819826E-018
      5255   2.26585224931206195200E+018   9.92291209105487097291E-018
      5256   2.71002926576679065600E+018   1.30683588953050620441E-017
      5257   3.08681823614418534400E+018   1.38947204471706728472E-017
      5258   2.38131642068866099200E+018   1.13208386777397677629E-017
      5259   2.49613928608777216000E+018   1.21694159149635670052E-017
      5260   2.51726357983878502400E+018   1.22957248559950072551E-017
      5261   2.34250251390660147200E+018   1.09036212003002625955E-017
      5262   2.41155840559227084800E+018   1.15919902081418479958E-017
      5263   2.27061324826742195200E+018   9.98029038861335014975E-018
      5264   2.28095214895685555200E+018   1.01097363137117538248E-017
      5265   2.32608050052131584000E+018   1.06994841106842686394E-017
      5266   2.54081616443194163200E+018   1.24141160671324366222E-017
      5267   2.40953925446087014400E+018   1.15735534804183493467E-017
      5268   2.32943614062306201600E+018   1.07440734705760624800E-017
      5269   2.52426020025385267200E+018   1.23318080259817025196E-017
      5270   2.39404144527496499200E+018   1.14409304944049256969E-017
      5271   2.16745122412244300800E+018   9.05325711830482323415E-018
      5272   2.16812237590804608000E+018   9.08148662156688307875E-018
      5273   2.16474108294001792000E+018   9.05014754159623803475E-018
      5274   2.17183911978391168000E+018   9.10590956878771509942E-018
      5275   2.19912169613683584000E+018   9.28205115155422544500E-018
      5276   2.19885170509505587200E+018   9.28379620364113805695E-018
      5277   2.16968045158415257600E+018   9.09267611258606539359E-018
      5278   2.16188275389397734400E+018   9.03009891363825670012E-018
      5279   2.16979895676996096000E+018   9.08681268364480433208E-018
      5280   2.21102567368660838400E+018   9.38434303575949394781E-018
      5281   2.24317634037786240000E+018   9.66923389916470345309E-018
      5282   2.17366844992234188800E+018   9.11747933807832682810E-018
      5283   2.17366844729301606400E+018   9.11747932704958452769E-018
      5284   2.17366844820014694400E+018   9.11747933085456111864E-018
      5285   2.17366844991959603200E+018   9.11747933806680668554E-018
      5286   2.17366844992327833600E+018   9.11747933808225726593E-018
      5287   2.17366844992170931200E+018   9.11747933807567212626E-018
      5288   2.17366844909584588800E+018   9.11747933461157743175E-018
      5289   2.31376205892771891200E+018   1.09307226607333635471E-017
      5290   2.32031476361788108800E+018   1.09502583127223538487E-017
      5291   2.32143947369023027200E+018   1.09557823133170266296E-017
      5292   2.33027564191366451200E+018   1.10050829581594299475E-017
      5293   2.33780133765445120000E+018   1.10384396874585034520E-017
      5294   2.32039071476814848000E+018   1.09078655121098062910E-017
      5295   2.30716553787993651200E+018   1.08629683725241289712E-017
      5296   2.30997908067281664000E+018   1.08843657929679190263E-017
      5297   2.31276888443640524800E+018   1.09172986375800593834E-017
      5298   2.31299303548342169600E+018   1.09168379308569443620E-017
      5299   2.30498364096079334400E+018   1.07026745734970845034E-017
      5300   2.30063780308962867200E+018   1.07321961100563432010E-017
      5301   2.29949120867043763200E+018   1.07471151575605251896E-017
      5302   2.29982660010965478400E+018   1.07431727169043011625E-017
      5303   2.29995808505085337600E+018   1.07386666781868919805E-017
      5304   2.29963120009600870400E+018   1.07427992305225484786E-017
      5305   2.30532613786820736000E+018   1.07575489733770051700E-017
      5306   2.30488129024419968000E+018   1.07635829392720262032E-017
      5307   2.17366844988067891200E+018   9.11747933790356948569E-018
      5308   2.17366844992257715200E+018   9.11747933807931290423E-018
      5309   2.17366844991645004800E+018   9.11747933805361329505E-018
      5310   2.17366844991475328000E+018   9.11747933804649505798E-018
      5311   2.17366844992037939200E+018   9.11747933807009309240E-018
      5312   2.17470547449030425600E+018   9.11984629665608657551E-018
      5313   2.17445907749244467200E+018   9.12049874456837869909E-018
      5314   2.17083846203685171200E+018   9.10028101103744678997E-018
      5315   2.17428385495552051200E+018   9.12115582603550474042E-018
      5316   2.17495844807515187200E+018   9.12536118517188539335E-018
      5317   2.17366844992591820800E+018   9.11747933809332751125E-018
      5318   2.17366844889285990400E+018   9.11747933376015153673E-018
      5319   2.17366844992304153600E+018   9.11747933808126040459E-018
      5320   2.17366844990871577600E+018   9.11747933802116984958E-018
      5321   2.17366844988299161600E+018   9.11747933791327309112E-018
      5322   2.17366844988971776000E+018   9.11747933794148411295E-018
      5323   2.17366844991704908800E+018   9.11747933805610775952E-018
      5324   2.17366844926457856000E+018   9.11747933531933357515E-018
      5325   2.17366844986583884800E+018   9.11747933784132497063E-018
      5326   2.54403313213505792000E+018   1.24210591659011685850E-017
      5327   2.50354536288463257600E+018   1.22106380856070316367E-017
      5328   2.31112088757795225600E+018   1.05145581757174307898E-017
      5329   2.29827837741280230400E+018   1.03450623109312134898E-017
      5330   2.17366844989091712000E+018   9.11747933794651618271E-018
      5331   2.17366844992004172800E+018   9.11747933806867868945E-018
      5332   2.17366844990139187200E+018   9.11747933799045049660E-018
      5333   2.17409930707800294400E+018   9.11878153128061841231E-018
      5334   2.17321491071730278400E+018   9.11615259075435199791E-018
      5335   2.16970190112071705600E+018   9.10599151884178347773E-018
      5336   2.16735648768250649600E+018   9.09904433431826784369E-018
      5337   2.16518626815509811200E+018   9.09818920019814726975E-018
      5338   2.16891528830537088000E+018   9.10793850660241253250E-018
      5339   2.21192928149442585600E+018   9.53050890006928115555E-018
      5340   2.21016477874859008000E+018   9.50038010274143810125E-018
      5341   2.20941060377883136000E+018   9.49865037535278676193E-018
      5342   2.19698871687561292800E+018   9.38011211946094490420E-018
      5343   2.19909012362807040000E+018   9.40848703467151592340E-018
      5344   2.24684428278663347200E+018   9.90106108600897082596E-018
      5345   2.25070361637087334400E+018   9.91770031140555328048E-018
      5346   2.24216472362706995200E+018   9.83190012234468050394E-018
      5347   2.28217603419804416000E+018   1.01415367423754772448E-017
      5348   2.21398940194948531200E+018   9.54169591186676280043E-018
      5349   2.23312363033913395200E+018   9.76237055071897480279E-018
      5350   2.21352359691483980800E+018   9.54793336131062894690E-018
      5351   2.20698685209360819200E+018   9.49643614404532869210E-018
      5352   2.19970087131378816000E+018   9.42998789901616020717E-018
      5353   2.21846839980339404800E+018   9.59931586385042945883E-018
      5354   2.21867514554835072000E+018   9.62080372249908989324E-018
      5355   2.21767458089948902400E+018   9.56453747208720574771E-018
      5356   2.21189696690037683200E+018   9.51811017334449094935E-018
      5357   2.18462995301387136000E+018   9.28769779374388046872E-018
      5358   2.18140401299666073600E+018   9.25725927742643754171E-018
      5359   2.17095676002512486400E+018   9.20129070285311169972E-018
      5360   2.16852075430543667200E+018   9.18882117863287788158E-018
      5361   2.17174701176665318400E+018   9.20265610532782778326E-018
      5362   2.17074432923015372800E+018   9.19478136688566986527E-018
      5363   2.16360829934400537600E+018   9.15392759357052666679E-018
      5364   2.17133052441609472000E+018   9.21087366199712502699E-018
      5365   2.17473264984075699200E+018   9.23715319440051847333E-018
      5366   2.17311978621808640000E+018   9.22599645453097824312E-018
      5367   2.16767718165284505600E+018   9.19798714116137894172E-018
      5368   2.21066632688233548800E+018   9.52148655440463606983E-018
      5369   2.21218058947089920000E+018   9.53904648420028344813E-018
      5370   2.20926888639025587200E+018   9.50359869608290505929E-018
      5371   2.20414619173181824000E+018   9.44884311143973995917E-018
      5372   2.16332192332821401600E+018   9.08984043937695177792E-018
      5373   2.17093010593858534400E+018   9.10945018180899978929E-018
      5374   2.17173680079697280000E+018   9.11551827897989899098E-018
      5375   2.17142966636748416000E+018   9.11127382443496011444E-018
      5376   2.17131263969814118400E+018   9.11103896285564584683E-018
      5377   2.17057934726355763200E+018   9.11288387698032074402E-018
      5378   2.17077349188076620800E+018   9.11339738342860043184E-018
      5379   2.16995784153754316800E+018   9.18757813157415534194E-018
      5380   2.16916773416277222400E+018   9.18544764510353518369E-018
      5381   2.20773827483478169600E+018   9.55640313601640755292E-018
      5382   2.21214388028046489600E+018   9.59770654413385417604E-018
      5383   2.20628993857819571200E+018   9.50253498980064628392E-018
      5384   2.20705571432315468800E+018   9.51023311696552011266E-018
      5385   2.21332829284925593600E+018   9.58451206947164925355E-018
      5386   2.21005348330646604800E+018   9.52245719906288123838E-018
      5387   2.17484396331131673600E+018   9.12086883936774389807E-018
      5388   2.17727963305055667200E+018   9.12795662837353368503E-018
      5389   2.16483497100727040000E+018   9.09155165223453774071E-018
      5390   2.17433999983722982400E+018   9.11445230591393953922E-018
      5391   2.16438007750985241600E+018   9.08815201443839119000E-018
      5392   2.16348061096532326400E+018   9.08595016283451619658E-018
      5393   2.17283948353907712000E+018   9.11275509096550789033E-018
      5394   2.17186819606246988800E+018   9.11439704363691307337E-018
      5395   2.17274338027839718400E+018   9.11302952025202177548E-018
      5396   2.17850699596371225600E+018   9.22119010249735084874E-018
      5397   2.19569309690310502400E+018   9.33977491380026298409E-018
      5398   2.19383954297691955200E+018   9.33475190077244323421E-018
      5399   2.17201803937558860800E+018   9.17729035660717601487E-018
      5400   2.18640762249818521600E+018   9.29086288258408468630E-018
      5401   2.18282485504436172800E+018   9.25084857960654887353E-018
      5402   2.18881972051243238400E+018   9.28289803574511757195E-018
      5403   2.16836841943845632000E+018   9.12992477596870713886E-018
      5404   2.16617976308739968000E+018   9.10992300414877116481E-018
      5405   2.16736969818565248000E+018   9.10465826884332760342E-018
      5406   2.17366844966043545600E+018   9.11747933697975635815E-018
      5407   2.17366844980088601600E+018   9.11747933756887675772E-018
      5408   2.16712370025833523200E+018   9.09619693671061335216E-018
      5409   2.17295404167288524800E+018   9.11498754843610770018E-018
      5410   2.17208093606890547200E+018   9.11384646061452735041E-018
      5411   2.17366844985458329600E+018   9.11747933779411349435E-018
      5412   2.17366844991275904000E+018   9.11747933803813035904E-018
      5413   2.17366844991650201600E+018   9.11747933805383208070E-018
      5414   2.17366844991504896000E+018   9.11747933804756125280E-018
      5415   2.17366844991110374400E+018   9.11747933803118776678E-018
      5416   2.17366844982366489600E+018   9.11747933766442599412E-018
      5417   2.17366844962774630400E+018   9.11747933654301707652E-018
      5418   2.12581434521283328000E+018   9.10883226093935957373E-018
      5419   2.11435892299784499200E+018   9.06825108197745206403E-018
      5420   2.07860299214956928000E+018   8.94732671714535672840E-018
      5421   2.12903803921052595200E+018   9.10956570390252224243E-018
      5422   2.44061496847972454400E+018   1.00404224348824211005E-017
      5423   2.41917509414665830400E+018   1.00045470505444933146E-017
      5424   2.46097440870303590400E+018   1.01166749538448648395E-017
      5425   2.37863031839823820800E+018   9.86880351430564435190E-018
      5426   2.41596219390017792000E+018   9.98887466437882505437E-018
      5427   2.36154930476736614400E+018   9.84365129092229405116E-018
      5428   2.26989564415742566400E+018   9.95137583557980175509E-018
      5429   2.28218292315379353600E+018   1.01059101090005528459E-017
      5430   2.26595039547604147200E+018   9.90316925646575800455E-018
      5431   2.27410986446655052800E+018   9.98724048864702794192E-018
      5432   2.29183305582459750400E+018   1.02330342957428268318E-017
      5433   2.28624327882196505600E+018   1.01592733022021746570E-017
      5434   2.27407411244388505600E+018   1.00566013716845516573E-017
      5435   2.26586044793999334400E+018   9.99411921854268004164E-018
      5436   2.18700476532095283200E+018   9.26160845423015447975E-018
      5437   2.19365914824324864000E+018   9.35949981372554583442E-018
      5438   2.22518598595356902400E+018   9.45318761602507244112E-018
      5439   2.25476287640744832000E+018   9.54200319057952311365E-018
      5440   2.19370274554351462400E+018   9.33853288089577689654E-018
      5441   2.22918335406005145600E+018   9.44430665441586195781E-018
      5442   2.18750234849916160000E+018   9.27980570655446132058E-018
      5443   2.19127591490812416000E+018   9.31076190687319197371E-018
      5444   2.23272099136180838400E+018   9.66265866140703605796E-018
      5445   2.25693978503418521600E+018   9.84147524496448641487E-018
      5446   2.17812823235555686400E+018   9.22921979366378944903E-018
      5447   2.17711265044252569600E+018   9.22875513220589106355E-018
      5448   2.17399456984982272000E+018   9.21412367578405666063E-018
      5449   2.17565958788955187200E+018   9.23080979157437455780E-018
      5450   2.17310707446980121600E+018   9.21153538938245821934E-018
      5451   2.19366766570787456000E+018   9.53530184996631737735E-018
      5452   2.19747258642033305600E+018   9.53458319719572579947E-018
      5453   2.28517892160081817600E+018   1.01895037165675622261E-017
      5454   2.29892181741566668800E+018   1.03319019395896684664E-017
      5455   2.30824074664143718400E+018   1.04478995401727084122E-017
      5456   2.30565159823093657600E+018   1.04160778297095234757E-017
      5457   2.24549730872602624000E+018   9.91100765206091675298E-018
      5458   2.22733950167293107200E+018   9.69365373928547098468E-018
      5459   2.23431215481874073600E+018   9.77564862359677991841E-018
      5460   2.24855268483738291200E+018   9.79449855105811740306E-018
      5461   2.23295730513813299200E+018   9.73451238723387526026E-018
      5462   2.23415630042525081600E+018   9.74510166866230173944E-018
      5463   2.23773821608019865600E+018   9.78042931164112038242E-018
      5464   2.23893288502101964800E+018   9.80525436189681723750E-018
      5465   2.24774454074848921600E+018   9.90750403967090610246E-018
      5466   2.24459860773748710400E+018   9.62323182496315231756E-018
      5467   2.23696491375124275200E+018   9.56282645227135744142E-018
      5468   2.25067450500934707200E+018   1.01215119354433428225E-017
      5469   2.25084007234206771200E+018   1.01198358006598197120E-017
      5470   2.25078789801892121600E+018   1.01224024908505004975E-017
      5471   2.25149430642091161600E+018   1.01074174541819638565E-017
      5472   2.25224139518014208000E+018   1.01051870722503676161E-017
      5473   2.25223363650492646400E+018   1.01020254836636163816E-017
      5474   2.25226953704318156800E+018   1.01067500174521213510E-017
      5475   2.25227198369266739200E+018   1.01055409193172193459E-017
      5476   2.25221520586804198400E+018   1.01020289819053831525E-017
      5477   2.16383282685511091200E+018   1.03428774033827754242E-017
      5478   2.20298109905130035200E+018   1.04800013508081231766E-017
      5479   2.15551466543795916800E+018   1.03768657892535614878E-017
      5480   2.23005356958363699200E+018   1.06285515304535380612E-017
      5481   2.20385774817540505600E+018   1.05556835040862358999E-017
      5482   2.38395017938734694400E+018   1.11069715855682049539E-017
      5483   2.36688648374088755200E+018   1.12128138712556464059E-017
      5484   2.37322890024342272000E+018   1.12599940812677340314E-017
      5485   2.36835098820281702400E+018   1.12264226388010018905E-017
      5486   2.41473531234977177600E+018   1.16191301996666416621E-017
      5487   2.40992973693928908800E+018   1.15792859791278748068E-017
      5488   2.41685384271793049600E+018   1.16366866173253768328E-017
      5489   2.43151988942306099200E+018   1.17522964635676497279E-017
      5490   2.42817395127942400000E+018   1.17262221674422630646E-017
      5491   2.44620604130756915200E+018   1.18614534830899067525E-017
      5492   2.46075739514827468800E+018   1.19615196340131461760E-017
      5493   2.39058890909513420800E+018   1.14007262993691969277E-017
      5494   2.39547447543067187200E+018   1.14514805322685561719E-017
      5495   2.39283369802767718400E+018   1.14226393768866257821E-017
      5496   2.38558290499034624000E+018   1.13444409591062483017E-017
      5497   2.35614579632322969600E+018   1.11144365066891798043E-017
      5498   2.34810559226852761600E+018   1.10981827480511564464E-017
      5499   2.34112762008004710400E+018   1.10674305754829567858E-017
      5500   2.35141756997846681600E+018   1.11174879151486797181E-017
      5501   2.35971662199800985600E+018   1.11686423746962823374E-017
      5502   2.35756224129264844800E+018   1.11611090024267072714E-017
      5503   2.34957233301620428800E+018   1.10691572105345069427E-017
      5504   2.37562573631031808000E+018   1.12519419487886604520E-017
      5505   2.34458201496297625600E+018   1.10392897625533387474E-017
      5506   2.37114402318873907200E+018   1.11964143916161706182E-017
      5507   2.37083445079991347200E+018   1.11048647863692703182E-017
      5508   2.37603908509787545600E+018   1.12822812732460090521E-017
      5509   2.37102819799201126400E+018   1.12500275361428124362E-017
      5510   2.33809105085913344000E+018   1.10805265011564845872E-017
      5511   2.35100438612216780800E+018   1.11274163372186803247E-017
      5512   2.31429123576346880000E+018   1.09202379274927109813E-017
      5513   2.33377607865038848000E+018   1.10587494270794551842E-017
      5514   2.35241908438164172800E+018   1.11462774087776163291E-017
      5515   2.24869673983941785600E+018   1.07204276871003609099E-017
      5516   2.28711553913964032000E+018   1.08446933953257382013E-017
      5517   2.16896056257411814400E+018   1.04109694033682104860E-017
      5518   2.20969173159470438400E+018   1.05760320615190830935E-017
      5519   2.35770609671582310400E+018   1.11793815702902104497E-017
      5520   2.35671386836585011200E+018   1.11740314145739891510E-017
      5521   2.36597498924902912000E+018   1.12137991420753097469E-017
      5522   2.23557956630738867200E+018   1.06752784851234155156E-017
      5523   2.22784423683940787200E+018   1.06631328385270651933E-017
      5524   1.99751532422556416000E+018   1.00217347612740294834E-017
      5525   2.28725252730821632000E+018   1.08308522164035747037E-017
      5526   2.29318255556176921600E+018   1.08911387325520712937E-017
      5527   2.37776233818954496000E+018   1.11237776852980558841E-017
      5528   2.39751066577626265600E+018   1.11691491222074957992E-017
      5529   2.30560554348224000000E+018   1.09196280234812570572E-017
      5530   2.47639091402857779200E+018   1.14836467221547763933E-017
      5531   2.43175797528425011200E+018   1.12971740351291692656E-017
      5532   2.34181842350255257600E+018   1.10887327083914768307E-017
      5533   2.35282454585832448000E+018   1.11558209313618098118E-017
      5534   2.34586397145167308800E+018   1.11183620502346340983E-017
      5535   2.31598861676095488000E+018   1.08876475367686554734E-017
      5536   2.30091074454895539200E+018   1.07203481893921030508E-017
      5537   2.31207487938450944000E+018   1.07966600091947130984E-017
      5538   2.34847469689337088000E+018   1.10205139375855086492E-017
      5539   2.32136804500075520000E+018   1.08608988648526619385E-017
      5540   2.34198837186244249600E+018   1.09857648255020301558E-017
      5541   2.35607850894476492800E+018   1.10824439189017129191E-017
      5542   7.64859730655661772800E+018   1.48819885191684772836E-017
      5543   7.61884044107832934400E+018   1.49158408450507011079E-017
      5544   7.49258100605397708800E+018   1.50821491705508679770E-017
      5545   7.26353257042900070400E+018   1.55542696673697855895E-017
      5546   7.04121622411734118400E+018   1.60095152560645500985E-017
      5547   4.26144420160645836800E+018   1.48717087352313335866E-017
      5548   3.48040105053264844800E+018   1.43516036856091940025E-017
      5549   5.39994839629004390400E+018   1.65575313914589000473E-017
      5550   5.48380223599681126400E+018   1.66768985420080875317E-017
      5551   4.98441047470334771200E+018   1.57987464936369325513E-017
      5552   5.07777735806351564800E+018   1.59821734058293483070E-017
      5553   4.52250623277216000000E+018   1.51003685282730007018E-017
      5554   4.21938776734156492800E+018   1.48515005891545130835E-017
      5555   3.82635450682425395200E+018   1.45882691452548591182E-017
      5556   4.88169086991040204800E+018   1.55998686649003964242E-017
      5557   4.45645571469123635200E+018   1.50342937409159567609E-017
      5558   4.34489704581945292800E+018   1.49466501558575298513E-017
      5559   4.65145506812867788800E+018   1.52537378491668681783E-017
      5560   4.71544731889399705600E+018   1.53401979729057298628E-017
      5561   3.18532402186289664000E+018   1.40328325336437236221E-017
      5562   3.51772578860042752000E+018   1.43941612553336773934E-017
      5563   2.24265356024626483200E+018   1.02632691851259356637E-017
      5564   2.24804099775686374400E+018   1.03240208018064248432E-017
      5565   2.22330257801190835200E+018   1.02246760312914606405E-017
      5566   2.24261260070125388800E+018   1.02983763608852026452E-017
      5567   3.70477810840616806400E+018   1.45779639344257335065E-017
      5568   4.18809722198391552000E+018   1.48426748669506737590E-017
      5569   4.04168897067017779200E+018   1.47703375217564156095E-017
      5570   4.42520588092786534400E+018   1.49938635051680312726E-017
      5571   2.17366844991841638400E+018   9.11747933806186243819E-018
      5572   2.17366844918246451200E+018   9.11747933497490026390E-018
      5573   2.17366844992407193600E+018   9.11747933808558219139E-018
      5574   2.17366844936085632000E+018   9.11747933572316718812E-018
      5575   2.20759211647740364800E+018   9.34594777779935187859E-018
      5576   2.17180128971756953600E+018   9.10610828157332018681E-018
      5577   2.17368086249865420800E+018   9.11762443674860212406E-018
      5578   2.17720945117246259200E+018   9.13478323469241857154E-018
      5579   2.16971619872862489600E+018   9.09331243278904013621E-018
      5580   2.17366844639274163200E+018   9.11747932327337208564E-018
      5581   2.17366844837238348800E+018   9.11747933157700517417E-018
      5582   2.17366844988160844800E+018   9.11747933790746910864E-018
      5583   2.17366844994488268800E+018   9.11747933817287304019E-018
      5584   2.17366844992114304000E+018   9.11747933807329629909E-018
      5585   2.17366844994783155200E+018   9.11747933818524521415E-018
      5586   2.17501369330980659200E+018   9.12562329324153070895E-018
      5587   2.17070979690050227200E+018   9.09777137881491530632E-018
      5588   2.17366844875590272000E+018   9.11747933318568515291E-018
      5589   2.17478019599213516800E+018   9.12445444388178732830E-018
      5590   2.30461964367933337600E+018   1.04296052356671859160E-017
      5591   2.34896640773286758400E+018   1.09848483610363649977E-017
      5592   2.24749107461592012800E+018   9.71331106348378451645E-018
      5593   2.25785754304406400000E+018   9.83014722430273605745E-018
      5594   2.33797092020573491200E+018   1.08554312560815157161E-017
      5595   2.21326471676621900800E+018   9.38941602031883688122E-018
      5596   2.24248267036617497600E+018   9.65987377058431211511E-018
      5597   2.27818706421031756800E+018   1.00795038460615987495E-017
      5598   2.29258846381023104000E+018   1.02687760984442956192E-017
      5599   2.17024300023773670400E+018   9.09447127193522907332E-018
      5600   2.16933963374593305600E+018   9.08694308133244945935E-018
      5601   2.17366844992049280000E+018   9.11747933807057226377E-018
      5602   2.17366844992276121600E+018   9.11747933808008481695E-018
      5603   3.40200018235756492800E+018   1.42857339339160401291E-017
      5604   3.64228768839721420800E+018   1.44948660920032999281E-017
      5605   3.29196190492484300800E+018   1.41636115829356899235E-017
      5606   3.79864641338390732800E+018   1.45624799854400372892E-017
      5607   5.41180810737473740800E+018   1.65556682305733920773E-017
      5608   5.01026506239830630400E+018   1.58369211225149856470E-017
      5609   5.21471893247459430400E+018   1.61936449837624794865E-017
      5610   4.98428663637784678400E+018   1.57879976064270150174E-017
      5611   4.27766484892248012800E+018   1.48485567630694519122E-017
      5612   4.02239167285298944000E+018   1.46979383482764005881E-017
      5613   4.72123351452362956800E+018   1.53365418717203972472E-017
      5614   4.80860851914048307200E+018   1.54863314869652319976E-017
      5615   4.88120184858076876800E+018   1.55932634056434136015E-017
      5616   4.63070443871329587200E+018   1.52198760209992396011E-017
      5617   4.48439805571482726400E+018   1.50456545430192212367E-017
      5618   4.27621828086269337600E+018   1.48504562506769518957E-017
      5619   5.51759219453165056000E+018   1.67262259289671792976E-017
      5620   5.35792046771330662400E+018   1.64583326508708052337E-017
      5621   5.20429062008107212800E+018   1.61878301333455532559E-017
      5622   5.42287618063572787200E+018   1.65731991468883282411E-017
      5623   5.13467333021218508800E+018   1.60643166673823038977E-017
      5624   5.07411194302367846400E+018   1.59430627366085672995E-017
      5625   2.31249701827196620800E+018   1.08719364654284017446E-017
      5626   2.31747210158507622400E+018   1.09032022982102280585E-017
      5627   2.32089976507457075200E+018   1.09040114748092550993E-017
      5628   2.32570008436353126400E+018   1.09167293420959082488E-017
      5629   2.30424504222869888000E+018   1.08116289403525013425E-017
      5630   2.31055718359115929600E+018   1.08252999043723386672E-017
      5631   2.30367284045268172800E+018   1.07956563563977968365E-017
      5632   2.30299285238815232000E+018   1.07895824510342650376E-017
      5633   2.30807066181658060800E+018   1.07915719325159496062E-017
      5634   2.31004793138353612800E+018   1.08111178360596769034E-017
      5635   2.37890791550050048000E+018   1.12891819088054894899E-017
      5636   2.36675619320194048000E+018   1.11970606641068022306E-017
      5637   2.38150609578244556800E+018   1.13076412993523909606E-017
      5638   2.38560963243811840000E+018   1.13435015379417426162E-017
      5639   2.36918837296093440000E+018   1.12243505436564072541E-017
      5640   2.37904306893577881600E+018   1.12859391562998557517E-017
      5641   2.38498382039985612800E+018   1.13357861760629042142E-017
      5642   2.31142972963956582400E+018   1.08744523179796902235E-017
      5643   2.31683885688818944000E+018   1.09018685453707106781E-017
      5644   2.32274023957523558400E+018   1.09306726516268392965E-017
      5645   2.31591718825531955200E+018   1.08911170060150874601E-017
      5646   2.34554705571782348800E+018   1.10744987374940672360E-017
      5647   2.32588882785386496000E+018   1.09574401320460761451E-017
      5648   2.30411119714167680000E+018   1.07604904834096449100E-017
      5649   2.30567865161947392000E+018   1.07809122818893877371E-017
      5650   2.30732220485875097600E+018   1.08213364370813611705E-017
      5651   2.30909005242609715200E+018   1.08329899623000765009E-017
      5652   2.30777006619621888000E+018   1.07773338496647042239E-017
      5653   2.28609938703596236800E+018   1.03186690636139469157E-017
      5654   2.29177597720036582400E+018   1.03791363559736266367E-017
      5655   2.28379928668126208000E+018   1.03423300286010011020E-017
      5656   4.22250865624338585600E+018   1.48743052395503960230E-017
      5657   4.09300565147192320000E+018   1.48023905420038294293E-017
      5658   4.00894167730923929600E+018   1.47423250454076139529E-017
      5659   2.35444840006669824000E+018   1.10242391076845068055E-017
      5660   2.38480605362260428800E+018   1.13464198475710629680E-017
      5661   2.35885782803247718400E+018   1.10751944580481026134E-017
      5662   2.40475339268361318400E+018   1.15321435085788839224E-017
      5663   2.50172733499816038400E+018   1.22203303600930310471E-017
      5664   2.35469050532755456000E+018   1.10285722161827071089E-017
      5665   2.34763390249374924800E+018   1.09458833250112370942E-017
      5666   2.41285754428423424000E+018   1.16022134826205438960E-017
      5667   2.49766650216791398400E+018   1.21992214761620024669E-017
      5668   3.04565870884594483200E+018   1.38744785883541009048E-017
      5669   2.73613784829345075200E+018   1.31835263804045323039E-017
      5670   2.71446918346338867200E+018   1.31214989571497176963E-017
      5671   2.82488213519176908800E+018   1.34222140676786005675E-017
      5672   3.08642172170386534400E+018   1.39435515541059588987E-017
      5673   2.88452005354233753600E+018   1.35646511527956080881E-017
      5674   5.39291808440075264000E+018   1.65664265350394219280E-017
      5675   4.95790973793770598400E+018   1.57634765424333959034E-017
      5676   5.19121316134871040000E+018   1.62008966955631766847E-017
      5677   4.90199496018024550400E+018   1.56730418408490203085E-017
      5678   4.46291387177079705600E+018   1.50703316591890290294E-017
      5679   4.36675411533594675200E+018   1.49809632006470133488E-017
      5680   4.56189449655920537600E+018   1.51808596695093215766E-017
      5681   4.70063359842928742400E+018   1.53511219911536305751E-017
      5682   4.76558522383749939200E+018   1.54501706781621718008E-017
      5683   5.50708076689188761600E+018   1.67214151795820694915E-017
      5684   5.32970456919302041600E+018   1.64565991133931048675E-017
      5685   5.39518915789186560000E+018   1.65861058500037519122E-017
      5686   5.15717226679210086400E+018   1.61426397031181714244E-017
      5687   5.07915985746725273600E+018   1.59945445230416068178E-017
      5688   5.00792869824211558400E+018   1.58716738728123526526E-017
      5689   2.17470212261039564800E+018   9.11927835272010751137E-018
      5690   2.17498351800606028800E+018   9.12020811119451381803E-018
      5691   2.17366844905707929600E+018   9.11747933444897347766E-018
      5692   2.17366844841314048000E+018   9.11747933174796150125E-018
      5693   2.22919580021506483200E+018   9.52962144853151752517E-018
      5694   2.19989085846173977600E+018   9.32095203578468920566E-018
      5695   2.23913527536695116800E+018   9.62734815352539078921E-018
      5696   2.24302884489203840000E+018   9.66779457195950878276E-018
      5697   2.21913057023663667200E+018   9.43828575809929702802E-018
      5698   2.17411414208859315200E+018   9.12020020755470313506E-018
      5699   2.17749003299008691200E+018   9.13922523039826122427E-018
      5700   2.16861252876843161600E+018   9.08629636271451828924E-018
      5701   2.17428018774696064000E+018   9.12111098853886405438E-018
      5702   2.17396738310401382400E+018   9.11757074448967402641E-018
      5703   2.33179638185295001600E+018   1.07822977033837970304E-017
      5704   2.30429660020449228800E+018   1.04291638906412255462E-017
      5705   2.29294047540578969600E+018   1.02783961519909410698E-017
      5706   2.34957748480912537600E+018   1.09929330791662658959E-017
      5707   2.17366844992248601600E+018   9.11747933807893079973E-018
      5708   3.39018611980545382400E+018   1.43122243586789657679E-017
      5709   4.70844942495096422400E+018   1.53536988508367603920E-017
      5710   4.32657457556797235200E+018   1.49607593445310111271E-017
      5711   4.04683681857535488000E+018   1.47642382457244776955E-017
      5712   4.16794505993096038400E+018   1.48548605853961322450E-017
      5713   4.61027398795613849600E+018   1.52281977553213871170E-017
      5714   2.17370774607982233600E+018   9.11763586368231267898E-018
      5715   2.16098375035845964800E+018   9.03373647706114035578E-018
      5716   2.17368798414957952000E+018   9.11755370209210183327E-018
      5717   2.17133496690135654400E+018   9.10277663050715494389E-018
      5718   2.56734580813989120000E+018   1.25470501092223173009E-017
      5719   2.31270569337775872000E+018   1.05169380781376462178E-017
      5720   2.23456871273201689600E+018   9.57599063914690673405E-018
      5721   2.40780370519515136000E+018   1.15619254930324407132E-017
      5722   2.32595159309852057600E+018   1.06888618683090413848E-017
      5723   2.31988209702760857600E+018   1.06115454353026785896E-017
      5724   2.17212947112724377600E+018   9.10761877828495796055E-018
      5725   2.27455289986948633600E+018   1.00264680284536042376E-017
      5726   2.25907047197325107200E+018   9.83273764990531445472E-018
      5727   2.21158860198934732800E+018   9.37634491421554535572E-018
      5728   2.16224430203235942400E+018   9.04014180617045805978E-018
      5729   2.38457266480432025600E+018   1.13481083026212763100E-017
      5730   2.17366844958150195200E+018   9.11747933664867359327E-018
      5731   2.17366844992100761600E+018   9.11747933807272776457E-018
      5732   2.17366844953304064000E+018   9.11747933644539553950E-018
      5733   2.17366844992337408000E+018   9.11747933808265785936E-018
      5734   2.17366844939350809600E+018   9.11747933586012699982E-018
      5735   2.87216793040169216000E+018   1.35198723210860635173E-017
      5736   4.29425882707813580800E+018   1.49430435589072799216E-017
      5737   4.54569158092028825600E+018   1.51502300559829028149E-017
      5738   4.44070567870227353600E+018   1.50504586334664594211E-017
      5739   5.22207174804845260800E+018   1.62511249588429262681E-017
      5740   5.09072876192883302400E+018   1.60295917702350144494E-017
      5741   5.42095476177498316800E+018   1.66078454051695241934E-017
      5742   5.48247346423400448000E+018   1.67008317468561528387E-017
      5743   4.84897512881815859200E+018   1.55800662808395394135E-017
      5744   4.92215064894390579200E+018   1.57003795769212044586E-017
      5745   2.35321402974399436800E+018   1.11048400617819206986E-017
      5746   2.33788615964081408000E+018   1.10451882072617366872E-017
      5747   2.36093703600289228800E+018   1.11553641394302072572E-017
      5748   2.30988360376930304000E+018   1.09018701485073576743E-017
      5749   2.29782773323091072000E+018   1.08719864122716754901E-017
      5750   2.31814010503493427200E+018   1.09567982305781025870E-017
      5751   2.30955422749928396800E+018   1.09137456469427687136E-017
      5752   2.34006534726958489600E+018   1.10474280486017254323E-017
      5753   2.32499011590254848000E+018   1.09849002601084970254E-017
      5754   2.31820165808515020800E+018   1.09524366818074249373E-017
      5755   2.32685747256811468800E+018   1.09836347712277063845E-017
      5756   2.34993671928867174400E+018   1.10751884469859506687E-017
      5757   2.34964709952010035200E+018   1.11362844749693376225E-017
      5758   2.24989958549007564800E+018   1.01700334931591511682E-017
      5759   2.30535534647296076800E+018   1.04057159471408434669E-017
      5760   2.29658548633221760000E+018   1.03595988335906737795E-017
      5761   2.32601030011367782400E+018   1.05054817274680719192E-017
      5762   2.29741090781691417600E+018   1.04102305082953115515E-017
      5763   2.23919037240626918400E+018   1.01501830844830562752E-017
      5764   2.23329372823267251200E+018   1.01181060771051849057E-017
      5765   2.31796031520199987200E+018   1.03896673736702361014E-017
      5766   2.31713341270309734400E+018   1.03877681919459325667E-017
      5767   2.31841441646487552000E+018   1.03922815410931207409E-017
      5768   2.28393994762203392000E+018   1.02725760971285572222E-017
      5769   2.39591184849679308800E+018   1.06613484566559858061E-017
      5770   2.46397177437059276800E+018   1.08993384590641455692E-017
      5771   2.43360192711576883200E+018   1.07948488196872461265E-017
      5772   2.39630834828386252800E+018   1.06644508550722415262E-017
      5773   2.41280404368781158400E+018   1.07190115151969965603E-017
      5774   2.44539031467610572800E+018   1.08327917483138734051E-017
      5775   2.17268945742284006400E+018   9.85903772245604726079E-018
      5776   2.19374639660330188800E+018   9.93306682710461494666E-018
      5777   2.17308388662108006400E+018   9.86208661029693298901E-018
      5778   2.32832704819679436800E+018   1.04213186530688147451E-017
      5779   2.42904301516711270400E+018   1.07726321463823212506E-017
      5780   2.42620201967523379200E+018   1.07611243483581819090E-017
      5781   2.36144160029425152000E+018   1.05362780108929733728E-017
      5782   2.39285158480940236800E+018   1.06467377272801651723E-017
      5783   2.36469121189438259200E+018   1.05484174440794407510E-017
      5784   2.27431186321772492800E+018   1.02102854840718649118E-017
      5785   2.12450297721165158400E+018   9.69939371273796307708E-018
      5786   2.12395880336101785600E+018   9.69693296457925371156E-018
      5787   2.21536564415474355200E+018   1.00085451975139995948E-017
      5788   2.22534425064447820800E+018   1.00429498143862730907E-017
      5789   2.29437626045503769600E+018   1.02715971957797290547E-017
      5790   2.29273950570024294400E+018   1.02642914276579132674E-017
      5791   2.22953452912808345600E+018   1.00520387190626480105E-017
      5792   2.26678943348872524800E+018   1.01784979757189749773E-017
      5793   2.23308597961579059200E+018   1.00612990643788023727E-017
      5794   2.21258708665002444800E+018   9.99241047149559390701E-018
      5795   2.17366844994476544000E+018   9.11747933817238000212E-018
      5796   2.17366844992226790400E+018   9.11747933807801559782E-018
      5797   2.17366844992468531200E+018   9.11747933808815831528E-018
      5798   2.17366844992982144000E+018   9.11747933810969945652E-018
      5799   2.17366844992023756800E+018   9.11747933806949990598E-018
      5800   2.17366844992015180800E+018   9.11747933806913783115E-018
      5801   2.43224711489208115200E+018   1.17562253387016813517E-017
      5802   2.44208192674763571200E+018   1.18273081776735587439E-017
      5803   2.38677156260106803200E+018   1.13739107540126177979E-017
      5804   2.27262431519607040000E+018   1.04114152876881091940E-017
      5805   2.27011759593894092800E+018   1.03866673580165141106E-017
      5806   2.27184898278331289600E+018   1.03377348212749090474E-017
      5807   2.27126641423533056000E+018   1.03342676490380843592E-017
      5808   2.27017116488653414400E+018   1.03221537801745932017E-017
      5809   2.27257401846522086400E+018   1.03393895560846842481E-017
      5810   2.28121935450926464000E+018   1.04522445984161506523E-017
      5811   2.28381629239596364800E+018   1.04852790199170632796E-017
      5812   2.27792851664138828800E+018   1.04020244059791910216E-017
      5813   2.27421673146037580800E+018   1.03875435683589027003E-017
      5814   2.27507845731149721600E+018   1.04193381832146581918E-017
      5815   2.27925719813898572800E+018   1.04615948369137691631E-017
      5816   2.26625298182516019200E+018   1.02593700318319537530E-017
      5817   2.26421709136911897600E+018   1.02607523861014855200E-017
      5818   2.26635050127748608000E+018   1.03249312290558772046E-017
      5819   2.26868047950579712000E+018   1.02931465714834374805E-017
      5820   2.28386434254005017600E+018   1.05577041765900573847E-017
      5821   2.28719954481168281600E+018   1.05602060389970726992E-017
      5822   2.27918931769735270400E+018   1.05027984527824539901E-017
      5823   2.27935195519825843200E+018   1.05016576269749050153E-017
      5824   2.29727713561210035200E+018   1.06550795012865038886E-017
      5825   2.29283112561465907200E+018   1.06131839233812667363E-017
      5826   2.31305906181557145600E+018   1.07546930979087785036E-017
      5827   2.30530105193881267200E+018   1.07193798288764011780E-017
      5828   2.30456120094552729600E+018   1.06992901678443648055E-017
      5829   2.29145691146002508800E+018   1.06178311601024169602E-017
      5830   2.31420436574451046400E+018   1.09148302553366926962E-017
      5831   2.32361163008222617600E+018   1.09902245025655403873E-017
      5832   2.34521746602759014400E+018   1.11234528818226267282E-017
      5833   2.33913920790144051200E+018   1.10858401909662034929E-017
      5834   2.30974563545126195200E+018   1.08819871320465469096E-017
      5835   2.30968397382989824000E+018   1.09055669638007237149E-017
      5836   2.34896006842461440000E+018   1.11285764734373563500E-017
      5837   2.36604755799623424000E+018   1.12113642804516067654E-017
      5838   2.35438715872476569600E+018   1.11518704813392007250E-017
      5839   2.34123523271522918400E+018   1.11034668475638453485E-017
      5840   2.30839643039015833600E+018   1.08643324588892137714E-017
      5841   2.30357785059263078400E+018   1.08235473549388473420E-017
      5842   2.29798395689674086400E+018   1.07891028168742908433E-017
      5843   2.31081762876281088000E+018   1.08717342536094665162E-017
      5844   2.31054883155640883200E+018   1.08984055375944684886E-017
      5845   2.30589174466030284800E+018   1.08544029277434609697E-017
      5846   2.30586834007145676800E+018   1.08545473814986300549E-017
      5847   2.31284674306552115200E+018   1.09037626036264274212E-017
      5848   2.31977843886598144000E+018   1.09536050764234954636E-017
      5849   2.31884668353750988800E+018   1.09514157330172450426E-017
      5850   2.35909528866055424000E+018   1.05019507836315091073E-017
      5851   2.36691081832392499200E+018   1.05277976645632958418E-017
      5852   2.19611861508142592000E+018   9.97047661728149550949E-018
      5853   2.05674515360311244800E+018   9.47336129449084758872E-018
      5854   2.05392179873381990400E+018   9.46262211643861450685E-018
      5855   2.17102425608589363200E+018   9.10098413640394946714E-018
      5856   2.17366846521337574400E+018   9.11747975523751071406E-018
      5857   2.17123186592858342400E+018   9.10225493644299152244E-018
      5858   2.17342206040816281600E+018   9.11586821868961441777E-018
      5859   2.26395302000195635200E+018   1.01087617070524674051E-017
      5860   2.26253382185998771200E+018   1.00859734360590872722E-017
      5861   2.26159010627301504000E+018   1.00899151618059852082E-017
      5862   2.27913493982859929600E+018   1.03544949797108757693E-017
      5863   2.28041664769659622400E+018   1.04246121293270041719E-017
      5864   2.27826241268373760000E+018   1.03906169461901307531E-017
      5865   2.27353027115950566400E+018   1.03397870944023185873E-017
      5866   2.27459988031603302400E+018   1.03522919888483117669E-017
      5867   2.27522992057600691200E+018   1.03776435613218317851E-017
      5868   2.27494728549185331200E+018   1.03673492960919560662E-017
      5869   2.27059033134329113600E+018   1.03232401067590696631E-017
      5870   2.26999794264021094400E+018   1.03181485214954297005E-017
      5871   2.26803615239561395200E+018   1.02167704516503568695E-017
      5872   2.27263584338838476800E+018   1.02004387024850749700E-017
      5873   2.26391227878116224000E+018   1.02677608094685632930E-017
      5874   2.26392168982322790400E+018   1.02416125681020387140E-017
      5875   2.26497162030089932800E+018   1.02736881311472957659E-017
      5876   2.26521360471806310400E+018   1.02824560452946587704E-017
      5877   2.26359739994036480000E+018   1.01910318312764240286E-017
      5878   2.26394911204851276800E+018   1.02126389314651790541E-017
      5879   2.25865088916342374400E+018   1.01128859858241112089E-017
      5880   2.25809568663119360000E+018   1.01140020883717046226E-017
      5881   2.25800186698627302400E+018   1.01013181982332567055E-017
      5882   2.25732733414250598400E+018   1.00948795702475306159E-017
      5883   2.25304547053086156800E+018   1.01084829170687066393E-017
      5884   2.25306153249467494400E+018   1.00967696557546865571E-017
      5885   2.26008266259021542400E+018   1.01238038810942003306E-017
      5886   2.26051380631413299200E+018   1.01367366662450872465E-017
      5887   2.26147098538912204800E+018   1.01514887984355564980E-017
      5888   2.26138833598571008000E+018   1.02133890119860102528E-017
      5889   2.26346043104977510400E+018   1.02418059607725131355E-017
      5890   2.26240539380823091200E+018   1.02297964793087056211E-017
      5891   2.30222700648266291200E+018   1.07799455816702803915E-017
      5892   2.31167941123035852800E+018   1.08496139049590185671E-017
      5893   2.29341143687299840000E+018   1.06687852875626039303E-017
      5894   2.29346943609313356800E+018   1.06977913779983088954E-017
      5895   2.29106565095955276800E+018   1.06041740711891282101E-017
      5896   2.28285430040630784000E+018   1.05133637116978542790E-017
      5897   2.29069483872203622400E+018   1.06489554156840322223E-017
      5898   2.29123689509623321600E+018   1.06076211777960433250E-017
      5899   2.28678758105702707200E+018   1.05730455818575901434E-017
      5900   2.28373890630011136000E+018   1.05897517014572659880E-017
      5901   2.28605479156537523200E+018   1.05668834247174352906E-017
      5902   2.17377380375947494400E+018   9.11791705906637860461E-018
      5903   2.17366844989567129600E+018   9.11747933796645649098E-018
      5904   5.00272084362329600000E+018   1.58454410342572466893E-017
      5905   5.25402271413081804800E+018   1.62832162020367545969E-017
      5906   4.90954253199676313600E+018   1.56519009477700065149E-017
      5907   4.99456699755166105600E+018   1.58270777740801247400E-017
      5908   4.39234938288675123200E+018   1.49891315719710828420E-017
      5909   4.72883150082099814400E+018   1.53789203323588338079E-017
      5910   4.54141501604834918400E+018   1.51366208093128355160E-017
      5911   2.23265158610822988800E+018   9.56500244582287487250E-018
      5912   2.34226494531078860800E+018   1.08965957310428678009E-017
      5913   2.23383233135396096000E+018   9.57312886974000556826E-018
      5914   2.27349201140293836800E+018   1.00077183675314636100E-017
      5915   2.22271625326154291200E+018   9.47534277429504491835E-018
      5916   2.30400188903217664000E+018   1.04107626662184769275E-017
      5917   2.37163050885803008000E+018   1.12236658131202823900E-017
      5918   2.42269897469113036800E+018   1.16813987328352606333E-017
      5919   2.40140236410015232000E+018   1.15077696963315295143E-017
      5920   2.31092626213260697600E+018   1.05013407554346101733E-017
      5921   2.25183117041869619200E+018   9.74940809632132076919E-018
      5922   2.24479860143884160000E+018   9.68101961208160090894E-018
      5923   2.17340273562931251200E+018   9.10293426992552035856E-018
      5924   2.17046208290601728000E+018   9.09793159635878253935E-018
      5925   2.17304582724400588800E+018   9.11296048122849623035E-018
      5926   2.17366844992185420800E+018   9.11747933807628226087E-018
      5927   2.17427928907258214400E+018   9.12097648677702814343E-018
      5928   3.06640312280624640000E+018   1.38725708765016959314E-017
      5929   2.63248042680090368000E+018   1.28114631033649724290E-017
      5930   2.96032999293808793600E+018   1.36831095680438136765E-017
      5931   3.24015010287646259200E+018   1.41169339006832327998E-017
      5932   5.13583471944711987200E+018   1.60899610073471227387E-017
      5933   5.34185486532213452800E+018   1.64817010530539852488E-017
      5934   5.09606081390069043200E+018   1.60171168689123427945E-017
      5935   2.37890223167954278400E+018   1.12927203442993800334E-017
      5936   2.53349820501944934400E+018   1.23874054890393574833E-017
      5937   2.33418159709098598400E+018   1.07971039374725247087E-017
      5938   2.40008340678551756800E+018   1.14928250821393524446E-017
      5939   2.68362942501322240000E+018   1.29955221274109462173E-017
      5940   2.58544576605431603200E+018   1.26287836652254926949E-017
      5941   4.63188960623449907200E+018   1.52423750664143195431E-017
      5942   4.35027036375830067200E+018   1.49678862382016064805E-017
      5943   4.72806698976320921600E+018   1.53675169915024676216E-017
      5944   2.36560568362093414400E+018   1.11584816906176098492E-017
      5945   2.33745439338023116800E+018   1.08369202365693867747E-017
      5946   2.30739136495501107200E+018   1.04571149548368626822E-017
      5947   2.48046584748700620800E+018   1.20868378982239803883E-017
      5948   2.57026498769961779200E+018   1.25573546241856859190E-017
      5949   2.49999012630451456000E+018   1.22016078775925817827E-017
      5950   2.60814451991771392000E+018   1.27223858510188433733E-017
      5951   4.08544106199231027200E+018   1.47862997298710901981E-017
      5952   2.95549029727925401600E+018   1.36797612554643742461E-017
      5953   3.21350890622047692800E+018   1.40939732890348900943E-017
      5954   3.83121742301767936000E+018   1.46190039529916678705E-017
      5955   3.14740510730519296000E+018   1.40070361750107304939E-017
      5956   3.63904443342825728000E+018   1.45346647151546872783E-017
      5957   3.82481448820990924800E+018   1.46506868284371255237E-017
      5958   4.01121919096003174400E+018   1.47098226642013919360E-017
      5959   4.51225974331571763200E+018   1.51096939879592451061E-017
      5960   2.17366844988916224000E+018   9.11747933793915296734E-018
      5961   2.17366844891189350400E+018   9.11747933384006068124E-018
      5962   2.17366844463039513600E+018   9.11747931588120152111E-018
      5963   2.17366844990712473600E+018   9.11747933801449688751E-018
      5964   2.17366833647591116800E+018   9.11747756828793726377E-018
      5965   2.17355674846218035200E+018   9.11686275625341179451E-018
      5966   2.17119584304459750400E+018   9.10203857664834045073E-018
      5967   2.17366844992105984000E+018   9.11747933807294809095E-018
      5968   2.17366844992225331200E+018   9.11747933807795550881E-018
      5969   2.17344671352052326400E+018   9.11618819755131702546E-018
      5970   2.16819149358551884800E+018   9.08123096745039664632E-018
      5971   2.17366798045380352000E+018   9.11747282765406084364E-018
      5972   2.17366742327212134400E+018   9.11746543748183043156E-018
      5973   2.17339988839132057600E+018   9.11580251889723847462E-018
      5974   2.17052380223248051200E+018   9.09737484718008328187E-018
      5975   2.25248156922737433600E+018   1.01288291403539358903E-017
      5976   2.25980280446255232000E+018   1.02067154790870577310E-017
      5977   2.22710384949903155200E+018   1.04258688605479924357E-017
      5978   2.25869105926675609600E+018   1.01933857120010235927E-017
      5979   2.26015781805803801600E+018   1.02138795662243283497E-017
      5980   2.25932697188143513600E+018   1.02021370209250203181E-017
      5981   2.26431129979256396800E+018   1.02531243044383795984E-017
      5982   2.26299731665692825600E+018   1.02469397275561777069E-017
      5983   2.26214887285200998400E+018   1.02366429954931811225E-017
      5984   2.26172833671294003200E+018   1.02486836176226672988E-017
      5985   2.26086795614704051200E+018   1.02320205060016051836E-017
      5986   2.26583668269779660800E+018   1.02915830313700035857E-017
      5987   2.26648030005766553600E+018   1.02799362633633283043E-017
      5988   2.26442499804074624000E+018   1.02667992816540567850E-017
      5989   2.26140905983615155200E+018   1.02347809105956053172E-017
      5990   2.28207671841826304000E+018   1.04328444575015234115E-017
      5991   2.27556497869328870400E+018   1.03665775111899975141E-017
      5992   2.27863634805862886400E+018   1.03964552429521294711E-017
      5993   2.27531036137485900800E+018   1.03632045882884595013E-017
      5994   2.28122287839354572800E+018   1.04299503731370665741E-017
      5995   2.27715036967973529600E+018   1.03870592532927310783E-017
      5996   2.17366844826735744000E+018   9.11747933113647412167E-018
      5997   2.17366844992556851200E+018   9.11747933809185918226E-018
      5998   2.17366844993042150400E+018   9.11747933811221703215E-018
      5999   2.17366844992304998400E+018   9.11747933808129584170E-018
      6000   2.17366844992214067200E+018   9.11747933807748250041E-018
      6001   2.17366844991335910400E+018   9.11747933804064639392E-018
      6002   2.17366844992497177600E+018   9.11747933808935547333E-018
      6003   2.24263020805047219200E+018   9.64642827198079583367E-018
      6004   2.19401396323262771200E+018   9.24754332666661377797E-018
      6005   2.21878968541707340800E+018   9.42842322056376129644E-018
      6006   2.22890150869178086400E+018   9.51539949037867693042E-018
      6007   2.17366744035284633600E+018   9.11746470218301065696E-018
      6008   2.17366520654687641600E+018   9.11743761595870265659E-018
      6009   2.17038517380327859200E+018   9.09677232627616662927E-018
      6010   2.17362909026504012800E+018   9.11710070379574022644E-018
      6011   2.17186849819939020800E+018   9.10661514699715241455E-018
      6012   2.17877168036646988800E+018   9.14774481850833909549E-018
      6013   2.17364385432854374400E+018   9.11730868438992388169E-018
      6014   2.17141250738927027200E+018   9.10325097372262952955E-018
      6015   2.26111671968634240000E+018   9.84770323851901771031E-018
      6016   2.17873520879561548800E+018   9.14786682748423011652E-018
      6017   2.21657116351687987200E+018   9.41054479336359174034E-018
      6018   2.26043751094837248000E+018   9.83973570820898189212E-018
      6019   2.28821854070444467200E+018   1.01826851398641388417E-017
      6020   2.17366844987296972800E+018   9.11747933786997972672E-018
      6021   2.17366844985219481600E+018   9.11747933778444224454E-018
      6022   2.17366844395045811200E+018   9.11747931302937844484E-018
      6023   2.17366844981802547200E+018   9.11747933763849989558E-018
      6024   2.17366848398083993600E+018   9.11747948093749613402E-018
      6025   2.24730567819625651200E+018   9.71512723703796704972E-018
      6026   2.20361154182617062400E+018   9.31456408032141712767E-018
      6027   2.18728609670495001600E+018   9.20178838987473418786E-018
      6028   2.21544757061871948800E+018   9.40904867707769046230E-018
      6029   2.24368454284318771200E+018   9.67625150327717440293E-018
      6030   2.26135883678009395200E+018   9.87550875773160523530E-018
      6031   2.20897866197369932800E+018   1.03875570553793185093E-017
      6032   2.23654364390712371200E+018   1.04789836715950754319E-017
      6033   2.23248463434501171200E+018   1.04797350114367155423E-017
      6034   2.24349994602355916800E+018   1.05220397960196848222E-017
      6035   2.26055507671465292800E+018   1.05595951065245085012E-017
      6036   2.33198912984446310400E+018   1.08095404116447116930E-017
      6037   2.28978873161984409600E+018   1.06582152231460638162E-017
      6038   2.39407055712024678400E+018   1.14389275114244435841E-017
      6039   2.41390621796357427200E+018   1.16124440264147300994E-017
      6040   2.40357582988803379200E+018   1.15240863498545106156E-017
      6041   2.42512263766178816000E+018   1.17022493485673814940E-017
      6042   2.42681068270156851200E+018   1.17156946559532992731E-017
      6043   2.43165731825771110400E+018   1.17536189649836311116E-017
      6044   3.08027731126622310400E+018   1.38836868727813460227E-017
      6045   3.33294998104344166400E+018   1.42214124260152329907E-017
      6046   2.73374727173707673600E+018   1.31371660856983259598E-017
      6047   2.69226622489535948800E+018   1.30111207448963645421E-017
      6048   2.17366844992295526400E+018   9.11747933808089832976E-018
      6049   2.17366844808130944000E+018   9.11747933035609193044E-018
      6050   2.16601383265757696000E+018   9.07880585869409159901E-018
      6051   2.18920766542675686400E+018   9.21094882580828472404E-018
      6052   2.21817177162891904000E+018   9.43400201253079337631E-018
      6053   2.31047818429385728000E+018   1.08936629343684355435E-017
      6054   2.30854534667588608000E+018   1.08847346348349112800E-017
      6055   2.30646825937131776000E+018   1.08088718753306929447E-017
      6056   2.30979707507730073600E+018   1.08804923133782171163E-017
      6057   2.31031379440592742400E+018   1.08891951796660000532E-017
      6058   2.30594401637176217600E+018   1.07414218919620945144E-017
      6059   2.30569200759310848000E+018   1.07528384459732500360E-017
      6060   2.30562308086350566400E+018   1.07404030827511996021E-017
      6061   2.49135380915801600000E+018   1.21407679086674327223E-017
      6062   2.45474341534964480000E+018   1.19134681356770291367E-017
      6063   2.50448570603243878400E+018   1.22190437640598887732E-017
      6064   2.30937355903233484800E+018   1.04916474476025502077E-017
      6065   2.29455297115577548800E+018   1.02866127306215362981E-017
      6066   2.29705526281443865600E+018   1.03279466218401445645E-017
      6067   2.17366844992033740800E+018   9.11747933806991744759E-018
      6068   2.17366844990871296000E+018   9.11747933802116060512E-018
      6069   2.17312501917776204800E+018   9.11589979739611200201E-018
      6070   2.17125709056073856000E+018   9.10851643650410747660E-018
      6071   2.17187980241904614400E+018   9.11088978693219940343E-018
      6072   2.17063221114726732800E+018   9.11156600916182877445E-018
      6073   2.16742548767550489600E+018   9.10087810751104611519E-018
      6074   2.16432416792387072000E+018   9.10434333868039900943E-018
      6075   2.18706194847478860800E+018   9.32140549512401989179E-018
      6076   2.27707457161707622400E+018   1.00591492221457283012E-017
      6077   2.28805302654712550400E+018   1.02053199203359125328E-017
      6078   2.28765954538726092800E+018   1.02025934189889716735E-017
      6079   2.26717432874931993600E+018   9.96306398960970003028E-018
      6080   2.25450290156551372800E+018   9.84977215835174224451E-018
      6081   2.21686605006327552000E+018   9.57656797368736324690E-018
      6082   2.22052800874444032000E+018   9.62286231812139339101E-018
      6083   2.22881710116304409600E+018   9.68486684447113821645E-018
      6084   2.22856167022691686400E+018   9.69741226458795896443E-018
      6085   2.22646870794344601600E+018   9.67482164093811257302E-018
      6086   2.23326926262870246400E+018   9.77283227692483126690E-018
      6087   2.23274184581927680000E+018   9.75428590225911971593E-018
      6088   2.23605607534881536000E+018   9.80606016821465489772E-018
      6089   2.22469114431826662400E+018   9.68611706124276551956E-018
      6090   2.18327638384534963200E+018   9.26778058539960907755E-018
      6091   2.17210786185381504000E+018   9.21754255225990154200E-018
      6092   2.18716331531079040000E+018   9.28702594603773518243E-018
      6093   2.18334339244147558400E+018   9.26032685413522813437E-018
      6094   2.17485518000574848000E+018   9.21471273911484608690E-018
      6095   2.16973859860134246400E+018   9.18826898403700089233E-018
      6096   2.16863197936718105600E+018   9.18427598234435375124E-018
      6097   2.21408774841455283200E+018   9.53861753945314114433E-018
      6098   2.21096800116280652800E+018   9.52178725703116204647E-018
      6099   2.19505741142139801600E+018   9.34320166274926140054E-018
      6100   2.20786362841193369600E+018   9.46916723074797117962E-018
      6101   2.19908081001832448000E+018   9.40650848230500371280E-018
      6102   2.20447359356074470400E+018   9.45281180221852544180E-018
      6103   2.19275612519724569600E+018   9.35110324887743997808E-018
      6104   2.19182889036055168000E+018   9.33401658145634593204E-018
      6105   2.17549652742278041600E+018   9.23090871876499149517E-018
      6106   2.17636288607615641600E+018   9.24206283301008777805E-018
      6107   2.17610003072864435200E+018   9.23837272985712463311E-018
      6108   2.17667367565520512000E+018   9.24504306579460976217E-018
      6109   2.17514121228592102400E+018   9.23092116263656362874E-018
      6110   2.17517842157907097600E+018   9.22834456047743223303E-018
      6111   2.18023570391179443200E+018   9.25828391588392305458E-018
      6112   2.17885973115842355200E+018   9.25374933041182738759E-018
      6113   2.17548045605576192000E+018   9.20565399366892552689E-018
      6114   2.17696724437674086400E+018   9.21979024680856901937E-018
      6115   2.17587506613935411200E+018   9.21118900104469058279E-018
      6116   2.17626783968441036800E+018   9.21289075341181802022E-018
      6117   2.17365865870808908800E+018   9.26273254036840948313E-018
      6118   2.17129803424246630400E+018   9.24835166337225744423E-018
      6119   2.17220099122844672000E+018   9.25149890111479037903E-018
      6120   2.18491494767141094400E+018   9.32189085212643579982E-018
      6121   2.26255394794241740800E+018   9.36302846951954488727E-018
      6122   2.17718750735017625600E+018   9.24414785862142212728E-018
      6123   2.17759367770725836800E+018   9.24821441107853995862E-018
      6124   2.16816182533467059200E+018   9.17229072233529786073E-018
      6125   2.16894472600085964800E+018   9.17995101617355880541E-018
      6126   2.16919873607561318400E+018   9.18800060360675229834E-018
      6127   2.16809315637323084800E+018   9.09801275064379676426E-018
      6128   2.16880350096474470400E+018   9.13540122799343824142E-018
      6129   2.17063210071216742400E+018   9.10376504494576086703E-018
      6130   2.18275668093298585600E+018   9.24164933091185107364E-018
      6131   2.17986679628569804800E+018   9.24543509695589093615E-018
      6132   2.16602763683494860800E+018   9.10733846687512945847E-018
      6133   2.16790201682345164800E+018   9.09936782909208437305E-018
      6134   2.16480879295151436800E+018   9.10623609848251964923E-018
      6135   2.17265229580780262400E+018   9.17939977522476920500E-018
      6136   2.17028972452273868800E+018   9.15662307097741386450E-018
      6137   2.17270693824516198400E+018   9.11504218886152129212E-018
      6138   2.17426162679503564800E+018   9.11874656845498150784E-018
      6139   1.99746333222409190400E+018   8.66341695021659588970E-018
      6140   2.01886857264295424000E+018   8.74199383613689295883E-018
      6141   2.02575198718398848000E+018   8.76504247919872941843E-018
      6142   2.10204714833326028800E+018   9.01410541621021919177E-018
      6143   2.30962496282202521600E+018   9.65591092028247512446E-018
      6144   2.33154288065633587200E+018   9.72682164389171506940E-018
      6145   2.20710643845443225600E+018   9.45044148350441691807E-018
      6146   2.19758248521329996800E+018   9.38313097897747554216E-018
      6147   2.19842229507675417600E+018   9.39251570341239204633E-018
      6148   2.20469706494071475200E+018   9.43585184573133775438E-018
      6149   2.21948653348982835200E+018   9.59476693646067290266E-018
      6150   2.19773900397274496000E+018   9.39049508901271680349E-018
      6151   2.20006360393648153600E+018   9.39288590367903982178E-018
      6152   2.27002911396166220800E+018   9.60388172320989485176E-018
      6153   2.21719321420693580800E+018   9.52948056147656927943E-018
      6154   2.20614710175230873600E+018   9.43449658788265733699E-018
      6155   2.21406363019212774400E+018   9.49437628637302872146E-018
      6156   2.25742625756906112000E+018   9.86476242810687241037E-018
      6157   2.26911611501289011200E+018   9.98791695830750708962E-018
      6158   2.18096088856554342400E+018   9.25778488605325286352E-018
      6159   2.17865920667661593600E+018   9.24350968518954808107E-018
      6160   2.18154056339892300800E+018   9.26582296992357170704E-018
      6161   2.18561097696309836800E+018   9.30280635630481706518E-018
      6162   2.18207528334033382400E+018   9.27493665168378468429E-018
      6163   2.18469154291039436800E+018   9.28701068380788988006E-018
      6164   2.19098501865979084800E+018   9.33006004013714928367E-018
      6165   2.23922633949026636800E+018   9.61299267085901002750E-018
      6166   2.16457857538266291200E+018   9.32704747538184252977E-018
      6167   2.12188041539331507200E+018   9.18830274424807200287E-018
      6168   2.29178742542511744000E+018   1.02725388701493019290E-017
      6169   2.25492594748612300800E+018   1.00205100192683679547E-017
      6170   2.26338220860264678400E+018   1.00444721708110616600E-017
      6171   2.28128381581536486400E+018   1.01636382603603172976E-017
      6172   2.26158358619190144000E+018   1.00858586157861708597E-017
      6173   2.28226405885826329600E+018   1.02207839274716388664E-017
      6174   2.23044185594465868800E+018   9.73353482202090161269E-018
      6175   2.22880705662446924800E+018   9.63345378569102659678E-018
      6176   2.22433328234727244800E+018   9.64631361851123593122E-018
      6177   2.25103565002327219200E+018   1.01146720388737808065E-017
      6178   2.25091351006236953600E+018   1.01165962287815456853E-017
      6179   2.35943967711960012800E+018   1.11589910682902790359E-017
      6180   2.34793663208178841600E+018   1.10972205405063756189E-017
      6181   2.34376971484629196800E+018   1.10671078830797291321E-017
      6182   2.45533689994182144000E+018   1.19248213414734963294E-017
      6183   2.43789072199203481600E+018   1.18005765600441448456E-017
      6184   2.45559082359305984000E+018   1.19261684566381122747E-017
      6185   2.46514110642319872000E+018   1.19914120096995605085E-017
      6186   2.43130430085051084800E+018   1.17507968768456353104E-017
      6187   2.43920262222393600000E+018   1.18100024278182402044E-017
      6188   2.37026071563298457600E+018   1.10991447000988368299E-017
      6189   2.32876534771744768000E+018   1.09954404640890782158E-017
      6190   2.25117332572477388800E+018   1.05912220513618595239E-017
      6191   2.31663026157161062400E+018   1.09504144916040083211E-017
      6192   2.37049708809748275200E+018   1.11002452345892404608E-017
      6193   2.38483137975774003200E+018   1.11578862695235932034E-017
      6194   2.38330175415940352000E+018   1.11468001372862459161E-017
      6195   2.40237427673398630400E+018   1.12455976292973346957E-017
      6196   2.40202544392950016000E+018   1.12117064180902835515E-017
      6197   2.33286407883520614400E+018   1.08827206810078770551E-017
      6198   2.33876083589190707200E+018   1.09151863062658396241E-017
      6199   2.33292191005314764800E+018   1.08938995281859875412E-017
      6200   2.38584248345101977600E+018   1.10925295786719105017E-017
      6201   2.39768006190263552000E+018   1.11507073435786220286E-017
      6202   2.23229370020910284800E+018   1.06403513917172549495E-017
      6203   2.18118567326153267200E+018   1.04493487639160494974E-017
      6204   2.27874581087488204800E+018   1.06996733581216128286E-017
      6205   2.37010210326587852800E+018   1.11448192634884611104E-017
      6206   2.30748233730881638400E+018   1.09441417115633912475E-017
      6207   2.33370752765088972800E+018   1.10554662176131515824E-017
      6208   2.34399505934192793600E+018   1.11035892993143200725E-017
      6209   2.24187341024195302400E+018   1.07080887935667229650E-017
      6210   2.44303247976579891200E+018   1.13525337464453653737E-017
      6211   2.23309212894299417600E+018   1.07067668760214443930E-017
      6212   2.42377907879187251200E+018   1.12824225680258685806E-017
      6213   2.22218860294865356800E+018   1.06665062093199513631E-017
      6214   2.32732776260986470400E+018   1.10136115189705727472E-017
      6215   2.33404566901785036800E+018   1.10073847068532510590E-017
      6216   2.32653785166084812800E+018   1.10098540333203502435E-017
      6217   2.33376112740122777600E+018   1.10466731019367656543E-017
      6218   2.30277438339537075200E+018   1.07354333483284999113E-017
      6219   2.31656732131472588800E+018   1.08262329414385897406E-017
      6220   2.30319056623199436800E+018   1.07379909857771559921E-017
      6221   2.30024748449943756800E+018   1.07022854190885004421E-017
      6222   2.32327267189859891200E+018   1.08782944559224482565E-017
      6223   2.31489487441091020800E+018   1.08265626937978666607E-017
      6224   3.52791954826836838400E+018   1.44087175677549451378E-017
      6225   3.63268370019708364800E+018   1.44914399127387538052E-017
      6226   3.20425043145739827200E+018   1.40523354152989545373E-017
      6227   3.24518851046705305600E+018   1.41087824595610456400E-017
      6228   4.77286285446339072000E+018   1.54492923126104381203E-017
      6229   4.76387085921354342400E+018   1.54375511459064768154E-017
      6230   4.44074600262198681600E+018   1.50428144421455124794E-017
      6231   4.41571070914785792000E+018   1.50153561119246092033E-017
      6232   4.09984095453424435200E+018   1.47777425799760709639E-017
      6233   3.77416253168010342400E+018   1.45681443489243722871E-017
      6234   3.36678605581732403200E+018   1.42580726142075640230E-017
      6235   4.06025094789033625600E+018   1.47324669274054942047E-017
      6236   2.26851865575134873600E+018   1.03946095188836376893E-017
      6237   2.24680589326113433600E+018   1.03362741740490961343E-017
      6238   2.25824827748178124800E+018   1.03903710531946504685E-017
      6239   2.28909896406648883200E+018   1.04629223103620636771E-017
      6240   2.25504264200334771200E+018   1.03612369347481627025E-017
      6241   2.17366844994862208000E+018   9.11747933818856089514E-018
      6242   2.17366844824681139200E+018   9.11747933105029260852E-018
      6243   2.17366844993005363200E+018   9.11747933811067012521E-018
      6244   3.93222719711551385600E+018   1.46424018561212963181E-017
      6245   3.64128945333195212800E+018   1.44609679803144604389E-017
      6246   3.52265434242767155200E+018   1.43730042010919970108E-017
      6247   2.33211615006206412800E+018   1.09623037374004491268E-017
      6248   2.32496901665386803200E+018   1.09509595795892632027E-017
      6249   2.32152156319136512000E+018   1.09222761780833866440E-017
      6250   2.32475759862750156800E+018   1.09466991003878405135E-017
      6251   2.31876059658044262400E+018   1.09125843086706488948E-017
      6252   2.31690904564082022400E+018   1.09041608168854157470E-017
      6253   2.38060486803214336000E+018   1.12986847518500105043E-017
      6254   2.37875855509710336000E+018   1.12968718944255680681E-017
      6255   2.34787351366131814400E+018   1.10747294061025308070E-017
      6256   2.35862808937009254400E+018   1.11419737440966917468E-017
      6257   2.32731670777816473600E+018   1.09720376329201420888E-017
      6258   2.33998031561861836800E+018   1.10437367419156958510E-017
      6259   2.34840057949518899200E+018   1.10757979789879258157E-017
      6260   2.34147649248309606400E+018   1.10288923834985329418E-017
      6261   2.32963370760517683200E+018   1.09852027570557049341E-017
      6262   2.32427160617656473600E+018   1.09584898411163903576E-017
      6263   2.29241805269919667200E+018   1.04111067773462293923E-017
      6264   2.27560240038547123200E+018   1.03570771501554861579E-017
      6265   2.32364993527040000000E+018   1.06487760957177561156E-017
      6266   2.30001992781308979200E+018   1.03369501796749683161E-017
      6267   2.31976955138825523200E+018   1.05986688423487814143E-017
      6268   2.29010710063042022400E+018   1.02063528850502300172E-017
      6269   2.16834214866419174400E+018   9.09748994686515187421E-018
      6270   2.16734104706288691200E+018   9.10595181133929638413E-018
      6271   2.17283211954188620800E+018   9.12356290734253593913E-018
      6272   2.16904056338763443200E+018   9.09846227021130058060E-018
      6273   2.17366844992222643200E+018   9.11747933807783995301E-018
      6274   2.17366844992305024000E+018   9.11747933808129738245E-018
      6275   2.35917225028595200000E+018   1.10859264956031903795E-017
      6276   2.41312912052459264000E+018   1.16061341646242613173E-017
      6277   2.67240408581084313600E+018   1.29659535606018668445E-017
      6278   2.17252514660340940800E+018   9.11028457662695835498E-018
      6279   2.16257902132535833600E+018   9.04570675986666748961E-018
      6280   2.19374938883046476800E+018   9.24556109660252296851E-018
      6281   2.17103748660678246400E+018   9.10101885174852374943E-018
      6282   3.12649405602553497600E+018   1.39818469010660549523E-017
      6283   2.56689818972370944000E+018   1.25490005855601670948E-017
      6284   2.89416472417840896000E+018   1.35628126671728831774E-017
      6285   2.63513163389953280000E+018   1.28319992059536832236E-017
      6286   2.73302729189397657600E+018   1.31572586684097511107E-017
      6287   3.05018421801315328000E+018   1.38618642078261504590E-017
      6288   3.31173327247442432000E+018   1.42363838116976363001E-017
      6289   4.08316329217814835200E+018   1.47851463116123148405E-017
      6290   3.95659390667460096000E+018   1.47144739182165067206E-017
      6291   3.93390882800902604800E+018   1.47021393733696529076E-017
      6292   3.83082959441002598400E+018   1.46260373157249136520E-017
      6293   3.62541123869894758400E+018   1.45254648974024905522E-017
      6294   3.26895643024470118400E+018   1.41840304076248339679E-017
      6295   3.43225044888822220800E+018   1.43527753364509643767E-017
      6296   3.18206899382459545600E+018   1.40677963271181229237E-017
      6297   2.36128059025975193600E+018   1.11593779329907643667E-017
      6298   2.36117788249090201600E+018   1.11537052899716101422E-017
      6299   2.37037112710608947200E+018   1.12174247039029530286E-017
      6300   2.37176729600075929600E+018   1.12205486041416402774E-017
      6301   2.35101236191043686400E+018   1.11014640353325049268E-017
      6302   2.35244811499100620800E+018   1.11030006077756551329E-017
      6303   2.24419064950959206400E+018   1.01452209656167281355E-017
      6304   2.25034630951050496000E+018   1.01475840040335274127E-017
      6305   2.25504717518661888000E+018   1.02042926072710364250E-017
      6306   2.24862336665135513600E+018   1.01532979494983119349E-017
      6307   2.25187416108085376000E+018   1.01908531838239519546E-017
      6308   2.29189166059599923200E+018   1.03408610381135596107E-017
      6309   2.29705812300464102400E+018   1.03850039373049245968E-017
      6310   2.31269880186019942400E+018   1.04375004782232303505E-017
      6311   2.56412811019869184000E+018   1.12585437467070022727E-017
      6312   2.22447920363889305600E+018   1.00801913675595601232E-017
      6313   2.23489525308255590400E+018   1.01194564674979165252E-017
      6314   2.18983557105713817600E+018   9.94569287593912540990E-018
      6315   2.19441004000024345600E+018   9.93649044244595353619E-018
      6316   2.17571263582013286400E+018   9.87341891349302485837E-018
      6317   2.28182445780228659200E+018   1.02606714356060351103E-017
      6318   2.25868482132667596800E+018   1.01799232617239266067E-017
      6319   2.20954502195962419200E+018   1.00097544124864955449E-017
      6320   2.21109409708052198400E+018   1.00143434825562719057E-017
      6321   2.17534903428724275200E+018   9.87320562741197892586E-018
      6322   2.29992853539977497600E+018   1.03226334359160437740E-017
      6323   2.30551859803695564800E+018   1.03427102469171096854E-017
      6324   2.31047404638504908800E+018   1.03586388819934042631E-017
      6325   2.24994461057779123200E+018   1.01490468199567817078E-017
      6326   2.27513707130926387200E+018   1.02360244876394074804E-017
      6327   2.23156689279291468800E+018   1.00849699111851172702E-017
      6328   2.14036582957396172800E+018   9.75332498764358367250E-018
      6329   2.17607531027584844800E+018   9.87411229238779782009E-018
      6330   2.15887528706613145600E+018   9.81552055176620497081E-018
      6331   2.31378287311909734400E+018   1.05233586868783212066E-017
      6332   2.27280087930534400000E+018   9.98800559446026856082E-018
      6333   2.17366844992190848000E+018   9.11747933807650566874E-018
      6334   2.17366844992213580800E+018   9.11747933807746093000E-018
      6335   2.39459421916954726400E+018   1.14467027053251112742E-017
      6336   2.40603085939404288000E+018   1.15469575798700036616E-017
      6337   2.42527601596786944000E+018   1.17031595781218753492E-017
      6338   2.42839608331665152000E+018   1.17269270004442791900E-017
      6339   2.27593037234927001600E+018   1.03955688686513329078E-017
      6340   2.27915390883155097600E+018   1.04542834774157622634E-017
      6341   2.27214754618669132800E+018   1.03783036491137349511E-017
      6342   2.27163730532992844800E+018   1.03984803603149574405E-017
      6343   2.16999720027653836800E+018   9.87551171526310437484E-018
      6344   2.15599039913196211200E+018   9.82662473039763505736E-018
      6345   2.26440667233888614400E+018   1.01127652977014446576E-017
      6346   2.26385569587010688000E+018   1.01158733825892524553E-017
      6347   2.25841890007283430400E+018   1.01272701249788627042E-017
      6348   2.26496945158706867200E+018   1.01267578841074595000E-017
      6349   2.26604435601684864000E+018   1.01270646189418220752E-017
      6350   2.27063254173594982400E+018   1.01834202041525510793E-017
      6351   2.26821576049822515200E+018   1.01486306674925634476E-017
      6352   2.26301910890755942400E+018   1.02262618499003410845E-017
      6353   2.26218087697399603200E+018   1.02026981513341114024E-017
      6354   2.26161577038279680000E+018   1.01978452806848399561E-017
      6355   2.26140705743834291200E+018   1.02111392928894591696E-017
      6356   2.29510586237694720000E+018   1.06876861213557497596E-017
      6357   2.29532855815316096000E+018   1.07058466464089741432E-017
      6358   2.29824930487615641600E+018   1.07333744903854352727E-017
      6359   2.30730276787910502400E+018   1.07999911642874118461E-017
      6360   2.31057170196539289600E+018   1.08186705358647727944E-017
      6361   2.28511849291839948800E+018   1.05885870826688690612E-017
      6362   2.28365182548924595200E+018   1.05675189718542411754E-017
      6363   3.76596468506537625600E+018   1.45939573983517219719E-017
      6364   2.16206437520263987200E+018   9.03993576453819478304E-018
      6365   2.17325663179721164800E+018   9.11490595937606163378E-018
      6366   2.17866642418815488000E+018   9.14121854452971567057E-018
      6367   2.15570955232268083200E+018   8.99828152485766337345E-018
      6368   2.15745383278752204800E+018   8.99788040346661492096E-018
      6369   2.16871196718333926400E+018   9.08836647664164861779E-018
      6370   2.17366844990197785600E+018   9.11747933799290798321E-018
      6371   2.17366844979821209600E+018   9.11747933755765860098E-018
      6372   2.17366844991369497600E+018   9.11747933804205771539E-018
      6373   2.17366844991517491200E+018   9.11747933804826229130E-018
      6374   2.17366844993868800000E+018   9.11747933814688685263E-018
      6375   2.17366844990762316800E+018   9.11747933801659075855E-018
      6376   2.17423445089228288000E+018   9.12071819489467794165E-018
      6377   2.16156871930778931200E+018   9.02791144793316582935E-018
      6378   2.16742404751873459200E+018   9.05813941336839658382E-018
      6379   2.15902350981508454400E+018   9.01972211156844056798E-018
      6380   2.17385227375771238400E+018   9.11827503364454640499E-018
      6381   2.16880755080835814400E+018   9.08548177408718747196E-018
      6382   2.16941586246543820800E+018   9.08648751495121379878E-018
      6383   2.17391052350592307200E+018   9.11852853606355937043E-018
      6384   2.16562993155743001600E+018   9.06633832636225279812E-018
      6385   2.15533221787748582400E+018   8.99897281307161130562E-018
      6386   4.71812302005542707200E+018   1.53771606853771421282E-017
      6387   4.48907233630016870400E+018   1.50750566556327729902E-017
      6388   3.92294354222808729600E+018   1.47022180663868690494E-017
      6389   3.76301083242551040000E+018   1.45876901967795532861E-017
      6390   3.14671308846239744000E+018   1.40023894511709090066E-017
      6391   3.59073925886779238400E+018   1.44866122565802526234E-017
      6392   3.21256081781911603200E+018   1.40918268905416342901E-017
      6393   2.95355473922525644800E+018   1.36780713483342191329E-017
      6394   2.25974256710014796800E+018   1.02125935789650366703E-017
      6395   2.25510932369386265600E+018   1.01649378728477543422E-017
      6396   2.25573909773110144000E+018   1.01676500602506598498E-017
      6397   2.25215162905913600000E+018   1.01194978071000371501E-017
      6398   2.25217676494869171200E+018   1.01211082383907102260E-017
      6399   2.26378362339737036800E+018   1.02475297253234410463E-017
      6400   2.17299712783455001600E+018   9.11354144246965515908E-018
      6401   2.17302133756532812800E+018   9.11364910441330869342E-018
      6402   2.17363227881899033600E+018   9.11715378004291723508E-018
      6403   2.17366844992294169600E+018   9.11747933808084440372E-018
      6404   2.17366844993302809600E+018   9.11747933812314706977E-018
      6405   2.17366844992330572800E+018   9.11747933808236974024E-018
      6406   2.17366844995566515200E+018   9.11747933821810003826E-018
      6407   2.17362649718285977600E+018   9.11715155325086681626E-018
      6408   2.17366844992168857600E+018   9.11747933807558584460E-018
      6409   2.17366844992245120000E+018   9.11747933807878596980E-018
      6410   2.17366844992300262400E+018   9.11747933808109708573E-018
      6411   2.28325990043851136000E+018   1.01179505889859027935E-017
      6412   2.29894045101593216000E+018   1.03238784140824578005E-017
      6413   2.27689371655140710400E+018   1.00367552926911410366E-017
      6414   2.22389109867545702400E+018   9.47144854756872447576E-018
      6415   2.17306583606947276800E+018   9.11424009368551950865E-018
      6416   2.17748054938219443200E+018   9.13952262830644549153E-018
      6417   2.24645723199825868800E+018   9.68583882913511063136E-018
      6418   2.24161626212055859200E+018   9.63682411233051271227E-018
      6419   2.20860019175130240000E+018   9.34854420825565291107E-018
      6420   2.17321976378014515200E+018   9.11476829560181554778E-018
      6421   2.17366844993583846400E+018   9.11747933813493684251E-018
      6422   2.17366844991499878400E+018   9.11747933804752581569E-018
      6423   2.17366844990814336000E+018   9.11747933801877091124E-018
      6424   2.17366844788306995200E+018   9.11747932952732575677E-018
      6425   2.31201669637581926400E+018   1.07556542996750982217E-017
      6426   2.28626803994333286400E+018   1.06575801498927085580E-017
      6427   2.27203923335829785600E+018   1.06152114652444464734E-017
      6428   2.28436561993173196800E+018   1.06635153719509450594E-017
      6429   2.36634542462018048000E+018   1.12014983989871715411E-017
      6430   2.38722074843317708800E+018   1.13754831055046331766E-017
      6431   2.38310054835888435200E+018   1.13080559793111296021E-017
      6432   2.38689490160076646400E+018   1.13719793729532186236E-017
      6433   2.39185453946524672000E+018   1.14184871448459462483E-017
      6434   2.41023984562853734400E+018   1.15819173142593163014E-017
      6435   2.40160684946939443200E+018   1.15068450652375156132E-017
      6436   2.37016750305815296000E+018   1.12129780384806398808E-017
      6437   2.37966570178787174400E+018   1.12740242876615026402E-017
      6438   2.38104257163512473600E+018   1.13102602998285072833E-017
      6439   2.36621805848385638400E+018   1.11970406813437047296E-017
      6440   2.43972042584399001600E+018   1.18139018519551477634E-017
      6441   2.46032561091781734400E+018   1.19583819218509433991E-017
      6442   2.47394041181423104000E+018   1.20484750351436872082E-017
      6443   2.43100056141309081600E+018   1.17479264438922148314E-017
      6444   2.43666077659302604800E+018   1.17912447233181035789E-017
      6445   2.41856996598515404800E+018   1.16504522333067098031E-017
      6446   2.41159262434001817600E+018   1.15929883190835398783E-017
      6447   2.16190568193053875200E+018   9.03774382380723827702E-018
      6448   2.17327599067417113600E+018   9.11545988271276769283E-018
      6449   2.17308798674237721600E+018   9.11379728455396750572E-018
      6450   2.17366844992321126400E+018   9.11747933808197376904E-018
      6451   2.17182196914229529600E+018   9.10583737332756689464E-018
      6452   2.30580123721193830400E+018   1.08518232961382057176E-017
      6453   2.31060639499527424000E+018   1.08614767016141229599E-017
      6454   2.30482628838717670400E+018   1.07819976415795804583E-017
      6455   2.30531337776243865600E+018   1.07940260093917119920E-017
      6456   2.30549447093425536000E+018   1.08028365801560709860E-017
      6457   2.30492145556886067200E+018   1.07953093421795496087E-017
      6458   2.30512850803700608000E+018   1.07805365134826578943E-017
      6459   2.30508875280208204800E+018   1.07759421112328921536E-017
      6460   2.30007072309582003200E+018   1.07355325431045292112E-017
      6461   2.30018698025232128000E+018   1.07331970795591405801E-017
      6462   2.40705165732977664000E+018   1.15567598180695217779E-017
      6463   2.34452088353998080000E+018   1.09336637121480465564E-017
      6464   2.35462177880116019200E+018   1.10480038790778857824E-017
      6465   2.38161463288717363200E+018   1.13271552891776259066E-017
      6466   2.43293082899851212800E+018   1.17601198174176772015E-017
      6467   2.39834194254563788800E+018   1.14809785990185169499E-017
      6468   2.43626083058810470400E+018   1.17848149888182089274E-017
      6469   2.39661807721230284800E+018   1.14664079136219280180E-017
      6470   2.35869311129646284800E+018   1.10940377396587524050E-017
      6471   2.36209154115273932800E+018   1.11301209526697226843E-017
      6472   2.17366844991390745600E+018   9.11747933804294826539E-018
      6473   2.17375064098096768000E+018   9.11690583463051350692E-018
      6474   2.17302520182847692800E+018   9.11579628973979982872E-018
      6475   2.17311821844269542400E+018   9.11646215734775928788E-018
      6476   2.16364979916294630400E+018   9.11391694254330352369E-018
      6477   2.16650468268469376000E+018   9.15426459637395069274E-018
      6478   2.16306486099916134400E+018   9.09131792819002029261E-018
      6479   2.24336215871055692800E+018   9.78295463103475536580E-018
      6480   2.27332150852131148800E+018   1.00536371043271634739E-017
      6481   2.22280835941948032000E+018   9.63623306777890169707E-018
      6482   2.21747448314775526400E+018   9.58277056773309734798E-018
      6483   2.22215386553601433600E+018   9.62703658295231679424E-018
      6484   2.21677349771443302400E+018   9.56537073379777845021E-018
      6485   2.21316162205352166400E+018   9.53002101833265586737E-018
      6486   2.21317700806050406400E+018   9.53934319490716139276E-018
      6487   2.20485541339739750400E+018   9.46633231511257015595E-018
      6488   2.20442039072813952000E+018   9.43420975279551629420E-018
      6489   2.19835793872379699200E+018   9.37335803595430196997E-018
      6490   2.19521017523352755200E+018   9.35129957307016875222E-018
      6491   2.19690572400762700800E+018   9.37659810905683164035E-018
      6492   2.20187271574095257600E+018   9.42836916362969624325E-018
      6493   2.17901195262506086400E+018   9.25671317622787237870E-018
      6494   2.17729879771231590400E+018   9.24623616624523155074E-018
      6495   2.17623541280119910400E+018   9.22192570554534718100E-018
      6496   2.17764908357657216000E+018   9.24509132035863842621E-018
      6497   2.17545215253331788800E+018   9.22197969595923871363E-018
      6498   2.17414111297538790400E+018   9.20286274188932183431E-018
      6499   2.17483153600319436800E+018   9.21226259445467234555E-018
      6500   2.18041953955488256000E+018   9.28069352855431146248E-018
      6501   2.19471910085918336000E+018   9.36848809101527563919E-018
      6502   2.19560270204728448000E+018   9.38106424171527437319E-018
      6503   2.20117061277789644800E+018   9.42287142853877173675E-018
      6504   2.18463370441444684800E+018   9.28139004105540688538E-018
      6505   2.17364816682401408000E+018   9.25814699879119107100E-018
      6506   2.18713184315887641600E+018   9.33576757171696625846E-018
      6507   2.19080561458732953600E+018   9.35973863704633375973E-018
      6508   2.17366844946768128000E+018   9.11747933827993317468E-018
      6509   2.17366844995918899200E+018   9.11747934150419720582E-018
      6510   2.17366844900133376000E+018   9.11747933472003656175E-018
      6511   2.17213094013728332800E+018   9.16808455829782124478E-018
      6512   2.16747576403406080000E+018   9.10538541702210746567E-018
      6513   2.27048111411714355200E+018   9.52839422372845222125E-018
      6514   2.27088448156113971200E+018   9.49710626814341306999E-018
      6515   2.16781868338354124800E+018   9.17770337776878447251E-018
      6516   2.27295112634668160000E+018   9.53685391581439410770E-018
      6517   2.21097738261728025600E+018   9.33821507497602491216E-018
      6518   2.01289603730781184000E+018   8.73002718271194121021E-018
      6519   2.05321042787567667200E+018   8.86340705898436537774E-018
      6520   2.10026073519431705600E+018   9.00949098581933877976E-018
      6521   2.21484749021361331200E+018   9.50178392070414388446E-018
      6522   2.21635156648047308800E+018   9.52426770997316318835E-018
      6523   2.21433652958783488000E+018   9.54394485160397942105E-018
      6524   2.22089950035905536000E+018   9.61907033153770412291E-018
      6525   2.21894729773493273600E+018   9.59944897805565751569E-018
      6526   2.22662240717266176000E+018   9.67091164240781882902E-018
      6527   2.24303769356467020800E+018   9.81852534594253381450E-018
      6528   2.25070125161320832000E+018   9.87361814193587546687E-018
      6529   2.24191711816944153600E+018   9.81251976495704616822E-018
      6530   2.23134554148243276800E+018   9.72383787266075587898E-018
      6531   2.20949847358021043200E+018   9.44668068856200328018E-018
      6532   2.21496233932963123200E+018   9.48086028351075723070E-018
      6533   2.18668305624167244800E+018   9.30763518009585644331E-018
      6534   2.18623743421442201600E+018   9.30244426587160201882E-018
      6535   2.20087913748477900800E+018   9.39936549284413962214E-018
      6536   2.19208379787947545600E+018   9.34580112127028761451E-018
      6537   2.21390485763585459200E+018   9.50165623302829803838E-018
      6538   2.21736469545480115200E+018   9.55249318123238144126E-018
      6539   2.21119321203914112000E+018   9.50756818890091777808E-018
      6540   2.20371313240411136000E+018   9.43307602093540436820E-018
      6541   2.24614575431891302400E+018   9.83818423880243467669E-018
      6542   2.25941980692406374400E+018   9.93348508061560638359E-018
      6543   2.26195824442769024000E+018   9.95727841991142263693E-018
      6544   2.23300240199397017600E+018   9.63016265545812422126E-018
      6545   2.25938150671597568000E+018   9.77754114913030745946E-018
      6546   2.25800436290440934400E+018   9.75142793177546685727E-018
      6547   2.26501767830874598400E+018   9.73028037651766659087E-018
      6548   2.25654578436863513600E+018   9.73508764022920627930E-018
      6549   2.19737754183866444800E+018   9.51815418276672272856E-018
      6550   2.25280412867709798400E+018   1.01114208781169523707E-017
      6551   2.25290804307426483200E+018   1.01136753780631297992E-017
      6552   2.25274962484706841600E+018   1.01115051534619925381E-017
      6553   2.25106631545809817600E+018   1.01119554079753625037E-017
      6554   2.25092973440110259200E+018   1.01151127029392860382E-017
      6555   2.25086093949973708800E+018   1.01171701640699191844E-017
      6556   2.35201109152637542400E+018   1.10734890196465265600E-017
      6557   2.34049265759464499200E+018   1.10615574921556762498E-017
      6558   2.36584704920930918400E+018   1.11583914460372928016E-017
      6559   2.37490442583824947200E+018   1.11444361583577499756E-017
      6560   2.35303361847709593600E+018   1.11355259032580507917E-017
      6561   2.39705369195489280000E+018   1.12339018369775434210E-017
      6562   2.34575186523863961600E+018   1.10976363156094734765E-017
      6563   2.38719007046313011200E+018   1.11924851933986809979E-017
      6564   2.33825709447307622400E+018   1.10493854158960068075E-017
      6565   2.33938877289901721600E+018   1.10806543174110465948E-017
      6566   2.34565984418543769600E+018   1.11157926542250468098E-017
      6567   2.36185905645897625600E+018   1.11468161038211545911E-017
      6568   2.33004186689362739200E+018   1.10196529418348524536E-017
      6569   2.36648869641512652800E+018   1.11065559462596849508E-017
      6570   2.33081944113028147200E+018   1.10012076005205159686E-017
      6571   2.33335574512510259200E+018   1.09321291829796814892E-017
      6572   2.30994046876702976000E+018   1.09043527360224970568E-017
      6573   2.33217633505353830400E+018   1.09689163815123331040E-017
      6574   2.34770608392670617600E+018   1.10241590891758753016E-017
      6575   2.37154176966523289600E+018   1.10591095202437215275E-017
      6576   4.48529899316151244800E+018   1.50477381699978706957E-017
      6577   3.70360803604718592000E+018   1.45114379655616589644E-017
      6578   3.97521336120794163200E+018   1.46793855155955790416E-017
      6579   3.83102762064310886400E+018   1.45903886901387426446E-017
      6580   3.61999567917755443200E+018   1.44491686665902647795E-017
      6581   2.33124295672686028800E+018   1.09870871678872645508E-017
      6582   2.33857826718301184000E+018   1.10365289678213216262E-017
      6583   2.36996292160090060800E+018   1.12275928810108917554E-017
      6584   2.35715298469147187200E+018   1.11409663978908224746E-017
      6585   2.36630578614203340800E+018   1.12032575108828780208E-017
      6586   2.37111823698419456000E+018   1.12335375056429244277E-017
      6587   2.36594262957622988800E+018   1.11931792615836439296E-017
      6588   2.36184665569503795200E+018   1.11680576983967271822E-017
      6589   2.36994416337449625600E+018   1.12241157731580286272E-017
      6590   2.33427810284073830400E+018   1.09909778133249794634E-017
      6591   2.34443211618537676800E+018   1.10478689844823518815E-017
      6592   2.32987067367136921600E+018   1.09678763764728886169E-017
      6593   2.33234186189735270400E+018   1.09787741425882179907E-017
      6594   2.27904878877584870400E+018   1.02782190692697155625E-017
      6595   2.27407244211778073600E+018   1.02801098712053695942E-017
      6596   2.26073100816089600000E+018   1.02018434327279744817E-017
      6597   2.29639268438858342400E+018   1.03849875047811508932E-017
      6598   2.52782338134069452800E+018   1.11229656837561645134E-017
      6599   2.19725897838538240000E+018   9.99006033490415499703E-018
      6600   2.20523326303104486400E+018   1.00207700156371096563E-017
      6601   2.51689170934327040000E+018   1.10859161007614456742E-017
      6602   2.13940590512795929600E+018   9.74866354848168686757E-018
      6603   2.13021569580019558400E+018   9.71689163068518874205E-018
      6604   2.15570327935029939200E+018   9.80499497593859372308E-018
      6605   2.15847265596365209600E+018   9.81336724967083383697E-018
      6606   2.13872825498382617600E+018   9.74499635494084200327E-018
      6607   2.16611470899073433600E+018   9.83765973939710435780E-018
      6608   2.19299720818492620800E+018   9.24087533128642325423E-018
      6609   2.29186922570121523200E+018   1.02333868872339837160E-017
      6610   2.23843047943708953600E+018   9.60871877459849344472E-018
      6611   2.17366844989086387200E+018   9.11747933794629277483E-018
      6612   2.17366844938808217600E+018   9.11747933583713293702E-018
      6613   2.17366844860669465600E+018   9.11747933255975946173E-018
      6614   2.26234205290930688000E+018   1.01619818600825899351E-017
      6615   2.26116463236540800000E+018   1.01583347921915388092E-017
      6616   2.26293960998290278400E+018   1.01783262792398049545E-017
      6617   2.26631117335280128000E+018   1.01970097607085988094E-017
      6618   2.26079008848703027200E+018   1.01437122551903349649E-017
      6619   2.26029645604884889600E+018   1.01430454724174407063E-017
      6620   2.17019472292089369600E+018   9.09587555777963927155E-018
      6621   2.17366844993502822400E+018   9.11747933813153950209E-018
      6622   2.17366844992330700800E+018   9.11747933808237590321E-018
      6623   4.34826433953325977600E+018   1.49640625206501684825E-017
      6624   3.95559962815520102400E+018   1.46919473443065586454E-017
      6625   3.56758092882435942400E+018   1.44549907372147156197E-017
      6626   3.74880627571607705600E+018   1.45900376012546817271E-017
      6627   4.67771827696996044800E+018   1.52965417169427478194E-017
      6628   4.48160112045441843200E+018   1.50835473807402169386E-017
      6629   2.23878278638734643200E+018   1.01950849132867624098E-017
      6630   2.25805991958102604800E+018   1.02071868769004829594E-017
      6631   2.25883941270534937600E+018   1.02178447299905744978E-017
      6632   2.24691235989071078400E+018   1.01831030380315815046E-017
      6633   2.25739169953903872000E+018   1.01948565722486472356E-017
      6634   2.25847976281791718400E+018   1.01933962406450409585E-017
      6635   2.25763258909858176000E+018   1.01823067067911926870E-017
      6636   2.25664807501516211200E+018   1.01767065884170862538E-017
      6637   2.25290018684493107200E+018   1.01335508372250793672E-017
      6638   2.25306459848642355200E+018   1.01374359770049532782E-017
      6639   2.25962069518902630400E+018   1.02121324389041573989E-017
      6640   2.17364464649326848000E+018   9.11727152525286051191E-018
      6641   2.17366844992782080000E+018   9.11747933810130856494E-018
      6642   2.17366844991684736000E+018   9.11747933805528038001E-018
      6643   2.17366844992403686400E+018   9.11747933808543890220E-018
      6644   2.17366844707363328000E+018   9.11747932612938290398E-018
      6645   2.17366844989589606400E+018   9.11747933796739788553E-018
      6646   2.17366844991422873600E+018   9.11747933804429487561E-018
      6647   2.17366844991675724800E+018   9.11747933805490289774E-018
      6648   2.34811298498693324800E+018   1.10903648726482145323E-017
      6649   2.40732248628964864000E+018   1.15565018598741881711E-017
      6650   2.41653764875408640000E+018   1.16340616641299514832E-017
      6651   2.36623117412366592000E+018   1.11862099301667689569E-017
      6652   2.39635503955299020800E+018   1.11835473189649330926E-017
      6653   2.36175925786804428800E+018   1.11325036859857625371E-017
      6654   2.38747665252561152000E+018   1.13775067674425873585E-017
      6655   2.38035357903472998400E+018   1.13071405718590346481E-017
      6656   2.37385687486587443200E+018   1.12610547491654231596E-017
      6657   2.39992947479689318400E+018   1.14919908517105771740E-017
      6658   2.39339676262528409600E+018   1.14245320189053483107E-017
      6659   2.30486954265327334400E+018   1.07967812265049563352E-017
      6660   2.30704152592206643200E+018   1.08207286724288843319E-017
      6661   2.30653591601048012800E+018   1.07839984249331307583E-017
      6662   2.30748827436801638400E+018   1.08040776641596466988E-017
      6663   2.30638859538688000000E+018   1.07803861752384989748E-017
      6664   2.30598866006217420800E+018   1.07675611213629501652E-017
      6665   2.17366844990188288000E+018   9.11747933799251201201E-018
      6666   2.17366844984714496000E+018   9.11747933776291188850E-018
      6667   2.17377789263532902400E+018   9.11785455769435428332E-018
      6668   2.17366844966106854400E+018   9.11747933698241260073E-018
      6669   2.22525201071745024000E+018   9.65325102615397007527E-018
      6670   2.21907212019933516800E+018   9.58530805319397252867E-018
      6671   2.21593858384152780800E+018   9.57716339116778527139E-018
      6672   2.25654126775602764800E+018   9.93459933389640523474E-018
      6673   2.23851877987241676800E+018   9.80989569295418215674E-018
      6674   2.24873984505064422400E+018   9.89907820267490789916E-018
      6675   2.25202038691104256000E+018   9.87699299576017871416E-018
      6676   2.24406661857877478400E+018   9.79953924011537316989E-018
      6677   2.24724088041947801600E+018   9.86002834674567376634E-018
      6678   2.23191459684477209600E+018   9.71650229310079907626E-018
      6679   2.17358751236447616000E+018   9.21556092738737154146E-018
      6680   2.17408558029889843200E+018   9.21470067606784656029E-018
      6681   2.18059848399695001600E+018   9.27879604725738497335E-018
      6682   2.17788852383901491200E+018   9.26134744752152680321E-018
      6683   2.17848601632432665600E+018   9.25316692615858572632E-018
      6684   2.18669967221505587200E+018   9.29997879705442881567E-018
      6685   2.19399376368256998400E+018   9.35817620537341257169E-018
      6686   2.18819240283574886400E+018   9.30529701438763424127E-018
      6687   2.19013610660737459200E+018   9.32772727795248908327E-018
      6688   2.18957276223499827200E+018   9.31638939841045921022E-018
      6689   2.19290214304494028800E+018   9.35193638483394549417E-018
      6690   2.20736528972344576000E+018   9.49068734305103750969E-018
      6691   2.20285376124011366400E+018   9.44572156764005867521E-018
      6692   2.18982136064012236800E+018   9.32730951714528976386E-018
      6693   2.18833629964828467200E+018   9.30438293944290481428E-018
      6694   2.18467155546085606400E+018   9.31222629206719445544E-018
      6695   2.18092077375287961600E+018   9.26906264864646558406E-018
      6696   2.18532242960629939200E+018   9.31216054915573998119E-018
      6697   2.18745033444882534400E+018   9.30865252249000656938E-018
      6698   2.18761581106252492800E+018   9.29723849069470364750E-018
      6699   2.18368406882516070400E+018   9.30008605503446294481E-018
      6700   2.18829352439640550400E+018   9.33485006462138923361E-018
      6701   2.16144273329721241600E+018   9.10154628980083973116E-018
      6702   2.16576957307645286400E+018   9.14832587894174647076E-018
      6703   2.16227984341328051200E+018   9.10557374765012705407E-018
      6704   2.16181664656405785600E+018   9.10971467329353550315E-018
      6705   2.16554801433684838400E+018   9.14073499615126096070E-018
      6706   2.16194932452723302400E+018   9.09544002693575487011E-018
      6707   2.16308115200680601600E+018   9.08815862167241164251E-018
      6708   2.16221702048897100800E+018   9.08764283351302590997E-018
      6709   2.16389355836557312000E+018   9.08728978801467640449E-018
      6710   2.16449550387671705600E+018   9.09765450431286011349E-018
      6711   2.16439587683480985600E+018   9.09910418419381284294E-018
      6712   2.16258479307597798400E+018   9.08711962527746932620E-018
      6713   2.16477683851602534400E+018   9.09306964104137959668E-018
      6714   2.16491070455244851200E+018   9.09036759224347959232E-018
      6715   2.16872769834901427200E+018   9.10765376625860075867E-018
      6716   2.17366844943910348800E+018   9.11747933815767360106E-018
      6717   2.17366844942948710400E+018   9.11747933935531390735E-018
      6718   2.16793842329545113600E+018   9.11390284453533318279E-018
      6719   2.22378323504278169600E+018   9.59432030922843441585E-018
      6720   2.22910777934164428800E+018   9.64898901522143402982E-018
      6721   2.24605691199589324800E+018   9.54607187666496263655E-018
      6722   2.20000216314102476800E+018   9.41707252130200631062E-018
      6723   2.20020140287121715200E+018   9.41046667280979689047E-018
      6724   2.20427142718043187200E+018   9.45145570220964672753E-018
      6725   2.20455859769893862400E+018   9.46275300222665856145E-018
      6726   2.20405990095301606400E+018   9.45310398210688646550E-018
      6727   2.20613060129081216000E+018   9.47464588539956734691E-018
      6728   2.21066969318009318400E+018   9.51833578465604499625E-018
      6729   2.20744136380650214400E+018   9.49854197287972037637E-018
      6730   2.18729281215966899200E+018   9.31464290822776212361E-018
      6731   2.18811407112345011200E+018   9.32698960786581826572E-018
      6732   2.19882650713052492800E+018   9.40245902214896071700E-018
      6733   2.19081930393887795200E+018   9.34205156497915564979E-018
      6734   2.19566502982066278400E+018   9.37938208107069045483E-018
      6735   2.20151292173415449600E+018   9.42719978426767391421E-018
      6736   2.23498599365242112000E+018   9.75069918088846234465E-018
      6737   2.22815168790071756800E+018   9.68674092479922828846E-018
      6738   2.22371252436807014400E+018   9.63004953972069819627E-018
      6739   4.52535601727897344000E+018   1.50881727706166734618E-017
      6740   4.17620305337022771200E+018   1.47994386638467232483E-017
      6741   4.43376476423142144000E+018   1.49906807113439587134E-017
      6742   4.59817875486636390400E+018   1.51793936393867919517E-017
      6743   4.11925277713597030400E+018   1.47677063352474102015E-017
      6744   4.30328498385776537600E+018   1.48718048025121116651E-017
      6745   2.35847299818444236800E+018   1.11417850558966021124E-017
      6746   2.34699576332897177600E+018   1.10655631088299426204E-017
      6747   2.35494820500579072000E+018   1.11188444597451571182E-017
      6748   2.35394879139270604800E+018   1.11157984901100298095E-017
      6749   2.34503160747402291200E+018   1.10629614994514919811E-017
      6750   2.28344891374387020800E+018   1.03178736536173086624E-017
      6751   2.27683762710687334400E+018   1.02657291716046849361E-017
      6752   2.27710788378867097600E+018   1.02727060624230790038E-017
      6753   2.26766248953121382400E+018   1.02541895846133672856E-017
      6754   2.26673864466800793600E+018   1.02504089368353426484E-017
      6755   2.17332192122969779200E+018   9.11510037816708061589E-018
      6756   2.16893089664401945600E+018   9.08740636522297624074E-018
      6757   2.17429852835190297600E+018   9.11927750593128480128E-018
      6758   2.17305690260959769600E+018   9.11343081888617960205E-018
      6759   2.25926459149131136000E+018   9.82866692073450731410E-018
      6760   2.21597247051610496000E+018   9.40719178915644925252E-018
      6761   2.29587074105752448000E+018   1.02870642386975143609E-017
      6762   2.20056741454781542400E+018   9.29245461386894272516E-018
      6763   2.17366844941883340800E+018   9.11747933596697913387E-018
      6764   2.17366844963341875200E+018   9.11747933686579060925E-018
      6765   2.17366844954820147200E+018   9.11747933650792663293E-018
      6766   2.17366844985054131200E+018   9.11747933777740566689E-018
      6767   2.17366844969220531200E+018   9.11747933711450674301E-018
      6768   2.17366844972544640000E+018   9.11747933725064071594E-018
      6769   2.25802627594591641600E+018   1.01983751334638954906E-017
      6770   2.26078695492315673600E+018   1.02212781409591450696E-017
      6771   2.26004168458459315200E+018   1.02117684734191582858E-017
      6772   2.25327755818297011200E+018   1.01381631929643137946E-017
      6773   2.25761939374944768000E+018   1.01934719241908925509E-017
      6774   2.25645494616055654400E+018   1.01776468243127129163E-017
      6775   2.25313491913439692800E+018   1.01342649111139683475E-017
      6776   2.25902285690120140800E+018   1.02042523384556538237E-017
      6777   2.25566077469827020800E+018   1.01768312561166597061E-017
      6778   2.25789427627546905600E+018   1.01894518324896483876E-017
      6779   2.17366844991841484800E+018   9.11747933806185165298E-018
      6780   2.35705297692550604800E+018   1.11337380829459688155E-017
      6781   2.35806059009253222400E+018   1.11343802102211024694E-017
      6782   2.37608378990913484800E+018   1.12614986091687239592E-017
      6783   2.36732603040381849600E+018   1.12004809984929180852E-017
      6784   2.36630302935632537600E+018   1.11970059644991977177E-017
      6785   2.39628465643472281600E+018   1.14590356637076298558E-017
      6786   2.36557998369972480000E+018   1.11963206808348603789E-017
      6787   2.38367577460804864000E+018   1.13377679079876754760E-017
      6788   2.37834261534886400000E+018   1.12904973155202233038E-017
      6789   2.36276269926512384000E+018   1.11861087448581053351E-017
      6790   2.36999891010903347200E+018   1.12268819416235560227E-017
      6791   2.30475407666470067200E+018   1.08456395672436840302E-017
      6792   2.30491403645479449600E+018   1.08142294827267265025E-017
      6793   2.30817896790838169600E+018   1.08270196083945728010E-017
      6794   2.30581024658262528000E+018   1.07580817774010918533E-017
      6795   2.30592099487934054400E+018   1.07692927417409100499E-017
      6796   2.30579282545610470400E+018   1.07550305771970406284E-017
      6797   2.30450063016353664000E+018   1.07837584479672760734E-017
      6798   2.30649833301832396800E+018   1.07722751319360056584E-017
      6799   2.30617018258250035200E+018   1.07841081819398826436E-017
      6800   2.17408713724543462400E+018   9.11861555416516142261E-018
      6801   2.17406638384308480000E+018   9.11884363799882847187E-018
      6802   2.17366844977154585600E+018   9.11747933744580829353E-018
      6803   2.17366844986010112000E+018   9.11747933781725392781E-018
      6804   2.17366844981236684800E+018   9.11747933761703579154E-018
      6805   2.17350588583170406400E+018   9.11706325593837737381E-018
      6806   2.22773610362191667200E+018   9.70908773071140757064E-018
      6807   2.22094167933458227200E+018   9.63435005262852084196E-018
      6808   2.22129658183909964800E+018   9.64805638549925160758E-018
      6809   2.23503368159264819200E+018   9.77210866494477120996E-018
      6810   2.20141517138220723200E+018   9.42390852962762425892E-018
      6811   2.20290311896406041600E+018   9.44327657581164185112E-018
      6812   2.19711687130591488000E+018   9.38787671448823625020E-018
      6813   2.16550069762975795200E+018   9.13496191315253839504E-018
      6814   2.16453000524011904000E+018   9.11329969015933401754E-018
      6815   2.16598016855018009600E+018   9.13785463136895222520E-018
      6816   2.16639764531303705600E+018   9.14868153526116290293E-018
      6817   2.16450101204893542400E+018   9.10566672453364527170E-018
      6818   2.16364741826789478400E+018   9.10965457983774645042E-018
      6819   2.17407027308347929600E+018   9.11785078258714334254E-018
      6820   2.17381985058603443200E+018   9.11759532171884501219E-018
      6821   2.17416339692238233600E+018   9.11781341095108654823E-018
      6822   2.17585546639639910400E+018   9.11963586151919798017E-018
      6823   2.23502462930790246400E+018   9.74331224398329950389E-018
      6824   2.24505346355001932800E+018   9.80984815944750864871E-018
      6825   2.21866604021131929600E+018   9.55052346954970735642E-018
      6826   2.22845256412796851200E+018   9.66740967012691134003E-018
      6827   2.22363146574005120000E+018   9.61760729150203874960E-018
      6828   2.21804859360531942400E+018   9.55689763012791806450E-018
      6829   2.22459868970737100800E+018   9.61078857412925151719E-018
      6830   2.22899872432765542400E+018   9.66569976986461368346E-018
      6831   2.28375105963274112000E+018   1.02997279697611828872E-017
      6832   2.28875763165335040000E+018   1.03316211402733513675E-017
      6833   2.27357746565910784000E+018   1.02606486139942843835E-017
      6834   2.26178982539601664000E+018   1.02244921349135086603E-017
      6835   2.25930630935844224000E+018   1.02074647190410479129E-017
      6836   2.26050744356427059200E+018   1.02189203576772056470E-017
      6837   2.26232988078195942400E+018   1.02310004206261864521E-017
      6838   2.25352963530241792000E+018   1.01434752171995843163E-017
      6839   2.25765666122416947200E+018   1.02000502934112206900E-017
      6840   2.25641664919499622400E+018   1.01856553591282384454E-017
      6841   2.25622913053020620800E+018   1.01806301975235664953E-017
      6842   2.17366844991766809600E+018   9.11747933805872240201E-018
      6843   2.17366844919073100800E+018   9.11747933500958857331E-018
      6844   2.17366844992279475200E+018   9.11747933808025275804E-018
      6845   2.17366844606605875200E+018   9.11747932190300359674E-018
      6846   2.39498977406311270400E+018   1.14493143368600405946E-017
      6847   2.38522625202570188800E+018   1.13247316617892197992E-017
      6848   2.38884263018347878400E+018   1.13904900405949191636E-017
      6849   2.39667510394386380800E+018   1.14626815883874490886E-017
      6850   2.30856220634805657600E+018   1.08485278903358347920E-017
      6851   2.31030370427621734400E+018   1.08717257945340267514E-017
      6852   2.30752910574743808000E+018   1.08506124565597094125E-017
      6853   2.31093198464657868800E+018   1.08734193654745390728E-017
      6854   2.30536561840512000000E+018   1.07985035930691522745E-017
      6855   2.30526747173918028800E+018   1.08159669221706633902E-017
      6856   2.30592906269908326400E+018   1.08322506528203540306E-017
      6857   2.30666866303685017600E+018   1.08312798439045990862E-017
      6858   2.20582235758672896000E+018   9.46085575612583608410E-018
      6859   2.19078450209028121600E+018   9.34728854407118566078E-018
      6860   2.19068204416308787200E+018   9.33061706513428940051E-018
      6861   2.16474759525925376000E+018   9.09282850953714096976E-018
      6862   2.27654620270923673600E+018   1.03074878894009489424E-017
      6863   2.27506328979805516800E+018   1.03003160434412500991E-017
      6864   2.26538341258811136000E+018   1.02574596842464069997E-017
      6865   2.27771440339470284800E+018   1.02956734324664418858E-017
      6866   2.28985938275735833600E+018   1.03557130475508044515E-017
      6867   2.28806641071740288000E+018   1.03355181721790914071E-017
      6868   2.38696567080109824000E+018   1.13769025261490806314E-017
      6869   2.37391118854136627200E+018   1.12576435346300050099E-017
      6870   2.38417854874536448000E+018   1.13312120009942595538E-017
      6871   2.38818049867148544000E+018   1.13804428850213388012E-017
      6872   2.38116377098789068800E+018   1.13210449387779639126E-017
      6873   2.37675911874713804800E+018   1.12585792432928203665E-017
      6874   2.20156442800516531200E+018   9.42843572134444476372E-018
      6875   2.19447428763552768000E+018   9.37015023550609647569E-018
      6876   2.19319859188265216000E+018   9.37864299073460306580E-018
      6877   2.19667049628407116800E+018   9.40437346526866111663E-018
      6878   2.20213226868371353600E+018   9.43955390456041482573E-018
      6879   2.19984050944397798400E+018   9.41901979315962754242E-018
      6880   2.20070373186142284800E+018   9.42354485199125181730E-018
      6881   2.19577428485136460800E+018   9.38839350815771322841E-018
      6882   2.19643596001314688000E+018   9.38768628122713510862E-018
      6883   2.19475857077204684800E+018   9.37355095884595702555E-018
      6884   2.16895826027238784000E+018   9.10364434242819625113E-018
      6885   2.17338485466514432000E+018   9.11591377382283204087E-018
      6886   2.16562272663199769600E+018   9.09501651866919159958E-018
      6887   2.16938147507847347200E+018   9.10222930516006877479E-018
      6888   2.17311243827794176000E+018   9.11669496467911150623E-018
      6889   2.16834795767264640000E+018   9.10225770573347389626E-018
      6890   2.17499363338596659200E+018   9.11877394925347462744E-018
      6891   2.17508278154631116800E+018   9.12061503479700834359E-018
      6892   7.27495883807609036800E+018   1.55302572000991899703E-017
      6893   7.79958558405375078400E+018   1.47013373867948330987E-017
      6894   7.87316292337115238400E+018   1.46251381039750543614E-017
      6895   7.32478023247939379200E+018   1.53856069653068561731E-017
      6896   2.52423840579649587200E+018   1.23413371867956799129E-017
      6897   2.56995537020375244800E+018   1.25620073964156252359E-017
      6898   2.49969568276132966400E+018   1.22023544869549636384E-017
      6899   2.50606131957435545600E+018   1.22421062092603503002E-017
      6900   1.07868965071715368960E+019   1.31090572127504367006E-017
      6901   1.03139663794753003520E+019   1.32917852485409080623E-017
      6902   1.03483279815184896000E+019   1.32735649130700397938E-017
      6903   1.13645554982564147200E+019   1.29052863044320013974E-017
      6904   9.99460438091951104000E+018   1.34254288780706131404E-017
      6905   1.04962501648463790080E+019   1.32270870973277615275E-017
      6906   6.59553678964107366400E+018   1.67777567346776797394E-017
      6907   6.56651642565077811200E+018   1.68080901972592463394E-017
      6908   6.04646834367905792000E+018   1.71275336023497710848E-017
      6909   5.99502386845774336000E+018   1.71220320485958548027E-017
      6910   5.75930301171770368000E+018   1.70090720352327417601E-017
      6911   6.52997368534789324800E+018   1.68446511183390537932E-017
      6912   6.62825905201232896000E+018   1.67390428565306951880E-017
      6913   5.95959152924039782400E+018   1.71171411179044355034E-017
      6914   2.24783789955670886400E+018   9.95382226146500902647E-018
      6915   2.26269956187345484800E+018   1.01031686870824938974E-017
      6916   2.25213616232627123200E+018   9.99230483883124066546E-018
      6917   2.16807963352986035200E+018   9.15200674147028400474E-018
      6918   2.16384877636604697600E+018   9.10273294192348486241E-018
      6919   2.16504954566820352000E+018   9.11735575474887191884E-018
      6920   2.16658050803773721600E+018   9.13688634470493842941E-018
      6921   2.16531846645549286400E+018   9.13701523069148366715E-018
      6922   2.16217310142601344000E+018   9.10712738664760385645E-018
      6923   2.80031457699820800000E+018   1.33022202551449135743E-017
      6924   2.64133306026836224000E+018   1.28304654917905867870E-017
      6925   2.63804911161764352000E+018   1.28170883659071118203E-017
      6926   2.59275347397747916800E+018   1.26473170479833395951E-017
      6927   2.75252170437041612800E+018   1.31770371079865350204E-017
      6928   2.87291843691238553600E+018   1.34743464821202214908E-017
      6929   2.59435303815743027200E+018   1.26507325025479964067E-017
      6930   2.56468528501742643200E+018   1.25262378476555444122E-017
      6931   2.56755591971527116800E+018   1.25404870976454807748E-017
      6932   2.53064437012471244800E+018   1.23657038223846807546E-017
      6933   2.52409441683305216000E+018   1.23296001150854054673E-017
      6934   2.51422734960806860800E+018   1.22795371370672697916E-017
      6935   7.24260231882970316800E+018   1.55847742154212801685E-017
      6936   7.21207436792376422400E+018   1.56316872937085889851E-017
      6937   6.46913561615382425600E+018   1.69150295219597829232E-017
      6938   6.82727095462509465600E+018   1.64354779846002025884E-017
      6939   6.47927387488611737600E+018   1.69061493917674266022E-017
      6940   6.81430478257841049600E+018   1.64580033795222201223E-017
      6941   2.18224302088649907200E+018   9.26805896620834886826E-018
      6942   2.17833901341126758400E+018   9.24423409347411395680E-018
      6943   2.17778612385631334400E+018   9.24118063050084284656E-018
      6944   2.18045769462739763200E+018   9.25829356141316541234E-018
      6945   2.18361737969842432000E+018   9.27612088473071704046E-018
      6946   2.25185290359113804800E+018   1.00943316153183613988E-017
      6947   2.17277442203951052800E+018   1.02740022177484066645E-017
      6948   7.01044176388256972800E+018   1.61135114300647470597E-017
      6949   6.96756063238606745600E+018   1.61867102409316960028E-017
      6950   6.87321345432040448000E+018   1.63554753184774767595E-017
      6951   2.80279811119223091200E+018   1.33356640866527848284E-017
      6952   2.65974576989718579200E+018   1.29131699647945421712E-017
      6953   6.82808384041721036800E+018   1.64385583827543838796E-017
      6954   6.80980879200774451200E+018   1.64687805649912740690E-017
      6955   5.51520882106560921600E+018   1.67659576160551424789E-017
      6956   5.25786918772460953600E+018   1.63126823381260484144E-017
      6957   6.96802274131680460800E+018   1.61745041564234331186E-017
      6958   6.91977479083875020800E+018   1.62599961087673375167E-017
      6959   1.07307493006435594240E+019   1.31322132526745699270E-017
      6960   2.54133180317753088000E+018   1.24187472420172457835E-017
      6961   2.54106098974861721600E+018   1.24172214435285908883E-017
      6962   4.12914755483995238400E+018   1.48188959244082413431E-017
      6963   4.00326269342914713600E+018   1.47542513549128501576E-017
      6964   6.03354420805832806400E+018   1.71520451140490512354E-017
      6965   5.84768071871872102400E+018   1.71091257030118162928E-017
      6966   2.29117913905706905600E+018   1.05213937747663186323E-017
      6967   2.28697424479960601600E+018   1.05027136952761082947E-017
      6968   2.34397564349644800000E+018   1.08946192077676573872E-017
      6969   2.35660753818341171200E+018   1.10550247158647806550E-017
      6970   2.24932779472865484800E+018   1.02068257751250222481E-017
      6971   2.19959379507913164800E+018   9.38912073015990851614E-018
      6972   2.19645764502943283200E+018   9.38621079071804548620E-018
      6973   2.22440551553392896000E+018   9.50490235918242631647E-018
      6974   2.26180624785338112000E+018   9.61894180786823189837E-018
      6975   2.45800646323325132800E+018   1.19413254505977433904E-017
      6976   2.44134479228814694400E+018   1.18256976735510668596E-017
      6977   2.60035782566828800000E+018   1.26982981381682178312E-017
      6978   2.55236009743883520000E+018   1.24784046263754552929E-017
      6979   2.53455558081502720000E+018   1.23940128949885930184E-017
      6980   2.58356404573880012800E+018   1.26190881952114169714E-017
      6981   2.54349918190963712000E+018   1.24378604526849432672E-017
      6982   2.50021522878755072000E+018   1.22056622654047001324E-017
      6983   2.51109642919473408000E+018   1.22703038219662745072E-017
      6984   2.48281378264855603200E+018   1.21039199415518721102E-017
      6985   2.43588930169580646400E+018   1.17856464756523423424E-017
      6986   2.42832279507257190400E+018   1.17276316220599008346E-017
      6987   3.69181152415072972800E+018   1.45463953431997138471E-017
      6988   3.91112093585193011200E+018   1.46720862150310626411E-017
      6989   3.10500502655782348800E+018   1.39280105703515835335E-017
      6990   3.08481191851927552000E+018   1.38960291163378447384E-017
      6991   4.35731578627012300800E+018   1.49659942574113856228E-017
      6992   4.14315413428612454400E+018   1.48217016002687264847E-017
      6993   3.91255303224916019200E+018   1.46557253307634733039E-017
      6994   4.03667716066253824000E+018   1.47360290978559694099E-017
      6995   3.00427757369418598400E+018   1.37531944276245331040E-017
      6996   3.17653849825608345600E+018   1.40262652199964329996E-017
      6997   2.66933845363953510400E+018   1.29406584588308918921E-017
      6998   2.64034318942021478400E+018   1.28383573964864140207E-017
      6999   2.61000254129551564800E+018   1.27270859040021742200E-017
      7000   2.60566786607398604800E+018   1.27048997107074475011E-017
      7001   2.37771933935528755200E+018   1.12808847417967347594E-017
      7002   2.37472595806044006400E+018   1.12399960803042628253E-017
      7003   8.63765391877579980800E+018   1.40657644338851552937E-017
      7004   2.50747101207350476800E+018   1.22424341747643535760E-017
      7005   2.49203185080916531200E+018   1.21549588978539686102E-017
      7006   2.48990346528674560000E+018   1.21412788671598523260E-017
      7007   2.45702523120146432000E+018   1.19343458509406231855E-017
      7008   2.37610441646694656000E+018   1.12806727578837119988E-017
      7009   3.74790211612139520000E+018   1.45949262254891217197E-017
      7010   3.64066461017523916800E+018   1.45339952385400322181E-017
      7011   5.42580763753702195200E+018   1.65929513408990929432E-017
      7012   1.16608748086496870400E+019   1.28116378980037165828E-017
      7013   6.39913531624592588800E+018   1.69950821532033907672E-017
      7014   6.52300868957467443200E+018   1.68602824844699507554E-017
      7015   5.15018914014081536000E+018   1.60914290281565321035E-017
      7016   5.17349707592820224000E+018   1.61429374714142230260E-017
      7017   2.62916115672675020800E+018   1.27950331648934096355E-017
      7018   4.31457493503481907200E+018   1.48881357915867925210E-017
      7019   4.57773748548906240000E+018   1.51563315969878775977E-017
      7020   2.75151630294834483200E+018   1.31857465754540050662E-017
      7021   2.67607385216889036800E+018   1.29591664470817110861E-017
      7022   5.32216645169680179200E+018   1.64310784460056611964E-017
      7023   5.05884056164989030400E+018   1.59526324812242072699E-017
      7024   5.87564854120365772800E+018   1.70751853629693202541E-017
      7025   6.07762211771254988800E+018   1.71266199375042840577E-017
      7026   8.50066068879803289600E+018   1.41493391898403229694E-017
      7027   8.45709010119160012800E+018   1.41730708168839590924E-017
      7028   9.05509712147510272000E+018   1.38369707807981909749E-017
      7029   9.37006307369146368000E+018   1.36906446822129307792E-017
      7030   2.44727802150120448000E+018   1.18656495341835978667E-017
      7031   2.41207469660365926400E+018   1.15971007808272255938E-017
      7032   2.41204121292189286400E+018   1.15974174309904845464E-017
      7033   2.29128032786426086400E+018   1.06086865759515996681E-017
      7034   2.29946824267730867200E+018   1.05970431337250557008E-017
      7035   2.40327574125453107200E+018   1.15206381607915354699E-017
      7036   2.39251060645125939200E+018   1.14228144075101684526E-017
      7037   5.25564518481061068800E+018   1.62973431118403135478E-017
      7038   5.03880122075049164800E+018   1.59323151473274499886E-017
      7039   5.72309563171414835200E+018   1.69890118666627406210E-017
      7040   5.92688371702128537600E+018   1.71231598608863786614E-017
      7041   5.53627176549104332800E+018   1.67591213106116081187E-017
      7042   5.72868549033112883200E+018   1.69869236921493805479E-017
      7043   4.16807510460018585600E+018   1.48401945748767721802E-017
      7044   3.97361508699980185600E+018   1.46647559036219687917E-017
      7045   4.14307613159486054400E+018   1.47876430538300766651E-017
      7046   2.57880709692327577600E+018   1.25854361481418397420E-017
      7047   2.54703948948311654400E+018   1.24442895175234640154E-017
      7048   2.47692284861068953600E+018   1.20612829510925079396E-017
      7049   2.48859019795604992000E+018   1.21317877058182948660E-017
      7050   2.39482001051095808000E+018   1.14372144791405217654E-017
      7051   2.31016538447637913600E+018   1.05555564038457858144E-017
      7052   2.28539040283267072000E+018   1.04820316478814162346E-017
      7053   2.28349490721525427200E+018   1.04598638561788625336E-017
      7054   2.31022589232709836800E+018   1.07078931683161084181E-017
      7055   2.31352425558715699200E+018   1.07228906726483452943E-017
      7056   2.29867184353929395200E+018   1.06347850590352172670E-017
      7057   2.29515928078605030400E+018   1.05999107663024537458E-017
      7058   2.32266970388292812800E+018   1.07613764329393784755E-017
      7059   2.31041470746587955200E+018   1.07016753056051065205E-017
      7060   3.30132831040368384000E+018   1.41623937108690653675E-017
      7061   3.32386763449830246400E+018   1.41882657663594402035E-017
      7062   2.50985495136972339200E+018   1.22522183476632042591E-017
      7063   2.53134414023593932800E+018   1.23632288518659369056E-017
      7064   2.51226998854988390400E+018   1.22663739662251530498E-017
      7065   2.39058663394387507200E+018   1.14090632063817006400E-017
      7066   2.37717830776667648000E+018   1.12807998822378804273E-017
      7067   2.28073419251426892800E+018   1.03203511051505428184E-017
      7068   2.28601210622485555200E+018   1.03146455420276177487E-017
      7069   2.29805915106742809600E+018   1.04055103409995787996E-017
      7070   2.29160600726158796800E+018   1.03930668772903855970E-017
      7071   2.35532724604897740800E+018   1.10403882831226687379E-017
      7072   2.90135372102093158400E+018   1.36001199260662010693E-017
      7073   3.14478933410958336000E+018   1.40313213131811605092E-017
      7074   2.57275208815777280000E+018   1.25841177835968904320E-017
      7075   2.32683062423333734400E+018   1.06909149786567714182E-017
      7076   2.35257267408381132800E+018   1.10038046911721851386E-017
      7077   2.32405217335419699200E+018   1.06796620045725339567E-017
      7078   2.33818510273809920000E+018   1.08556408976821192612E-017
      7079   2.40461208130494822400E+018   1.15358103315728782465E-017
      7080   2.45061737890496716800E+018   1.18861772211778358271E-017
      7081   2.26485530729237504000E+018   1.02053554292974606263E-017
      7082   2.25734052717431654400E+018   1.01151185072662814142E-017
      7083   2.27216669743843123200E+018   1.03528387094614704375E-017
      7084   2.27504008491223040000E+018   1.03374351956398495367E-017
      7085   2.27888665416201395200E+018   1.04594146447794938595E-017
      7086   2.29260831770684620800E+018   1.05289301857499036774E-017
      7087   2.35612957464811776000E+018   1.10606015706726798809E-017
      7088   2.37576348580445081600E+018   1.12677390507390033832E-017
      7089   2.32965837018085068800E+018   1.07464034832743298649E-017
      7090   2.22040902002070809600E+018   1.00762696551844564423E-017
      7091   2.21476848039987942400E+018   1.00469484028868779312E-017
      7092   2.27489715323614796800E+018   1.03879300361048208799E-017
      7093   2.27860958614894515200E+018   1.04434362145643240831E-017
      7094   2.28025702102307481600E+018   1.04431133909125945492E-017
      7095   2.28044271039624371200E+018   1.04502251211770193592E-017
      7096   2.28951267988339942400E+018   1.04195987797430712107E-017
      7097   2.28660176192518195200E+018   1.04214603157102284258E-017
      7098   2.30887177018857011200E+018   1.05519356085043744050E-017
      7099   2.33140371942810112000E+018   1.07710830038358209796E-017
      7100   2.32863451093322444800E+018   1.10114033078628196728E-017
      7101   2.32682293047250944000E+018   1.09891689869732715523E-017
      7102   2.17948372355756057600E+018   9.90418830550840867505E-018
      7103   2.19484318954964019200E+018   9.96642097463072954085E-018
      7104   2.27779164693236531200E+018   1.03149725378155571742E-017
      7105   2.27497758049189580800E+018   1.03196455219115178831E-017
      7106   2.17366847025596313600E+018   9.11747995626832163239E-018
      7107   2.26761306156023219200E+018   1.01703718102474541072E-017
      7108   2.25667186349444736000E+018   1.00918974064617101372E-017
      7109   2.24865533655565004800E+018   9.98934657383712891351E-018
      7110   2.28725301537151462400E+018   1.03149132589972919848E-017
      7111   2.30222007116506265600E+018   1.04271732166689710630E-017
      7112   2.25282747937424384000E+018   9.96063506380126333874E-018
      7113   2.26324884587362585600E+018   1.01919132656077013534E-017
      7114   2.26501171720916556800E+018   1.02061246518344522889E-017
      7115   2.26892963340989516800E+018   1.02196608882001520959E-017
      7116   2.17366844855133286400E+018   9.11747933232761248847E-018
      7117   2.17366844992062233600E+018   9.11747933807111152416E-018
      7118   2.25919528721872460800E+018   1.01082358807514938460E-017
      7119   2.25566655286895360000E+018   1.00909120277880717140E-017
      7120   2.16416099909075712000E+018   9.17230446325550020310E-018
      7121   2.17366844856154188800E+018   9.11747933237053761507E-018
      7122   2.17366844992275507200E+018   9.11747933808005862431E-018
      7123   2.17366844807990476800E+018   9.11747933035020166630E-018
      7124   2.17366844992213632000E+018   9.11747933807746555223E-018
      7125   2.17366844865224934400E+018   9.11747933275090569760E-018
      7126   2.17366844886302054400E+018   9.11747933363498766076E-018
      7127   2.17366844992972748800E+018   9.11747933810930656681E-018
      7128   2.17366844898932070400E+018   9.11747933416475860316E-018
      7129   2.17366844993355929600E+018   9.11747933812537960776E-018
      7130   2.17366844780153804800E+018   9.11747932918258891896E-018
      7131   2.17366844992266060800E+018   9.11747933807966727534E-018
      7132   2.17366844992058291200E+018   9.11747933807094974604E-018
      7133   2.17366844989795481600E+018   9.11747933797603221466E-018
      7134   2.17366844992114534400E+018   9.11747933807331016578E-018
      7135   2.17366844993236736000E+018   9.11747933812037835288E-018
      7136   2.17366844975468851200E+018   9.11747933737510047193E-018
      7137   2.23593665429403724800E+018   9.59619615036414105774E-018
      7138   2.17503667352703897600E+018   9.12444270291270698905E-018
      7139   2.17366844991502848000E+018   9.11747933804764907520E-018
      7140   2.21609044543355033600E+018   9.29843416047220089605E-018
      7141   2.22570534839720934400E+018   9.31398526429651209841E-018
      7142   2.17843588639315840000E+018   9.23602204883553524870E-018
      7143   2.23128166741270502400E+018   9.42356954594899370591E-018
      7144   2.18866823457742489600E+018   9.38674184358434290433E-018
      7145   2.25348510427712460800E+018   1.01265139347984522666E-017
      7146   2.25333943728208614400E+018   1.01261649928449956108E-017
      7147   2.31963771907369369600E+018   1.09347919652607418666E-017
      7148   2.48311879496403865600E+018   1.21043358283063072843E-017
      7149   2.50786961554832947200E+018   1.22524700226888607751E-017
      7150   2.31371659227065907200E+018   1.09847729357402361259E-017
      7151   2.39050487015692595200E+018   1.14065474026484052201E-017
      7152   2.38118789891139123200E+018   1.13170694088630798016E-017
      7153   2.61455084576091084800E+018   1.27482921002563149613E-017
      7154   2.54638342078822348800E+018   1.24468324702437716644E-017
      7155   2.45344623862784358400E+018   1.19103797529907316100E-017
      7156   2.42827896961933721600E+018   1.17274540159148923569E-017
      7157   2.44673277469698150400E+018   1.18640507826032703801E-017
      7158   2.50097220031963033600E+018   1.22141513462277711705E-017
      7159   2.52544035201885081600E+018   1.23451842986560053801E-017
      7160   4.79089596927622758400E+018   1.54794727009888783066E-017
      7161   4.81481244243834982400E+018   1.55063118767958262974E-017
      7162   2.70113159203486720000E+018   1.30449644504817395012E-017
      7163   2.62345146301326438400E+018   1.27803560266217152591E-017
      7164   2.67833808297916160000E+018   1.29909938320203620331E-017
      7165   2.65741143849737523200E+018   1.29224690317738552022E-017
      7166   2.29507240708349388800E+018   1.07746015724138639749E-017
      7167   2.33869417954282649600E+018   1.09772298416653623074E-017
      7168   2.33619224085295308800E+018   1.10027648524587022691E-017
      7169   2.32123579525947084800E+018   1.08776468817930852432E-017
      7170   2.40475185254355660800E+018   1.15355429057301902333E-017
      7171   2.41964229301081548800E+018   1.16592452999311006431E-017
      7172   5.02831180244396441600E+018   1.59023957031218201234E-017
      7173   4.81146139725695078400E+018   1.55297262206707213954E-017
      7174   6.64106999115438387200E+018   1.67226311620176048942E-017
      7175   6.47348477458760908800E+018   1.69128120871652151634E-017
      7176   2.40022902332347340800E+018   1.14957660741510297315E-017
      7177   2.41666085580318976000E+018   1.16350369752254278306E-017
      7178   2.39335264741530368000E+018   1.14310204677889621602E-017
      7179   2.40914548052356915200E+018   1.15713509390064372584E-017
      7180   6.20259824193731379200E+018   1.71156236743119458174E-017
      7181   6.03508278747941171200E+018   1.71220459615233164241E-017
      7182   5.83328736279340544000E+018   1.70601893988304401685E-017
      7183   5.99028381763430400000E+018   1.71102273830539697669E-017
      7184   2.68354331466359603200E+018   1.29832826436778553183E-017
      7185   2.63345561289515622400E+018   1.28142255594302043145E-017
      7186   2.62635345937536768000E+018   1.27860198079668478284E-017
      7187   2.57584967397534412800E+018   1.25744447630535086650E-017
      7188   2.60953837190870784000E+018   1.27206534001144606953E-017
      7189   2.71387863390011801600E+018   1.30748295170893350982E-017
      7190   3.45056277073747916800E+018   1.43217596800381168102E-017
      7191   3.22622586644221184000E+018   1.40836993065900825848E-017
      7192   3.14687553170792294400E+018   1.39764995125760257351E-017
      7193   3.08834408988397004800E+018   1.38873925688327488855E-017
      7194   5.15109036347902976000E+018   1.61331119268927897665E-017
      7195   3.33273373857860812800E+018   1.42239487100047897999E-017
      7196   3.69532839346156748800E+018   1.45223390149432438063E-017
      7197   2.32628647913077094400E+018   1.07054782311578562031E-017
      7198   2.24841027735791257600E+018   9.71841036542071101112E-018
      7199   2.42747293494440038400E+018   1.17171413166470931960E-017
      7200   2.23243366279799884800E+018   1.00999687160754462555E-017
      7201   2.22000601561938355200E+018   1.00527532734384929512E-017
      7202   2.21450983396421913600E+018   1.00511817455495381276E-017
      7203   2.24908822908376371200E+018   1.01612102343613420624E-017
      7204   2.21325790560355148800E+018   1.01025383613427988955E-017
      7205   2.18620188032386355200E+018   1.01075256486687710926E-017
      7206   2.18963101634221158400E+018   1.01284694357894755622E-017
      7207   2.29037365218077747200E+018   1.05296479808343834375E-017
      7208   2.28725131550230220800E+018   1.05156379711484751709E-017
      7209   2.29623532943282073600E+018   1.07122886739529136630E-017
      7210   2.29041369794984857600E+018   1.06517853114399174675E-017
      7211   2.29043231676496435200E+018   1.06489277528340416825E-017
      7212   2.28736478347858304000E+018   1.06057812973473865927E-017
      7213   2.28647782377162828800E+018   1.05630342285427081514E-017
      7214   2.27544784747918899200E+018   1.04896417138231386149E-017
      7215   2.27297090586035968000E+018   1.04985560979822795292E-017
      7216   2.27577888610953856000E+018   1.04939099248755254896E-017
      7217   2.20385654701670502400E+018   1.01321259495589054216E-017
      7218   2.15648907030778777600E+018   9.99724756181405292730E-018
      7219   2.69164386119870873600E+018   1.30378443926780660587E-017
      7220   2.80339127694172467200E+018   1.33622562073844292130E-017
      7221   3.40358549555566080000E+018   1.42832406436881056077E-017
      7222   2.48707248262601881600E+018   1.21194931066830232153E-017
      7223   2.48614080363994982400E+018   1.21117289930258715391E-017
      7224   2.83148028872185241600E+018   1.34410890659106113478E-017
      7225   2.98008995093789696000E+018   1.37619202143034204859E-017
      7226   2.81022173716459468800E+018   1.33212269381940672907E-017
      7227   2.89698809458443008000E+018   1.35202640050566240689E-017
      7228   2.53354762384127283200E+018   1.23755021545534520613E-017
      7229   2.49911812564158566400E+018   1.21905631944500023031E-017
      7230   2.27779053828790604800E+018   1.00566720702769383002E-017
      7231   2.54439703229892915200E+018   1.24397240817737628417E-017
      7232   2.48805440933735014400E+018   1.21424966245402006107E-017
      7233   2.41450554237668812800E+018   1.16161236241682975341E-017
      7234   2.38676034839599360000E+018   1.13672403196089521076E-017
      7235   2.31429988735295488000E+018   1.08675139760654295918E-017
      7236   2.39734341117674444800E+018   1.14701785290024616729E-017
      7237   2.35981219726632140800E+018   1.11574750520743022736E-017
      7238   2.35353578738419558400E+018   1.11115032452431734730E-017
      7239   2.39912636765038336000E+018   1.14860410191395716844E-017
      7240   2.28656617624451788800E+018   1.03049341684580447570E-017
      7241   2.23611735231186969600E+018   1.01436137016732295508E-017
      7242   2.23138784395330176000E+018   1.01038605397669071849E-017
      7243   2.31975015306292889600E+018   1.05330062828493958248E-017
      7244   2.33078108794802995200E+018   1.05260211434893673165E-017
      7245   2.47699555405214156800E+018   1.20711237210819300052E-017
      7246   2.53440643432586496000E+018   1.24003310361374488960E-017
      7247   2.34818061050899763200E+018   1.09583763917716781558E-017
      7248   2.33571077455657164800E+018   1.08083130468911351225E-017
      7249   2.33029583443679846400E+018   1.07403838568573033565E-017
      7250   2.31825833881976422400E+018   1.05853223853957336912E-017
      7251   2.45703160263277312000E+018   1.19402982480808085191E-017
      7252   2.33181518634502195200E+018   1.07550472383205019729E-017
      7253   2.17366844990868352000E+018   9.11747933802103426411E-018
      7254   2.17366844992149555200E+018   9.11747933807477387254E-018
      7255   2.26593159020905523200E+018   1.02683590483022521131E-017
      7256   2.26897587535247513600E+018   1.02829016815781629717E-017
      7257   2.39376210534285158400E+018   1.14394922058915937876E-017
      7258   2.38103248584697139200E+018   1.13196874368855569029E-017
      7259   2.29976780648922214400E+018   1.06242601173875124681E-017
      7260   2.29204940340336972800E+018   1.05921455106113233589E-017
      7261   2.34249699534576947200E+018   1.09220428625960580078E-017
      7262   2.33982276237354342400E+018   1.08996643865069747028E-017
      7263   2.22894604685231718400E+018   1.00996733503661364912E-017
      7264   2.29014257507384704000E+018   1.03537200427200505921E-017
      7265   2.28958030704916992000E+018   1.03456727161910618932E-017
      7266   2.27540679430998937600E+018   1.02856688600743567339E-017
      7267   2.29677039624889548800E+018   1.03153797685439567564E-017
      7268   2.27612868420215552000E+018   1.02173856378575101627E-017
      7269   2.36558619014955468800E+018   1.11498709134536030376E-017
      7270   2.39611710766692659200E+018   1.14544802005361264955E-017
      7271   2.29939217693295232000E+018   1.06095448419428198827E-017
      7272   2.30858284436396748800E+018   1.06659625158780481579E-017
      7273   2.34689637187222886400E+018   1.09241590592354829333E-017
      7274   2.34666519782298214400E+018   1.09556293838355947709E-017
      7275   2.27656506054665702400E+018   1.03840138151740134032E-017
      7276   2.27919165452607590400E+018   1.03734195981452369795E-017
      7277   2.28369944132208051200E+018   1.04904454843884451722E-017
      7278   2.28843524522737203200E+018   1.05538246508335357951E-017
      7279   2.37817528480590284800E+018   1.12907158838023843203E-017
      7280   2.36136661805738752000E+018   1.11219110413494001912E-017
      7281   2.37252573227221606400E+018   1.12339647158874469138E-017
      7282   2.37387749522912307200E+018   1.12299271251493418959E-017
      7283   2.37151845923717376000E+018   1.12201716952732593897E-017
      7284   2.36196668242030694400E+018   1.11156803044657326608E-017
      7285   2.36040199650030336000E+018   1.11145039331326537608E-017
      7286   2.35053470350839091200E+018   1.10492504815325386713E-017
      7287   2.33721430080398182400E+018   1.09502385501553243211E-017
      7288   2.32169069591528755200E+018   1.08736472987423464843E-017
      7289   2.28002246799133696000E+018   1.05228454584494459038E-017
      7290   2.28189013270000307200E+018   1.05377064930881406523E-017
      7291   2.10454613832380390400E+018   9.58812934552689312358E-018
      7292   2.27865646042960768000E+018   1.01933197499227026998E-017
      7293   2.22493450523452416000E+018   1.00025412862161380998E-017
      7294   2.17366845252273254400E+018   9.11747940760318371424E-018
      7295   2.17366844992419737600E+018   9.11747933808610758508E-018
      7296   2.17366844878326220800E+018   9.11747933330044130347E-018
      7297   2.17366844992489907200E+018   9.11747933808905348752E-018
      7298   2.27282786289540044800E+018   1.03390321866767549010E-017
      7299   2.29759779616524288000E+018   1.06897844142284269896E-017
      7300   2.30501594058842803200E+018   1.07578111028347049489E-017
      7301   2.28032277065795123200E+018   1.04757435124445642665E-017
      7302   2.28525018196158336000E+018   1.05190369059590869096E-017
      7303   2.26786298511563545600E+018   1.02969765825540609784E-017
      7304   2.26610278879458969600E+018   1.02804997945697319517E-017
      7305   2.25938105180661529600E+018   1.02286607006488683422E-017
      7306   2.26170964498693939200E+018   1.02487894110945827327E-017
      7307   2.17366844993682329600E+018   9.11747933813906757706E-018
      7308   2.17102779832960076800E+018   9.10102641607990581202E-018
      7309   2.17368365624457011200E+018   9.11763442472160539224E-018
      7310   2.17366844992415180800E+018   9.11747933808591807357E-018
      7311   2.17366844992054579200E+018   9.11747933807079259016E-018
      7312   2.17366844992140902400E+018   9.11747933807441487920E-018
      7313   2.17366844992333465600E+018   9.11747933808249145901E-018
      7314   2.17366844992317465600E+018   9.11747933808181969465E-018
      7315   2.17366844990652288000E+018   9.11747933801197468966E-018
      7316   2.30940360412230144000E+018   1.08964422479739092054E-017
      7317   2.35235169822048153600E+018   1.10349320648304607111E-017
      7318   2.07780772930796288000E+018   1.00664989303110107826E-017
      7319   2.15670411013253324800E+018   1.02861914640694876488E-017
      7320   2.35405498934743500800E+018   1.09372766487641963454E-017
      7321   2.33534251917707571200E+018   1.08659885431280849767E-017
      7322   2.37746726043708928000E+018   1.12930702129140355941E-017
      7323   2.38404889349064499200E+018   1.13279844588627056762E-017
      7324   2.17366844759423283200E+018   9.11747932831304233427E-018
      7325   2.17366844990752716800E+018   9.11747933801618554289E-018
      7326   2.17366844678612352000E+018   9.11747932492342412108E-018
      7327   2.37099287052476160000E+018   1.12466763263268131831E-017
      7328   2.37341009447475763200E+018   1.12475204336106692072E-017
      7329   2.30075481701377408000E+018   1.07902336065918758278E-017
      7330   2.30111331665557785600E+018   1.07977191008632845583E-017
      7331   2.30104125506415872000E+018   1.08077287068332825446E-017
      7332   2.30159720806234214400E+018   1.07947049728435364315E-017
      7333   2.30561294607627392000E+018   1.07841087069131671582E-017
      7334   2.47433693668853913600E+018   1.20393616829443939205E-017
      7335   2.17366844992219904000E+018   9.11747933807772593796E-018
      7336   2.17366844988168422400E+018   9.11747933790778650190E-018
      7337   2.17366844991318016000E+018   9.11747933803989605162E-018
      7338   2.17366844992313497600E+018   9.11747933808165021281E-018
      7339   2.27669751079104819200E+018   1.00618910289249379975E-017
      7340   2.23728363583640934400E+018   9.65449983518916027827E-018
      7341   2.16430116881664844800E+018   9.10260905683971453404E-018
      7342   2.16397753656350924800E+018   9.10869294084255368194E-018
      7343   2.17443146517251123200E+018   9.21279743469203882639E-018
      7344   2.17264238718377113600E+018   9.19871969527917900103E-018
      7345   2.16312600096949836800E+018   9.10125985886551226402E-018
      7346   2.14760009863044044800E+018   9.77326112532268892268E-018
      7347   2.14746607162308608000E+018   9.77175201461784006561E-018
      7348   2.24539856934372966400E+018   9.90056888083455844357E-018
      7349   2.23708164987279539200E+018   9.83437131492412880673E-018
      7350   2.20111372096356044800E+018   9.43355548319559850026E-018
      7351   2.17103196621709158400E+018   9.11263478835497643777E-018
      7352   2.26911529765222297600E+018   9.94286607615806864094E-018
      7353   2.17198858226357683200E+018   9.18240464052905896119E-018
      7354   2.17036296125972044800E+018   9.15927424053030041120E-018
      7355   2.17070038745216460800E+018   9.11468222359105495535E-018
      7356   2.17183377792758553600E+018   9.11241762514624145386E-018
      7357   2.17867921567286758400E+018   9.23416912938781883936E-018
      7358   2.18440891512435635200E+018   9.28152052224877208474E-018
      7359   2.22144289134279347200E+018   9.39901790219320498351E-018
      7360   2.20103339258098406400E+018   9.31795863013035035585E-018
      7361   2.28872766788563737600E+018   1.01931140121785234425E-017
      7362   2.29112881058331443200E+018   1.02256593040965907894E-017
      7363   2.24005851572991744000E+018   9.85510479859957222647E-018
      7364   2.24481096088456729600E+018   9.91232135622077574899E-018
      7365   2.24162020184724787200E+018   9.87070905169726566623E-018
      7366   2.25074196091200614400E+018   9.93769517174706771325E-018
      7367   2.24268075855362176000E+018   9.86205640602101871579E-018
      7368   2.15749012941040256000E+018   9.26845783209473742257E-018
      7369   2.12251711413730560000E+018   9.15835362677160463859E-018
      7370   2.25229751078641331200E+018   1.01032179900747485116E-017
      7371   2.25224957033378841600E+018   1.01009806918132038071E-017
      7372   2.25408430823752627200E+018   1.01395148492659291089E-017
      7373   2.25459535826703001600E+018   1.01476192155954356028E-017
      7374   2.25280978170225459200E+018   1.01169794341274020973E-017
      7375   2.25298323572603494400E+018   1.01210002516531695263E-017
      7376   2.25260158747964339200E+018   1.01107272015210174541E-017
      7377   2.25230491972704051200E+018   1.01070573062022738665E-017
      7378   2.25231417119895859200E+018   1.01057790249360581089E-017
      7379   2.25243544380953856000E+018   1.01110385644212596796E-017
      7380   2.25251930267970585600E+018   1.01128337677287959675E-017
      7381   2.28292961253527270400E+018   1.04941798242384389285E-017
      7382   2.29001978049259264000E+018   1.05410720885478831405E-017
      7383   2.27862993621918617600E+018   1.04330161736639794222E-017
      7384   2.27798657144494080000E+018   1.04196295924322665557E-017
      7385   2.25734420075712256000E+018   1.01833707146205368195E-017
      7386   2.25482647615007462400E+018   1.01477803548268770225E-017
      7387   2.23966211315343180800E+018   1.07670046336079708880E-017
      7388   2.28833908675863884800E+018   1.09309308938776558974E-017
      7389   2.37055570814657996800E+018   1.11979998534350641887E-017
      7390   2.37570305777070643200E+018   1.12521588094722982012E-017
      7391   2.51718493782786355200E+018   1.23022792912563893205E-017
      7392   2.47825804269747302400E+018   1.20740836672287504378E-017
      7393   2.61140812418860697600E+018   1.27381545363609214151E-017
      7394   2.58928939656432076800E+018   1.26408373131117278960E-017
      7395   2.79044363054761420800E+018   1.33095467117693382652E-017
      7396   2.73862013439220121600E+018   1.31622694099595163527E-017
      7397   4.19828700725368217600E+018   1.48521578776624161237E-017
      7398   4.01024186411223756800E+018   1.47220557089832951647E-017
      7399   4.94768486514667110400E+018   1.57266182306997474964E-017
      7400   5.03274189801913139200E+018   1.59015707378551599432E-017
      7401   6.40581626473603481600E+018   1.69808919165101476265E-017
      7402   6.62105201577157836800E+018   1.67439292420478883242E-017
      7403   2.35968062697097625600E+018   1.11892891391299513070E-017
      7404   2.37619670137473382400E+018   1.12942121311343187670E-017
      7405   2.34663226291420364800E+018   1.11067071727182949411E-017
      7406   2.36806216730273280000E+018   1.12312292891861053669E-017
      7407   2.31427564666583654400E+018   1.08231685609926269792E-017
      7408   2.25217094095654681600E+018   1.04854416717130359607E-017
      7409   2.31520278963419494400E+018   1.08202077182609650332E-017
      7410   2.29266473235437132800E+018   1.06581025605082598078E-017
      7411   5.96750162724401868800E+018   1.71089598137736722595E-017
      7412   6.44295380959188889600E+018   1.69454912860206227988E-017
      7413   2.40258332563849676800E+018   1.15163130380978254939E-017
      7414   2.39268231464114176000E+018   1.14278987456809257832E-017
      7415   4.73281073976805785600E+018   1.53528697034556673080E-017
      7416   4.95639191094639820800E+018   1.57354185321371899539E-017
      7417   2.58934105773362790400E+018   1.26324070901457382877E-017
      7418   2.56912672362515302400E+018   1.25464423388899032778E-017
      7419   2.45105011951330508800E+018   1.18929145397456034130E-017
      7420   2.47024205912066611200E+018   1.20206422639616797512E-017
      7421   3.37209820439803904000E+018   1.42681151081020402307E-017
      7422   3.55065902173242112000E+018   1.44257304622445623634E-017
      7423   3.96492695768818022400E+018   1.46985811847229372497E-017
      7424   2.17376189665299302400E+018   9.11795576723425495252E-018
      7425   2.17366844967388672000E+018   9.11747933703617840180E-018
      7426   2.17364682660610867200E+018   9.11746927596586457132E-018
      7427   2.16819547022439910400E+018   9.08044017248572995911E-018
      7428   2.66583138995444326400E+018   1.29149941975807470831E-017
      7429   7.44402210187144601600E+018   1.51355920657088276190E-017
      7430   7.25779889032622694400E+018   1.55455030903939482437E-017
      7431   2.24661917903423539200E+018   1.01493627716888248029E-017
      7432   2.21523369182682496000E+018   1.00290512313126443191E-017
      7433   2.23583638231241830400E+018   1.01503105624287057035E-017
      7434   2.27164133198893798400E+018   1.02396995428553391422E-017
      7435   2.30420173006546636800E+018   1.07602354687146419666E-017
      7436   2.32335028869545625600E+018   1.08579312475161916831E-017
      7437   4.31015878483117363200E+018   1.49273537266156223316E-017
      7438   4.08488345281686425600E+018   1.47882934113650240960E-017
      7439   4.40757211834167244800E+018   1.49787789105977328535E-017
      7440   2.17366844991559961600E+018   9.11747933805004493205E-018
      7441   2.27098006507016729600E+018   9.98615979971507974134E-018
      7442   2.27752945445434316800E+018   1.00695798661051560546E-017
      7443   2.17366844991021875200E+018   9.11747933802747611459E-018
      7444   2.17366844992172313600E+018   9.11747933807573221528E-018
      7445   4.63083905631953100800E+018   1.52195480810981638201E-017
      7446   2.41371539862788505600E+018   1.16112966465397540932E-017
      7447   2.30471234572839884800E+018   1.08566697508236146123E-017
      7448   2.30165276408235443200E+018   1.08400954237299522044E-017
      7449   2.32832104454727475200E+018   1.09750471367033771332E-017
      7450   2.32867103277110272000E+018   1.09887802528931616639E-017
      7451   2.35066922819235379200E+018   1.09861314963557596624E-017
      7452   2.35574362822914867200E+018   1.10449937378315052017E-017
      7453   3.70545221172324352000E+018   1.45738828812540834853E-017
      7454   3.63827411442960025600E+018   1.45285013352721975830E-017
      7455   2.30747860887694336000E+018   1.04365050901181406860E-017
      7456   2.28571705229049011200E+018   1.01488704554831120717E-017
      7457   2.29798544231537587200E+018   1.03125462211914874611E-017
      7458   2.29483728003424896000E+018   1.02702415707314812886E-017
      7459   3.34240192209319628800E+018   1.42807285687156802786E-017
      7460   3.48797673015750604800E+018   1.44164872148617416996E-017
      7461   4.56150994554565120000E+018   1.51748820362190204009E-017
      7462   3.60750668167084697600E+018   1.45063864656423771308E-017
      7463   2.27305693039793689600E+018   1.00189609209125690730E-017
      7464   2.27510933051325824000E+018   1.00449761575247370463E-017
      7465   2.28372974236860083200E+018   1.01549985318356422482E-017
      7466   2.28048687131371468800E+018   1.01130510052398666058E-017
      7467   2.88394989742409062400E+018   1.34956022198538762880E-017
      7468   3.11060957202821580800E+018   1.39069224195927793122E-017
      7469   3.53912158608851916800E+018   1.43952569487592904620E-017
      7470   3.57514338068420300800E+018   1.44236658551902821493E-017
      7471   2.40943997037229107200E+018   1.15760029135677931252E-017
      7472   2.43170443015706675200E+018   1.17522232837699963208E-017
      7473   2.62608740385391974400E+018   1.27997149281605375459E-017
      7474   2.17366844991819417600E+018   9.11747933806092874735E-018
      7475   2.17366844992159667200E+018   9.11747933807519911787E-018
      7476   2.20323544514040729600E+018   9.31500720477562740827E-018
      7477   2.16912256162667238400E+018   9.08895039969244420499E-018
      7478   2.17367040910497894400E+018   9.11748172648995618541E-018
      7479   2.17366844992557337600E+018   9.11747933809188229342E-018
      7480   2.32443481107078041600E+018   1.09189868543116538725E-017
      7481   2.32645627996700672000E+018   1.09207271759390590265E-017
      7482   2.33212333742505420800E+018   1.09815718245053299269E-017
      7483   2.21218664872689433600E+018   1.00331997477537952381E-017
      7484   2.21227886992591232000E+018   1.00373863396915925078E-017
      7485   2.19631700365276441600E+018   9.97413185589745005925E-018
      7486   2.18411423678920755200E+018   9.93248404524694321949E-018
      7487   2.19044086227661619200E+018   9.95345975237680655834E-018
      7488   2.17302558816194304000E+018   9.86080695616991935869E-018
      7489   2.15152031075001369600E+018   9.78695222669632105809E-018
      7490   2.15516546411862502400E+018   9.79839377284696773689E-018
      7491   2.33435746117200025600E+018   1.04108829016828028570E-017
      7492   2.35604117623304038400E+018   1.04871549387094392117E-017
      7493   2.30561211720720281600E+018   1.03092158603850570767E-017
      7494   2.30070271229431193600E+018   1.02905894310616345076E-017
      7495   2.17366844985055820800E+018   9.11747933777722848134E-018
      7496   2.17366844992726297600E+018   9.11747933809896663413E-018
      7497   2.17366912692966451200E+018   9.11748099634440417054E-018
      7498   2.17374777409650688000E+018   9.11784756534139813031E-018
      7499   2.32839564338213632000E+018   1.07618859264411399475E-017
      7500   2.34187710461200384000E+018   1.08803033471547341108E-017
      7501   2.31603631581063372800E+018   1.07384100203295536679E-017
      7502   2.32721510155788339200E+018   1.08001549098679016172E-017
      7503   2.27355804836979993600E+018   1.03425748444880400987E-017
      7504   2.28117414578039398400E+018   1.04422957763444741228E-017
      7505   2.28189215484401254400E+018   1.04760688545900525894E-017
      7506   2.27725175615462323200E+018   1.04496374886331087280E-017
      7507   2.27835905713503795200E+018   1.04486385160522013129E-017
      7508   2.27880452447643110400E+018   1.04614731890527748988E-017
      7509   2.28005187344268211200E+018   1.04789472300172683046E-017
      7510   2.22152993117553075200E+018   1.00800704479914395193E-017
      7511   2.26696683333483366400E+018   1.02602505164117375949E-017
      7512   2.19574897302671078400E+018   9.29929518352534072504E-018
      7513   2.19307636723457382400E+018   9.27665334886089856319E-018
      7514   2.22416580483809792000E+018   9.48471518355777189485E-018
      7515   2.22336195137918668800E+018   9.46623683398949972035E-018
      7516   2.25745427640165427200E+018   9.80520517532370591759E-018
      7517   2.28627101916073676800E+018   1.04812766610364702802E-017
      7518   2.28836769791830016000E+018   1.05195472796003959670E-017
      7519   2.27073699935582284800E+018   1.02364299512131235014E-017
      7520   2.26884562631193113600E+018   1.02101413847934467032E-017
      7521   2.26991820640633088000E+018   1.02912232709336253176E-017
      7522   2.26891715200428339200E+018   1.02766596630215302846E-017
      7523   2.16040566060848230400E+018   9.83007575889136882119E-018
      7524   2.33101409095813017600E+018   1.03917470235507044237E-017
      7525   2.28540861463823795200E+018   1.02347211480901711494E-017
      7526   2.20276911206244198400E+018   9.92209555102114640426E-018
      7527   2.20819489457592473600E+018   9.94518574983779247741E-018
      7528   2.17366844883935974400E+018   9.11747933353571752770E-018
      7529   2.17366844743544345600E+018   9.11747932764700183346E-018
      7530   2.25602713869248460800E+018   1.00957117656719215298E-017
      7531   2.25591031941155916800E+018   1.00912500947264322696E-017
      7532   2.28697701738582988800E+018   1.05896873537557568180E-017
      7533   2.28615076695202483200E+018   1.05217755078203303601E-017
      7534   2.28878131474115200000E+018   1.05694844496084649128E-017
      7535   2.25140640294324300800E+018   1.01374667062106013974E-017
      7536   2.25357372220768025600E+018   1.01329423429821975091E-017
      7537   2.25917790428219161600E+018   1.01987527204217184742E-017
      7538   2.25789660213410790400E+018   1.01914312476998188216E-017
      7539   2.26950762314280934400E+018   1.03288763959809201517E-017
      7540   2.27059090941859251200E+018   1.03413914995342683676E-017
      7541   2.26503392589881548800E+018   1.02860890520468903794E-017
      7542   2.26791373232286233600E+018   1.03202673824917049591E-017
      7543   2.17366844991894886400E+018   9.11747933806409035395E-018
      7544   2.17366844984573568000E+018   9.11747933775730974348E-018
      7545   2.22903359871979827200E+018   9.76046376518624126616E-018
      7546   2.23748491291796736000E+018   9.82294780936692894263E-018
      7547   2.17366844991563929600E+018   9.11747933805021133240E-018
      7548   2.17366844830268492800E+018   9.11747933128465671234E-018
      7549   2.17431705304667673600E+018   9.12137562738149212043E-018
      7550   2.17407233256223948800E+018   9.11997284491613221069E-018
      7551   2.17418882963600409600E+018   9.11981721618651985511E-018
      7552   2.16967115981736012800E+018   9.09892914397280659175E-018
      7553   2.17366844902292659200E+018   9.11747933430571664542E-018
      7554   2.05826176427135846400E+018   1.00002325690770370299E-017
      7555   2.26297136544543974400E+018   1.05995689667341916193E-017
      7556   2.17289776650837350400E+018   1.03541507695437551769E-017
      7557   2.34990174355799296000E+018   1.11075265588784738763E-017
      7558   2.35727011218008985600E+018   1.11405526230120898569E-017
      7559   2.03295009092233600000E+018   9.99218632975250866934E-018
      7560   2.06642596726014976000E+018   1.01114558907587301945E-017
      7561   2.17366844990094105600E+018   9.11747933798855846302E-018
      7562   2.17366844993186073600E+018   9.11747933811825366696E-018
      7563   2.17366844991801907200E+018   9.11747933806019381249E-018
      7564   2.17366844992782950400E+018   9.11747933810134400205E-018
      7565   2.34807258413408204800E+018   1.11015068349792305782E-017
      7566   2.34880061337620377600E+018   1.11111499286460901411E-017
      7567   2.32443617927474329600E+018   1.09789256508592835988E-017
      7568   2.32436058356126156800E+018   1.09819605793665628790E-017
      7569   2.29968043088920908800E+018   1.07557468599939470976E-017
      7570   2.29875688876447232000E+018   1.07612611064903970948E-017
      7571   2.30128632836553088000E+018   1.07282637798829652594E-017
      7572   2.17366844899911244800E+018   9.11747933420582713330E-018
      7573   2.16807994447176934400E+018   9.10417510159551582801E-018
      7574   2.21995331914667008000E+018   9.47014831013898070106E-018
      7575   2.23789524471139532800E+018   9.60656330422001933420E-018
      7576   2.32011872065062400000E+018   1.06312264259665452245E-017
      7577   2.30062617684105292800E+018   1.03737905861359551299E-017
      7578   2.31408933636938342400E+018   1.05528057728915321417E-017
      7579   2.29729316537386700800E+018   1.03274923250683961127E-017
      7580   2.17377785700628838400E+018   9.11781000249186586453E-018
      7581   2.17297233797871692800E+018   9.11603640919369403776E-018
      7582   2.17394194626197299200E+018   9.11803741584932270296E-018
      7583   2.17366844989717913600E+018   9.11747933797277970417E-018
      7584   2.17275158797101824000E+018   9.11459562139110160230E-018
      7585   2.17212011409655065600E+018   9.11295685699472826545E-018
      7586   2.18749492853079193600E+018   9.30620093263658512966E-018
      7587   2.18067807072594892800E+018   9.26031420057211376736E-018
      7588   2.17155176234217344000E+018   9.24268417722954721327E-018
      7589   2.17230323290161792000E+018   9.24446399062097024015E-018
      7590   2.18894174383539686400E+018   9.31860590490997849312E-018
      7591   2.18981860417320294400E+018   9.32465297123179199484E-018
      7592   2.17366844984671027200E+018   9.11747933655847998286E-018
      7593   2.33275401690255462400E+018   1.07680670599674892915E-017
      7594   2.28465418220488192000E+018   1.01231117195091467873E-017
      7595   2.29389173028575104000E+018   1.02533012357945323040E-017
      7596   2.28463500406690048000E+018   1.02414771536093183564E-017
      7597   2.29010235664640921600E+018   1.02948975099674604119E-017
      7598   2.21124263133108684800E+018   9.52675784769898044468E-018
      7599   2.21195843252480563200E+018   9.52917099818938281382E-018
      7600   2.25244157983437056000E+018   1.01059487952153592702E-017
      7601   2.25233438002015027200E+018   1.01029361989367948021E-017
      7602   2.31016724389104742400E+018   1.09083892105364404162E-017
      7603   2.35214272810753382400E+018   1.10184775795016698882E-017
      7604   4.07750867552933376000E+018   1.47697205102473117121E-017
      7605   3.87926747512423526400E+018   1.46453938766321913415E-017
      7606   2.53070028944631705600E+018   1.23748355695861109101E-017
      7607   5.34462134847581286400E+018   1.64872470365705220559E-017
      7608   5.35091092506273587200E+018   1.64894087520791348061E-017
      7609   2.32937645177141913600E+018   1.09236891092576196572E-017
      7610   2.32509591899220684800E+018   1.08767793542975315553E-017
      7611   2.38016520054227353600E+018   1.13068935310514807524E-017
      7612   2.38981853505648947200E+018   1.13775066259762906477E-017
      7613   4.94352577664012492800E+018   1.57217604007173813575E-017
      7614   5.05204340479298969600E+018   1.59049136128102629317E-017
      7615   2.47177283431018700800E+018   1.20307875565476465332E-017
      7616   2.48797055529992396800E+018   1.21286345902817020954E-017
      7617   2.50403636379100979200E+018   1.22232014217806600939E-017
      7618   2.48685843862285568000E+018   1.21212445385715285558E-017
      7619   7.06806619039937945600E+018   1.59319060921147156118E-017
      7620   7.11595135857636659200E+018   1.58450952103182982734E-017
      7621   2.33061153362323865600E+018   1.08934975747637471705E-017
      7622   2.34700185825094092800E+018   1.09837085302055095276E-017
      7623   4.27010283286317414400E+018   1.48869884435649629174E-017
      7624   3.94872899139539814400E+018   1.46729793119635728792E-017
      7625   2.32067417863321139200E+018   1.06374026399767097393E-017
      7626   2.32634700461293721600E+018   1.07096592449714458032E-017
      7627   2.43239628594670848000E+018   1.17569563881583287733E-017
      7628   2.38581256648174028800E+018   1.13670698779520639214E-017
      7629   2.17444244622481792000E+018   9.12222583585520209663E-018
      7630   2.17133713547481062400E+018   9.10367754012746351536E-018
      7631   2.17366844936615884800E+018   9.11747933574540936786E-018
      7632   2.17366844994941491200E+018   9.11747933819188273911E-018
      7633   2.93519005648453120000E+018   1.36123354715367167670E-017
      7634   2.67413792097627136000E+018   1.29413310871305013864E-017
      7635   4.20697498736693196800E+018   1.48188901426315852851E-017
      7636   2.95852573678548940800E+018   1.36409300946022030597E-017
      7637   2.89441014726597990400E+018   1.35132961421267419897E-017
      7638   2.44874665093221529600E+018   1.18763150581638956402E-017
      7639   2.46324766205631180800E+018   1.19754105202940528002E-017
      7640   2.36212938549435699200E+018   1.11747568454181937871E-017
      7641   2.34981461763639910400E+018   1.11143341180241376409E-017
      7642   2.47034432481012428800E+018   1.20307436837957545543E-017
      7643   4.51300359715253708800E+018   1.51221697913489255649E-017
      7644   5.68038005777238528000E+018   1.69582109649322504598E-017
      7645   5.82233041275687628800E+018   1.70933902599650812615E-017
      7646   2.18492866309892326400E+018   9.21625703099419881208E-018
      7647   2.19405613762158182400E+018   9.25890049616407741316E-018
      7648   2.33943255497875251200E+018   1.08724470648574482796E-017
      7649   2.31892248412043827200E+018   1.06179184969824827821E-017
      7650   2.36911831759619276800E+018   1.12045237196969447909E-017
      7651   2.41176184734201139200E+018   1.15953888289822141157E-017
      7652   2.36822441434076364800E+018   1.11950741921901178437E-017
      7653   3.52214630227190323200E+018   1.44270577993195524821E-017
      7654   3.70150214647404083200E+018   1.45802435990664975366E-017
      7655   2.81136394555484825600E+018   1.33793734219510646942E-017
      7656   3.00053665584120473600E+018   1.37838034929331679336E-017
      7657   3.28337203266557184000E+018   1.41982488526848493678E-017
      7658   3.26280221925777356800E+018   1.41709437243763992382E-017
      7659   3.79038040085366784000E+018   1.45902289262332293374E-017
      7660   3.86096041137415731200E+018   1.46691323459317353875E-017
      7661   2.30936670958887014400E+018   1.08612365091978072404E-017
      7662   2.29967294228934860800E+018   1.08288627132536837391E-017
      7663   2.25532501795549568000E+018   1.02605232986727533244E-017
      7664   2.19889999583429836800E+018   1.00708326544632122138E-017
      7665   2.22487909514200396800E+018   1.01326679981466146757E-017
      7666   2.26529273569146854400E+018   1.02770714768535543993E-017
      7667   2.29043377477177830400E+018   1.05498234660327286962E-017
      7668   2.28881188464860211200E+018   1.05286245711319290460E-017
      7669   2.32511206336563712000E+018   1.04119196755682619122E-017
      7670   2.32773646400427878400E+018   1.04212497633204660855E-017
      7671   2.17366818997236787200E+018   9.11747528566303292723E-018
      7672   2.17366844992106060800E+018   9.11747933807294963170E-018
      7673   2.17366844991984000000E+018   9.11747933806783128027E-018
      7674   2.27302145611774080000E+018   1.03102591258765221706E-017
      7675   2.26992614953023334400E+018   1.03153412022702740713E-017
      7676   2.36847513143601203200E+018   1.12053608137237286307E-017
      7677   2.36219308339125094400E+018   1.11752896025832709359E-017
      7678   2.30875983222109593600E+018   1.08141885488922654322E-017
      7679   2.32527932608318566400E+018   1.09753537586472097619E-017
      7680   2.32985619084612147200E+018   1.10255014571627686397E-017
      7681   2.40694519581333248000E+018   1.15541299367913705843E-017
      7682   2.40065074351666432000E+018   1.15000946514540073798E-017
      7683   2.39886205718390732800E+018   1.14525945789864459250E-017
      7684   2.38222729311556608000E+018   1.13373378113182461850E-017
      7685   2.30824638147630745600E+018   1.08714598985429463062E-017
      7686   2.30627195759092787200E+018   1.08707624581268839106E-017
      7687   2.31369982510689382400E+018   1.09116850851257814086E-017
      7688   2.31425186845104947200E+018   1.09111523302759925277E-017
      7689   2.50264488015410790400E+018   1.10298327255725217089E-017
      7690   2.47023836734931404800E+018   1.09199211029572047039E-017
      7691   2.10785272119126476800E+018   9.64216561158748590026E-018
      7692   2.09329519833357900800E+018   9.59324498963290583342E-018
      7693   2.16940232285441331200E+018   9.86981509524856642905E-018
      7694   2.11742652323119616000E+018   9.67662053720748876063E-018
      7695   2.32066573031598080000E+018   1.03977329706785538211E-017
      7696   2.21395828332691174400E+018   1.00405101148249089163E-017
      7697   2.18536085199227878400E+018   9.94107159333623914588E-018
      7698   2.27781458998860595200E+018   1.02570419523988569640E-017
      7699   2.29298096582114764800E+018   1.02563166462811234147E-017
      7700   2.25272822613744614400E+018   1.01040086168231518000E-017
      7701   2.27483521435617945600E+018   1.02065613470261874999E-017
      7702   2.28295186093620992000E+018   1.02396374358741179265E-017
      7703   2.27090480334679987200E+018   1.02789926030967420396E-017
      7704   2.28050790031536332800E+018   1.04348570373984541846E-017
      7705   2.27861577654219955200E+018   1.03981014859407270125E-017
      7706   2.25930050627633561600E+018   1.00764829483083030845E-017
      7707   2.25672794169935539200E+018   1.00840843199322670733E-017
      7708   2.34838135025206732800E+018   1.10689632879554477535E-017
      7709   2.36998750918983168000E+018   1.11776389158442531188E-017
      7710   2.30195201823459072000E+018   1.08135228741544987382E-017
      7711   2.29924807956260812800E+018   1.07574787606564807750E-017
      7712   2.17366844992545664000E+018   9.11747933809139079610E-018
      7713   4.86664397342922854400E+018   1.55927002430033959177E-017
      7714   2.28533824447922355200E+018   1.01641113509982615154E-017
      7715   2.35328143115303526400E+018   1.10263846802806467793E-017
      7716   2.62234809196146073600E+018   1.27701271864726342965E-017
      7717   2.46795480189867980800E+018   1.20063418094776099342E-017
      7718   2.16814280982707123200E+018   9.08086057852687914859E-018
      7719   2.17387844414537958400E+018   9.11881102304865942731E-018
      7720   4.01458453758829772800E+018   1.47354293094945407081E-017
      7721   3.73644179347920844800E+018   1.45729535661141811017E-017
      7722   2.52479469614116044800E+018   1.23362509697744913006E-017
      7723   2.39026189027001497600E+018   1.14039959471231396015E-017
      7724   2.22913662903137228800E+018   9.69017959500515912666E-018
      7725   2.20037573036517862400E+018   9.56996125786027781760E-018
      7726   2.30006035004958003200E+018   1.03383168066362554148E-017
      7727   2.28016986780849792000E+018   1.00768652816069966773E-017
      7728   2.26839621695536435200E+018   9.93220206535656901058E-018
      7729   2.26211898900620851200E+018   9.85716846979858599665E-018
      7730   2.17366844742539520000E+018   9.11747932760503504960E-018
      7731   2.26046562147454080000E+018   1.06024768609487740587E-017
      7732   2.20633003137886131200E+018   1.04034640288938248540E-017
      7733   2.41130074395404646400E+018   1.11467356113042506298E-017
      7734   2.43464359462271180800E+018   1.12548374438560504162E-017
      7735   2.36117633941023334400E+018   1.11140280780516326017E-017
      7736   2.33916844526773248000E+018   1.08632687434425529412E-017
      7737   2.31155008060859699200E+018   1.08997800490483775196E-017
      7738   2.29860287307958835200E+018   1.07491018540637784440E-017
      7739   2.30281122639995750400E+018   1.07357829407283905857E-017
      7740   2.24033680267404979200E+018   9.81367663976406924374E-018
      7741   2.24792008765946931200E+018   9.88483319049326476439E-018
      7742   2.29357083814303872000E+018   1.02832392524042051867E-017
      7743   2.28003294299522150400E+018   1.01414723095726104216E-017
      7744   2.16789240655773184000E+018   9.10330038048216222496E-018
      7745   2.16367724235076838400E+018   9.08819418341908806503E-018
      7746   2.20734938868309120000E+018   9.46134171401208221296E-018
      7747   2.20433653540142182400E+018   9.43147391468641240247E-018
      7748   2.20851208370087116800E+018   9.48867817804656822111E-018
      7749   2.22199533259949286400E+018   9.65510518514538888690E-018
      7750   2.22752225475362048000E+018   9.70385617392536642498E-018
      7751   2.16893210689606835200E+018   9.10875491447956541514E-018
      7752   2.16544746204960640000E+018   9.14141670847541779369E-018
      7753   2.16474275297508966400E+018   9.12661614585151470363E-018
      7754   2.16610058301324134400E+018   9.09237066206131409159E-018
      7755   2.16966343928257049600E+018   9.10929218980781681272E-018
      7756   2.17464477243048601600E+018   9.11876510609098161143E-018
      7757   2.16213270381759001600E+018   9.08670388036427706740E-018
      7758   2.17227738510420096000E+018   9.11615426660106051130E-018
      7759   2.16840395198450560000E+018   9.10451399870441197512E-018
      7760   2.17366844981133491200E+018   9.11747933756832825287E-018
      7761   2.17366844989428480000E+018   9.11747933738358688963E-018
      7762   2.35532619454807449600E+018   9.80835944230207231724E-018
      7763   2.34879099530142771200E+018   9.78588826804323763581E-018
      7764   2.16981637496515379200E+018   9.17971535214123202345E-018
      7765   2.17771482108268467200E+018   9.18947785436382638963E-018
      7766   2.27516790517998899200E+018   1.00177111676518113466E-017
      7767   2.26729118174224460800E+018   9.92338523307417016117E-018
      7768   2.19167648486891955200E+018   9.34729775282302222129E-018
      7769   2.22771999132615116800E+018   9.61890471808208004439E-018
      7770   2.23748429217834880000E+018   9.69963337051121742447E-018
      7771   2.23519810804225561600E+018   9.77112033557481756811E-018
      7772   2.23383589848343116800E+018   9.72764480186913126596E-018
      7773   2.25274280229046579200E+018   1.01042657597017076225E-017
      7774   2.25288177888588288000E+018   1.01069592572517969366E-017
      7775   2.25256646127311846400E+018   1.01020510699326351927E-017
      7776   2.36097203403446784000E+018   1.11256809605182413159E-017
      7777   2.34912599984127539200E+018   1.11046288264191942507E-017
      7778   2.38010504689024768000E+018   1.13022239968425384554E-017
      7779   2.38487851044579840000E+018   1.13338281099998561734E-017
      7780   2.38395546351216844800E+018   1.13440655064396397706E-017
      7781   2.32913214297922304000E+018   1.08472823809195906511E-017
      7782   2.34611790772855910400E+018   1.08908977379304761990E-017
      7783   9.03827754030954291200E+018   1.38426904588755026628E-017
      7784   1.04039879397545820160E+019   1.32504094244361871481E-017
      7785   4.86761027147579596800E+018   1.55845969652650824926E-017
      7786   4.89114681122630758400E+018   1.56254478995958344636E-017
      7787   2.25389844732448384000E+018   1.03675036409336125469E-017
      7788   2.26591600722327756800E+018   1.04150657311128382895E-017
      7789   2.20792487542195993600E+018   9.34659762432847504917E-018
      7790   2.17366844888049612800E+018   9.11747933370869685159E-018
      7791   2.31112705726776576000E+018   1.08660554614286511055E-017
      7792   2.31607796254847283200E+018   1.08676452653028420231E-017
      7793   2.31076085560102912000E+018   1.08571046860551639993E-017
      7794   2.33144131773154918400E+018   1.09701110118462031785E-017
      7795   2.34124683406744883200E+018   1.10270486819874407311E-017
      7796   2.35801824127730636800E+018   1.11461621519761412164E-017
      7797   2.36087651642300467200E+018   1.11668014256760090036E-017
      7798   2.31838035779653632000E+018   1.07410012894671392751E-017
      7799   2.30913450936041216000E+018   1.06978748141045769504E-017
      7800   4.90482384894740480000E+018   1.57021216380843391912E-017
      7801   5.03179031944395980800E+018   1.59143998199615564594E-017
      7802   2.21162615613523404800E+018   9.37717477060590896113E-018
      7803   2.20411961901672038400E+018   9.31825761616345287496E-018
      7804   2.17366844882685184000E+018   9.11747933348327830718E-018
      7805   2.17366844992308864000E+018   9.11747933808145916056E-018
      7806   2.99457854663891456000E+018   1.37630890044210071909E-017
      7807   2.91781779584054528000E+018   1.36111110389462269380E-017
      7808   2.31075504405021388800E+018   1.09001599403698634421E-017
      7809   2.30993599978090700800E+018   1.08916038907916858016E-017
      7810   2.29199353635670272000E+018   1.04037299370344972271E-017
      7811   2.28027545877181056000E+018   1.04467515612449392501E-017
      7812   2.28364252553707852800E+018   1.04787456658344008161E-017
      7813   2.34759678411783782400E+018   1.04915106379296964006E-017
      7814   2.35425179221937254400E+018   1.05136883344514191875E-017
      7815   2.24625488946698137600E+018   1.01109545071579322591E-017
      7816   2.21403405965496115200E+018   1.00015104290413088503E-017
      7817   3.15962196129654732800E+018   1.40520017077547320101E-017
      7818   3.38697345165420851200E+018   1.43278707572497864414E-017
      7819   2.17366844778693734400E+018   9.11747932912134434672E-018
      7820   2.17366844992273356800E+018   9.11747933807996926116E-018
      7821   2.17366844992118476800E+018   9.11747933807347040315E-018
      7822   2.17366844991795916800E+018   9.11747933805994267122E-018
      7823   2.26805939564414566400E+018   1.03864452147737309008E-017
      7824   2.27093507461243417600E+018   1.04003965774805575577E-017
      7825   2.28717937559411123200E+018   1.05757149046476401364E-017
      7826   2.28531514253840844800E+018   1.05376910036585600226E-017
      7827   2.34864008693751091200E+018   1.11095490997215217776E-017
      7828   2.35029665972527257600E+018   1.11354491604823027114E-017
      7829   2.29411803936254643200E+018   1.06844860084593263612E-017
      7830   2.30422890508719641600E+018   1.07514616581003406986E-017
      7831   2.30342508933426304000E+018   1.07596818307506409686E-017
      7832   2.29726541145442841600E+018   1.06890357147992404670E-017
      7833   2.29673260802521344000E+018   1.07599226440979704264E-017
      7834   2.29647173409723417600E+018   1.07443991230223082320E-017
      7835   2.28090205099101619200E+018   1.04537833443055878229E-017
      7836   2.27735980354104473600E+018   1.04097805088352384372E-017
      7837   2.25372119436947072000E+018   1.01321665101591934853E-017
      7838   2.38386094533394329600E+018   1.05822461841187513953E-017
      7839   2.40910635931670732800E+018   1.06716658246403896721E-017
      7840   2.26831808727031859200E+018   1.02091900214695457830E-017
      7841   2.26997455848055936000E+018   1.02590224973912967529E-017
      7842   2.51581803334343884800E+018   1.22888915334667810867E-017
      7843   2.74751581737379379200E+018   1.31853874945246272888E-017
      7844   4.29643579600606720000E+018   1.49242669810182739908E-017
      7845   4.61044053050323148800E+018   1.52245925722743665322E-017
      7846   2.60473602070395904000E+018   1.27123565772117924770E-017
      7847   2.91233122050253414400E+018   1.35942834999853195208E-017
      7848   2.96077540944632780800E+018   1.36923346292912532739E-017
      7849   2.59501279417248819200E+018   1.26677098354223210690E-017
      7850   2.27690021057461836800E+018   1.04441421886428728920E-017
      7851   2.27409771729881164800E+018   1.04096988471357801268E-017
      7852   2.17366844993322931200E+018   9.11747933812399293820E-018
      7853   2.17365313420012800000E+018   9.11731924132730659284E-018
      7854   2.35574572957525145600E+018   1.09101601113387113162E-017
      7855   2.37432170758273280000E+018   1.09792910268502378870E-017
      7856   2.39356618996087961600E+018   1.14280837807514959024E-017
      7857   2.38529996665199360000E+018   1.13502577701635041133E-017
      7858   2.86304620468407296000E+018   1.34672321680305175180E-017
      7859   3.14765291391689318400E+018   1.39810095522877474539E-017
      7860   2.17366844992772505600E+018   9.11747933810090643077E-018
      7861   2.17366844992360268800E+018   9.11747933808361312061E-018
      7862   2.33134802660601907200E+018   1.10050557175224884164E-017
      7863   2.33445425317044377600E+018   1.10174586315508015832E-017
      7864   2.17366844953999078400E+018   9.11747933647454949663E-018
      7865   2.19381537041932160000E+018   9.36257436238708302237E-018
      7866   2.19077238516603340800E+018   9.33937219940219175246E-018
      7867   2.18575924569313945600E+018   9.29195918971113409752E-018
      7868   2.20381764541351756800E+018   9.42751924274166187138E-018
      7869   2.19710581224774272000E+018   9.36696251151617218521E-018
      7870   2.17478601712914688000E+018   9.22272942392796245889E-018
      7871   2.17491010709703526400E+018   9.22398711950153078926E-018
      7872   2.17193355515525196800E+018   9.20014992039627516150E-018
      7873   2.17091073759063808000E+018   9.18838177687544065383E-018
      7874   2.18328638800433228800E+018   9.28181512329308287580E-018
      7875   2.18802784627772723200E+018   9.30009102837459498164E-018
      7876   2.16357074018832793600E+018   9.16830063386131677804E-018
      7877   2.16201601888202624000E+018   9.14837725315353051580E-018
      7878   2.17592405866024217600E+018   9.24705456145854050050E-018
      7879   2.16443590802922393600E+018   9.10421691291418940262E-018
      7880   2.16410896208341708800E+018   9.10890319055872034427E-018
      7881   2.17212158487654553600E+018   9.11484978813435140911E-018
      7882   2.17242449517492275200E+018   9.11544106265191555299E-018
      7883   2.18013874532763084800E+018   9.25663791238582035194E-018
      7884   2.18097988925743744000E+018   9.26204084090899809290E-018
      7885   2.25268769817615795200E+018   1.01088725718875898014E-017
      7886   2.25148513203506483200E+018   1.01061717584634364765E-017
      7887   2.33981737113985638400E+018   1.10266353326270196037E-017
      7888   2.35347271257621094400E+018   1.10323599085551724271E-017
      7889   2.39540042886953113600E+018   1.12566309675938214152E-017
      7890   2.36520363309577932800E+018   1.12017099521791078669E-017
      7891   2.37801422418642329600E+018   1.12783711930408042708E-017
      7892   2.38788613551375513600E+018   1.13818646427178991477E-017
      7893   2.33853239934624870400E+018   1.10732567913503339085E-017
      7894   2.34764005097495398400E+018   1.11268964627104293258E-017
      7895   7.16842775970928844800E+018   1.57344082082884121129E-017
      7896   6.99237673176073932800E+018   1.61418238514415468788E-017
      7897   3.92236195938494464000E+018   1.46542979907506383484E-017
      7898   3.97643337386889113600E+018   1.46988756001164575981E-017
      7899   2.18101236560677964800E+018   9.15910782999361861213E-018
      7900   2.22307604050603289600E+018   9.47347934534625514430E-018
      7901   2.28577909900139878400E+018   1.01804096782133367834E-017
      7902   2.26768526513752064000E+018   9.94950331850423540154E-018
      7903   2.17366844977798988800E+018   9.11747933747283756474E-018
      7904   2.17366844992407654400E+018   9.11747933808560068031E-018
      7905   3.93923112094207897600E+018   1.46652898969214070662E-017
      7906   4.25144392766279475200E+018   1.48629986413645492077E-017
      7907   2.30958817580217497600E+018   1.08088251391402732628E-017
      7908   2.31009931079400345600E+018   1.08261490776285203612E-017
      7909   4.85600407844449587200E+018   1.55887192114225488824E-017
      7910   5.16625860621312716800E+018   1.61542115602619809494E-017
      7911   2.21099219502022118400E+018   9.37239176576419736328E-018
      7912   2.16766297542577126400E+018   9.06430600438377144795E-018
      7913   2.49136384676376678400E+018   1.21613293137255799567E-017
      7914   2.51546552288968652800E+018   1.22960886954318851164E-017
      7915   2.17366844992468838400E+018   9.11747933808817218198E-018
      7916   2.17366844992404736000E+018   9.11747933808548050229E-018
      7917   2.33881320682949529600E+018   1.10468239248644803424E-017
      7918   2.33896964331803648000E+018   1.10439879632293339319E-017
      7919   2.26054369761220761600E+018   1.02246619730193909272E-017
      7920   2.26226273182882636800E+018   1.02311366901768406992E-017
      7921   2.24873183206265036800E+018   1.01456473645273622143E-017
      7922   2.22880256361513472000E+018   1.00769669617887197576E-017
      7923   2.40116669194546739200E+018   1.15047654135252583428E-017
      7924   2.41129812180995430400E+018   1.15912837788894798944E-017
      7925   2.37752331167779430400E+018   1.12844562829240301898E-017
      7926   2.36636782158848819200E+018   1.11704275619052632213E-017
      7927   2.38060221414770739200E+018   1.13148596460586276534E-017
      7928   2.37245496910005299200E+018   1.12336530361829654823E-017
      7929   2.26720597063980800000E+018   1.03137564211257271901E-017
      7930   2.26710900346152908800E+018   1.02837264078723788163E-017
      7931   2.32606288657402624000E+018   1.10171723901972786274E-017
      7932   2.38925768203213977600E+018   1.06062382939537997281E-017
      7933   2.39486733588515532800E+018   1.06245542247592683499E-017
      7934   2.17366854843031808000E+018   9.11748069500805560869E-018
      7935   2.17366859074847872000E+018   9.11748199657624096607E-018
      7936   2.26305977578221260800E+018   1.02325279709174797208E-017
      7937   2.26356661948603392000E+018   1.02419870889858937133E-017
      7938   2.28901679249221606400E+018   1.06511002922994880293E-017
      7939   2.29296161550594406400E+018   1.06871913051927700122E-017
      7940   4.55607796008628224000E+018   1.51473476760886501617E-017
      7941   4.30570775199381452800E+018   1.49189570504429154849E-017
      7942   4.29207421557950617600E+018   1.49115693393618121078E-017
      7943   3.88209217534620723200E+018   1.46321955127203510084E-017
      7944   2.17366844990701184000E+018   9.11747933801402233837E-018
      7945   2.17366844989157324800E+018   9.11747933794926795141E-018
      7946   2.17366844988985420800E+018   9.11747933794205881044E-018
      7947   2.17366844990797824000E+018   9.11747933801807911721E-018
      7948   2.48752848924765798400E+018   1.21345413397508529032E-017
      7949   2.36422361973545164800E+018   1.11411117359773118024E-017
      7950   2.17286051549362099200E+018   9.11296677101539897991E-018
      7951   2.07702981575733836800E+018   1.00734569691262573220E-017
      7952   2.31553528813659750400E+018   1.07588043156354721277E-017
      7953   2.32989287471266150400E+018   1.08110858448673337767E-017
      7954   2.37818238728478976000E+018   1.12952349780797136894E-017
      7955   2.37241863101825996800E+018   1.12454627897968756324E-017
      7956   2.17360516862637696000E+018   9.11705290756193435931E-018
      7957   2.16766379898730496000E+018   9.07900484517564256902E-018
      7958   2.16959537947502182400E+018   9.11009113209163118387E-018
      7959   2.16900758461930931200E+018   9.10799472516238338322E-018
      7960   2.16326609953878937600E+018   9.09048541399815265413E-018
      7961   2.16316714648964608000E+018   9.08903218863844677136E-018
      7962   2.16351858125180313600E+018   9.09785439669031960967E-018
      7963   2.16685381171959219200E+018   9.10165488965326633481E-018
      7964   2.26751425603384268800E+018   9.97878001932782725857E-018
      7965   2.27702869910930585600E+018   1.00809966121811590166E-017
      7966   2.17482188297763865600E+018   9.22207950553202231565E-018
      7967   2.17482743018124902400E+018   9.21876923912607993452E-018
      7968   2.17685996164423577600E+018   9.23601207346943828489E-018
      7969   2.17828250128786355200E+018   9.23514774752425140155E-018
      7970   2.17680498418339891200E+018   9.29353875885682626834E-018
      7971   2.17494270477802982400E+018   9.27183752493110114168E-018
      7972   2.20842395626711219200E+018   9.46867428464710701389E-018
      7973   2.21313267254686489600E+018   9.51911977332385715954E-018
      7974   2.22673299223834700800E+018   9.68752320384971427582E-018
      7975   2.23203088110021939200E+018   9.72290840293043660110E-018
      7976   2.19587338683470489600E+018   9.36237427770697458216E-018
      7977   2.20328458654118579200E+018   9.41328801736945863448E-018
      7978   2.26423724538447974400E+018   1.06407995216593200469E-017
      7979   2.20942984184133068800E+018   1.03953860761699408053E-017
      7980   2.22928052607688166400E+018   1.06842698971279359907E-017
      7981   2.25677656760053120000E+018   1.07511012980228993657E-017
      7982   4.24718763635744460800E+018   1.48700150736629829846E-017
      7983   3.88569501188035584000E+018   1.46441543826401548245E-017
      7984   4.93433233061120204800E+018   1.56928246168465778089E-017
      7985   5.27773158772055040000E+018   1.63224574348604647516E-017
      7986   2.17366844992312883200E+018   9.11747933808162864240E-018
      7987   2.17366844757463731200E+018   9.11747932823084980722E-018
      7988   2.27039066783548313600E+018   1.03187853423943990735E-017
      7989   2.27627613001368601600E+018   1.03358768472108124402E-017
      7990   2.44063522391849011200E+018   1.18192759466518816430E-017
      7991   2.41020691551431065600E+018   1.15822817251667477237E-017
      7992   3.56830800385199872000E+018   1.44852200863041225006E-017
      7993   3.47838956511471308800E+018   1.43904670538170243871E-017
      7994   2.21860865060246681600E+018   1.00711467290532579326E-017
      7995   2.23392347174643456000E+018   1.01167140299234019310E-017
      7996   2.17366844992605849600E+018   9.11747933809391761619E-018
      7997   2.17366844986995993600E+018   9.11747933785861211781E-018
      7998   2.35829865720373043200E+018   1.11348592453683413098E-017
      7999   2.17131831111159884800E+018   9.10325384641231549812E-018
      8000   2.16801367497441331200E+018   9.07909274894501233386E-018
      8001   2.30511461857288064000E+018   1.07719091293481011878E-017
      8002   2.30495861978217164800E+018   1.07605347309322383755E-017
      8003   2.17366844988707635200E+018   9.11747933793040462316E-018
      8004   2.22977338635662464000E+018   9.68839148028945392789E-018
      8005   2.22505425784823987200E+018   9.64391777764525772522E-018
      8006   2.17581164442928460800E+018   9.22933664946800308058E-018
      8007   2.17522250408687513600E+018   9.22814790651128898521E-018
      8008   2.17321113278556646400E+018   9.20192864771343208964E-018
      8009   2.17203547743246054400E+018   9.19077069669205456356E-018
      8010   2.18973999686895385600E+018   9.29753647363828222331E-018
      8011   2.18519976502519193600E+018   9.27830434629176791372E-018
      8012   2.16946702336972006400E+018   9.15000896385098064916E-018
      8013   2.16774271632740454400E+018   9.09463843145500678447E-018
      8014   2.17168381937161958400E+018   9.11233983706666813513E-018
      8015   2.25303805922092313600E+018   1.01174211635645250760E-017
      8016   2.25266117150918400000E+018   1.01183565807143716561E-017
      8017   2.35164866791818444800E+018   1.11220078420566675006E-017
      8018   2.36246941837642547200E+018   1.11733489514335869811E-017
      8019   2.34075888906571468800E+018   1.10285169864803204620E-017
      8020   2.34064210502791577600E+018   1.10325474595451492973E-017
      8021   2.26090043351112217600E+018   1.02060574685528102537E-017
      8022   2.24915589667437337600E+018   9.71641568048243986665E-018
      8023   2.17366844992978969600E+018   9.11747933810956695254E-018
      8024   2.17366844992862182400E+018   9.11747933810466584602E-018
      8025   2.17366844991366476800E+018   9.11747933804192829289E-018
      8026   2.17366844990034406400E+018   9.11747933798605475409E-018
      8027   2.30826423900648038400E+018   1.08398345768157689915E-017
      8028   2.30661120617936128000E+018   1.08540361639691660285E-017
      8029   2.30773153646132940800E+018   1.08113332356523056649E-017
      8030   2.30693052014364979200E+018   1.07967810838229818287E-017
      8031   2.17493846245796864000E+018   9.26419217500322476146E-018
      8032   2.17290425810313728000E+018   9.25161068400942629575E-018
      8033   2.18994659887725107200E+018   9.34327042424882572773E-018
      8034   2.18783287334867916800E+018   9.33332024385442918519E-018
      8035   2.16234946564116326400E+018   9.09204772018615305437E-018
      8036   2.16138466389812787200E+018   9.09035643844321549450E-018
      8037   2.17389966484684492800E+018   9.11879418413395363910E-018
      8038   2.17448505942224486400E+018   9.11855940718256800729E-018
      8039   2.21150356226485580800E+018   9.53255929773920409328E-018
      8040   2.21681948955336473600E+018   9.58198393781241123597E-018
      8041   2.17366844756816281600E+018   9.11747932820369573575E-018
      8042   2.17366844992354688000E+018   9.11747933808338046827E-018
      8043   2.40153831333762560000E+018   1.15060223262075231226E-017
      8044   2.41200170864958924800E+018   1.15965293012534792429E-017
      8045   2.19467871196624716800E+018   9.37250487876837596682E-018
      8046   2.19082399026082508800E+018   9.34138228116297326453E-018
      8047   2.23969644630178892800E+018   9.75101248411597985666E-018
      8048   2.24082979619697664000E+018   9.75249340297299794353E-018
      8049   2.27995602890076518400E+018   1.03264546305195046224E-017
      8050   2.28848323444870451200E+018   1.03681861379011761418E-017
      8051   2.25922196639647232000E+018   1.02044536716937104374E-017
      8052   2.25753285080372275200E+018   1.01948704041221114709E-017
      8053   2.25188391590575334400E+018   1.00887762339329104153E-017
      8054   2.17366844995709465600E+018   9.11747933822409969522E-018
      8055   2.17366844575574912000E+018   9.11747932060169895563E-018
      8056   2.84607505966583961600E+018   1.34218070356948837559E-017
      8057   2.93958892841106022400E+018   1.36215557969073269070E-017
      8058   2.32587293083712204800E+018   1.06821148676928143845E-017
      8059   2.33915702247600947200E+018   1.08510325186897917559E-017
      8060   2.17366844992222284800E+018   9.11747933807782608631E-018
      8061   2.17366844990737408000E+018   9.11747933801554305266E-018
      8062   5.66297378304717619200E+018   1.69136627409855035423E-017
      8063   2.39155649136146892800E+018   1.14074989064702884159E-017
      8064   2.39642295012685568000E+018   1.14621524060333447543E-017
      8065   2.29952548561526656000E+018   1.07810850323664498497E-017
      8066   2.29887611588395724800E+018   1.07724226788821392779E-017
      8067   2.30662947640186214400E+018   1.07808692048704317918E-017
      8068   2.16452491460401740800E+018   9.09876362107685057748E-018
      8069   2.16729657743945241600E+018   9.10393907141490981680E-018
      8070   2.05769689119194240000E+018   9.46994810244636018730E-018
      8071   4.78462257117646643200E+018   1.54705904944028785293E-017
      8072   4.76696675012541030400E+018   1.54448216140492425372E-017
      8073   2.17366844991994828800E+018   9.11747933806828888123E-018
      8074   2.36331191614753228800E+018   1.11379553954413986492E-017
      8075   4.50712319728639232000E+018   1.51236587360686243459E-017
      8076   4.66999789847132569600E+018   1.53168087154227597358E-017
      8077   2.28560215796688128000E+018   1.03007376753263118025E-017
      8078   2.25593431112824934400E+018   1.02056597507816613358E-017
      8079   2.30763855578797516800E+018   1.08546246843888090386E-017
      8080   2.31054104112255334400E+018   1.08589553868897352329E-017
      8081   2.17366845000843468800E+018   9.11747933843944331490E-018
      8082   2.17366844992378828800E+018   9.11747933808439273705E-018
      8083   2.39769381983442995200E+018   1.14704093461510409217E-017
      8084   2.38639605902453964800E+018   1.13648148306580954419E-017
      8085   2.27631193719140403200E+018   1.03460034182537718700E-017
      8086   2.29415385376956876800E+018   1.04994682653786715149E-017
      8087   4.23682235575981465600E+018   1.48968431879124713723E-017
      8088   4.38496773020099532800E+018   1.49881276871997859127E-017
      8089   1.22584263563112550400E+019   1.26376484756022746717E-017
      8090   1.15140321929135718400E+019   1.28550723608604383333E-017
      8091   3.74873456237197772800E+018   1.45527712315456752095E-017
      8092   3.51533691470140825600E+018   1.43855123121204389668E-017
      8093   2.29596868293296307200E+018   1.04944710893752991414E-017
      8094   2.28752615596094566400E+018   1.04749325474880212765E-017
      8095   2.37927917827151718400E+018   1.12873234029434138321E-017
      8096   2.38114066070023219200E+018   1.12965786717812407517E-017
      8097   2.34942681514540032000E+018   1.09730821741196609532E-017
      8098   2.34529372173425561600E+018   1.09248873606803558459E-017
      8099   2.61113730971161856000E+018   1.27496412525168905904E-017
      8100   2.53530840824269056000E+018   1.24067851067440128524E-017
      8101   2.36221155842819993600E+018   1.11755016754650249894E-017
      8102   2.33352809886323712000E+018   1.10305340009800105422E-017
      8103   2.29546192769325235200E+018   1.02229024262482561891E-017
      8104   2.28427961314813440000E+018   1.02477059615661188613E-017
      8105   2.29328584372830028800E+018   1.02513216776869112397E-017
      8106   2.27588421656634598400E+018   1.00263727329376780499E-017
      8107   2.25904283014390528000E+018   1.01384072508643186851E-017
      8108   2.25973091898158284800E+018   1.01286007243510283314E-017
      8109   2.17366844914102758400E+018   9.11747933480109047902E-018
      8110   2.31865986721681100800E+018   1.08100052105619402065E-017
      8111   2.33539550587426918400E+018   1.08135575217491870675E-017
      8112   2.28421745720175334400E+018   1.01504088376030785320E-017
      8113   2.24661113302693478400E+018   9.96145350782525605813E-018
      8114   2.24969005272851968000E+018   9.99585995659091992623E-018
      8115   2.33857114812912076800E+018   1.10126242381466010345E-017
      8116   2.36652486654703462400E+018   1.11510182604354335528E-017
      8117   5.16089257676703129600E+018   1.61202717263770224328E-017
      8118   4.98479584348721561600E+018   1.57937858351948379636E-017
      8119   3.95200202738935244800E+018   1.46646550048678609933E-017
      8120   4.21495077902703257600E+018   1.48256170649948062703E-017
      8121   2.17366844992345523200E+018   9.11747933808299374154E-018
      8122   2.17366844868553497600E+018   9.11747933289052483336E-018
      8123   2.28125659561595212800E+018   1.01210231908356433130E-017
      8124   2.28721225789913497600E+018   1.01993186732187681441E-017
      8125   2.40690167184511180800E+018   1.15506148467935251582E-017
      8126   2.40163720162365952000E+018   1.15041770732411479270E-017
      8127   2.31695895094929612800E+018   1.09101869100110382418E-017
      8128   2.28445777032375296000E+018   1.04416223132300737764E-017
      8129   2.28670227566203545600E+018   1.04866619761435072101E-017
      8130   2.17366844992579353600E+018   9.11747933809280365831E-018
      8131   2.17366844992192153600E+018   9.11747933807656267627E-018
      8132   2.27129782655286374400E+018   1.03195596614093635820E-017
      8133   2.22504133242863564800E+018   9.73472574100897674783E-018
      8134   2.17366844811149670400E+018   9.11747933048271180945E-018
      8135   2.40687700704405401600E+018   1.15528342466921241384E-017
      8136   2.39909940805935769600E+018   1.14720284171717013656E-017
      8137   2.16443817599852364800E+018   9.11498191617122825100E-018
      8138   2.16453717335912448000E+018   9.12648809725561458145E-018
      8139   2.25236730640097433600E+018   9.74676309517248672841E-018
      8140   2.23846836395094912000E+018   9.64220209223938095590E-018
      8141   2.22154743737817804800E+018   9.48963509196402748669E-018
      8142   2.21984294229644364800E+018   9.51102458202546039364E-018
      8143   2.13439295568748697600E+018   9.18367960920609489802E-018
      8144   2.16046011572011852800E+018   9.27837116863115971542E-018
      8145   2.25259546823563468800E+018   1.01124172474784722459E-017
      8146   2.25251211186094310400E+018   1.01109681575769747482E-017
      8147   2.25290768000998937600E+018   1.01250084235550404572E-017
      8148   2.25314987314932019200E+018   1.01300623684760427014E-017
      8149   2.25114044304287180800E+018   1.01170803276199971694E-017
      8150   2.39024143854570035200E+018   1.12728248838996820317E-017
      8151   2.37054237007280588800E+018   1.11741752447275406442E-017
      8152   2.34887748755101593600E+018   1.09807734166579415930E-017
      8153   2.35718128660288768000E+018   1.10661783376669389350E-017
      8154   2.37241256110297190400E+018   1.12375963798512798703E-017
      8155   2.43901891038215680000E+018   1.18056535676373552791E-017
      8156   4.80110060981998899200E+018   1.54622614414059889219E-017
      8157   2.35239241680478617600E+018   1.10682939629026262019E-017
      8158   2.34623772108098508800E+018   1.10323310611707225584E-017
      8159   2.34176243133034700800E+018   1.10494324671510455917E-017
      8160   2.33290530719979776000E+018   1.09917115414754279026E-017
      8161   2.15887631823169331200E+018   9.80283919178671173777E-018
      8162   2.22778744939306752000E+018   9.50598543145758026204E-018
      8163   2.24527451577732889600E+018   9.67434526342931621056E-018
      8164   2.17366844965403750400E+018   9.11747933695291967993E-018
      8165   2.42232289222349619200E+018   1.12021413802773957827E-017
      8166   2.39261568185677568000E+018   1.11102484832999300271E-017
      8167   2.16855491009849932800E+018   9.09757606359058081585E-018
      8168   2.16741299802278579200E+018   9.09227762338517177300E-018
      8169   2.17231009169966412800E+018   9.11351374426821900647E-018
      8170   2.25201744058333286400E+018   1.00897341876080728880E-017
      8171   2.25244156275826841600E+018   1.00921350580229046180E-017
      8172   2.17366501400397670400E+018   9.11745313726632657034E-018
      8173   2.17366844991945088000E+018   9.11747933806619963243E-018
      8174   4.49761834259595622400E+018   1.50643619532796957468E-017
      8175   4.70813664392462233600E+018   1.53206273833887348182E-017
      8176   4.63491320248711372800E+018   1.52686370192440008352E-017
      8177   4.43572613890186803200E+018   1.50394372483100359440E-017
      8178   2.38209510662399180800E+018   1.13295273499049140374E-017
      8179   2.36992347394128844800E+018   1.12072770432980691869E-017
      8180   2.25270807620468480000E+018   9.75695479253919326017E-018
      8181   2.26561574969398092800E+018   9.90968909344873988379E-018
      8182   2.39501196199582310400E+018   1.14502538212477819585E-017
      8183   2.40904609415214848000E+018   1.15728487342456383021E-017
      8184   2.41769141128983142400E+018   1.16433268643528892594E-017
      8185   2.23257355710252953600E+018   1.01266122512576125101E-017
      8186   2.24436133714658124800E+018   1.01712094700098852013E-017
      8187   2.17366844989796608000E+018   9.11747933797607843698E-018
      8188   2.17366844991327180800E+018   9.11747933804028431909E-018
      8189   2.27185795174970803200E+018   1.03613705445908780055E-017
      8190   2.27369003854907187200E+018   1.03920186809867497937E-017
      8191   2.17366844959466368000E+018   9.11747933670387536771E-018
      8192   2.17333597374550323200E+018   9.11433394558882411077E-018
      8193   2.17341908814030336000E+018   9.11393027175937525839E-018
      8194   2.35183828911959756800E+018   9.92234941521119118433E-018
      8195   2.34860289493137254400E+018   1.09205597198324362337E-017
      8196   2.37190096689604198400E+018   1.10309418392221786822E-017
      8197   2.17366844991598412800E+018   9.11747933805165963172E-018
      8198   2.17366844553836236800E+018   9.11747931968966943786E-018
      8199   2.27068455668901427200E+018   1.02498365753308013599E-017
      8200   2.24929858791095654400E+018   1.01712800547670578525E-017
      8201   2.37551483230362828800E+018   1.12757318396281053082E-017
      8202   2.38096242773479884800E+018   1.13091603524723517624E-017
      8203   2.29866078845272243200E+018   1.07921550173259036965E-017
      8204   2.30369000377205427200E+018   1.08273871414664801147E-017
      8205   2.25935849642651699200E+018   1.00870639975470785155E-017
      8206   2.25727849526387456000E+018   1.00710555657459786239E-017
      8207   2.20748065595303321600E+018   9.33913944944902112061E-018
      8208   2.18467268642088499200E+018   9.18284589772587927509E-018
      8209   2.16456074718466534400E+018   9.10099162769121977472E-018
      8210   2.19572109005404134400E+018   1.05059863958834774717E-017
      8211   2.14472350818020403200E+018   1.03087600069331194492E-017
      8212   5.20855926181913088000E+018   1.62003441278444454396E-017
      8213   5.15625895476751257600E+018   1.61222690892929937821E-017
      8214   2.17366844992307635200E+018   9.11747933808140677527E-018
      8215   2.17366844992746854400E+018   9.11747933809983099149E-018
      8216   2.17445102272219955200E+018   9.11484359416885902098E-018
      8217   2.18627581169600179200E+018   9.19233593263846563614E-018
      8218   2.17366844992215833600E+018   9.11747933807755799687E-018
      8219   2.17366844991539916800E+018   9.11747933804920368585E-018
      8220   2.17366844992694169600E+018   9.11747933809761694242E-018
      8221   2.17442197056018534400E+018   9.12018210934737172354E-018
      8222   2.17366844990976076800E+018   9.11747933802555326614E-018
      8223   2.17366844992113766400E+018   9.11747933807327626941E-018
      8224   2.17366844993535180800E+018   9.11747933813289535677E-018
      8225   2.16398601852113612800E+018   9.12466494815420376041E-018
      8226   2.16538211196264678400E+018   9.15172999513390648855E-018
      8227   2.17475810579716659200E+018   9.11845418095761711445E-018
      8228   2.55121182809889894400E+018   1.12099132315793991705E-017
      8229   2.53114177603715276800E+018   1.11381588062230730297E-017
      8230   2.35748698051559577600E+018   1.11481420975863798732E-017
      8231   2.34092383225763276800E+018   1.10784414555300157356E-017
      8232   2.19012473136220185600E+018   9.32147297336343682437E-018
      8233   2.19143708149977625600E+018   9.33566383028819748828E-018
      8234   2.28818111324041856000E+018   1.03683394292193017003E-017
      8235   2.29444182897515315200E+018   1.04037935107406271856E-017
      8236   2.15825315530957644800E+018   9.83922294151151550503E-018
      8237   2.17163263002165299200E+018   9.10490014518753693480E-018
      8238   2.16671404072819916800E+018   9.07149103993441431231E-018
      8239   2.17366844993876889600E+018   9.11747933814722889779E-018
      8240   2.17366844992230425600E+018   9.11747933807756878207E-018
      8241   2.20676565160836556800E+018   9.47565589652137671133E-018
      8242   2.20924235182130867200E+018   9.50340908459634190205E-018
      8243   2.20680790092976307200E+018   9.47298660702375292385E-018
      8244   2.20872159444119552000E+018   9.49429115403827913753E-018
      8245   2.61494876051531161600E+018   1.27737925329936008124E-017
      8246   2.26661485836352358400E+018   1.01250274000654743779E-017
      8247   2.27281433512254131200E+018   1.01806131619441745728E-017
      8248   2.17366844991572633600E+018   9.11747933805057648872E-018
      8249   2.17366844996143334400E+018   9.11747933824229588133E-018
      8250   2.17366848908415129600E+018   9.11748017769522215912E-018
      8251   2.17366853229366476800E+018   9.11748064301254314946E-018
      8252   2.20438326666994892800E+018   9.99338004594272607536E-018
      8253   2.39808941612843878400E+018   1.14807801865347771992E-017
      8254   2.40418291767995648000E+018   1.15323322496469446069E-017
      8255   2.30747228832160000000E+018   1.08317836663947920269E-017
      8256   2.30765720326814412800E+018   1.08202275817616596186E-017
      8257   2.17366844985356288000E+018   9.11747933778983330764E-018
      8258   2.17366844992172211200E+018   9.11747933807572913379E-018
      8259   2.17366844983443660800E+018   9.11747933770959752541E-018
      8260   2.17366844991895244800E+018   9.11747933806412887255E-018
      8261   2.17366845003498291200E+018   9.11747933855042156128E-018
      8262   2.17366844991392665600E+018   9.11747933804309155458E-018
      8263   6.55117341332315545600E+018   1.68216733173183158458E-017
      8264   6.48168172136082329600E+018   1.69070046864056991054E-017
      8265   2.17366846092417433600E+018   9.11747938422501961708E-018
      8266   2.17366845558829875200E+018   9.11747936184225161163E-018
      8267   2.17366844987434598400E+018   9.11747933787726590488E-018
      8268   2.17366844991707545600E+018   9.11747933805620944862E-018
      8269   2.17366844942359756800E+018   9.11747933598629081861E-018
      8270   2.17366844985278259200E+018   9.11747933778621872232E-018
      8271   2.17366844991397964800E+018   9.11747933804325025121E-018
      8272   2.17366844989496064000E+018   9.11747933796347669217E-018
      8273   2.17366844979996083200E+018   9.11747933756485695674E-018
      8274   2.17366844368522316800E+018   9.11747931191687348656E-018
      8275   2.17366859126197452800E+018   9.11747993092893068757E-018
      8276   2.17366851898205798400E+018   9.11747962774547818285E-018
      8277   2.17366848054781542400E+018   9.11747946653919610671E-018
      8278   2.17366844948854092800E+018   9.11747933625874057227E-018
      8279   2.17366844985000422400E+018   9.11747933777488500978E-018
      8280   2.17366844978075750400E+018   9.11747933748439622590E-018
      8281   2.17366844989103232000E+018   9.11747933794703387268E-018
      8282   2.17366844973572505600E+018   9.11747933729538392041E-018
      8283   2.17366844990675276800E+018   9.11747933801304550670E-018
      8284   2.17918361102523340800E+018   9.56375484062327001850E-018
      8285   2.16277999092096204800E+018   9.12746013507771557029E-018
      8286   2.30383931642743116800E+018   1.07715933474809082795E-017
      8287   2.30391857126348569600E+018   1.07574166628444795205E-017
      8288   2.17366844990154624000E+018   9.11747933799109914980E-018
      8289   2.17366844989670400000E+018   9.11747933797076287033E-018
      8290   2.17366844988322099200E+018   9.11747933791423143386E-018
      8291   2.17366844991572505600E+018   9.11747933805057186649E-018
      8292   2.17366834831126963200E+018   9.11747891186512902868E-018
      8293   2.17366844756491033600E+018   9.11747932819016954456E-018
      8294   2.17366844984613222400E+018   9.11747933775866405742E-018
      8295   2.17366844924343500800E+018   9.11747933523064064935E-018
      8296   2.17366863414878208000E+018   9.11748011081733873664E-018
      8297   2.17366844855554150400E+018   9.11747933234515385840E-018
      8298   2.17366844939609753600E+018   9.11747933587085982221E-018
      8299   2.17366844946306176000E+018   9.11747933615197009764E-018
      8300   2.17366845005496268800E+018   9.11747933863498837476E-018
      8301   2.17366844946448947200E+018   9.11747933615796513237E-018
      8302   2.17366844971906406400E+018   9.11747933722574537511E-018
      8303   2.19341692430518758400E+018   9.37477587372603934647E-018
      8304   2.19280453332779340800E+018   9.36862713676707260520E-018
      8305   8.84225721117258752000E+017   5.45782316476844039872E-018
      8306   2.17366844992475289600E+018   9.11747933808843873068E-018
      8307   2.17366844877381529600E+018   9.11747933326081799116E-018
      8308   2.37917276107721881600E+018   1.09907473513157557330E-017
      8309   2.36276704153257472000E+018   1.09369529391239793779E-017
      8310   2.17366844982751385600E+018   9.11747933768057453152E-018
      8311   2.17366844991210496000E+018   9.11747933803534007174E-018
      8312   2.08298794650104857600E+018   9.55661819534340202276E-018
      8313   2.09876547195524044800E+018   9.60897875448329627846E-018
      8314   2.10083255628734796800E+018   8.97397534687467248174E-018
      8315   2.32572950918249830400E+018   1.09454176020893681077E-017
      8316   5.09231653944309964800E+018   1.59947384633721348678E-017
      8317   5.41872619869794713600E+018   1.65826016480172302363E-017
      8318   2.39356890793285632000E+018   1.14286144544773401386E-017
      8319   2.39686820920057651200E+018   1.14662583875334887908E-017
      8320   2.17366891343537766400E+018   9.11748128229070355430E-018
      8321   2.62958791987743027200E+018   1.28152912298479056227E-017
      8322   2.88615068265123174400E+018   1.35462382698565701905E-017
      8323   2.31289428172591974400E+018   1.08850377188020595047E-017
      8324   2.31103391916036761600E+018   1.08678890568022497046E-017
      8325   2.24674635657672780800E+018   1.01611009250869397208E-017
      8326   2.07914599353695846400E+018   9.50867159338913509425E-018
      8327   2.30097064501717401600E+018   1.07312909612348580213E-017
      8328   6.17999967808032870400E+018   1.71310519566305120738E-017
      8329   2.25803918522839654400E+018   1.00790819937713177029E-017
      8330   2.25343019744118732800E+018   1.00580050193764736068E-017
      8331   2.25756795808737971200E+018   1.01772377702461395088E-017
      8332   2.25786305110796518400E+018   1.01850856888726909486E-017
      8333   2.25244674184879257600E+018   1.01228873448313012783E-017
      8334   2.26295794176048742400E+018   1.02374797699795524620E-017
      8335   2.26113347086942745600E+018   1.02300420433887608963E-017
      8336   2.17431153251359539200E+018   9.11874996757044213278E-018
      8337   2.17366844942398284800E+018   9.11747933855341214529E-018
      8338   2.16522570523953740800E+018   9.11127224098263448605E-018
      8339   2.16726035848395468800E+018   9.12705942103228883883E-018
      8340   2.17366844630000972800E+018   9.11747932288440973333E-018
      8341   2.17366844771801958400E+018   9.11747932883228537323E-018
      8342   2.24235776791221836800E+018   1.01448443038589795859E-017
      8343   2.17366844992135628800E+018   9.11747933807383401873E-018
      8344   2.17366844609180364800E+018   9.11747932201117922985E-018
      8345   2.04365652019774361600E+018   9.42676522863908285193E-018
      8346   2.23201057005392460800E+018   1.00941162927428807117E-017
      8347   2.17366844992323712000E+018   9.11747933808208162112E-018
      8348   1.91416772114382617600E+018   9.57535905594087768234E-018
      8349   2.30285750826899814400E+018   1.07397428823862383223E-017
      8350   2.29953071985479833600E+018   1.07376846631885309620E-017
      8351   2.17366844928702233600E+018   9.11747933541346994935E-018
      8352   2.17366844989003264000E+018   9.11747933794280298977E-018
      8353   2.17366844691013452800E+018   9.11747932544354692484E-018
      8354   2.17366844591425638400E+018   9.11747932126636049060E-018
      8355   2.17366844977126425600E+018   9.11747933744462962441E-018
      8356   2.17366844981602662400E+018   9.11747933763238468282E-018
      8357   2.17366844533231590400E+018   9.11747931882543533834E-018
      8358   2.17366844992260454400E+018   9.11747933807942846003E-018
      8359   2.17366844992343756800E+018   9.11747933808292132658E-018
      8360   2.17366833247143372800E+018   9.11747727271993839688E-018
      8361   2.31806434526082252800E+018   1.05802202441958417581E-017
      8362   2.31919933684412364800E+018   1.05956202712034877913E-017
      8363   2.25724338949703091200E+018   1.00850599934753128247E-017
      8364   2.17366844990984832000E+018   9.11747933802592150394E-018
      8365   2.17366844858703590400E+018   9.11747933247737126020E-018
      8366   1.06188851771011891200E+018   4.32937177131246919983E-018
      8367   2.17366844896630528000E+018   9.11747933406821712765E-018
      8368   2.17366844945661491200E+018   9.11747933612482989286E-018
      8369   2.26164183215829939200E+018   1.00974575998617390103E-017
      8370   2.26306015551989171200E+018   1.01105259742469499940E-017
      8371   2.40530324817296486400E+018   1.15410787824659235237E-017
      8372   2.40306758488059648000E+018   1.15206825171464440738E-017
      8373   2.17366844992872192000E+018   9.11747933810508646912E-018
      8374   2.17366844991205555200E+018   9.11747933803517983437E-018
      8375   2.40716722046699468800E+018   1.15568824171271364515E-017
      8376   2.39488098135413504000E+018   1.14484299880951296986E-017
      8377   2.17366844447614643200E+018   9.11747919154027079432E-018
      8378   2.17366845622985932800E+018   9.11747951471657402162E-018
      8379   2.25831423996220416000E+018   1.00915413272542000879E-017
      8380   2.25677101025193676800E+018   1.00792445339810479589E-017
      8381   2.17366844894151475200E+018   9.11747933396466372641E-018
      8382   2.17366844809975628800E+018   9.11747933043340800287E-018
      8383   2.46860203472657561600E+018   1.20102838292677880594E-017
      8384   2.45106454608514355200E+018   1.18924440052760851555E-017
      8385   2.17366844991884262400E+018   9.11747933806364816044E-018
      8386   2.17366844992294272000E+018   9.11747933808084594447E-018
      8387   2.23180120695586764800E+018   9.74912651862308173594E-018
      8388   2.23059244059071872000E+018   9.73314955549479538350E-018
      8389   2.23401927964242790400E+018   9.60962304451694431529E-018
      8390   2.25392545216076108800E+018   9.77180101527834232249E-018
      8391   2.30084365439495552000E+018   1.07319659835306912807E-017
      8392   2.25234563100138419200E+018   1.00981432037120590261E-017
      8393   2.17366862126336000000E+018   9.11748005677273388344E-018
      8394   2.17366859625712844800E+018   9.11747995188160942765E-018
      8395   2.25167837754660428800E+018   1.01055035883797431138E-017
      8396   2.17229245510275558400E+018   9.10808224399136347935E-018
      8397   2.16598326378599782400E+018   9.09153377076873067986E-018
      8398   2.25187875276420224000E+018   1.01031758320623058700E-017
      8399   2.43358783366368000000E+018   1.17673742282041739046E-017
      8400   2.41195097520159232000E+018   1.15964432171906681409E-017
      8401   2.29949071291116825600E+018   1.07376283420710818876E-017
      8402   2.12799622993249971200E+018   9.72968486372572646885E-018
      8403   2.10138954529433676800E+018   9.64196391698441431907E-018
      8404   2.10146086742281344000E+018   9.64099980705386528124E-018
      8405   2.17366844992150579200E+018   9.11747933807482009486E-018
      8406   2.17366844990112614400E+018   9.11747933798933499797E-018
      8407   2.25144828844660480000E+018   1.01087087509706062479E-017
      8408   2.25119236102961971200E+018   1.01108627661512167039E-017
      8409   2.31508887168959283200E+018   1.05413694877680047229E-017
      8410   2.17365291647554739200E+018   9.11733049284447976260E-018
      8411   2.01375037956977612800E+018   9.31871584542382828903E-018
      8412   2.17366844991131315200E+018   9.11747933803206599084E-018
      8413   2.42580611650975129600E+018   1.17079635208355665313E-017
      8414   2.42628750166635161600E+018   1.17116954573380067886E-017
      8415   2.39406760976209049600E+018   1.14243640337340462740E-017
      8416   2.24747527498118476800E+018   1.00727959251307426773E-017
      8417   2.18751692051629849600E+018   9.81359379825998902883E-018
      8418   2.17284077341007872000E+018   9.73389628357262375431E-018
      8419   2.22500473737892019200E+018   9.97510982603437187131E-018
      8420   2.23497380425947776000E+018   9.83256690842380020908E-018
      8421   2.23363843643568153600E+018   9.75906927487329194672E-018
      8422   2.22020331232627712000E+018   9.70843016591919046197E-018
      8423   2.17366844992517632000E+018   9.11747933809021366772E-018
      8424   2.17366844908550553600E+018   9.11747933456820548940E-018
      8425   2.19650591715101030400E+018   9.41318436697110142929E-018
      8426   2.30914363493071052800E+018   1.08898173650218935158E-017
      8427   2.35796371077517107200E+018   1.10951841544933494576E-017
      8428   5.33654977568070451200E+018   1.64710137810923473128E-017
      8429   5.22417771128977408000E+018   1.62874352393077918343E-017
      8430   5.75213878078041190400E+018   1.70211628482793384690E-017
      8431   5.52625957185852313600E+018   1.67898288084371218505E-017
      8432   5.40915571805449011200E+018   1.65882864257999753429E-017
      8433   3.37654402273174016000E+018   1.43120044749698878999E-017
      8434   3.10438142023651686400E+018   1.39599731794037321296E-017
      8435   3.42382804750519910400E+018   1.43646599731684276076E-017
      8436   3.50570749981968742400E+018   1.44226386828286462269E-017
      8437   2.91521742878904985600E+018   1.36232243162413737412E-017
      8438   2.25532384760373683200E+018   9.89617337143757065676E-018
      8439   2.26590036218903910400E+018   9.98206560705372742067E-018
      8440   2.22992753950046438400E+018   9.75690673814855304397E-018
      8441   2.23501324054383616000E+018   9.82965871061001553824E-018
      8442   2.17366907590972979200E+018   9.11748025349342760129E-018
      8443   2.17366844899947699200E+018   9.11747933420735709205E-018
      8444   2.29289535936128896000E+018   1.07084310778827313346E-017
      8445   2.24250727784092876800E+018   1.05732953644070012290E-017
      8446   2.25813342109008051200E+018   1.06577620083744939107E-017
      8447   2.17366837140725350400E+018   9.11747900875089609978E-018
      8448   2.17366844998995148800E+018   9.11747933836571717589E-018
      8449   2.05962208106447129600E+018   9.47972979628365050501E-018
      8450   2.07405134542324377600E+018   9.52836574008386766769E-018
      8451   2.07270776003380838400E+018   9.52304111173677861117E-018
      8452   2.20411898785999872000E+018   9.46763367159996843455E-018
      8453   2.19584086322425369600E+018   9.43228068510897527145E-018
      8454   2.27258924440564070400E+018   1.03265158691890135390E-017
      8455   2.27462383458067123200E+018   1.03429365741441788265E-017
      8456   2.27182691048111334400E+018   1.03118098393191846270E-017
      8457   2.26986093104772377600E+018   1.03073168655130145805E-017
      8458   2.27280060798289996800E+018   1.08223255952802337379E-017
      8459   2.38232652646094899200E+018   1.12388112435029987330E-017
      8460   2.35015882031354931200E+018   1.10908522225360793898E-017
      8461   2.17366844927016857600E+018   9.11747933534285149089E-018
      8462   2.17366844992063027200E+018   9.11747933807114696127E-018
      8463   2.17366844992976921600E+018   9.11747933810947913014E-018
      8464   2.17366844991831372800E+018   9.11747933806142794840E-018
      8465   2.17366844813451673600E+018   9.11747933057927023314E-018
      8466   2.28779406015167334400E+018   1.04182713605859668347E-017
      8467   2.29320279744563891200E+018   1.04213931873154466307E-017
      8468   2.29563853698533606400E+018   1.04462366726500674999E-017
      8469   2.28298382532027904000E+018   1.04273789787877690003E-017
      8470   2.38039107746403379200E+018   1.13069031553525762990E-017
      8471   2.37299875616810291200E+018   1.12317195118540269889E-017
      8472   2.36417278664477337600E+018   1.11386907723174884061E-017
      8473   2.37109532245145241600E+018   1.12123799044648131414E-017
      8474   2.36289725816124262400E+018   1.11294454909408419385E-017
      8475   2.36724353540130508800E+018   1.11796322528641107589E-017
      8476   2.35823746855043942400E+018   1.10758593678973838827E-017
      8477   2.35432862105859788800E+018   1.10306711399691924766E-017
      8478   2.17366844940626995200E+018   9.11747933591365552632E-018
      8479   2.17366844913710592000E+018   9.11747933478621459613E-018
      8480   2.28112612642896716800E+018   1.04189292923582784786E-017
      8481   2.27135265551471462400E+018   1.02143668589100000176E-017
      8482   2.27401638442726835200E+018   1.02251315237949835178E-017
      8483   2.27022893638218060800E+018   1.02557690833546426907E-017
      8484   2.27089387581003084800E+018   1.02622262591053613958E-017
      8485   2.24267275494331776000E+018   9.86429975148044587338E-018
      8486   2.27689280992166988800E+018   9.96821982313593223127E-018
      8487   2.29499405648892800000E+018   1.06388921045633286026E-017
      8488   2.29855941450337484800E+018   1.06859932301367017837E-017
      8489   2.29336638111726336000E+018   1.06331563144541868227E-017
      8490   2.28845958311547545600E+018   1.05860361331334047926E-017
      8491   2.17366844860196608000E+018   9.11747933253999325753E-018
      8492   2.17366844754002867200E+018   9.11747932808568245248E-018
      8493   2.17366844982307097600E+018   9.11747933766193461115E-018
      8494   2.17012298653969152000E+018   9.10552837483401220677E-018
      8495   2.17062357018328089600E+018   9.10820869011107036864E-018
      8496   2.12221716647197619200E+018   9.68567971245921989014E-018
      8497   2.17366843152153011200E+018   9.11747927979757126949E-018
      8498   2.17366844992599449600E+018   9.11747933809364798599E-018
      8499   2.27297185457126272000E+018   1.02054536530239044789E-017
      8500   2.26892366979434675200E+018   1.01938907533615971044E-017
      8501   2.25435504387251200000E+018   1.01481303956595949096E-017
      8502   2.25378391169725235200E+018   1.01406307646334944003E-017
      8503   2.24929513614037964800E+018   9.92527113339729674932E-018
      8504   2.17366844889987123200E+018   9.11747933378963521306E-018
      8505   2.17366844993130854400E+018   9.11747933811593484731E-018
      8506   2.17366844993211878400E+018   9.11747933811933372848E-018
      8507   2.17366847560058572800E+018   9.11747944578908359670E-018
      8508   2.30479709026888729600E+018   1.07265972100071369710E-017
      8509   2.30467120001049548800E+018   1.07209226511949610803E-017
      8510   2.30421105562320409600E+018   1.07450759108432217710E-017
      8511   2.30477748624605440000E+018   1.07689744443505281062E-017
      8512   2.30135645105100236800E+018   1.07459744263156018460E-017
      8513   2.30132376629915750400E+018   1.07462477921059300454E-017
      8514   2.30087815988645811200E+018   1.07494246858098232964E-017
      8515   2.30068978075153305600E+018   1.07496699948863431277E-017
      8516   2.30074257749925043200E+018   1.07441106052840079746E-017
      8517   2.30267151607172275200E+018   1.07431160961076999915E-017
      8518   2.17454907660358502400E+018   9.11921433602855228402E-018
      8519   2.17366844984278067200E+018   9.11747933774460322808E-018
      8520   2.16663484628707686400E+018   9.09676446486810770748E-018
      8521   2.17366844764416665600E+018   9.11747932852249260833E-018
      8522   2.17366844753843712000E+018   9.11747932807900794966E-018
      8523   2.17459590540970624000E+018   9.11997070711634948944E-018
      8524   2.16952111968335385600E+018   9.09927597782855423314E-018
      8525   2.17352085861567692800E+018   9.28268811086815135470E-018
      8526   2.25247558705692057600E+018   1.01010490053688698233E-017
      8527   2.25234109982946944000E+018   1.01005218719958329933E-017
      8528   2.41442794956925696000E+018   1.16168097461730839259E-017
      8529   2.36887695552640614400E+018   1.11948540779885576299E-017
      8530   2.38521903027437414400E+018   1.13564733733019461880E-017
      8531   2.39387726616426854400E+018   1.14374439028626223052E-017
      8532   2.41080471935892224000E+018   1.15866477787806154449E-017
      8533   2.39610604391283353600E+018   1.14518474864471186148E-017
      8534   2.39676525826996019200E+018   1.14652191025899875574E-017
      8535   2.38723899272537753600E+018   1.13724129962351977924E-017
      8536   2.27096741172027264000E+018   1.02933316097021141979E-017
      8537   2.26962363069377228800E+018   1.02839782353265065009E-017
      8538   2.26134965806095027200E+018   1.01562943347006137580E-017
      8539   2.26330440161562060800E+018   1.01929566924550270281E-017
      8540   2.26223052009365657600E+018   1.02100739702776035598E-017
      8541   2.26180458559296460800E+018   1.01931319079718441311E-017
      8542   2.30546334393577958400E+018   1.07463854299611773401E-017
      8543   2.30258768240404736000E+018   1.07329580170276276443E-017
      8544   2.30269668360522982400E+018   1.07283430922019939920E-017
      8545   2.17366844908308275200E+018   9.11747933455804120153E-018
      8546   2.17366844966349977600E+018   9.11747933699260924423E-018
      8547   2.24819095900610432000E+018   1.01674536034332736723E-017
      8548   2.24799238364245248000E+018   1.01765540831137189408E-017
      8549   2.17366844992314777600E+018   9.11747933808170722034E-018
      8550   2.17366844610097971200E+018   9.11747932204957610997E-018
      8551   2.22434203003571532800E+018   9.47665743713251415497E-018
      8552   2.18524267105646566400E+018   9.18848992661003777353E-018
      8553   2.17578111190302464000E+018   9.23267335316038650222E-018
      8554   2.17536094436369408000E+018   9.22760831877994217061E-018
      8555   2.17584024975462604800E+018   9.22556893533767495627E-018
      8556   2.28354651144927436800E+018   1.05236059074482857330E-017
      8557   2.28364450339466214400E+018   1.04955605871024403245E-017
      8558   2.17356342240693068800E+018   9.11684819144618670455E-018
      8559   2.17366844817359795200E+018   9.11747933074319614554E-018
      8560   2.16746985617000985600E+018   9.13587097279457664496E-018
      8561   2.17099318990310630400E+018   9.17678409096670688221E-018
      8562   2.16846774514863564800E+018   9.14066275353176908367E-018
      8563   2.16454344068104038400E+018   9.10255516666287765757E-018
      8564   2.17366844991828377600E+018   9.11747933806130314814E-018
      8565   2.17366844858077900800E+018   9.11747933245110927948E-018
      8566   2.17366844992103552000E+018   9.11747933807284486111E-018
      8567   2.30302435994348800000E+018   1.07262321231580297119E-017
      8568   2.30037849094283776000E+018   1.07277028486954326073E-017
      8569   2.34911157846685081600E+018   1.10630991423121002381E-017
      8570   2.37418737845543628800E+018   1.11869934853070557631E-017
      8571   2.36382240890610688000E+018   1.11446755413475890306E-017
      8572   2.34582412314905856000E+018   1.10436404793313495005E-017
      8573   2.17366844927884620800E+018   9.11747933537917761113E-018
      8574   2.17366844838967398400E+018   9.11747933164953107365E-018
      8575   2.17366844851260339200E+018   9.11747933216515798654E-018
      8576   2.17366844776455961600E+018   9.11747932902748376570E-018
      8577   2.39304436657136998400E+018   1.14271689398716259484E-017
      8578   2.39821857684660992000E+018   1.14782900961069012376E-017
      8579   2.27638919197589324800E+018   1.03653190171912433846E-017
      8580   2.27841033823360998400E+018   1.03929325517946794809E-017
      8581   2.27598106675985280000E+018   1.03660508007016477164E-017
      8582   2.17461000382012083200E+018   9.11954470266670248487E-018
      8583   2.17386863612976256000E+018   9.11716556075643084200E-018
      8584   2.17366844971009587200E+018   9.11747933718805723722E-018
      8585   2.17366844971592857600E+018   9.11747933721251962900E-018
      8586   2.27267770432450432000E+018   1.07913137533436928264E-017
      8587   2.37864894373436313600E+018   1.12938775967247368482E-017
      8588   2.38063244021066342400E+018   1.12381638302915413720E-017
      8589   2.36937693412529152000E+018   1.11741801829198271375E-017
      8590   2.37625291013774950400E+018   1.12706495887606095746E-017
      8591   2.17366844989035545600E+018   9.11747933794415576297E-018
      8592   2.17366844841588684800E+018   9.11747933175948318455E-018
      8593   2.21586716130923699200E+018   1.00358433756922196545E-017
      8594   2.19428404437876428800E+018   9.96075413690610551115E-018
      8595   2.21071990555765836800E+018   1.00168453552217915876E-017
      8596   2.30260253290571673600E+018   1.07343216431788978063E-017
      8597   2.17366844991830169600E+018   9.11747933806137864459E-018
      8598   2.17366844969467801600E+018   9.11747933712338605043E-018
      8599   2.17366844992528998400E+018   9.11747933809069283909E-018
      8600   2.17366844734871910400E+018   9.11747932728291941455E-018
      8601   2.17366844891968972800E+018   9.11747933387279686806E-018
      8602   2.25328776028313881600E+018   1.01289347535526501760E-017
      8603   2.25374642273214156800E+018   1.01359595674782539141E-017
      8604   2.30539748234239616000E+018   1.07765734230379226889E-017
      8605   2.30490072569035827200E+018   1.07558239329518628600E-017
      8606   2.30450278184760883200E+018   1.07407672371445825623E-017
      8607   2.30536126663224985600E+018   1.07846005240871013537E-017
      8608   2.30205894896024166400E+018   1.07272957311563810175E-017
      8609   2.17366844922710784000E+018   9.11747933516215920276E-018
      8610   2.17596443428832588800E+018   9.22563985354377303892E-018
      8611   2.17660557893030246400E+018   9.23562095225565370556E-018
      8612   2.13608778086677350400E+018   9.76021448044050944274E-018
      8613   2.16255781235288268800E+018   9.85236190844529187069E-018
      8614   2.28178211858901632000E+018   1.04580718821221292768E-017
      8615   2.28079692329093427200E+018   1.04826639232321977753E-017
      8616   2.05370748808408985600E+018   9.45731978857334818533E-018
      8617   2.04517917776431334400E+018   9.42913493622966927115E-018
      8618   2.17366841504103782400E+018   9.11747919176502065585E-018
      8619   2.17366844992048435200E+018   9.11747933807060616014E-018
      8620   2.30977795348662732800E+018   1.08030455497658652489E-017
      8621   2.33313331789795379200E+018   9.83948795273957619938E-018
      8622   2.15536063391429580800E+018   9.25537930903813039131E-018
      8623   2.03325373004766771200E+018   9.38967181909967446016E-018
      8624   2.17366844914540953600E+018   9.11747933481947309515E-018
      8625   6.15282357334337126400E+018   1.71256910677822610849E-017
      8626   6.33929700480303411200E+018   1.70395906499837656512E-017
      8627   6.32575700912506572800E+018   1.70586388044138982976E-017
      8628   2.25199777698736281600E+018   1.00955023413941681113E-017
      8629   2.25236145817742745600E+018   1.00975649708251128797E-017
      8630   2.17366844877855180800E+018   9.11747933328068280298E-018
      8631   2.17366844992110387200E+018   9.11747933807313143948E-018
      8632   2.30278613736128460800E+018   1.07420872866067402595E-017
      8633   2.30153918025879782400E+018   1.07395141642013263927E-017
      8634   2.17366844871098393600E+018   9.11747933299727065608E-018
      8635   2.17366844804459827200E+018   9.11747933020210689804E-018
      8636   2.25540246232124774400E+018   9.99438347494413147583E-018
      8637   2.24350579658933043200E+018   9.88294345817605808149E-018
      8638   2.24262859628667264000E+018   9.88879510677267966870E-018
      8639   2.25366338886095872000E+018   1.00088056092002184656E-017
      8640   2.09974534062202880000E+018   9.63197419166410883301E-018
      8641   2.08751567766280857600E+018   9.58864877286960038370E-018
      8642   2.08556918128928665600E+018   9.56272094441013808363E-018
      8643   2.25158964820589030400E+018   1.01089392157081701303E-017
      8644   2.25144198782147020800E+018   1.01111589617253306958E-017
      8645   2.25117609628592281600E+018   1.01120894594252213256E-017
      8646   2.17095984760373043200E+018   9.10050537264002294322E-018
      8647   2.17314751332240998400E+018   9.11430581357330733651E-018
      8648   2.17366844991144166400E+018   9.11747933803260679196E-018
      8649   2.17366844992158976000E+018   9.11747933807517138448E-018
      8650   2.24781422110332160000E+018   9.94277187220026295703E-018
      8651   2.24325138457148544000E+018   9.88356087129109646484E-018
      8652   2.17366844992540313600E+018   9.11747933809116430674E-018
      8653   2.17366844746359347200E+018   9.11747932776507520575E-018
      8654   2.20088726791527347200E+018   9.42104135965693485227E-018
      8655   2.20656926580867328000E+018   9.44598812306004722911E-018
      8656   2.35150539592988723200E+018   1.10727119103605704795E-017
      8657   2.36350958651173376000E+018   1.11334399753638863883E-017
      8658   2.41416420428787046400E+018   1.16150272818652685947E-017
      8659   2.42732294310024601600E+018   1.17191666710060717181E-017
      8660   6.91457737269962956800E+018   1.62599287953697159051E-017
      8661   7.06583607575407001600E+018   1.59677827244645241801E-017
      8662   2.43346839007217766400E+018   1.17659554790925326430E-017
      8663   2.41988433857066137600E+018   1.16609801685284662185E-017
      8664   2.36892699026082099200E+018   1.11902320650633605822E-017
      8665   2.36916138743205939200E+018   1.11647942464496277016E-017
      8666   2.80846104645527296000E+018   1.33857130224002055408E-017
      8667   2.99654215280016025600E+018   1.37925638252836544189E-017
      8668   2.29402091272644889600E+018   1.08114336343630641059E-017
      8669   2.28997864497365836800E+018   1.07814703275092804397E-017
      8670   2.29575717778437708800E+018   1.08046649323834385968E-017
      8671   2.30016405461656396800E+018   1.08361851116509619286E-017
      8672   3.00731836227244032000E+018   1.38041878444919119359E-017
      8673   3.29299836898410086400E+018   1.42195618292925380092E-017
      8674   2.17366844742281318400E+018   9.11747932759402027107E-018
      8675   2.17366844939847628800E+018   9.11747933588096402107E-018
      8676   2.29865756995336704000E+018   1.05149351770292256574E-017
      8677   2.31923140548052019200E+018   1.06479926866594712953E-017
      8678   2.31455370592040550400E+018   1.06414969643884227650E-017
      8679   2.29220343994832563200E+018   1.05051402350238906084E-017
      8680   2.30183068673456588800E+018   1.07068053868815989538E-017
      8681   2.30306860249075788800E+018   1.07165634725844062616E-017
      8682   2.27837796898549222400E+018   1.03979470708369599592E-017
      8683   2.28116031269001369600E+018   1.04243805467499842385E-017
      8684   2.17366844917038924800E+018   9.11747933492425138785E-018
      8685   2.17366844793056512000E+018   9.11747932972379218151E-018
      8686   2.17366844992537267200E+018   9.11747933809103796573E-018
      8687   2.17366844693548544000E+018   9.11747932554991834678E-018
      8688   2.17366844992252364800E+018   9.11747933807908949636E-018
      8689   2.42286805840543180800E+018   1.16847654003974240086E-017
      8690   2.43323692642520268800E+018   1.17653794228593218128E-017
      8691   2.24103458092323507200E+018   9.88223260066340932882E-018
      8692   2.24580104216694041600E+018   9.94227175812748539375E-018
      8693   2.17366844983269606400E+018   9.11747933579679934176E-018
      8694   2.17366844980208000000E+018   9.11747933491075755229E-018
      8695   2.35634959761941248000E+018   1.11180347658377093185E-017
      8696   2.35015908726006476800E+018   1.10801831549059084864E-017
      8697   2.38934984909474508800E+018   1.11545552760101629101E-017
      8698   2.21060215573009305600E+018   1.03985958018723866399E-017
      8699   2.28285548282489779200E+018   1.06827136938907242982E-017
      8700   2.30364316020248883200E+018   1.07649071614357713273E-017
      8701   2.24224827912988032000E+018   1.05341078622600996273E-017
      8702   2.30592161382011750400E+018   1.06522020222617425804E-017
      8703   2.31262406743771033600E+018   1.06906171826406391044E-017
      8704   5.25349237502226022400E+018   1.62928370800245636846E-017
      8705   5.21778974510899609600E+018   1.62348998193913432502E-017
      8706   6.82020625918076313600E+018   1.64308595144600960662E-017
      8707   6.59098235069393612800E+018   1.67801626168863431770E-017
      8708   6.61045759312183398400E+018   1.67462936056488108262E-017
      8709   7.84186941613901926400E+018   1.46671669753732239069E-017
      8710   7.37848917751809331200E+018   1.52252340508496904933E-017
      8711   2.97570669435585740800E+018   1.36838405506062242193E-017
      8712   3.24889220074078720000E+018   1.41098591816964024353E-017
      8713   2.90710086650761113600E+018   1.36113180343620089401E-017
      8714   2.73770251107890022400E+018   1.31911287143157013832E-017
      8715   2.61546175555406028800E+018   1.27758901297111862820E-017
      8716   2.56633174341206220800E+018   1.25567516884033671467E-017
      8717   2.33529248074374092800E+018   1.08512772720635036368E-017
      8718   2.35112035994770329600E+018   1.09748257402801448175E-017
      8719   2.34074830652381593600E+018   1.08821854923066347028E-017
      8720   2.17366844832618393600E+018   9.11747933138322118466E-018
      8721   2.17366844904372531200E+018   9.11747933439295664967E-018
      8722   2.14960072248470579200E+018   9.73483545494358116292E-018
      8723   2.24145333245616000000E+018   9.78801666135609888524E-018
      8724   2.21854937840486195200E+018   9.68420493621074768675E-018
      8725   2.28959722459461145600E+018   1.05743336985436086144E-017
      8726   2.28922155270369203200E+018   1.05509128401146513004E-017
      8727   2.27203232143903436800E+018   1.03308211296657752526E-017
      8728   2.27203877380647782400E+018   1.03482008674963753913E-017
      8729   2.27104172788032486400E+018   1.03525342741322596862E-017
      8730   2.26958209344722636800E+018   1.03284292598474689662E-017
      8731   2.08784309471250713600E+018   1.01004899522249209026E-017
      8732   2.07377443431742259200E+018   1.00245484740828203457E-017
      8733   2.42234524317965312000E+018   1.16806017826127774624E-017
      8734   2.41257088721909504000E+018   1.16013187117176816522E-017
      8735   2.17366844651478374400E+018   9.11747932378540752438E-018
      8736   2.17366844992199577600E+018   9.11747933807686466209E-018
      8737   2.17366844888628992000E+018   9.11747933373315924337E-018
      8738   2.17366844970421452800E+018   9.11747933716615556189E-018
      8739   2.17341251242517529600E+018   9.11662895338455376056E-018
      8740   2.17346252161520153600E+018   9.11674503040642921489E-018
      8741   2.17286764555755545600E+018   9.11497162547223014371E-018
      8742   2.17275482636169497600E+018   9.11469919364274665774E-018
      8743   2.16458489476131481600E+018   9.12313355767303089637E-018
      8744   2.27567774259868006400E+018   1.08397377034183296286E-017
      8745   2.31796736692742656000E+018   1.09763678498300867398E-017
      8746   2.27823891972395340800E+018   1.08861649401591133411E-017
      8747   2.25536984591710412800E+018   1.08069706995129833328E-017
      8748   2.58625060698546995200E+018   1.26325689780173168002E-017
      8749   2.63852079214353356800E+018   1.28477020371648091904E-017
      8750   2.43818712242832691200E+018   1.18025902282581441451E-017
      8751   2.41991597893569689600E+018   1.16613985451422049395E-017
      8752   2.42956769844726937600E+018   1.17372429812437118885E-017
      8753   2.44900964131154841600E+018   1.18807245325769122797E-017
      8754   2.31113764821344972800E+018   1.08105400826060058226E-017
      8755   2.31901418429131980800E+018   1.09084637733248980175E-017
      8756   7.15493659251265945600E+018   1.57789116819467231787E-017
      8757   7.38650024447232921600E+018   1.52140700232936255990E-017
      8758   2.50061669482793984000E+018   1.22153868863972803305E-017
      8759   2.48805618796466380800E+018   1.21407689824576939311E-017
      8760   2.55425825723260364800E+018   1.24996142255577369699E-017
      8761   2.31401088634152243200E+018   1.06474932810459695058E-017
      8762   2.33002613811888793600E+018   1.07403022357937989888E-017
      8763   2.33878124599613696000E+018   1.08567358097530497039E-017
      8764   2.32944863404766361600E+018   1.07663414834036361479E-017
      8765   2.20071171181468057600E+018   9.98512264424250462137E-018
      8766   2.22669036073844838400E+018   1.00744159059873621795E-017
      8767   2.09892061123776332800E+018   1.01473472775892179776E-017
      8768   2.08243847883276339200E+018   1.00910727196635041679E-017
      8769   2.17366844988730496000E+018   9.11747933793136296590E-018
      8770   2.17366844992326297600E+018   9.11747933808218947320E-018
      8771   2.17366844992532787200E+018   9.11747933809085153571E-018
      8772   2.17366844990408499200E+018   9.11747933800174723128E-018
      8773   2.17366844992097075200E+018   9.11747933807257060868E-018
      8774   2.17411366042302976000E+018   9.11793607770666564428E-018
      8775   2.17507716545210777600E+018   9.11964939625812425773E-018
      8776   2.16338002904552396800E+018   9.09222661729241098029E-018
      8777   2.16275470585617766400E+018   9.09943106813161738158E-018
      8778   2.25248062561463680000E+018   1.00994549538106452498E-017
      8779   2.25237424565156454400E+018   1.01007700389998350733E-017
      8780   2.25241682918436326400E+018   1.00980169595271745414E-017
      8781   2.25241398844842649600E+018   1.01002642460632769209E-017
      8782   2.25238175699769676800E+018   1.00986596267626926620E-017
      8783   2.35101459476289075200E+018   1.10984961629552116831E-017
      8784   2.32623979637657907200E+018   1.09814983699980166406E-017
      8785   2.28094132045255859200E+018   1.08395261729342259272E-017
      8786   2.35142996499682867200E+018   1.11264193445667592698E-017
      8787   2.34053127936834304000E+018   1.10615439060239611409E-017
      8788   2.30722244963197440000E+018   1.09475793093880897131E-017
      8789   2.29696712436102732800E+018   1.07036110476035769615E-017
      8790   2.29727132459089152000E+018   1.06634257170682565222E-017
      8791   2.17276047665252915200E+018   9.11168760609434047997E-018
      8792   2.17300656821708160000E+018   9.10580364287982638912E-018
      8793   2.21910155175364787200E+018   9.44219242390412004787E-018
      8794   2.16828009859896448000E+018   9.07964413727354944276E-018
      8795   2.47344883585422643200E+018   1.20489560038872949652E-017
      8796   2.51332776381841100800E+018   1.22865073252223585450E-017
      8797   2.17650416303583539200E+018   9.13400392887446774326E-018
      8798   2.17341903206373811200E+018   9.11587937948497008865E-018
      8799   2.17318315918852556800E+018   9.11425399697245837807E-018
      8800   2.18084961309621990400E+018   9.15940414434532502662E-018
      8801   2.17366844933243852800E+018   9.11747933560401529507E-018
      8802   2.17366844847522867200E+018   9.11747933200829330369E-018
      8803   2.17366844982635878400E+018   9.11747933767494619385E-018
      8804   2.28446369759580467200E+018   1.05112747749161794630E-017
      8805   2.28699014723249868800E+018   1.05295198309231698168E-017
      8806   2.46166181703752960000E+018   1.19670114654121603071E-017
      8807   2.47740671439381811200E+018   1.20693988701352236946E-017
      8808   2.25173290924099788800E+018   1.00948914461676314940E-017
      8809   2.25182469482243302400E+018   1.00952873657903681821E-017
      8810   2.31792553671040768000E+018   1.10135412196008038545E-017
      8811   2.32195413534415001600E+018   1.10226134573930976472E-017
      8812   2.36073060785863782400E+018   1.11805607352496776709E-017
      8813   2.36415916547589273600E+018   1.12067621490856634639E-017
      8814   2.35340200505471795200E+018   1.11498223814643748432E-017
      8815   2.34752501140024524800E+018   1.11190487582633068167E-017
      8816   2.95919210062113894400E+018   1.36601626615738155082E-017
      8817   2.96741879453262848000E+018   1.36796829229244765233E-017
      8818   2.17366844993283379200E+018   9.11747933812233663844E-018
      8819   2.17366844993315123200E+018   9.11747933812366630048E-018
      8820   2.17796813247095705600E+018   9.13467313855360548569E-018
      8821   2.16399935052308224000E+018   9.05449920836454988007E-018
      8822   2.13829925419526860800E+018   9.76392849974561552223E-018
      8823   2.10876131863101977600E+018   9.66081928547059643713E-018
      8824   2.09941556623044198400E+018   9.62879817707411302741E-018
      8825   2.12160203792430873600E+018   9.70622152233471327483E-018
      8826   2.27807172133512780800E+018   1.03111678252389487251E-017
      8827   2.27674656182261043200E+018   1.03431689199117319604E-017
      8828   2.27594343743139456000E+018   1.03576109764480109939E-017
      8829   2.27531665846045440000E+018   1.03365140410797233944E-017
      8830   2.16451062368031488000E+018   9.10588087434652052521E-018
      8831   2.16442528785856691200E+018   9.11530079309377216149E-018
      8832   2.18793955612759961600E+018   9.47675114781458969838E-018
      8833   2.18946933557798041600E+018   9.43028766935132228710E-018
      8834   3.33109837378898636800E+018   1.42133053102491736668E-017
      8835   3.43589217793520435200E+018   1.43262233710755194900E-017
      8836   3.67923575126432972800E+018   1.45337047921585806087E-017
      8837   2.17366844992127692800E+018   9.11747933807385867063E-018
      8838   2.17366844992283878400E+018   9.11747933808040991393E-018
      8839   2.39288733143408998400E+018   1.14251265995140215912E-017
      8840   2.46561804367173888000E+018   1.19939157596454856776E-017
      8841   2.45078211788419379200E+018   1.18926277587396537293E-017
      8842   2.36577138184508825600E+018   1.11520730992437557566E-017
      8843   2.32261721815059404800E+018   1.06386997819320725412E-017
      8844   2.33182286706720102400E+018   1.07549047219986426694E-017
      8845   2.37628122424941312000E+018   1.12625038332116560550E-017
      8846   2.30301131067755955200E+018   1.07212003651740695281E-017
      8847   2.39721557302322278400E+018   1.14649808452862622292E-017
      8848   2.42358188887300761600E+018   1.16904456956116330458E-017
      8849   2.46017168578745702400E+018   1.19603161133666006769E-017
      8850   2.42669974987282329600E+018   1.17158637845780551009E-017
      8851   2.37651005193350963200E+018   1.12678960942474067328E-017
      8852   2.37960973905992908800E+018   1.12997201554132599763E-017
      8853   2.26370078520024704000E+018   1.01942728528177533615E-017
      8854   2.26049245424466457600E+018   1.01331262244594036137E-017
      8855   2.25671219547171686400E+018   1.00960889379871024115E-017
      8856   2.26119875570220262400E+018   1.01590247726697942340E-017
      8857   2.34827959343725926400E+018   1.10627228907448045898E-017
      8858   2.37440856638695219200E+018   1.11067242094909607016E-017
      8859   3.26843061920243968000E+018   1.41313761176963872321E-017
      8860   3.00220704933864294400E+018   1.37365999231038909985E-017
      8861   2.17366844723270169600E+018   9.11747932679659745168E-018
      8862   2.17366844992186035200E+018   9.11747933807630537203E-018
      8863   2.17366844992004403200E+018   9.11747933806868793391E-018
      8864   2.17366844991851033600E+018   9.11747933806225686864E-018
      8865   2.16308697478627328000E+018   9.09906593344076633012E-018
      8866   2.16462680697233075200E+018   9.10058877766552724436E-018
      8867   2.25994168907676723200E+018   1.02164089267738671042E-017
      8868   2.25924126820494412800E+018   1.02149085379053187970E-017
      8869   2.26244362493187584000E+018   1.02310400303025457569E-017
      8870   2.26094484003238732800E+018   1.02287047483105886194E-017
      8871   2.31339800398981836800E+018   1.09123740351740329700E-017
      8872   2.31921374796111257600E+018   1.08614123660924120032E-017
      8873   2.25351345967415628800E+018   1.04031578761062909443E-017
      8874   2.31403077821911808000E+018   1.06050279367557243119E-017
      8875   2.25259862331118822400E+018   1.03996760951986921038E-017
      8876   2.20765084524537139200E+018   1.02317844712788490137E-017
      8877   2.17366844991539942400E+018   9.11747933804920522660E-018
      8878   2.17366844701587814400E+018   9.11747932588712865037E-018
      8879   2.37854555599160729600E+018   1.12950215554595500378E-017
      8880   2.38453946739100211200E+018   1.13384014822524412806E-017
      8881   2.28459792559856025600E+018   1.05393029290731607873E-017
      8882   2.28819642079252940800E+018   1.05676527049355218828E-017
      8883   2.28661258309859737600E+018   1.05345183770118177089E-017
      8884   2.28593266434730649600E+018   1.05091154457886804261E-017
      8885   2.17366844980682547200E+018   9.11747933515798532739E-018
      8886   2.17366844982923904000E+018   9.11747933560995178153E-018
      8887   2.61579244429446246400E+018   1.27551082165551389822E-017
      8888   2.56561853616263731200E+018   1.25442330793745763853E-017
      8889   2.17093028983437747200E+018   9.10006623549055968783E-018
      8890   2.17134832611432627200E+018   9.10348731278340547245E-018
      8891   2.16387745002567168000E+018   9.04530838917821504205E-018
      8892   2.17086822513332505600E+018   9.09796213986950098304E-018
      8893   2.16596634857977369600E+018   9.06056757200010426144E-018
      8894   5.44950513582382284800E+018   1.66200904603801997087E-017
      8895   5.48991689300372787200E+018   1.66636993045796737877E-017
      8896   2.17366844896583321600E+018   9.11747933406627116804E-018
      8897   2.17366844685208294400E+018   9.11747932520008780945E-018
      8898   2.17366844992249881600E+018   9.11747933807898472577E-018
      8899   2.17366844681631820800E+018   9.11747932505007173348E-018
      8900   2.17366844809101132800E+018   9.11747933039678760053E-018
      8901   2.17366844465340236800E+018   9.11747931597769677430E-018
      8902   2.17366844992606540800E+018   9.11747933809394380883E-018
      8903   2.17366844826441600000E+018   9.11747933112413584408E-018
      8904   2.02042689545626700800E+018   9.33887292471653991485E-018
      8905   2.20486702446054092800E+018   9.45715144389429941192E-018
      8906   2.19992433104683929600E+018   9.42452683734396579479E-018
      8907   3.30000587490782361600E+018   1.42263258554827860114E-017
      8908   3.00941972746899097600E+018   1.38050931959980425958E-017
      8909   2.17366844908583244800E+018   9.11747933456957521078E-018
      8910   2.28050273031271680000E+018   1.04120844557919553302E-017
      8911   2.27690942746399616000E+018   1.03846273553987152208E-017
      8912   2.27895282075500979200E+018   1.02750839194408096831E-017
      8913   2.26605948828756684800E+018   1.02264044532544383960E-017
      8914   2.26343259687750656000E+018   1.02165877567071352141E-017
      8915   2.27622243613767168000E+018   1.02647525546581248136E-017
      8916   2.24099967760182297600E+018   1.01224710387080982301E-017
      8917   2.25950142576405683200E+018   1.01854927054323851780E-017
      8918   2.23468399796806758400E+018   1.00998945718189261007E-017
      8919   2.17430758106494105600E+018   9.11841395170532221720E-018
      8920   2.16962883145067648000E+018   9.10263758921416159230E-018
      8921   2.16756843701920768000E+018   9.10300216098926116942E-018
      8922   2.16824658018816665600E+018   9.10024144911100910069E-018
      8923   2.39011442145512140800E+018   1.14027922253936598159E-017
      8924   2.40206082924903270400E+018   1.15108586577609432133E-017
      8925   2.38783630530611251200E+018   1.13786920856810365938E-017
      8926   2.38535810192152473600E+018   1.13425006312755235163E-017
      8927   2.08126822128543283200E+018   9.09335151703744446669E-018
      8928   2.11308361850380160000E+018   9.67966753234099435397E-018
      8929   2.26757216440122905600E+018   9.96127501609318249538E-018
      8930   2.26938910037090790400E+018   9.97772257051487526861E-018
      8931   2.27398290130084915200E+018   9.91281965361740997988E-018
      8932   2.26253989072003891200E+018   9.85994837457469023498E-018
      8933   2.27100971458149196800E+018   9.93196558977863711293E-018
      8934   2.27111250471012633600E+018   1.08124280797621141583E-017
      8935   2.26583682090526208000E+018   1.07948988542155294938E-017
      8936   2.21260596273561395200E+018   1.00251110918347137403E-017
      8937   2.18628502457415500800E+018   9.93471086633243999071E-018
      8938   2.13858258291174348800E+018   9.76836910248681438512E-018
      8939   2.17079731180014822400E+018   9.87964690564938494022E-018
      8940   2.10167203596490342400E+018   9.61765709111508494300E-018
      8941   2.07984093220317900800E+018   9.54387167412605932816E-018
      8942   2.05258052777218892800E+018   9.45138055803330891714E-018
      8943   2.37223781207431987200E+018   1.12609814260127135452E-017
      8944   2.39457798326583603200E+018   1.14255671902747165684E-017
      8945   2.08620645422501401600E+018   9.50731860154669287182E-018
      8946   2.19249632241037516800E+018   9.87468173047138118535E-018
      8947   2.19303774353686297600E+018   9.38375747453152788191E-018
      8948   2.19128991048515020800E+018   9.36061546996001672496E-018
      8949   2.27638929091161497600E+018   1.05167625925861361455E-017
      8950   2.23562433549371468800E+018   1.03641121468121456315E-017
      8951   2.17366845405698457600E+018   9.11747935542186215620E-018
      8952   2.17366845877796864000E+018   9.11747937522918727687E-018
      8953   2.17366845390533427200E+018   9.11747935478506959790E-018
      8954   2.17366876430742323200E+018   9.11748065677162548747E-018
      8955   2.17366844991209472000E+018   9.11747933803405971351E-018
      8956   2.17366845093019852800E+018   9.11747934230703111798E-018
      8957   2.17366844991615232000E+018   9.11747933805239918882E-018
      8958   2.17366888591261696000E+018   9.11748116684609159713E-018
      8959   2.17366855514587136000E+018   9.11747977943804227524E-018
      8960   2.29171538151989990400E+018   1.06360537468375758645E-017
      8961   2.29847818712005964800E+018   1.07319046456193928365E-017
      8962   2.23082639292251750400E+018   9.64282335523485426506E-018
      8963   2.20625926245255705600E+018   9.52139900409515236356E-018
      8964   2.17366844960517324800E+018   9.11747933674798224492E-018
      8965   2.17366844979662796800E+018   9.11747933755094557957E-018
      8966   2.17366844974233216000E+018   9.11747933732327292675E-018
      8967   2.17366844957297203200E+018   9.11747933661286824449E-018
      8968   2.17366844944955008000E+018   9.11747933609518289767E-018
      8969   2.17366844925642624000E+018   9.11747933528524769662E-018
      8970   2.17366844986039756800E+018   9.11747933781838791537E-018
      8971   2.17366844966336307200E+018   9.11747933699211774690E-018
      8972   2.17366891262587699200E+018   9.11748127889369593310E-018
      8973   2.17366844989924966400E+018   9.11747933798101806210E-018
      8974   2.17366844984563686400E+018   9.11747933775655477894E-018
      8975   2.17366844988058470400E+018   9.11747933790319508491E-018
      8976   2.17653867021724288000E+018   1.02633710277578604525E-017
      8977   2.25889672504921472000E+018   1.05693998105993563291E-017
      8978   2.17366844962734208000E+018   9.11747933684094611297E-018
      8979   2.17366844859860787200E+018   9.11747933252590623554E-018
      8980   2.17366844919031936000E+018   9.11747933500794768100E-018
      8981   2.17366844956760729600E+018   9.11747933659040265687E-018
      8982   2.32265629792173516800E+018   1.09372162384534729883E-017
      8983   2.34544789261247590400E+018   1.10462767880374843509E-017
      8984   2.30369208750085043200E+018   1.08104505086690173197E-017
      8985   2.29909210028690457600E+018   1.07953494109189095358E-017
      8986   2.17366865047498521600E+018   9.11748017930049093074E-018
      8987   2.17366852432376627200E+018   9.11747965015418307204E-018
      8988   2.27038129186474444800E+018   1.03071768392892094257E-017
      8989   2.27014554405029734400E+018   1.03023766721507209163E-017
      8990   2.33100934250240204800E+018   9.99663376562133306089E-018
      8991   2.16632865754758988800E+018   9.44844412546261988688E-018
      8992   2.17366846634734387200E+018   9.11747940697266660607E-018
      8993   2.17366845857778892800E+018   9.11747937438518160473E-018
      8994   2.17366845412042342400E+018   9.11747935568765435522E-018
      8995   2.17366844988727475200E+018   9.11747933793123508416E-018
      8996   2.17366844988107622400E+018   9.11747933790523657065E-018
      8997   2.17307194096583296000E+018   9.11587909308994289453E-018
      8998   2.17290534561123609600E+018   9.11519860577918673888E-018
      8999   2.05894965606768486400E+018   9.47353844753998576141E-018
      9000   2.08113381657898393600E+018   9.54925177178999350670E-018
      9001   2.17203284522245811200E+018   9.11486319156742315346E-018
      9002   2.17261611654485632000E+018   9.11577519094973894738E-018
      9003   2.28398078726560358400E+018   1.08797718762711708978E-017
      9004   2.31568884878009036800E+018   1.09779151556837468616E-017
      9005   2.22735767777938457600E+018   1.06767872708373052702E-017
      9006   2.21681219123276262400E+018   1.06668779905057475704E-017
      9007   2.17366844947985152000E+018   9.11747933622201077711E-018
      9008   2.17366844907618560000E+018   9.11747933452911219302E-018
      9009   2.17366844952352537600E+018   9.11747933640548410808E-018
      9010   2.17366844972832256000E+018   9.11747933726507594606E-018
      9011   2.17366844987697203200E+018   9.11747933788804649034E-018
      9012   2.81099042719794432000E+018   1.33230618417913397413E-017
      9013   2.67150420040245401600E+018   1.29287209472495616767E-017
      9014   2.17366844894204928000E+018   9.11747933396647718204E-018
      9015   2.17366844992274048000E+018   9.11747933807999853529E-018
      9016   2.29427241192681676800E+018   1.02402357961738602453E-017
      9017   2.17731113668789452800E+018   9.84406290875878637589E-018
      9018   2.29358933407975910400E+018   1.06463066401277669527E-017
      9019   2.23921895235887206400E+018   1.02875785649127642295E-017
      9020   2.23329690190066841600E+018   1.03561338536209413107E-017
      9021   2.04969814513094067200E+018   9.93454361588236209382E-018
      9022   2.08476400121121152000E+018   1.00457160629563051653E-017
      9023   2.17366844946287795200E+018   9.11747933615111344400E-018
      9024   2.17366844977726182400E+018   9.11747933746980538064E-018
      9025   2.17366844982879411200E+018   9.11747933768595480941E-018
      9026   2.17366844991113139200E+018   9.11747933803122628538E-018
      9027   2.25284466679167257600E+018   1.01156901246510188343E-017
      9028   2.10971892895651251200E+018   1.01649799491460832573E-017
      9029   2.15678294152891750400E+018   1.03519806724984280023E-017
      9030   2.29840773149145164800E+018   1.07376514362153581139E-017
      9031   2.29855748859346048000E+018   1.07454079953328791210E-017
      9032   2.30592945867355545600E+018   1.07261983355021641525E-017
      9033   2.30583853879685401600E+018   1.07099382070309904355E-017
      9034   2.13492173992697344000E+018   9.08467957945934191511E-018
      9035   2.11459159860519936000E+018   9.01211972429534254873E-018
      9036   2.28541892050871936000E+018   1.05666770457389347468E-017
      9037   2.25699988872099712000E+018   1.01725959298567606365E-017
      9038   2.25859169950183449600E+018   1.01963673582418636485E-017
      9039   2.22238482995248742400E+018   1.05128978417953705871E-017
      9040   2.26937469009001395200E+018   1.07012012980249670246E-017
      9041   2.17366844986160486400E+018   9.11747933782356327431E-018
      9042   2.17366844992017868800E+018   9.11747933806925338695E-018
      9043   2.30200891487899750400E+018   1.07355301940582361528E-017
      9044   2.30086179643565030400E+018   1.07491010761983724318E-017
      9045   2.28118011641685580800E+018   1.04759843911436841255E-017
      9046   2.28244567762541772800E+018   1.05170603284724398871E-017
      9047   2.30538882215413068800E+018   1.07510614619541684329E-017
      9048   2.30467125074848486400E+018   1.07324412591852285602E-017
      9049   2.00311189215690547200E+018   9.81458619613006266594E-018
      9050   2.02021579123845862400E+018   9.87476222363700922618E-018
      9051   2.30061840471485977600E+018   1.07669934356206631270E-017
      9052   2.29935599654608179200E+018   1.07524150431210124314E-017
      9053   2.25273613887389260800E+018   1.01114024610943395719E-017
      9054   2.25565464322825139200E+018   1.00927073492874465505E-017
      9055   2.30248739853216128000E+018   1.07329670486208060884E-017
      9056   2.17366844979023616000E+018   9.11747933752400567151E-018
      9057   2.17366844988426214400E+018   9.11747933791860868744E-018
      9058   2.17366844978783641600E+018   9.11747933751416031763E-018
      9059   2.17366844961452902400E+018   9.11747933678615725791E-018
      9060   2.17366843590009267200E+018   9.11747927925710140106E-018
      9061   2.17366844950925184000E+018   9.11747933635042254134E-018
      9062   2.25225082337458918400E+018   1.00990785823299916092E-017
      9063   2.25222858394502092800E+018   1.00989964168889978547E-017
      9064   2.04188490763510502400E+018   9.95221869691295190498E-018
      9065   2.09604293658341785600E+018   1.01406423029071255628E-017
      9066   2.11453484860501939200E+018   9.68363567892821664518E-018
      9067   2.17366844953635609600E+018   9.11747933645934235379E-018
      9068   2.17366844171144396800E+018   9.11747930363965645314E-018
      9069   2.12996220371543961600E+018   9.71063415213782535330E-018
      9070   2.25344427114932838400E+018   9.97727816135059587184E-018
      9071   2.25299738230684032000E+018   9.94043861630036615836E-018
      9072   2.29944013581853081600E+018   9.68666017048371206834E-018
      9073  -2.13985244459536384000E+017   2.23784916236127892815E-018
      9074   2.22747590361217305600E+018   9.50441835339798564181E-018
      9075   2.18973812204385996800E+018   9.21702009816654342739E-018
      9076   2.09056014130009779200E+018   9.59837258495219672832E-018
      9077   2.10282864186418816000E+018   9.64185190139128967594E-018
      9078   2.25184397518955136000E+018   1.01084513098225419217E-017
      9079   2.25181827877560320000E+018   1.01052933727408791984E-017
      9080   2.11365219213164006400E+018   9.68376785908209822942E-018
      9081   2.30122057443652275200E+018   1.07298031188117566685E-017
      9082   2.30119448256600934400E+018   1.07349559974487300282E-017
      9083   2.13171444008308505600E+018   9.74689500930331654328E-018
      9084   2.34524160087036262400E+018   1.09174626003595727708E-017
      9085   2.35006979552089497600E+018   1.09922683327657763892E-017
      9086   2.16338649176993484800E+018   9.77573346206243812097E-018
      9087   2.07967801327446374400E+018   9.48539490186593270838E-018
      9088   2.36945364206409830400E+018   1.11911742629389181986E-017
      9089   2.42717193430171596800E+018   1.17189958394543298369E-017
      9090   2.28752989779674726400E+018   1.02833051299397759326E-017
      9091   2.27340240211105126400E+018   1.02350047001542323427E-017
      9092   2.16228312607363404800E+018   9.40910148070541473815E-018
      9093   2.09670987926680089600E+018   9.18232383917979743459E-018
      9094   2.15928443973687091200E+018   9.83924571017974017970E-018
      9095   2.12383650728363724800E+018   9.71636257779106451170E-018
      9096   2.29051071348722790400E+018   1.05666985265638703752E-017
      9097   2.29405519517349939200E+018   1.06338981684373150031E-017
      9098   2.07142033338184524800E+018   9.51019169890120460574E-018
      9099   2.04363343076806348800E+018   9.41713657457719093654E-018
      9100   2.30286559513984435200E+018   1.07267673413485751937E-017
      9101   2.30389474393429043200E+018   1.07239089558844043282E-017
      9102   2.25161926148367129600E+018   1.00906685167339713162E-017
      9103   2.25183323913808947200E+018   1.00898160022086717976E-017
      9104   2.25173585463041894400E+018   1.00906475290216349398E-017
