         1   1.22613884177646960640E+019   7.88704576226543991879E+001
         2   1.09286125185830359040E+019   8.15565578744909203124E+001
         3   1.09265447051090227200E+019   8.15543403181522421619E+001
         4   1.09250519034593239040E+019   8.15544227540136859034E+001
         5   1.09242976517357547520E+019   8.15548231094252713547E+001
         6   1.09257889220503162880E+019   8.15547866750827665783E+001
         7   1.09279715659895623680E+019   8.15547736622331598255E+001
         8   1.09310911224860364800E+019   8.15546390417453039845E+001
         9   1.09342138406576312320E+019   8.15566051499463355867E+001
        10   1.09373682085896519680E+019   8.15553433077273979279E+001
        11   1.09392285151332659200E+019   8.15554616517385966290E+001
        12   1.09394357628730941440E+019   8.15560591003171424518E+001
        13   1.09384564045659648000E+019   8.15555033008274534723E+001
        14   1.09364008749671936000E+019   8.15558198468653330337E+001
        15   1.09346324597597368320E+019   8.15550658065561009380E+001
        16   1.09327022480438169600E+019   8.15545211491698296413E+001
        17   1.09305086930759004160E+019   8.15551406560748404218E+001
        18   9.87161949814794444800E+018   8.40464964659867632690E+001
        19   9.86999747236993433600E+018   8.40482510777175093608E+001
        20   9.86823535213202432000E+018   8.40505393886621163801E+001
        21   9.86663870558676582400E+018   8.40488788135990034789E+001
        22   9.86531548925256704000E+018   8.40493204371591247082E+001
        23   9.86504545939222528000E+018   8.40491419615202772775E+001
        24   9.86555573944545280000E+018   8.40498234981494647400E+001
        25   9.86698771662095360000E+018   8.40490958644696490865E+001
        26   9.86889353502557388800E+018   8.40505994900603781161E+001
        27   9.87215001012767744000E+018   8.40462978308688235529E+001
        28   9.87481581361121075200E+018   8.40474362857552392825E+001
        29   9.87811494103124172800E+018   8.40451468043561220611E+001
        30   9.88000396195435520000E+018   8.40452553542756533034E+001
        31   9.88213668445787340800E+018   8.40452509207434701466E+001
        32   9.88305124527588556800E+018   8.40449796579504067040E+001
        33   9.88292336346471424000E+018   8.40428343783647022747E+001
        34   9.88180835867434803200E+018   8.40452829822854567965E+001
        35   9.88055947246987264000E+018   8.40445395760246327654E+001
        36   9.87870252439202406400E+018   8.40464639310763601543E+001
        37   9.87733992678223052800E+018   8.40469442625826985704E+001
        38   9.87529283447515750400E+018   8.40461619130127104427E+001
        39   9.87459204574725734400E+018   8.40478241377807648860E+001
        40   9.87292526134924492800E+018   8.40472743438923117765E+001
        41   8.43313782254022348800E+018   8.85538342616357567749E+001
        42   8.43198025876261068800E+018   8.85570216524273092773E+001
        43   8.43096359426372608000E+018   8.85583020574789543389E+001
        44   8.43017195427297177600E+018   8.85611192735228911488E+001
        45   8.42999358107610214400E+018   8.85659776576582231655E+001
        46   8.42855828217530368000E+018   8.85651127431799523038E+001
        47   8.42829392286813184000E+018   8.85677413101384871652E+001
        48   8.42771769929012838400E+018   8.85711772083159871727E+001
        49   8.42736812970762035200E+018   8.85694259117558999606E+001
        50   8.42795527465106022400E+018   8.85698050110091230636E+001
        51   8.42864921255895449600E+018   8.85673202919679738443E+001
        52   8.42958823617118515200E+018   8.85650247641622172523E+001
        53   8.43111189706524774400E+018   8.85591164196181495072E+001
        54   8.43270201234931200000E+018   8.85520288280236087530E+001
        55   8.43427545599868211200E+018   8.85493852775191641058E+001
        56   8.43607968593832857600E+018   8.85427791168476687744E+001
        57   8.43779984536148070400E+018   8.85404316574495595660E+001
        58   8.43921758481785241600E+018   8.85327768457570272176E+001
        59   8.44041212679508480000E+018   8.85304120332483961420E+001
        60   8.44089784981046886400E+018   8.85285694455835567851E+001
        61   8.44073284679683788800E+018   8.85245563878630008503E+001
        62   8.44103929448857395200E+018   8.85282786715131351230E+001
        63   8.44087141496176742400E+018   8.85287809556563303204E+001
        64   8.43964398589046169600E+018   8.85304226602550414782E+001
        65   8.43939603363168358400E+018   8.85333379730625864568E+001
        66   8.43832249588456038400E+018   8.85364723298829261466E+001
        67   8.43778805778806579200E+018   8.85379985345793585338E+001
        68   8.43678198759582617600E+018   8.85413721340224668666E+001
        69   8.43609910706458726400E+018   8.85429595276016812022E+001
        70   8.43475002021766451200E+018   8.85473256274177487057E+001
        71   8.43456116252908851200E+018   8.85474987839862848205E+001
        72   8.43341618799664128000E+018   8.85533915819522690072E+001
        73   7.66662120791451750400E+018   9.25755097036931715593E+001
        74   7.66618714508178841600E+018   9.25819232106330218812E+001
        75   7.66590156330781286400E+018   9.25868612576011429383E+001
        76   7.66539779767106457600E+018   9.25937540305028505827E+001
        77   7.66555066252656230400E+018   9.25985702290652312740E+001
        78   7.66508349478156800000E+018   9.26014388500690728279E+001
        79   7.66476564249085849600E+018   9.26092618141934877940E+001
        80   7.66432084519105126400E+018   9.26118442857078321140E+001
        81   7.66453291324032819200E+018   9.26167703195749822953E+001
        82   7.66473096987205939200E+018   9.26209875344657120877E+001
        83   7.66415859858882969600E+018   9.26215782103914335721E+001
        84   7.66414106921318707200E+018   9.26214389673968554462E+001
        85   7.66437242195660390400E+018   9.26212799772998209846E+001
        86   7.66461707991306854400E+018   9.26177682535961110943E+001
        87   7.66483215148064051200E+018   9.26086195215960543692E+001
        88   7.66533664586441830400E+018   9.25995461851073997650E+001
        89   7.66567579685188915200E+018   9.25871214592156803747E+001
        90   7.66648222053934592000E+018   9.25752917425589174627E+001
        91   7.66713185975484620800E+018   9.25633619917686729650E+001
        92   7.66752682877299507200E+018   9.25504980152240506186E+001
        93   7.66837223138098073600E+018   9.25388232772286727368E+001
        94   7.66875112975122636800E+018   9.25316096162951424731E+001
        95   7.66922313371614003200E+018   9.25192600999710066390E+001
        96   7.66964792045178572800E+018   9.25147081608320860369E+001
        97   7.66993165774028492800E+018   9.25123343395906658770E+001
        98   7.66940218075188019200E+018   9.25047383404348266822E+001
        99   7.66997187351976960000E+018   9.25130901486638350661E+001
       100   7.66966252351073382400E+018   9.25150172594914153024E+001
       101   7.66977723228142694400E+018   9.25183423563936457867E+001
       102   7.66918843416962764800E+018   9.25217762814067867794E+001
       103   7.66908765759630131200E+018   9.25270084493759128463E+001
       104   7.66888128486704844800E+018   9.25324686670075351458E+001
       105   7.66826585438269747200E+018   9.25386336606331809662E+001
       106   7.66843263019979264000E+018   9.25440987767491378690E+001
       107   7.66807801071898726400E+018   9.25499255094426303003E+001
       108   7.66783790545678028800E+018   9.25557424451879313665E+001
       109   7.66738376264186368000E+018   9.25598627333497319114E+001
       110   7.66714805801002086400E+018   9.25658854547086633602E+001
       111   7.66714919876260761600E+018   9.25709905578643343915E+001
       112   7.29653047972246323200E+018   9.63080963289921783144E+001
       113   7.29650007634325299200E+018   9.63136953139748470676E+001
       114   7.29648283819473305600E+018   9.63200824253975582678E+001
       115   7.29625183321747558400E+018   9.63257892269135282959E+001
       116   7.29656461906302464000E+018   9.63344382451188607774E+001
       117   7.29635521982346444800E+018   9.63395829487908912370E+001
       118   7.29634732638627020800E+018   9.63475330489151389202E+001
       119   7.29638218753652633600E+018   9.63561976538876052700E+001
       120   7.29630799617979084800E+018   9.63605992745957138368E+001
       121   7.29631033013195980800E+018   9.63662428297203632610E+001
       122   7.29634393769063526400E+018   9.63728722628001861494E+001
       123   7.29638728264258662400E+018   9.63747732610279825849E+001
       124   7.29620432485851033600E+018   9.63774972564511358541E+001
       125   7.29636007726086860800E+018   9.63801803507062118115E+001
       126   7.29644333930869145600E+018   9.63772240058887490477E+001
       127   7.29635881806688972800E+018   9.63689780594373104350E+001
       128   7.29638509855999180800E+018   9.63630807047094322115E+001
       129   7.29636287079582105600E+018   9.63468634564942476572E+001
       130   7.29641223314017177600E+018   9.63359813306272343425E+001
       131   7.29646639212725862400E+018   9.63203913887827383178E+001
       132   7.29638347304861491200E+018   9.63018176744495946195E+001
       133   7.29645580658762035200E+018   9.62835541883248851036E+001
       134   7.29640341546648268800E+018   9.62679327700857356831E+001
       135   7.29643747881556889600E+018   9.62517164139976131310E+001
       136   7.29650752659805798400E+018   9.62364766825771908998E+001
       137   7.29646571036012339200E+018   9.62248278974399084973E+001
       138   7.29641870235164160000E+018   9.62116548823806994051E+001
       139   7.29650116295881420800E+018   9.62077795404529325651E+001
       140   7.29652396598500556800E+018   9.62039129742664016476E+001
       141   7.29633573077976371200E+018   9.62013006041558327297E+001
       142   7.29645851010756403200E+018   9.62044798130678060488E+001
       143   7.29640584834787532800E+018   9.62121385588277320267E+001
       144   7.29636664660695142400E+018   9.62163653781047827351E+001
       145   7.29658589358164275200E+018   9.62225519501406125755E+001
       146   7.29660958129745203200E+018   9.62271373345349303463E+001
       147   7.29643941404428185600E+018   9.62338836865672533349E+001
       148   7.29654419862887731200E+018   9.62426516619656382545E+001
       149   7.29657195020809011200E+018   9.62482522476898765262E+001
       150   7.29642706148208025600E+018   9.62559474734123909911E+001
       151   7.29640024117450854400E+018   9.62630101395930068975E+001
       152   7.29647827358807449600E+018   9.62728217941887152165E+001
       153   7.29634394636127641600E+018   9.62785181793663156213E+001
       154   7.29648811590355353600E+018   9.62821355416717352682E+001
       155   7.29635328756770918400E+018   9.62914652726024229423E+001
       156   7.29653099708089958400E+018   9.62963960372134835097E+001
       157   7.04837020159344025600E+018   9.99245323318084928133E+001
       158   7.04836078406640640000E+018   9.99269516610991530570E+001
       159   7.04811356606974361600E+018   9.99409022470929926385E+001
       160   7.04835753092149657600E+018   9.99430077187030150299E+001
       161   7.04842189022886707200E+018   9.99515232994059914517E+001
       162   7.04827712223372902400E+018   9.99551829120623693825E+001
       163   7.04819123869839872000E+018   9.99657786246805670771E+001
       164   7.04815591550521241600E+018   9.99655269769790066903E+001
       165   7.04821848529243136000E+018   9.99755213439442087520E+001
       166   7.04817610439336550400E+018   9.99849010530119102214E+001
       167   7.04821207345984000000E+018   9.99887355752211988147E+001
       168   7.04820808447181107200E+018   9.99956162877396792510E+001
       169   7.04794661712049152000E+018   9.99988588039788197648E+001
       170   7.04802849553567232000E+018   1.00003617700663255619E+002
       171   7.04810724191139635200E+018   1.00006602943081361445E+002
       172   7.04785456191010918400E+018   1.00006670197172226722E+002
       173   7.04802094592636518400E+018   1.00006060489859535778E+002
       174   7.04806091774963404800E+018   1.00002389888492345449E+002
       175   7.04804527867639500800E+018   9.99935816177806060523E+001
       176   7.04811859420061081600E+018   9.99853803561423291058E+001
       177   7.04814874886737715200E+018   9.99694747516020925104E+001
       178   7.04813517018307276800E+018   9.99508381729927322112E+001
       179   7.04827902681010278400E+018   9.99378400790162544354E+001
       180   7.04825558258943692800E+018   9.99219820049356286518E+001
       181   7.04824583675659366400E+018   9.99031383534636887589E+001
       182   7.04851702284241612800E+018   9.98892951652065193002E+001
       183   7.04849707825045811200E+018   9.98716630631727184664E+001
       184   7.04848505369330995200E+018   9.98543489081741171276E+001
       185   7.04857176751183257600E+018   9.98423606595581105694E+001
       186   7.04865769906455449600E+018   9.98308266456290311908E+001
       187   7.04853426749922304000E+018   9.98214631966969818677E+001
       188   7.04868942823408435200E+018   9.98191282623712936584E+001
       189   7.04877188917955584000E+018   9.98162447948201929648E+001
       190   7.04870781624419328000E+018   9.98165337679429995887E+001
       191   7.04874577212684390400E+018   9.98171083694256395802E+001
       192   7.04879713707543244800E+018   9.98220173522181681847E+001
       193   7.04866903442699980800E+018   9.98276337239082778297E+001
       194   7.04872427651301785600E+018   9.98330639837952418247E+001
       195   7.04866390613202636800E+018   9.98403602850766986876E+001
       196   7.04862047137908428800E+018   9.98458944488940147721E+001
       197   7.04857376994580582400E+018   9.98534612638298852971E+001
       198   7.04853503586356428800E+018   9.98581663021367802457E+001
       199   7.04829875779219456000E+018   9.98608733885551345111E+001
       200   7.04835094254233702400E+018   9.98705214492959072459E+001
       201   7.04843515073756774400E+018   9.98768403536017927991E+001
       202   7.04844523779859353600E+018   9.98846587449343132903E+001
       203   7.04835859080626278400E+018   9.98917877235462725594E+001
       204   7.04836360412424601600E+018   9.99000715370329572806E+001
       205   7.04838514552208793600E+018   9.99042393423771954986E+001
       206   7.04802837492172185600E+018   9.99131704026143410147E+001
       207   7.04846716231640166400E+018   9.99149262792738710459E+001
       208   6.75070403508154675200E+018   1.03331090654126469985E+002
       209   6.75058011084639027200E+018   1.03334353291818857201E+002
       210   6.75012262779387084800E+018   1.03341389820410483935E+002
       211   6.75042078490077798400E+018   1.03344056305245771910E+002
       212   6.74992376930301235200E+018   1.03345991790350083761E+002
       213   6.75036079729755340800E+018   1.03355087090671815986E+002
       214   6.74972541653666611200E+018   1.03358839013042413058E+002
       215   6.74978784298939084800E+018   1.03362606465229490027E+002
       216   6.74963613089731481600E+018   1.03363743456317550340E+002
       217   6.74956392283458662400E+018   1.03371369510990973595E+002
       218   6.74917204668823244800E+018   1.03374319493514164492E+002
       219   6.74918305962875392000E+018   1.03379620073861687501E+002
       220   6.74896772926908211200E+018   1.03385002493030000892E+002
       221   6.74883981844989132800E+018   1.03387925340576089184E+002
       222   6.74844091792878182400E+018   1.03386506120486572513E+002
       223   6.74869495236729856000E+018   1.03393686924474707212E+002
       224   6.74839350534023168000E+018   1.03397519841594416334E+002
       225   6.74847252377490636800E+018   1.03396770867023704454E+002
       226   6.74810742140026572800E+018   1.03395659093379336468E+002
       227   6.74832992062697574400E+018   1.03396505941407284013E+002
       228   6.74865606514771456000E+018   1.03390472621787338880E+002
       229   6.74880712472309862400E+018   1.03385510693647177050E+002
       230   6.74903918762269696000E+018   1.03378281721543189065E+002
       231   6.74899274124008448000E+018   1.03368567837850079627E+002
       232   6.74968182114139033600E+018   1.03361369793279621376E+002
       233   6.75002227349146316800E+018   1.03351414512081760222E+002
       234   6.75032033850118144000E+018   1.03337735604691332014E+002
       235   6.75090413744178585600E+018   1.03324158646618784019E+002
       236   6.75121302470587699200E+018   1.03314303324194995071E+002
       237   6.75154516412622336000E+018   1.03300745466432147168E+002
       238   6.75192747707945369600E+018   1.03289744910783682030E+002
       239   6.75242261955302809600E+018   1.03281225273419025257E+002
       240   6.75263150326504345600E+018   1.03272199374431480123E+002
       241   6.75277818570324787200E+018   1.03262603059920209603E+002
       242   6.75304474640853811200E+018   1.03260050287274680159E+002
       243   6.75326975430712832000E+018   1.03258007893767384644E+002
       244   6.75321991377121996800E+018   1.03253350368618797006E+002
       245   6.75317776384997580800E+018   1.03254826350468007945E+002
       246   6.75306532147509760000E+018   1.03254913926273403035E+002
       247   6.75307231697434419200E+018   1.03256578317630399511E+002
       248   6.75309572257412505600E+018   1.03265436938870166728E+002
       249   6.75288014232262144000E+018   1.03264224316980104845E+002
       250   6.75261514598047027200E+018   1.03266588388852554203E+002
       251   6.75255989447876812800E+018   1.03274599982163024947E+002
       252   6.75200499841379635200E+018   1.03276477015460159237E+002
       253   6.75200007026091417600E+018   1.03279846331381406799E+002
       254   6.75198057839460761600E+018   1.03283489494921923324E+002
       255   6.75165973442021580800E+018   1.03288410202212887157E+002
       256   6.75175625310200320000E+018   1.03294075700720682676E+002
       257   6.75155498149191475200E+018   1.03297399523417993805E+002
       258   6.75135862530540441600E+018   1.03301532880312038287E+002
       259   6.75134800745671884800E+018   1.03305187282763995427E+002
       260   6.75093989948687462400E+018   1.03310977285912102275E+002
       261   6.75101040334679756800E+018   1.03315936397360232490E+002
       262   6.75091289758868275200E+018   1.03315391256059854186E+002
       263   6.75072537012937420800E+018   1.03319554831474661682E+002
       264   6.75099109093013708800E+018   1.03324057032691385416E+002
       265   6.41389770149532774400E+018   1.05914675013014672800E+002
       266   6.41382395032925388800E+018   1.05914790933776671977E+002
       267   6.41300157041128652800E+018   1.05915185987852240146E+002
       268   6.41300787381997363200E+018   1.05920694484650923073E+002
       269   6.41252959438450483200E+018   1.05918124702972889395E+002
       270   6.41238244795826073600E+018   1.05922358693784119055E+002
       271   6.41218404624308838400E+018   1.05922447898859118709E+002
       272   6.41193654233384857600E+018   1.05923869413389368788E+002
       273   6.41166193172702208000E+018   1.05924825843899768074E+002
       274   6.41161623760929382400E+018   1.05925418823058308249E+002
       275   6.41099222892646297600E+018   1.05922937718423156639E+002
       276   6.41075094151678259200E+018   1.05926684659850707249E+002
       277   6.41038170116913561600E+018   1.05922265853692579185E+002
       278   6.41031403564420915200E+018   1.05926930283887529072E+002
       279   6.41005190236756684800E+018   1.05925416362236902046E+002
       280   6.40975003215674880000E+018   1.05926787844853038223E+002
       281   6.40944813415558963200E+018   1.05927305448586523084E+002
       282   6.40935448686415462400E+018   1.05927935079289241571E+002
       283   6.40913069536645324800E+018   1.05926125636160236354E+002
       284   6.40901709828445593600E+018   1.05920863322090340830E+002
       285   6.40925665577655091200E+018   1.05928052398247260157E+002
       286   6.40928720673793024000E+018   1.05923124031758050023E+002
       287   6.40978615829535948800E+018   1.05927583381367071524E+002
       288   6.41023663324210483200E+018   1.05925227555813094682E+002
       289   6.41065450021291315200E+018   1.05923991469177352087E+002
       290   6.41139074159344435200E+018   1.05921634552171283872E+002
       291   6.41215479771127091200E+018   1.05921358310558716198E+002
       292   6.41266290733458124800E+018   1.05919059515106781078E+002
       293   6.41362669625376051200E+018   1.05917552034691027529E+002
       294   6.41451024486147686400E+018   1.05915305449915479130E+002
       295   6.41506018943280947200E+018   1.05913179188824528865E+002
       296   6.41583630851684454400E+018   1.05911501267132621251E+002
       297   6.41673866295652352000E+018   1.05909321219411665993E+002
       298   6.41744558122968576000E+018   1.05912140737985467354E+002
       299   6.41762935347657216000E+018   1.05905948211475859466E+002
       300   6.41834340986062848000E+018   1.05904403101902019557E+002
       301   6.41888847448631500800E+018   1.05908748700059220482E+002
       302   6.41883982989320294400E+018   1.05904064735988086454E+002
       303   6.41909233972651622400E+018   1.05903713683129794276E+002
       304   6.41903996833513369600E+018   1.05904643767513888974E+002
       305   6.41910476357411225600E+018   1.05903051422844285412E+002
       306   6.41888527082320486400E+018   1.05905558136499095667E+002
       307   6.41856011321134899200E+018   1.05904202079049881036E+002
       308   6.41839158083413811200E+018   1.05910505186096258967E+002
       309   6.41812592720479334400E+018   1.05904195291380986532E+002
       310   6.41799252734021529600E+018   1.05907125866378336809E+002
       311   6.41756168310281216000E+018   1.05903455431894698791E+002
       312   6.41715691647066214400E+018   1.05902395098607428281E+002
       313   6.41674394687428915200E+018   1.05902872242172421124E+002
       314   6.41646267177896550400E+018   1.05899616693393397782E+002
       315   6.41630265968098918400E+018   1.05902037555926312962E+002
       316   6.41604246692263116800E+018   1.05902639006985808123E+002
       317   6.41592844948204134400E+018   1.05903815403506996518E+002
       318   6.41577041783097139200E+018   1.05903857428154083209E+002
       319   6.41526585744726118400E+018   1.05905148125310461182E+002
       320   6.41478389033887334400E+018   1.05904857168240951637E+002
       321   6.41484148766479872000E+018   1.05906438062469248962E+002
       322   6.41496648877451673600E+018   1.05909458817950437037E+002
       323   6.41441195853135052800E+018   1.05907429750978806737E+002
       324   6.41387600331027456000E+018   1.05911330081440553386E+002
       325   6.41401240980952576000E+018   1.05912049733377273242E+002
       326   6.41373011808592486400E+018   1.05910502930707181690E+002
       327   6.06685045366773043200E+018   1.06995790302260346039E+002
       328   6.06635306576215347200E+018   1.06992828685955814194E+002
       329   6.06635803382850969600E+018   1.06994026763119265411E+002
       330   6.06566158485892300800E+018   1.06986580353822020584E+002
       331   6.06507459115644313600E+018   1.06986259975252849586E+002
       332   6.06522984792620646400E+018   1.06983993253693370207E+002
       333   6.06463178461505331200E+018   1.06975073500302457319E+002
       334   6.06429219333323059200E+018   1.06969877141225637729E+002
       335   6.06428220570586828800E+018   1.06979032301670500260E+002
       336   6.06362714435119001600E+018   1.06969874867028792664E+002
       337   6.06343052737367244800E+018   1.06964524744517845534E+002
       338   6.06302457257090662400E+018   1.06962687874645880015E+002
       339   6.06279106045674905600E+018   1.06958908919604368748E+002
       340   6.06222471435694080000E+018   1.06946062118293184540E+002
       341   6.06180054010019532800E+018   1.06946424671135375206E+002
       342   6.06145663300883148800E+018   1.06942100970112889513E+002
       343   6.06100410128045363200E+018   1.06934622885069202880E+002
       344   6.06054569529530163200E+018   1.06931105157086264512E+002
       345   6.05999808672850329600E+018   1.06921543184054073095E+002
       346   6.05994885420955648000E+018   1.06924655480152182463E+002
       347   6.05978808084784640000E+018   1.06922767695543200261E+002
       348   6.05960039508907110400E+018   1.06921986918699715829E+002
       349   6.05975429120093593600E+018   1.06923431968352403487E+002
       350   6.06008724712654745600E+018   1.06922223399297195101E+002
       351   6.06060555959428403200E+018   1.06932132473569410536E+002
       352   6.06132856568144384000E+018   1.06940283890502868758E+002
       353   6.06207041981213286400E+018   1.06949116545070467055E+002
       354   6.06277741707899289600E+018   1.06957820716097501190E+002
       355   6.06404144508352512000E+018   1.06971459971890638485E+002
       356   6.06495352904991232000E+018   1.06980232228241717962E+002
       357   6.06615139753436262400E+018   1.06993771029224191693E+002
       358   6.06730421848512000000E+018   1.07006630353273138212E+002
       359   6.06873562601721753600E+018   1.07022826923317396108E+002
       360   6.06999823496176025600E+018   1.07037153534679191580E+002
       361   6.07079921520348876800E+018   1.07045529807079276452E+002
       362   6.07177593772637491200E+018   1.07057656946151553257E+002
       363   6.07274622510062694400E+018   1.07065306608955140177E+002
       364   6.07392023880858521600E+018   1.07078350317938131298E+002
       365   6.07427556832710963200E+018   1.07082016050059408485E+002
       366   6.07490931812674867200E+018   1.07093238522143622049E+002
       367   6.07496683639980748800E+018   1.07089692571999151482E+002
       368   6.07540287337397964800E+018   1.07093763400471416958E+002
       369   6.07538401543971328000E+018   1.07093694813480965422E+002
       370   6.07525934198317568000E+018   1.07094813277645314997E+002
       371   6.07498075745763840000E+018   1.07091028487524809520E+002
       372   6.07480222407222272000E+018   1.07092469432781612682E+002
       373   6.07440588325026201600E+018   1.07082888484257466644E+002
       374   6.07367390845663232000E+018   1.07076696430100426483E+002
       375   6.07342360592787660800E+018   1.07072732385885387885E+002
       376   6.07329896678154035200E+018   1.07073406144296711773E+002
       377   6.07261459515168153600E+018   1.07058034931914832555E+002
       378   6.07234384252890828800E+018   1.07054542292352152799E+002
       379   6.07172965665300992000E+018   1.07048400929165552498E+002
       380   6.07151897102152806400E+018   1.07042584121259594099E+002
       381   6.07128929394256896000E+018   1.07040802784553534366E+002
       382   6.07069252489921536000E+018   1.07032675728844068885E+002
       383   6.07027211983212953600E+018   1.07031560715781907334E+002
       384   6.06979765961981440000E+018   1.07023469474502761045E+002
       385   6.06957583690924032000E+018   1.07025238400988129683E+002
       386   6.06905398330977075200E+018   1.07021276594728547593E+002
       387   6.06881001796296192000E+018   1.07018094343461243056E+002
       388   6.06876340618143846400E+018   1.07014794390625738174E+002
       389   6.06808175769504972800E+018   1.07010984197566401122E+002
       390   6.06770051720387891200E+018   1.07007851366280746674E+002
       391   6.06729930138810265600E+018   1.07003951821304823966E+002
       392   6.06699679052892057600E+018   1.06994367838499726986E+002
       393   5.73659581169229107200E+018   1.06088123200228167775E+002
       394   5.73625491182607052800E+018   1.06080843728947101567E+002
       395   5.73571215865868492800E+018   1.06074685603610404883E+002
       396   5.73530248677483724800E+018   1.06066353709073425193E+002
       397   5.73479815271261388800E+018   1.06054069889293543838E+002
       398   5.73465388714340249600E+018   1.06045688459177014806E+002
       399   5.73403605560691916800E+018   1.06049664913475837125E+002
       400   5.73406531561225318400E+018   1.06038292092475955997E+002
       401   5.73336496531748249600E+018   1.06035975831506320333E+002
       402   5.73276057278969446400E+018   1.06022096516466845628E+002
       403   5.73211062609283584000E+018   1.06007599762656141706E+002
       404   5.73225483365869056000E+018   1.06010751190617042994E+002
       405   5.73125253672193945600E+018   1.05993155872308363996E+002
       406   5.73094780536597504000E+018   1.05985336563624528594E+002
       407   5.73088459260991590400E+018   1.05977879851243528719E+002
       408   5.72980597800975360000E+018   1.05962546527852794043E+002
       409   5.72952479208595456000E+018   1.05957877168333197915E+002
       410   5.72900044580393779200E+018   1.05949332663191498227E+002
       411   5.72825022086032076800E+018   1.05937906653437480031E+002
       412   5.72794578252433920000E+018   1.05927011651621725719E+002
       413   5.72736794877090713600E+018   1.05916529684639669995E+002
       414   5.72727146106200985600E+018   1.05917400828024895532E+002
       415   5.72694407727883366400E+018   1.05907411169467252421E+002
       416   5.72703005949353164800E+018   1.05908123277652165939E+002
       417   5.72709636104866611200E+018   1.05911919369408906277E+002
       418   5.72754168220854067200E+018   1.05923718529053417114E+002
       419   5.72791906642348748800E+018   1.05925946523573756508E+002
       420   5.72859539586367590400E+018   1.05943764017749742834E+002
       421   5.72943544190935244800E+018   1.05957886814250670682E+002
       422   5.73054955038706790400E+018   1.05976679537608745818E+002
       423   5.73167046023290163200E+018   1.05999445388268441093E+002
       424   5.73278950737538355200E+018   1.06020128518963815623E+002
       425   5.73408995189013811200E+018   1.06046757090416008396E+002
       426   5.73538743232571289600E+018   1.06073489589100816488E+002
       427   5.73682323328093286400E+018   1.06098094411637660528E+002
       428   5.73814876681770393600E+018   1.06124350841319724736E+002
       429   5.73944093081981542400E+018   1.06148966923260744011E+002
       430   5.74084291207479193600E+018   1.06174052585245377145E+002
       431   5.74232175292884582400E+018   1.06204746113132003416E+002
       432   5.74327285351961190400E+018   1.06218542422889797194E+002
       433   5.74443451119768780800E+018   1.06240738240477980980E+002
       434   5.74525823443588198400E+018   1.06255276902958939900E+002
       435   5.74597038150293811200E+018   1.06270342843296077717E+002
       436   5.74639441344608153600E+018   1.06274169624869003314E+002
       437   5.74717061472075468800E+018   1.06291498609218521665E+002
       438   5.74716988605439078400E+018   1.06291058453749371893E+002
       439   5.74705307091513139200E+018   1.06291133956712357644E+002
       440   5.74702336684940083200E+018   1.06288141055684988601E+002
       441   5.74664128500243046400E+018   1.06283379661261506044E+002
       442   5.74656640095397990400E+018   1.06281844042876699064E+002
       443   5.74573389210389606400E+018   1.06264112148294884719E+002
       444   5.74528641539263795200E+018   1.06254157486173753000E+002
       445   5.74450229306074931200E+018   1.06244750995300208274E+002
       446   5.74422143257840025600E+018   1.06236295886304731084E+002
       447   5.74377313097039462400E+018   1.06227753428257940982E+002
       448   5.74324408547120332800E+018   1.06219439193949099831E+002
       449   5.74264890314101862400E+018   1.06204990385206698988E+002
       450   5.74234880968079769600E+018   1.06199982902381748318E+002
       451   5.74188495052742041600E+018   1.06190996742081836146E+002
       452   5.74117046432343961600E+018   1.06174716984642358852E+002
       453   5.74110987974651699200E+018   1.06169039677331525695E+002
       454   5.74076172635873996800E+018   1.06169321264106272906E+002
       455   5.74000755199765606400E+018   1.06151249466407321620E+002
       456   5.74003107040057753600E+018   1.06157917784221254465E+002
       457   5.73934390235339980800E+018   1.06139119655757284022E+002
       458   5.73889238268989542400E+018   1.06133797863673763118E+002
       459   5.73818240771474329600E+018   1.06116041918153072743E+002
       460   5.73797528536077516800E+018   1.06111048453450123930E+002
       461   5.73722320052589670400E+018   1.06101225120081437581E+002
       462   5.73769526064816332800E+018   1.06107149288906668971E+002
       463   5.73687318294516633600E+018   1.06096101378193125697E+002
       464   5.42865059116571955200E+018   1.03641936126482434588E+002
       465   5.42805742150221619200E+018   1.03634675765401524927E+002
       466   5.42716403941766758400E+018   1.03616248884884001313E+002
       467   5.42679972301681356800E+018   1.03600716006231664323E+002
       468   5.42640572729662054400E+018   1.03597647158308987514E+002
       469   5.42643899182089932800E+018   1.03591610526728118202E+002
       470   5.42603131504000819200E+018   1.03584148133691954285E+002
       471   5.42526985615411814400E+018   1.03575979621048176682E+002
       472   5.42499956956824268800E+018   1.03562752131308727144E+002
       473   5.42437400966194995200E+018   1.03550368129028711905E+002
       474   5.42427296121827532800E+018   1.03546954615122260179E+002
       475   5.42358689301115392000E+018   1.03532106355671444931E+002
       476   5.42295060880826777600E+018   1.03517895554721960139E+002
       477   5.42288125467842252800E+018   1.03510811905645525144E+002
       478   5.42248397852237004800E+018   1.03505093815796257672E+002
       479   5.42185181057800499200E+018   1.03492819367786623275E+002
       480   5.42114225273346457600E+018   1.03477209887082437945E+002
       481   5.42066190500759040000E+018   1.03462208340834209253E+002
       482   5.41987489719638323200E+018   1.03448245736781942128E+002
       483   5.41927555859339980800E+018   1.03437270514043291314E+002
       484   5.41893485882981171200E+018   1.03425418444184856526E+002
       485   5.41852520605371187200E+018   1.03418764994031718629E+002
       486   5.41833836775803801600E+018   1.03412294022046395980E+002
       487   5.41812065574959820800E+018   1.03406412835224273294E+002
       488   5.41822513759703347200E+018   1.03407658233701269523E+002
       489   5.41815457752436019200E+018   1.03410586759751424779E+002
       490   5.41881135396964966400E+018   1.03422798980499578647E+002
       491   5.41952795140945203200E+018   1.03440108326965855667E+002
       492   5.41992996326300057600E+018   1.03452152934691028463E+002
       493   5.42099064928593510400E+018   1.03471271037910071300E+002
       494   5.42168741716523315200E+018   1.03487793772913960311E+002
       495   5.42277011496851865600E+018   1.03509422298953211339E+002
       496   5.42421164213722521600E+018   1.03545525379855519077E+002
       497   5.42551930053279846400E+018   1.03577002811755505718E+002
       498   5.42696600612975104000E+018   1.03609261288731616446E+002
       499   5.42835337954373836800E+018   1.03642201930653996556E+002
       500   5.42959126384483430400E+018   1.03666990486664190030E+002
       501   5.43114690563391283200E+018   1.03704831750532022738E+002
       502   5.43267659772045619200E+018   1.03744798584516729534E+002
       503   5.43395250052694630400E+018   1.03773493817605697132E+002
       504   5.43531017523284275200E+018   1.03802334070794771037E+002
       505   5.43654383436466688000E+018   1.03828505688149519415E+002
       506   5.43742357865701580800E+018   1.03850793957367670828E+002
       507   5.43831549403834982400E+018   1.03869374894058481118E+002
       508   5.43908383739906969600E+018   1.03887846575603205679E+002
       509   5.43962549555048755200E+018   1.03903063199391112903E+002
       510   5.44018981670740787200E+018   1.03908735548122578507E+002
       511   5.44033320620686643200E+018   1.03911146985208532101E+002
       512   5.44031744358100480000E+018   1.03915112110590698080E+002
       513   5.44031226481074892800E+018   1.03911078508452860092E+002
       514   5.44018101877711564800E+018   1.03909543371633631637E+002
       515   5.43939519853064192000E+018   1.03893856176274141490E+002
       516   5.43892298773160345600E+018   1.03884047382037479679E+002
       517   5.43858718701008998400E+018   1.03876553271541069989E+002
       518   5.43798926764944691200E+018   1.03860729360388816644E+002
       519   5.43708582396610048000E+018   1.03842254175850214892E+002
       520   5.43696376476050739200E+018   1.03838094411953264284E+002
       521   5.43636397667907481600E+018   1.03822177306640654137E+002
       522   5.43570225757876531200E+018   1.03814988754668789284E+002
       523   5.43519774629550182400E+018   1.03796544045244885979E+002
       524   5.43513628514323046400E+018   1.03797928708029033373E+002
       525   5.43451442631798067200E+018   1.03781489898733823907E+002
       526   5.43397350554067968000E+018   1.03767045480263121249E+002
       527   5.43341736243297177600E+018   1.03762764422487350657E+002
       528   5.43294236070106112000E+018   1.03743214632866468605E+002
       529   5.43300153527762227200E+018   1.03744651268138696310E+002
       530   5.43240944829135872000E+018   1.03732919808112470150E+002
       531   5.43212883025712537600E+018   1.03725879207424966921E+002
       532   5.43180896116364288000E+018   1.03717934499039188267E+002
       533   5.43057120578079846400E+018   1.03690841119043554386E+002
       534   5.43048221683703296000E+018   1.03689607089355988023E+002
       535   5.43040712666285465600E+018   1.03676737918843642206E+002
       536   5.42959514357275955200E+018   1.03668352245950828205E+002
       537   5.42934027611377766400E+018   1.03670341592600337322E+002
       538   5.42905853876311449600E+018   1.03657750572687632484E+002
       539   5.42866925609064857600E+018   1.03643456576281096204E+002
       540   5.14293168989077504000E+018   1.00507921023146550965E+002
       541   5.14261001613710028800E+018   1.00498276517143253272E+002
       542   5.14232183727696588800E+018   1.00491160209282099913E+002
       543   5.14188760337038233600E+018   1.00473558418270727088E+002
       544   5.14100689786393804800E+018   1.00456526157976853142E+002
       545   5.14047708586011033600E+018   1.00441921346951971827E+002
       546   5.14077920465965977600E+018   1.00447686548376267979E+002
       547   5.14019443283576217600E+018   1.00431438946127812528E+002
       548   5.13979788883024179200E+018   1.00418881381035859590E+002
       549   5.13929481964488499200E+018   1.00410285146458775785E+002
       550   5.13883549208956620800E+018   1.00401808331980234357E+002
       551   5.13841735258300620800E+018   1.00387498856474451259E+002
       552   5.13812467509808230400E+018   1.00386599899126281343E+002
       553   5.13782023349085593600E+018   1.00377659435045714531E+002
       554   5.13727123934307840000E+018   1.00365944014647723748E+002
       555   5.13708460397104640000E+018   1.00359190904599998362E+002
       556   5.13629819963383910400E+018   1.00344750969947526187E+002
       557   5.13590354825594982400E+018   1.00330787754911810339E+002
       558   5.13553420989441536000E+018   1.00322006180642503637E+002
       559   5.13455285296568934400E+018   1.00296734053588579627E+002
       560   5.13444921867889766400E+018   1.00296066440348724313E+002
       561   5.13375766971289292800E+018   1.00282490868205229617E+002
       562   5.13306677020660428800E+018   1.00262769150853770839E+002
       563   5.13268453109731328000E+018   1.00250285705503472400E+002
       564   5.13259655936039628800E+018   1.00248874737909901000E+002
       565   5.13242293423678771200E+018   1.00248571906694166955E+002
       566   5.13242162220480614400E+018   1.00246974885190681448E+002
       567   5.13268075041757696000E+018   1.00253880878553204070E+002
       568   5.13315663752671436800E+018   1.00261366404065412894E+002
       569   5.13351194932031692800E+018   1.00269873694276142828E+002
       570   5.13409673920085196800E+018   1.00287450964320569824E+002
       571   5.13481697152368947200E+018   1.00301490663228449307E+002
       572   5.13588656204337664000E+018   1.00333273446091993719E+002
       573   5.13678412042988544000E+018   1.00352718053280582922E+002
       574   5.13782744737225216000E+018   1.00376994883863289942E+002
       575   5.13916950192286822400E+018   1.00412789475158604091E+002
       576   5.14051478743582720000E+018   1.00445281445751774640E+002
       577   5.14180356630986240000E+018   1.00473446474841082932E+002
       578   5.14285635172477952000E+018   1.00500077223718719210E+002
       579   5.14436358316077260800E+018   1.00538082721432701305E+002
       580   5.14580119820004044800E+018   1.00576467178529625812E+002
       581   5.14683441693747916800E+018   1.00601702310491191383E+002
       582   5.14797006447954227200E+018   1.00624202403557191587E+002
       583   5.14929073954855219200E+018   1.00662095722663522679E+002
       584   5.15042142771489996800E+018   1.00689055846525491233E+002
       585   5.15138332568497254400E+018   1.00710721873481645616E+002
       586   5.15229515861846630400E+018   1.00733090002522075679E+002
       587   5.15322913121314304000E+018   1.00755425332268941929E+002
       588   5.15351127799139840000E+018   1.00764095462443435736E+002
       589   5.15383042786165555200E+018   1.00772820897370522175E+002
       590   5.15404438409185996800E+018   1.00779075390338263674E+002
       591   5.15460715608010752000E+018   1.00788111876926947730E+002
       592   5.15459673573684428800E+018   1.00796504726543119546E+002
       593   5.15421839054321766400E+018   1.00780040307471622896E+002
       594   5.15397736395315609600E+018   1.00772968875117655330E+002
       595   5.15396374643251302400E+018   1.00774744882576285931E+002
       596   5.15316954941896294400E+018   1.00756433065618395517E+002
       597   5.15271972637254144000E+018   1.00742811008562057395E+002
       598   5.15181499776657305600E+018   1.00722722707644152251E+002
       599   5.15157149612745113600E+018   1.00715802758104871373E+002
       600   5.15092853836307968000E+018   1.00697781249591841402E+002
       601   5.15043145591848140800E+018   1.00686753638578764480E+002
       602   5.14989655820412620800E+018   1.00675963339409932473E+002
       603   5.14967115197829836800E+018   1.00671976927341646046E+002
       604   5.14922188180367974400E+018   1.00658210063217794072E+002
       605   5.14905645051925708800E+018   1.00651830226250737610E+002
       606   5.14832015191780044800E+018   1.00634696187759814734E+002
       607   5.14808327739852800000E+018   1.00631320633661474062E+002
       608   5.14750967592720793600E+018   1.00617485817509802359E+002
       609   5.14762104122170368000E+018   1.00624160484198839072E+002
       610   5.14689788198148198400E+018   1.00603414861736368380E+002
       611   5.14641006641391923200E+018   1.00592254386065519611E+002
       612   5.14618621447590809600E+018   1.00579282129654004052E+002
       613   5.14574990993953587200E+018   1.00572626367941708736E+002
       614   5.14452713008741171200E+018   1.00548619392572618381E+002
       615   5.14455374335265689600E+018   1.00547786896953653013E+002
       616   5.14440016203650355200E+018   1.00538793051741848217E+002
       617   5.14400908919750144000E+018   1.00533796006610259610E+002
       618   5.14300952325190860800E+018   1.00510737069639858987E+002
       619   5.14348540433379942400E+018   1.00513218954254270443E+002
       620   4.86824444436172800000E+018   9.73619586448888441055E+001
       621   4.86818599715703296000E+018   9.73445166073895933323E+001
       622   4.86761504282606489600E+018   9.73371268349972780243E+001
       623   4.86690599279048089600E+018   9.73255904083253398085E+001
       624   4.86671522560919654400E+018   9.73101186079553599484E+001
       625   4.86619505259735347200E+018   9.73083951850415047602E+001
       626   4.86603452521407692800E+018   9.73030267989992552202E+001
       627   4.86548457908488089600E+018   9.72869012354649385088E+001
       628   4.86525301239340134400E+018   9.72725706251874697728E+001
       629   4.86464883560577638400E+018   9.72612898040493973895E+001
       630   4.86406495152779878400E+018   9.72558447604760800687E+001
       631   4.86425448716139315200E+018   9.72496164599843240239E+001
       632   4.86357575973121945600E+018   9.72369638300584568924E+001
       633   4.86332904836233420800E+018   9.72331399338352326822E+001
       634   4.86336041186096742400E+018   9.72333769477614424659E+001
       635   4.86281971282922393600E+018   9.72195584131832930552E+001
       636   4.86209643712702464000E+018   9.71988032083482806911E+001
       637   4.86173492259962470400E+018   9.71951600126240435884E+001
       638   4.86153278888981708800E+018   9.71887406682003529568E+001
       639   4.86085363603021824000E+018   9.71742552029771786692E+001
       640   4.86038422318653337600E+018   9.71592998644103431616E+001
       641   4.85954156671047987200E+018   9.71405386745828423045E+001
       642   4.85913278307694387200E+018   9.71348291879192942133E+001
       643   4.85862403350921318400E+018   9.71201599713196372932E+001
       644   4.85814891172857548800E+018   9.71088785143199970662E+001
       645   4.85777556899673292800E+018   9.71005361364220362930E+001
       646   4.85754906286224793600E+018   9.70948744058701294080E+001
       647   4.85772709556880076800E+018   9.71009015753461994791E+001
       648   4.85773570342643814400E+018   9.71035008200706926118E+001
       649   4.85797347482343014400E+018   9.71027232209431332421E+001
       650   4.85834877071753523200E+018   9.71162507892967568068E+001
       651   4.85876948001700659200E+018   9.71252043820229715720E+001
       652   4.85935755024545996800E+018   9.71394505142920223761E+001
       653   4.86021299672832819200E+018   9.71585368227521684048E+001
       654   4.86067655869515571200E+018   9.71701827549764658443E+001
       655   4.86179299487205785600E+018   9.71963886135584402837E+001
       656   4.86280377199223808000E+018   9.72202366277446259346E+001
       657   4.86393262420272230400E+018   9.72484294221427632010E+001
       658   4.86492211882633932800E+018   9.72740366800730242858E+001
       659   4.86594759960845312000E+018   9.72988178081680388232E+001
       660   4.86727147214972211200E+018   9.73303145710441555138E+001
       661   4.86849881690182758400E+018   9.73598126637087375457E+001
       662   4.86955357195901747200E+018   9.73855128233302735907E+001
       663   4.87066163389661593600E+018   9.74129998865620336801E+001
       664   4.87188350218233036800E+018   9.74429651109861794112E+001
       665   4.87302224559373414400E+018   9.74723085202237342628E+001
       666   4.87425906517803315200E+018   9.74987467332421289257E+001
       667   4.87510987493300531200E+018   9.75175422306025012631E+001
       668   4.87599937502483865600E+018   9.75395445163962477864E+001
       669   4.87695402875978956800E+018   9.75641582514006557858E+001
       670   4.87746894101066240000E+018   9.75772265738035144977E+001
       671   4.87804204372665651200E+018   9.75905665195977007897E+001
       672   4.87841684916430848000E+018   9.76057008165761743612E+001
       673   4.87871017982601625600E+018   9.76093099380619975136E+001
       674   4.87924672278232985600E+018   9.76233552867477101245E+001
       675   4.87942325833456025600E+018   9.76253746157780568637E+001
       676   4.87923752666349670400E+018   9.76215805567230319184E+001
       677   4.87892578115906969600E+018   9.76150979535021150468E+001
       678   4.87862358240931123200E+018   9.76056806212558853986E+001
       679   4.87824224290508185600E+018   9.75976197688912776584E+001
       680   4.87774734155861504000E+018   9.75827593365085022015E+001
       681   4.87737887442599526400E+018   9.75754475726079135711E+001
       682   4.87692913086832640000E+018   9.75612141214738954886E+001
       683   4.87641505256128409600E+018   9.75526630807871555362E+001
       684   4.87596651645214105600E+018   9.75405700606564067812E+001
       685   4.87535129495127040000E+018   9.75295732377958870529E+001
       686   4.87512655662484377600E+018   9.75216933689470124591E+001
       687   4.87423771641406771200E+018   9.75012690646585156173E+001
       688   4.87387286093856870400E+018   9.74918122077955757732E+001
       689   4.87365689915112345600E+018   9.74933008494346182715E+001
       690   4.87330321238465638400E+018   9.74800712961580302363E+001
       691   4.87332871164151296000E+018   9.74857707398637103324E+001
       692   4.87281352865693900800E+018   9.74648947423829099534E+001
       693   4.87215921186226892800E+018   9.74513507845776274507E+001
       694   4.87153323155960524800E+018   9.74377687295170318293E+001
       695   4.87162144677600153600E+018   9.74387992244799789887E+001
       696   4.87144283701095526400E+018   9.74294734668468578320E+001
       697   4.87086091845900083200E+018   9.74185679894169851423E+001
       698   4.87068717132904755200E+018   9.74052944225397681066E+001
       699   4.86977441292746342400E+018   9.73909384192433975613E+001
       700   4.86959410084906905600E+018   9.73891478636231369137E+001
       701   4.86901271734012620800E+018   9.73707285776769850827E+001
       702   4.86908304030968524800E+018   9.73739123448283550033E+001
       703   4.86877141201009868800E+018   9.73706498817291929981E+001
       704   4.86843396551277977600E+018   9.73556166296880292066E+001
       705   4.57192718889865779200E+018   9.45951945636472970591E+001
       706   4.57165695143534233600E+018   9.45969029693064129560E+001
       707   4.57099588857794508800E+018   9.45838326181059301234E+001
       708   4.57094662858792550400E+018   9.45734457804894077526E+001
       709   4.57114312125502668800E+018   9.45772360408604413351E+001
       710   4.57046397129172172800E+018   9.45582200700863353404E+001
       711   4.56966577371441254400E+018   9.45460331691196955717E+001
       712   4.56974745917566771200E+018   9.45460780425649858216E+001
       713   4.56911450197454643200E+018   9.45367813746335770020E+001
       714   4.56922732876830003200E+018   9.45382254635893559680E+001
       715   4.56854874362148659200E+018   9.45202378191370797822E+001
       716   4.56804411120642867200E+018   9.45103164347960245095E+001
       717   4.56790397017850009600E+018   9.45056710043074446048E+001
       718   4.56755434159821568000E+018   9.44931665426120162010E+001
       719   4.56730040064778803200E+018   9.44895559959187494314E+001
       720   4.56734629311078092800E+018   9.44908454213932742505E+001
       721   4.56665739714341632000E+018   9.44771483340535525031E+001
       722   4.56625779830631475200E+018   9.44683325622522573894E+001
       723   4.56557150006903756800E+018   9.44571011361623931180E+001
       724   4.56505190709117286400E+018   9.44428213061102468373E+001
       725   4.56476886752881254400E+018   9.44348177763469607271E+001
       726   4.56417973223226726400E+018   9.44215133102196801929E+001
       727   4.56347593310173747200E+018   9.44066702559055102029E+001
       728   4.56328597400634368000E+018   9.43977083677887236490E+001
       729   4.56259396789748838400E+018   9.43879553009630427596E+001
       730   4.56244502183704934400E+018   9.43879639422687404249E+001
       731   4.56210784627763148800E+018   9.43790102269489352693E+001
       732   4.56186985260782438400E+018   9.43715687077956886242E+001
       733   4.56190186350646476800E+018   9.43798740678978020924E+001
       734   4.56187058330537932800E+018   9.43785235596709100037E+001
       735   4.56204173948181248000E+018   9.43765723379597147868E+001
       736   4.56244326951119872000E+018   9.43902506625183264077E+001
       737   4.56295346713603123200E+018   9.43955639751322905795E+001
       738   4.56355824367770112000E+018   9.44066202685290107866E+001
       739   4.56433638715952998400E+018   9.44283854988587307844E+001
       740   4.56499036414831616000E+018   9.44446157403761361593E+001
       741   4.56566581595795097600E+018   9.44590482791675896124E+001
       742   4.56657321015909990400E+018   9.44778196530375424800E+001
       743   4.56763182604492236800E+018   9.45019939682087652955E+001
       744   4.56858827071346380800E+018   9.45223567617929205653E+001
       745   4.56961647658383411200E+018   9.45464349105444625820E+001
       746   4.57073658826877952000E+018   9.45717691549074288559E+001
       747   4.57177013212014950400E+018   9.45967510715847907932E+001
       748   4.57285061880267468800E+018   9.46176562209540179538E+001
       749   4.57390021613786009600E+018   9.46412816540898802486E+001
       750   4.57488944505167257600E+018   9.46672486204572436463E+001
       751   4.57591273178736588800E+018   9.46856574213210677726E+001
       752   4.57702237244617932800E+018   9.47137272248980224276E+001
       753   4.57808049724232192000E+018   9.47384247083121380228E+001
       754   4.57880121489612390400E+018   9.47517008910510156738E+001
       755   4.57970026030487961600E+018   9.47731427193644293538E+001
       756   4.58059781235514726400E+018   9.47942621534591438603E+001
       757   4.58155570205517312000E+018   9.48178583085220196836E+001
       758   4.58181368391867904000E+018   9.48254064912514991192E+001
       759   4.58275545780077056000E+018   9.48376475924698212339E+001
       760   4.58307476062844672000E+018   9.48486054448915609782E+001
       761   4.58329863612646656000E+018   9.48548488132784228810E+001
       762   4.58354953819059558400E+018   9.48576443919882308364E+001
       763   4.58330909400374937600E+018   9.48532278568766713533E+001
       764   4.58344511865469644800E+018   9.48585819403871965960E+001
       765   4.58345500289495398400E+018   9.48543370160630132659E+001
       766   4.58283728884681011200E+018   9.48391531817575099694E+001
       767   4.58267867192978278400E+018   9.48388653254496603040E+001
       768   4.58224964873594163200E+018   9.48285792162650977843E+001
       769   4.58149058302105548800E+018   9.48105743913315563987E+001
       770   4.58128833841920870400E+018   9.48049907063361274595E+001
       771   4.58085750710837811200E+018   9.47983532022998218736E+001
       772   4.58039394014682060800E+018   9.47843806327474567297E+001
       773   4.57954353353859584000E+018   9.47709456364759574853E+001
       774   4.57919860607261286400E+018   9.47640878698555155779E+001
       775   4.57852718816781414400E+018   9.47468872392800136595E+001
       776   4.57789448088045260800E+018   9.47366918434598375143E+001
       777   4.57782839554224896000E+018   9.47319493793759903610E+001
       778   4.57769659075800883200E+018   9.47297701858847602807E+001
       779   4.57732185259880857600E+018   9.47173262914386668854E+001
       780   4.57703770136927334400E+018   9.47173028586451408728E+001
       781   4.57666923939623936000E+018   9.47036929540516894122E+001
       782   4.57639952689591449600E+018   9.46941258678676405225E+001
       783   4.57605657524286924800E+018   9.46878409034419945556E+001
       784   4.57544134797287424000E+018   9.46782030643544203485E+001
       785   4.57459568902277632000E+018   9.46566101997936328871E+001
       786   4.57475035807038924800E+018   9.46580838471761012443E+001
       787   4.57457263559888025600E+018   9.46629198410904137972E+001
       788   4.57440769767202457600E+018   9.46549173651169439836E+001
       789   4.57371630693109452800E+018   9.46405661622378744369E+001
       790   4.57308811903329484800E+018   9.46322824439543950348E+001
       791   4.57334973881492736000E+018   9.46317534919492686640E+001
       792   4.57319539171971430400E+018   9.46226972213712969051E+001
       793   4.57218992661767884800E+018   9.46086175763753232104E+001
       794   4.22349212515165849600E+018   9.26472089562512906014E+001
       795   4.22302359133818060800E+018   9.26414618007722765469E+001
       796   4.22218897610211788800E+018   9.26231906600375367589E+001
       797   4.22189695818981427200E+018   9.26243809078382440703E+001
       798   4.22187931619675289600E+018   9.26183696557508255864E+001
       799   4.22159725775207065600E+018   9.26070880149906088263E+001
       800   4.22115747012972544000E+018   9.26004132776660071613E+001
       801   4.22028875357527244800E+018   9.25806754937659661664E+001
       802   4.22071955840929945600E+018   9.25848172636107733524E+001
       803   4.22010680541878169600E+018   9.25787090565897869965E+001
       804   4.21990477379412940800E+018   9.25742240339563267071E+001
       805   4.21928290645492326400E+018   9.25644872117619144092E+001
       806   4.21904464492221030400E+018   9.25625804593046126456E+001
       807   4.21852536508290048000E+018   9.25478649553555925422E+001
       808   4.21814102369026867200E+018   9.25428671332892349710E+001
       809   4.21806665062697881600E+018   9.25378273372503059591E+001
       810   4.21734331863420825600E+018   9.25300638580221885832E+001
       811   4.21718518064247398400E+018   9.25239356212103274402E+001
       812   4.21664906195139430400E+018   9.25147310747662459107E+001
       813   4.21635505088617523200E+018   9.25116733922626934827E+001
       814   4.21582993373356595200E+018   9.24970166618859508390E+001
       815   4.21523341683595008000E+018   9.24830089249350209002E+001
       816   4.21469470671190118400E+018   9.24755424173580422575E+001
       817   4.21402670854508236800E+018   9.24620719473578418501E+001
       818   4.21328815077475328000E+018   9.24504919135195422086E+001
       819   4.21305289170641408000E+018   9.24377257363138227220E+001
       820   4.21277620481409433600E+018   9.24366555602790498369E+001
       821   4.21240453282486118400E+018   9.24309706826681320990E+001
       822   4.21237078894910412800E+018   9.24308097561280987975E+001
       823   4.21216691093043353600E+018   9.24227129954206958473E+001
       824   4.21235564682539110400E+018   9.24274353862912647628E+001
       825   4.21252374535442688000E+018   9.24298518607936330227E+001
       826   4.21284953355889100800E+018   9.24395982357128076501E+001
       827   4.21292289209828915200E+018   9.24451034480024986806E+001
       828   4.21372072286312755200E+018   9.24550187280921846877E+001
       829   4.21384617780345395200E+018   9.24630319773382751691E+001
       830   4.21490396673911603200E+018   9.24786774707609993129E+001
       831   4.21547946716418816000E+018   9.24935191643697720565E+001
       832   4.21648629416819148800E+018   9.25087320908320407398E+001
       833   4.21729811248468736000E+018   9.25278261238277650591E+001
       834   4.21823003655603200000E+018   9.25469866004624464040E+001
       835   4.21916231061058560000E+018   9.25667697651559109318E+001
       836   4.22013143060162099200E+018   9.25849913677110833987E+001
       837   4.22123886247105894400E+018   9.26049890979852108330E+001
       838   4.22218256690621491200E+018   9.26264356622339164460E+001
       839   4.22315864839629209600E+018   9.26446744913888409201E+001
       840   4.22405540939644825600E+018   9.26655893699827970522E+001
       841   4.22508472811848652800E+018   9.26859413246790921903E+001
       842   4.22606043128533657600E+018   9.27049539580329309274E+001
       843   4.22711721040787251200E+018   9.27259698857183849441E+001
       844   4.22794364490171084800E+018   9.27421116032937788987E+001
       845   4.22893702269300940800E+018   9.27641667121715869371E+001
       846   4.22982905383721881600E+018   9.27820193890199078623E+001
       847   4.23068300898796032000E+018   9.28015261519398109158E+001
       848   4.23159153717717299200E+018   9.28164747462871702055E+001
       849   4.23206160713423616000E+018   9.28294463659959063762E+001
       850   4.23282416372682649600E+018   9.28427498387721925610E+001
       851   4.23372937814842931200E+018   9.28571589642824193334E+001
       852   4.23388413747047782400E+018   9.28639469178392147342E+001
       853   4.23426136631212288000E+018   9.28695319881717864519E+001
       854   4.23445614923127500800E+018   9.28724057405005822829E+001
       855   4.23463208062928640000E+018   9.28773951518287645968E+001
       856   4.23515934916699852800E+018   9.28823069567242356470E+001
       857   4.23458995569269196800E+018   9.28759232078189853610E+001
       858   4.23470589953271296000E+018   9.28744965468545586873E+001
       859   4.23408977902752665600E+018   9.28649492188834670969E+001
       860   4.23379798567107737600E+018   9.28560759474908792299E+001
       861   4.23345945557951180800E+018   9.28469982880072421949E+001
       862   4.23282276512514099200E+018   9.28326974135197815485E+001
       863   4.23245570852956723200E+018   9.28249744492996597955E+001
       864   4.23184077099063910400E+018   9.28151789000132083629E+001
       865   4.23139678377634560000E+018   9.28037305098124676306E+001
       866   4.23075938848979046400E+018   9.27924354653500813583E+001
       867   4.23037210853692876800E+018   9.27874148956919810871E+001
       868   4.22978816660976486400E+018   9.27749727609994891964E+001
       869   4.22948361832379238400E+018   9.27754017100407963881E+001
       870   4.22923459513162188800E+018   9.27639847064695430845E+001
       871   4.22900493862033817600E+018   9.27641456856655537422E+001
       872   4.22827074394654924800E+018   9.27514950141840017750E+001
       873   4.22818741413547878400E+018   9.27488721406128320268E+001
       874   4.22776942650904627200E+018   9.27396513925950785051E+001
       875   4.22748584602725120000E+018   9.27285341649152456966E+001
       876   4.22706402446414489600E+018   9.27219054625865055641E+001
       877   4.22690019339626598400E+018   9.27194869674276986871E+001
       878   4.22662737333367449600E+018   9.27069825228591781752E+001
       879   4.22588868803004416000E+018   9.26975598708096271139E+001
       880   4.22568993475281612800E+018   9.27020710609684641668E+001
       881   4.22554867475495270400E+018   9.26863367330820580037E+001
       882   4.22472639536936857600E+018   9.26737568923532961662E+001
       883   4.22430119027460096000E+018   9.26694980783084361065E+001
       884   4.22427617947309056000E+018   9.26618773149216252705E+001
       885   4.22388203960298956800E+018   9.26602009291017338910E+001
       886   4.22374498550326169600E+018   9.26645893060157703758E+001
       887   4.22383768233422233600E+018   9.26544623172352430629E+001
       888   3.82136961750004889600E+018   9.11848915760242135775E+001
       889   3.82149905283022643200E+018   9.11729749558626707540E+001
       890   3.82061144656889446400E+018   9.11675986178593831255E+001
       891   3.82077343999928627200E+018   9.11626650812395382673E+001
       892   3.81995992269784166400E+018   9.11429948135383369845E+001
       893   3.81986642604993792000E+018   9.11445893054193589933E+001
       894   3.81913621759067084800E+018   9.11445875149965587525E+001
       895   3.81915515117924352000E+018   9.11342523216601847480E+001
       896   3.81870566682524825600E+018   9.11172942086814146023E+001
       897   3.81822708334431744000E+018   9.11147768447204242648E+001
       898   3.81796656901823078400E+018   9.11049083683761296015E+001
       899   3.81783182646736486400E+018   9.11003468217365508508E+001
       900   3.81690488680731801600E+018   9.10874251927172480237E+001
       901   3.81690864362508697600E+018   9.10870130834516231744E+001
       902   3.81692413935874816000E+018   9.10858776348413101687E+001
       903   3.81647114319099289600E+018   9.10792460741981102501E+001
       904   3.81567875408359731200E+018   9.10684111545621561845E+001
       905   3.81567666659836672000E+018   9.10601325979043281222E+001
       906   3.81495738695094732800E+018   9.10456412072653193945E+001
       907   3.81428652926818918400E+018   9.10384093330348349582E+001
       908   3.81399978821698764800E+018   9.10326751035726715600E+001
       909   3.81332146839015936000E+018   9.10130466945343670204E+001
       910   3.81274668995563008000E+018   9.10081870388115277137E+001
       911   3.81222740679785676800E+018   9.09917786112794573228E+001
       912   3.81164608216083712000E+018   9.09820352455704295380E+001
       913   3.81090891748539187200E+018   9.09686166769635207174E+001
       914   3.81091989198878566400E+018   9.09690517189965675016E+001
       915   3.81051825627126681600E+018   9.09587750370603629335E+001
       916   3.81020589632099993600E+018   9.09487498319685272463E+001
       917   3.81030420073409945600E+018   9.09491622588704444752E+001
       918   3.81008164781135206400E+018   9.09462461952222156469E+001
       919   3.80980371051720550400E+018   9.09436349629916804815E+001
       920   3.81026188498965708800E+018   9.09506902308467743978E+001
       921   3.81071534099865548800E+018   9.09574667583662090919E+001
       922   3.81102559077834291200E+018   9.09705388089757747139E+001
       923   3.81164533728951808000E+018   9.09745764209720135796E+001
       924   3.81196350431810355200E+018   9.09857900458592183668E+001
       925   3.81267991324969523200E+018   9.10002792664509598808E+001
       926   3.81355416886542336000E+018   9.10214435423750956033E+001
       927   3.81453712793771212800E+018   9.10398390833235140462E+001
       928   3.81548121330455500800E+018   9.10586649496008675442E+001
       929   3.81632880747249459200E+018   9.10778609365028302136E+001
       930   3.81702918937228902400E+018   9.10939832861228495631E+001
       931   3.81795467023989555200E+018   9.11143239197115804018E+001
       932   3.81898663641826918400E+018   9.11335948030319968893E+001
       933   3.81982590658836684800E+018   9.11516466104609435206E+001
       934   3.82061533848196608000E+018   9.11686486115129497421E+001
       935   3.82158747211793561600E+018   9.11882149028129305179E+001
       936   3.82238225580398284800E+018   9.12063823734883953875E+001
       937   3.82325331304192665600E+018   9.12230693375749979168E+001
       938   3.82414508476825804800E+018   9.12425010876012407834E+001
       939   3.82509012783480627200E+018   9.12614137027374994204E+001
       940   3.82606560325692569600E+018   9.12818899018283076430E+001
       941   3.82697248329172121600E+018   9.13000009535348908685E+001
       942   3.82776463885864294400E+018   9.13185857771375708580E+001
       943   3.82840320482048614400E+018   9.13297119755251429751E+001
       944   3.82952786224880896000E+018   9.13581764761456298629E+001
       945   3.83017697959024486400E+018   9.13686346456777727099E+001
       946   3.83099487505585408000E+018   9.13860107694199967909E+001
       947   3.83185091365994393600E+018   9.14025079350706590731E+001
       948   3.83237353926941798400E+018   9.14127479951457075913E+001
       949   3.83309420767267840000E+018   9.14229370259296985068E+001
       950   3.83360716340486758400E+018   9.14369243911252027601E+001
       951   3.83373175301732096000E+018   9.14399241936060889202E+001
       952   3.83376471920601139200E+018   9.14449771959223909334E+001
       953   3.83378144859965491200E+018   9.14434108087425983058E+001
       954   3.83385235003981363200E+018   9.14440389786103793313E+001
       955   3.83359659540836147200E+018   9.14415475433252851190E+001
       956   3.83335626915399884800E+018   9.14315098259880159048E+001
       957   3.83322466017721036800E+018   9.14285087524020809724E+001
       958   3.83256914363012044800E+018   9.14109363916592911892E+001
       959   3.83251311099760896000E+018   9.14068874082405073977E+001
       960   3.83196868811617587200E+018   9.13955951408775462141E+001
       961   3.83116767375577241600E+018   9.13809480120597754649E+001
       962   3.83064988179846758400E+018   9.13701764427669758106E+001
       963   3.83011861572312064000E+018   9.13587998063180037889E+001
       964   3.82945503705074688000E+018   9.13473474144133348318E+001
       965   3.82897993194467430400E+018   9.13334405360673144969E+001
       966   3.82886196386298777600E+018   9.13262370684717126323E+001
       967   3.82837451904050176000E+018   9.13230192761900099185E+001
       968   3.82791448878195046400E+018   9.13065228291810626615E+001
       969   3.82743533132505139200E+018   9.12981952463452302027E+001
       970   3.82692610975046297600E+018   9.12954898926218874067E+001
       971   3.82697526428004300800E+018   9.12931889105149565466E+001
       972   3.82678214903322880000E+018   9.12866614931004534128E+001
       973   3.82647759083183052800E+018   9.12770969666251943408E+001
       974   3.82568733177434880000E+018   9.12698796768606683827E+001
       975   3.82575692008155187200E+018   9.12653976918315805733E+001
       976   3.82542175250190233600E+018   9.12531739092110143474E+001
       977   3.82483827952549683200E+018   9.12509543972773968790E+001
       978   3.82430037151356211200E+018   9.12364098680731672175E+001
       979   3.82426249079627264000E+018   9.12373611579486123446E+001
       980   3.82360921426489292800E+018   9.12215231145586216144E+001
       981   3.82349619969692467200E+018   9.12144177498370822832E+001
       982   3.82342933121272217600E+018   9.12177283300163281865E+001
       983   3.82216580767193088000E+018   9.11976580540618328996E+001
       984   3.82220308766609254400E+018   9.11942040696818025935E+001
       985   3.82210655711083315200E+018   9.11846712580955909289E+001
       986   3.40456317877266483200E+018   8.92770055811474065877E+001
       987   3.40372983710387097600E+018   8.92609468601067277405E+001
       988   3.40388636660393113600E+018   8.92613809727640727942E+001
       989   3.40304538666657484800E+018   8.92499884601879358570E+001
       990   3.40233155301820160000E+018   8.92320435356507459801E+001
       991   3.40226388991333427200E+018   8.92225792373422592618E+001
       992   3.40196433571552000000E+018   8.92087518881221086531E+001
       993   3.40182029372674969600E+018   8.92033466104162897636E+001
       994   3.40130755969489049600E+018   8.91965169136794884253E+001
       995   3.40067393748648704000E+018   8.91925696878355580566E+001
       996   3.40063473274765977600E+018   8.91861767698730005804E+001
       997   3.39999035915444531200E+018   8.91664161818473672838E+001
       998   3.39969734029822873600E+018   8.91582728085400475493E+001
       999   3.39941016501522636800E+018   8.91547022317290469573E+001
      1000   3.39919394716841011200E+018   8.91497093470289456718E+001
      1001   3.39826463997743667200E+018   8.91329495209403148692E+001
      1002   3.39831377652547942400E+018   8.91295407908922783236E+001
      1003   3.39763933737421363200E+018   8.91169304914750455282E+001
      1004   3.39736396746582118400E+018   8.91096371837058995879E+001
      1005   3.39725452641025024000E+018   8.91066030460802522839E+001
      1006   3.39657044236827340800E+018   8.90876429506334233110E+001
      1007   3.39586750672097587200E+018   8.90672659303622253901E+001
      1008   3.39536528683081369600E+018   8.90568841544824039147E+001
      1009   3.39476993641135308800E+018   8.90445258086879221082E+001
      1010   3.39382733989016371200E+018   8.90191355037642466641E+001
      1011   3.39359622019160729600E+018   8.90154821930014463760E+001
      1012   3.39298207708181043200E+018   8.89934729217115574329E+001
      1013   3.39272133373236838400E+018   8.89911080229459656721E+001
      1014   3.39239923244599193600E+018   8.89828648571054685590E+001
      1015   3.39226201526636339200E+018   8.89826311002439069853E+001
      1016   3.39219403828551987200E+018   8.89758454773620002243E+001
      1017   3.39196730824201164800E+018   8.89742487467364782106E+001
      1018   3.39242047376584294400E+018   8.89810092111609520771E+001
      1019   3.39224737084763545600E+018   8.89781499960195105814E+001
      1020   3.39296549266017638400E+018   8.89936698256102118876E+001
      1021   3.39283213806543001600E+018   8.89959530857253184877E+001
      1022   3.39368877392868812800E+018   8.90092346614432443630E+001
      1023   3.39425519234190284800E+018   8.90270534709612917368E+001
      1024   3.39478345596428697600E+018   8.90425370708491783489E+001
      1025   3.39579972823780915200E+018   8.90702901224294265603E+001
      1026   3.39627725058445056000E+018   8.90810401601063972521E+001
      1027   3.39727649230016153600E+018   8.91011499426798110335E+001
      1028   3.39772766147032422400E+018   8.91155331326798858527E+001
      1029   3.39900113911597926400E+018   8.91450752725794899334E+001
      1030   3.39954851053041612800E+018   8.91651518480788212173E+001
      1031   3.40048850115454720000E+018   8.91842532016694917729E+001
      1032   3.40117067031225190400E+018   8.92022896176334825213E+001
      1033   3.40204798114714880000E+018   8.92246509095090942765E+001
      1034   3.40293807202603827200E+018   8.92456521218905010073E+001
      1035   3.40383581498183526400E+018   8.92681361196601272923E+001
      1036   3.40455702573781350400E+018   8.92871040806160749526E+001
      1037   3.40532798089938124800E+018   8.93060064531647981312E+001
      1038   3.40627191905626572800E+018   8.93286703678355706870E+001
      1039   3.40715135411247462400E+018   8.93485323598236647058E+001
      1040   3.40785511459521075200E+018   8.93663662269011638273E+001
      1041   3.40879234228273254400E+018   8.93942076874444069290E+001
      1042   3.40950649970244300800E+018   8.94097769432756450669E+001
      1043   3.41038647291216793600E+018   8.94311474528985144161E+001
      1044   3.41123736690068633600E+018   8.94497960301614511991E+001
      1045   3.41212755398268160000E+018   8.94750343796448532885E+001
      1046   3.41294127215380889600E+018   8.94923710387620872098E+001
      1047   3.41357808378550016000E+018   8.95095780301645618238E+001
      1048   3.41449827687931904000E+018   8.95300537996917569217E+001
      1049   3.41536625756082227200E+018   8.95573654111520340848E+001
      1050   3.41550236359536742400E+018   8.95565413158238214919E+001
      1051   3.41589955181604710400E+018   8.95658720738318834265E+001
      1052   3.41644674832718336000E+018   8.95763805916669326734E+001
      1053   3.41631479401017344000E+018   8.95764700240954283572E+001
      1054   3.41678759340754432000E+018   8.95877934951661671903E+001
      1055   3.41670477439864217600E+018   8.95861371890283209041E+001
      1056   3.41683455054314496000E+018   8.95875420299987439421E+001
      1057   3.41675444720792832000E+018   8.95837376875859376923E+001
      1058   3.41667810634354278400E+018   8.95806400455240350311E+001
      1059   3.41605375040350054400E+018   8.95652302437523530898E+001
      1060   3.41567530312835072000E+018   8.95592493207734179350E+001
      1061   3.41512216887504332800E+018   8.95402234757851829272E+001
      1062   3.41467354611184025600E+018   8.95307560341546349036E+001
      1063   3.41392436655613952000E+018   8.95100380255046417233E+001
      1064   3.41306203767470387200E+018   8.94876553507733518700E+001
      1065   3.41292510402884915200E+018   8.94883813643111380998E+001
      1066   3.41253775401269145600E+018   8.94746051835376050576E+001
      1067   3.41212300309670348800E+018   8.94640226482986093970E+001
      1068   3.41139758062918502400E+018   8.94489491043053703834E+001
      1069   3.41129818941557145600E+018   8.94386534922092977240E+001
      1070   3.41086117084646502400E+018   8.94309594650130037508E+001
      1071   3.41036952722658406400E+018   8.94225559961634957062E+001
      1072   3.40971482051297587200E+018   8.94082186936301894775E+001
      1073   3.40963273531715328000E+018   8.94090546366123959388E+001
      1074   3.40961766313755392000E+018   8.94084052473187966825E+001
      1075   3.40925236990876262400E+018   8.93930708819294324030E+001
      1076   3.40877970401834137600E+018   8.93805516162195203833E+001
      1077   3.40838887570419968000E+018   8.93630791671319713032E+001
      1078   3.40795751315250483200E+018   8.93593435824041506521E+001
      1079   3.40736134841151129600E+018   8.93555029853496165515E+001
      1080   3.40711846984093132800E+018   8.93381777539627393026E+001
      1081   3.40714176966232576000E+018   8.93366402410049431637E+001
      1082   3.40700202802762342400E+018   8.93337667289871006915E+001
      1083   3.40586677507214284800E+018   8.93142999085970927808E+001
      1084   3.40621417087139788800E+018   8.93166739992481808486E+001
      1085   3.40497448278644582400E+018   8.92821524407695363834E+001
      1086   3.40474664081787443200E+018   8.92775662685613866643E+001
      1087   3.40458031585688832000E+018   8.92757612424496329595E+001
      1088   3.40479581960710451200E+018   8.92753576007483076182E+001
      1089   3.16149772988619110400E+018   8.74790913204533921999E+001
      1090   3.16169579276967424000E+018   8.74937103411722461033E+001
      1091   3.16099548421567897600E+018   8.74689353162144129783E+001
      1092   3.16016085870157363200E+018   8.74581757072183592072E+001
      1093   3.16045844103594240000E+018   8.74594631859118294415E+001
      1094   3.15997686391174553600E+018   8.74488639891601309273E+001
      1095   3.15960456393697689600E+018   8.74393697188933174402E+001
      1096   3.15904961643356979200E+018   8.74141820956547945798E+001
      1097   3.15876257126292428800E+018   8.74069928582678272733E+001
      1098   3.15858967988092672000E+018   8.73911625117911512461E+001
      1099   3.15830862314378854400E+018   8.73977023327620372584E+001
      1100   3.15787772831237632000E+018   8.73809490409748974571E+001
      1101   3.15765740068963276800E+018   8.73753095703216473566E+001
      1102   3.15748256047054950400E+018   8.73606933677991719378E+001
      1103   3.15725580497642803200E+018   8.73586915898754909904E+001
      1104   3.15623202938373068800E+018   8.73293414450586595876E+001
      1105   3.15632661227148544000E+018   8.73388294650416554532E+001
      1106   3.15591328762250547200E+018   8.73270048254918407338E+001
      1107   3.15526600277874483200E+018   8.73095905415741952993E+001
      1108   3.15500627817326796800E+018   8.73002263743561570664E+001
      1109   3.15425370715587737600E+018   8.72830952798268526749E+001
      1110   3.15381587533480192000E+018   8.72688305461619506787E+001
      1111   3.15329624930636544000E+018   8.72471125439466135276E+001
      1112   3.15260983215052083200E+018   8.72304454484306148743E+001
      1113   3.15215988127334297600E+018   8.72177255760887675251E+001
      1114   3.15165527239464960000E+018   8.72100651556861663494E+001
      1115   3.15139266498688307200E+018   8.71921987014684276573E+001
      1116   3.15068622139327436800E+018   8.71720585095438309509E+001
      1117   3.15023737490559027200E+018   8.71620783572619757251E+001
      1118   3.15025400225692518400E+018   8.71604798557563498207E+001
      1119   3.15023527065878220800E+018   8.71605961305091341274E+001
      1120   3.15030517783956889600E+018   8.71625825605092359183E+001
      1121   3.15002126829206476800E+018   8.71478590212478110288E+001
      1122   3.15009752531488102400E+018   8.71582189371923163890E+001
      1123   3.15037136669286912000E+018   8.71611428040781532900E+001
      1124   3.15064972597293516800E+018   8.71692327540154252574E+001
      1125   3.15139247758244096000E+018   8.71876022554258867103E+001
      1126   3.15159422329923276800E+018   8.72006842576107601417E+001
      1127   3.15216973532274892800E+018   8.72132062082946077908E+001
      1128   3.15299678194806528000E+018   8.72403686170069363470E+001
      1129   3.15357233141535488000E+018   8.72568922111497613514E+001
      1130   3.15430268162737459200E+018   8.72795396939254288782E+001
      1131   3.15516579590168883200E+018   8.73021635010230312446E+001
      1132   3.15555912326721894400E+018   8.73158325172839084871E+001
      1133   3.15659219394692915200E+018   8.73447636667223292761E+001
      1134   3.15728315702982041600E+018   8.73643996646368208303E+001
      1135   3.15796227308368998400E+018   8.73874000792408196503E+001
      1136   3.15889081902277376000E+018   8.74110151850261587470E+001
      1137   3.15948839881066649600E+018   8.74303503851673866620E+001
      1138   3.16024661127488665600E+018   8.74516328856943658820E+001
      1139   3.16099700310952192000E+018   8.74735220194022531359E+001
      1140   3.16177322711119462400E+018   8.74955492407394217480E+001
      1141   3.16257213258127974400E+018   8.75176427459151540234E+001
      1142   3.16331791198702489600E+018   8.75407565757352585933E+001
      1143   3.16407426675715020800E+018   8.75632240025018830920E+001
      1144   3.16487816137400268800E+018   8.75856821299782239976E+001
      1145   3.16559954444333107200E+018   8.76070675849006619273E+001
      1146   3.16635866614440243200E+018   8.76263639774754921064E+001
      1147   3.16699491513805926400E+018   8.76457155252094963771E+001
      1148   3.16778921857191219200E+018   8.76707738302879988623E+001
      1149   3.16885878251788953600E+018   8.77013375610168708363E+001
      1150   3.16926687583957657600E+018   8.77069939548879489166E+001
      1151   3.16997173719482675200E+018   8.77321913601765430712E+001
      1152   3.17065502136844646400E+018   8.77533038327245975552E+001
      1153   3.17164257365058406400E+018   8.77790830977258309531E+001
      1154   3.17214527963979520000E+018   8.77945202836093159249E+001
      1155   3.17286138813493094400E+018   8.78159025338862733179E+001
      1156   3.17349222158939187200E+018   8.78323792977966348872E+001
      1157   3.17366606818608128000E+018   8.78416814041576543559E+001
      1158   3.17397583633098188800E+018   8.78490235304047786258E+001
      1159   3.17415228845635430400E+018   8.78500791112438292885E+001
      1160   3.17454173603852339200E+018   8.78547788753284777385E+001
      1161   3.17470660436100147200E+018   8.78632192333456742972E+001
      1162   3.17456719018382950400E+018   8.78603082393344578804E+001
      1163   3.17410886876190361600E+018   8.78510013355832342086E+001
      1164   3.17398750614315008000E+018   8.78442060539896516502E+001
      1165   3.17358629816328294400E+018   8.78289337864371901787E+001
      1166   3.17338891640006400000E+018   8.78307328596437741908E+001
      1167   3.17292007221852723200E+018   8.78083650208941861592E+001
      1168   3.17219953945080780800E+018   8.77875937377963992958E+001
      1169   3.17189397278713241600E+018   8.77723595460144423441E+001
      1170   3.17120080387742668800E+018   8.77613845149049183192E+001
      1171   3.17067317386824396800E+018   8.77393576950682501092E+001
      1172   3.17000538571013017600E+018   8.77244166444311304076E+001
      1173   3.16951854140108646400E+018   8.77138376702897772930E+001
      1174   3.16897002414708633600E+018   8.76948792731628401498E+001
      1175   3.16856582054762444800E+018   8.76818712797609123299E+001
      1176   3.16831222551422873600E+018   8.76804283417452552385E+001
      1177   3.16821176385929267200E+018   8.76668103560528351181E+001
      1178   3.16773915361253836800E+018   8.76593266050546588986E+001
      1179   3.16709030695435468800E+018   8.76390225160008640160E+001
      1180   3.16696191811715072000E+018   8.76290450017843340902E+001
      1181   3.16658146749129830400E+018   8.76342539099314450368E+001
      1182   3.16620377086492672000E+018   8.76245703002093705436E+001
      1183   3.16623068317291571200E+018   8.76177365394214007210E+001
      1184   3.16569039117834598400E+018   8.75939383172370042985E+001
      1185   3.16522613990135142400E+018   8.75925336720499245757E+001
      1186   3.16496855487514521600E+018   8.75896298419620507048E+001
      1187   3.16490418689060454400E+018   8.75856011184001772563E+001
      1188   3.16416955561213081600E+018   8.75560622230694320933E+001
      1189   3.16423065965416704000E+018   8.75563779995140265555E+001
      1190   3.16373025253428940800E+018   8.75430538724310736143E+001
      1191   3.16312674787218944000E+018   8.75343207191959749025E+001
      1192   3.16247991381510297600E+018   8.75085874215379959651E+001
      1193   3.16278942883176908800E+018   8.75129599686445658335E+001
      1194   3.16257028392051200000E+018   8.75034432159175707966E+001
      1195   2.89234766827527065600E+018   8.45360007682038059329E+001
      1196   2.89122360449883443200E+018   8.45164975727906835345E+001
      1197   2.89195965949485414400E+018   8.45254504887160038606E+001
      1198   2.89141655108587212800E+018   8.45075430819644708436E+001
      1199   2.89052151087134668800E+018   8.44854567844223112161E+001
      1200   2.89063359493083084800E+018   8.44753222197687847483E+001
      1201   2.89012611380977356800E+018   8.44737442091988555148E+001
      1202   2.89005008219502336000E+018   8.44714715829015005966E+001
      1203   2.88984405011996774400E+018   8.44585040128353483624E+001
      1204   2.88929353571397017600E+018   8.44333119678836538924E+001
      1205   2.88901654899818649600E+018   8.44279755921641168470E+001
      1206   2.88890892763571097600E+018   8.44182669150418263371E+001
      1207   2.88830709951904819200E+018   8.44038412139882581187E+001
      1208   2.88811295994280550400E+018   8.43959742701566568712E+001
      1209   2.88758193596710758400E+018   8.43810157354170797817E+001
      1210   2.88708745820045926400E+018   8.43600411611285352365E+001
      1211   2.88693241068531353600E+018   8.43530217294376143400E+001
      1212   2.88639742078517350400E+018   8.43519715637239073658E+001
      1213   2.88612264258679296000E+018   8.43385044666064942476E+001
      1214   2.88601729046154035200E+018   8.43264524251595872784E+001
      1215   2.88558373223631104000E+018   8.43106029785121791065E+001
      1216   2.88517097904797286400E+018   8.42993224251684836190E+001
      1217   2.88467863836615065600E+018   8.42782290755616969591E+001
      1218   2.88399577113959424000E+018   8.42596395797156105800E+001
      1219   2.88326852505042739200E+018   8.42377712969553158473E+001
      1220   2.88299049821906995200E+018   8.42199328925971144599E+001
      1221   2.88236425571373209600E+018   8.42093017209914052046E+001
      1222   2.88194541827338598400E+018   8.41935971171555905812E+001
      1223   2.88159725122578073600E+018   8.41742797748860169804E+001
      1224   2.88150974954908774400E+018   8.41738472481624171451E+001
      1225   2.88149009600948070400E+018   8.41698293286640790711E+001
      1226   2.88157972596368998400E+018   8.41710410922500642528E+001
      1227   2.88129408119961036800E+018   8.41670711557523247848E+001
      1228   2.88142131007831961600E+018   8.41664959875935068112E+001
      1229   2.88147513302782464000E+018   8.41771712610676416944E+001
      1230   2.88156024277114675200E+018   8.41759010035075050382E+001
      1231   2.88187027509295257600E+018   8.41845811485916044603E+001
      1232   2.88205315066828595200E+018   8.41929674915287904469E+001
      1233   2.88305993986208972800E+018   8.42156439711525166558E+001
      1234   2.88343450765482956800E+018   8.42353098619000775216E+001
      1235   2.88418659153174528000E+018   8.42563025114818913153E+001
      1236   2.88432003995386521600E+018   8.42665852310479976950E+001
      1237   2.88564392570826393600E+018   8.43084126888306144565E+001
      1238   2.88579070133051955200E+018   8.43182445275951977237E+001
      1239   2.88655873062929152000E+018   8.43411473618627809401E+001
      1240   2.88713290705087744000E+018   8.43650604492274283075E+001
      1241   2.88774983934653593600E+018   8.43828453254840127329E+001
      1242   2.88856502514844774400E+018   8.44111266391385441921E+001
      1243   2.88909512724284108800E+018   8.44256411709890670636E+001
      1244   2.88986247875317504000E+018   8.44510536732127405912E+001
      1245   2.89040418660625203200E+018   8.44710860420814668714E+001
      1246   2.89097821652437145600E+018   8.44924438832989466164E+001
      1247   2.89153839473981337600E+018   8.45107528887748031821E+001
      1248   2.89220303324469708800E+018   8.45360374487033965352E+001
      1249   2.89275641903960985600E+018   8.45533049465558832480E+001
      1250   2.89350626982604083200E+018   8.45766675475463074463E+001
      1251   2.89412182077058201600E+018   8.45990240312144976542E+001
      1252   2.89471209479443507200E+018   8.46195192561369822215E+001
      1253   2.89540443125937971200E+018   8.46422317181982606371E+001
      1254   2.89595391414424371200E+018   8.46612387457962825010E+001
      1255   2.89664595285498828800E+018   8.46835579202853381275E+001
      1256   2.89748410011868416000E+018   8.47096026487119360127E+001
      1257   2.89804916184636876800E+018   8.47309064830461835527E+001
      1258   2.89872342392440012800E+018   8.47523951239683270842E+001
      1259   2.89924129567529472000E+018   8.47716094404262889839E+001
      1260   2.89998026705781145600E+018   8.48003805303753352973E+001
      1261   2.90041971955717734400E+018   8.48151114425675842767E+001
      1262   2.90144422748984780800E+018   8.48500364068147945318E+001
      1263   2.90198710183304396800E+018   8.48626215879750844806E+001
      1264   2.90263887719583897600E+018   8.48792445432431037489E+001
      1265   2.90283167918664704000E+018   8.48987814742537238999E+001
      1266   2.90319593391553843200E+018   8.49063329287594825701E+001
      1267   2.90377337980028160000E+018   8.49224425808383074354E+001
      1268   2.90395151593692825600E+018   8.49329772869432133575E+001
      1269   2.90380212597927065600E+018   8.49195569033496582279E+001
      1270   2.90406660210718105600E+018   8.49386526723256594096E+001
      1271   2.90426249789091379200E+018   8.49346334644362173094E+001
      1272   2.90379333679292569600E+018   8.49300298410330327670E+001
      1273   2.90407282186301491200E+018   8.49218944564919269169E+001
      1274   2.90366273416400947200E+018   8.49103732321719064657E+001
      1275   2.90329160826148659200E+018   8.48986239895007344103E+001
      1276   2.90284253910940876800E+018   8.48869037230809340144E+001
      1277   2.90259337462249011200E+018   8.48824661140245240176E+001
      1278   2.90174809495711692800E+018   8.48496237174040146556E+001
      1279   2.90121377215204249600E+018   8.48237086891964082724E+001
      1280   2.90077716473084569600E+018   8.48150472057249658064E+001
      1281   2.90033871069583308800E+018   8.47950608229865849808E+001
      1282   2.89980694459004825600E+018   8.47824555268392714424E+001
      1283   2.89915293089645516800E+018   8.47635453455965972580E+001
      1284   2.89917295601961574400E+018   8.47640138541890451052E+001
      1285   2.89841829114614579200E+018   8.47359397489305337103E+001
      1286   2.89827462754545203200E+018   8.47326162933707109914E+001
      1287   2.89827918863775232000E+018   8.47381909467053304752E+001
      1288   2.89765116094462412800E+018   8.47100116688339852544E+001
      1289   2.89738599044457728000E+018   8.47113973122732346610E+001
      1290   2.89679094853036697600E+018   8.46954205265191433227E+001
      1291   2.89683944470829568000E+018   8.46819807468101686254E+001
      1292   2.89647969957508659200E+018   8.46729122511246572458E+001
      1293   2.89627847894615296000E+018   8.46639744676412959734E+001
      1294   2.89557959311512422400E+018   8.46486672671793343170E+001
      1295   2.89557312513766195200E+018   8.46499040088351790700E+001
      1296   2.89508560178650470400E+018   8.46211731705493974687E+001
      1297   2.89432010513310412800E+018   8.46035579983751659938E+001
      1298   2.89431732921283635200E+018   8.46074209172278131064E+001
      1299   2.89401428307460096000E+018   8.45921913080448888422E+001
      1300   2.89370345181473689600E+018   8.45783479696424507210E+001
      1301   2.89335680376332748800E+018   8.45695513826671003699E+001
      1302   2.89337335014810572800E+018   8.45719134340554319351E+001
      1303   2.89304671362852966400E+018   8.45625180787620109868E+001
      1304   2.89241587954884044800E+018   8.45424296811689259812E+001
      1305   2.82121381264261734400E+018   8.35211071683471573124E+001
      1306   2.82113994164310374400E+018   8.35209678459142565998E+001
      1307   2.82137997493447936000E+018   8.35279142920267787531E+001
      1308   2.82087982568014745600E+018   8.35069327334786777328E+001
      1309   2.82055527876685721600E+018   8.34941460698062201118E+001
      1310   2.82069856929145139200E+018   8.34934330410147680368E+001
      1311   2.81991820878260019200E+018   8.34724892492998833404E+001
      1312   2.81962249809476761600E+018   8.34705314773265314443E+001
      1313   2.81997883679596646400E+018   8.34770611295445661426E+001
      1314   2.81915468538298521600E+018   8.34521254135421486353E+001
      1315   2.81948196705367808000E+018   8.34547067771491697385E+001
      1316   2.81914846742336051200E+018   8.34444766876460448657E+001
      1317   2.81934774652585369600E+018   8.34544485867811971502E+001
      1318   2.81932980812502681600E+018   8.34549276870695280195E+001
      1319   2.81888052971352473600E+018   8.34456491159261446455E+001
      1320   2.81877807632921139200E+018   8.34397927946723569903E+001
      1321   2.81862564226380595200E+018   8.34289327779032419130E+001
      1322   2.81834863232551936000E+018   8.34125475396482300994E+001
      1323   2.81865002317945395200E+018   8.34294201117431413195E+001
      1324   2.81822123460641996800E+018   8.34134571900252694832E+001
      1325   2.81789052517743052800E+018   8.34068007056214355543E+001
      1326   2.81793273996004198400E+018   8.34076274517181701640E+001
      1327   2.81769145811402905600E+018   8.34038474672633896034E+001
      1328   2.81773823540841472000E+018   8.33953833076778749955E+001
      1329   2.81759334843349401600E+018   8.33969486906594710263E+001
      1330   2.81697079302079744000E+018   8.33687565274289994477E+001
      1331   2.81638844248277452800E+018   8.33543733151054766495E+001
      1332   2.81676073433851443200E+018   8.33635747625313996423E+001
      1333   2.81640919933867366400E+018   8.33541482592854237055E+001
      1334   2.81628017808370124800E+018   8.33492744785892227810E+001
      1335   2.81579265894809395200E+018   8.33268653270462635874E+001
      1336   2.81526217476591206400E+018   8.33183114752843465567E+001
      1337   2.81527719509790361600E+018   8.33081464045690012199E+001
      1338   2.81493111275326105600E+018   8.32976117794967763075E+001
      1339   2.81484603532182272000E+018   8.32897890275889238865E+001
      1340   2.81436498692277452800E+018   8.32806557644388476547E+001
      1341   2.81381505214187980800E+018   8.32587234241054972017E+001
      1342   2.81321890355683993600E+018   8.32366132626459886978E+001
      1343   2.81304067917485414400E+018   8.32327105352628251467E+001
      1344   2.81248561196837836800E+018   8.32065177767886865468E+001
      1345   2.81212218808348467200E+018   8.31967760549771213618E+001
      1346   2.81208610349799219200E+018   8.31944260247541365061E+001
      1347   2.81154731321408819200E+018   8.31739254036590693886E+001
      1348   2.81134741003517696000E+018   8.31652415047393134273E+001
      1349   2.81140971585095628800E+018   8.31731877346257846284E+001
      1350   2.81089233631858790400E+018   8.31518465209142050298E+001
      1351   2.81110845450713395200E+018   8.31575190393028265134E+001
      1352   2.81086686091334400000E+018   8.31524723931670450838E+001
      1353   2.81121110306161971200E+018   8.31606317335315310402E+001
      1354   2.81101418250163251200E+018   8.31541938175802641808E+001
      1355   2.81104833305659136000E+018   8.31544841611853513541E+001
      1356   2.81114319117643571200E+018   8.31600723887436856785E+001
      1357   2.81184814084031692800E+018   8.31813522970548291369E+001
      1358   2.81167529650059622400E+018   8.31736141842596197193E+001
      1359   2.81223788771502643200E+018   8.32010513174464705344E+001
      1360   2.81239197084885555200E+018   8.32041324488237279411E+001
      1361   2.81308352312432486400E+018   8.32283128790800788011E+001
      1362   2.81361659130575923200E+018   8.32447470582511357406E+001
      1363   2.81365204419995187200E+018   8.32482829507351453913E+001
      1364   2.81426724776401868800E+018   8.32673755236726833573E+001
      1365   2.81479085357413990400E+018   8.32874166231003840721E+001
      1366   2.81542470991478374400E+018   8.33113248632853213849E+001
      1367   2.81576423683659520000E+018   8.33228787446897598556E+001
      1368   2.81620212115293388800E+018   8.33323247475300803444E+001
      1369   2.81635494810450022400E+018   8.33417923869060786046E+001
      1370   2.81694694605381632000E+018   8.33661821491984085242E+001
      1371   2.81728644018816153600E+018   8.33781106829725189300E+001
      1372   2.81794489423426508800E+018   8.34017913874334482216E+001
      1373   2.81811923690868172800E+018   8.34074588885443404251E+001
      1374   2.81883202648589107200E+018   8.34323514980487601633E+001
      1375   2.81919538789122355200E+018   8.34456222822750106616E+001
      1376   2.81955682519352627200E+018   8.34588403941514087592E+001
      1377   2.82010020985073664000E+018   8.34775020129159202043E+001
      1378   2.82045107730764236800E+018   8.34921556196953389417E+001
      1379   2.82088845456381696000E+018   8.35062703735046909514E+001
      1380   2.82140934844246681600E+018   8.35244889861912724882E+001
      1381   2.82184636599831244800E+018   8.35395856632322164614E+001
      1382   2.82226772865707724800E+018   8.35555550185030426746E+001
      1383   2.82274317053255987200E+018   8.35710916179057079489E+001
      1384   2.82323629772637030400E+018   8.35890681789325498130E+001
      1385   2.82368529454069913600E+018   8.36035217054696460082E+001
      1386   2.82422272394578841600E+018   8.36249692316993531449E+001
      1387   2.82468486647085312000E+018   8.36390988913259576520E+001
      1388   2.82496752815479040000E+018   8.36528371598785867036E+001
      1389   2.82547973613508505600E+018   8.36703356394638007032E+001
      1390   2.82593853123177216000E+018   8.36845528616085374551E+001
      1391   2.82651666213403289600E+018   8.37054489897087421468E+001
      1392   2.82702599691873382400E+018   8.37215187354462528901E+001
      1393   2.82741662956634112000E+018   8.37400188300493226734E+001
      1394   2.82763324113323673600E+018   8.37488104248458569145E+001
      1395   2.82834961334443110400E+018   8.37708238724606104597E+001
      1396   2.82850562817063168000E+018   8.37776048200241092445E+001
      1397   2.82926859043710259200E+018   8.38000676437784477457E+001
      1398   2.82982284003750195200E+018   8.38240785619215245106E+001
      1399   2.82998761465745766400E+018   8.38320172570071662221E+001
      1400   2.83094462845941043200E+018   8.38697500874920933711E+001
      1401   2.83059387914242355200E+018   8.38514719516138171684E+001
      1402   2.83118915833135718400E+018   8.38768828310845009355E+001
      1403   2.83171409597698918400E+018   8.38873560165685461243E+001
      1404   2.83177330811661977600E+018   8.38904337651957945354E+001
      1405   2.83209101135910758400E+018   8.39034568478709275041E+001
      1406   2.83214149548407347200E+018   8.39012232139716331858E+001
      1407   2.83224665964413235200E+018   8.39104453526545768227E+001
      1408   2.83233262988759910400E+018   8.39108440097535464020E+001
      1409   2.83228132640086425600E+018   8.39057822710635150543E+001
      1410   2.83223922582597017600E+018   8.39068413489139146577E+001
      1411   2.83232160910859315200E+018   8.39142221363176901150E+001
      1412   2.83229718702850150400E+018   8.39061380162460181964E+001
      1413   2.83206811917518489600E+018   8.38958549242225473108E+001
      1414   2.83179965560182528000E+018   8.38889086955627334419E+001
      1415   2.83154480777124505600E+018   8.38793236722644195424E+001
      1416   2.83111459639562752000E+018   8.38646943178791133278E+001
      1417   2.83068034819497267200E+018   8.38461301340447562325E+001
      1418   2.83002873573120409600E+018   8.38273108882416977394E+001
      1419   2.82974000621276057600E+018   8.38163470004722199747E+001
      1420   2.82957139985128960000E+018   8.38062853120489421599E+001
      1421   2.82911082955278028800E+018   8.37900310724393335704E+001
      1422   2.82877076706507212800E+018   8.37821664829858576695E+001
      1423   2.82843533524321126400E+018   8.37730410040225450530E+001
      1424   2.82800787951921356800E+018   8.37518540694257325185E+001
      1425   2.82765107533956812800E+018   8.37405493017148074841E+001
      1426   2.82742507550591897600E+018   8.37404156608818084351E+001
      1427   2.82708820232934707200E+018   8.37208786946687268937E+001
      1428   2.82676350239731456000E+018   8.37134955265133697822E+001
      1429   2.82670735331109990400E+018   8.37080366232332835352E+001
      1430   2.82643135696542771200E+018   8.36991556685109685532E+001
      1431   2.82606929063970867200E+018   8.36848823367055416611E+001
      1432   2.82558341726946611200E+018   8.36770637279506530604E+001
      1433   2.82584451419382579200E+018   8.36758964034416408140E+001
      1434   2.82525376187055001600E+018   8.36587096545474082632E+001
      1435   2.82529219496721408000E+018   8.36666467284643289304E+001
      1436   2.82571448007407974400E+018   8.36719319768499332213E+001
      1437   2.82496763711963494400E+018   8.36484288069985524317E+001
      1438   2.82523855121737984000E+018   8.36504265116651595235E+001
      1439   2.82492088767741081600E+018   8.36467972031318254267E+001
      1440   2.82424829839397836800E+018   8.36244477751345840488E+001
      1441   2.82447076146450995200E+018   8.36277483933203029665E+001
      1442   2.82416640293201408000E+018   8.36279979606948273840E+001
      1443   2.82428630181371340800E+018   8.36283096445902884852E+001
      1444   2.82400517463199385600E+018   8.36126052050328922860E+001
      1445   2.82424686999931648000E+018   8.36241991709514564945E+001
      1446   2.82339627750542387200E+018   8.36000799433440420216E+001
      1447   2.82351185034726502400E+018   8.35965735498967887906E+001
      1448   2.82356998179250432000E+018   8.36004079472773895532E+001
      1449   2.82316615181399961600E+018   8.35894448261503129061E+001
      1450   2.82276323295765555200E+018   8.35734840968707572983E+001
      1451   2.82310313953104076800E+018   8.35829152625916123043E+001
      1452   2.82282356584452454400E+018   8.35763804601136826022E+001
      1453   2.82268480095148288000E+018   8.35627889812835888961E+001
      1454   2.82229539823890636800E+018   8.35570304059001074393E+001
      1455   2.82244673306649958400E+018   8.35686395277028140072E+001
      1456   2.82203031825009715200E+018   8.35390063985596071916E+001
      1457   2.82161677165060915200E+018   8.35319902025008644841E+001
      1458   2.82175394261707724800E+018   8.35405321297123180102E+001
      1459   2.82175350237341132800E+018   8.35465125232482677120E+001
      1460   2.73759134706165913600E+018   8.21367944897826731676E+001
      1461   2.73741124832372070400E+018   8.21362052036110839026E+001
      1462   2.73710039360500633600E+018   8.21292021973465580231E+001
      1463   2.73684719638753024000E+018   8.21215740438859569394E+001
      1464   2.73667353626978816000E+018   8.21066955593686458315E+001
      1465   2.73668984632785868800E+018   8.21109151946398441169E+001
      1466   2.73635788532026982400E+018   8.20931798791440456853E+001
      1467   2.73618245386195558400E+018   8.20953020891732734299E+001
      1468   2.73621486125352038400E+018   8.20918443768566135077E+001
      1469   2.73603712892740966400E+018   8.20853458640305433391E+001
      1470   2.73576018150278502400E+018   8.20727334520210405344E+001
      1471   2.73591090590329548800E+018   8.20817839370378123931E+001
      1472   2.73568995288998860800E+018   8.20656061306181783266E+001
      1473   2.73556099510176256000E+018   8.20588975652327832222E+001
      1474   2.73490770996672358400E+018   8.20470746224937812485E+001
      1475   2.73519764817589196800E+018   8.20501478694012575943E+001
      1476   2.73489678708598323200E+018   8.20373434931407103932E+001
      1477   2.73482644901271500800E+018   8.20347864458737916493E+001
      1478   2.73501516871382630400E+018   8.20455518891688058147E+001
      1479   2.73447192384047513600E+018   8.20274291574210678846E+001
      1480   2.73454364136004608000E+018   8.20306155482655867672E+001
      1481   2.73385188103678412800E+018   8.20045433626061566201E+001
      1482   2.73416523090727884800E+018   8.20111875346044456592E+001
      1483   2.73432754438805248000E+018   8.20205741243823922559E+001
      1484   2.73390159023456256000E+018   8.20046103007505138294E+001
      1485   2.73357862237333708800E+018   8.19958400559004445540E+001
      1486   2.73381292652378675200E+018   8.19967749765219053870E+001
      1487   2.73299647902427494400E+018   8.19686321349786766177E+001
      1488   2.73289015039312179200E+018   8.19647518348825911971E+001
      1489   2.73299462946822656000E+018   8.19624886293208163579E+001
      1490   2.73252360091976960000E+018   8.19513019550563228677E+001
      1491   2.73229798551998822400E+018   8.19455308066625605079E+001
      1492   2.73206127722930944000E+018   8.19361528447163749433E+001
      1493   2.73186593347796531200E+018   8.19254832082507675750E+001
      1494   2.73144794418653081600E+018   8.19071706334864870769E+001
      1495   2.73109872746177689600E+018   8.19022604623308296823E+001
      1496   2.73055770923166310400E+018   8.18812526095941990434E+001
      1497   2.73056629738615193600E+018   8.18778672435146148700E+001
      1498   2.73018880913808537600E+018   8.18649431048755076290E+001
      1499   2.72990282354614681600E+018   8.18504245806505679184E+001
      1500   2.72948864604167577600E+018   8.18333912388569473251E+001
      1501   2.72888671782261708800E+018   8.18170286098031596111E+001
      1502   2.72877958416152371200E+018   8.18103139297606247737E+001
      1503   2.72832058954721126400E+018   8.17839434828317450865E+001
      1504   2.72865411193453107200E+018   8.18009090566497576447E+001
      1505   2.72813101158632857600E+018   8.17887804025007767450E+001
      1506   2.72804252269742540800E+018   8.17846942392624498552E+001
      1507   2.72834869061972684800E+018   8.17889482554931106506E+001
      1508   2.72815313006515865600E+018   8.17815311128673982921E+001
      1509   2.72805652734402252800E+018   8.17779451569018078771E+001
      1510   2.72772934968741273600E+018   8.17662918318126656914E+001
      1511   2.72829426179145472000E+018   8.17857072359021799457E+001
      1512   2.72873827967378278400E+018   8.18035507703111903766E+001
      1513   2.72887372007513395200E+018   8.18063516796047025537E+001
      1514   2.72887227049469747200E+018   8.18044934837309796194E+001
      1515   2.72922155219965184000E+018   8.18158907765891854069E+001
      1516   2.72978413508274432000E+018   8.18418759139683089643E+001
      1517   2.72982652719007334400E+018   8.18432709283572989989E+001
      1518   2.73022733429348710400E+018   8.18600642712811037427E+001
      1519   2.73074781480723609600E+018   8.18774433641558232466E+001
      1520   2.73072685626948864000E+018   8.18803155339854811245E+001
      1521   2.73126755299089715200E+018   8.18993738974929925689E+001
      1522   2.73203938429564364800E+018   8.19231980230316452207E+001
      1523   2.73233576677376204800E+018   8.19402071825667945859E+001
      1524   2.73264871994554982400E+018   8.19524169106953763730E+001
      1525   2.73306790872189132800E+018   8.19646518268347534786E+001
      1526   2.73353391616907315200E+018   8.19850811921698294782E+001
      1527   2.73379193789179340800E+018   8.19936985608919570723E+001
      1528   2.73423659704401817600E+018   8.20124539985702512013E+001
      1529   2.73450184298831360000E+018   8.20219157957819646754E+001
      1530   2.73502301543055257600E+018   8.20395763408284892648E+001
      1531   2.73535100351531724800E+018   8.20527889891984614223E+001
      1532   2.73568121313710694400E+018   8.20650918142836189872E+001
      1533   2.73616382562166272000E+018   8.20837607470617030003E+001
      1534   2.73657047340464179200E+018   8.20994423469329746013E+001
      1535   2.73694655252776601600E+018   8.21143430481568827872E+001
      1536   2.73728717295800064000E+018   8.21282907743071604045E+001
      1537   2.73770497059374643200E+018   8.21428965404842443832E+001
      1538   2.73812547866139289600E+018   8.21581875901377998161E+001
      1539   2.73855211015916441600E+018   8.21755424908988629795E+001
      1540   2.73900091259372236800E+018   8.21927553657252047969E+001
      1541   2.73936492154260838400E+018   8.22077201998451982945E+001
      1542   2.73972261318291097600E+018   8.22200101407468366688E+001
      1543   2.74011208344382054400E+018   8.22346225116002500499E+001
      1544   2.74040686238812108800E+018   8.22465297770107071074E+001
      1545   2.74095969378685235200E+018   8.22663600953110858427E+001
      1546   2.74123659463464089600E+018   8.22755136026641622493E+001
      1547   2.74168233079797401600E+018   8.22925189170930053706E+001
      1548   2.74210709107873484800E+018   8.23092472198134288419E+001
      1549   2.74270442102729164800E+018   8.23298987100436221453E+001
      1550   2.74295495531173836800E+018   8.23407186413049743123E+001
      1551   2.74328398104948377600E+018   8.23514621635261647725E+001
      1552   2.74379963584870195200E+018   8.23744691310574239651E+001
      1553   2.74438497490521344000E+018   8.23944995999066094328E+001
      1554   2.74443394898365849600E+018   8.24018016336766123686E+001
      1555   2.74499232969274931200E+018   8.24195184086084822184E+001
      1556   2.74552677128312422400E+018   8.24424366525713168130E+001
      1557   2.74619706455422976000E+018   8.24624157231202019602E+001
      1558   2.74605151834689740800E+018   8.24593233918497929835E+001
      1559   2.74671270123503564800E+018   8.24810187792404860829E+001
      1560   2.74672798726352384000E+018   8.24827120779972915443E+001
      1561   2.74723982494399232000E+018   8.24994206539415699808E+001
      1562   2.74740841337487155200E+018   8.25094478039745808928E+001
      1563   2.74726522593732608000E+018   8.25051523245994502531E+001
      1564   2.74749545372713881600E+018   8.25125491766008707373E+001
      1565   2.74766813914808832000E+018   8.25205076618713633252E+001
      1566   2.74741638761990400000E+018   8.25061647308155272640E+001
      1567   2.74752877184995686400E+018   8.25112105519097696060E+001
      1568   2.74772162390481817600E+018   8.25196929295116206049E+001
      1569   2.74715420018581657600E+018   8.24994123349353429830E+001
      1570   2.74733206791434803200E+018   8.25007296240232079754E+001
      1571   2.74703860205859532800E+018   8.24930595119248408764E+001
      1572   2.74656287338175641600E+018   8.24719093677599772718E+001
      1573   2.74660128670219827200E+018   8.24755674762589023885E+001
      1574   2.74603460903037184000E+018   8.24552697048871436891E+001
      1575   2.74578052148584396800E+018   8.24454258628465623815E+001
      1576   2.74544363107594854400E+018   8.24313284433768131976E+001
      1577   2.74505172825845043200E+018   8.24184990726366777380E+001
      1578   2.74446981773181132800E+018   8.23915074305054275783E+001
      1579   2.74428899585555814400E+018   8.23871335652661116455E+001
      1580   2.74381470962719283200E+018   8.23712350778965429754E+001
      1581   2.74359611953537536000E+018   8.23659257340889467969E+001
      1582   2.74364961834843904000E+018   8.23672620309225322899E+001
      1583   2.74298793361551001600E+018   8.23381344101144350134E+001
      1584   2.74295917462683852800E+018   8.23365616720809185836E+001
      1585   2.74273426513264588800E+018   8.23324269713714471663E+001
      1586   2.74239399661003776000E+018   8.23175341829307143371E+001
      1587   2.74203622976560844800E+018   8.23052335327885060678E+001
      1588   2.74208345045550899200E+018   8.23098187117024764348E+001
      1589   2.74171491696926208000E+018   8.22897527852954340233E+001
      1590   2.74146670771415193600E+018   8.22847099674923612156E+001
      1591   2.74138476772935372800E+018   8.22807729191384993328E+001
      1592   2.74137847101109350400E+018   8.22865729786290671655E+001
      1593   2.74149634903890022400E+018   8.22862968311462594784E+001
      1594   2.74113416270661171200E+018   8.22683123449344435585E+001
      1595   2.74120027150820812800E+018   8.22734592467241299119E+001
      1596   2.74061822416380876800E+018   8.22529762302517610806E+001
      1597   2.74053272118513459200E+018   8.22528525276517967768E+001
      1598   2.74047955093459968000E+018   8.22505190078435930445E+001
      1599   2.74016533249166028800E+018   8.22349206586660130824E+001
      1600   2.74020457176067328000E+018   8.22345563027631953901E+001
      1601   2.73993194089450393600E+018   8.22299400307800283372E+001
      1602   2.73977429911236300800E+018   8.22229815378058930264E+001
      1603   2.73935173086874419200E+018   8.22082360141799739495E+001
      1604   2.73946941214666342400E+018   8.22055229582841064939E+001
      1605   2.73917737977336780800E+018   8.22092230947620663528E+001
      1606   2.73895929746842777600E+018   8.21990083958787920437E+001
      1607   2.73932972641836595200E+018   8.22000257321510758857E+001
      1608   2.73890415628263321600E+018   8.21915421653420281700E+001
      1609   2.73899005018708224000E+018   8.22012393306674624682E+001
      1610   2.73876521021114982400E+018   8.21838725509855834161E+001
      1611   2.73850556515620454400E+018   8.21837259393153942710E+001
      1612   2.73855786053586995200E+018   8.21732392105178774955E+001
      1613   2.73806478493736396800E+018   8.21624602333873781390E+001
      1614   2.73787596009438361600E+018   8.21564784378825976319E+001
      1615   2.73762418782703974400E+018   8.21500559314668095112E+001
      1616   2.73760736129455769600E+018   8.21519308234506269173E+001
      1617   2.64917100189795072000E+018   8.03621811246006103602E+001
      1618   2.64912708955609753600E+018   8.03591145151319352635E+001
      1619   2.64906722940989337600E+018   8.03497264451543600217E+001
      1620   2.64892250886770483200E+018   8.03447299599360036382E+001
      1621   2.64877116756463206400E+018   8.03428663752935676712E+001
      1622   2.64865784102336153600E+018   8.03362902709977788618E+001
      1623   2.64847426386677452800E+018   8.03332033339855229315E+001
      1624   2.64823881502469734400E+018   8.03187511764483730303E+001
      1625   2.64860150130151321600E+018   8.03315262409560517654E+001
      1626   2.64789033010512076800E+018   8.02972273569009615812E+001
      1627   2.64783151474909747200E+018   8.03007271163551337168E+001
      1628   2.64765229590498508800E+018   8.02989244288920644976E+001
      1629   2.64749844747768012800E+018   8.02922688834432847216E+001
      1630   2.64753542853315686400E+018   8.02907232784121589475E+001
      1631   2.64748659063311820800E+018   8.02905552910359432417E+001
      1632   2.64709047357828812800E+018   8.02771795076145195935E+001
      1633   2.64698417329344972800E+018   8.02663530486262430941E+001
      1634   2.64698735471280486400E+018   8.02656222418986970979E+001
      1635   2.64693366299445657600E+018   8.02706657687898399445E+001
      1636   2.64682801700485222400E+018   8.02656379925366110228E+001
      1637   2.64670172713315788800E+018   8.02611051259609524777E+001
      1638   2.64652522270172160000E+018   8.02541147217031323180E+001
      1639   2.64648674636455833600E+018   8.02558623771213603959E+001
      1640   2.64633280796804864000E+018   8.02405981809404096339E+001
      1641   2.64615033435907225600E+018   8.02339687726046548732E+001
      1642   2.64619612144543027200E+018   8.02308814312986413597E+001
      1643   2.64558288231267737600E+018   8.02179594541328668811E+001
      1644   2.64561165654976716800E+018   8.02141465509282483026E+001
      1645   2.64514428043514777600E+018   8.02024611575243397965E+001
      1646   2.64497223287175372800E+018   8.01860810095101754769E+001
      1647   2.64479543079837235200E+018   8.01837853688745809677E+001
      1648   2.64476386285762662400E+018   8.01775429573281286366E+001
      1649   2.64460329448360038400E+018   8.01760892150575301685E+001
      1650   2.64422409811125043200E+018   8.01567427136480716854E+001
      1651   2.64382459751462246400E+018   8.01424774856538419954E+001
      1652   2.64382989361799680000E+018   8.01384796096719043135E+001
      1653   2.64340516762630758400E+018   8.01212708562790112410E+001
      1654   2.64302910582892390400E+018   8.01065992619451918699E+001
      1655   2.64272084060424550400E+018   8.00954151688809048437E+001
      1656   2.64240252811978188800E+018   8.00799302496209577384E+001
      1657   2.64222998620233779200E+018   8.00774739209110038018E+001
      1658   2.64183465590362419200E+018   8.00575461840562212501E+001
      1659   2.64167515493807001600E+018   8.00532669259657012617E+001
      1660   2.64120124068077926400E+018   8.00294119043770848521E+001
      1661   2.64141060236584601600E+018   8.00405547458969408581E+001
      1662   2.64107102044944640000E+018   8.00274946564726832321E+001
      1663   2.64122493604541696000E+018   8.00337152151949879908E+001
      1664   2.64117938811210547200E+018   8.00317503146040110096E+001
      1665   2.64121678162235392000E+018   8.00305417738956919038E+001
      1666   2.64124224589782067200E+018   8.00278992625590746002E+001
      1667   2.64132320368547328000E+018   8.00375329995376887382E+001
      1668   2.64134886475904512000E+018   8.00364122036956331385E+001
      1669   2.64167599457404928000E+018   8.00475622224357579171E+001
      1670   2.64172724342162995200E+018   8.00493916429783354261E+001
      1671   2.64194021576770201600E+018   8.00595519663005745770E+001
      1672   2.64212900080836300800E+018   8.00627981530767556251E+001
      1673   2.64250088106967449600E+018   8.00827369609379076110E+001
      1674   2.64275264938088857600E+018   8.00920093295625719065E+001
      1675   2.64344376863209164800E+018   8.01165994482952754652E+001
      1676   2.64336519586015590400E+018   8.01185054465007624458E+001
      1677   2.64402145913672908800E+018   8.01436815902121253430E+001
      1678   2.64424639377111603200E+018   8.01549066813410320265E+001
      1679   2.64444032041930854400E+018   8.01626513331454901845E+001
      1680   2.64482542054153420800E+018   8.01774497091750077971E+001
      1681   2.64535323951413862400E+018   8.01990009381173649672E+001
      1682   2.64565525632275302400E+018   8.02104810683543973937E+001
      1683   2.64582924593645670400E+018   8.02168777340599348236E+001
      1684   2.64611617086549043200E+018   8.02294667917893775666E+001
      1685   2.64667854980683929600E+018   8.02525058635347505742E+001
      1686   2.64683949993380608000E+018   8.02608734447174327897E+001
      1687   2.64709751237312768000E+018   8.02696909618417748788E+001
      1688   2.64758131895367475200E+018   8.02879155905417434269E+001
      1689   2.64788794418625177600E+018   8.03012467547527393208E+001
      1690   2.64812376530692505600E+018   8.03104991415776225949E+001
      1691   2.64849790695411916800E+018   8.03272457380470257249E+001
      1692   2.64887149667546982400E+018   8.03415690032676650389E+001
      1693   2.64915308716726374400E+018   8.03543542839670550393E+001
      1694   2.64953798936640204800E+018   8.03693394971440255858E+001
      1695   2.64984716184144742400E+018   8.03815271703522427060E+001
      1696   2.65020203959953561600E+018   8.03966464129179172460E+001
      1697   2.65050066949833984000E+018   8.04085053277837431551E+001
      1698   2.65092878175266611200E+018   8.04259132007447448132E+001
      1699   2.65122210870865971200E+018   8.04383353965036320687E+001
      1700   2.65160836364264243200E+018   8.04528547603179475800E+001
      1701   2.65195129339572428800E+018   8.04660232558005361625E+001
      1702   2.65224405901237606400E+018   8.04776510445399964055E+001
      1703   2.65261340484353536000E+018   8.04934246446499201966E+001
      1704   2.65297142130204211200E+018   8.05085241085503326985E+001
      1705   2.65343495195774617600E+018   8.05265584454788410085E+001
      1706   2.65371513690836019200E+018   8.05416996550137440636E+001
      1707   2.65395161231209216000E+018   8.05483569896909301633E+001
      1708   2.65433003322586726400E+018   8.05646147869915125739E+001
      1709   2.65472800431146393600E+018   8.05786424445529121385E+001
      1710   2.65512502154678681600E+018   8.05966306205027649412E+001
      1711   2.65540549147378073600E+018   8.06097717383326397567E+001
      1712   2.65561198339816499200E+018   8.06140563703228991699E+001
      1713   2.65625292300092928000E+018   8.06415483687133161084E+001
      1714   2.65656166090158950400E+018   8.06544958058840251169E+001
      1715   2.65687500419525632000E+018   8.06668959207969038516E+001
      1716   2.65700743599084953600E+018   8.06751164453532254583E+001
      1717   2.65743437641277542400E+018   8.06929259274772192612E+001
      1718   2.65780508679171891200E+018   8.07025273934808069498E+001
      1719   2.65777843509450905600E+018   8.07041226177225894389E+001
      1720   2.65808851259265331200E+018   8.07156775706097704415E+001
      1721   2.65867824281963366400E+018   8.07394106704683309772E+001
      1722   2.65849884057087436800E+018   8.07315633259920701903E+001
      1723   2.65857785840925132800E+018   8.07367315792660207308E+001
      1724   2.65847836893588838400E+018   8.07330791114042511936E+001
      1725   2.65855839425232896000E+018   8.07349189421667148281E+001
      1726   2.65868039699239833600E+018   8.07379318082531369782E+001
      1727   2.65863405563658291200E+018   8.07294766496577125281E+001
      1728   2.65820344294453657600E+018   8.07154732863688195721E+001
      1729   2.65804081012678604800E+018   8.07120608734201283596E+001
      1730   2.65797282130221107200E+018   8.07094414160994091390E+001
      1731   2.65748980540266393600E+018   8.06898813144107407425E+001
      1732   2.65743088604515942400E+018   8.06894873039985753849E+001
      1733   2.65706788127482112000E+018   8.06701540740300231391E+001
      1734   2.65669655668064358400E+018   8.06579545993432560635E+001
      1735   2.65642253041464320000E+018   8.06447022509427142722E+001
      1736   2.65596810310453862400E+018   8.06312641664385409968E+001
      1737   2.65567069998012416000E+018   8.06181932221081041234E+001
      1738   2.65548376537596569600E+018   8.06053897844806357398E+001
      1739   2.65516555869982054400E+018   8.05946264618786898382E+001
      1740   2.65482245273838080000E+018   8.05807279366599686909E+001
      1741   2.65457804263897088000E+018   8.05741507958206852891E+001
      1742   2.65452214431027302400E+018   8.05661064683988570323E+001
      1743   2.65413920031549235200E+018   8.05510182670039540653E+001
      1744   2.65396249526301235200E+018   8.05465481612628053654E+001
      1745   2.65387240535894937600E+018   8.05472637174272563243E+001
      1746   2.65356399457051084800E+018   8.05347052287325340103E+001
      1747   2.65328538694306816000E+018   8.05254573359836456348E+001
      1748   2.65318794616465715200E+018   8.05195504835591435722E+001
      1749   2.65310007618367641600E+018   8.05151954215802589943E+001
      1750   2.65341183122265190400E+018   8.05252733796820479029E+001
      1751   2.65276940635603404800E+018   8.05053436046408847915E+001
      1752   2.65290388990114867200E+018   8.05074070196956910195E+001
      1753   2.65256456297144832000E+018   8.04918707254093988013E+001
      1754   2.65240899503236300800E+018   8.04780930547371440298E+001
      1755   2.65218812096326656000E+018   8.04832742405387620011E+001
      1756   2.65227216456294707200E+018   8.04746902427215786702E+001
      1757   2.65227992336963584000E+018   8.04747363196827762977E+001
      1758   2.65180020469569382400E+018   8.04662854162636449473E+001
      1759   2.65155689848875878400E+018   8.04485352007006753183E+001
      1760   2.65164573018930380800E+018   8.04563565282987269711E+001
      1761   2.65155676472453120000E+018   8.04557707009295910439E+001
      1762   2.65139672063073996800E+018   8.04485466200323884323E+001
      1763   2.65121016504789708800E+018   8.04400173608671735792E+001
      1764   2.65125727059491328000E+018   8.04412407914494309580E+001
      1765   2.65133031398967961600E+018   8.04402129354185859711E+001
      1766   2.65094046268055193600E+018   8.04173745744862884521E+001
      1767   2.65073653113336729600E+018   8.04303842358320792982E+001
      1768   2.65037794992515686400E+018   8.04046971527128704338E+001
      1769   2.65038829612316620800E+018   8.04023341621024059123E+001
      1770   2.65003745616644812800E+018   8.03872408089845720269E+001
      1771   2.65018382750604902400E+018   8.03949060864439815077E+001
      1772   2.64949253862953625600E+018   8.03752175578399885580E+001
      1773   2.64975079099388928000E+018   8.03816692551748133155E+001
      1774   2.64991903671314790400E+018   8.03891433935520467458E+001
      1775   2.64935310903537664000E+018   8.03655613167617701720E+001
      1776   2.56487077362159769600E+018   7.82440242104869980722E+001
      1777   2.56476648175423027200E+018   7.82261093726739176191E+001
      1778   2.56462132040668108800E+018   7.82224626433969518757E+001
      1779   2.56424940295817676800E+018   7.82070323052113991480E+001
      1780   2.56398558139716659200E+018   7.81932733622493572057E+001
      1781   2.56384424020050636800E+018   7.81913378286018883045E+001
      1782   2.56356857918551244800E+018   7.81793115552640642818E+001
      1783   2.56386365280079462400E+018   7.81950043619531669492E+001
      1784   2.56347097062453401600E+018   7.81755604952662679352E+001
      1785   2.56377584521618329600E+018   7.81846464967905490084E+001
      1786   2.56320914648292198400E+018   7.81651237570620764927E+001
      1787   2.56322636715712512000E+018   7.81668484184686320759E+001
      1788   2.56295004583563212800E+018   7.81607095504685389642E+001
      1789   2.56287940380819097600E+018   7.81525174225090069058E+001
      1790   2.56265270281229107200E+018   7.81412214350471714397E+001
      1791   2.56304161037254758400E+018   7.81546546309577223610E+001
      1792   2.56271562117345740800E+018   7.81440041124226212332E+001
      1793   2.56238168563298918400E+018   7.81350521325869777911E+001
      1794   2.56266690094241280000E+018   7.81449386175940361454E+001
      1795   2.56233923101170790400E+018   7.81296228970641237765E+001
      1796   2.56241987362929766400E+018   7.81333385475909807383E+001
      1797   2.56220109266749286400E+018   7.81195105484883498548E+001
      1798   2.56200056651202764800E+018   7.81087301587119640089E+001
      1799   2.56185099055850240000E+018   7.81049137994880737779E+001
      1800   2.56173074307256883200E+018   7.81015974221284210444E+001
      1801   2.56167155249551411200E+018   7.80949320185014812523E+001
      1802   2.56141352688771840000E+018   7.80839057569974244188E+001
      1803   2.56129796831512422400E+018   7.80824198583679702779E+001
      1804   2.56094415719861657600E+018   7.80663692973914606910E+001
      1805   2.56104096303387750400E+018   7.80736484063739197836E+001
      1806   2.56087310659175424000E+018   7.80594948529086281042E+001
      1807   2.56045895470972774400E+018   7.80432246096623174481E+001
      1808   2.56048924380808550400E+018   7.80432794377673388908E+001
      1809   2.56046848783681945600E+018   7.80442727939055913566E+001
      1810   2.55996565894279321600E+018   7.80209033697734071211E+001
      1811   2.55974081774853376000E+018   7.80148259092727585085E+001
      1812   2.55931923950415616000E+018   7.79965798830916838824E+001
      1813   2.55922190847902720000E+018   7.79927111787376929897E+001
      1814   2.55887904137431449600E+018   7.79763958088070268104E+001
      1815   2.55877606753498112000E+018   7.79722425251552948566E+001
      1816   2.55828126701197875200E+018   7.79470945107761821191E+001
      1817   2.55802763417056921600E+018   7.79392489786927740170E+001
      1818   2.55785792152381388800E+018   7.79323356129392124103E+001
      1819   2.55765310773893273600E+018   7.79221948502441250639E+001
      1820   2.55736514932767590400E+018   7.79103227253867629543E+001
      1821   2.55730163672160460800E+018   7.79055673926593073020E+001
      1822   2.55722487317236992000E+018   7.79041052641179163629E+001
      1823   2.55719462877013913600E+018   7.79005445370759588286E+001
      1824   2.55717852464439347200E+018   7.78988873825815204555E+001
      1825   2.55733501969837056000E+018   7.79080149953613414482E+001
      1826   2.55754465320523827200E+018   7.79102524752980656331E+001
      1827   2.55730339031283456000E+018   7.78990095178953794175E+001
      1828   2.55760480575880192000E+018   7.79157560072744530544E+001
      1829   2.55754951502262220800E+018   7.79182249695376043519E+001
      1830   2.55792778184361523200E+018   7.79329274967753633518E+001
      1831   2.55810167603586252800E+018   7.79385771380902099281E+001
      1832   2.55841476616528537600E+018   7.79497688328894327014E+001
      1833   2.55849416531584256000E+018   7.79527586414644844126E+001
      1834   2.55904655271373004800E+018   7.79757229346779041634E+001
      1835   2.55917094687407667200E+018   7.79882412951579624405E+001
      1836   2.55961495575209984000E+018   7.80025765884381598880E+001
      1837   2.55985690919817932800E+018   7.80132720991376658048E+001
      1838   2.56016576427593523200E+018   7.80262365201876519905E+001
      1839   2.56050643693173299200E+018   7.80403628976832663966E+001
      1840   2.56056747118328576000E+018   7.80455728463730338262E+001
      1841   2.56083552732878592000E+018   7.80585799306318079971E+001
      1842   2.56112619196360960000E+018   7.80704109445874649964E+001
      1843   2.56150739671262720000E+018   7.80884782140030893061E+001
      1844   2.56178725068494694400E+018   7.80987147749319916556E+001
      1845   2.56208287885841612800E+018   7.81128577342033452169E+001
      1846   2.56220361221681510400E+018   7.81172056878180001149E+001
      1847   2.56269149429867315200E+018   7.81384833438232249136E+001
      1848   2.56289332887301068800E+018   7.81484297558902767378E+001
      1849   2.56311546922231449600E+018   7.81558405430089777610E+001
      1850   2.56344712099340441600E+018   7.81723725859251459269E+001
      1851   2.56375549657253273600E+018   7.81850851446358774410E+001
      1852   2.56401191805013452800E+018   7.81967482515842817747E+001
      1853   2.56431527435314227200E+018   7.82095736561016678934E+001
      1854   2.56460949493326848000E+018   7.82224566315725411414E+001
      1855   2.56491874618440345600E+018   7.82363471524122928713E+001
      1856   2.56518532612654284800E+018   7.82473373598232910808E+001
      1857   2.56546674889853491200E+018   7.82607921576005338693E+001
      1858   2.56577785917541939200E+018   7.82745603609064204420E+001
      1859   2.56607952695431475200E+018   7.82870003936423444202E+001
      1860   2.56639761730951014400E+018   7.83008796210250892500E+001
      1861   2.56671712578648217600E+018   7.83143551168654568073E+001
      1862   2.56700460180137932800E+018   7.83274063205480644001E+001
      1863   2.56717095628805785600E+018   7.83337316591083379080E+001
      1864   2.56757697488437350400E+018   7.83526198895211649642E+001
      1865   2.56773497257245030400E+018   7.83598336958710461886E+001
      1866   2.56808739856290816000E+018   7.83749332033228540695E+001
      1867   2.56838683618526668800E+018   7.83867015997295339957E+001
      1868   2.56858284189577420800E+018   7.83959822440236422381E+001
      1869   2.56889137975531468800E+018   7.84091052398626544573E+001
      1870   2.56910558539995596800E+018   7.84186401206260939034E+001
      1871   2.56950161259399782400E+018   7.84354257718907064145E+001
      1872   2.56982543930500710400E+018   7.84523119758200238039E+001
      1873   2.57013697323160115200E+018   7.84620338656987996728E+001
      1874   2.57042788422811801600E+018   7.84763469358443899182E+001
      1875   2.57076546307808921600E+018   7.84906247029041139740E+001
      1876   2.57095454528403916800E+018   7.85008375725608971152E+001
      1877   2.57116016388601804800E+018   7.85064586554941143959E+001
      1878   2.57161614156108544000E+018   7.85290994685665992847E+001
      1879   2.57198072277413068800E+018   7.85455217356281565344E+001
      1880   2.57200058550819430400E+018   7.85455771865049996450E+001
      1881   2.57257954430494822400E+018   7.85715911910695723464E+001
      1882   2.57231986488833996800E+018   7.85625078076665914750E+001
      1883   2.57270316541858201600E+018   7.85766748508814174556E+001
      1884   2.57293626524020224000E+018   7.85830995546850346045E+001
      1885   2.57279486355564185600E+018   7.85779450697415455807E+001
      1886   2.57279303665690726400E+018   7.85789620709558533918E+001
      1887   2.57295617326553395200E+018   7.85862990665051057704E+001
      1888   2.57275792567444326400E+018   7.85737663932874426109E+001
      1889   2.57283051504295628800E+018   7.85789073642569491085E+001
      1890   2.57265292735274444800E+018   7.85718932263851144171E+001
      1891   2.57261012066040729600E+018   7.85666944412900107864E+001
      1892   2.57220962997414451200E+018   7.85527449371564330249E+001
      1893   2.57195828145261926400E+018   7.85447412561123314845E+001
      1894   2.57159105087889971200E+018   7.85242443917340438020E+001
      1895   2.57154773353873049600E+018   7.85243042061778311336E+001
      1896   2.57126624694168524800E+018   7.85065110457860129145E+001
      1897   2.57078083638823475200E+018   7.84897628635401929387E+001
      1898   2.57057229623929958400E+018   7.84796680707575688984E+001
      1899   2.57039285500716032000E+018   7.84715909838844964952E+001
      1900   2.57002352285750118400E+018   7.84550696845188610951E+001
      1901   2.56959774416517120000E+018   7.84383792493436686755E+001
      1902   2.56943464993410099200E+018   7.84289031544700918630E+001
      1903   2.56910265742104115200E+018   7.84132342963978317130E+001
      1904   2.56903556923563468800E+018   7.84103476947029065514E+001
      1905   2.56898594954731571200E+018   7.84150294936346483610E+001
      1906   2.56875516399880755200E+018   7.84041140748829974427E+001
      1907   2.56845562303817318400E+018   7.83863488057514103957E+001
      1908   2.56861669307890892800E+018   7.83967918967384633788E+001
      1909   2.56815863829906739200E+018   7.83802547262856705856E+001
      1910   2.56793519700015104000E+018   7.83688149345411630975E+001
      1911   2.56803183940165478400E+018   7.83680439764876837216E+001
      1912   2.56796350681551513600E+018   7.83643644632659004401E+001
      1913   2.56770024453475225600E+018   7.83584577565654853970E+001
      1914   2.56743544878124851200E+018   7.83482431255804527837E+001
      1915   2.56766519785850060800E+018   7.83540149617807202276E+001
      1916   2.56758380485429094400E+018   7.83527070088749866272E+001
      1917   2.56711593417919129600E+018   7.83362048266995003587E+001
      1918   2.56717078404400588800E+018   7.83401254909838797857E+001
      1919   2.56696512091616307200E+018   7.83261213149717860915E+001
      1920   2.56707198975676467200E+018   7.83341345489299243354E+001
      1921   2.56676852025922304000E+018   7.83148574333953320092E+001
      1922   2.56692285512947916800E+018   7.83239855333337828824E+001
      1923   2.56676870265090150400E+018   7.83098159635438264559E+001
      1924   2.56662709322054963200E+018   7.83150961476928699767E+001
      1925   2.56661554085878630400E+018   7.83030140559094576247E+001
      1926   2.56619657042366361600E+018   7.82930704723626718078E+001
      1927   2.56629922353522329600E+018   7.82893264454394284257E+001
      1928   2.56611154764050432000E+018   7.82861070011583279893E+001
      1929   2.56582485902061209600E+018   7.82813093944622977460E+001
      1930   2.56560280522539622400E+018   7.82670498112809553959E+001
      1931   2.56520224864439552000E+018   7.82543309539948381826E+001
      1932   2.56554877193400832000E+018   7.82692098287649429267E+001
      1933   2.56519314483990732800E+018   7.82490478150930499623E+001
      1934   2.56517136820192256000E+018   7.82451392202420805688E+001
      1935   2.56520023333579366400E+018   7.82501947997184146288E+001
      1936   2.56503094110486579200E+018   7.82516401827050742668E+001
      1937   2.56484311402414796800E+018   7.82335299850268341970E+001
      1938   2.56504960171949926400E+018   7.82438816395703042872E+001
      1939   2.52306744624764672000E+018   7.69597120862731713942E+001
      1940   2.52275855655381760000E+018   7.69445721267804856325E+001
      1941   2.52282172120625152000E+018   7.69476783264153283426E+001
      1942   2.52282949621934387200E+018   7.69427233055020849406E+001
      1943   2.52246253681298944000E+018   7.69257292075197085524E+001
      1944   2.52239903261873817600E+018   7.69258541867382632518E+001
      1945   2.52224567711854438400E+018   7.69222832936230673795E+001
      1946   2.52234466116777420800E+018   7.69175714851954381857E+001
      1947   2.52198349559069286400E+018   7.69026064390990171660E+001
      1948   2.52189904345767680000E+018   7.69048517256579771129E+001
      1949   2.52186973726078105600E+018   7.69069886485909393059E+001
      1950   2.52189630301971968000E+018   7.69011351665966458313E+001
      1951   2.52164992555929241600E+018   7.68956592088503896321E+001
      1952   2.52151334218542336000E+018   7.68926120648784490186E+001
      1953   2.52137089850700288000E+018   7.68809795446142771880E+001
      1954   2.52140495287261081600E+018   7.68749891540423817560E+001
      1955   2.52138407920776601600E+018   7.68770945842861124220E+001
      1956   2.52111142801295206400E+018   7.68627560600117902823E+001
      1957   2.52093895659873126400E+018   7.68655817696796361815E+001
      1958   2.52110645635045478400E+018   7.68626208811123490250E+001
      1959   2.52107308313015142400E+018   7.68687110638450832312E+001
      1960   2.52086254515117772800E+018   7.68601539749371625021E+001
      1961   2.52046593720683008000E+018   7.68448444809965991453E+001
      1962   2.52059338135058944000E+018   7.68417156186151402153E+001
      1963   2.52048359902746112000E+018   7.68374130037647518066E+001
      1964   2.52035851037155532800E+018   7.68361827254742166815E+001
      1965   2.52023935566824448000E+018   7.68261701785500719097E+001
      1966   2.52011240222954496000E+018   7.68213351058190170306E+001
      1967   2.52028271643034726400E+018   7.68270851767943980803E+001
      1968   2.52000221276179814400E+018   7.68200554589815425288E+001
      1969   2.52009844459523430400E+018   7.68163918779285097571E+001
      1970   2.51963502837556377600E+018   7.68024091425756978424E+001
      1971   2.51974336280621107200E+018   7.68036383586426865122E+001
      1972   2.51979130613193984000E+018   7.68042925954999162741E+001
      1973   2.51958422721637683200E+018   7.67974612964155198824E+001
      1974   2.51943564621268121600E+018   7.67897857079288996829E+001
      1975   2.51920459789073203200E+018   7.67796960304355877724E+001
      1976   2.51925247174498764800E+018   7.67805480214277054074E+001
      1977   2.51916533417278873600E+018   7.67771371892921905555E+001
      1978   2.51946498323395020800E+018   7.67884452593423816325E+001
      1979   2.51926251175426713600E+018   7.67835472056688530529E+001
      1980   2.51908943415267891200E+018   7.67763737147993055032E+001
      1981   2.51906178341802188800E+018   7.67719060217353188591E+001
      1982   2.51899955251651840000E+018   7.67736935214135769456E+001
      1983   2.51863706293380352000E+018   7.67523024025757507616E+001
      1984   2.51881904908463462400E+018   7.67643747157535045744E+001
      1985   2.51882413343783680000E+018   7.67628070635684025547E+001
      1986   2.51844806715834009600E+018   7.67477473638907810027E+001
      1987   2.51831690400207001600E+018   7.67416758945811920967E+001
      1988   2.51841256909298534400E+018   7.67441740747986358429E+001
      1989   2.51817973899686246400E+018   7.67361650022344861100E+001
      1990   2.51811455916709120000E+018   7.67288300033015815416E+001
      1991   2.51797001869818163200E+018   7.67204716521447949162E+001
      1992   2.51791574232410726400E+018   7.67241099431116850837E+001
      1993   2.51795853768173465600E+018   7.67237061130552433497E+001
      1994   2.51774781949332531200E+018   7.67123447579022155196E+001
      1995   2.51784693931017318400E+018   7.67188459786480763114E+001
      1996   2.51762716060112896000E+018   7.67104520186319831510E+001
      1997   2.51766963571889817600E+018   7.67107989340871654349E+001
      1998   2.51727952922975027200E+018   7.66944868874965806071E+001
      1999   2.51743679999217100800E+018   7.67008391620549190293E+001
      2000   2.51711939291100569600E+018   7.66889778303288807138E+001
      2001   2.51713487674310707200E+018   7.66847102942876830411E+001
      2002   2.51704468218234777600E+018   7.66849750597962582788E+001
      2003   2.51666746779975782400E+018   7.66607541245823398413E+001
      2004   2.51650711505816166400E+018   7.66604786971928433559E+001
      2005   2.51659828078604134400E+018   7.66657857853737283449E+001
      2006   2.51693825441997056000E+018   7.66714520387380247257E+001
      2007   2.51600833262007091200E+018   7.66375478261144138514E+001
      2008   2.51652860856968448000E+018   7.66610520264269013069E+001
      2009   2.51656198659512729600E+018   7.66611797684649758367E+001
      2010   2.51644450147224934400E+018   7.66548635821995958395E+001
      2011   2.51613817355365785600E+018   7.66408124842465099391E+001
      2012   2.51643636503994368000E+018   7.66564478207625086270E+001
      2013   2.51620265128135782400E+018   7.66478961396350655377E+001
      2014   2.51630272812606515200E+018   7.66496916789590869712E+001
      2015   2.51621722018475264000E+018   7.66463096449770091567E+001
      2016   2.51623100157994444800E+018   7.66447239732648029076E+001
      2017   2.51635005743472179200E+018   7.66508558784057072444E+001
      2018   2.51645150415721523200E+018   7.66516401087825443028E+001
      2019   2.51637258332351948800E+018   7.66515627220111070983E+001
      2020   2.51644312760245862400E+018   7.66521432495034815702E+001
      2021   2.51635295858808985600E+018   7.66524276925248386760E+001
      2022   2.51653284731977113600E+018   7.66590600790745781978E+001
      2023   2.51664147047897753600E+018   7.66570656573188813354E+001
      2024   2.51684992320897740800E+018   7.66707825457967260263E+001
      2025   2.51653033533910374400E+018   7.66547436217416588988E+001
      2026   2.51705982141847091200E+018   7.66772835763928810593E+001
      2027   2.51698867276745011200E+018   7.66718460919469038117E+001
      2028   2.51668459350212710400E+018   7.66668564425010572450E+001
      2029   2.51744519849570457600E+018   7.67028465152788498926E+001
      2030   2.51762266050992947200E+018   7.67035342489336500194E+001
      2031   2.51745860159035084800E+018   7.66969055148704086378E+001
      2032   2.51774207853973401600E+018   7.67096965615050265797E+001
      2033   2.51767350817781299200E+018   7.67101759646690908312E+001
      2034   2.51798659334458828800E+018   7.67218955585082227344E+001
      2035   2.51802926996854169600E+018   7.67220500507093419174E+001
      2036   2.51801902858431232000E+018   7.67190443105358355069E+001
      2037   2.51833839069457971200E+018   7.67366225105092070180E+001
      2038   2.51849980791923712000E+018   7.67455135848000509213E+001
      2039   2.51842461784020172800E+018   7.67404791571888580393E+001
      2040   2.51874971717918361600E+018   7.67575046956566211520E+001
      2041   2.51839395183676672000E+018   7.67397305180315214557E+001
      2042   2.51881698722524160000E+018   7.67600830764438200049E+001
      2043   2.51886510546693120000E+018   7.67621323043682224352E+001
      2044   2.51914204158004428800E+018   7.67756543912112618955E+001
      2045   2.51897776037672294400E+018   7.67689260748002340051E+001
      2046   2.51927325486576025600E+018   7.67814252102186713955E+001
      2047   2.51937886792370278400E+018   7.67897241974739444004E+001
      2048   2.51946905919549030400E+018   7.67884242998741655128E+001
      2049   2.51980164945654732800E+018   7.68052790760592785091E+001
      2050   2.51983502560654848000E+018   7.68099225115733332814E+001
      2051   2.51984388040610150400E+018   7.68053484192175801581E+001
      2052   2.52007565275892787200E+018   7.68186046532996869018E+001
      2053   2.52012091674542284800E+018   7.68201031916391201548E+001
      2054   2.52030973678413312000E+018   7.68281658917968002243E+001
      2055   2.52038825112432742400E+018   7.68327275010195620553E+001
      2056   2.52059797429125529600E+018   7.68424496128368303971E+001
      2057   2.52054919136099276800E+018   7.68403220101153436872E+001
      2058   2.52082627342078259200E+018   7.68547355524138993133E+001
      2059   2.52086364216042496000E+018   7.68555694933630917376E+001
      2060   2.52084405573527756800E+018   7.68540077907003364999E+001
      2061   2.52103511924521984000E+018   7.68619269570945249370E+001
      2062   2.52120182710431180800E+018   7.68704123632675617728E+001
      2063   2.52123951987705600000E+018   7.68725942047549466452E+001
      2064   2.52141939294672486400E+018   7.68783810734328199032E+001
      2065   2.52151756790333900800E+018   7.68844509543718004352E+001
      2066   2.52168786811353548800E+018   7.68922765129045160393E+001
      2067   2.52170210221960908800E+018   7.68936387854963641075E+001
      2068   2.52183471370367027200E+018   7.68992895346818414737E+001
      2069   2.52197845309706752000E+018   7.69046845850013340851E+001
      2070   2.52208405828653824000E+018   7.69102884568846434377E+001
      2071   2.52220153226403891200E+018   7.69158416717820756503E+001
      2072   2.52234987423822438400E+018   7.69223014436540211136E+001
      2073   2.52253438969451468800E+018   7.69301517638475189642E+001
      2074   2.52260233443567360000E+018   7.69335562382278368432E+001
      2075   2.52272930227759667200E+018   7.69399983610690441083E+001
      2076   2.52288195894815692800E+018   7.69469717614393431404E+001
      2077   2.52297075783176857600E+018   7.69512618081042205631E+001
      2078   2.52312263975760896000E+018   7.69575262597575857626E+001
      2079   2.52325348267528243200E+018   7.69630474273038345245E+001
      2080   2.52336256590068889600E+018   7.69684359545098430999E+001
      2081   2.52348358373223577600E+018   7.69743753325555530864E+001
      2082   2.52360390962492057600E+018   7.69796163712641714483E+001
      2083   2.52374913004080742400E+018   7.69857992523794933959E+001
      2084   2.52388541445674700800E+018   7.69928992909712519577E+001
      2085   2.52397327025803827200E+018   7.69970377604183653375E+001
      2086   2.52413045191323289600E+018   7.70037660599373765535E+001
      2087   2.52421567964630374400E+018   7.70080710621439123997E+001
      2088   2.52442090769350963200E+018   7.70171166991580804506E+001
      2089   2.52458750971727513600E+018   7.70237808612061911617E+001
      2090   2.52455274775436083200E+018   7.70229583416572580745E+001
      2091   2.52464585626214451200E+018   7.70272433459058589733E+001
      2092   2.52483092195271526400E+018   7.70342457581024291358E+001
      2093   2.52493134648515174400E+018   7.70411992714987263753E+001
      2094   2.52515365001368678400E+018   7.70501202919900123334E+001
      2095   2.52526060905612851200E+018   7.70533160216468786530E+001
      2096   2.52529043508743782400E+018   7.70566128641373779828E+001
      2097   2.52544062193327513600E+018   7.70626414547517271103E+001
      2098   2.52550252881111961600E+018   7.70663272522748883375E+001
      2099   2.52560938041974323200E+018   7.70697957888178990515E+001
      2100   2.52585857856056780800E+018   7.70824298442757935845E+001
      2101   2.52586968098553907200E+018   7.70834975561945867639E+001
      2102   2.52598096452223539200E+018   7.70877958335178448124E+001
      2103   2.52620196836982732800E+018   7.70979366154778915643E+001
      2104   2.52642227503005747200E+018   7.71058340666860289048E+001
      2105   2.52623607154121420800E+018   7.70967273548907172653E+001
      2106   2.52673213710608896000E+018   7.71206878975051495217E+001
      2107   2.52674333019985715200E+018   7.71226796089222119690E+001
      2108   2.52686130222503014400E+018   7.71267863609474488840E+001
      2109   2.52700207113384038400E+018   7.71364498457059113434E+001
      2110   2.52700359321684377600E+018   7.71336522966031594706E+001
      2111   2.52725032616831846400E+018   7.71443704671846859355E+001
      2112   2.52725776011032524800E+018   7.71444789462252487056E+001
      2113   2.52753691581674496000E+018   7.71588915132884523018E+001
      2114   2.52767600356496947200E+018   7.71633329277981800942E+001
      2115   2.52757326786826598400E+018   7.71605461569883459561E+001
      2116   2.52789497173742131200E+018   7.71728578937727718312E+001
      2117   2.52800703848145049600E+018   7.71790988252681557924E+001
      2118   2.52795197390644838400E+018   7.71747713000363120273E+001
      2119   2.52814413529887692800E+018   7.71859143902719750940E+001
      2120   2.52848773541897472000E+018   7.72023369863663759816E+001
      2121   2.52855966716860467200E+018   7.72029315216335589867E+001
      2122   2.52883442130277273600E+018   7.72165182987136944348E+001
      2123   2.52893693117007360000E+018   7.72192583007937116690E+001
      2124   2.52897287217856460800E+018   7.72215028088066475220E+001
      2125   2.52915895971790336000E+018   7.72348684685612028034E+001
      2126   2.52945750332654028800E+018   7.72460467463287727696E+001
      2127   2.52923142578360729600E+018   7.72336407465026582031E+001
      2128   2.52953685457703731200E+018   7.72494357183480246931E+001
      2129   2.52982650521372876800E+018   7.72602800593896432702E+001
      2130   2.52989160199668633600E+018   7.72644380921394287043E+001
      2131   2.52970411543918336000E+018   7.72588334012774566872E+001
      2132   2.53003922891992883200E+018   7.72678983312222982249E+001
      2133   2.53017039332525312000E+018   7.72771062482850794595E+001
      2134   2.52983983220396851200E+018   7.72611182707159258598E+001
      2135   2.53016123220236748800E+018   7.72765712211265309861E+001
      2136   2.53007943810763366400E+018   7.72739930227172493460E+001
      2137   2.53015395469938073600E+018   7.72779696563607245707E+001
      2138   2.53029135306439526400E+018   7.72819678156851210815E+001
      2139   2.53031531965063577600E+018   7.72826394840588335455E+001
      2140   2.53036104936212172800E+018   7.72865128334577491387E+001
      2141   2.53041696993805107200E+018   7.72897869642904140619E+001
      2142   2.53013364031028070400E+018   7.72770714747692863966E+001
      2143   2.53038653806917273600E+018   7.72882210488499907797E+001
      2144   2.53028181256648755200E+018   7.72834577825104531712E+001
      2145   2.53024829081382707200E+018   7.72812712883829817656E+001
      2146   2.53015501463454976000E+018   7.72758414175535079949E+001
      2147   2.53026561304889804800E+018   7.72817217946337962076E+001
      2148   2.53021916508304588800E+018   7.72807606945367524531E+001
      2149   2.53014493384965478400E+018   7.72767724844140531104E+001
      2150   2.53015557422135040000E+018   7.72769844165197099528E+001
      2151   2.53018168618769920000E+018   7.72817931496563375049E+001
      2152   2.52995927281645004800E+018   7.72643749585841561611E+001
      2153   2.53005439294631782400E+018   7.72745713629135764222E+001
      2154   2.52958655702991001600E+018   7.72492486841027670152E+001
      2155   2.52968570125976627200E+018   7.72550715911788188350E+001
      2156   2.52942297030975539200E+018   7.72415184195529747058E+001
      2157   2.52944275198010470400E+018   7.72421949446069646683E+001
      2158   2.52917780491029913600E+018   7.72358251547900351852E+001
      2159   2.52927715200870860800E+018   7.72324230730029768210E+001
      2160   2.52882745997993062400E+018   7.72171346878831315053E+001
      2161   2.52896402576107468800E+018   7.72228748909266755618E+001
      2162   2.52886579125297459200E+018   7.72197374424438720553E+001
      2163   2.52886391107685580800E+018   7.72163565109549523413E+001
      2164   2.52849351144056832000E+018   7.72008589888827003733E+001
      2165   2.52872988795451699200E+018   7.72094894474422943631E+001
      2166   2.52851109944802816000E+018   7.72033844688482275842E+001
      2167   2.52839578680860006400E+018   7.71991661291070698780E+001
      2168   2.52853926801036902400E+018   7.72028656664302701529E+001
      2169   2.52823965177515776000E+018   7.71905721319179605189E+001
      2170   2.52816656704521728000E+018   7.71904285270748005132E+001
      2171   2.52784301599362406400E+018   7.71732771977458753554E+001
      2172   2.52817930668740812800E+018   7.71870571708573294245E+001
      2173   2.52789015683318681600E+018   7.71745935688930444485E+001
      2174   2.52772061087116492800E+018   7.71668645653709859289E+001
      2175   2.52786952493706086400E+018   7.71689113767557302026E+001
      2176   2.52754475988951705600E+018   7.71617875758413305221E+001
      2177   2.52745114467209113600E+018   7.71507787404240161777E+001
      2178   2.52746518293107097600E+018   7.71517051410996970162E+001
      2179   2.52724164405703936000E+018   7.71479906292982349214E+001
      2180   2.52711262832836044800E+018   7.71386425799876036535E+001
      2181   2.52716587942063564800E+018   7.71383496509690900211E+001
      2182   2.52698041159571302400E+018   7.71314901694528742837E+001
      2183   2.52698454250231552000E+018   7.71340739721059236444E+001
      2184   2.52685487975773900800E+018   7.71272442100965776035E+001
      2185   2.52664462407110092800E+018   7.71174946043014415409E+001
      2186   2.52677147769181900800E+018   7.71201300473453699169E+001
      2187   2.52687347948047769600E+018   7.71219195846539946615E+001
      2188   2.52648824458840729600E+018   7.71098468296111008158E+001
      2189   2.52669176683110246400E+018   7.71168409938993022479E+001
      2190   2.52621483829889945600E+018   7.71024907209287420073E+001
      2191   2.52619278756052070400E+018   7.70967134847789452579E+001
      2192   2.52639330569508147200E+018   7.71094839402423986030E+001
      2193   2.52599204044014592000E+018   7.70917281896914374784E+001
      2194   2.52620604180243558400E+018   7.70989401202257340628E+001
      2195   2.52598938285843148800E+018   7.70891463543737955888E+001
      2196   2.52578365558795110400E+018   7.70789286087953513515E+001
      2197   2.52572675725379737600E+018   7.70747123184715263733E+001
      2198   2.52572157218611097600E+018   7.70765092931861630632E+001
      2199   2.52552363646910668800E+018   7.70708074634136153236E+001
      2200   2.52558642113842227200E+018   7.70716339505382990183E+001
      2201   2.52515603865604198400E+018   7.70573294009475517896E+001
      2202   2.52516973102525747200E+018   7.70505107739812586942E+001
      2203   2.52502630426984704000E+018   7.70465240347339914706E+001
      2204   2.52486090645971916800E+018   7.70368458114149348148E+001
      2205   2.52486756573228544000E+018   7.70348447923995394149E+001
      2206   2.52474026678413670400E+018   7.70271794671034228941E+001
      2207   2.52474719370832384000E+018   7.70330413963498585872E+001
      2208   2.52458443481271449600E+018   7.70234597512937995134E+001
      2209   2.52435499253208780800E+018   7.70078368241850625964E+001
      2210   2.52452414591845529600E+018   7.70171737950268919803E+001
      2211   2.52422560729505177600E+018   7.70132148433234959839E+001
      2212   2.52416146463550208000E+018   7.70037692286866075619E+001
      2213   2.52409841093144473600E+018   7.70015863913637730320E+001
      2214   2.52372121559290419200E+018   7.69869518801438204036E+001
      2215   2.52376443050442188800E+018   7.69817578845823220490E+001
      2216   2.52362815626924288000E+018   7.69748341997233467282E+001
      2217   2.52355391207193292800E+018   7.69734785214491239458E+001
      2218   2.52343829717157632000E+018   7.69694282929955164718E+001
      2219   2.52327007633460684800E+018   7.69643974918291604581E+001
      2220   2.52336973226764083200E+018   7.69604460430696661888E+001
      2221   2.52313014379462092800E+018   7.69554234754466364166E+001
      2222   2.45476141296925593600E+018   7.43975894999157816301E+001
      2223   2.45485627775515545600E+018   7.44101349824747018147E+001
      2224   2.45443288677051033600E+018   7.43892177356987502890E+001
      2225   2.45448781935110041600E+018   7.43895650240508246043E+001
      2226   2.45412753060940851200E+018   7.43747330479127271019E+001
      2227   2.45423987413817651200E+018   7.43783101874627590178E+001
      2228   2.45439320904461926400E+018   7.43790227436288517993E+001
      2229   2.45394220674675814400E+018   7.43610458419593811641E+001
      2230   2.45409848744592332800E+018   7.43646678936340066457E+001
      2231   2.45390125225877401600E+018   7.43613447030123069226E+001
      2232   2.45373463345907865600E+018   7.43494819793061054725E+001
      2233   2.45372860778556518400E+018   7.43529421095159932520E+001
      2234   2.45373414657849241600E+018   7.43486685862258838142E+001
      2235   2.45361769859766784000E+018   7.43444941485827968108E+001
      2236   2.45362903745039820800E+018   7.43440610491444857644E+001
      2237   2.45345588955848601600E+018   7.43377740158963575823E+001
      2238   2.45342632258867763200E+018   7.43383781115343111878E+001
      2239   2.45311726143858124800E+018   7.43197759720830930519E+001
      2240   2.45289402829228697600E+018   7.43107238566583276906E+001
      2241   2.45287270850955008000E+018   7.43093899890151021737E+001
      2242   2.45271066143729459200E+018   7.42998872038968585230E+001
      2243   2.45298722591210496000E+018   7.43139151507208595149E+001
      2244   2.45281258296292966400E+018   7.43045266888544659878E+001
      2245   2.45265657690075033600E+018   7.42896553573871187837E+001
      2246   2.45275399716536678400E+018   7.43022963583380686714E+001
      2247   2.45254889115392358400E+018   7.42893805445779804586E+001
      2248   2.45235959491521792000E+018   7.42868125757923820629E+001
      2249   2.45224983021433139200E+018   7.42769159101562337355E+001
      2250   2.45218664113123686400E+018   7.42763894526191705836E+001
      2251   2.45218028452227584000E+018   7.42699916442872591915E+001
      2252   2.45212717592265369600E+018   7.42665893188091814636E+001
      2253   2.45196184867029299200E+018   7.42652275835737469833E+001
      2254   2.45182542042926233600E+018   7.42587334712518867263E+001
      2255   2.45193204093271193600E+018   7.42590710308246713112E+001
      2256   2.45175881786280755200E+018   7.42497400171177304173E+001
      2257   2.45163056841859788800E+018   7.42486650447907408079E+001
      2258   2.45168636298522060800E+018   7.42511787666071683134E+001
      2259   2.45150825799215052800E+018   7.42416933018938749456E+001
      2260   2.45133395753968537600E+018   7.42317425859938140320E+001
      2261   2.45137130677243596800E+018   7.42369450535219783660E+001
      2262   2.45138566289560780800E+018   7.42345266735656537094E+001
      2263   2.45133685235889561600E+018   7.42352149943029075985E+001
      2264   2.45127748843458969600E+018   7.42297721220009663057E+001
      2265   2.45093997599767808000E+018   7.42143729183604676791E+001
      2266   2.45109609378864384000E+018   7.42221705945993193154E+001
      2267   2.45093977241497395200E+018   7.42109756162006704017E+001
      2268   2.45080084254195251200E+018   7.42066029867072671777E+001
      2269   2.45071379611887155200E+018   7.42032442579046147557E+001
      2270   2.45061193795089408000E+018   7.42001523848253015103E+001
      2271   2.45039995353458636800E+018   7.41848204871467515886E+001
      2272   2.45030822793278873600E+018   7.41888845221490100812E+001
      2273   2.45041976223432857600E+018   7.41895856603578067734E+001
      2274   2.45050336257481011200E+018   7.41930677588417637480E+001
      2275   2.45015396629538560000E+018   7.41737945613768800968E+001
      2276   2.45009717672152883200E+018   7.41741031849471710302E+001
      2277   2.45005578874556416000E+018   7.41741410162426859642E+001
      2278   2.45002031528443648000E+018   7.41720465073973826975E+001
      2279   2.44984185953530624000E+018   7.41629703159209583418E+001
      2280   2.44991211495640473600E+018   7.41657221016637180355E+001
      2281   2.44981986216276172800E+018   7.41617585863146047132E+001
      2282   2.44953818736745113600E+018   7.41500153332175102605E+001
      2283   2.44963815204197785600E+018   7.41522586207704534900E+001
      2284   2.44943942945146214400E+018   7.41450221069359400872E+001
      2285   2.44945496710608179200E+018   7.41449775945728930537E+001
      2286   2.44917534690564300800E+018   7.41342841249065855891E+001
      2287   2.44910727755273779200E+018   7.41297290773897259442E+001
      2288   2.44903175366027417600E+018   7.41250511797265403402E+001
      2289   2.44907397309097881600E+018   7.41269124052207217801E+001
      2290   2.44893766453882368000E+018   7.41168480863707372919E+001
      2291   2.44919547049494220800E+018   7.41324085050974730393E+001
      2292   2.44880243352116531200E+018   7.41154849008777887320E+001
      2293   2.44872315390934220800E+018   7.41085358956502204819E+001
      2294   2.44913409848072550400E+018   7.41259194487731321033E+001
      2295   2.44910738303857510400E+018   7.41273156481974382359E+001
      2296   2.44895644544466534400E+018   7.41192787471896252782E+001
      2297   2.44891591781596006400E+018   7.41144116076814185590E+001
      2298   2.44877830286907392000E+018   7.41102498038774797351E+001
      2299   2.44891075404484198400E+018   7.41160341027477187481E+001
      2300   2.44871381348236544000E+018   7.41069155705237250231E+001
      2301   2.44886421708380364800E+018   7.41130469756988219387E+001
      2302   2.44884057298878156800E+018   7.41134971502119839215E+001
      2303   2.44889325788868812800E+018   7.41138986825630894373E+001
      2304   2.44898839799870259200E+018   7.41205941781333734752E+001
      2305   2.44908618166007193600E+018   7.41250840483618418375E+001
      2306   2.44889469649441945600E+018   7.41209411642989692837E+001
      2307   2.44912093677727283200E+018   7.41266917419195152661E+001
      2308   2.44907429596802048000E+018   7.41239810704569208610E+001
      2309   2.44919125334052659200E+018   7.41333947243775384095E+001
      2310   2.44926202652977766400E+018   7.41307583175442204038E+001
      2311   2.44947355806486425600E+018   7.41447149049273690480E+001
      2312   2.44974776827061862400E+018   7.41578068595931512164E+001
      2313   2.44972065377523097600E+018   7.41557878784347934698E+001
      2314   2.44957952411711283200E+018   7.41488661234268136013E+001
      2315   2.45003887572975718400E+018   7.41695660837007153532E+001
      2316   2.44998709715069388800E+018   7.41660275684252212614E+001
      2317   2.45009712553606553600E+018   7.41724510716595801796E+001
      2318   2.45013724140906137600E+018   7.41769579278549855417E+001
      2319   2.45048519112338483200E+018   7.41910540021587223691E+001
      2320   2.45029890476976076800E+018   7.41869210447887894588E+001
      2321   2.45031152779551078400E+018   7.41875776224801484204E+001
      2322   2.45043876607019264000E+018   7.41907887667374978946E+001
      2323   2.45065515898005862400E+018   7.42013164170820260779E+001
      2324   2.45060337328983398400E+018   7.42004006660248478511E+001
      2325   2.45095675022636185600E+018   7.42149620160443959094E+001
      2326   2.45099748602620006400E+018   7.42180298227962111923E+001
      2327   2.45099733204917196800E+018   7.42186281414184776395E+001
      2328   2.45115506611229184000E+018   7.42273566211572983775E+001
      2329   2.45137150840418150400E+018   7.42346934057630392090E+001
      2330   2.45144849127802521600E+018   7.42396053550951364741E+001
      2331   2.45159438258567372800E+018   7.42470521069319744356E+001
      2332   2.45168816522370662400E+018   7.42545619988910345910E+001
      2333   2.45159858120303206400E+018   7.42493493446758066057E+001
      2334   2.45198688562878208000E+018   7.42642162451989946703E+001
      2335   2.45194463335978547200E+018   7.42628726477591243338E+001
      2336   2.45209394255347251200E+018   7.42697301717740572258E+001
      2337   2.45214292625258496000E+018   7.42728363540810789800E+001
      2338   2.45232584461735372800E+018   7.42836543850600037331E+001
      2339   2.45238498230229094400E+018   7.42857092878279985371E+001
      2340   2.45249215622603008000E+018   7.42917681242850562739E+001
      2341   2.45255973776645529600E+018   7.42946294530368049891E+001
      2342   2.45269230669955737600E+018   7.43009091914462089790E+001
      2343   2.45271991411277568000E+018   7.43024988984155498883E+001
      2344   2.45283516623481395200E+018   7.43062696906906836603E+001
      2345   2.45299637288332697600E+018   7.43138921893132078367E+001
      2346   2.45307307254282547200E+018   7.43178703571453525001E+001
      2347   2.45320492714482483200E+018   7.43256933576162310828E+001
      2348   2.45328348583658854400E+018   7.43287241356476329202E+001
      2349   2.45332695645788416000E+018   7.43308002199975277335E+001
      2350   2.45344959828599654400E+018   7.43362582177520749838E+001
      2351   2.45357105782834995200E+018   7.43426476669402944708E+001
      2352   2.45365361687212083200E+018   7.43471029239700413882E+001
      2353   2.45377245194538496000E+018   7.43520232995148830923E+001
      2354   2.45382424022885683200E+018   7.43561211871873553036E+001
      2355   2.45396068179871180800E+018   7.43623982621812018579E+001
      2356   2.45410745315124531200E+018   7.43689121683598273194E+001
      2357   2.45417215465984870400E+018   7.43725083745057276019E+001
      2358   2.45423926937127065600E+018   7.43754017131451945488E+001
      2359   2.45435581970706483200E+018   7.43809966420646873075E+001
      2360   2.45449907998896691200E+018   7.43882625322018355973E+001
      2361   2.45460073255805440000E+018   7.43933587376080964759E+001
      2362   2.45466298678638848000E+018   7.43965778515623128442E+001
      2363   2.45478017594800896000E+018   7.44017636910439108533E+001
      2364   2.45488411580380006400E+018   7.44064756987248046016E+001
      2365   2.45498157414195200000E+018   7.44114995858444672194E+001
      2366   2.45507437697701529600E+018   7.44160206267881534359E+001
      2367   2.45518220426573926400E+018   7.44213043715568858261E+001
      2368   2.45530867107461785600E+018   7.44270877210486361264E+001
      2369   2.45539585081669171200E+018   7.44320173486096052784E+001
      2370   2.45552330248886067200E+018   7.44380736528002557861E+001
      2371   2.45561365919332454400E+018   7.44421268090420227281E+001
      2372   2.45573139722770534400E+018   7.44475338446854522090E+001
      2373   2.45577097817398528000E+018   7.44499783618199018065E+001
      2374   2.45593230603548313600E+018   7.44574748008078586281E+001
      2375   2.45598900821620172800E+018   7.44605479558646408123E+001
      2376   2.45609609527268300800E+018   7.44663099210379044735E+001
      2377   2.45624249563958937600E+018   7.44721699841184516799E+001
      2378   2.45636177562042828800E+018   7.44780366598700283021E+001
      2379   2.45635457305313228800E+018   7.44780173835868168908E+001
      2380   2.45659961436067225600E+018   7.44905063727690617270E+001
      2381   2.45664706010898636800E+018   7.44911155946466578825E+001
      2382   2.45673404089819289600E+018   7.44952932182600306987E+001
      2383   2.45681064308305408000E+018   7.44994985354248200338E+001
      2384   2.45695252500298393600E+018   7.45058535301269557749E+001
      2385   2.45710292897700556800E+018   7.45142742715221686467E+001
      2386   2.45724643152925235200E+018   7.45197044235941916668E+001
      2387   2.45725147493846937600E+018   7.45212667022728538768E+001
      2388   2.45731658441142220800E+018   7.45249471759991735098E+001
      2389   2.45736985380145920000E+018   7.45271322084485206005E+001
      2390   2.45767715115688243200E+018   7.45396500583346153235E+001
      2391   2.45766401916410112000E+018   7.45401093604368298884E+001
      2392   2.45776672361063731200E+018   7.45459978258879232271E+001
      2393   2.45787752565641318400E+018   7.45518364755976250535E+001
      2394   2.45791172670413107200E+018   7.45528401104400728627E+001
      2395   2.45824563629995776000E+018   7.45675064850217950152E+001
      2396   2.45821873475367936000E+018   7.45670181985276627756E+001
      2397   2.45833935474886400000E+018   7.45733212258395070648E+001
      2398   2.45852908944934092800E+018   7.45817097939312674271E+001
      2399   2.45857029232124723200E+018   7.45841383320842368221E+001
      2400   2.45870466733271603200E+018   7.45884514999932548562E+001
      2401   2.45880151196166144000E+018   7.45950345437184978437E+001
      2402   2.45895014073244211200E+018   7.46030699244053039365E+001
      2403   2.45898258203663769600E+018   7.46031836124664806675E+001
      2404   2.45913860318220953600E+018   7.46126781419582840726E+001
      2405   2.45947430543694796800E+018   7.46257560179428480751E+001
      2406   2.45933523317346048000E+018   7.46201891902185820982E+001
      2407   2.45937380716503040000E+018   7.46221664859103128720E+001
      2408   2.45941989992635033600E+018   7.46224835316317722800E+001
      2409   2.45985957649419622400E+018   7.46463337851823354185E+001
      2410   2.45986946924950425600E+018   7.46438461141447646696E+001
      2411   2.46000534081467033600E+018   7.46538694871413213150E+001
      2412   2.46012401361356185600E+018   7.46606835112959288381E+001
      2413   2.46011314164135424000E+018   7.46573170203786702359E+001
      2414   2.46038431397833369600E+018   7.46694749801506958420E+001
      2415   2.46057017393642547200E+018   7.46830846202530409528E+001
      2416   2.46063560724586240000E+018   7.46835818707883021261E+001
      2417   2.46063508576901990400E+018   7.46811573050735120205E+001
      2418   2.46048639630085683200E+018   7.46780161334709333687E+001
      2419   2.46084314628295833600E+018   7.46968526672281569745E+001
      2420   2.46076461368229120000E+018   7.46919690604771489006E+001
      2421   2.46080216432751155200E+018   7.46917882979195724147E+001
      2422   2.46114699990211276800E+018   7.47072419369149542945E+001
      2423   2.46102113915503616000E+018   7.47059926985963471679E+001
      2424   2.46108099582763161600E+018   7.47038068129193533196E+001
      2425   2.46156479421020108800E+018   7.47270065059071839642E+001
      2426   2.46097758046705920000E+018   7.47007823936498738249E+001
      2427   2.46114642874689638400E+018   7.47065255357481987630E+001
      2428   2.46125268534340710400E+018   7.47132294712753264321E+001
      2429   2.46152859308065638400E+018   7.47296433278774543396E+001
      2430   2.46119798953445836800E+018   7.47140311800195178193E+001
      2431   2.46142253466657740800E+018   7.47242068252718212307E+001
      2432   2.46141202706707097600E+018   7.47185395191200001364E+001
      2433   2.46138248314278502400E+018   7.47190965837679641481E+001
      2434   2.46141288017178828800E+018   7.47204065426361978552E+001
      2435   2.46128976032661350400E+018   7.47118716450039670463E+001
      2436   2.46135904515912908800E+018   7.47203783932284153479E+001
      2437   2.46116952472407193600E+018   7.47099294285460047149E+001
      2438   2.46118966641247897600E+018   7.47137938955817588749E+001
      2439   2.46126867141962905600E+018   7.47144819771025368027E+001
      2440   2.46116491306404096000E+018   7.47060718346237564447E+001
      2441   2.46084164314926848000E+018   7.46914382383967705437E+001
      2442   2.46116751410747545600E+018   7.47099689710990020330E+001
      2443   2.46114885216758425600E+018   7.47102880837090737032E+001
      2444   2.46068510331438489600E+018   7.46846763747200270700E+001
      2445   2.46051154546430617600E+018   7.46776803065732224240E+001
      2446   2.46041095368014028800E+018   7.46742250583339881587E+001
      2447   2.46044627528004966400E+018   7.46770011295543696406E+001
      2448   2.46049584309925888000E+018   7.46796038853630790300E+001
      2449   2.46039336914376140800E+018   7.46720158332039574134E+001
      2450   2.46047601993275596800E+018   7.46727842615458143882E+001
      2451   2.46014087336742451200E+018   7.46616718584912746337E+001
      2452   2.46008939036461004800E+018   7.46566145392159938865E+001
      2453   2.45968180331234304000E+018   7.46419631219330454996E+001
      2454   2.45978702401475072000E+018   7.46430099526327097692E+001
      2455   2.45974685612616704000E+018   7.46393625793946142721E+001
      2456   2.45985972794691379200E+018   7.46454109441461213237E+001
      2457   2.45944190185885593600E+018   7.46267085391108793146E+001
      2458   2.45951201418063974400E+018   7.46309545803064366964E+001
      2459   2.45956494700381491200E+018   7.46308357953649732508E+001
      2460   2.45936379771166976000E+018   7.46206407035620173929E+001
      2461   2.45915358611432601600E+018   7.46139473140145099705E+001
      2462   2.45925873247143833600E+018   7.46172579263950979112E+001
      2463   2.45906566005993830400E+018   7.46065722022280084502E+001
      2464   2.45901663969570918400E+018   7.46067705172558390814E+001
      2465   2.45885314823817779200E+018   7.45983262414663528261E+001
      2466   2.45878223854370662400E+018   7.45987716319322942127E+001
      2467   2.45883340126344448000E+018   7.45981631910945282016E+001
      2468   2.45854766222987366400E+018   7.45871651596636411341E+001
      2469   2.45860952030453760000E+018   7.45880847135821483107E+001
      2470   2.45856472480665753600E+018   7.45869084042950731828E+001
      2471   2.45844487272609177600E+018   7.45800187203361275579E+001
      2472   2.45841263789001420800E+018   7.45786034269432605015E+001
      2473   2.45814473911796787200E+018   7.45640032061851343315E+001
      2474   2.45822969628254617600E+018   7.45653352694060771455E+001
      2475   2.45805098166231244800E+018   7.45599591358842985755E+001
      2476   2.45801226716914483200E+018   7.45565217008040832525E+001
      2477   2.45803039839060633600E+018   7.45584641147144822071E+001
      2478   2.45776938637459148800E+018   7.45500324335357191785E+001
      2479   2.45805939016312268800E+018   7.45554117336219945855E+001
      2480   2.45779379586494412800E+018   7.45477051626211846269E+001
      2481   2.45735535137151488000E+018   7.45285571502198394001E+001
      2482   2.45747410949710643200E+018   7.45379053696570110787E+001
      2483   2.45754000355978803200E+018   7.45360758484428771453E+001
      2484   2.45731016859334144000E+018   7.45297264690796907871E+001
      2485   2.45742797434713958400E+018   7.45333721672733275909E+001
      2486   2.45728938790032640000E+018   7.45222831876056801548E+001
      2487   2.45724282308727756800E+018   7.45214413598897351676E+001
      2488   2.45697848543067750400E+018   7.45116092753824403871E+001
      2489   2.45712830994903910400E+018   7.45210184424280868143E+001
      2490   2.45688460890684160000E+018   7.45005479966248316259E+001
      2491   2.45659985929232998400E+018   7.44910641225702931933E+001
      2492   2.45689679403890278400E+018   7.45047872490527112177E+001
      2493   2.45654778171332812800E+018   7.44862396623784093208E+001
      2494   2.45632943671454208000E+018   7.44876047602673310166E+001
      2495   2.45664149479726336000E+018   7.44912161710870037723E+001
      2496   2.45632885666480281600E+018   7.44775496735990003572E+001
      2497   2.45628993707879065600E+018   7.44780686356320984487E+001
      2498   2.45608844628381440000E+018   7.44646700785105366549E+001
      2499   2.45580524360055193600E+018   7.44515702850803364754E+001
      2500   2.45580174600107468800E+018   7.44534305266827942660E+001
      2501   2.45598676674013900800E+018   7.44574247231023633731E+001
      2502   2.45610270964280268800E+018   7.44575066207177229671E+001
      2503   2.45582295081292953600E+018   7.44522893392599485196E+001
      2504   2.45538902464497920000E+018   7.44260868466216862771E+001
      2505   2.45563780107389696000E+018   7.44429395934033522053E+001
      2506   2.45528212369295667200E+018   7.44223857469389713515E+001
      2507   2.45498339197454182400E+018   7.44118781184287030328E+001
      2508   2.45509621910356940800E+018   7.44160838113814833150E+001
      2509   2.45532054240879718400E+018   7.44253701807131875512E+001
      2510   2.45484317817333862400E+018   7.43996012126186769819E+001
      2511   2.42389689447426764800E+018   7.29825329968996499019E+001
      2512   2.42397367781905561600E+018   7.29908008346204297823E+001
      2513   2.42405566951339212800E+018   7.29935723962851028546E+001
      2514   2.42372177516739993600E+018   7.29798456569013040962E+001
      2515   2.42365196891084185600E+018   7.29686873399109998672E+001
      2516   2.42369137561715404800E+018   7.29739768435511422240E+001
      2517   2.42350670597444761600E+018   7.29685154486159461840E+001
      2518   2.42321450741115750400E+018   7.29506032673657074383E+001
      2519   2.42321129302925312000E+018   7.29490491182078386601E+001
      2520   2.42347189687025408000E+018   7.29598956671088387793E+001
      2521   2.42312769901082726400E+018   7.29417103676018570013E+001
      2522   2.42322002546520473600E+018   7.29525963804379102839E+001
      2523   2.42304772957446195200E+018   7.29445080873856994685E+001
      2524   2.42293781171299788800E+018   7.29360661336982758485E+001
      2525   2.42300320651090329600E+018   7.29357844858673729505E+001
      2526   2.42278464402514278400E+018   7.29262109969429133116E+001
      2527   2.42267073822837401600E+018   7.29199614086083727216E+001
      2528   2.42274563538918092800E+018   7.29217127735633994234E+001
      2529   2.42252532376054425600E+018   7.29137104273564631285E+001
      2530   2.42256324076229222400E+018   7.29079265368110469581E+001
      2531   2.42201084597667072000E+018   7.28891432551298947828E+001
      2532   2.42219371216900249600E+018   7.28960264435266083183E+001
      2533   2.42229216521243699200E+018   7.29006845524324660346E+001
      2534   2.42223649600113971200E+018   7.28950803063838606022E+001
      2535   2.42216931448296038400E+018   7.28968335332916268499E+001
      2536   2.42199042894463539200E+018   7.28844761160095515606E+001
      2537   2.42173255523068774400E+018   7.28757818664804375430E+001
      2538   2.42158405815004569600E+018   7.28646782198816254095E+001
      2539   2.42176966642003097600E+018   7.28721679414392582430E+001
      2540   2.42160297524850073600E+018   7.28649834402929315047E+001
      2541   2.42149247663499264000E+018   7.28601967014608504769E+001
      2542   2.42156165962015488000E+018   7.28650322955294313942E+001
      2543   2.42154970396789555200E+018   7.28635580714529993429E+001
      2544   2.42155505515079526400E+018   7.28602136769763006896E+001
      2545   2.42158721753669120000E+018   7.28636319313351776827E+001
      2546   2.42128731371663667200E+018   7.28525583386932140684E+001
      2547   2.42090886866685337600E+018   7.28365766102268139548E+001
      2548   2.42116203986002380800E+018   7.28484121475615893360E+001
      2549   2.42088994512367001600E+018   7.28336372159138107918E+001
      2550   2.42088966578505216000E+018   7.28326479346594339859E+001
      2551   2.42090761681916057600E+018   7.28370900328947925573E+001
      2552   2.42068478845542553600E+018   7.28206161301766172755E+001
      2553   2.42079001485445324800E+018   7.28273525434636184173E+001
      2554   2.42081987340438630400E+018   7.28279996969664438211E+001
      2555   2.42058539491704780800E+018   7.28173205827017113734E+001
      2556   2.42079329748872857600E+018   7.28243860877294224565E+001
      2557   2.42032001791867289600E+018   7.28046358496114436321E+001
      2558   2.42038379905086924800E+018   7.28062296147127057111E+001
      2559   2.42039371134533990400E+018   7.28074037232702977462E+001
      2560   2.42037605813662054400E+018   7.28058890269074936441E+001
      2561   2.42007406712047667200E+018   7.27939596631019298911E+001
      2562   2.42042966873183539200E+018   7.28107605700542279692E+001
      2563   2.42003996472430643200E+018   7.27906212545739919051E+001
      2564   2.41990997773813862400E+018   7.27845418117325806406E+001
      2565   2.41980849931569971200E+018   7.27817107914042225048E+001
      2566   2.41966944073909248000E+018   7.27732463447599400297E+001
      2567   2.41972356333818163200E+018   7.27777425795151486909E+001
      2568   2.41981079784272537600E+018   7.27824416073636797364E+001
      2569   2.41945017069846374400E+018   7.27640051914958547741E+001
      2570   2.41938910283603968000E+018   7.27613677432322134564E+001
      2571   2.41924916127571507200E+018   7.27537202073631306121E+001
      2572   2.41935131823409100800E+018   7.27567273212403335947E+001
      2573   2.41893005544897792000E+018   7.27416574462900484832E+001
      2574   2.41919395041007206400E+018   7.27520158961309704182E+001
      2575   2.41903874904436480000E+018   7.27400364366448428655E+001
      2576   2.41898704587047321600E+018   7.27421635463461626614E+001
      2577   2.41897835687836620800E+018   7.27360397890995926673E+001
      2578   2.41882686680993536000E+018   7.27335600738162355583E+001
      2579   2.41882337325632614400E+018   7.27287394097142652072E+001
      2580   2.41886520503299788800E+018   7.27326786190773191265E+001
      2581   2.41876006386894438400E+018   7.27272890199383539311E+001
      2582   2.41878060174005452800E+018   7.27271055982942584706E+001
      2583   2.41850729519804313600E+018   7.27171577813997345174E+001
      2584   2.41851009532805376000E+018   7.27173325872751661336E+001
      2585   2.41864549585686067200E+018   7.27257117989355919008E+001
      2586   2.41843795077239398400E+018   7.27154485077488743627E+001
      2587   2.41859199912382156800E+018   7.27204365481529890758E+001
      2588   2.41832272626783692800E+018   7.27055885285522691674E+001
      2589   2.41843914461212416000E+018   7.27099318579588356215E+001
      2590   2.41855820844353484800E+018   7.27189139386264145060E+001
      2591   2.41834815852572672000E+018   7.27089576857342763105E+001
      2592   2.41888991526488422400E+018   7.27338727676184504389E+001
      2593   2.41883119176922112000E+018   7.27271780173543902492E+001
      2594   2.41885666845768652800E+018   7.27306814461025084029E+001
      2595   2.41881965648729600000E+018   7.27260563834097268909E+001
      2596   2.41912310945445785600E+018   7.27435669952554491147E+001
      2597   2.41907755409900185600E+018   7.27386419320513368802E+001
      2598   2.41891971336371302400E+018   7.27344422808323685103E+001
      2599   2.41915678899395225600E+018   7.27470403229570337089E+001
      2600   2.41912113396576512000E+018   7.27448056916481391454E+001
      2601   2.41925660146009446400E+018   7.27507883516375954969E+001
      2602   2.41933325886503424000E+018   7.27559429276241331763E+001
      2603   2.41940956342746828800E+018   7.27581673252745559921E+001
      2604   2.41939878481819904000E+018   7.27583243319226227186E+001
      2605   2.41965657297845452800E+018   7.27706632222032254731E+001
      2606   2.41972833077186662400E+018   7.27745243574658502439E+001
      2607   2.41993945352033433600E+018   7.27859473883995491406E+001
      2608   2.42008585568003993600E+018   7.27941731342365585533E+001
      2609   2.42000655570923008000E+018   7.27930029289638724777E+001
      2610   2.42006665419617228800E+018   7.27926106458256612086E+001
      2611   2.42032834453153996800E+018   7.28062782165980735272E+001
      2612   2.42023178773762816000E+018   7.28014611259618646955E+001
      2613   2.42062333259390361600E+018   7.28201998121173943446E+001
      2614   2.42064683690055116800E+018   7.28203541397047757755E+001
      2615   2.42072265622353408000E+018   7.28240509385236123308E+001
      2616   2.42075905940073164800E+018   7.28269826651484919466E+001
      2617   2.42076712100518297600E+018   7.28292642717620282156E+001
      2618   2.42081504108194611200E+018   7.28303155462444919976E+001
      2619   2.42113894406942771200E+018   7.28461494573832197830E+001
      2620   2.42111721548457420800E+018   7.28450015385068780915E+001
      2621   2.42107130412419020800E+018   7.28411061492364950709E+001
      2622   2.42119513196165990400E+018   7.28478736284449723826E+001
      2623   2.42127617377733939200E+018   7.28516472153773406717E+001
      2624   2.42142579445806694400E+018   7.28608557172045294692E+001
      2625   2.42149650557848883200E+018   7.28642632632606961351E+001
      2626   2.42160092222862540800E+018   7.28688064972753437587E+001
      2627   2.42180147755782656000E+018   7.28793101234062987714E+001
      2628   2.42174969178773043200E+018   7.28771926008755173143E+001
      2629   2.42199825342993049600E+018   7.28900682462993501076E+001
      2630   2.42206479260390041600E+018   7.28932667914436080991E+001
      2631   2.42211005425215180800E+018   7.28949422480448419037E+001
      2632   2.42219374857769728000E+018   7.28993882478093127020E+001
      2633   2.42230075086330112000E+018   7.29048024621394716860E+001
      2634   2.42230055654345164800E+018   7.29024028592672124205E+001
      2635   2.42244987092275968000E+018   7.29119800798139152676E+001
      2636   2.42246684917894297600E+018   7.29124402249877192617E+001
      2637   2.42265304555966464000E+018   7.29214995043659968132E+001
      2638   2.42274499168893081600E+018   7.29261686993939264312E+001
      2639   2.42275844484984217600E+018   7.29273106039814109636E+001
      2640   2.42282841047210905600E+018   7.29319278933549526300E+001
      2641   2.42295585858010419200E+018   7.29368450371249394948E+001
      2642   2.42297652217275852800E+018   7.29375376543124929185E+001
      2643   2.42304823732747366400E+018   7.29428637433199327234E+001
      2644   2.42318406569019443200E+018   7.29490436482012825081E+001
      2645   2.42328703074756403200E+018   7.29539756752265446949E+001
      2646   2.42335146587598131200E+018   7.29569761761729864702E+001
      2647   2.42348999189150873600E+018   7.29633608428952555869E+001
      2648   2.42354702442626764800E+018   7.29667308956556581734E+001
      2649   2.42362624104218265600E+018   7.29708125089876347147E+001
      2650   2.42371085210694348800E+018   7.29752220863505982607E+001
      2651   2.42380609620939417600E+018   7.29798518041757091623E+001
      2652   2.42389512254795776000E+018   7.29844407910288879293E+001
      2653   2.42400628512849920000E+018   7.29900372740075340516E+001
      2654   2.42410629197196083200E+018   7.29951410752563134565E+001
      2655   2.42418809969453824000E+018   7.29993707874024124749E+001
      2656   2.42428223332893235200E+018   7.30032664376187057087E+001
      2657   2.42439115892498892800E+018   7.30094554751072593035E+001
      2658   2.42450397075943168000E+018   7.30149829216866237402E+001
      2659   2.42460875815889510400E+018   7.30203090434065558156E+001
      2660   2.42467195204507596800E+018   7.30232718006543137790E+001
      2661   2.42476946230571417600E+018   7.30276681682166639575E+001
      2662   2.42484679492790374400E+018   7.30317879354879977427E+001
      2663   2.42501480066660454400E+018   7.30399209263239299617E+001
      2664   2.42504627052873420800E+018   7.30421315511403150822E+001
      2665   2.42513259397458841600E+018   7.30456000736906077009E+001
      2666   2.42527882988687667200E+018   7.30534595762581346889E+001
      2667   2.42528634972747673600E+018   7.30524894043324337645E+001
      2668   2.42543509521952563200E+018   7.30611696214074584077E+001
      2669   2.42553640157591296000E+018   7.30663609149936377207E+001
      2670   2.42555329460321843200E+018   7.30677326291649649193E+001
      2671   2.42574583416551475200E+018   7.30756395063889812036E+001
      2672   2.42576007699637196800E+018   7.30773556423362862233E+001
      2673   2.42575820905672601600E+018   7.30772822919973208400E+001
      2674   2.42591307677614438400E+018   7.30849463692106269264E+001
      2675   2.42583001716654131200E+018   7.30816724707323714938E+001
      2676   2.42623578764179200000E+018   7.31021718834830238620E+001
      2677   2.42615631283622092800E+018   7.30969519940181271522E+001
      2678   2.42629775340125235200E+018   7.31026088091560239945E+001
      2679   2.42626482448471961600E+018   7.31028290716817394923E+001
      2680   2.42637625622812160000E+018   7.31076951192227966203E+001
      2681   2.42658656262240819200E+018   7.31169001828251197139E+001
      2682   2.42666818381694259200E+018   7.31218630865721621603E+001
      2683   2.42673466685338931200E+018   7.31262648730622544235E+001
      2684   2.42679843792498739200E+018   7.31291835397933738250E+001
      2685   2.42680552645830860800E+018   7.31293183740546766103E+001
      2686   2.42686880994914611200E+018   7.31315295413654240519E+001
      2687   2.42725790875324416000E+018   7.31498552993526232058E+001
      2688   2.42722920405343334400E+018   7.31496111689356069974E+001
      2689   2.42731863209582592000E+018   7.31532233367463931017E+001
      2690   2.42744606714563584000E+018   7.31588347612956226840E+001
      2691   2.42746177914230681600E+018   7.31619705210720070454E+001
      2692   2.42745900801248819200E+018   7.31609955334642023672E+001
      2693   2.42774493859533977600E+018   7.31764217998209431926E+001
      2694   2.42782520930588262400E+018   7.31770106183395228072E+001
      2695   2.42779273281756057600E+018   7.31778825940784543036E+001
      2696   2.42795776928191948800E+018   7.31878979426156348609E+001
      2697   2.42813905473778380800E+018   7.31954725415352527307E+001
      2698   2.42800812942132377600E+018   7.31895153181939122078E+001
      2699   2.42828852149224089600E+018   7.32036285119639416052E+001
      2700   2.42843566998367539200E+018   7.32072107989975648934E+001
      2701   2.42840225738587392000E+018   7.32085647266956982548E+001
      2702   2.42873862248837888000E+018   7.32239784984119097544E+001
      2703   2.42867406906262732800E+018   7.32204494696630945327E+001
      2704   2.42873815310158899200E+018   7.32224870638723785987E+001
      2705   2.42900027541428736000E+018   7.32393813332997325460E+001
      2706   2.42913706388913305600E+018   7.32475539956589898338E+001
      2707   2.42904896341339904000E+018   7.32417990901525826075E+001
      2708   2.42952608501853491200E+018   7.32603935355192703582E+001
      2709   2.42921157399937382400E+018   7.32504509632619260628E+001
      2710   2.42943401156987699200E+018   7.32606274613168579890E+001
      2711   2.42947262644591923200E+018   7.32582012587733828468E+001
      2712   2.42951906324739891200E+018   7.32668776383618478576E+001
      2713   2.42969122475156531200E+018   7.32684622666981368866E+001
      2714   2.42969443096533248000E+018   7.32719474410450999358E+001
      2715   2.42996291205275238400E+018   7.32861403926490169169E+001
      2716   2.42965391236454400000E+018   7.32723275219558445315E+001
      2717   2.43008317398007244800E+018   7.32904900164929955508E+001
      2718   2.42996774203358464000E+018   7.32852639810517985097E+001
      2719   2.42989129030081177600E+018   7.32839927994354241036E+001
      2720   2.43043661857821081600E+018   7.33110753879903427332E+001
      2721   2.42997696821189785600E+018   7.32901203393453215540E+001
      2722   2.43013296542995353600E+018   7.32945302657776238675E+001
      2723   2.43030130167312793600E+018   7.33022833245644420685E+001
      2724   2.43018222046407168000E+018   7.32977572314302818768E+001
      2725   2.42997889679950540800E+018   7.32843767041788964889E+001
      2726   2.43017498021687244800E+018   7.32971502416558564619E+001
      2727   2.43006183227161600000E+018   7.32920558516970999108E+001
      2728   2.43004702694996480000E+018   7.32905533702903397852E+001
      2729   2.43002467724733388800E+018   7.32887180363946555417E+001
      2730   2.43001335470650419200E+018   7.32913823179185328627E+001
      2731   2.42992000073487206400E+018   7.32843614715578013374E+001
      2732   2.42992307081295820800E+018   7.32840155355340812093E+001
      2733   2.42982124438285926400E+018   7.32765911069856485938E+001
      2734   2.42990128026479820800E+018   7.32865124077720082596E+001
      2735   2.42979515790044979200E+018   7.32746142981194026333E+001
      2736   2.42929061464112128000E+018   7.32549094740844566331E+001
      2737   2.42944485536177817600E+018   7.32595898871020807519E+001
      2738   2.42908424859852134400E+018   7.32447219249335716995E+001
      2739   2.42928564929676134400E+018   7.32517564635505635806E+001
      2740   2.42931379470251110400E+018   7.32551277027015572685E+001
      2741   2.42912680016606617600E+018   7.32434946680864413793E+001
      2742   2.42887430871864576000E+018   7.32324344251531442751E+001
      2743   2.42878746946657331200E+018   7.32335876904261908749E+001
      2744   2.42919486499539865600E+018   7.32504541575828085342E+001
      2745   2.42879209643748608000E+018   7.32276081021525158121E+001
      2746   2.42879793324556083200E+018   7.32274765810609551409E+001
      2747   2.42843680238820352000E+018   7.32101790504506908519E+001
      2748   2.42855139954799462400E+018   7.32158245979115065438E+001
      2749   2.42872387727854387200E+018   7.32241160279114922105E+001
      2750   2.42832744209245593600E+018   7.32058502750570170292E+001
      2751   2.42834025589462886400E+018   7.32083300248550727929E+001
      2752   2.42831380579569561600E+018   7.32057220139880797660E+001
      2753   2.42823764054221414400E+018   7.32006305176416987024E+001
      2754   2.42808229697223577600E+018   7.31979517135607551381E+001
      2755   2.42798742890318438400E+018   7.31923088780171724466E+001
      2756   2.42804890968676044800E+018   7.31876687674428154651E+001
      2757   2.42784405219556761600E+018   7.31837151248696642369E+001
      2758   2.42761349552021299200E+018   7.31720263978517664327E+001
      2759   2.42776524792376268800E+018   7.31770680941710196521E+001
      2760   2.42760853936743219200E+018   7.31682345351951255452E+001
      2761   2.42747535200861388800E+018   7.31631700331930829861E+001
      2762   2.42739785747277260800E+018   7.31580224468521720382E+001
      2763   2.42739842262260736000E+018   7.31638755317082001284E+001
      2764   2.42733941907959961600E+018   7.31567384592349156947E+001
      2765   2.42729533154386995200E+018   7.31578975928564290143E+001
      2766   2.42724054281125427200E+018   7.31487054409129200394E+001
      2767   2.42739945700463923200E+018   7.31611471014274599156E+001
      2768   2.42690305636932198400E+018   7.31375369422861467683E+001
      2769   2.42709650661207654400E+018   7.31455134049806758867E+001
      2770   2.42707799601307596800E+018   7.31433159096254570386E+001
      2771   2.42688547936679833600E+018   7.31395391753717376560E+001
      2772   2.42672875679557734400E+018   7.31304424391848897358E+001
      2773   2.42666403628721408000E+018   7.31240317609394452347E+001
      2774   2.42674581902139596800E+018   7.31298311263773683777E+001
      2775   2.42662849612222361600E+018   7.31215333079622524792E+001
      2776   2.42619479052622233600E+018   7.31071208362918270041E+001
      2777   2.42631137032712857600E+018   7.31112112960957318819E+001
      2778   2.42631107410375628800E+018   7.31112107465859395461E+001
      2779   2.42618812359654604800E+018   7.31004296424082582462E+001
      2780   2.42623407978863308800E+018   7.31062112993483737000E+001
      2781   2.42608455900925900800E+018   7.30972747217305851564E+001
      2782   2.42611059261253427200E+018   7.30964590208212854350E+001
      2783   2.42575945466515302400E+018   7.30803001916312382491E+001
      2784   2.42575525806754611200E+018   7.30810344888291893994E+001
      2785   2.42575831308445286400E+018   7.30773749131122372091E+001
      2786   2.42569946735943731200E+018   7.30754785193802831600E+001
      2787   2.42561971422408243200E+018   7.30667979489913506086E+001
      2788   2.42551896597592012800E+018   7.30713141129046590549E+001
      2789   2.42555288420793344000E+018   7.30607684760298781157E+001
      2790   2.42513758149971609600E+018   7.30434948490531184007E+001
      2791   2.42528904205932492800E+018   7.30473958121467745741E+001
      2792   2.42514485680556236800E+018   7.30462510246603784481E+001
      2793   2.42513571243443251200E+018   7.30450844886057808480E+001
      2794   2.42521397341834598400E+018   7.30471494684665572095E+001
      2795   2.42512600719963801600E+018   7.30367898306636931238E+001
      2796   2.42473333190992844800E+018   7.30238216345623953885E+001
      2797   2.42464273682060748800E+018   7.30204091522171694351E+001
      2798   2.42444676846336460800E+018   7.30119367928652849287E+001
      2799   2.42462439009834086400E+018   7.30204560889247744626E+001
      2800   2.42437110359392563200E+018   7.30028750587197947652E+001
      2801   2.42427669209252505600E+018   7.30010050877934730806E+001
      2802   2.42443248198099148800E+018   7.30084996227668767688E+001
      2803   2.41145951852832512000E+018   7.23520788207684830695E+001
      2804   2.41150655673235865600E+018   7.23529598376436950957E+001
      2805   2.41140554541613209600E+018   7.23482773175843050240E+001
      2806   2.41131389371830425600E+018   7.23432605916129887191E+001
      2807   2.41131053400609536000E+018   7.23416153078210726335E+001
      2808   2.41103708027926374400E+018   7.23320812880812269441E+001
      2809   2.41104468237815193600E+018   7.23309482684865514557E+001
      2810   2.41077013022993868800E+018   7.23136442487019621694E+001
      2811   2.41096010834095872000E+018   7.23214504968954656761E+001
      2812   2.41073616695291596800E+018   7.23134003934640361422E+001
      2813   2.41077265727888332800E+018   7.23141190252313066367E+001
      2814   2.41083223037882470400E+018   7.23159895286844829343E+001
      2815   2.41069673282062080000E+018   7.23099105331274216724E+001
      2816   2.41067843057935257600E+018   7.23131779760676209889E+001
      2817   2.41026405040093132800E+018   7.22961630945794553327E+001
      2818   2.41032166809088563200E+018   7.22924358831615734289E+001
      2819   2.41042615573335193600E+018   7.22934093342269221694E+001
      2820   2.41030052727407257600E+018   7.22860347619690486454E+001
      2821   2.41005196728719974400E+018   7.22738866631525098683E+001
      2822   2.41029451927586304000E+018   7.22830962923967064171E+001
      2823   2.40990390271439308800E+018   7.22671516744538138255E+001
      2824   2.40984157285796812800E+018   7.22662636508660085610E+001
      2825   2.40995514777995315200E+018   7.22724515962312494821E+001
      2826   2.40961455156336025600E+018   7.22530018710564263529E+001
      2827   2.40946719179454208000E+018   7.22514327202492978586E+001
      2828   2.40980020106998425600E+018   7.22609605249982536179E+001
      2829   2.40950837617441536000E+018   7.22504959014936076755E+001
      2830   2.40944865188537190400E+018   7.22451367535845179191E+001
      2831   2.40936490312433920000E+018   7.22430529991654708510E+001
      2832   2.40929266477736345600E+018   7.22423311429976564568E+001
      2833   2.40911965756546662400E+018   7.22296993297835712156E+001
      2834   2.40904667174839500800E+018   7.22282769368944883581E+001
      2835   2.40913317030262784000E+018   7.22286592938652489693E+001
      2836   2.40908931395749580800E+018   7.22302627874135652064E+001
      2837   2.40897116357210726400E+018   7.22280870569431243666E+001
      2838   2.40869321011842457600E+018   7.22133625091960738018E+001
      2839   2.40873511965103462400E+018   7.22135178780206956617E+001
      2840   2.40886149868637747200E+018   7.22212921819859019479E+001
      2841   2.40883185252610150400E+018   7.22152774337570946273E+001
      2842   2.40860285074528204800E+018   7.22054201839584948175E+001
      2843   2.40835907901678387200E+018   7.21927881994023010748E+001
      2844   2.40840994220148684800E+018   7.21933775741493803935E+001
      2845   2.40823652185985740800E+018   7.21914698488648838293E+001
      2846   2.40826493604512512000E+018   7.21892842186432943663E+001
      2847   2.40823863334676480000E+018   7.21911862420143108920E+001
      2848   2.40825775168882022400E+018   7.21918183227494836274E+001
      2849   2.40805158422236774400E+018   7.21790902851802940177E+001
      2850   2.40790161956024678400E+018   7.21741573086344629928E+001
      2851   2.40773315016805273600E+018   7.21648074459576918116E+001
      2852   2.40779407594824601600E+018   7.21671982205635913488E+001
      2853   2.40812898127153817600E+018   7.21841163177780487104E+001
      2854   2.40796497570769664000E+018   7.21762770315474142535E+001
      2855   2.40778157569731481600E+018   7.21680730115615034492E+001
      2856   2.40752654378947379200E+018   7.21536460063417166566E+001
      2857   2.40772560877575782400E+018   7.21662816051648974280E+001
      2858   2.40711620441773414400E+018   7.21351599687836966268E+001
      2859   2.40719077230665830400E+018   7.21423206586770220383E+001
      2860   2.40736387703792742400E+018   7.21468547315359955974E+001
      2861   2.40730855374260736000E+018   7.21460251576864521894E+001
      2862   2.40716419154903244800E+018   7.21368848428330977640E+001
      2863   2.40662231697731532800E+018   7.21107118419569843581E+001
      2864   2.40702014285965926400E+018   7.21290904203975031805E+001
      2865   2.40665385538531379200E+018   7.21128874114173896714E+001
      2866   2.40680947270152192000E+018   7.21181023073832534465E+001
      2867   2.40684392871351961600E+018   7.21241063106392203963E+001
      2868   2.40686279965771520000E+018   7.21214959421084955693E+001
      2869   2.40641834041608550400E+018   7.20992885710262498833E+001
      2870   2.40656627310890188800E+018   7.21039666493275177572E+001
      2871   2.40676636095991449600E+018   7.21166453713810966519E+001
      2872   2.40607695552360755200E+018   7.20794833292358703147E+001
      2873   2.40656046886057728000E+018   7.21042012067179740598E+001
      2874   2.40633765808889497600E+018   7.20954389392618963939E+001
      2875   2.40632807409990656000E+018   7.20940575594572408136E+001
      2876   2.40639384744866611200E+018   7.20969004857759756533E+001
      2877   2.40631372190907596800E+018   7.20943329412690872005E+001
      2878   2.40627845738684108800E+018   7.20939732057507995933E+001
      2879   2.40623238037615155200E+018   7.20900080975218457979E+001
      2880   2.40631536432934502400E+018   7.20942580596596513942E+001
      2881   2.40619300109534464000E+018   7.20886076970587765800E+001
      2882   2.40633026302651801600E+018   7.20931464975658542471E+001
      2883   2.40645052294430003200E+018   7.21003043794285076729E+001
      2884   2.40619690704341913600E+018   7.20849916591548520728E+001
      2885   2.40644472872616960000E+018   7.20984995306306899465E+001
      2886   2.40666653084008448000E+018   7.21099366401836476825E+001
      2887   2.40662837904946483200E+018   7.21074272986544571040E+001
      2888   2.40679269283995545600E+018   7.21153511619345266581E+001
      2889   2.40650949997885388800E+018   7.20994417336252979567E+001
      2890   2.40675196419972044800E+018   7.21116534706635121665E+001
      2891   2.40678885042737152000E+018   7.21142999700876288216E+001
      2892   2.40684453994799411200E+018   7.21175585298605170692E+001
      2893   2.40687561622830899200E+018   7.21245221819380191164E+001
      2894   2.40694855543822643200E+018   7.21232545360104495558E+001
      2895   2.40729926105742182400E+018   7.21425965835721143549E+001
      2896   2.40718060850038374400E+018   7.21358825121592843743E+001
      2897   2.40733826188030668800E+018   7.21443884094354501713E+001
      2898   2.40756939197385267200E+018   7.21550510069149453329E+001
      2899   2.40744633687240908800E+018   7.21457683567239911326E+001
      2900   2.40740623243945472000E+018   7.21455034696719366138E+001
      2901   2.40782676018498713600E+018   7.21696512621221160089E+001
      2902   2.40786698402325094400E+018   7.21685782156129107534E+001
      2903   2.40795668849527603200E+018   7.21752623591534643310E+001
      2904   2.40796834573174476800E+018   7.21773392907719113509E+001
      2905   2.40807525141765376000E+018   7.21806009951012441661E+001
      2906   2.40828333822874419200E+018   7.21915156068040602122E+001
      2907   2.40807995993228185600E+018   7.21810588165779307701E+001
      2908   2.40842568496463513600E+018   7.21987499517604902621E+001
      2909   2.40845987328887756800E+018   7.22002430013271947473E+001
      2910   2.40879316432592640000E+018   7.22164400002614996765E+001
      2911   2.40867592161604044800E+018   7.22125163973646948534E+001
      2912   2.40866942227449804800E+018   7.22122969600208222118E+001
      2913   2.40865018702714470400E+018   7.22111813520334777650E+001
      2914   2.40895631697833984000E+018   7.22264021341853066360E+001
      2915   2.40893216893680998400E+018   7.22251534693267132070E+001
      2916   2.40904070097717094400E+018   7.22295771617993409563E+001
      2917   2.40925086877670041600E+018   7.22398504225342179552E+001
      2918   2.40893505805924864000E+018   7.22262897976440285674E+001
      2919   2.40928836264318412800E+018   7.22430188778623971757E+001
      2920   2.40932380276975872000E+018   7.22430349513893048652E+001
      2921   2.40939174940440678400E+018   7.22479858079572636598E+001
      2922   2.40954659862537267200E+018   7.22552641332998035750E+001
      2923   2.40952983972016537600E+018   7.22547506436266218088E+001
      2924   2.40970044189567744000E+018   7.22626102381967285737E+001
      2925   2.40962452547992832000E+018   7.22607629590324336277E+001
      2926   2.40979978281164134400E+018   7.22680871704403102740E+001
      2927   2.40992725904743782400E+018   7.22757890567945224802E+001
      2928   2.40986683933167462400E+018   7.22731783176878792574E+001
      2929   2.41005277251526707200E+018   7.22825369231631782441E+001
      2930   2.41016919738497024000E+018   7.22873999869643597549E+001
      2931   2.41047167152797235200E+018   7.23030184748237871872E+001
      2932   2.41023394515742566400E+018   7.22905633547848509579E+001
      2933   2.41043204464693452800E+018   7.23010003198408384151E+001
      2934   2.41049484066767872000E+018   7.23048046812955504947E+001
      2935   2.41061219663470080000E+018   7.23094469242492579042E+001
      2936   2.41051997379970355200E+018   7.23054111785430677628E+001
      2937   2.41066279174520883200E+018   7.23130203142432321783E+001
      2938   2.41078881541634560000E+018   7.23186927627037761113E+001
      2939   2.41091139526440755200E+018   7.23256161267606216825E+001
      2940   2.41088854876098048000E+018   7.23246713675386416753E+001
      2941   2.41103110050008320000E+018   7.23319587957895180352E+001
      2942   2.41112743697349017600E+018   7.23364650756573723811E+001
      2943   2.41117696345974425600E+018   7.23390705054473670543E+001
      2944   2.41122824480134041600E+018   7.23424010456587325280E+001
      2945   2.41136983514061312000E+018   7.23488027917081382157E+001
      2946   2.41144419816711475200E+018   7.23521855152902162445E+001
      2947   2.41152989483210240000E+018   7.23573171328546891345E+001
      2948   2.41160127573701785600E+018   7.23609645582679945619E+001
      2949   2.41171060497887436800E+018   7.23661978845400426508E+001
      2950   2.41178990482754201600E+018   7.23705017161743171528E+001
      2951   2.41188371979736678400E+018   7.23748438490264192069E+001
      2952   2.41196939484199731200E+018   7.23792947872545227028E+001
      2953   2.41205307223632588800E+018   7.23837474977149781807E+001
      2954   2.41216472544949196800E+018   7.23897097246199905385E+001
      2955   2.41225458574995968000E+018   7.23937120699958853720E+001
      2956   2.41236526419451033600E+018   7.23996951849421179759E+001
      2957   2.41247719842299392000E+018   7.24052041637024359488E+001
      2958   2.41252851081973145600E+018   7.24075632022895234741E+001
      2959   2.41259962091309158400E+018   7.24113008750349820275E+001
      2960   2.41260290265463603200E+018   7.24109541623380295050E+001
      2961   2.41273957655297894400E+018   7.24180039910441308848E+001
      2962   2.41285780895510630400E+018   7.24237212490335053872E+001
      2963   2.41290569751927654400E+018   7.24262132875446695834E+001
      2964   2.41301937791179264000E+018   7.24319253694803819599E+001
      2965   2.41301132556635289600E+018   7.24319545972099945175E+001
      2966   2.41318128457788211200E+018   7.24405734685126958539E+001
      2967   2.41335928957837260800E+018   7.24495370271331324830E+001
      2968   2.41324526836828928000E+018   7.24440797585222497901E+001
      2969   2.41339523031534284800E+018   7.24504737872746744642E+001
      2970   2.41341162781128396800E+018   7.24517568969440759474E+001
      2971   2.41372278990003507200E+018   7.24669014737657448677E+001
      2972   2.41372695300695961600E+018   7.24676851127157277688E+001
      2973   2.41374533531175372800E+018   7.24686196118121159770E+001
      2974   2.41402985463033804800E+018   7.24824854911565239490E+001
      2975   2.41383537349541529600E+018   7.24740064304759670222E+001
      2976   2.41382773515563315200E+018   7.24732188161552670636E+001
      2977   2.41423247466260480000E+018   7.24927959506920416288E+001
      2978   2.41423410758204774400E+018   7.24929736545126814917E+001
      2979   2.41413928096448102400E+018   7.24867504292891879913E+001
      2980   2.41435126090631014400E+018   7.24973503726672561243E+001
      2981   2.41440271398897254400E+018   7.25018443185461052281E+001
      2982   2.41444160043072051200E+018   7.25050393598277764795E+001
      2983   2.41452707409158195200E+018   7.25088129215543233386E+001
      2984   2.41477130481797120000E+018   7.25194241501290690621E+001
      2985   2.41481542980992716800E+018   7.25222291396996610047E+001
      2986   2.41473796140431923200E+018   7.25203098906902141607E+001
      2987   2.41497009971324569600E+018   7.25290934191606737613E+001
      2988   2.41498652357221580800E+018   7.25314666876746514390E+001
      2989   2.41516396499232819200E+018   7.25403936096118258092E+001
      2990   2.41552920784138547200E+018   7.25571303154151792114E+001
      2991   2.41552291889525299200E+018   7.25600663015779190346E+001
      2992   2.41577291085070182400E+018   7.25693339989361305697E+001
      2993   2.41568163020531046400E+018   7.25661313495217541458E+001
      2994   2.41574319416666163200E+018   7.25698915419388441705E+001
      2995   2.41572445263328768000E+018   7.25658701497613378706E+001
      2996   2.41559608406907289600E+018   7.25621645617402464268E+001
      2997   2.41581903080277504000E+018   7.25722958146388208434E+001
      2998   2.41626495066107801600E+018   7.25963559481413227559E+001
      2999   2.41636244320203110400E+018   7.25992414945750255129E+001
      3000   2.41589715619410688000E+018   7.25765943379088156462E+001
      3001   2.41659043679698380800E+018   7.26096730999627339997E+001
      3002   2.41641885552457574400E+018   7.26003282057651944115E+001
      3003   2.41686921216575488000E+018   7.26249592197664952664E+001
      3004   2.41681677821358233600E+018   7.26208847731866882214E+001
      3005   2.41661909354127411200E+018   7.26121054231164890780E+001
      3006   2.41712583636885964800E+018   7.26409188563370946667E+001
      3007   2.41695739328196966400E+018   7.26305203786029238699E+001
      3008   2.41698069179597260800E+018   7.26321370380102138142E+001
      3009   2.41709235506129715200E+018   7.26363119038171305419E+001
      3010   2.41711850074132326400E+018   7.26365816353961548657E+001
      3011   2.41712606632953907200E+018   7.26407949824491794288E+001
      3012   2.41739884243511654400E+018   7.26494946978557436523E+001
      3013   2.41713926442273228800E+018   7.26393969494596518643E+001
      3014   2.41703350984105420800E+018   7.26351286999827294721E+001
      3015   2.41716680465691699200E+018   7.26386643371362907828E+001
      3016   2.41747312197513881600E+018   7.26569080154978905739E+001
      3017   2.41710025728849305600E+018   7.26358595229555419337E+001
      3018   2.41749932725138278400E+018   7.26596164190374764758E+001
      3019   2.41755111510759731200E+018   7.26628412977944293516E+001
      3020   2.41759814925481164800E+018   7.26615311962231800180E+001
      3021   2.41709792319059353600E+018   7.26388805787351117260E+001
      3022   2.41735266733521254400E+018   7.26501130074251904034E+001
      3023   2.41764612355338649600E+018   7.26662138572927602809E+001
      3024   2.41732381306549043200E+018   7.26490367512380572634E+001
      3025   2.41718350906222643200E+018   7.26408979118908746386E+001
      3026   2.41713099675591680000E+018   7.26392322927865734528E+001
      3027   2.41725800070020915200E+018   7.26469627240086452957E+001
      3028   2.41670866060596019200E+018   7.26168143623554129817E+001
      3029   2.41720707496666931200E+018   7.26435757325161119979E+001
      3030   2.41684016247652659200E+018   7.26231350543185811830E+001
      3031   2.41678527011707596800E+018   7.26214189154329687881E+001
      3032   2.41663875176190412800E+018   7.26110836607823557642E+001
      3033   2.41664103795824128000E+018   7.26137423992428665542E+001
      3034   2.41687146375300556800E+018   7.26269712308257595623E+001
      3035   2.41647001396306790400E+018   7.26056425555259039584E+001
      3036   2.41613108203214643200E+018   7.25880342567552645505E+001
      3037   2.41581122321573068800E+018   7.25728403905976762189E+001
      3038   2.41654147500100505600E+018   7.26069464667834267857E+001
      3039   2.41622810396762880000E+018   7.25940832591347344760E+001
      3040   2.41609826406821785600E+018   7.25887866363485869670E+001
      3041   2.41591506732759705600E+018   7.25792035035996150327E+001
      3042   2.41579926368126515200E+018   7.25720541292129723843E+001
      3043   2.41569930950176153600E+018   7.25659280672824138492E+001
      3044   2.41561816745379276800E+018   7.25668765988110493481E+001
      3045   2.41543690718523750400E+018   7.25558515307759961388E+001
      3046   2.41566398651187558400E+018   7.25672085729357974060E+001
      3047   2.41542144537667584000E+018   7.25569907002413998498E+001
      3048   2.41541143859689625600E+018   7.25540456296877351861E+001
      3049   2.41532709427042560000E+018   7.25503747530470803895E+001
      3050   2.41524872515916134400E+018   7.25452647794820819627E+001
      3051   2.41532601443315456000E+018   7.25509809655579687160E+001
      3052   2.41508847953456588800E+018   7.25379027411556762672E+001
      3053   2.41522706176359987200E+018   7.25428766498145165542E+001
      3054   2.41473969516227686400E+018   7.25211272771800992132E+001
      3055   2.41494306002652620800E+018   7.25295216410001586382E+001
      3056   2.41486787857775052800E+018   7.25294933069738334552E+001
      3057   2.41473555895569561600E+018   7.25218026290719990357E+001
      3058   2.41470761736569088000E+018   7.25197911474920289265E+001
      3059   2.41485785499588403200E+018   7.25268960109796267943E+001
      3060   2.41447637943555225600E+018   7.25066669387665001523E+001
      3061   2.41452941937119846400E+018   7.25093202657887303531E+001
      3062   2.41443175788363571200E+018   7.25111254281998327542E+001
      3063   2.41452521956555622400E+018   7.25123721630527739990E+001
      3064   2.41438462512752332800E+018   7.25047783937301488777E+001
      3065   2.41440811323201894400E+018   7.25064353306248250419E+001
      3066   2.41421681622167859200E+018   7.24920390760377131301E+001
      3067   2.41416905101922150400E+018   7.24911553083411348553E+001
      3068   2.41378735378671462400E+018   7.24790399875920456907E+001
      3069   2.41390441684180070400E+018   7.24767170451258806452E+001
      3070   2.41385815811195136000E+018   7.24774872874351672181E+001
      3071   2.41393986614957414400E+018   7.24799291931120563959E+001
      3072   2.41364227314247526400E+018   7.24675441688446539956E+001
      3073   2.41344258228632934400E+018   7.24548236026539029808E+001
      3074   2.41356377821357414400E+018   7.24583795815864846190E+001
      3075   2.41317294406276198400E+018   7.24446076353819421456E+001
      3076   2.41348782042131456000E+018   7.24573640195175130430E+001
      3077   2.41342915443888844800E+018   7.24539808109716432227E+001
      3078   2.41326426086635673600E+018   7.24474515347307601587E+001
      3079   2.41302966093517209600E+018   7.24359666114245612789E+001
      3080   2.41306340544265267200E+018   7.24372218869605006830E+001
      3081   2.41304132627820134400E+018   7.24351829964505355974E+001
      3082   2.41304595318395699200E+018   7.24290036246467963110E+001
      3083   2.41316217908827750400E+018   7.24376307729498307708E+001
      3084   2.41294835304831027200E+018   7.24279818661624545939E+001
      3085   2.41264892157933824000E+018   7.24095313259993105248E+001
      3086   2.41261115547986534400E+018   7.24125498964429112903E+001
      3087   2.41264638469753804800E+018   7.24132875029661846611E+001
      3088   2.41269978027175987200E+018   7.24065364337665329231E+001
      3089   2.41241006532733491200E+018   7.23969789393780587261E+001
      3090   2.41240645807407923200E+018   7.23986813037326868425E+001
      3091   2.41233664309194137600E+018   7.23967945170020357182E+001
      3092   2.41218003907404851200E+018   7.23906348256038683076E+001
      3093   2.41199566335720550400E+018   7.23781763904966339851E+001
      3094   2.41189344814603264000E+018   7.23735474728029259950E+001
      3095   2.41180892844817664000E+018   7.23678918981530472365E+001
      3096   2.41158681996009062400E+018   7.23602903201476692630E+001
      3097   2.40073485917352601600E+018   7.17784607241586769533E+001
      3098   2.40059539725789798400E+018   7.17649747461312159658E+001
      3099   2.40075842320275916800E+018   7.17759311249571112512E+001
      3100   2.40041946847606169600E+018   7.17613876450348158187E+001
      3101   2.40028311068938905600E+018   7.17545897494246531778E+001
      3102   2.40029319101183283200E+018   7.17547216436366852577E+001
      3103   2.40015230388948070400E+018   7.17435575605245929864E+001
      3104   2.40009266836045772800E+018   7.17424606902836217159E+001
      3105   2.40002900680492441600E+018   7.17398629956655469186E+001
      3106   2.39971804064859699200E+018   7.17244383564975436229E+001
      3107   2.39990446537347635200E+018   7.17307233088560423084E+001
      3108   2.39993723819923097600E+018   7.17315396893703081105E+001
      3109   2.39963356445754880000E+018   7.17140416958214501619E+001
      3110   2.39983610256383027200E+018   7.17290793083884636872E+001
      3111   2.39968948441875507200E+018   7.17228939953283060049E+001
      3112   2.39946422743670476800E+018   7.17060409405239198577E+001
      3113   2.39950990425692467200E+018   7.17095886606731198754E+001
      3114   2.39949819103146137600E+018   7.17077149123626469418E+001
      3115   2.39943652901906124800E+018   7.17123483505605605615E+001
      3116   2.39910559126109388800E+018   7.16844851294965934585E+001
      3117   2.39906519586101606400E+018   7.16855284590656793853E+001
      3118   2.39903316779967078400E+018   7.16842696749888403929E+001
      3119   2.39881115523397068800E+018   7.16751272319362442431E+001
      3120   2.39902703643341977600E+018   7.16840957955695330384E+001
      3121   2.39892929769142835200E+018   7.16752755424753331681E+001
      3122   2.39888735508684390400E+018   7.16775901428336368326E+001
      3123   2.39878679181638758400E+018   7.16674769116355463439E+001
      3124   2.39878079781835776000E+018   7.16711239507202435561E+001
      3125   2.39866802740056473600E+018   7.16643251836589030290E+001
      3126   2.39853166604752076800E+018   7.16578930111183893814E+001
      3127   2.39851668279282790400E+018   7.16615244819465289083E+001
      3128   2.39831230523674368000E+018   7.16480130839876778737E+001
      3129   2.39827388273398220800E+018   7.16487089151772238438E+001
      3130   2.39831860980940185600E+018   7.16508024818675579581E+001
      3131   2.39818350743935180800E+018   7.16440860600608147024E+001
      3132   2.39824741679455385600E+018   7.16458154772696076407E+001
      3133   2.39809013443534848000E+018   7.16373341004777017815E+001
      3134   2.39806794058622412800E+018   7.16362607333439171953E+001
      3135   2.39796931855644979200E+018   7.16309072252589373875E+001
      3136   2.39777918338614988800E+018   7.16245703775714162020E+001
      3137   2.39775316006544486400E+018   7.16248646392577796860E+001
      3138   2.39775683062347724800E+018   7.16220296283443502716E+001
      3139   2.39781659042188032000E+018   7.16263501670409539202E+001
      3140   2.39763070159098316800E+018   7.16151963381883547299E+001
      3141   2.39743255595665664000E+018   7.16077075776263427542E+001
      3142   2.39735491922159923200E+018   7.15993716860253357481E+001
      3143   2.39727068512909363200E+018   7.15971957170318944463E+001
      3144   2.39735226115039846400E+018   7.16033351136187548036E+001
      3145   2.39717181531899392000E+018   7.15934749181213163638E+001
      3146   2.39726200264075827200E+018   7.15956642757602139682E+001
      3147   2.39692901330048358400E+018   7.15835233279866400835E+001
      3148   2.39735779416073625600E+018   7.16023940865086956364E+001
      3149   2.39706749485752729600E+018   7.15907503609872861716E+001
      3150   2.39674010523455488000E+018   7.15730982664677384264E+001
      3151   2.39670523300245657600E+018   7.15721226483954495734E+001
      3152   2.39669552977364992000E+018   7.15756665391980533286E+001
      3153   2.39662862420580915200E+018   7.15665235915787292242E+001
      3154   2.39692149846862336000E+018   7.15838924681429347174E+001
      3155   2.39677099928325478400E+018   7.15761078441267812877E+001
      3156   2.39638826387361433600E+018   7.15555944599699955688E+001
      3157   2.39593014525844992000E+018   7.15322184479994547246E+001
      3158   2.39630970980091392000E+018   7.15513954685252002719E+001
      3159   2.39617622316102092800E+018   7.15442333698917281026E+001
      3160   2.39617453196243763200E+018   7.15468526030749245592E+001
      3161   2.39599052534102681600E+018   7.15371297918278372663E+001
      3162   2.39592164756275712000E+018   7.15330676829853473464E+001
      3163   2.39566245569147136000E+018   7.15216425364799874842E+001
      3164   2.39602532770345062400E+018   7.15388840390104263633E+001
      3165   2.39576695036408576000E+018   7.15247124539316274650E+001
      3166   2.39560038500303616000E+018   7.15165520316693914538E+001
      3167   2.39568617671822489600E+018   7.15219984097530385725E+001
      3168   2.39587401151580006400E+018   7.15324273888390962384E+001
      3169   2.39557816005278361600E+018   7.15119334565279558547E+001
      3170   2.39581440085900185600E+018   7.15266767386141708585E+001
      3171   2.39550641460879155200E+018   7.15118856641104656546E+001
      3172   2.39580583492515481600E+018   7.15267675280230577073E+001
      3173   2.39582727828559718400E+018   7.15276941213459309665E+001
      3174   2.39561313508107929600E+018   7.15151237667629828820E+001
      3175   2.39555062783111372800E+018   7.15112671439232769899E+001
      3176   2.39573567987750195200E+018   7.15206049968646198067E+001
      3177   2.39608246874669516800E+018   7.15389426171261249010E+001
      3178   2.39573921567575859200E+018   7.15199100178663513816E+001
      3179   2.39611611385264384000E+018   7.15402703704807976237E+001
      3180   2.39580464342051430400E+018   7.15204943336542555699E+001
      3181   2.39558575471900928000E+018   7.15101215052982723819E+001
      3182   2.39596606046908364800E+018   7.15325910577969352744E+001
      3183   2.39618316713749248000E+018   7.15421910199119821527E+001
      3184   2.39609323573966592000E+018   7.15367497703555841326E+001
      3185   2.39618347536488294400E+018   7.15408304564854802265E+001
      3186   2.39601937280123084800E+018   7.15306696707319957795E+001
      3187   2.39628750172905216000E+018   7.15451764846554283395E+001
      3188   2.39648966672323174400E+018   7.15593518147954199549E+001
      3189   2.39668530761405491200E+018   7.15671742141023514705E+001
      3190   2.39659265446217830400E+018   7.15634145306473641313E+001
      3191   2.39681130073689395200E+018   7.15730881444637958566E+001
      3192   2.39695170739746713600E+018   7.15803813285367169783E+001
      3193   2.39655800717886566400E+018   7.15627674658361030424E+001
      3194   2.39706816454176307200E+018   7.15861512249875886482E+001
      3195   2.39683960028231219200E+018   7.15778984512658240646E+001
      3196   2.39696162002441420800E+018   7.15827726526383258943E+001
      3197   2.39720395649852262400E+018   7.15939999943160643170E+001
      3198   2.39745927862669619200E+018   7.16067406977065985529E+001
      3199   2.39738396410131660800E+018   7.16042845707365955832E+001
      3200   2.39747712842792294400E+018   7.16102743015708114172E+001
      3201   2.39771431666411776000E+018   7.16203767163900408832E+001
      3202   2.39791513456836864000E+018   7.16304955062273194244E+001
      3203   2.39786695545044838400E+018   7.16299552613870105233E+001
      3204   2.39773523599524096000E+018   7.16217835498130312999E+001
      3205   2.39793308523829862400E+018   7.16338905840577382378E+001
      3206   2.39800406945499545600E+018   7.16367236722915521341E+001
      3207   2.39804517936299059200E+018   7.16392786382590429639E+001
      3208   2.39817829398223104000E+018   7.16459316404627912789E+001
      3209   2.39830320086035865600E+018   7.16494724516196157538E+001
      3210   2.39843764940101427200E+018   7.16580465971419329207E+001
      3211   2.39852266340422400000E+018   7.16615232994819280066E+001
      3212   2.39853290481477836800E+018   7.16635414798281402682E+001
      3213   2.39857339781264384000E+018   7.16661699560045946100E+001
      3214   2.39870837368563251200E+018   7.16732458990780543218E+001
      3215   2.39876026270230220800E+018   7.16742507149148053713E+001
      3216   2.39867220039250790400E+018   7.16711012097926243314E+001
      3217   2.39897595235455795200E+018   7.16864610222673519502E+001
      3218   2.39888888719527475200E+018   7.16806570504324298554E+001
      3219   2.39898174770975078400E+018   7.16871733240601116677E+001
      3220   2.39914363597832345600E+018   7.16950805432533115891E+001
      3221   2.39906872696083558400E+018   7.16908024390424429839E+001
      3222   2.39928542786324838400E+018   7.17021739430371241042E+001
      3223   2.39944471035254886400E+018   7.17111962482902214333E+001
      3224   2.39929358527988531200E+018   7.17018694758986612214E+001
      3225   2.39955703410600960000E+018   7.17156841115795060659E+001
      3226   2.39953522745063936000E+018   7.17148599509800277474E+001
      3227   2.39970182084003072000E+018   7.17221917318686763565E+001
      3228   2.39969830544988723200E+018   7.17232550569936080365E+001
      3229   2.39969627649159526400E+018   7.17237402788118743047E+001
      3230   2.39993501125376716800E+018   7.17359113795954073112E+001
      3231   2.39986175063170252800E+018   7.17315355609053710850E+001
      3232   2.39991003686743910400E+018   7.17342094406430845765E+001
      3233   2.40004408441172992000E+018   7.17410345792322488023E+001
      3234   2.40004531861717708800E+018   7.17417643682254748683E+001
      3235   2.40013749665750118400E+018   7.17465031772830315049E+001
      3236   2.40025702599122841600E+018   7.17532464416908766225E+001
      3237   2.40036744758966476800E+018   7.17580479515562927872E+001
      3238   2.40044975079802419200E+018   7.17628091923911455297E+001
      3239   2.40050570608928153600E+018   7.17657572511400587700E+001
      3240   2.40057183560184422400E+018   7.17690208991503340030E+001
      3241   2.40066059524222566400E+018   7.17734660632272749581E+001
      3242   2.40073238814878003200E+018   7.17775725920010216896E+001
      3243   2.40084339356030668800E+018   7.17829250473131708077E+001
      3244   2.40092161508601497600E+018   7.17867304570116147033E+001
      3245   2.40101248680909004800E+018   7.17913298139340554371E+001
      3246   2.40109531257024153600E+018   7.17956622527227779074E+001
      3247   2.40119251418308454400E+018   7.18008303086424319872E+001
      3248   2.40127370697192908800E+018   7.18047001297468767689E+001
      3249   2.40134485872336947200E+018   7.18081335089449908082E+001
      3250   2.40143386312492083200E+018   7.18127985846641081480E+001
      3251   2.40158090261331097600E+018   7.18202922222950377318E+001
      3252   2.40162468199038771200E+018   7.18224873677220898571E+001
      3253   2.40173424555535616000E+018   7.18284306264965977107E+001
      3254   2.40179283773633126400E+018   7.18309061908019117482E+001
      3255   2.40181608746805248000E+018   7.18316798303625603239E+001
      3256   2.40193656205526784000E+018   7.18375445025264411925E+001
      3257   2.40199116019576320000E+018   7.18410490269282320241E+001
      3258   2.40211442086691020800E+018   7.18474225315805625769E+001
      3259   2.40220236376154009600E+018   7.18517656095682610840E+001
      3260   2.40226337297163571200E+018   7.18545446238398000105E+001
      3261   2.40231771436842035200E+018   7.18572399358736930708E+001
      3262   2.40237688507954841600E+018   7.18596691919983783237E+001
      3263   2.40255277572938803200E+018   7.18686345194718256835E+001
      3264   2.40258714746327040000E+018   7.18702751085382516294E+001
      3265   2.40258967179518515200E+018   7.18716622105590943193E+001
      3266   2.40258829618508544000E+018   7.18706584607487144467E+001
      3267   2.40264544419047475200E+018   7.18737487518441469092E+001
      3268   2.40282536373555404800E+018   7.18821048843257273120E+001
      3269   2.40277820402508339200E+018   7.18801485038127054850E+001
      3270   2.40307300732361625600E+018   7.18944566740131989491E+001
      3271   2.40309528011345408000E+018   7.18955893422435536877E+001
      3272   2.40328589485249126400E+018   7.19049024146468127583E+001
      3273   2.40316653849845350400E+018   7.18997430231996474959E+001
      3274   2.40347003325357977600E+018   7.19154281881310453173E+001
      3275   2.40341835941749811200E+018   7.19122055944097269276E+001
      3276   2.40332975654126745600E+018   7.19089246038591056731E+001
      3277   2.40346896609338265600E+018   7.19158531234601241522E+001
      3278   2.40377917647610931200E+018   7.19289077569651311705E+001
      3279   2.40378431058814924800E+018   7.19315425249219515536E+001
      3280   2.40383907614161612800E+018   7.19352660919686144325E+001
      3281   2.40401438432937728000E+018   7.19426438966050767476E+001
      3282   2.40410511406472908800E+018   7.19496725393734806175E+001
      3283   2.40405384460055040000E+018   7.19443915851995399180E+001
      3284   2.40420687042248243200E+018   7.19547290526526808208E+001
      3285   2.40449937343974348800E+018   7.19687782569217660011E+001
      3286   2.40445785497623910400E+018   7.19662834596775127238E+001
      3287   2.40430631216052736000E+018   7.19574115415728812195E+001
      3288   2.40479479320135833600E+018   7.19799096923100734102E+001
      3289   2.40445817711177676800E+018   7.19678717063368225126E+001
      3290   2.40499408262347212800E+018   7.19931141946183146274E+001
      3291   2.40492345832622796800E+018   7.19921364729552522022E+001
      3292   2.40479594798475212800E+018   7.19839144155163239702E+001
      3293   2.40526859588788121600E+018   7.20071077987934700104E+001
      3294   2.40499214733623705600E+018   7.19924879855155523956E+001
      3295   2.40533194019225036800E+018   7.20103350876058243557E+001
      3296   2.40542993635824947200E+018   7.20173470428575086544E+001
      3297   2.40565775901119078400E+018   7.20307088415224541222E+001
      3298   2.40577261600155289600E+018   7.20341498263212969277E+001
      3299   2.40565700963636992000E+018   7.20276170913383708694E+001
      3300   2.40546814508877977600E+018   7.20171071842672887442E+001
      3301   2.40547218023133900800E+018   7.20192199793105345407E+001
      3302   2.40587247925424076800E+018   7.20378815708089632608E+001
      3303   2.40568524248746803200E+018   7.20284516642495304950E+001
      3304   2.40617010299205939200E+018   7.20532661930399882522E+001
      3305   2.40640850054911283200E+018   7.20642546054209134354E+001
      3306   2.40614629909856256000E+018   7.20533861576063827670E+001
      3307   2.40607058297901824000E+018   7.20495904384285239530E+001
      3308   2.40618140508935219200E+018   7.20514412745340422362E+001
      3309   2.40635052669332275200E+018   7.20656046515840813527E+001
      3310   2.40627979973685452800E+018   7.20581913620605263304E+001
      3311   2.40605785133609164800E+018   7.20511896304332424279E+001
      3312   2.40647608450936832000E+018   7.20693317547115270827E+001
      3313   2.40607549723715942400E+018   7.20483605845025323333E+001
      3314   2.40624258205697433600E+018   7.20561129486051186177E+001
      3315   2.40624090294487705600E+018   7.20605598228074057943E+001
      3316   2.40622252583010918400E+018   7.20537160409804755545E+001
      3317   2.40634315646253875200E+018   7.20614850746582220609E+001
      3318   2.40592049739394406400E+018   7.20414222389140945779E+001
      3319   2.40615907367546419200E+018   7.20540000762579069260E+001
      3320   2.40641199686433894400E+018   7.20661104488107326915E+001
      3321   2.40612303731163289600E+018   7.20491793276686678382E+001
      3322   2.40589791901839104000E+018   7.20407298725600924172E+001
      3323   2.40602874890616729600E+018   7.20491184400398907428E+001
      3324   2.40612691634908211200E+018   7.20502647957140140988E+001
      3325   2.40562793078968729600E+018   7.20276863386443864101E+001
      3326   2.40589831045295206400E+018   7.20384300641556478695E+001
      3327   2.40575022917740032000E+018   7.20313172973212800798E+001
      3328   2.40578191889082265600E+018   7.20317489179430907598E+001
      3329   2.40560178398729676800E+018   7.20241377150312729327E+001
      3330   2.40533475841339904000E+018   7.20106361272088690839E+001
      3331   2.40538739182307635200E+018   7.20126616178301190985E+001
      3332   2.40528285918808217600E+018   7.20121003862384014838E+001
      3333   2.40546073758245017600E+018   7.20209667259624239932E+001
      3334   2.40526315469594316800E+018   7.20085330406202359654E+001
      3335   2.40509436067075225600E+018   7.19984409574547470356E+001
      3336   2.40528008093131008000E+018   7.20077640286214091248E+001
      3337   2.40510840767607244800E+018   7.20015720614917995590E+001
      3338   2.40468308305117644800E+018   7.19808962842267163751E+001
      3339   2.40478296096418764800E+018   7.19836879584142650401E+001
      3340   2.40494374941050828800E+018   7.19935616217941145578E+001
      3341   2.40470020998493542400E+018   7.19830029709031720131E+001
      3342   2.40469216388926566400E+018   7.19787499944304158817E+001
      3343   2.40488399063352934400E+018   7.19892503822626395049E+001
      3344   2.40463092961284300800E+018   7.19819663883311022801E+001
      3345   2.40435975262818252800E+018   7.19668439841906462107E+001
      3346   2.40423980923443200000E+018   7.19572469676682970885E+001
      3347   2.40422061040763084800E+018   7.19573749781301330586E+001
      3348   2.40411605435693260800E+018   7.19520328132419990652E+001
      3349   2.40423127389816115200E+018   7.19570413584979604593E+001
      3350   2.40405908051319552000E+018   7.19480277523314839527E+001
      3351   2.40413034130885990400E+018   7.19543263450357954980E+001
      3352   2.40401345341207859200E+018   7.19434239741944736579E+001
      3353   2.40406174441157683200E+018   7.19461842360726535617E+001
      3354   2.40374500297583360000E+018   7.19297490497728659875E+001
      3355   2.40374721953797836800E+018   7.19326454139379478647E+001
      3356   2.40356267675068979200E+018   7.19209480304678692164E+001
      3357   2.40356254576328192000E+018   7.19241357907030902652E+001
      3358   2.40342874602418176000E+018   7.19183077970994304451E+001
      3359   2.40349633269341593600E+018   7.19179214583964494523E+001
      3360   2.40350763018365593600E+018   7.19242522090831783999E+001
      3361   2.40338355754512998400E+018   7.19167066767958118589E+001
      3362   2.40333044403713228800E+018   7.19141192816972534274E+001
      3363   2.40348225090615244800E+018   7.19167309052879488718E+001
      3364   2.40313629993200537600E+018   7.19063840449558284718E+001
      3365   2.40292899217992550400E+018   7.18942808741322636479E+001
      3366   2.40301812068340838400E+018   7.18993412131915192731E+001
      3367   2.40299596923084390400E+018   7.18959078861613249956E+001
      3368   2.40278675641632768000E+018   7.18867273393843504437E+001
      3369   2.40285077021195878400E+018   7.18848609541124119460E+001
      3370   2.40257016074128076800E+018   7.18788170171348070880E+001
      3371   2.40249589621643366400E+018   7.18706695700575011188E+001
      3372   2.40241483632570982400E+018   7.18655209804134926799E+001
      3373   2.40241620632688793600E+018   7.18655953652354639871E+001
      3374   2.40247542238911897600E+018   7.18682348190081086159E+001
      3375   2.40233521488158464000E+018   7.18597004369199510165E+001
      3376   2.40220030496590899200E+018   7.18548018066518494606E+001
      3377   2.40219328998387200000E+018   7.18461595811660771460E+001
      3378   2.40218800945217024000E+018   7.18455987780220795003E+001
      3379   2.40213657248114739200E+018   7.18470380179803100873E+001
      3380   2.40206855966856857600E+018   7.18348034290711439098E+001
      3381   2.40205203553998899200E+018   7.18393675476945787750E+001
      3382   2.40171770389364633600E+018   7.18196423920491184845E+001
      3383   2.40155691091722035200E+018   7.18142002823553582402E+001
      3384   2.40180567113551616000E+018   7.18271085354571852122E+001
      3385   2.40161939751550310400E+018   7.18177229085897721461E+001
      3386   2.40165575667257292800E+018   7.18187197569287292254E+001
      3387   2.40139791088288256000E+018   7.18083200320704833075E+001
      3388   2.40118860406038579200E+018   7.17992929554263383807E+001
      3389   2.40122505940122316800E+018   7.17961657531061518966E+001
      3390   2.40117743954416998400E+018   7.17973915528482393711E+001
      3391   2.40095560260538214400E+018   7.17873720026551609408E+001
      3392   2.40102683450521958400E+018   7.17928521097053504718E+001
      3393   2.39033051604382464000E+018   7.11869861322857531150E+001
      3394   2.39033814823507712000E+018   7.11857406153832101836E+001
      3395   2.39043341668472780800E+018   7.11905621163662658546E+001
      3396   2.39028991388794521600E+018   7.11823505768050210918E+001
      3397   2.39014850694389043200E+018   7.11770900898301732695E+001
      3398   2.39022413744948070400E+018   7.11791318511781128109E+001
      3399   2.38996807152028672000E+018   7.11605676386984526971E+001
      3400   2.38994569831773491200E+018   7.11602052698517724139E+001
      3401   2.38971429137086259200E+018   7.11507540336107666690E+001
      3402   2.38996366536182528000E+018   7.11588315711426275811E+001
      3403   2.38985490958170009600E+018   7.11596418062186444331E+001
      3404   2.38954605132514457600E+018   7.11425416137130497418E+001
      3405   2.38959169590702284800E+018   7.11464954470027635125E+001
      3406   2.38967885949267712000E+018   7.11467989711410950804E+001
      3407   2.38957370938343014400E+018   7.11414883442835304095E+001
      3408   2.38941555909320960000E+018   7.11366504893213829064E+001
      3409   2.38938298208889702400E+018   7.11280408979611138420E+001
      3410   2.38953160184214169600E+018   7.11369937140922417029E+001
      3411   2.38915953436774553600E+018   7.11272262341623076054E+001
      3412   2.38904878489074585600E+018   7.11113317252926435685E+001
      3413   2.38901375578737612800E+018   7.11114316080128645581E+001
      3414   2.38889196714754969600E+018   7.11094895335354522103E+001
      3415   2.38892500462483251200E+018   7.11106824204133118883E+001
      3416   2.38890196447691468800E+018   7.11060012966065784212E+001
      3417   2.38879064015563776000E+018   7.11000364840752325790E+001
      3418   2.38866610954067763200E+018   7.10981332496867679538E+001
      3419   2.38863118279722240000E+018   7.10930420367646860313E+001
      3420   2.38858198548989491200E+018   7.10927912185093333619E+001
      3421   2.38827314002381363200E+018   7.10778427648452293397E+001
      3422   2.38844934647587020800E+018   7.10819061331088022371E+001
      3423   2.38840356803054694400E+018   7.10857665620973051546E+001
      3424   2.38813515697204838400E+018   7.10730604907145817606E+001
      3425   2.38793463439067750400E+018   7.10586431611379083506E+001
      3426   2.38817102388362291200E+018   7.10702798485222331237E+001
      3427   2.38811251682157465600E+018   7.10734089154301926783E+001
      3428   2.38787474748482457600E+018   7.10599189731948257531E+001
      3429   2.38796228465626572800E+018   7.10595867673260528363E+001
      3430   2.38781734976043520000E+018   7.10577922029364117407E+001
      3431   2.38772124477627392000E+018   7.10509039490154634677E+001
      3432   2.38767625402041395200E+018   7.10499873240548822650E+001
      3433   2.38752828580560537600E+018   7.10414334883597291537E+001
      3434   2.38764557304686233600E+018   7.10471878865427868277E+001
      3435   2.38741908832987136000E+018   7.10357499391146660628E+001
      3436   2.38727930754244300800E+018   7.10273891651702484751E+001
      3437   2.38741854968125235200E+018   7.10369791159702685945E+001
      3438   2.38749958490911846400E+018   7.10418833985605857606E+001
      3439   2.38718485378940364800E+018   7.10234212314816915068E+001
      3440   2.38701571221918259200E+018   7.10122313215202325409E+001
      3441   2.38690209809299558400E+018   7.10101135267291994069E+001
      3442   2.38708707859164364800E+018   7.10206052719621965252E+001
      3443   2.38700336405490585600E+018   7.10151840360888826353E+001
      3444   2.38694716496717004800E+018   7.10105071175081832280E+001
      3445   2.38663599731085107200E+018   7.09946149052057648987E+001
      3446   2.38691555067588147200E+018   7.10125731694043054176E+001
      3447   2.38651991564315801600E+018   7.09907527248257679275E+001
      3448   2.38648475016275609600E+018   7.09916337200530165319E+001
      3449   2.38606997049049907200E+018   7.09689812919420006665E+001
      3450   2.38665039116325529600E+018   7.09991746713201763441E+001
      3451   2.38619797364228454400E+018   7.09758158168463069160E+001
      3452   2.38621568993344665600E+018   7.09774128977437186450E+001
      3453   2.38615072996073932800E+018   7.09772521093803874237E+001
      3454   2.38614138918341529600E+018   7.09739823307227624127E+001
      3455   2.38605988922362726400E+018   7.09718670516375169655E+001
      3456   2.38629732450821990400E+018   7.09832646634415880271E+001
      3457   2.38587788533071360000E+018   7.09594950075795480871E+001
      3458   2.38587619151351910400E+018   7.09620129869348232887E+001
      3459   2.38591884590644224000E+018   7.09605959775673937884E+001
      3460   2.38578703982939648000E+018   7.09548992286080277836E+001
      3461   2.38563307584969625600E+018   7.09497690425035898443E+001
      3462   2.38579422955870054400E+018   7.09535628359656698194E+001
      3463   2.38552732339696486400E+018   7.09428421346235751344E+001
      3464   2.38572257395216588800E+018   7.09532760178777834881E+001
      3465   2.38546416126004377600E+018   7.09391529945746555086E+001
      3466   2.38545365965534259200E+018   7.09378142121957608879E+001
      3467   2.38528541416333414400E+018   7.09287743218009012480E+001
      3468   2.38558046680142540800E+018   7.09458999613009666518E+001
      3469   2.38535691221163008000E+018   7.09345736881000306084E+001
      3470   2.38580752712453478400E+018   7.09532151478022683477E+001
      3471   2.38559568670302515200E+018   7.09429649706283527166E+001
      3472   2.38564498160467302400E+018   7.09485631245799623912E+001
      3473   2.38560750978212147200E+018   7.09471819726898047520E+001
      3474   2.38556280971536742400E+018   7.09428581297763685143E+001
      3475   2.38604143626240358400E+018   7.09652136713545900193E+001
      3476   2.38575319110315980800E+018   7.09516478387034936759E+001
      3477   2.38593567885907814400E+018   7.09597095693337678313E+001
      3478   2.38583232780753100800E+018   7.09551423578836732986E+001
      3479   2.38590047974093107200E+018   7.09582602422528196939E+001
      3480   2.38606955879836774400E+018   7.09665149435177795567E+001
      3481   2.38597904442703718400E+018   7.09594111540090892731E+001
      3482   2.38610085020809932800E+018   7.09624596069110680219E+001
      3483   2.38613251780664064000E+018   7.09669031253773567869E+001
      3484   2.38642493565082675200E+018   7.09843583751887905464E+001
      3485   2.38653748183827660800E+018   7.09894356679972844404E+001
      3486   2.38666867732363724800E+018   7.09942354975898410885E+001
      3487   2.38666228302697676800E+018   7.09955958891753624584E+001
      3488   2.38667117655234867200E+018   7.09964967581407080388E+001
      3489   2.38692189490147225600E+018   7.10109787645070156259E+001
      3490   2.38673952855147008000E+018   7.10020465301625307575E+001
      3491   2.38684115377221939200E+018   7.10060100995793703760E+001
      3492   2.38698561202993408000E+018   7.10108167021398770657E+001
      3493   2.38705541950139494400E+018   7.10162409750555383425E+001
      3494   2.38748155403186329600E+018   7.10384760814474844892E+001
      3495   2.38716129373729075200E+018   7.10239899993129313316E+001
      3496   2.38752476171608780800E+018   7.10420977425777664394E+001
      3497   2.38743890913379481600E+018   7.10385432109581955729E+001
      3498   2.38751917536684748800E+018   7.10429361138193229408E+001
      3499   2.38782552455011072000E+018   7.10572991987386188839E+001
      3500   2.38770720292412416000E+018   7.10531197956065199151E+001
      3501   2.38791198856805222400E+018   7.10619883200058524153E+001
      3502   2.38783411233922816000E+018   7.10577933338236675809E+001
      3503   2.38806045925095526400E+018   7.10709164954498220368E+001
      3504   2.38812734850857011200E+018   7.10726381625592580349E+001
      3505   2.38810687805917030400E+018   7.10723557294948165008E+001
      3506   2.38809662095286528000E+018   7.10702686825435563378E+001
      3507   2.38812316809836236800E+018   7.10724997680468817407E+001
      3508   2.38822533585447680000E+018   7.10775621654171771979E+001
      3509   2.38838610246631321600E+018   7.10879365108460774536E+001
      3510   2.38838803570952755200E+018   7.10855765741728617968E+001
      3511   2.38857229367802214400E+018   7.10952123896408352266E+001
      3512   2.38876321045476249600E+018   7.11049507408555996335E+001
      3513   2.38872003532463462400E+018   7.11032957254463440222E+001
      3514   2.38867597939254425600E+018   7.11003279577944766743E+001
      3515   2.38891091230202982400E+018   7.11128260698717866717E+001
      3516   2.38886017696639027200E+018   7.11119542327119660285E+001
      3517   2.38890251657743155200E+018   7.11147973277377758450E+001
      3518   2.38908047648858470400E+018   7.11230095444933141380E+001
      3519   2.38906441377901516800E+018   7.11214947242963404506E+001
      3520   2.38924678288969420800E+018   7.11315634542979182697E+001
      3521   2.38932529191068364800E+018   7.11348826545889068029E+001
      3522   2.38937321498873804800E+018   7.11382072965491545347E+001
      3523   2.38943006001707059200E+018   7.11412125938458359542E+001
      3524   2.38951701959677491200E+018   7.11459614181130177712E+001
      3525   2.38958771112419123200E+018   7.11490861621906987011E+001
      3526   2.38956605340596838400E+018   7.11487519234614751440E+001
      3527   2.38972051573793331200E+018   7.11564433464196639534E+001
      3528   2.38980318492608614400E+018   7.11601397548301974894E+001
      3529   2.38970883343920281600E+018   7.11557659561515549740E+001
      3530   2.38987749318345472000E+018   7.11644409045554340310E+001
      3531   2.38996223141554278400E+018   7.11686343574406805601E+001
      3532   2.38998283091612723200E+018   7.11696324196394982664E+001
      3533   2.39004304753788518400E+018   7.11731452492871170534E+001
      3534   2.39014064333496524800E+018   7.11786985989059388658E+001
      3535   2.39021972644111667200E+018   7.11829370497162443598E+001
      3536   2.39028268031436492800E+018   7.11858391218240313947E+001
      3537   2.39036934691453491200E+018   7.11910318954861764951E+001
      3538   2.39044575528772608000E+018   7.11951699234729176169E+001
      3539   2.39051114229117696000E+018   7.11983542896220029661E+001
      3540   2.39061145906749593600E+018   7.12034027967761034006E+001
      3541   2.39068909902532403200E+018   7.12074234293813361774E+001
      3542   2.39078093577072537600E+018   7.12121919918489112433E+001
      3543   2.39084531211368345600E+018   7.12156965148931249132E+001
      3544   2.39093757254658099200E+018   7.12204702965855886987E+001
      3545   2.39103566051258572800E+018   7.12253477056369348475E+001
      3546   2.39110102712189900800E+018   7.12284592632933595269E+001
      3547   2.39119845313056051200E+018   7.12337847194349222946E+001
      3548   2.39130509961469132800E+018   7.12388510080655663614E+001
      3549   2.39136561193696921600E+018   7.12416757920023684392E+001
      3550   2.39156911518637721600E+018   7.12522485613631175738E+001
      3551   2.39150560840199475200E+018   7.12485301889375506335E+001
      3552   2.39158606640450918400E+018   7.12519638156917380911E+001
      3553   2.39163274262162534400E+018   7.12551735012918214807E+001
      3554   2.39172653438220390400E+018   7.12593309226720492688E+001
      3555   2.39172556059070105600E+018   7.12593779638983733093E+001
      3556   2.39180176945322598400E+018   7.12625227547317336985E+001
      3557   2.39193717323210393600E+018   7.12694524444411996456E+001
      3558   2.39197224048608768000E+018   7.12725338497223219747E+001
      3559   2.39210630177993881600E+018   7.12779756113609010981E+001
      3560   2.39201282636122009600E+018   7.12735498592933822692E+001
      3561   2.39220993835122841600E+018   7.12841026575551381939E+001
      3562   2.39233422684585216000E+018   7.12892050968713419934E+001
      3563   2.39229783669130956800E+018   7.12885869233672764267E+001
      3564   2.39243568529834240000E+018   7.12958712775157863462E+001
      3565   2.39261866321871104000E+018   7.13046478773919574223E+001
      3566   2.39263621396956774400E+018   7.13049040338044761711E+001
      3567   2.39270720835862323200E+018   7.13102125311181396228E+001
      3568   2.39272604454876006400E+018   7.13117903170803657531E+001
      3569   2.39281805540924569600E+018   7.13158745385272112571E+001
      3570   2.39298095912029696000E+018   7.13227717723402179217E+001
      3571   2.39287271392406374400E+018   7.13182397722753194103E+001
      3572   2.39315635899360819200E+018   7.13341059778176855843E+001
      3573   2.39321757086560204800E+018   7.13363892985386911505E+001
      3574   2.39317990050742732800E+018   7.13349406285702798414E+001
      3575   2.39333303017768908800E+018   7.13416285964842273870E+001
      3576   2.39323237156434380800E+018   7.13376179115713426881E+001
      3577   2.39354525515519795200E+018   7.13548858721362648794E+001
      3578   2.39378950883702476800E+018   7.13664045069402703803E+001
      3579   2.39372419683389952000E+018   7.13653900959802314219E+001
      3580   2.39379357726791219200E+018   7.13667488150940698688E+001
      3581   2.39368929708034201600E+018   7.13625424184485694923E+001
      3582   2.39373697830263603200E+018   7.13641343677778792198E+001
      3583   2.39420015741061120000E+018   7.13885668478516492996E+001
      3584   2.39397517239985715200E+018   7.13759745021459650616E+001
      3585   2.39408431286202880000E+018   7.13828872816716852867E+001
      3586   2.39426232275351398400E+018   7.13883536146715158566E+001
      3587   2.39410260260326604800E+018   7.13839189963241835812E+001
      3588   2.39448680221079654400E+018   7.14034413056021008970E+001
      3589   2.39459056060569804800E+018   7.14072245638174791793E+001
      3590   2.39457965557029068800E+018   7.14059992331654598274E+001
      3591   2.39476480069547571200E+018   7.14163932169089576973E+001
      3592   2.39477685933076684800E+018   7.14177920859195296543E+001
      3593   2.39511001839960422400E+018   7.14355230387639750234E+001
      3594   2.39486942868791347200E+018   7.14230186987192183778E+001
      3595   2.39511518385976320000E+018   7.14348497316242259103E+001
      3596   2.39502451988497920000E+018   7.14330533389698558722E+001
      3597   2.39511988839928422400E+018   7.14367187209118554847E+001
      3598   2.39519215917210060800E+018   7.14386004149622095838E+001
      3599   2.39544176801301299200E+018   7.14523274795944445259E+001
      3600   2.39541880288693811200E+018   7.14502783580761189342E+001
      3601   2.39555918507401164800E+018   7.14600778078128229254E+001
      3602   2.39542918533926707200E+018   7.14527222345840442586E+001
      3603   2.39594299702550630400E+018   7.14785518139447901831E+001
      3604   2.39546731637463142400E+018   7.14509269409271468021E+001
      3605   2.39576141477471948800E+018   7.14703432988926294911E+001
      3606   2.39552860904476262400E+018   7.14582491715877807792E+001
      3607   2.39549373419466444800E+018   7.14555895251978512306E+001
      3608   2.39586813524524236800E+018   7.14732631005968386262E+001
      3609   2.39590319866200780800E+018   7.14735013177302391796E+001
      3610   2.39578861151329945600E+018   7.14706866596383036949E+001
      3611   2.39581657552377753600E+018   7.14712000603937696042E+001
      3612   2.39588064137227622400E+018   7.14691819680584643493E+001
      3613   2.39612265954415974400E+018   7.14852459675860387733E+001
      3614   2.39572412617797427200E+018   7.14684002608398287748E+001
      3615   2.39575249589925939200E+018   7.14690482858623852280E+001
      3616   2.39583479923564800000E+018   7.14720881050330660855E+001
      3617   2.39578460289706035200E+018   7.14705577498963151584E+001
      3618   2.39601549261745664000E+018   7.14811031097127482781E+001
      3619   2.39573842084060723200E+018   7.14658041285019720590E+001
      3620   2.39582416974309273600E+018   7.14711639937405749379E+001
      3621   2.39569811690763315200E+018   7.14656231622408881776E+001
      3622   2.39524425885784217600E+018   7.14400281766565399266E+001
      3623   2.39544598616950016000E+018   7.14501662638169108277E+001
      3624   2.39553975858176972800E+018   7.14560009527497044246E+001
      3625   2.39537131957356646400E+018   7.14480565347806759746E+001
      3626   2.39476283747988531200E+018   7.14185628284314901748E+001
      3627   2.39521661883271628800E+018   7.14419161575756760385E+001
      3628   2.39493887051242649600E+018   7.14248619103769044614E+001
      3629   2.39502793309393100800E+018   7.14291937513493735423E+001
      3630   2.39497747681246464000E+018   7.14270663969990806663E+001
      3631   2.39492958427676467200E+018   7.14254152425780688418E+001
      3632   2.39470592424094822400E+018   7.14148720972339248192E+001
      3633   2.39469235524979763200E+018   7.14121389880174319842E+001
      3634   2.39463465442112921600E+018   7.14119302325681957200E+001
      3635   2.39460022728975411200E+018   7.14066527458058715183E+001
      3636   2.39450179628486758400E+018   7.14084697219933275392E+001
      3637   2.39454129762150297600E+018   7.14048321749804415504E+001
      3638   2.39433946216904038400E+018   7.13977333700107834602E+001
      3639   2.39428287651302348800E+018   7.13961948924095963775E+001
      3640   2.39442947265784320000E+018   7.14032734317585635608E+001
      3641   2.39413844737259315200E+018   7.13877681342042222923E+001
      3642   2.39367253832172083200E+018   7.13647549335057647113E+001
      3643   2.39402215850878003200E+018   7.13828309918608425733E+001
      3644   2.39407470533893478400E+018   7.13835008188131467932E+001
      3645   2.39376789271172608000E+018   7.13661381957870162296E+001
      3646   2.39391287430867814400E+018   7.13755992700903902914E+001
      3647   2.39397792223542886400E+018   7.13843530609111525109E+001
      3648   2.39347185218613811200E+018   7.13552840162848696082E+001
      3649   2.39367320676157388800E+018   7.13615102456075334203E+001
      3650   2.39338490832076800000E+018   7.13465722302850906544E+001
      3651   2.39343749561298483200E+018   7.13496856739539850878E+001
      3652   2.39335500990435788800E+018   7.13454697102419004295E+001
      3653   2.39321843353973401600E+018   7.13384802413668950294E+001
      3654   2.39341629898647040000E+018   7.13473435122514132445E+001
      3655   2.39317115763413452800E+018   7.13385915387924569586E+001
      3656   2.39302257992353433600E+018   7.13292847888821341940E+001
      3657   2.39312729859045324800E+018   7.13357013434481501690E+001
      3658   2.39294334741673472000E+018   7.13289144017347211957E+001
      3659   2.39266146614556774400E+018   7.13117259516217387727E+001
      3660   2.39309611143487795200E+018   7.13368368665950072227E+001
      3661   2.39280562715856998400E+018   7.13172197532966123390E+001
      3662   2.39270563445142988800E+018   7.13130950792559730189E+001
      3663   2.39253109974628659200E+018   7.13052997528052401321E+001
      3664   2.39255783822942054400E+018   7.13071673666511713918E+001
      3665   2.39264222167577446400E+018   7.13130442498259782269E+001
      3666   2.39266100820566016000E+018   7.13085243640165344914E+001
      3667   2.39224472347768524800E+018   7.12892655991466455134E+001
      3668   2.39244144911318886400E+018   7.13000148329291079108E+001
      3669   2.39216708493918259200E+018   7.12868784749290256286E+001
      3670   2.39214694163231436800E+018   7.12843137622962501609E+001
      3671   2.39229675771376793600E+018   7.12905500443682029754E+001
      3672   2.39207517722336921600E+018   7.12737790012115084437E+001
      3673   2.39198902017643571200E+018   7.12710903666654473909E+001
      3674   2.39206527986240000000E+018   7.12736544896328041432E+001
      3675   2.39195847277804544000E+018   7.12712775600219146099E+001
      3676   2.39185382376914227200E+018   7.12611241173180047781E+001
      3677   2.39176325502491904000E+018   7.12554320049255949243E+001
      3678   2.39165505301353318400E+018   7.12520919638672722840E+001
      3679   2.39159286543074099200E+018   7.12459733923832203573E+001
      3680   2.39152626878901964800E+018   7.12407138637175734175E+001
      3681   2.39135597977737676800E+018   7.12395441263502533502E+001
      3682   2.39128433984879052800E+018   7.12280194873703464964E+001
      3683   2.39124397706923008000E+018   7.12304867253817519668E+001
      3684   2.39132046594907494400E+018   7.12329197255861004123E+001
      3685   2.39110879605616384000E+018   7.12223508364295980755E+001
      3686   2.39100199683261644800E+018   7.12142411277220759303E+001
      3687   2.39080960146321817600E+018   7.12105225288957655039E+001
      3688   2.39098400059364198400E+018   7.12137401413771868874E+001
      3689   2.39073211836533094400E+018   7.12008210578425888571E+001
      3690   2.39074636879679641600E+018   7.12002226388973582516E+001
      3691   2.38106833238575462400E+018   7.06253021170876280621E+001
      3692   2.38081650556103833600E+018   7.06148518350807421484E+001
      3693   2.38083370061377996800E+018   7.06115922752426712350E+001
      3694   2.38061766129079296000E+018   7.06053855481571162045E+001
      3695   2.38048824805866035200E+018   7.05963652911375305621E+001
      3696   2.38042138475486259200E+018   7.05922395902852315430E+001
      3697   2.38033128481752371200E+018   7.05855977010169510777E+001
      3698   2.38033986456539648000E+018   7.05866899317043134943E+001
      3699   2.38029548024322048000E+018   7.05847455150026235060E+001
      3700   2.38015722972437606400E+018   7.05743927970960527318E+001
      3701   2.38023317285495244800E+018   7.05764490707709910566E+001
      3702   2.37999120111631462400E+018   7.05684916289073811413E+001
      3703   2.37981871217502208000E+018   7.05599001946649622141E+001
      3704   2.37990514432063897600E+018   7.05609964025438074486E+001
      3705   2.37982433041823334400E+018   7.05581351741756748197E+001
      3706   2.37965617334284492800E+018   7.05507865750436877761E+001
      3707   2.37980591181645465600E+018   7.05577129201671340297E+001
      3708   2.37954344951199641600E+018   7.05450820711060515578E+001
      3709   2.37947542254266572800E+018   7.05392005981275360682E+001
      3710   2.37945754612835379200E+018   7.05424657494962872306E+001
      3711   2.37962200635166515200E+018   7.05480004989153854922E+001
      3712   2.37916319804744140800E+018   7.05287233865284548529E+001
      3713   2.37920728163955456000E+018   7.05319670454573071083E+001
      3714   2.37920792144188108800E+018   7.05292809284855621854E+001
      3715   2.37906818070651084800E+018   7.05221335567018741131E+001
      3716   2.37914979811533670400E+018   7.05245767144138113736E+001
      3717   2.37895406425934284800E+018   7.05147695604076005793E+001
      3718   2.37901178128471500800E+018   7.05197799800849907115E+001
      3719   2.37888535175519897600E+018   7.05105250208291778335E+001
      3720   2.37886870981433958400E+018   7.05125704622496840557E+001
      3721   2.37859029762207590400E+018   7.04988059739994668007E+001
      3722   2.37855366886191872000E+018   7.04993582791741317806E+001
      3723   2.37836798321950105600E+018   7.04844741563346275370E+001
      3724   2.37844129945314662400E+018   7.04912912087965679575E+001
      3725   2.37825426787655628800E+018   7.04811955922303923217E+001
      3726   2.37813951130611404800E+018   7.04727963985027230365E+001
      3727   2.37837711051013785600E+018   7.04884039248888569773E+001
      3728   2.37832400871238912000E+018   7.04864772544066227056E+001
      3729   2.37798431124096204800E+018   7.04695702767790663756E+001
      3730   2.37805786001950976000E+018   7.04693079017953749599E+001
      3731   2.37799770898554726400E+018   7.04700687113471957446E+001
      3732   2.37804784396029491200E+018   7.04725225547349367616E+001
      3733   2.37783585516711526400E+018   7.04591148514910798895E+001
      3734   2.37786374269200844800E+018   7.04605578471502695947E+001
      3735   2.37765562718053990400E+018   7.04512623144088792060E+001
      3736   2.37764752770950246400E+018   7.04505282430474295552E+001
      3737   2.37743103629433344000E+018   7.04384645848806059121E+001
      3738   2.37747173856328908800E+018   7.04426854043600911837E+001
      3739   2.37742826813725184000E+018   7.04382162418991555342E+001
      3740   2.37732627360791449600E+018   7.04346903555409511455E+001
      3741   2.37737322908305612800E+018   7.04370941653063482590E+001
      3742   2.37716155872700569600E+018   7.04282339888240613845E+001
      3743   2.37710880085646438400E+018   7.04233829228002718992E+001
      3744   2.37723368909979340800E+018   7.04304092914785400126E+001
      3745   2.37675584041107456000E+018   7.04060558263438025506E+001
      3746   2.37721825667631616000E+018   7.04310995035491345106E+001
      3747   2.37699347671266969600E+018   7.04200772956860987506E+001
      3748   2.37708969748988928000E+018   7.04227248775174956563E+001
      3749   2.37713757294908825600E+018   7.04289480531567164689E+001
      3750   2.37664203568018585600E+018   7.04007748018469072804E+001
      3751   2.37669161346984345600E+018   7.04047907841656552819E+001
      3752   2.37677011469560371200E+018   7.04084048054894537927E+001
      3753   2.37645713669664768000E+018   7.03943244164017016828E+001
      3754   2.37676762440883404800E+018   7.04090246788979499115E+001
      3755   2.37661758179915520000E+018   7.03998997230944354442E+001
      3756   2.37617953359641856000E+018   7.03823852199103185967E+001
      3757   2.37616666921738444800E+018   7.03772184402634479738E+001
      3758   2.37593531623712102400E+018   7.03656726091504793885E+001
      3759   2.37587126429855180800E+018   7.03651671107729725918E+001
      3760   2.37608167557113036800E+018   7.03768506102010036329E+001
      3761   2.37586709066647500800E+018   7.03652229727271816273E+001
      3762   2.37576708876191488000E+018   7.03570151479454466426E+001
      3763   2.37568246785883340800E+018   7.03527236811791709670E+001
      3764   2.37583533238479820800E+018   7.03617277721040181859E+001
      3765   2.37602510375895296000E+018   7.03737634948167141147E+001
      3766   2.37593393945919436800E+018   7.03647051261618656781E+001
      3767   2.37611723637433088000E+018   7.03767594019260371851E+001
      3768   2.37588777589906790400E+018   7.03670501769319542973E+001
      3769   2.37591692506659686400E+018   7.03687915273971356100E+001
      3770   2.37630700060678144000E+018   7.03864197849360806458E+001
      3771   2.37579077750480025600E+018   7.03563726065074064309E+001
      3772   2.37595496561828659200E+018   7.03665075649584110806E+001
      3773   2.37607812429222809600E+018   7.03699465324266242305E+001
      3774   2.37621949390405120000E+018   7.03781345160844011843E+001
      3775   2.37633180186573158400E+018   7.03798961421359763335E+001
      3776   2.37623535086036275200E+018   7.03772073933877351237E+001
      3777   2.37672966485515212800E+018   7.04009056057092692527E+001
      3778   2.37651914603642726400E+018   7.03926296935454161030E+001
      3779   2.37649047658904883200E+018   7.03902289764234438962E+001
      3780   2.37663072130233702400E+018   7.03941168384958615434E+001
      3781   2.37680428615548620800E+018   7.04052331606649062223E+001
      3782   2.37687241304495360000E+018   7.04081677483706442899E+001
      3783   2.37706710949639168000E+018   7.04193139604877273996E+001
      3784   2.37705942994467123200E+018   7.04159506546642575131E+001
      3785   2.37689782925951283200E+018   7.04099330379247589917E+001
      3786   2.37724635379437209600E+018   7.04283626472312533906E+001
      3787   2.37702213644170803200E+018   7.04167710337349177507E+001
      3788   2.37706853637885286400E+018   7.04195179579459562547E+001
      3789   2.37740470142706329600E+018   7.04365547208666527013E+001
      3790   2.37754323134174105600E+018   7.04428544406172676418E+001
      3791   2.37747249080460032000E+018   7.04396270994564588364E+001
      3792   2.37749329277100288000E+018   7.04430935582690125329E+001
      3793   2.37755376099196928000E+018   7.04460507616032600708E+001
      3794   2.37790684864015564800E+018   7.04640336304212695495E+001
      3795   2.37782187391581900800E+018   7.04600125739232083788E+001
      3796   2.37794381613746534400E+018   7.04668004514478525380E+001
      3797   2.37799567986635673600E+018   7.04687323213230030206E+001
      3798   2.37801937030545715200E+018   7.04719730382160349791E+001
      3799   2.37803589199331942400E+018   7.04706508132528028909E+001
      3800   2.37821897764260454400E+018   7.04804629737506758147E+001
      3801   2.37824023422840780800E+018   7.04808221466098103747E+001
      3802   2.37853093355985817600E+018   7.04959146274080978856E+001
      3803   2.37859767582750924800E+018   7.05001112353453294190E+001
      3804   2.37863764755988633600E+018   7.05015144315490260851E+001
      3805   2.37878950191963084800E+018   7.05097953934145209587E+001
      3806   2.37878534734418892800E+018   7.05096167935224968915E+001
      3807   2.37867961335767091200E+018   7.05050812524767849254E+001
      3808   2.37862992206467328000E+018   7.05010013601932428173E+001
      3809   2.37898132057708492800E+018   7.05208807819555403285E+001
      3810   2.37897919104638259200E+018   7.05192517817846606931E+001
      3811   2.37904563805003315200E+018   7.05235681292812301990E+001
      3812   2.37926342841285017600E+018   7.05357294679187845077E+001
      3813   2.37923006605987379200E+018   7.05339526158080190044E+001
      3814   2.37930826937216921600E+018   7.05385734471578871307E+001
      3815   2.37942759629628364800E+018   7.05460569495269993467E+001
      3816   2.37931039694243584000E+018   7.05392545415511307283E+001
      3817   2.37943804988412774400E+018   7.05452944122495040347E+001
      3818   2.37959199791333580800E+018   7.05532139352566929347E+001
      3819   2.37956223627975065600E+018   7.05521036830453311950E+001
      3820   2.37968164119733196800E+018   7.05587777408050129679E+001
      3821   2.37968460148325324800E+018   7.05585383767241154374E+001
      3822   2.37988517872047411200E+018   7.05690578837557040970E+001
      3823   2.37989293866267648000E+018   7.05697619159409583744E+001
      3824   2.37992712946304563200E+018   7.05716439679474802915E+001
      3825   2.38002038256232448000E+018   7.05766938094842970486E+001
      3826   2.37998350610528409600E+018   7.05745271535087539405E+001
      3827   2.38012209887257497600E+018   7.05822751422023202394E+001
      3828   2.38011439101528678400E+018   7.05820718454872775283E+001
      3829   2.38020937888578099200E+018   7.05867957053859669259E+001
      3830   2.38027950567289344000E+018   7.05905330675056603695E+001
      3831   2.38037713310444134400E+018   7.05959416904079262167E+001
      3832   2.38038119496211148800E+018   7.05960291567440236804E+001
      3833   2.38044952510147379200E+018   7.06002105350119535387E+001
      3834   2.38050861365966540800E+018   7.06032986442526606652E+001
      3835   2.38063677632255436800E+018   7.06098597889354806512E+001
      3836   2.38068468474019276800E+018   7.06123582767417730111E+001
      3837   2.38076889902077337600E+018   7.06172017070193192012E+001
      3838   2.38081297609506918400E+018   7.06198188181887616111E+001
      3839   2.38091386605652224000E+018   7.06250714987483974028E+001
      3840   2.38101305627837747200E+018   7.06299224540709502662E+001
      3841   2.38108330454386176000E+018   7.06339003574678230279E+001
      3842   2.38115433321000140800E+018   7.06372171952301215470E+001
      3843   2.38123718449203660800E+018   7.06417066020162991435E+001
      3844   2.38127842002858905600E+018   7.06436030572107398484E+001
      3845   2.38134443985322137600E+018   7.06473937300377485826E+001
      3846   2.38147510969792460800E+018   7.06534933973240839578E+001
      3847   2.38157598812503603200E+018   7.06586291447215728567E+001
      3848   2.38155829940685158400E+018   7.06578774962357272216E+001
      3849   2.38166543754403328000E+018   7.06630311434871742904E+001
      3850   2.38177473259466086400E+018   7.06682680165192067534E+001
      3851   2.38179674119085107200E+018   7.06699554346143372641E+001
      3852   2.38198919696437606400E+018   7.06788678829058909514E+001
      3853   2.38200080984576204800E+018   7.06800533822060401690E+001
      3854   2.38199901291244492800E+018   7.06799678799165604914E+001
      3855   2.38213828468425984000E+018   7.06862723719127217237E+001
      3856   2.38219438385886617600E+018   7.06886233260457998995E+001
      3857   2.38217760481114982400E+018   7.06890838987014262784E+001
      3858   2.38231566668346419200E+018   7.06954389748225509038E+001
      3859   2.38251092442291712000E+018   7.07050725513359310526E+001
      3860   2.38251196420008755200E+018   7.07060047084780052273E+001
      3861   2.38253925296678912000E+018   7.07079835098785736136E+001
      3862   2.38255762434287667200E+018   7.07088810210600087203E+001
      3863   2.38260250898375116800E+018   7.07104865550102203997E+001
      3864   2.38258785475725926400E+018   7.07110233813776716261E+001
      3865   2.38276668886788659200E+018   7.07197035749917546354E+001
      3866   2.38294728880476057600E+018   7.07291314326051434591E+001
      3867   2.38301461591972198400E+018   7.07320875379127755878E+001
      3868   2.38286780649522073600E+018   7.07254776975078840451E+001
      3869   2.38308140742801049600E+018   7.07353854289170413949E+001
      3870   2.38320176089983180800E+018   7.07432750772690042140E+001
      3871   2.38316041358016563200E+018   7.07411645995068596449E+001
      3872   2.38329636862158028800E+018   7.07484289446776415389E+001
      3873   2.38340200224810547200E+018   7.07550779897007942054E+001
      3874   2.38330846806578073600E+018   7.07505678542505478390E+001
      3875   2.38343988862488780800E+018   7.07566060967486407662E+001
      3876   2.38363754747449856000E+018   7.07666802948733106859E+001
      3877   2.38376939827066726400E+018   7.07719823834882078017E+001
      3878   2.38379120985171200000E+018   7.07759460389564338811E+001
      3879   2.38371308552032972800E+018   7.07711871726657335557E+001
      3880   2.38381625761631232000E+018   7.07741758625164720797E+001
      3881   2.38402431082330572800E+018   7.07862312224588521303E+001
      3882   2.38411141503807795200E+018   7.07897637852144612225E+001
      3883   2.38419223836819558400E+018   7.07958410218621736476E+001
      3884   2.38429237802885529600E+018   7.08031731123077463508E+001
      3885   2.38437710023107020800E+018   7.08050179596565243401E+001
      3886   2.38436777101829990400E+018   7.08047423615713853451E+001
      3887   2.38448058907223398400E+018   7.08111063201318557958E+001
      3888   2.38457313615260006400E+018   7.08183971221937440532E+001
      3889   2.38446349896942387200E+018   7.08115947150694324819E+001
      3890   2.38474353837556070400E+018   7.08242161090992681238E+001
      3891   2.38525184262785484800E+018   7.08493267166269902191E+001
      3892   2.38477702178958284800E+018   7.08274345583034659057E+001
      3893   2.38490774108645273600E+018   7.08350944429590043683E+001
      3894   2.38498618433755136000E+018   7.08377498670403866754E+001
      3895   2.38535631140256614400E+018   7.08558498658286879390E+001
      3896   2.38508053813338828800E+018   7.08427363604555040411E+001
      3897   2.38538601309239705600E+018   7.08576792437282563242E+001
      3898   2.38554693883017062400E+018   7.08672687158825169718E+001
      3899   2.38578970986277478400E+018   7.08821298933944063947E+001
      3900   2.38581023980454707200E+018   7.08817756057236891820E+001
      3901   2.38585430222957977600E+018   7.08864380705581851316E+001
      3902   2.38571801256753510400E+018   7.08738655605868785869E+001
      3903   2.38555286966656614400E+018   7.08660600836943359582E+001
      3904   2.38580512755850444800E+018   7.08802960507248798194E+001
      3905   2.38581982449237504000E+018   7.08820577235686357653E+001
      3906   2.38585034038825779200E+018   7.08842254783094176673E+001
      3907   2.38614841341365555200E+018   7.08954752809307819916E+001
      3908   2.38592555293871052800E+018   7.08872298145494141863E+001
      3909   2.38592969389822617600E+018   7.08847927995006443780E+001
      3910   2.38613049746711091200E+018   7.08953059566377561396E+001
      3911   2.38621258982945382400E+018   7.08995259087048026458E+001
      3912   2.38596856683399372800E+018   7.08871064525837510928E+001
      3913   2.38608686932233728000E+018   7.08933945536153800049E+001
      3914   2.38581030523921817600E+018   7.08789396130307665089E+001
      3915   2.38636936104154112000E+018   7.09090654248199570020E+001
      3916   2.38606486558442956800E+018   7.08906512253857812311E+001
      3917   2.38593075278180044800E+018   7.08850650154136161518E+001
      3918   2.38558172217610137600E+018   7.08683604177770689603E+001
      3919   2.38606941074499635200E+018   7.08916362881737143198E+001
      3920   2.38561133966490931200E+018   7.08696696666776944085E+001
      3921   2.38571088339149926400E+018   7.08752016669651396796E+001
      3922   2.38603595124458240000E+018   7.08928676951088192482E+001
      3923   2.38545829618472601600E+018   7.08593920331270368251E+001
      3924   2.38556203151047424000E+018   7.08662748563627360454E+001
      3925   2.38550289458972620800E+018   7.08605896462021007665E+001
      3926   2.38520044430277785600E+018   7.08461990026299446299E+001
      3927   2.38547208800285798400E+018   7.08617887551731797657E+001
      3928   2.38490413579201075200E+018   7.08318916087550860539E+001
      3929   2.38543805318962176000E+018   7.08628147408073232327E+001
      3930   2.38522496825170688000E+018   7.08503677131679552303E+001
      3931   2.38502308535489177600E+018   7.08394845986387622361E+001
      3932   2.38498001487730073600E+018   7.08354151319739031578E+001
      3933   2.38461060095187097600E+018   7.08177676905932571572E+001
      3934   2.38501251880771481600E+018   7.08378010250869039055E+001
      3935   2.38473133810152243200E+018   7.08273953195838288366E+001
      3936   2.38445216992491878400E+018   7.08150692140525421792E+001
      3937   2.38437690770318540800E+018   7.08080215333640694553E+001
      3938   2.38446919975094732800E+018   7.08121428024157779646E+001
      3939   2.38419181043397171200E+018   7.07998894326180447933E+001
      3940   2.38446536508960460800E+018   7.08110582188497659217E+001
      3941   2.38410418116714444800E+018   7.07952388125349045822E+001
      3942   2.38412606813334476800E+018   7.07944708131426381215E+001
      3943   2.38438313708284518400E+018   7.08069466512196186159E+001
      3944   2.38417101834925977600E+018   7.07983927406229440749E+001
      3945   2.38397486333483571200E+018   7.07852743392903533959E+001
      3946   2.38416387642291251200E+018   7.07968515934222608621E+001
      3947   2.38396975248109465600E+018   7.07842680244593367433E+001
      3948   2.38395806538055987200E+018   7.07843350693474491209E+001
      3949   2.38401175827393587200E+018   7.07870651228706151414E+001
      3950   2.38380099881687040000E+018   7.07762296049864545466E+001
      3951   2.38358328013501696000E+018   7.07616675162325492465E+001
      3952   2.38393436843611136000E+018   7.07824459803903778266E+001
      3953   2.38363444049178265600E+018   7.07677606589072780707E+001
      3954   2.38353771714841753600E+018   7.07626903863474012724E+001
      3955   2.38354959635385907200E+018   7.07632360654929613020E+001
      3956   2.38350586903961958400E+018   7.07583468523789775873E+001
      3957   2.38334074001841766400E+018   7.07523555329027402649E+001
      3958   2.38329767764488601600E+018   7.07509154883983200079E+001
      3959   2.38314760623769651200E+018   7.07408063973648353340E+001
      3960   2.38312979427889152000E+018   7.07479824294963890452E+001
      3961   2.38306950496967270400E+018   7.07376855400558355313E+001
      3962   2.38285736379671910400E+018   7.07295670530529463349E+001
      3963   2.38299763191942656000E+018   7.07335087349924407363E+001
      3964   2.38302027735979110400E+018   7.07355472262650550874E+001
      3965   2.38265467205654988800E+018   7.07183559801873258266E+001
      3966   2.38249784764070451200E+018   7.07116401818262687584E+001
      3967   2.38253449432672409600E+018   7.07136597995213520562E+001
      3968   2.38245373103153356800E+018   7.07067064089766148527E+001
      3969   2.38253979413623347200E+018   7.07076111452600457596E+001
      3970   2.38228542782039859200E+018   7.06958983757086656396E+001
      3971   2.38228989708296704000E+018   7.06962510492315772126E+001
      3972   2.38228109481952819200E+018   7.06913258926827552386E+001
      3973   2.38211106430146867200E+018   7.06818591540339298263E+001
      3974   2.38222157686004377600E+018   7.06880760967631545100E+001
      3975   2.38219318047449292800E+018   7.06861330533213134686E+001
      3976   2.38218838201303603200E+018   7.06846139244874080987E+001
      3977   2.38225383197391667200E+018   7.06850605493439303473E+001
      3978   2.38204632974065971200E+018   7.06763909068885851639E+001
      3979   2.38191800824846233600E+018   7.06685968097415440070E+001
      3980   2.38175210129449062400E+018   7.06673886640560908745E+001
      3981   2.38179882717953689600E+018   7.06659340868495888799E+001
      3982   2.38157882769096960000E+018   7.06527706600473806020E+001
      3983   2.38154582131184332800E+018   7.06507565820814704693E+001
      3984   2.38155651864423475200E+018   7.06517255779674542282E+001
      3985   2.38137832610465843200E+018   7.06440477041592629348E+001
      3986   2.38143408413772441600E+018   7.06404802542481888850E+001
      3987   2.38111115664487372800E+018   7.06288892284722322756E+001
      3988   2.38108869801269452800E+018   7.06268098080619495249E+001
      3989   2.38104471305864089600E+018   7.06274307670145020666E+001
      3990   2.37169387216292044800E+018   7.00412354701147705782E+001
      3991   2.37162782575546880000E+018   7.00327065628833480559E+001
      3992   2.37158453107787161600E+018   7.00375630113915690345E+001
      3993   2.37149545716078080000E+018   7.00248377524687555251E+001
      3994   2.37108773284933017600E+018   7.00105002801584390681E+001
      3995   2.37121172899521280000E+018   7.00156370228220055196E+001
      3996   2.37135492698703104000E+018   7.00190362037774889359E+001
      3997   2.37128728012028723200E+018   7.00116721140780668975E+001
      3998   2.37099221237174323200E+018   6.99983682145684582565E+001
      3999   2.37089950327834675200E+018   6.99974255849369910720E+001
      4000   2.37103884271930214400E+018   6.99981082925434492381E+001
      4001   2.37079386616564992000E+018   6.99900949845250011094E+001
      4002   2.37079697399571097600E+018   6.99866406027407066404E+001
      4003   2.37075902875683840000E+018   6.99918633120352779997E+001
      4004   2.37051250890401843200E+018   6.99831055746416836882E+001
      4005   2.37046976404525721600E+018   6.99754145951105357426E+001
      4006   2.37027518667798988800E+018   6.99664880283294081664E+001
      4007   2.37034351788489318400E+018   6.99703875593364301722E+001
      4008   2.37024869767479552000E+018   6.99678743963550147100E+001
      4009   2.37016493929608806400E+018   6.99670353855226920814E+001
      4010   2.37025036020314572800E+018   6.99671407443574224772E+001
      4011   2.37009102881558476800E+018   6.99592163355490441745E+001
      4012   2.37004040916369100800E+018   6.99553995935326327071E+001
      4013   2.37000775613632204800E+018   6.99494803679672969565E+001
      4014   2.36994023302192588800E+018   6.99506042420627949241E+001
      4015   2.36963046051338598400E+018   6.99338018801149843284E+001
      4016   2.36959658078872832000E+018   6.99328146423459173775E+001
      4017   2.36984145790730905600E+018   6.99443374103160095956E+001
      4018   2.36968105338284748800E+018   6.99389299158756756469E+001
      4019   2.36955874099923865600E+018   6.99282480262699976947E+001
      4020   2.36961096339892838400E+018   6.99324303354840566271E+001
      4021   2.36943024542001868800E+018   6.99223740042348396173E+001
      4022   2.36927534402269900800E+018   6.99142975654179821277E+001
      4023   2.36917311946471168000E+018   6.99156573187391501278E+001
      4024   2.36928031041739878400E+018   6.99161976092047012799E+001
      4025   2.36926779362457344000E+018   6.99158312108573340993E+001
      4026   2.36906267624238899200E+018   6.99053349100552310347E+001
      4027   2.36899608336938547200E+018   6.99006293232223328005E+001
      4028   2.36916232674469120000E+018   6.99107757820311093155E+001
      4029   2.36898277779917465600E+018   6.98988757613199851448E+001
      4030   2.36862750102905651200E+018   6.98833597159837580648E+001
      4031   2.36894038974909388800E+018   6.99000079953233495189E+001
      4032   2.36854397302193305600E+018   6.98804030589958387054E+001
      4033   2.36841760016939571200E+018   6.98734962635673895193E+001
      4034   2.36857547726404966400E+018   6.98797795326258466275E+001
      4035   2.36845914359423744000E+018   6.98745443454323122978E+001
      4036   2.36875110711465881600E+018   6.98883448313198130109E+001
      4037   2.36831953373206630400E+018   6.98662830992542041031E+001
      4038   2.36817872255338444800E+018   6.98593704052312318709E+001
      4039   2.36835826181047705600E+018   6.98691410498238241189E+001
      4040   2.36819467191225548800E+018   6.98611422001912529822E+001
      4041   2.36823472452666368000E+018   6.98622461060821677847E+001
      4042   2.36819788390872064000E+018   6.98607279470533200083E+001
      4043   2.36788072453255372800E+018   6.98441548094097441890E+001
      4044   2.36761638813406515200E+018   6.98322823613195993175E+001
      4045   2.36796198769732352000E+018   6.98474891210414483567E+001
      4046   2.36767208072511948800E+018   6.98346398933129961506E+001
      4047   2.36791235679185049600E+018   6.98465043257945552568E+001
      4048   2.36733310216646297600E+018   6.98162031415294421777E+001
      4049   2.36774390498682112000E+018   6.98374425061441144180E+001
      4050   2.36724646409062246400E+018   6.98119662549285777686E+001
      4051   2.36748217677568307200E+018   6.98280870546199849969E+001
      4052   2.36708338919217715200E+018   6.98085695665594556658E+001
      4053   2.36748848019107993600E+018   6.98265172966892606610E+001
      4054   2.36735691203273369600E+018   6.98199481625009781283E+001
      4055   2.36702873906568140800E+018   6.98013632348067574185E+001
      4056   2.36723426638555443200E+018   6.98131426576298821374E+001
      4057   2.36697283822801152000E+018   6.97987444495172866255E+001
      4058   2.36711644193341542400E+018   6.98094752398060478527E+001
      4059   2.36712188080252723200E+018   6.98044345674769459720E+001
      4060   2.36698936372467660800E+018   6.98011089589939217603E+001
      4061   2.36696608439912448000E+018   6.97993185139323486510E+001
      4062   2.36697434515430758400E+018   6.98002969807649975564E+001
      4063   2.36661791293769472000E+018   6.97822359999138654985E+001
      4064   2.36722856156619980800E+018   6.98151640426104336257E+001
      4065   2.36684493341178521600E+018   6.97929436877123094973E+001
      4066   2.36701955316960204800E+018   6.98036542085686164683E+001
      4067   2.36699603103946035200E+018   6.98022843313014504929E+001
      4068   2.36682377271969689600E+018   6.97941272827648901966E+001
      4069   2.36689302413449267200E+018   6.97936980031363418675E+001
      4070   2.36700379477511116800E+018   6.97988309608173835841E+001
      4071   2.36690866491250073600E+018   6.97960334579791776832E+001
      4072   2.36692692904246579200E+018   6.97973944401115318215E+001
      4073   2.36706174220660326400E+018   6.98000798516752780642E+001
      4074   2.36702661092245452800E+018   6.97997031703937267366E+001
      4075   2.36712843720408473600E+018   6.98062946749465851326E+001
      4076   2.36724501045931059200E+018   6.98105816528289864209E+001
      4077   2.36718924955608678400E+018   6.98031583491025600097E+001
      4078   2.36751463093023180800E+018   6.98232290920296918557E+001
      4079   2.36749305670350745600E+018   6.98219464968095309132E+001
      4080   2.36765397457156864000E+018   6.98275626533084192715E+001
      4081   2.36753981396935065600E+018   6.98214553619205133828E+001
      4082   2.36777124574774528000E+018   6.98360175175478872234E+001
      4083   2.36782230460190412800E+018   6.98380409063451139673E+001
      4084   2.36814393871742464000E+018   6.98552612475215681798E+001
      4085   2.36793204064746496000E+018   6.98446929096395052738E+001
      4086   2.36815810003454412800E+018   6.98537041169683163844E+001
      4087   2.36835735566972620800E+018   6.98653292649480874843E+001
      4088   2.36820931148446361600E+018   6.98565378906747156407E+001
      4089   2.36832553525085798400E+018   6.98645165817679298925E+001
      4090   2.36854080837963622400E+018   6.98760858378150970793E+001
      4091   2.36867125551461836800E+018   6.98824814155279341321E+001
      4092   2.36865818515805900800E+018   6.98812285913460300435E+001
      4093   2.36870482832099737600E+018   6.98846153456950531790E+001
      4094   2.36905896497363251200E+018   6.98999243135583867570E+001
      4095   2.36880292637408921600E+018   6.98895572800998792218E+001
      4096   2.36898421421848524800E+018   6.98980656488456162378E+001
      4097   2.36908041495344486400E+018   6.99048702352297794960E+001
      4098   2.36907737242423244800E+018   6.99043760218801253359E+001
      4099   2.36926583091397683200E+018   6.99136035411582099641E+001
      4100   2.36931841618659123200E+018   6.99172198708573660042E+001
      4101   2.36927083153118515200E+018   6.99147542968825348453E+001
      4102   2.36939570962039705600E+018   6.99193359453359306599E+001
      4103   2.36945631661325107200E+018   6.99231746455789107131E+001
      4104   2.36944843190277836800E+018   6.99234742841020988635E+001
      4105   2.36971618293268684800E+018   6.99369487822367688068E+001
      4106   2.36975081980328550400E+018   6.99388772232385207417E+001
      4107   2.36984665431698329600E+018   6.99446292639609055186E+001
      4108   2.36960822158879641600E+018   6.99329915595918407689E+001
      4109   2.36991187951158016000E+018   6.99483030561721506047E+001
      4110   2.36990548823991808000E+018   6.99484076546530815222E+001
      4111   2.36999449112128051200E+018   6.99540320496640930514E+001
      4112   2.37007161040379084800E+018   6.99566776250203616883E+001
      4113   2.37010054778797465600E+018   6.99600415618571673804E+001
      4114   2.37013559277272371200E+018   6.99615132691272521015E+001
      4115   2.37019811714853836800E+018   6.99653212164117519478E+001
      4116   2.37021349050306355200E+018   6.99649803266693339765E+001
      4117   2.37033716854452889600E+018   6.99728073226719828881E+001
      4118   2.37041789115490304000E+018   6.99773461906320761727E+001
      4119   2.37055506112450252800E+018   6.99847102673188743438E+001
      4120   2.37054897522337740800E+018   6.99840625084178071802E+001
      4121   2.37064697542209331200E+018   6.99906682246723192975E+001
      4122   2.37061568545825484800E+018   6.99869298716564145479E+001
      4123   2.37067297761742387200E+018   6.99915108559164735880E+001
      4124   2.37077106269538560000E+018   6.99958594151104733783E+001
      4125   2.37078387370684723200E+018   6.99962851588634151767E+001
      4126   2.37095292186243481600E+018   7.00056337052489965345E+001
      4127   2.37089260166355814400E+018   7.00027932738883720276E+001
      4128   2.37100550158984755200E+018   7.00082241944378012022E+001
      4129   2.37100625575063193600E+018   7.00093733108121938358E+001
      4130   2.37105453868673382400E+018   7.00120382701384329494E+001
      4131   2.37114567944301260800E+018   7.00166066342315787097E+001
      4132   2.37118816981001574400E+018   7.00189226844133827399E+001
      4133   2.37126525651357337600E+018   7.00234537319667111888E+001
      4134   2.37136197388489062400E+018   7.00279445729871241610E+001
      4135   2.37145220718856345600E+018   7.00333979270417330554E+001
      4136   2.37149513663707033600E+018   7.00354524689640669521E+001
      4137   2.37152766995727308800E+018   7.00379667574389941365E+001
      4138   2.37162708452077004800E+018   7.00430784816408760207E+001
      4139   2.37171047891727820800E+018   7.00474248915319179787E+001
      4140   2.37178912681934489600E+018   7.00518021787290763314E+001
      4141   2.37185908531294361600E+018   7.00552630410822558815E+001
      4142   2.37193525143786956800E+018   7.00594968035432543729E+001
      4143   2.37199558680841728000E+018   7.00633937970115852067E+001
      4144   2.37203782760612044800E+018   7.00653266983093914178E+001
      4145   2.37212761390375526400E+018   7.00704069209444782018E+001
      4146   2.37223384938671974400E+018   7.00752458634394770343E+001
      4147   2.37232478338721177600E+018   7.00793231921588386513E+001
      4148   2.37240234307681638400E+018   7.00839551311981523440E+001
      4149   2.37240219524906803200E+018   7.00833902074328278786E+001
      4150   2.37246260638695577600E+018   7.00862244073186246851E+001
      4151   2.37262030443418572800E+018   7.00942326813950700171E+001
      4152   2.37257369209395865600E+018   7.00906870474090766265E+001
      4153   2.37269454912247705600E+018   7.00972591575211367854E+001
      4154   2.37285404942441472000E+018   7.01062082998124935784E+001
      4155   2.37282711579588556800E+018   7.01034669269429713268E+001
      4156   2.37290798281417676800E+018   7.01082613293917944475E+001
      4157   2.37297010612542720000E+018   7.01111470780941630210E+001
      4158   2.37315934730563891200E+018   7.01221995347165432122E+001
      4159   2.37307475847906867200E+018   7.01180999472829995511E+001
      4160   2.37307683546910771200E+018   7.01170076459919613399E+001
      4161   2.37327016361821440000E+018   7.01283213592963790006E+001
      4162   2.37328804746236160000E+018   7.01299627368313167608E+001
      4163   2.37332736593998438400E+018   7.01309179228980923426E+001
      4164   2.37334475554291968000E+018   7.01319373696921530836E+001
      4165   2.37360709088616140800E+018   7.01470241031375394414E+001
      4166   2.37349630950867660800E+018   7.01404720120609113110E+001
      4167   2.37361572161037926400E+018   7.01467064136937636931E+001
      4168   2.37374612884754585600E+018   7.01540925522999856412E+001
      4169   2.37373854191268966400E+018   7.01528167652275698174E+001
      4170   2.37376949968276582400E+018   7.01559400199854792390E+001
      4171   2.37394301298828236800E+018   7.01641732069387131787E+001
      4172   2.37387354265061017600E+018   7.01610756702207112312E+001
      4173   2.37383448133341235200E+018   7.01589916831657802732E+001
      4174   2.37423768073487052800E+018   7.01813108530826212927E+001
      4175   2.37400566054435225600E+018   7.01701788702122115637E+001
      4176   2.37416823793516646400E+018   7.01781451084253120598E+001
      4177   2.37416695377687910400E+018   7.01769523218697344191E+001
      4178   2.37443074810336768000E+018   7.01922465410268330288E+001
      4179   2.37448455747904921600E+018   7.01947985646764323064E+001
      4180   2.37432762061287475200E+018   7.01858241175053478855E+001
      4181   2.37450971675790284800E+018   7.01962087041195985648E+001
      4182   2.37474012611713382400E+018   7.02086545097874363819E+001
      4183   2.37461861476510976000E+018   7.02007539289431861107E+001
      4184   2.37485536284751616000E+018   7.02170836284232535718E+001
      4185   2.37488995620147660800E+018   7.02170756723838849211E+001
      4186   2.37511044466020761600E+018   7.02288785009460667652E+001
      4187   2.37501393698898176000E+018   7.02255458333273452354E+001
      4188   2.37525482817417062400E+018   7.02366535185722256074E+001
      4189   2.37493823580136448000E+018   7.02182828393598157390E+001
      4190   2.37534621369925478400E+018   7.02393900424900863300E+001
      4191   2.37526087504194406400E+018   7.02366476707188525097E+001
      4192   2.37545640755282227200E+018   7.02460377751693840764E+001
      4193   2.37572490779908608000E+018   7.02608117730215582242E+001
      4194   2.37571093538624358400E+018   7.02609781569753408803E+001
      4195   2.37577036520747520000E+018   7.02615348819215199683E+001
      4196   2.37597879433381683200E+018   7.02691599348876678732E+001
      4197   2.37597161042028134400E+018   7.02751588195262115732E+001
      4198   2.37616528167628185600E+018   7.02807753048658270245E+001
      4199   2.37630675408831948800E+018   7.02884421845477191937E+001
      4200   2.37607137524202700800E+018   7.02783284046788168098E+001
      4201   2.37639533003712051200E+018   7.02978827483175763291E+001
      4202   2.37629516883480524800E+018   7.02874015497913120498E+001
      4203   2.37642276218293145600E+018   7.02961419590390477197E+001
      4204   2.37648139635025203200E+018   7.02982483610559825138E+001
      4205   2.37626986412630425600E+018   7.02889513483501531255E+001
      4206   2.37653399311183206400E+018   7.02996849227891260625E+001
      4207   2.37662928481081856000E+018   7.03062240874962327553E+001
      4208   2.37675125207486054400E+018   7.03125967501430153561E+001
      4209   2.37636167732216371200E+018   7.02923600059300781595E+001
      4210   2.37655899702918348800E+018   7.03033491906464860222E+001
      4211   2.37646383469478809600E+018   7.02972062606352352532E+001
      4212   2.37644992256444160000E+018   7.02973444597175785020E+001
      4213   2.37666141545620531200E+018   7.03071956757379581404E+001
      4214   2.37681327679825408000E+018   7.03127727926019332472E+001
      4215   2.37681303974423552000E+018   7.03189436559616893874E+001
      4216   2.37638148802327040000E+018   7.02932244275793038923E+001
      4217   2.37652990104865536000E+018   7.03022813204917014218E+001
      4218   2.37654528492305920000E+018   7.03015773706708699820E+001
      4219   2.37636866201285836800E+018   7.02931930787883914036E+001
      4220   2.37635441858576332800E+018   7.02917280868617382339E+001
      4221   2.37619220436106342400E+018   7.02815363588802455297E+001
      4222   2.37630770912002201600E+018   7.02888842990190028104E+001
      4223   2.37617079492798412800E+018   7.02820935042525860581E+001
      4224   2.37611843737449676800E+018   7.02789702943178582473E+001
      4225   2.37603986180000819200E+018   7.02720516605434539770E+001
      4226   2.37578778145520640000E+018   7.02612831456759181492E+001
      4227   2.37599914080225689600E+018   7.02717379019251922045E+001
      4228   2.37585187854167500800E+018   7.02647523681730632461E+001
      4229   2.37574025455810150400E+018   7.02594165771864567205E+001
      4230   2.37574738074288384000E+018   7.02599741612032033800E+001
      4231   2.37585519175854233600E+018   7.02656793086241435731E+001
      4232   2.37580211057005363200E+018   7.02616252493455846206E+001
      4233   2.37550508594859161600E+018   7.02464665493886144532E+001
      4234   2.37566968233556582400E+018   7.02542032913182055154E+001
      4235   2.37563483237481574400E+018   7.02533478962620137054E+001
      4236   2.37523831252040857600E+018   7.02333314588523336397E+001
      4237   2.37506974481412659200E+018   7.02260355089560022179E+001
      4238   2.37510607237830502400E+018   7.02287566980238011638E+001
      4239   2.37519179712821094400E+018   7.02317408353827801193E+001
      4240   2.37524228484809523200E+018   7.02352681709802340038E+001
      4241   2.37476622017316966400E+018   7.02098242867886455088E+001
      4242   2.37509213855926886400E+018   7.02307728798739674403E+001
      4243   2.37499683398828595200E+018   7.02192338064993037960E+001
      4244   2.37483403014336665600E+018   7.02136132972622561965E+001
      4245   2.37464683916330342400E+018   7.02021142831057289868E+001
      4246   2.37456306241880268800E+018   7.01989347990688514756E+001
      4247   2.37466830676828979200E+018   7.02027360394178430170E+001
      4248   2.37490619963830169600E+018   7.02122502181471048743E+001
      4249   2.37442323805601843200E+018   7.01906013560277841634E+001
      4250   2.37452418717701478400E+018   7.01941121195197155203E+001
      4251   2.37439773622332620800E+018   7.01882546487346843378E+001
      4252   2.37435726105205555200E+018   7.01902040593340785790E+001
      4253   2.37427823404710963200E+018   7.01780199252868186477E+001
      4254   2.37423387618805606400E+018   7.01772684421898134133E+001
      4255   2.37422804172028006400E+018   7.01765247347273799505E+001
      4256   2.37412387305275136000E+018   7.01738385894261256226E+001
      4257   2.37414556985411584000E+018   7.01732104403197496367E+001
      4258   2.37391951687918438400E+018   7.01638207135269453829E+001
      4259   2.37397019462225049600E+018   7.01694817828554420203E+001
      4260   2.37375630880223385600E+018   7.01538662742020875385E+001
      4261   2.37387357042115840000E+018   7.01604377243456127644E+001
      4262   2.37379281538835865600E+018   7.01562205999845076576E+001
      4263   2.37352829356922419200E+018   7.01411997580980681732E+001
      4264   2.37343464053767577600E+018   7.01394754528518689085E+001
      4265   2.37361535280493056000E+018   7.01507863077502946680E+001
      4266   2.37328107611207065600E+018   7.01312851114522146645E+001
      4267   2.37343233454085836800E+018   7.01370359020350093715E+001
      4268   2.37340433550182502400E+018   7.01361185522993650920E+001
      4269   2.37328831305669120000E+018   7.01284493056644464559E+001
      4270   2.37318264308972134400E+018   7.01240331387796942408E+001
      4271   2.37308124244323737600E+018   7.01143795217055725288E+001
      4272   2.37322785369417779200E+018   7.01257246363999939831E+001
      4273   2.37314172702340096000E+018   7.01166292121181271568E+001
      4274   2.37302871970124288000E+018   7.01126741688942018982E+001
      4275   2.37287387951222579200E+018   7.01016445877360894201E+001
      4276   2.37304074603384524800E+018   7.01095972096004516061E+001
      4277   2.37272183745577267200E+018   7.00934206258248906352E+001
      4278   2.37281382841558323200E+018   7.00962872991561454228E+001
      4279   2.37263437797277081600E+018   7.00899528411776060466E+001
      4280   2.37254971966870630400E+018   7.00859659920636630659E+001
      4281   2.37262539583947161600E+018   7.00843469860255225967E+001
      4282   2.37235209571822643200E+018   7.00775895494441982692E+001
      4283   2.37222157639427020800E+018   7.00727444829914531965E+001
      4284   2.37246053919851212800E+018   7.00793629593050013682E+001
      4285   2.37211986290681753600E+018   7.00578987322123367676E+001
      4286   2.37207122785038233600E+018   7.00593314921650431870E+001
      4287   2.37212783301760153600E+018   7.00563975057143579761E+001
      4288   2.37185382410860083200E+018   7.00425214993512241790E+001
      4289   2.37167978177956812800E+018   7.00312469511434159131E+001
      4290   2.37176293413642240000E+018   7.00407309859842683863E+001
      4291   2.36318385991987404800E+018   6.94842038803381569778E+001
      4292   2.36322131411287142400E+018   6.94863094160542686950E+001
      4293   2.36332388750471168000E+018   6.94924622346908904547E+001
      4294   2.36339448175155660800E+018   6.94951165303938296347E+001
      4295   2.36342415225520640000E+018   6.94969488238771333499E+001
      4296   2.36360375036649984000E+018   6.95055171725948071071E+001
      4297   2.36359737660804812800E+018   6.95054828585047204115E+001
      4298   2.36366190092020070400E+018   6.95085787529896919068E+001
      4299   2.36376672805302681600E+018   6.95131728236014510003E+001
      4300   2.36384204797207500800E+018   6.95145771879935665538E+001
      4301   2.35653879622981427200E+018   6.95035406434341922477E+001
      4302   2.35184767714790604800E+018   6.94128319293806299584E+001
      4303   2.35332252681816320000E+018   6.93969569855512560252E+001
      4304   2.34696643922765465600E+018   6.93310678574609227098E+001
      4305   2.34096055926821529600E+018   6.93148093872844839325E+001
      4306   2.34006703881395916800E+018   6.93626494520817260536E+001
      4307   2.33941297617749708800E+018   6.93088176154972757104E+001
      4308   2.34897032396395878400E+018   6.93725630612667458763E+001
      4309   2.34656983233226700800E+018   6.93865984125614119193E+001
      4310   2.35190153587142400000E+018   6.93803468762972670447E+001
      4311   2.35649789892223129600E+018   6.94848537215122377120E+001
      4312   2.36410263941989632000E+018   6.95497306404820534453E+001
      4313   2.36459496853024614400E+018   6.95566667331178081213E+001
      4314   2.36459922650280499200E+018   6.95570997909327815023E+001
      4315   2.36475267300684953600E+018   6.95649567156686146063E+001
      4316   2.36466491083153408000E+018   6.95616415211103031879E+001
      4317   2.36484732196927232000E+018   6.95712730444481906034E+001
      4318   2.36481274832058521600E+018   6.95687769368217203692E+001
      4319   2.36494708894523904000E+018   6.95760834419335196799E+001
      4320   2.36500758550708736000E+018   6.95782233535046117368E+001
      4321   2.36524231595189196800E+018   6.95913302302096354879E+001
      4322   2.36514236029996851200E+018   6.95859192772757211287E+001
      4323   2.36535835387194163200E+018   6.95983377000839311677E+001
      4324   2.36523743414010316800E+018   6.95929836987378394042E+001
      4325   2.36541552277345280000E+018   6.96028551198867404537E+001
      4326   2.36557780606550579200E+018   6.96088803350226470457E+001
      4327   2.36559367142951833600E+018   6.96126088985810582699E+001
      4328   2.36544084175340544000E+018   6.96039595746277228727E+001
      4329   2.36575763357257728000E+018   6.96215889126933973330E+001
      4330   2.36577265131162112000E+018   6.96213095473585212858E+001
      4331   2.36570440857100646400E+018   6.96203448052433913062E+001
      4332   2.36585303539053926400E+018   6.96268109123762286572E+001
      4333   2.36602493269013350400E+018   6.96365712322426588798E+001
      4334   2.36584888257431859200E+018   6.96277292489202039860E+001
      4335   2.36609752888776704000E+018   6.96430061556826558444E+001
      4336   2.36609548527992627200E+018   6.96410538885350689497E+001
      4337   2.36609875074740940800E+018   6.96424491683120692187E+001
      4338   2.36623888271890585600E+018   6.96482870576993491341E+001
      4339   2.36615952626283673600E+018   6.96457882534907497529E+001
      4340   2.36640377366407065600E+018   6.96576791863291333584E+001
      4341   2.36652250157048320000E+018   6.96640690780981941543E+001
      4342   2.36659110515521024000E+018   6.96666145475589217995E+001
      4343   2.36670534185493862400E+018   6.96733497419315881416E+001
      4344   2.36675418899443046400E+018   6.96769342139550786897E+001
      4345   2.36694139752752384000E+018   6.96859024756894456232E+001
      4346   2.36711161820142028800E+018   6.96953338573013212454E+001
      4347   2.36719725308042444800E+018   6.96981031078567241366E+001
      4348   2.36709472977859481600E+018   6.96949730190858218748E+001
      4349   2.36694275663295948800E+018   6.96865052265437299184E+001
      4350   2.36756872570283315200E+018   6.97224976167573515795E+001
      4351   2.36722397631303731200E+018   6.97008556333070856681E+001
      4352   2.36753520571300147200E+018   6.97196551060874014638E+001
      4353   2.36743766528564172800E+018   6.97149302559117387545E+001
      4354   2.36730293997076531200E+018   6.97066083425352331915E+001
      4355   2.36765616971740928000E+018   6.97218417528178662224E+001
      4356   2.36740307231362457600E+018   6.97084085842243013076E+001
      4357   2.36751754093405644800E+018   6.97145755652843632788E+001
      4358   2.36755084147919564800E+018   6.97172218599621800195E+001
      4359   2.36756734901663488000E+018   6.97172288953076986218E+001
      4360   2.36750612252873676800E+018   6.97126693404773192242E+001
      4361   2.36741802834963865600E+018   6.97085540515732020594E+001
      4362   2.36768948166733875200E+018   6.97236214519300432357E+001
      4363   2.36775615010478080000E+018   6.97268029390455268413E+001
      4364   2.36752146012714700800E+018   6.97156215806257932854E+001
      4365   2.36777241526642176000E+018   6.97251796917209532012E+001
      4366   2.36752449802210099200E+018   6.97141427418292778384E+001
      4367   2.36746564422604748800E+018   6.97133957095453951069E+001
      4368   2.36747794847893913600E+018   6.97143659133325570565E+001
      4369   2.36741682862508748800E+018   6.97066723975656401535E+001
      4370   2.36720849159357798400E+018   6.96989782626679499344E+001
      4371   2.36722892533012172800E+018   6.96968787601135204568E+001
      4372   2.36741445936800409600E+018   6.97085915580584440931E+001
      4373   2.36704637140956364800E+018   6.96869162033581943660E+001
      4374   2.36731197895957811200E+018   6.97010789756470217071E+001
      4375   2.36688611984029132800E+018   6.96791693428261993404E+001
      4376   2.36707748280360448000E+018   6.96881889829949869863E+001
      4377   2.36693352486167808000E+018   6.96827291420752743534E+001
      4378   2.36686750420284979200E+018   6.96765643164166874612E+001
      4379   2.36668452793480806400E+018   6.96714468814170828637E+001
      4380   2.36669624101535897600E+018   6.96694022390128111510E+001
      4381   2.36662854127166720000E+018   6.96690238674430730725E+001
      4382   2.36668263284165273600E+018   6.96691515468154989321E+001
      4383   2.36692371756939878400E+018   6.96810903427809336108E+001
      4384   2.36679173236459161600E+018   6.96736319018306033968E+001
      4385   2.36635666151349913600E+018   6.96504599328747673326E+001
      4386   2.36634342589340723200E+018   6.96495270969002007178E+001
      4387   2.36628352991562188800E+018   6.96476702643023202199E+001
      4388   2.36625243312405350400E+018   6.96472097821886251268E+001
      4389   2.36648763974960486400E+018   6.96581943361466073839E+001
      4390   2.36624759556437299200E+018   6.96456158453441247502E+001
      4391   2.36615690310088499200E+018   6.96391707294709476628E+001
      4392   2.36603724086295705600E+018   6.96305427002640584533E+001
      4393   2.36580810650591744000E+018   6.96219293928103439839E+001
      4394   2.36583058979179417600E+018   6.96229111795740749358E+001
      4395   2.36578066388551987200E+018   6.96186487708340990821E+001
      4396   2.36590527554702592000E+018   6.96238380402985086448E+001
      4397   2.36584490086728908800E+018   6.96190339398368678303E+001
      4398   2.36595767901232793600E+018   6.96277066098036669928E+001
      4399   2.36572904342328883200E+018   6.96136534847401122761E+001
      4400   2.36570434447900262400E+018   6.96111544748427633067E+001
      4401   2.36559588107242854400E+018   6.96078972156997934917E+001
      4402   2.36553937573711564800E+018   6.96053645840585346605E+001
      4403   2.36570400908948582400E+018   6.96151679244238010824E+001
      4404   2.36535103861622425600E+018   6.95952207982552408794E+001
      4405   2.36543467055019212800E+018   6.96010124781012393669E+001
      4406   2.36515088887297996800E+018   6.95859645328270772779E+001
      4407   2.36513452374334566400E+018   6.95848994361371495643E+001
      4408   2.36501342588421017600E+018   6.95800132727443383374E+001
      4409   2.36520458995830630400E+018   6.95881407955683783939E+001
      4410   2.36492032920968448000E+018   6.95739051357448232693E+001
      4411   2.36491704841670195200E+018   6.95769993704547715652E+001
      4412   2.36498402859218124800E+018   6.95801828965008724026E+001
      4413   2.36468374667697305600E+018   6.95642574673536273622E+001
      4414   2.36485751940366694400E+018   6.95699593223847472245E+001
      4415   2.36472243789783603200E+018   6.95655334008849450811E+001
      4416   2.36462645384255488000E+018   6.95607588538081103025E+001
      4417   2.36442607650147276800E+018   6.95517582283741262472E+001
      4418   2.36429432838522624000E+018   6.95431163062293080657E+001
      4419   2.36440393746415308800E+018   6.95429365730696531500E+001
      4420   2.36432849317951897600E+018   6.95418117002410411942E+001
      4421   2.36432039354384691200E+018   6.95403484169254539893E+001
      4422   2.36437356692962713600E+018   6.95401190344943103128E+001
      4423   2.36421669165858252800E+018   6.95317611132225721349E+001
      4424   2.36412818605745254400E+018   6.95300352773852523569E+001
      4425   2.36388619797409177600E+018   6.95186997733646165898E+001
      4426   2.36385099524522854400E+018   6.95137312921152812351E+001
      4427   2.36397577738760038400E+018   6.95174444425353641464E+001
      4428   2.36397296549831475200E+018   6.95179878100496040361E+001
      4429   2.36391709743307008000E+018   6.95168901602308721976E+001
      4430   2.36377256685726156800E+018   6.95099089906569957975E+001
      4431   2.36366344188686028800E+018   6.95062747465656656232E+001
      4432   2.36351950442283827200E+018   6.94988608888764360927E+001
      4433   2.36353261425019750400E+018   6.94932413213556543496E+001
      4434   2.36343272816647065600E+018   6.94965909070646290502E+001
      4435   2.36337534999793612800E+018   6.94844543929161488904E+001
      4436   2.36340121099165593600E+018   6.94858864034341792149E+001
      4437   2.36342756798985420800E+018   6.94824011621864059407E+001
      4438   2.36300108636647065600E+018   6.94647572540159075061E+001
      4439   2.36280704975183411200E+018   6.94549201984938946453E+001
      4440   2.36307721101420083200E+018   6.94648020026354515721E+001
      4441   2.36274912414070118400E+018   6.94561491982238266019E+001
      4442   2.36247272458973849600E+018   6.94432587754059511553E+001
      4443   2.36271084975119411200E+018   6.94525734854557867948E+001
      4444   2.36262126419962368000E+018   6.94468589493737340490E+001
      4445   2.36228882292819814400E+018   6.94308006201925707046E+001
      4446   2.36235675644669900800E+018   6.94352532817844689816E+001
      4447   2.36234626090911744000E+018   6.94340420726577889354E+001
      4448   2.36212280646198579200E+018   6.94264231577954689101E+001
      4449   2.36223184365828147200E+018   6.94294097707776671768E+001
      4450   2.36207035138011545600E+018   6.94159295169225316613E+001
      4451   2.36211810436474419200E+018   6.94190069024684817123E+001
      4452   2.36201821786973132800E+018   6.94117283070030453018E+001
      4453   2.36178323319135897600E+018   6.94044251402212779567E+001
      4454   2.36177902737742028800E+018   6.94044486810837639723E+001
      4455   2.36175182039169177600E+018   6.94028393057271983935E+001
      4456   2.36174103020765132800E+018   6.94024808754679298772E+001
      4457   2.36166153404221542400E+018   6.93985820398824557742E+001
      4458   2.36141158247266150400E+018   6.93885866850133794514E+001
      4459   2.36154130092116940800E+018   6.93920043827682206938E+001
      4460   2.36132288427347200000E+018   6.93797069292980523869E+001
      4461   2.36140837439512678400E+018   6.93870446626909398447E+001
      4462   2.36132709435196825600E+018   6.93845468920669361523E+001
      4463   2.36119508257836851200E+018   6.93764140254506855854E+001
      4464   2.36102679792515891200E+018   6.93686082714916096847E+001
      4465   2.36126265433327104000E+018   6.93788428170865785205E+001
      4466   2.36086535493472358400E+018   6.93646740642303711866E+001
      4467   2.36084255617382348800E+018   6.93564603614888852690E+001
      4468   2.36064290497052108800E+018   6.93458433980953401488E+001
      4469   2.36054541318110720000E+018   6.93431351235149264767E+001
      4470   2.36074691377480089600E+018   6.93489680931572110012E+001
      4471   2.36048725521839155200E+018   6.93398508143942677862E+001
      4472   2.36061648013494579200E+018   6.93483004508334630600E+001
      4473   2.36065128399495782400E+018   6.93488791973772578103E+001
      4474   2.36027862725619251200E+018   6.93274511651303697590E+001
      4475   2.36052331260913152000E+018   6.93413558270160166330E+001
      4476   2.36048421489011558400E+018   6.93369831870126347440E+001
      4477   2.36020763632140390400E+018   6.93243630604356297908E+001
      4478   2.36002761075559372800E+018   6.93182265472903935688E+001
      4479   2.36010813427319449600E+018   6.93196580278268754682E+001
      4480   2.36007285748423116800E+018   6.93189101027020484480E+001
      4481   2.36024924963448422400E+018   6.93278134679386681682E+001
      4482   2.35999820468055910400E+018   6.93166200183442384741E+001
      4483   2.35981583221810483200E+018   6.93046965066139790679E+001
      4484   2.35991059225699584000E+018   6.93110249532447966203E+001
      4485   2.35958348103628441600E+018   6.92932345358500185739E+001
      4486   2.35974627036425318400E+018   6.93013998921257297070E+001
      4487   2.35967720964468326400E+018   6.93008385124684167522E+001
      4488   2.35967769277701632000E+018   6.93000324504871514364E+001
      4489   2.35925915535899494400E+018   6.92775195523063160863E+001
      4490   2.35964995785141913600E+018   6.93019510994247127655E+001
      4491   2.35938449324524851200E+018   6.92831682870622813653E+001
      4492   2.35913305087311513600E+018   6.92700035857013176610E+001
      4493   2.35930209166109030400E+018   6.92753804274523048434E+001
      4494   2.35883513056461363200E+018   6.92544125429945864880E+001
      4495   2.35908271332121753600E+018   6.92666489464785399832E+001
      4496   2.35911182749549004800E+018   6.92693037631860022429E+001
      4497   2.35915024966960998400E+018   6.92698891794330222638E+001
      4498   2.35859133278258585600E+018   6.92421654721716635095E+001
      4499   2.35889873000018124800E+018   6.92564366865840810306E+001
      4500   2.35882246725598873600E+018   6.92527814653368096742E+001
      4501   2.35878173504556544000E+018   6.92521382046647175912E+001
      4502   2.35880034437681971200E+018   6.92543458238826445950E+001
      4503   2.35847850598094540800E+018   6.92406221782659372366E+001
      4504   2.35828356631015526400E+018   6.92297891960188991334E+001
      4505   2.35808120606470041600E+018   6.92165277732678561051E+001
      4506   2.35873476559921510400E+018   6.92511346586433234052E+001
      4507   2.35822719303795916800E+018   6.92227515169266354178E+001
      4508   2.35840188853700044800E+018   6.92335914223825312774E+001
      4509   2.35820820073136537600E+018   6.92235319518164828878E+001
      4510   2.35820813486337433600E+018   6.92214770235138274757E+001
      4511   2.35813936563444326400E+018   6.92203757036326692287E+001
      4512   2.35817809184234854400E+018   6.92217579210478675122E+001
      4513   2.35832642123176089600E+018   6.92287157908581747279E+001
      4514   2.35837214723404544000E+018   6.92346177510541593847E+001
      4515   2.35831018361420646400E+018   6.92301276843764412661E+001
      4516   2.35814188948601907200E+018   6.92180068625373365876E+001
      4517   2.35808430718958745600E+018   6.92143587486426525857E+001
      4518   2.35848866440124364800E+018   6.92373924302814600651E+001
      4519   2.35838892817597440000E+018   6.92332387466680216903E+001
      4520   2.35869724644168140800E+018   6.92459011052453234925E+001
      4521   2.35841795806770278400E+018   6.92338751211247256379E+001
      4522   2.35866282679500236800E+018   6.92436575985908007169E+001
      4523   2.35864848545192192000E+018   6.92438902710369035276E+001
      4524   2.35880259836718950400E+018   6.92491591560124533089E+001
      4525   2.35846659950668441600E+018   6.92310069485901493636E+001
      4526   2.35881370121242726400E+018   6.92479564163010650191E+001
      4527   2.35837897717570150400E+018   6.92291017733704592274E+001
      4528   2.35861863776633497600E+018   6.92383808758192884625E+001
      4529   2.35879052823062323200E+018   6.92442403129971211229E+001
      4530   2.35905606217002547200E+018   6.92589905565399561738E+001
      4531   2.35922213239693568000E+018   6.92667584578430108877E+001
      4532   2.35909052069816780800E+018   6.92607324495954657095E+001
      4533   2.35939489116879104000E+018   6.92773097935142914139E+001
      4534   2.35931658005652582400E+018   6.92727265439371251432E+001
      4535   2.35955961096141209600E+018   6.92865194580107868205E+001
      4536   2.35969291736770816000E+018   6.92943110761988378954E+001
      4537   2.35962850508810905600E+018   6.92880772627377012896E+001
      4538   2.35986115048510105600E+018   6.93045159494150055934E+001
      4539   2.35962798051800934400E+018   6.92883088236085455947E+001
      4540   2.36013487118264576000E+018   6.93151469956297745512E+001
      4541   2.35986307966748672000E+018   6.93020040103268826215E+001
      4542   2.36010380642919884800E+018   6.93148186654354248049E+001
      4543   2.36010386285989273600E+018   6.93146879488844689376E+001
      4544   2.36021583497246720000E+018   6.93212574341377631981E+001
      4545   2.36036969828472934400E+018   6.93285990106737273209E+001
      4546   2.36041822192130816000E+018   6.93305083420547276774E+001
      4547   2.36044303421570201600E+018   6.93335418777009948599E+001
      4548   2.36056466104157235200E+018   6.93366739824669480186E+001
      4549   2.36063614078497484800E+018   6.93421872619500305746E+001
      4550   2.36045250480055500800E+018   6.93315905322670431588E+001
      4551   2.36068730777214873600E+018   6.93444678703605745795E+001
      4552   2.36073981680971622400E+018   6.93480953751973743238E+001
      4553   2.36093636092166348800E+018   6.93580904556603314859E+001
      4554   2.36088284600845107200E+018   6.93548972609508638243E+001
      4555   2.36089908272324608000E+018   6.93564298609960587783E+001
      4556   2.36115087173635328000E+018   6.93691648279687882450E+001
      4557   2.36111074041587865600E+018   6.93680380453070739577E+001
      4558   2.36116083755959398400E+018   6.93703660726819748561E+001
      4559   2.36127108101119590400E+018   6.93760186991646321530E+001
      4560   2.36122423898867814400E+018   6.93760335376331056523E+001
      4561   2.36126893403632230400E+018   6.93770177741323408327E+001
      4562   2.36133760267450982400E+018   6.93811608443973426574E+001
      4563   2.36128394047895910400E+018   6.93787560663670177519E+001
      4564   2.36034953498096537600E+018   6.93802149494042765809E+001
      4565   2.35652239458101401600E+018   6.92908722241098331551E+001
      4566   2.34374578644224000000E+018   6.92870592128667368570E+001
      4567   2.34979509154268620800E+018   6.91620095285840790211E+001
      4568   2.34058030643065292800E+018   6.92233312265921796325E+001
      4569   2.33694503750841702400E+018   6.92053224111887317349E+001
      4570   2.33117948842031923200E+018   6.91903353633277760082E+001
      4571   2.34227596532894976000E+018   6.91413591779831477879E+001
      4572   2.34571206284668518400E+018   6.92497744929643346268E+001
      4573   2.34965679559629926400E+018   6.91937862682397053504E+001
      4574   2.35406298835502489600E+018   6.92982872517180368277E+001
      4575   2.35570490064400742400E+018   6.93919445575197215703E+001
      4576   2.36127217728104140800E+018   6.94072306051104845892E+001
      4577   2.36211082105863680000E+018   6.94265666812629973492E+001
      4578   2.36213807710464256000E+018   6.94281565573192409602E+001
      4579   2.36224629710139750400E+018   6.94340563629512104171E+001
      4580   2.36225179969980262400E+018   6.94342749377195787019E+001
      4581   2.36234884491757004800E+018   6.94391112528703331463E+001
      4582   2.36235340719950796800E+018   6.94394639287488644186E+001
      4583   2.36248668177342054400E+018   6.94462249966804137102E+001
      4584   2.36254459732059187200E+018   6.94491873680284328429E+001
      4585   2.36263228651052800000E+018   6.94542261428959051273E+001
      4586   2.35512939174086758400E+018   6.89252385258767930054E+001
      4587   2.35513785144444467200E+018   6.89254773214341867060E+001
      4588   2.35522427359287552000E+018   6.89309893959947856956E+001
      4589   2.34591123614912000000E+018   6.88915525100345718101E+001
      4590   2.32964161443292774400E+018   6.87795003497404024984E+001
      4591   2.31758062408874956800E+018   6.86446795540961574034E+001
      4592   2.32813435542744115200E+018   6.86440785569978828562E+001
      4593   2.32743978934869401600E+018   6.86217488684724941095E+001
      4594   2.32182498505359308800E+018   6.85522358986969209127E+001
      4595   2.31757928550627584000E+018   6.87757227437999745234E+001
      4596   2.31630866541370572800E+018   6.85849893985159582144E+001
      4597   2.32258796380988672000E+018   6.87201222796768291801E+001
      4598   2.32322475703050291200E+018   6.84661368630704458837E+001
      4599   2.32285854188107008000E+018   6.86438464764124773865E+001
      4600   2.32227423430089267200E+018   6.86799442848908370252E+001
      4601   2.32202947379449088000E+018   6.85754725641379536683E+001
      4602   2.32694148926470604800E+018   6.87599677886984039787E+001
      4603   2.32318202311543091200E+018   6.87660675012759696756E+001
      4604   2.33994813108886169600E+018   6.87440659984799680160E+001
      4605   2.35044927043710515200E+018   6.89110680970796778411E+001
      4606   2.35622775969192857600E+018   6.89808051065879936914E+001
      4607   2.35636181283559219200E+018   6.89886521121228639686E+001
      4608   2.35642566599353446400E+018   6.89906668025779765685E+001
      4609   2.35654013019784960000E+018   6.89976153688846238765E+001
      4610   2.35644231139412889600E+018   6.89926648846744683397E+001
      4611   2.35655472588332236800E+018   6.89991029928948478300E+001
      4612   2.35676177086071756800E+018   6.90087575752011730401E+001
      4613   2.35667781203149209600E+018   6.90049066011064411441E+001
      4614   2.35682173400522393600E+018   6.90133456866346506331E+001
      4615   2.35676498039337523200E+018   6.90102729861086885421E+001
      4616   2.35704486049093427200E+018   6.90261690788760375881E+001
      4617   2.35713020838155673600E+018   6.90311710289522579842E+001
      4618   2.35712314010934630400E+018   6.90304575212139752693E+001
      4619   2.35716010147097344000E+018   6.90339616537997216028E+001
      4620   2.35715596454461286400E+018   6.90314941030741238137E+001
      4621   2.35725863589524480000E+018   6.90369754889377418294E+001
      4622   2.35714948540228710400E+018   6.90337913684789299396E+001
      4623   2.35721830603909017600E+018   6.90379405333381441778E+001
      4624   2.35732237881294387200E+018   6.90435158753990094738E+001
      4625   2.35738051142594969600E+018   6.90480378911848760026E+001
      4626   2.35771801459141580800E+018   6.90651652512472224998E+001
      4627   2.35749199226532608000E+018   6.90521224027926763256E+001
      4628   2.35761446097721241600E+018   6.90612343719345318505E+001
      4629   2.35765676070413926400E+018   6.90620986098374061157E+001
      4630   2.35788815742218598400E+018   6.90729836604334792582E+001
      4631   2.35762883599088025600E+018   6.90606933718966757851E+001
      4632   2.35802088269500620800E+018   6.90828997906564126197E+001
      4633   2.35823877463610112000E+018   6.90958951364218734170E+001
      4634   2.35807053606871859200E+018   6.90859312977000854517E+001
      4635   2.35841652384790067200E+018   6.91061749236440192590E+001
      4636   2.35846032989739110400E+018   6.91050389852742483754E+001
      4637   2.35823628136020736000E+018   6.90948816312339459955E+001
      4638   2.35871484558287718400E+018   6.91213285698517552191E+001
      4639   2.35842491275546521600E+018   6.91053430146346698848E+001
      4640   2.35913455741887488000E+018   6.91387298417705977727E+001
      4641   2.35873260651092992000E+018   6.91205115708192607826E+001
      4642   2.35899192336913664000E+018   6.91321295660339529832E+001
      4643   2.35897650618726860800E+018   6.91333184304891688043E+001
      4644   2.35892678962144204800E+018   6.91334370478204931487E+001
      4645   2.35905826400730675200E+018   6.91353904232479266057E+001
      4646   2.35919603834287769600E+018   6.91427660121735243592E+001
      4647   2.35913802235970560000E+018   6.91404454386050133508E+001
      4648   2.35909890234769612800E+018   6.91354675310060997617E+001
      4649   2.35893060649543833600E+018   6.91258206193673032658E+001
      4650   2.35921433729275443200E+018   6.91430013939351937324E+001
      4651   2.35911300698816256000E+018   6.91411367963120966351E+001
      4652   2.35934722276637696000E+018   6.91487074112979342999E+001
      4653   2.35913647824452096000E+018   6.91398384177687148622E+001
      4654   2.35894215673469644800E+018   6.91280992154746485312E+001
      4655   2.35917933330008627200E+018   6.91409997919829066859E+001
      4656   2.35922670422727680000E+018   6.91437138354303471033E+001
      4657   2.35899905314658252800E+018   6.91321646382943697517E+001
      4658   2.35927781929178572800E+018   6.91454734756246693905E+001
      4659   2.35944479947781222400E+018   6.91521156792676947589E+001
      4660   2.35929966138420428800E+018   6.91473419887255573713E+001
      4661   2.35932705766393395200E+018   6.91455524300007056127E+001
      4662   2.35866415388673536000E+018   6.91127982629772645851E+001
      4663   2.35870859015078451200E+018   6.91122062033639537049E+001
      4664   2.35888944919185612800E+018   6.91210001233719708580E+001
      4665   2.35911426582185728000E+018   6.91356779898632254344E+001
      4666   2.35883725942217369600E+018   6.91209525789951726438E+001
      4667   2.35843377087910656000E+018   6.90999003113066834203E+001
      4668   2.35886070231302195200E+018   6.91205724816028492796E+001
      4669   2.35850608387016960000E+018   6.91033979680940149137E+001
      4670   2.35846639309156761600E+018   6.91010106457931243540E+001
      4671   2.35855766969962649600E+018   6.91023910471287337032E+001
      4672   2.35881784778338508800E+018   6.91161385337756968283E+001
      4673   2.35809074428951142400E+018   6.90801851707634853028E+001
      4674   2.35827136107444019200E+018   6.90909144917701638633E+001
      4675   2.35819614838647193600E+018   6.90875082053771762958E+001
      4676   2.35819511150249984000E+018   6.90873683555593345318E+001
      4677   2.35846955311608780800E+018   6.90982638472357280079E+001
      4678   2.35817541240404992000E+018   6.90839761998300900814E+001
      4679   2.35802203583671910400E+018   6.90781437675594389702E+001
      4680   2.35802043776368076800E+018   6.90732081461276692380E+001
      4681   2.35783024772501606400E+018   6.90652999301439791680E+001
      4682   2.35783243707508787200E+018   6.90670367315280060438E+001
      4683   2.35777839802375372800E+018   6.90633325977329377565E+001
      4684   2.35772019012207872000E+018   6.90611046997467354913E+001
      4685   2.35769920085270016000E+018   6.90556430780978161010E+001
      4686   2.35740241669910374400E+018   6.90417350734018100411E+001
      4687   2.35770218859525580800E+018   6.90547730862537605390E+001
      4688   2.35727953923421952000E+018   6.90348439326981946351E+001
      4689   2.35730420901817702400E+018   6.90358941062121544974E+001
      4690   2.35743398145885644800E+018   6.90465050334623100525E+001
      4691   2.35725702791330304000E+018   6.90363982008638004118E+001
      4692   2.35699525359330099200E+018   6.90227279020116242236E+001
      4693   2.35711797882237184000E+018   6.90297831558636829641E+001
      4694   2.35702065239544012800E+018   6.90221868253479584610E+001
      4695   2.35683451728499353600E+018   6.90159602710481863141E+001
      4696   2.35683273452088473600E+018   6.90116398710378433634E+001
      4697   2.35675743401108838400E+018   6.90072479631244704024E+001
      4698   2.35686455045003059200E+018   6.90150884228508658680E+001
      4699   2.35696641641602816000E+018   6.90199421950065499232E+001
      4700   2.35675973085982259200E+018   6.90066558320175573726E+001
      4701   2.35651834751736729600E+018   6.89951030153179658555E+001
      4702   2.35673231127471820800E+018   6.90069755859771873929E+001
      4703   2.35642397002121625600E+018   6.89899648538928289554E+001
      4704   2.35654409801670041600E+018   6.89955622432652688758E+001
      4705   2.35637542167004416000E+018   6.89882143058110131051E+001
      4706   2.35627816159472486400E+018   6.89844133239824799375E+001
      4707   2.35625460753760000000E+018   6.89840467163837729458E+001
      4708   2.35603194731262924800E+018   6.89690244603135482748E+001
      4709   2.35595945819784908800E+018   6.89719526500108628397E+001
      4710   2.35607090598738432000E+018   6.89703873072132722655E+001
      4711   2.35595216060644096000E+018   6.89745485705498282414E+001
      4712   2.35587920345892352000E+018   6.89609035690493783477E+001
      4713   2.35588097250619084800E+018   6.89679904975756130625E+001
      4714   2.35574064112002918400E+018   6.89613454407882784380E+001
      4715   2.35562066934487040000E+018   6.89511050798920877014E+001
      4716   2.35562825861456128000E+018   6.89500865220806105071E+001
      4717   2.35561526440415488000E+018   6.89483032232705284059E+001
      4718   2.35563257059071795200E+018   6.89466669174436930234E+001
      4719   2.35560396911605811200E+018   6.89477656990022609307E+001
      4720   2.35550725674233395200E+018   6.89425858096295200994E+001
      4721   2.35556866945447782400E+018   6.89441709173593437754E+001
      4722   2.35547003778913536000E+018   6.89374778222922230952E+001
      4723   2.35525348112405760000E+018   6.89259272707518135803E+001
      4724   2.35542307259890688000E+018   6.89329518490502124450E+001
      4725   2.35520715595276288000E+018   6.89252239997474589472E+001
      4726   2.35519421977251891200E+018   6.89215677342358077340E+001
      4727   2.35489927550295603200E+018   6.89067426466029786525E+001
      4728   2.35485143403566182400E+018   6.89043165845258300806E+001
      4729   2.35488164032725504000E+018   6.89029395274430527252E+001
      4730   2.35459521781338521600E+018   6.88882341472902908208E+001
      4731   2.35470931154603724800E+018   6.88938378994017170953E+001
      4732   2.35451819686542438400E+018   6.88851429204014067409E+001
      4733   2.35437442966098432000E+018   6.88776687690454565427E+001
      4734   2.35436775388478156800E+018   6.88794758916266545157E+001
      4735   2.35416248818044262400E+018   6.88729181752284773665E+001
      4736   2.35414221883403673600E+018   6.88703981059566245904E+001
      4737   2.35411985915779225600E+018   6.88695399820513074474E+001
      4738   2.35378346232547379200E+018   6.88504162639034547055E+001
      4739   2.35389738141693696000E+018   6.88576757317088379295E+001
      4740   2.35380810048245913600E+018   6.88523963678016599488E+001
      4741   2.35388416162925568000E+018   6.88583686100844403200E+001
      4742   2.35378045873729126400E+018   6.88505313927553999065E+001
      4743   2.35366972336519731200E+018   6.88421436805184612240E+001
      4744   2.35370137945597286400E+018   6.88427125242483839429E+001
      4745   2.35354151676464947200E+018   6.88370154204544206777E+001
      4746   2.35337700357964902400E+018   6.88245654202480494632E+001
      4747   2.35355524302644684800E+018   6.88338733825743105399E+001
      4748   2.35356453923742464000E+018   6.88393605479200374475E+001
      4749   2.35315140238965555200E+018   6.88159556781889278909E+001
      4750   2.35319133420254515200E+018   6.88186895797466746671E+001
      4751   2.35308379359046092800E+018   6.88129391938311414378E+001
      4752   2.35303555309391513600E+018   6.88100620732669625568E+001
      4753   2.35304496372794112000E+018   6.88140748197518661300E+001
      4754   2.35301342668521369600E+018   6.88101760120928673814E+001
      4755   2.35290270708236288000E+018   6.88042124893847102385E+001
      4756   2.35285996316764416000E+018   6.88003589907934838266E+001
      4757   2.35280069397042892800E+018   6.87982143806031132272E+001
      4758   2.35268681765980672000E+018   6.87917897311958626005E+001
      4759   2.35276466889421260800E+018   6.87953066021209878045E+001
      4760   2.35269617280924262400E+018   6.87938308090096342085E+001
      4761   2.35243581054141747200E+018   6.87799888539093302597E+001
      4762   2.35235141974717849600E+018   6.87746504757922565432E+001
      4763   2.35233937378196224000E+018   6.87757080036589201200E+001
      4764   2.35234602609045401600E+018   6.87749691096750837005E+001
      4765   2.35217326974208409600E+018   6.87649215662060555587E+001
      4766   2.35222588960054988800E+018   6.87629505663462481380E+001
      4767   2.35219751443826636800E+018   6.87570032529239796304E+001
      4768   2.35232629082728243200E+018   6.87681517527227583741E+001
      4769   2.35210981178227916800E+018   6.87536231699863691347E+001
      4770   2.35187640555394048000E+018   6.87466052659632822497E+001
      4771   2.35218600513863782400E+018   6.87654475960246287514E+001
      4772   2.35169742495910041600E+018   6.87405450939598381410E+001
      4773   2.35177273090327654400E+018   6.87475704869764427940E+001
      4774   2.35164498662419609600E+018   6.87385370674154927428E+001
      4775   2.35172252478494003200E+018   6.87477748695192616424E+001
      4776   2.35160946234469017600E+018   6.87401257692411178368E+001
      4777   2.35156679686414899200E+018   6.87376548614901281553E+001
      4778   2.35148202700430848000E+018   6.87322989983510836964E+001
      4779   2.35159853487885875200E+018   6.87376578538348326219E+001
      4780   2.35133145474599526400E+018   6.87226985011371453993E+001
      4781   2.35090955908773068800E+018   6.87038163558587342550E+001
      4782   2.35121005250032537600E+018   6.87208507746032495334E+001
      4783   2.35100500757442099200E+018   6.87089542943454461010E+001
      4784   2.35102313588589772800E+018   6.87079220119318136994E+001
      4785   2.35086888013534720000E+018   6.87017244575919363569E+001
      4786   2.35092972559748044800E+018   6.87043352256389994182E+001
      4787   2.35078818967066368000E+018   6.86942127734095038250E+001
      4788   2.35060649409192243200E+018   6.86844996825491591608E+001
      4789   2.35082551943827404800E+018   6.86964824878720747847E+001
      4790   2.35079071059484672000E+018   6.86973747974407729089E+001
      4791   2.35094139050539008000E+018   6.87035822340337887226E+001
      4792   2.35055880333957478400E+018   6.86817028356502419228E+001
      4793   2.35070197833966080000E+018   6.86895918480360734293E+001
      4794   2.35066202724845158400E+018   6.86866405783800360041E+001
      4795   2.35062318927993497600E+018   6.86866989333832549391E+001
      4796   2.35034950882489804800E+018   6.86759241975986327589E+001
      4797   2.35025289763266355200E+018   6.86725240112876775811E+001
      4798   2.35026845590624358400E+018   6.86709202466165464784E+001
      4799   2.35027773486769920000E+018   6.86747212541960152521E+001
      4800   2.34981904405553356800E+018   6.86484468271400061212E+001
      4801   2.34983210898781235200E+018   6.86495625941263512004E+001
      4802   2.35003213111019417600E+018   6.86595932443908196774E+001
      4803   2.34998850049789491200E+018   6.86543409902549086610E+001
      4804   2.35017178069155942400E+018   6.86666523158932307069E+001
      4805   2.34996696572073676800E+018   6.86557729967609589039E+001
      4806   2.34996507289516236800E+018   6.86557545750674051988E+001
      4807   2.35012938165306419200E+018   6.86636823039403196844E+001
      4808   2.35013741983359385600E+018   6.86631302748913157075E+001
      4809   2.35008578675928985600E+018   6.86606838615839478734E+001
      4810   2.35013459967389849600E+018   6.86615350774848138826E+001
      4811   2.35010559304839014400E+018   6.86627317577512030766E+001
      4812   2.35019259617334579200E+018   6.86668596883420008226E+001
      4813   2.35025554812420915200E+018   6.86698724176318791024E+001
      4814   2.35002559394088908800E+018   6.86571643021620872105E+001
      4815   2.34999424870963865600E+018   6.86562391997561576318E+001
      4816   2.35028237107643904000E+018   6.86679850634798043529E+001
      4817   2.35035580662170112000E+018   6.86714776905253785344E+001
      4818   2.35045269911288217600E+018   6.86774366333811627783E+001
      4819   2.35046573418704537600E+018   6.86754938158252912217E+001
      4820   2.35053617911881011200E+018   6.86805377519418840393E+001
      4821   2.35048936492091289600E+018   6.86791258939531417127E+001
      4822   2.35075506063840819200E+018   6.86904662104108325593E+001
      4823   2.35079758927953152000E+018   6.86933658806612896797E+001
      4824   2.35088858909911040000E+018   6.86980418983604579353E+001
      4825   2.35099985344627609600E+018   6.87012870077900146271E+001
      4826   2.35115156014076006400E+018   6.87109903054260513500E+001
      4827   2.35123388070668288000E+018   6.87142287416766919250E+001
      4828   2.35110384974710579200E+018   6.87098437814267839485E+001
      4829   2.35142692932862515200E+018   6.87273122231859900921E+001
      4830   2.35144814404756121600E+018   6.87255684954524213026E+001
      4831   2.35152407319162060800E+018   6.87308651250986741843E+001
      4832   2.35154851654956902400E+018   6.87330085962779122610E+001
      4833   2.35183229450359398400E+018   6.87468096494823583953E+001
      4834   2.35162027657452800000E+018   6.87357985194046960942E+001
      4835   2.35180558340394598400E+018   6.87439014512734161144E+001
      4836   2.35183679488062668800E+018   6.87470757085780377338E+001
      4837   2.35210534175700428800E+018   6.87604569001782266469E+001
      4838   2.35213228389552742400E+018   6.87631763947377550039E+001
      4839   2.35206578452986931200E+018   6.87572032207826424610E+001
      4840   2.35222698849502822400E+018   6.87651749147756419234E+001
      4841   2.35232415514883891200E+018   6.87715193583319290838E+001
      4842   2.35223885595951769600E+018   6.87647595140048935036E+001
      4843   2.35238872372003584000E+018   6.87743284449242793244E+001
      4844   2.35253665484475699200E+018   6.87812618777443702811E+001
      4845   2.35265336775008972800E+018   6.87876804922118338936E+001
      4846   2.35255928279066112000E+018   6.87820698055572705698E+001
      4847   2.35261856888298700800E+018   6.87860163394792607505E+001
      4848   2.35269689008682547200E+018   6.87895687806132372089E+001
      4849   2.35278231420311910400E+018   6.87946070730800016690E+001
      4850   2.35292574492211148800E+018   6.88032458151479602293E+001
      4851   2.35288229401810841600E+018   6.88006462769228051002E+001
      4852   2.35304628234218137600E+018   6.88102722978212142380E+001
      4853   2.35284683086071040000E+018   6.87995817522582768788E+001
      4854   2.35308501257013043200E+018   6.88129349006244979137E+001
      4855   2.34915300180557414400E+018   6.87595607901227339198E+001
      4856   2.33122559373059072000E+018   6.87007389163143216138E+001
      4857   2.31870650022516684800E+018   6.86641771053507596889E+001
      4858   2.31149372674277427200E+018   6.84892480937359664495E+001
      4859   2.31819835017388902400E+018   6.84226478377425593180E+001
      4860   2.31297850111033651200E+018   6.83083519441666027205E+001
      4861   2.32208295809483008000E+018   6.84504385494078064767E+001
      4862   2.31389364741175142400E+018   6.85365419672452418354E+001
      4863   2.32201819567549900800E+018   6.85361213383109344477E+001
      4864   2.32524929380669132800E+018   6.84569113372089219638E+001
      4865   2.32050413671417651200E+018   6.84829086610599233609E+001
      4866   2.32314735755556608000E+018   6.84753125981183217164E+001
      4867   2.32820740916892057600E+018   6.85031911353960509814E+001
      4868   2.32357362712345497600E+018   6.85015438599802592989E+001
      4869   2.32561801976924364800E+018   6.86130427061139442912E+001
      4870   2.33400707197911500800E+018   6.85852752150334339376E+001
      4871   2.34606056021594163200E+018   6.88212977387020572451E+001
      4872   2.35379902156204134400E+018   6.88560234500986325656E+001
      4873   2.35398273187175014400E+018   6.88658391443560873313E+001
      4874   2.35397855655222988800E+018   6.88658571213720165360E+001
      4875   2.30951558334259814400E+018   6.80747084729456446439E+001
      4876   2.30737796554038528000E+018   6.79547246401308484565E+001
      4877   2.31083325883875225600E+018   6.78839918196215421631E+001
      4878   2.31325403090439014400E+018   6.81170888800100868821E+001
      4879   2.30490744969620889600E+018   6.79217425898632427561E+001
      4880   2.31553509595754240000E+018   6.80370752622552004141E+001
      4881   2.31088446308673945600E+018   6.80521603815009115124E+001
      4882   2.31324339022477977600E+018   6.79618547786459288318E+001
      4883   2.31753775629899929600E+018   6.79652008615335461172E+001
      4884   2.31304027276109312000E+018   6.80570690231024997274E+001
      4885   2.31422130235123200000E+018   6.81944926871271945856E+001
      4886   2.30663878482324326400E+018   6.80534500917650433394E+001
      4887   2.31585677129912268800E+018   6.80325182985820475778E+001
      4888   2.32269338453088921600E+018   6.80825882447833237165E+001
      4889   2.31667298263960934400E+018   6.79958017195132669030E+001
      4890   2.32184630986673459200E+018   6.79828774935897399700E+001
      4891   2.31005001041458585600E+018   6.81212956900124027015E+001
      4892   2.32123759363098316800E+018   6.80630455968024961066E+001
      4893   2.33660615841353062400E+018   6.82785076861364217393E+001
      4894   2.34815471936595456000E+018   6.84071644020321087964E+001
      4895   2.34815594464818176000E+018   6.84060058968070876517E+001
      4896   2.34818752939048243200E+018   6.84093347130136777423E+001
      4897   2.34833334721698304000E+018   6.84166540516789609683E+001
      4898   2.34836712564058982400E+018   6.84185151807750457920E+001
      4899   2.34843688379389235200E+018   6.84216275223769656577E+001
      4900   2.34845171116163993600E+018   6.84232988135623259041E+001
      4901   2.34848407660207104000E+018   6.84252694669477392608E+001
      4902   2.34869172474059622400E+018   6.84362782668771956196E+001
      4903   2.34877815492076697600E+018   6.84415040230695268519E+001
      4904   2.34882830999477862400E+018   6.84447693798825298472E+001
      4905   2.34879420694778009600E+018   6.84436786032554351777E+001
      4906   2.34878307594772787200E+018   6.84450304988713043031E+001
      4907   2.34892873265242880000E+018   6.84502166798620663712E+001
      4908   2.34884725630138572800E+018   6.84462939679004023219E+001
      4909   2.34902370926002329600E+018   6.84556565231982432351E+001
      4910   2.34881844042668851200E+018   6.84468013123867393688E+001
      4911   2.34904775035836928000E+018   6.84615970551383412612E+001
      4912   2.34906618111355955200E+018   6.84592128993275537141E+001
      4913   2.34923607684882022400E+018   6.84701151991721843615E+001
      4914   2.34929662281035417600E+018   6.84731640859483121631E+001
      4915   2.34941103534323660800E+018   6.84803743101171846774E+001
      4916   2.34955208998107136000E+018   6.84864189712659481302E+001
      4917   2.34950583667844966400E+018   6.84823571114632585477E+001
      4918   2.34961751338526924800E+018   6.84899609480361988290E+001
      4919   2.34951022509390592000E+018   6.84848844840230839282E+001
      4920   2.34978869037494886400E+018   6.84981977282993881317E+001
      4921   2.34996123403513600000E+018   6.85068655273172595344E+001
      4922   2.34999686185957120000E+018   6.85104543351221764169E+001
      4923   2.34994885125937049600E+018   6.85075983504279548697E+001
      4924   2.34985744045648025600E+018   6.85038197795875589691E+001
      4925   2.35005757772818944000E+018   6.85134109131948889626E+001
      4926   2.35021795824232550400E+018   6.85223598496188515128E+001
      4927   2.35026766996722636800E+018   6.85231919098060444639E+001
      4928   2.35065694647275673600E+018   6.85481053526010413179E+001
      4929   2.35038015199410176000E+018   6.85322987505712291068E+001
      4930   2.35058298169177907200E+018   6.85418263008771333489E+001
      4931   2.35064515552720332800E+018   6.85451458193385860795E+001
      4932   2.35066513914486220800E+018   6.85463723858782287834E+001
      4933   2.35070323573353881600E+018   6.85501177130811072402E+001
      4934   2.35083642735041228800E+018   6.85546053975484852572E+001
      4935   2.35089411090283878400E+018   6.85571325802150539630E+001
      4936   2.35090855193579161600E+018   6.85583934852150491679E+001
      4937   2.35082659316388710400E+018   6.85528727538571160949E+001
      4938   2.35092786437685248000E+018   6.85589800701897473800E+001
      4939   2.35116234220193740800E+018   6.85700052445836689685E+001
      4940   2.35125092755241318400E+018   6.85737348511757573988E+001
      4941   2.35098650527323750400E+018   6.85579470722582868802E+001
      4942   2.35080336121237504000E+018   6.85514942990255917721E+001
      4943   2.35078188953842380800E+018   6.85498912323772060518E+001
      4944   2.35095547748539852800E+018   6.85574264010291329896E+001
      4945   2.35083566774562867200E+018   6.85535750460266086748E+001
      4946   2.35085441091846912000E+018   6.85514743249034523842E+001
      4947   2.35071170362178099200E+018   6.85447340249636880571E+001
      4948   2.35095260569258547200E+018   6.85553021754874407634E+001
      4949   2.35075610321711974400E+018   6.85467717690807916142E+001
      4950   2.35077386968786636800E+018   6.85464481054376619795E+001
      4951   2.35065209984174233600E+018   6.85421472261560182915E+001
      4952   2.35066776066713753600E+018   6.85411062021446184644E+001
      4953   2.35046705186818816000E+018   6.85318941071728175984E+001
      4954   2.35043985319122688000E+018   6.85294740586580104491E+001
      4955   2.35031406042871500800E+018   6.85205759209804483589E+001
      4956   2.35045038674546841600E+018   6.85327544641545927107E+001
      4957   2.35022430202652262400E+018   6.85168927600977184511E+001
      4958   2.35012880492356966400E+018   6.85129619789283168529E+001
      4959   2.35034234909317222400E+018   6.85244610056218874661E+001
      4960   2.34970747408269772800E+018   6.84918240632639481191E+001
      4961   2.35035380714230886400E+018   6.85227089900639754205E+001
      4962   2.34976884171491379200E+018   6.84914008674538621335E+001
      4963   2.35017297922801971200E+018   6.85136919777659585407E+001
      4964   2.34990361823787008000E+018   6.85008164935372008131E+001
      4965   2.34963497120050483200E+018   6.84871193001860802951E+001
      4966   2.34980054171388620800E+018   6.84918889399919095240E+001
      4967   2.34956697432865382400E+018   6.84818107089654262154E+001
      4968   2.34953979251159808000E+018   6.84817604883525206105E+001
      4969   2.34953569512321689600E+018   6.84802159166953714475E+001
      4970   2.34945793315388416000E+018   6.84749430308491326969E+001
      4971   2.34927550861834803200E+018   6.84665266678972415093E+001
      4972   2.34953440103934822400E+018   6.84796026766001943997E+001
      4973   2.34933145531073228800E+018   6.84690914134998251939E+001
      4974   2.34910567492526643200E+018   6.84584129647992227774E+001
      4975   2.34913531335581184000E+018   6.84631720550612072884E+001
      4976   2.34933837101702656000E+018   6.84718744160567780455E+001
      4977   2.34939982594243686400E+018   6.84781315091141209450E+001
      4978   2.34907967001738803200E+018   6.84588441544917287729E+001
      4979   2.34928951637246054400E+018   6.84673766305363784568E+001
      4980   2.34897376287419852800E+018   6.84505245855303883218E+001
      4981   2.34891048391724748800E+018   6.84517521112152138585E+001
      4982   2.34874273028908748800E+018   6.84410390682034375232E+001
      4983   2.34873744121827788800E+018   6.84404810094637241491E+001
      4984   2.34876283155922892800E+018   6.84416035165175884458E+001
      4985   2.34875137989962444800E+018   6.84412856048946451892E+001
      4986   2.34864384827969382400E+018   6.84313967443056014872E+001
      4987   2.34856496568111513600E+018   6.84329574328068730438E+001
      4988   2.34849457075933542400E+018   6.84292379323203476815E+001
      4989   2.34833934185095424000E+018   6.84184048218267690800E+001
      4990   2.34847267855152742400E+018   6.84225682352846433787E+001
      4991   2.34838242313536409600E+018   6.84180110216661319100E+001
      4992   2.34826189032087449600E+018   6.84134726599136655523E+001
      4993   2.34821127800450969600E+018   6.84094723131753426060E+001
      4994   2.34817885322305894400E+018   6.84063989925056716856E+001
      4995   2.34819983575027200000E+018   6.84086027091747865825E+001
      4996   2.34795981410314342400E+018   6.83979940490579991774E+001
      4997   2.34782702194555443200E+018   6.83904878666037632229E+001
      4998   2.34790241691635865600E+018   6.83953414536331223417E+001
      4999   2.34786261697340723200E+018   6.83919456392484192975E+001
      5000   2.34773602962842316800E+018   6.83891040641862701932E+001
      5001   2.34764296205378867200E+018   6.83847018816615559444E+001
      5002   2.34771498050376806400E+018   6.83868771523242884314E+001
      5003   2.34760144552144691200E+018   6.83832002444968907184E+001
      5004   2.34754465466650675200E+018   6.83779881611051365553E+001
      5005   2.34741486557229363200E+018   6.83675599888551346339E+001
      5006   2.34767040612651571200E+018   6.83772490083465527277E+001
      5007   2.34742126049595904000E+018   6.83726452819399952432E+001
      5008   2.34729212828859340800E+018   6.83625053653160676959E+001
      5009   2.34724957325609164800E+018   6.83632976076601011073E+001
      5010   2.34724799304422656000E+018   6.83555303516237273698E+001
      5011   2.34710956171257907200E+018   6.83542902640875382758E+001
      5012   2.34705086358649344000E+018   6.83539762983427294785E+001
      5013   2.34694971201734604800E+018   6.83391232747607233478E+001
      5014   2.34688176727466649600E+018   6.83380449784366561516E+001
      5015   2.34700245423775539200E+018   6.83398927553135138169E+001
      5016   2.34680923029278259200E+018   6.83335416755815003853E+001
      5017   2.34656554455148646400E+018   6.83200978551816717754E+001
      5018   2.34662760991512729600E+018   6.83232814159453454295E+001
      5019   2.34653970293645824000E+018   6.83105913473870458574E+001
      5020   2.34642957092468480000E+018   6.83136417097659887077E+001
      5021   2.34637128063459891200E+018   6.83062583615515706015E+001
      5022   2.34641637484756684800E+018   6.83098943963301650228E+001
      5023   2.34605948162131507200E+018   6.82893440907960211916E+001
      5024   2.34617882183154329600E+018   6.82957947534425215963E+001
      5025   2.34608426204213708800E+018   6.82939600785699099106E+001
      5026   2.34604701024570828800E+018   6.82911164290832601864E+001
      5027   2.34592869729270425600E+018   6.82840384260465498301E+001
      5028   2.34575624860834406400E+018   6.82755148991391394020E+001
      5029   2.34585245692472473600E+018   6.82754409827841897140E+001
      5030   2.34582086722712371200E+018   6.82731285597581774027E+001
      5031   2.34573417283653120000E+018   6.82719053758189744485E+001
      5032   2.34555716637057177600E+018   6.82635141430961311926E+001
      5033   2.34574159603843328000E+018   6.82716645343438557347E+001
      5034   2.34545772664008192000E+018   6.82598372474270718158E+001
      5035   2.34551651653549312000E+018   6.82564581555173930383E+001
      5036   2.34542317811226880000E+018   6.82557633985666001308E+001
      5037   2.34529618652326963200E+018   6.82472634069006858226E+001
      5038   2.34545562976466636800E+018   6.82560172597374616998E+001
      5039   2.34530269642138572800E+018   6.82516468952646704338E+001
      5040   2.34510533972511488000E+018   6.82400422870884000304E+001
      5041   2.34508811516574822400E+018   6.82385001777087296659E+001
      5042   2.34495020348302643200E+018   6.82320545811485743570E+001
      5043   2.34512147600619622400E+018   6.82418199122470099383E+001
      5044   2.34479258224947763200E+018   6.82237722166217253061E+001
      5045   2.34479335509704243200E+018   6.82232982661636100374E+001
      5046   2.34494667074996326400E+018   6.82280543214449863854E+001
      5047   2.34464988155521024000E+018   6.82152660866288584884E+001
      5048   2.34476766541614796800E+018   6.82172750365868836298E+001
      5049   2.34474645735976652800E+018   6.82155189237245735967E+001
      5050   2.34446016188238489600E+018   6.82009209288309676822E+001
      5051   2.34465357489160755200E+018   6.82103466721876117163E+001
      5052   2.34449865420564838400E+018   6.82039902485521452036E+001
      5053   2.34434419285254758400E+018   6.81970905477308662057E+001
      5054   2.34448268754450534400E+018   6.82001557968945917310E+001
      5055   2.34429419145838643200E+018   6.81935294692686397866E+001
      5056   2.34434038385899571200E+018   6.81974385914175940115E+001
      5057   2.34416932145020262400E+018   6.81854653253046620875E+001
      5058   2.34428977003225036800E+018   6.81899488711980978906E+001
      5059   2.34419590465182003200E+018   6.81882614572436835942E+001
      5060   2.34411767123178342400E+018   6.81848502617878011733E+001
      5061   2.34399607760954931200E+018   6.81755360160011179005E+001
      5062   2.34396737505377228800E+018   6.81790120166564719284E+001
      5063   2.34394860795265894400E+018   6.81791819000529670802E+001
      5064   2.34388663924515430400E+018   6.81801576041688832674E+001
      5065   2.34384964366995200000E+018   6.81772974138382323872E+001
      5066   2.34381749058431744000E+018   6.81744349236136457648E+001
      5067   2.34359490843859148800E+018   6.81633765298302307656E+001
      5068   2.34372340675321907200E+018   6.81701312961732242002E+001
      5069   2.34351937271922790400E+018   6.81574730539351065772E+001
      5070   2.34352131587861504000E+018   6.81596840064966045247E+001
      5071   2.34334161981045913600E+018   6.81545591757800792720E+001
      5072   2.34359964651587020800E+018   6.81645386254073599730E+001
      5073   2.34306999281831321600E+018   6.81328535986885412967E+001
      5074   2.34321482383563929600E+018   6.81423006991062294446E+001
      5075   2.34313553104786380800E+018   6.81372668619891328490E+001
      5076   2.34327878785777305600E+018   6.81422645079816646785E+001
      5077   2.34302847045071411200E+018   6.81291653796116634112E+001
      5078   2.34337014340743628800E+018   6.81506927816936922682E+001
      5079   2.34301127296280012800E+018   6.81294809244312347118E+001
      5080   2.34310069382466508800E+018   6.81335181013767368086E+001
      5081   2.34302066668828569600E+018   6.81306823804653305388E+001
      5082   2.34283252829907712000E+018   6.81213182466036784035E+001
      5083   2.34262593204656384000E+018   6.81092577880263689849E+001
      5084   2.34265548799714560000E+018   6.81099916268991876223E+001
      5085   2.34247112367333068800E+018   6.81033902579797398857E+001
      5086   2.34217837466016102400E+018   6.80899323801162381642E+001
      5087   2.34215630546779084800E+018   6.80886452756285933674E+001
      5088   2.34220810881190758400E+018   6.80918727954768741029E+001
      5089   2.34246380355395891200E+018   6.81044462839274302723E+001
      5090   2.34242367692696371200E+018   6.81025771948430218572E+001
      5091   2.34218052958285004800E+018   6.80877362293465608900E+001
      5092   2.34219704714479923200E+018   6.80906077477674642751E+001
      5093   2.34227040310492979200E+018   6.80926299135560242348E+001
      5094   2.34228734957071001600E+018   6.80932422915520447759E+001
      5095   2.34231980774846976000E+018   6.80948275019195534696E+001
      5096   2.34234801413058560000E+018   6.80969978537040674382E+001
      5097   2.34229062968533657600E+018   6.80943723347504459298E+001
      5098   2.34249502966849996800E+018   6.81046468916504750268E+001
      5099   2.34255123052500940800E+018   6.81079161373558576997E+001
      5100   2.34242666320739686400E+018   6.81000227235220592092E+001
      5101   2.34250337344987750400E+018   6.81036012473593501682E+001
      5102   2.34241207747960985600E+018   6.80995435164842319864E+001
      5103   2.34262948850865100800E+018   6.81083077466390278687E+001
      5104   2.34251955200711987200E+018   6.81040282512005461513E+001
      5105   2.34277063715498803200E+018   6.81167355077010228115E+001
      5106   2.34280185181835929600E+018   6.81206039083910468435E+001
      5107   2.34287495614669363200E+018   6.81216299274556291721E+001
      5108   2.34295717310936524800E+018   6.81247598919281216467E+001
      5109   2.34318974929116569600E+018   6.81395489855593723405E+001
      5110   2.34309647171057049600E+018   6.81338556813873168494E+001
      5111   2.34327528823500492800E+018   6.81437447718274853514E+001
      5112   2.34309408090635008000E+018   6.81311603326565631278E+001
      5113   2.34337875738177228800E+018   6.81492231399302283990E+001
      5114   2.34338840683659366400E+018   6.81502047943536268804E+001
      5115   2.34356970188647987200E+018   6.81590534985856066896E+001
      5116   2.34358626211233587200E+018   6.81587489347311361598E+001
      5117   2.34360025767728793600E+018   6.81602467781205376696E+001
      5118   2.34353125534616320000E+018   6.81568525886180509588E+001
      5119   2.34372517429872076800E+018   6.81663643291593928097E+001
      5120   2.34397703357142323200E+018   6.81816487496732150930E+001
      5121   2.34409805206050713600E+018   6.81869185133727739867E+001
      5122   2.34385480918454425600E+018   6.81726608636080442238E+001
      5123   2.34382437255958425600E+018   6.81712098086766076221E+001
      5124   2.34412495996124569600E+018   6.81890265434577287351E+001
      5125   2.34422026361050931200E+018   6.81951571265936280497E+001
      5126   2.34411770151360153600E+018   6.81881840818625590828E+001
      5127   2.34427780745598617600E+018   6.81964187101485634912E+001
      5128   2.34424296758108672000E+018   6.81955892857194356793E+001
      5129   2.34446835277215078400E+018   6.82058313366338211381E+001
      5130   2.34440842014774374400E+018   6.82031505033352090095E+001
      5131   2.34443967250662809600E+018   6.82047633128725721008E+001
      5132   2.34465728489827072000E+018   6.82175736678130846258E+001
      5133   2.34469210546931148800E+018   6.82179128568849364456E+001
      5134   2.34464014144454041600E+018   6.82160719721221084910E+001
      5135   2.34476343417501491200E+018   6.82231200819445433581E+001
      5136   2.34484375123730432000E+018   6.82251668581182713069E+001
      5137   2.34482063757523097600E+018   6.82251539889165172781E+001
      5138   2.34496499167524300800E+018   6.82338050972735317146E+001
      5139   2.34504589262095001600E+018   6.82367040748913069592E+001
      5140   2.34513886354932019200E+018   6.82428512710812498199E+001
      5141   2.34329703955933696000E+018   6.82207801681361587498E+001
      5142   2.33467881573584128000E+018   6.81599515365591770433E+001
      5143   2.32068985656689766400E+018   6.80388695834815138141E+001
      5144   2.31256636598666240000E+018   6.80451501589922003177E+001
      5145   2.32160166251880652800E+018   6.79519659797681612190E+001
      5146   2.31949677014418585600E+018   6.79943102048931820036E+001
      5147   2.32036573969684736000E+018   6.79145401784580968751E+001
      5148   2.30575653307578393600E+018   6.77708661406206829270E+001
      5149   2.30688782027677235200E+018   6.79244228758438879368E+001
      5150   2.31451913077767731200E+018   6.79918692286697137206E+001
      5151   2.31497842588223641600E+018   6.79233942377352946096E+001
      5152   2.31094880391435724800E+018   6.80668019839298636953E+001
      5153   2.31794188358295603200E+018   6.79645699679232819790E+001
      5154   2.31139991988288665600E+018   6.79371360608648160451E+001
      5155   2.31996408069165875200E+018   6.78807627925220344878E+001
      5156   2.31469051049873510400E+018   6.79578999232618201631E+001
      5157   2.30900334982693273600E+018   6.79024401196290199323E+001
      5158   2.31014426070498662400E+018   6.79954738429447758108E+001
      5159   2.30803884253555456000E+018   6.78287773518193688460E+001
      5160   2.30357108992919910400E+018   6.79920237636339379605E+001
      5161   2.30423351580533222400E+018   6.75619034460050755797E+001
      5162   2.30366110921186099200E+018   6.74997669742250963054E+001
      5163   2.30119269924489907200E+018   6.74054607833654131355E+001
      5164   2.30535956140760704000E+018   6.74694760548441934134E+001
      5165   2.30602344377459763200E+018   6.74983685594794877716E+001
      5166   2.30173477231748249600E+018   6.74436152000595257050E+001
      5167   2.30497684647877529600E+018   6.74617437681904021929E+001
      5168   2.30484352147681996800E+018   6.75108044742418087480E+001
      5169   2.30770096069943244800E+018   6.74380585338226268277E+001
      5170   2.30673853040496793600E+018   6.76044923221136428992E+001
      5171   2.30303544610320000000E+018   6.76407186503133317501E+001
      5172   2.31222702017491609600E+018   6.75456181976267657774E+001
      5173   2.31236127613558016000E+018   6.74798925049536393317E+001
      5174   2.30874238210258636800E+018   6.74835613719517795062E+001
      5175   2.31532169485380659200E+018   6.74608607082226541252E+001
      5176   2.31078042209126195200E+018   6.74230818552389479237E+001
      5177   2.31354644204640358400E+018   6.75271317289748509438E+001
      5178   2.32716036134349260800E+018   6.76323831564959760954E+001
      5179   2.33430503621163724800E+018   6.77620665933859100960E+001
      5180   2.34040519841357619200E+018   6.78336992483967406997E+001
      5181   2.34059223512797491200E+018   6.78439001885954411364E+001
      5182   2.34061374975993651200E+018   6.78448350411273821692E+001
      5183   2.34071386322708940800E+018   6.78514590971247315565E+001
      5184   2.34068493376083865600E+018   6.78501014282110332942E+001
      5185   2.34087239484382208000E+018   6.78605128888685698030E+001
      5186   2.34082444003402188800E+018   6.78564331078233777816E+001
      5187   2.34079940089251276800E+018   6.78568922390977178338E+001
      5188   2.34100472112304588800E+018   6.78670722551344169915E+001
      5189   2.34107576479108403200E+018   6.78712979233403501667E+001
      5190   2.34114716886423859200E+018   6.78747025776910817285E+001
      5191   2.34119342237252659200E+018   6.78782448853573612269E+001
      5192   2.34114387139328921600E+018   6.78752158862723007360E+001
      5193   2.34115364418806784000E+018   6.78765560530381151239E+001
      5194   2.34132574972669644800E+018   6.78849027646007954218E+001
      5195   2.34144572130356428800E+018   6.78925322934163517630E+001
      5196   2.34132873359797862400E+018   6.78867382489681432389E+001
      5197   2.34140745013411891200E+018   6.78908323543160889812E+001
      5198   2.34150865285239859200E+018   6.78962845026544385973E+001
      5199   2.34169025653428019200E+018   6.79044953915997524518E+001
      5200   2.34186618038323456000E+018   6.79120854821658923584E+001
      5201   2.34171027675096627200E+018   6.79046265980527010697E+001
      5202   2.34180902898672896000E+018   6.79108241391482465588E+001
      5203   2.34189645479036876800E+018   6.79163638086728269627E+001
      5204   2.34205180520602777600E+018   6.79237164290928490118E+001
      5205   2.34233498179237785600E+018   6.79393460293819231310E+001
      5206   2.34229358712691814400E+018   6.79369033454885453693E+001
      5207   2.34230336493583001600E+018   6.79374297967655138564E+001
      5208   2.34261990104006348800E+018   6.79527859008640433558E+001
      5209   2.34238219399765811200E+018   6.79411151675993494337E+001
      5210   2.34263251857646592000E+018   6.79551589363163230928E+001
      5211   2.34258700143317145600E+018   6.79526000513921530910E+001
      5212   2.34250266766916403200E+018   6.79481462441564048049E+001
      5213   2.34252724239615539200E+018   6.79488728957032748212E+001
      5214   2.34275813342871193600E+018   6.79620086327284980143E+001
      5215   2.34291043573656934400E+018   6.79715676984210830369E+001
      5216   2.34295405292828313600E+018   6.79720730510455695139E+001
      5217   2.34302376753028556800E+018   6.79777981723931503666E+001
      5218   2.34316089823483801600E+018   6.79833067895938683023E+001
      5219   2.34286299256696678400E+018   6.79679121474232772471E+001
      5220   2.34313328850280192000E+018   6.79857195712962294465E+001
      5221   2.34309753063429171200E+018   6.79799696420721915047E+001
      5222   2.34279780535749222400E+018   6.79624502268683272632E+001
      5223   2.34318108617892505600E+018   6.79853026181944386508E+001
      5224   2.34308557280195532800E+018   6.79811386999932238950E+001
      5225   2.34271119624603238400E+018   6.79594665659948020675E+001
      5226   2.34292771885568563200E+018   6.79723708675345932306E+001
      5227   2.34315072033967769600E+018   6.79821126670268114367E+001
      5228   2.34301803724158310400E+018   6.79752704250073662706E+001
      5229   2.34286610332209817600E+018   6.79638130793086503445E+001
      5230   2.34301097188347238400E+018   6.79754517715754076335E+001
      5231   2.34292203055223500800E+018   6.79706004006967958730E+001
      5232   2.34323109891594700800E+018   6.79899628415719803343E+001
      5233   2.34278074823774822400E+018   6.79593534129239031927E+001
      5234   2.34280058542532096000E+018   6.79635848795556256619E+001
      5235   2.34283601022161203200E+018   6.79650070701522537320E+001
      5236   2.34253346721250355200E+018   6.79475288605451197554E+001
      5237   2.34265998334368051200E+018   6.79562484381950753232E+001
      5238   2.34265123384318105600E+018   6.79536800996920362650E+001
      5239   2.34274061833272780800E+018   6.79621065778304824789E+001
      5240   2.34259639157629132800E+018   6.79510143636836829728E+001
      5241   2.34248098151445094400E+018   6.79470271857989160935E+001
      5242   2.34239852486997350400E+018   6.79408798259856183677E+001
      5243   2.34233700827567769600E+018   6.79373042485773481758E+001
      5244   2.34204950310559180800E+018   6.79218966550449891884E+001
      5245   2.34244945569392384000E+018   6.79455320212642703837E+001
      5246   2.34230713413498163200E+018   6.79350848468708221617E+001
      5247   2.34199972316300800000E+018   6.79175872515932610440E+001
      5248   2.34215304406998169600E+018   6.79228832131169042441E+001
      5249   2.34212376764000256000E+018   6.79261320749553902942E+001
      5250   2.34169619282755430400E+018   6.79040419397542081015E+001
      5251   2.34205311278539059200E+018   6.79202931980536419587E+001
      5252   2.34188872049381888000E+018   6.79142460375816909846E+001
      5253   2.34201336881542400000E+018   6.79191991076675662953E+001
      5254   2.34178212980442163200E+018   6.79078658085575881387E+001
      5255   2.34167107249760409600E+018   6.79038673859079295880E+001
      5256   2.34164571078901196800E+018   6.79008070767149121139E+001
      5257   2.34137672794331033600E+018   6.78887640198210675635E+001
      5258   2.34144922720217907200E+018   6.78906332767633102776E+001
      5259   2.34123357498805196800E+018   6.78801439040413328030E+001
      5260   2.34130543836826982400E+018   6.78850481165878960610E+001
      5261   2.34125373715720345600E+018   6.78814044004433156942E+001
      5262   2.34100432194309324800E+018   6.78721493680899357059E+001
      5263   2.34111976882546022400E+018   6.78725878767672270442E+001
      5264   2.34125829006555443200E+018   6.78816226751488898117E+001
      5265   2.34108030648470732800E+018   6.78704773769720759446E+001
      5266   2.34100430530132582400E+018   6.78659154224334457695E+001
      5267   2.34107745712887040000E+018   6.78756051036136796029E+001
      5268   2.34104054923058739200E+018   6.78680909010966786354E+001
      5269   2.34072861391033446400E+018   6.78558976664425017589E+001
      5270   2.34073753126432921600E+018   6.78550787653149001244E+001
      5271   2.34069004812105830400E+018   6.78510097063848007792E+001
      5272   2.34063489043732172800E+018   6.78505485796429326228E+001
      5273   2.34062153461890969600E+018   6.78486561099240361727E+001
      5274   2.34046777582694246400E+018   6.78372817618988648292E+001
      5275   2.34061283644798771200E+018   6.78453157467899359290E+001
      5276   2.34049897703646617600E+018   6.78441288569205767089E+001
      5277   2.34065463326323968000E+018   6.78428185103050651605E+001
      5278   2.34037428256615321600E+018   6.78321748291105279804E+001
      5279   2.34035203979779686400E+018   6.78308210993599942640E+001
      5280   2.34031370119406745600E+018   6.78294883445435488056E+001
      5281   2.34028482999676620800E+018   6.78280641538196675810E+001
      5282   2.34022686878821017600E+018   6.78257823330459785893E+001
      5283   2.33995386504654540800E+018   6.78145424731100092686E+001
      5284   2.34006775884313292800E+018   6.78152484484212010329E+001
      5285   2.33997467262974208000E+018   6.78124074724005367898E+001
      5286   2.33998765905878220800E+018   6.78104141822876158585E+001
      5287   2.33967172527894374400E+018   6.77971163292832699199E+001
      5288   2.33976382280211712000E+018   6.78005305416029955268E+001
      5289   2.33952381520119961600E+018   6.77923701897857569065E+001
      5290   2.33956146673638656000E+018   6.77937575068044679938E+001
      5291   2.33948645457092403200E+018   6.77905288088960702453E+001
      5292   2.33956251725768192000E+018   6.77963176008934880201E+001
      5293   2.33944815781676646400E+018   6.77895609969009598217E+001
      5294   2.33929140674261811200E+018   6.77805116705294352641E+001
      5295   2.33924861567255910400E+018   6.77757938469878808974E+001
      5296   2.33920247108786176000E+018   6.77773145530354668153E+001
      5297   2.33933162759987097600E+018   6.77756979266822270347E+001
      5298   2.33906273640896204800E+018   6.77638486208571322322E+001
      5299   2.33913784919889868800E+018   6.77661923071497511728E+001
      5300   2.33906003169096652800E+018   6.77608687340478468286E+001
      5301   2.33887237105427251200E+018   6.77557811967163985400E+001
      5302   2.33888212605690316800E+018   6.77501336562244347306E+001
      5303   2.33875205509804800000E+018   6.77443356468935036219E+001
      5304   2.33873249842591692800E+018   6.77439909625947791483E+001
      5305   2.33876092212662272000E+018   6.77452651069478974932E+001
      5306   2.33872819609075200000E+018   6.77397772812997374103E+001
      5307   2.33844279242814361600E+018   6.77212973508867293049E+001
      5308   2.33836109137801574400E+018   6.77213974452618714395E+001
      5309   2.33833048987292825600E+018   6.77160274254624283685E+001
      5310   2.33821163016425779200E+018   6.77121605649206230737E+001
      5311   2.33828389499754956800E+018   6.77133017055782460147E+001
      5312   2.33831286599729715200E+018   6.77125985095287887816E+001
      5313   2.33803263083650662400E+018   6.77027571192609798345E+001
      5314   2.33810337001399705600E+018   6.77085172758224445033E+001
      5315   2.33817990735769088000E+018   6.77084594476403509589E+001
      5316   2.33797217023806515200E+018   6.77013642816511804767E+001
      5317   2.33776248362722406400E+018   6.76871937653879029995E+001
      5318   2.33783074430813337600E+018   6.76920358148032477175E+001
      5319   2.33786713933359206400E+018   6.76882826708322937748E+001
      5320   2.33770984569189120000E+018   6.76817139054130478826E+001
      5321   2.33772462627546624000E+018   6.76844679469574685982E+001
      5322   2.33771927815802777600E+018   6.76815157349677605225E+001
      5323   2.33773937710473574400E+018   6.76819529839545879213E+001
      5324   2.33743782153919948800E+018   6.76682616570591193295E+001
      5325   2.33748389991229747200E+018   6.76732528641329480479E+001
      5326   2.33739486774272768000E+018   6.76664734780946872661E+001
      5327   2.33746428966676480000E+018   6.76670048743707184258E+001
      5328   2.33728675535532953600E+018   6.76573960648280063879E+001
      5329   2.33720309931470387200E+018   6.76508988267848252462E+001
      5330   2.33721973570470400000E+018   6.76555436738559734522E+001
      5331   2.33716978598677401600E+018   6.76537912572596695782E+001
      5332   2.33717965409731532800E+018   6.76521097313393227068E+001
      5333   2.33700945113721907200E+018   6.76411983049387544042E+001
      5334   2.33703481956002252800E+018   6.76431635275782099370E+001
      5335   2.33694707324115968000E+018   6.76403524808229263954E+001
      5336   2.33697329485311180800E+018   6.76433255954274130772E+001
      5337   2.33692058730299187200E+018   6.76436149706786551405E+001
      5338   2.33689954511099596800E+018   6.76401878599444472684E+001
      5339   2.33656527831982233600E+018   6.76270771355615778475E+001
      5340   2.33666588225392640000E+018   6.76300881368523079118E+001
      5341   2.33651815395280588800E+018   6.76221114803703358120E+001
      5342   2.33658214094416640000E+018   6.76219587778010122747E+001
      5343   2.33641360814591948800E+018   6.76147919361375215885E+001
      5344   2.33637767443032627200E+018   6.76124336838134496475E+001
      5345   2.33628927701491046400E+018   6.76079284779654443582E+001
      5346   2.33637310148123852800E+018   6.76089875591092237528E+001
      5347   2.33627850419040256000E+018   6.76046507592904930561E+001
      5348   2.33623453495493529600E+018   6.76008645568727928321E+001
      5349   2.33619071903208038400E+018   6.76030791013869389872E+001
      5350   2.33608617797272678400E+018   6.75979492606224994233E+001
      5351   2.33612912149280307200E+018   6.76025546917415312009E+001
      5352   2.33613535585790105600E+018   6.76044363001705761462E+001
      5353   2.33589794330322432000E+018   6.75915534868072853669E+001
      5354   2.33578004257184563200E+018   6.75858737334107928518E+001
      5355   2.33591643377347481600E+018   6.75898937036111107091E+001
      5356   2.33576443876734822400E+018   6.75831352968678373827E+001
      5357   2.33557394151333836800E+018   6.75713129661823899141E+001
      5358   2.33554134245700966400E+018   6.75684499564603839872E+001
      5359   2.33529117104240281600E+018   6.75564664962719803043E+001
      5360   2.33575312619832729600E+018   6.75818645048261856800E+001
      5361   2.33534697804657766400E+018   6.75580710990250992154E+001
      5362   2.33537533255506022400E+018   6.75612404786790534672E+001
      5363   2.33537673294126899200E+018   6.75603099109701901170E+001
      5364   2.33538857723605708800E+018   6.75631425894311234970E+001
      5365   2.33528810603656857600E+018   6.75566970171699097136E+001
      5366   2.33535709117506662400E+018   6.75632196869046168786E+001
      5367   2.33533490127399782400E+018   6.75606627165813478086E+001
      5368   2.33520853191151001600E+018   6.75514069274598938364E+001
      5369   2.33495414797572300800E+018   6.75410610076732922380E+001
      5370   2.33500688517242060800E+018   6.75418211223703224277E+001
      5371   2.33501324234783692800E+018   6.75414755315783708056E+001
      5372   2.33468139505530982400E+018   6.75254533591685088822E+001
      5373   2.33484414635174758400E+018   6.75364376067662561809E+001
      5374   2.33468579744962560000E+018   6.75291042183619225625E+001
      5375   2.33491999576787763200E+018   6.75369773604950864865E+001
      5376   2.33487230090508492800E+018   6.75364862622506052503E+001
      5377   2.33482793336498534400E+018   6.75356480015118023630E+001
      5378   2.33493667720783462400E+018   6.75400322933052592589E+001
      5379   2.33484184013640243200E+018   6.75347396170757434675E+001
      5380   2.33485665363795507200E+018   6.75381455291570773625E+001
      5381   2.33492624853411379200E+018   6.75402294471233517470E+001
      5382   2.33509384606591385600E+018   6.75491660084506975181E+001
      5383   2.33475356516384870400E+018   6.75307467855231635667E+001
      5384   2.33467143138067251200E+018   6.75274439859959869636E+001
      5385   2.33499270389846169600E+018   6.75445155966498731459E+001
      5386   2.33521119541592627200E+018   6.75519841456383289824E+001
      5387   2.33494962549938841600E+018   6.75411555567285688539E+001
      5388   2.33525553833455616000E+018   6.75549638956493225805E+001
      5389   2.33537950527119257600E+018   6.75629988455510073209E+001
      5390   2.33504542235863193600E+018   6.75457821142948517945E+001
      5391   2.33551385848346060800E+018   6.75715378614093964416E+001
      5392   2.33519664820826777600E+018   6.75540160950101693516E+001
      5393   2.33525085330768742400E+018   6.75572574889777115459E+001
      5394   2.33559644996543897600E+018   6.75731994219709264371E+001
      5395   2.33548619991882956800E+018   6.75680498112746334982E+001
      5396   2.33556704321953177600E+018   6.75713209529054950053E+001
      5397   2.33536602256937728000E+018   6.75604522456352754034E+001
      5398   2.33580867314838118400E+018   6.75832679418053317022E+001
      5399   2.33583818752506470400E+018   6.75874175467300091213E+001
      5400   2.33591097064695091200E+018   6.75916805534880751338E+001
      5401   2.33603958939348070400E+018   6.75977816712556460743E+001
      5402   2.33617360043797708800E+018   6.76039863889836425415E+001
      5403   2.33618475471568793600E+018   6.76042582438982009307E+001
      5404   2.33595254361932902400E+018   6.75943810044993682595E+001
      5405   2.33628775343301171200E+018   6.76119017152041124064E+001
      5406   2.33614461585081190400E+018   6.76025200219024924309E+001
      5407   2.33639622178618726400E+018   6.76179432404459106465E+001
      5408   2.33627181368479744000E+018   6.76095442593046271895E+001
      5409   2.33648211251685478400E+018   6.76210299305673316894E+001
      5410   2.33658312365493196800E+018   6.76275655668778341578E+001
      5411   2.33658686708015411200E+018   6.76283237112963178106E+001
      5412   2.33665775484058624000E+018   6.76324890833846552596E+001
      5413   2.33671428422409062400E+018   6.76351244991752338365E+001
      5414   2.33684184183881881600E+018   6.76422738567523680331E+001
      5415   2.33689753248506265600E+018   6.76453811498632688881E+001
      5416   2.33690690715778560000E+018   6.76461593075380562823E+001
      5417   2.33697346067776716800E+018   6.76481712155703007738E+001
      5418   2.33697370411186944000E+018   6.76484787891720742437E+001
      5419   2.33700399110997094400E+018   6.76488175440053254306E+001
      5420   2.33713054482024652800E+018   6.76568494986811970193E+001
      5421   2.33720559158051737600E+018   6.76612905901320687008E+001
      5422   2.33728149140389017600E+018   6.76651086976490034886E+001
      5423   2.33215487369784524800E+018   6.76641050862676110000E+001
      5424   2.32891409723732633600E+018   6.75334840525638497866E+001
      5425   2.30827820647620352000E+018   6.74731744770568724334E+001
      5426   2.31434565738477721600E+018   6.73867188837756430075E+001
      5427   2.31039882197515571200E+018   6.73265326939238946125E+001
      5428   2.30968504547011993600E+018   6.74090957097092626782E+001
      5429   2.30147615036190361600E+018   6.74134293554669170589E+001
      5430   2.30582133659498982400E+018   6.73434832691664269078E+001
      5431   2.30791878299655475200E+018   6.72612959470962294972E+001
      5432   2.30183322858397056000E+018   6.73977438628335505655E+001
      5433   2.31240228423491686400E+018   6.73056451515568738841E+001
      5434   2.30898105608258713600E+018   6.73917816568992122939E+001
      5435   2.30136861757489075200E+018   6.73855606228782590961E+001
      5436   2.31195072023632486400E+018   6.72847012169011264859E+001
      5437   2.29501714364284083200E+018   6.73484708800168903053E+001
      5438   2.29630564628493465600E+018   6.72701478835545145785E+001
      5439   2.29984510929911091200E+018   6.73511375854500471405E+001
      5440   2.30390958961337446400E+018   6.74228463745947266261E+001
      5441   2.30043252076702105600E+018   6.73851165134080360986E+001
      5442   2.28867146926136396800E+018   6.74261374910986290843E+001
      5443   2.28901637296452377600E+018   6.68730827512939782764E+001
      5444   2.29936703398571545600E+018   6.68899343129395305141E+001
      5445   2.29720530634153318400E+018   6.67985778382301731426E+001
      5446   2.30242833650180198400E+018   6.70139235059421736196E+001
      5447   2.30349199734830412800E+018   6.69014686999545631352E+001
      5448   2.29727100867989964800E+018   6.69777251116108232054E+001
      5449   2.29830018418059750400E+018   6.67832977938059428880E+001
      5450   2.30929365960053145600E+018   6.68916966150794820578E+001
      5451   2.30213164021834419200E+018   6.69622368485117220871E+001
      5452   2.30411904919554432000E+018   6.69092970764676095996E+001
      5453   2.30209927070680652800E+018   6.68908916649945979316E+001
      5454   2.30421795104823961600E+018   6.69903684921087716475E+001
      5455   2.29747815974670412800E+018   6.68783042043374251762E+001
      5456   2.30708955315884646400E+018   6.69942783045111127649E+001
      5457   2.29759190086906982400E+018   6.70016952585773282181E+001
      5458   2.30073893128340992000E+018   6.70381138551713178231E+001
      5459   2.31390636868418304000E+018   6.70929319768195142615E+001
      5460   2.32301363680280780800E+018   6.71597734417391336592E+001
      5461   2.32540136288172236800E+018   6.72436728607938078994E+001
      5462   2.33034062153578342400E+018   6.72541162717160858620E+001
      5463   2.33339069762390323200E+018   6.72856969794567305598E+001
      5464   2.33344996200659507200E+018   6.72895604698809677302E+001
      5465   2.33350623926630860800E+018   6.72928400824836927541E+001
      5466   2.33361565758486169600E+018   6.72980914088403352480E+001
      5467   2.33367444149951232000E+018   6.73040100390236517569E+001
      5468   2.33373238608347187200E+018   6.73053871263155514271E+001
      5469   2.33360023213276620800E+018   6.72990752605102784401E+001
      5470   2.33396806620941824000E+018   6.73198240253386046561E+001
      5471   2.33381476005989888000E+018   6.73099842105782926183E+001
      5472   2.33390279010660403200E+018   6.73162556172398041099E+001
      5473   2.33380287726831155200E+018   6.73129803013311942550E+001
      5474   2.33417014903240857600E+018   6.73306556707533729877E+001
      5475   2.33413214443699660800E+018   6.73304622618702666159E+001
      5476   2.33414986926263552000E+018   6.73294757727166484074E+001
      5477   2.33412852024569600000E+018   6.73306627101890740050E+001
      5478   2.33431541327180083200E+018   6.73391942490869865878E+001
      5479   2.33439436745846476800E+018   6.73417529053432559749E+001
      5480   2.33436038623425843200E+018   6.73417603247167022573E+001
      5481   2.33449186372146278400E+018   6.73496716733189799697E+001
      5482   2.33464315618639564800E+018   6.73570277329802564736E+001
      5483   2.33449864818228940800E+018   6.73487201542355506945E+001
      5484   2.33458200109303296000E+018   6.73533535031970274076E+001
      5485   2.33472361798041958400E+018   6.73620098456289042588E+001
      5486   2.33478625041513779200E+018   6.73641286377673509378E+001
      5487   2.33522124708458547200E+018   6.73874100168541900757E+001
      5488   2.33524577826923929600E+018   6.73865782059606459597E+001
      5489   2.33513956898531481600E+018   6.73824130405555905554E+001
      5490   2.33502370745600460800E+018   6.73747261825194101448E+001
      5491   2.33524720217067264000E+018   6.73910024509521434766E+001
      5492   2.33511382615583027200E+018   6.73805634480113155860E+001
      5493   2.33538057276376780800E+018   6.73960096060404367790E+001
      5494   2.33523353948837683200E+018   6.73891156403515907414E+001
      5495   2.33559272274728089600E+018   6.74097050910256285761E+001
      5496   2.33584461833686630400E+018   6.74205449477396285829E+001
      5497   2.33537365337281075200E+018   6.73981212494580148586E+001
      5498   2.33550486795790336000E+018   6.74017389368389245874E+001
      5499   2.33568261603700480000E+018   6.74119378287941088956E+001
      5500   2.33560439394183372800E+018   6.74055750588803022083E+001
      5501   2.33561002437585868800E+018   6.74075715721686066217E+001
      5502   2.33535922129593139200E+018   6.73940010130532840549E+001
      5503   2.33545857168134553600E+018   6.73995125453043755215E+001
      5504   2.33551595269669376000E+018   6.74041632122758329615E+001
      5505   2.33537396537937868800E+018   6.73977842873537298374E+001
      5506   2.33562580053390336000E+018   6.74096590809178479731E+001
      5507   2.33558535424622284800E+018   6.74086463046464388071E+001
      5508   2.33553703343112857600E+018   6.74029361152211095032E+001
      5509   2.33538853860992563200E+018   6.73956984006619990168E+001
      5510   2.33564699158167552000E+018   6.74095953626329986719E+001
      5511   2.33539750685233356800E+018   6.73979200428112932286E+001
      5512   2.33552498307919923200E+018   6.74030441847350800799E+001
      5513   2.33542492452481228800E+018   6.73961100544032802873E+001
      5514   2.33531756479000985600E+018   6.73901580766523551347E+001
      5515   2.33517443956013772800E+018   6.73847396197936490125E+001
      5516   2.33541921176240281600E+018   6.73978917128394527936E+001
      5517   2.33538060977250508800E+018   6.73958524163365382265E+001
      5518   2.33506868322417049600E+018   6.73795398444298854201E+001
      5519   2.33501462185189785600E+018   6.73792888450717413207E+001
      5520   2.33504412927187968000E+018   6.73791151459194850304E+001
      5521   2.33484294947764172800E+018   6.73694932640964907478E+001
      5522   2.33502616110656460800E+018   6.73784878932845714417E+001
      5523   2.33472856827174707200E+018   6.73627478166722966080E+001
      5524   2.33465491233051392000E+018   6.73554706906069355909E+001
      5525   2.33477181601382451200E+018   6.73621822974988049282E+001
      5526   2.33445840018596505600E+018   6.73461088146066657600E+001
      5527   2.33427144188045158400E+018   6.73388871961581116921E+001
      5528   2.33441929524570163200E+018   6.73440132610772508315E+001
      5529   2.33444751466564864000E+018   6.73458394895270657798E+001
      5530   2.33456050730216704000E+018   6.73504279162966383865E+001
      5531   2.33436322687000422400E+018   6.73420546684472611787E+001
      5532   2.33422204615323392000E+018   6.73335388202657441070E+001
      5533   2.33413106793158809600E+018   6.73291708316460670858E+001
      5534   2.33421781801091840000E+018   6.73332311605126676568E+001
      5535   2.33428643470865971200E+018   6.73371006051228420120E+001
      5536   2.33401164639224473600E+018   6.73205518100792659197E+001
      5537   2.33399387002968268800E+018   6.73201147246596320883E+001
      5538   2.33411880726283622400E+018   6.73282410005200944170E+001
      5539   2.33382908501010585600E+018   6.73136237160689603343E+001
      5540   2.33394376123463065600E+018   6.73197438697945926833E+001
      5541   2.33374201258126438400E+018   6.73064915043536444728E+001
      5542   2.33367552941960192000E+018   6.73043748913581083571E+001
      5543   2.33379639368551321600E+018   6.73116980694408510999E+001
      5544   2.33361069771603968000E+018   6.73026213532587718191E+001
      5545   2.33351917180620236800E+018   6.72968282626349605380E+001
      5546   2.33404866913065062400E+018   6.73221843368735619606E+001
      5547   2.33346270175970048000E+018   6.72924775773595769124E+001
      5548   2.33334837924449792000E+018   6.72882251233861126138E+001
      5549   2.33358353621165568000E+018   6.72933312192569417221E+001
      5550   2.33355394173240064000E+018   6.72960823970184520704E+001
      5551   2.33344327412068505600E+018   6.72875876950165405788E+001
      5552   2.33317012259731148800E+018   6.72752752878041633267E+001
      5553   2.33333038916157644800E+018   6.72814112638663601729E+001
      5554   2.33307579985265100800E+018   6.72693720832955506239E+001
      5555   2.33296904278043852800E+018   6.72672424358145093493E+001
      5556   2.33308704395543040000E+018   6.72710033923117549648E+001
      5557   2.33299688925168691200E+018   6.72672276135441933320E+001
      5558   2.33295752827617177600E+018   6.72640477695656926471E+001
      5559   2.33287017240709324800E+018   6.72583603257175042245E+001
      5560   2.33279036475017881600E+018   6.72552326233451935877E+001
      5561   2.33276833019470899200E+018   6.72549226562045276978E+001
      5562   2.33254013141541888000E+018   6.72466309049253680996E+001
      5563   2.33260952929331148800E+018   6.72456064167024436529E+001
      5564   2.33252723603621324800E+018   6.72436122494407726435E+001
      5565   2.33236306106938880000E+018   6.72361398748974607997E+001
      5566   2.33238494972212377600E+018   6.72389367016958345857E+001
      5567   2.33241775986974412800E+018   6.72395863315108499592E+001
      5568   2.33231017251754854400E+018   6.72374591670182866210E+001
      5569   2.33212476691402752000E+018   6.72259967380481242571E+001
      5570   2.33226001574061414400E+018   6.72328752661713906491E+001
      5571   2.33211083267247411200E+018   6.72273550907849966052E+001
      5572   2.33209734348356096000E+018   6.72290583562030548137E+001
      5573   2.33195249347871129600E+018   6.72197369309879491084E+001
      5574   2.33178667834518374400E+018   6.72114154317696232965E+001
      5575   2.33199772890144307200E+018   6.72190343446832656582E+001
      5576   2.33172385129573068800E+018   6.72030289552611890258E+001
      5577   2.33163912533390796800E+018   6.71990719345693179321E+001
      5578   2.33155699449777664000E+018   6.71962319990128520431E+001
      5579   2.33148318378402918400E+018   6.71910050737197224180E+001
      5580   2.33154788852291584000E+018   6.71920669897022690975E+001
      5581   2.33147247590928691200E+018   6.71832738267429050438E+001
      5582   2.33144508846833612800E+018   6.71821456832585255370E+001
      5583   2.33127425324510156800E+018   6.71697260002481471020E+001
      5584   2.33127131953176166400E+018   6.71678626629090587130E+001
      5585   2.33122533609933004800E+018   6.71647322380968461175E+001
      5586   2.33104916318492057600E+018   6.71575718265463876833E+001
      5587   2.33096585176725248000E+018   6.71513556124275652337E+001
      5588   2.33098840204764467200E+018   6.71547583962029790428E+001
      5589   2.33084123052368332800E+018   6.71446094525511085749E+001
      5590   2.33086130527952486400E+018   6.71462895211412131857E+001
      5591   2.33085162651643289600E+018   6.71467630497795511246E+001
      5592   2.33067669762788915200E+018   6.71402761238267089539E+001
      5593   2.33062121961852006400E+018   6.71317886129836267628E+001
      5594   2.33066417726483404800E+018   6.71368809941850486211E+001
      5595   2.33067066335659008000E+018   6.71371634722432304443E+001
      5596   2.33070345257751244800E+018   6.71362484256395788407E+001
      5597   2.33046268805406412800E+018   6.71303799114033665774E+001
      5598   2.33041653409116467200E+018   6.71270074415557473912E+001
      5599   2.33047182497644339200E+018   6.71283995092300500573E+001
      5600   2.33033528154430976000E+018   6.71203339252771655765E+001
      5601   2.33024489770547558400E+018   6.71122726079674265520E+001
      5602   2.33044462935332352000E+018   6.71223651702595702773E+001
      5603   2.33022978064725913600E+018   6.71103638773815021068E+001
      5604   2.33027018876110233600E+018   6.71093699662660441163E+001
      5605   2.33015991810766336000E+018   6.71087283291475245051E+001
      5606   2.32992548693860044800E+018   6.70956641390398402791E+001
      5607   2.33004044124271257600E+018   6.71042300095862884746E+001
      5608   2.32980893369146777600E+018   6.70887425315430334649E+001
      5609   2.32968145664855296000E+018   6.70839511128345833413E+001
      5610   2.32981207645650483200E+018   6.70921739460406882927E+001
      5611   2.32971979987855616000E+018   6.70869511762090837692E+001
      5612   2.32967683736156108800E+018   6.70826974870903569581E+001
      5613   2.32957171268904294400E+018   6.70780205544313190558E+001
      5614   2.32945634751675494400E+018   6.70731170693561722373E+001
      5615   2.32944480652051097600E+018   6.70720318150342649233E+001
      5616   2.32942316398068633600E+018   6.70668128289169942491E+001
      5617   2.32955299897613568000E+018   6.70740818765108457455E+001
      5618   2.32939596890790502400E+018   6.70646941729675774013E+001
      5619   2.32922795717579315200E+018   6.70569660997040273287E+001
      5620   2.32939427540969932800E+018   6.70654125683273321101E+001
      5621   2.32916737636481894400E+018   6.70529000994029189542E+001
      5622   2.32938548619173785600E+018   6.70701461026408054522E+001
      5623   2.32911008667468288000E+018   6.70537027444437399026E+001
      5624   2.32877009209172275200E+018   6.70336462349505382008E+001
      5625   2.32896668427691059200E+018   6.70447047943072362841E+001
      5626   2.32901029238009548800E+018   6.70465005555585520369E+001
      5627   2.32899533060111872000E+018   6.70452615578463593238E+001
      5628   2.32896854160479488000E+018   6.70431108729908800115E+001
      5629   2.32896770120457625600E+018   6.70429840094400475436E+001
      5630   2.32884556151603712000E+018   6.70350534538064266599E+001
      5631   2.32875538113720166400E+018   6.70302773015574899773E+001
      5632   2.32862296090736844800E+018   6.70244520538388854902E+001
      5633   2.32857378304386201600E+018   6.70227134556769357232E+001
      5634   2.32853526320710758400E+018   6.70195717767185641378E+001
      5635   2.32833983318934835200E+018   6.70111143882498510038E+001
      5636   2.32841969012929126400E+018   6.70162912643875898766E+001
      5637   2.32843747501554688000E+018   6.70156881775946686730E+001
      5638   2.32803939069423052800E+018   6.69957101192005808343E+001
      5639   2.32829618187991961600E+018   6.70097049237529773791E+001
      5640   2.32824132042747750400E+018   6.70077919316295265162E+001
      5641   2.32837060823120588800E+018   6.70128682157185266988E+001
      5642   2.32812914004572313600E+018   6.70001220438788465117E+001
      5643   2.32801604391353344000E+018   6.69935198720248763493E+001
      5644   2.32817010195753676800E+018   6.70027745439470407973E+001
      5645   2.32803079862737561600E+018   6.69976523162226840213E+001
      5646   2.32783313990298060800E+018   6.69860419100907051870E+001
      5647   2.32772216934585753600E+018   6.69806177188251439247E+001
      5648   2.32778872532485529600E+018   6.69847189222745527104E+001
      5649   2.32769992113824051200E+018   6.69819872434120213711E+001
      5650   2.32765177836995737600E+018   6.69790620226686570504E+001
      5651   2.32756579280628019200E+018   6.69746145493102886803E+001
      5652   2.32753125059132160000E+018   6.69745376409640300608E+001
      5653   2.32752970172118784000E+018   6.69717296259440075801E+001
      5654   2.32741722407714867200E+018   6.69652271483615066927E+001
      5655   2.32744695377879398400E+018   6.69673815307462945157E+001
      5656   2.32740341698756198400E+018   6.69664728894320404606E+001
      5657   2.32736102411644825600E+018   6.69663284602572588255E+001
      5658   2.32774362357674752000E+018   6.69872612148193979920E+001
      5659   2.32767589559126988800E+018   6.69810186182953515299E+001
      5660   2.32746627192363673600E+018   6.69693549880592371437E+001
      5661   2.32750422069931417600E+018   6.69729209600130417357E+001
      5662   2.32740608284165017600E+018   6.69680850699667331583E+001
      5663   2.32761818387380480000E+018   6.69774047059130026582E+001
      5664   2.32763069649573580800E+018   6.69794948286950528882E+001
      5665   2.32774534532332800000E+018   6.69843929848410795103E+001
      5666   2.32767876777067212800E+018   6.69810325708713918402E+001
      5667   2.32765560501169203200E+018   6.69789495483681918131E+001
      5668   2.32791556334574131200E+018   6.69913842346781507331E+001
      5669   2.32747780224407654400E+018   6.69702098608452871531E+001
      5670   2.32782921690097100800E+018   6.69895165474684119999E+001
      5671   2.32798127224492953600E+018   6.69975010148902043738E+001
      5672   2.32809541425372364800E+018   6.70020928014180441323E+001
      5673   2.32808521148430438400E+018   6.70026742058177120498E+001
      5674   2.32806710553619353600E+018   6.69997587186795868774E+001
      5675   2.32824812308749721600E+018   6.70096226135912473865E+001
      5676   2.32841563318466150400E+018   6.70193614297157722604E+001
      5677   2.32850481826228070400E+018   6.70249477846280541371E+001
      5678   2.32860787533880320000E+018   6.70287755080780129902E+001
      5679   2.32850516749915596800E+018   6.70204227215732117884E+001
      5680   2.32853172061630310400E+018   6.70249447381689265058E+001
      5681   2.32879666334875545600E+018   6.70398032389659306318E+001
      5682   2.32870186794045798400E+018   6.70342998500462385891E+001
      5683   2.32882268930305331200E+018   6.70396701952035982686E+001
      5684   2.32870611933254041600E+018   6.70335910139783095474E+001
      5685   2.32891306545827276800E+018   6.70458872604705504727E+001
      5686   2.32891504509137612800E+018   6.70448289666412762244E+001
      5687   2.32915737324681011200E+018   6.70600768046193564942E+001
      5688   2.32917638531585996800E+018   6.70620555588884599274E+001
      5689   2.32927960893764096000E+018   6.70661955932630604593E+001
      5690   2.32935235660516352000E+018   6.70696663645193922321E+001
      5691   2.32918147509939916800E+018   6.70606188108535832271E+001
      5692   2.32947133254698444800E+018   6.70763836054722872859E+001
      5693   2.32954856757236531200E+018   6.70814443583164461415E+001
      5694   2.32941539265514649600E+018   6.70733336486323423742E+001
      5695   2.32951422356041164800E+018   6.70787413480889398443E+001
      5696   2.32967627092953292800E+018   6.70875543637778974926E+001
      5697   2.32972592541145036800E+018   6.70907414606136711654E+001
      5698   2.32984365827977420800E+018   6.70963817895439404992E+001
      5699   2.32782551960601907200E+018   6.70589534571907250893E+001
      5700   2.32038486658525184000E+018   6.70408411975436564489E+001
      5701   2.31378223861007411200E+018   6.69342841331166198415E+001
      5702   2.30572295842260147200E+018   6.68995202899805576635E+001
      5703   2.30541744248845056000E+018   6.68358220622392309451E+001
      5704   2.29257170144256000000E+018   6.67770163197885295858E+001
      5705   2.29992332407105126400E+018   6.67781822074560551528E+001
      5706   2.30155961327712665600E+018   6.67656956177153659837E+001
      5707   2.29009945651952640000E+018   6.68884288203210104484E+001
      5708   2.30150933371146624000E+018   6.67578715162117646287E+001
      5709   2.29373571184176409600E+018   6.68207576629432793425E+001
      5710   2.30281589662265753600E+018   6.68982376896087629348E+001
      5711   2.30179803513510272000E+018   6.66846210533812069343E+001
      5712   2.29824625041309568000E+018   6.67737464658572861254E+001
      5713   2.30034702834170547200E+018   6.68155747477786690069E+001
      5714   2.29550333092845849600E+018   6.67830496627222061079E+001
      5715   2.29385481112639052800E+018   6.66892245831021028835E+001
      5716   2.30309705081788160000E+018   6.67279044144899984303E+001
      5717   2.29598212824351180800E+018   6.65753055246552776225E+001
      5718   2.30009087988525132800E+018   6.66902898749878261242E+001
      5719   2.28905154049968691200E+018   6.64017681143822642298E+001
      5720   2.29569427560164121600E+018   6.62437649434363464707E+001
      5721   2.29604797428769894400E+018   6.63128142329033352098E+001
      5722   2.29142344424376524800E+018   6.63738338780965477781E+001
      5723   2.29514543849463782400E+018   6.63827788983400211009E+001
      5724   2.28810523958065356800E+018   6.63879915355062166782E+001
      5725   2.29522530056981632000E+018   6.64138473146646362011E+001
      5726   2.28787213231646412800E+018   6.64183605487278754254E+001
      5727   2.29358618869602713600E+018   6.64007258443775896239E+001
      5728   2.29227369315347763200E+018   6.64547209174187827330E+001
      5729   2.29855322766116633600E+018   6.63570781989320295224E+001
      5730   2.30350243923682150400E+018   6.63555714371824478803E+001
      5731   2.29783182670762163200E+018   6.64779504368690794536E+001
      5732   2.29893669755704627200E+018   6.65173562599885599411E+001
      5733   2.29767877671578752000E+018   6.65397295487831428318E+001
      5734   2.30090851775283635200E+018   6.65302949524665478975E+001
      5735   2.31017695308485222400E+018   6.65643995064520481719E+001
      5736   2.31645724521566668800E+018   6.66636655297432838552E+001
      5737   2.32524188578279987200E+018   6.67163177769936481809E+001
      5738   2.32644339413368064000E+018   6.67348276891552814050E+001
      5739   2.32646527564106035200E+018   6.67345110603171320918E+001
      5740   2.32643600735984793600E+018   6.67346826655835059228E+001
      5741   2.32654195599029606400E+018   6.67387280900995136790E+001
      5742   2.32668985717290905600E+018   6.67490233238958836637E+001
      5743   2.32664240270786764800E+018   6.67455539012556613443E+001
      5744   2.32662931540688588800E+018   6.67467614037483798484E+001
      5745   2.32672244939565107200E+018   6.67520564438414396591E+001
      5746   2.32687527969608396800E+018   6.67588025509202367402E+001
      5747   2.32675625868545894400E+018   6.67525971263224988661E+001
      5748   2.32679267341409689600E+018   6.67564270454595174442E+001
      5749   2.32687280414693068800E+018   6.67592309933939844768E+001
      5750   2.32706273856599347200E+018   6.67698199134066356919E+001
      5751   2.32704179174604748800E+018   6.67687078397494246929E+001
      5752   2.32728946777558118400E+018   6.67824973991870223244E+001
      5753   2.32734928119382169600E+018   6.67846264837140353166E+001
      5754   2.32725407520420096000E+018   6.67812799887294517021E+001
      5755   2.32762454949214924800E+018   6.68034376947471457697E+001
      5756   2.32757649534929100800E+018   6.67986157679540042409E+001
      5757   2.32748055070832179200E+018   6.67944280369862326552E+001
      5758   2.32761711191577651200E+018   6.68023002369441343262E+001
      5759   2.32786049617295564800E+018   6.68148761786251554895E+001
      5760   2.32760044651579699200E+018   6.68039643727080800772E+001
      5761   2.32784986425799219200E+018   6.68126945517043964173E+001
      5762   2.32781165195816396800E+018   6.68122991021343608509E+001
      5763   2.32806519140855091200E+018   6.68254644232898016298E+001
      5764   2.32787786086479616000E+018   6.68153665754157373158E+001
      5765   2.32810317407325696000E+018   6.68277158976051879336E+001
      5766   2.32815689817429350400E+018   6.68290685421139158962E+001
      5767   2.32818240104441088000E+018   6.68318486078786264670E+001
      5768   2.32831446946590668800E+018   6.68379818094854414312E+001
      5769   2.32848268089504563200E+018   6.68455438648550313019E+001
      5770   2.32815300546254643200E+018   6.68294641732631617970E+001
      5771   2.32833551409182003200E+018   6.68409993720858182087E+001
      5772   2.32833769842992128000E+018   6.68370881109379411100E+001
      5773   2.32810807198242918400E+018   6.68278339839313986204E+001
      5774   2.32836127215211008000E+018   6.68432868516195100028E+001
      5775   2.32833734287107276800E+018   6.68405161460263315121E+001
      5776   2.32821691904654182400E+018   6.68341152993998122156E+001
      5777   2.32828363903290982400E+018   6.68375893255511925872E+001
      5778   2.32842648440133427200E+018   6.68452248233626136198E+001
      5779   2.32844925343891353600E+018   6.68447349270285400280E+001
      5780   2.32834255888402892800E+018   6.68383180987233345149E+001
      5781   2.32837208218654924800E+018   6.68413359122883292684E+001
      5782   2.32822659795971840000E+018   6.68344399190713573944E+001
      5783   2.32812594124339200000E+018   6.68286755596307529004E+001
      5784   2.32821562933121945600E+018   6.68329444749969638906E+001
      5785   2.32849321724553216000E+018   6.68463541368469549298E+001
      5786   2.32801415563385804800E+018   6.68227483676278950497E+001
      5787   2.32796240163430758400E+018   6.68204057102648931732E+001
      5788   2.32805097821970176000E+018   6.68264965741881269423E+001
      5789   2.32798586418143846400E+018   6.68205928232451782378E+001
      5790   2.32778201927977728000E+018   6.68120910079157397377E+001
      5791   2.32809606656968192000E+018   6.68283808076717065205E+001
      5792   2.32759606830889676800E+018   6.68017223313512573668E+001
      5793   2.32770771040426700800E+018   6.68061960916687240797E+001
      5794   2.32781943462115993600E+018   6.68113202907282044407E+001
      5795   2.32774959889475737600E+018   6.68095300795467466060E+001
      5796   2.32739683552365312000E+018   6.67918935613146231844E+001
      5797   2.32751369283647385600E+018   6.67984782131406547023E+001
      5798   2.32736776353568716800E+018   6.67864344961543707768E+001
      5799   2.32726252916398796800E+018   6.67816383037929028887E+001
      5800   2.32740481650322892800E+018   6.67878547334677392655E+001
      5801   2.32755180496892108800E+018   6.67944140178912135752E+001
      5802   2.32719705205895321600E+018   6.67766832283298441553E+001
      5803   2.32738680693365913600E+018   6.67846971457957891971E+001
      5804   2.32731066924573388800E+018   6.67830551478550233924E+001
      5805   2.32716498949708646400E+018   6.67736856098763382761E+001
      5806   2.32698080962305331200E+018   6.67638867560837212523E+001
      5807   2.32710685638605107200E+018   6.67700315721595387686E+001
      5808   2.32695381021017497600E+018   6.67623896713717357443E+001
      5809   2.32700725645556940800E+018   6.67692902690761371787E+001
      5810   2.32695747213985894400E+018   6.67635426061857515379E+001
      5811   2.32691191512516710400E+018   6.67623596470979663309E+001
      5812   2.32646366301887795200E+018   6.67373667038995819212E+001
      5813   2.32664224963985408000E+018   6.67532388716918632099E+001
      5814   2.32655096387966515200E+018   6.67442715753600310791E+001
      5815   2.32655290295534028800E+018   6.67470863188553380496E+001
      5816   2.32657704672199116800E+018   6.67428423319757371246E+001
      5817   2.32654190697765785600E+018   6.67465075377824064162E+001
      5818   2.32660849762914406400E+018   6.67449982744489602737E+001
      5819   2.32638129497866905600E+018   6.67314696484790061959E+001
      5820   2.32637133528459264000E+018   6.67319229871742436444E+001
      5821   2.32631416869268684800E+018   6.67294467901527923459E+001
      5822   2.32634352404268800000E+018   6.67291326822118691098E+001
      5823   2.32616966362377574400E+018   6.67200267925978209860E+001
      5824   2.32595028960481945600E+018   6.67078531990460561474E+001
      5825   2.32614523253776588800E+018   6.67204426078395300692E+001
      5826   2.32612639324972851200E+018   6.67165526748914885502E+001
      5827   2.32610870000270540800E+018   6.67164575567287414515E+001
      5828   2.32597395358265856000E+018   6.67058539442252111940E+001
      5829   2.32597994757311897600E+018   6.67037047321620946150E+001
      5830   2.32574056714761318400E+018   6.66945328823746876878E+001
      5831   2.32587135785982566400E+018   6.67015935100562558091E+001
      5832   2.32568592742934630400E+018   6.66935261304601141319E+001
      5833   2.32570440919185203200E+018   6.66913220601050511505E+001
      5834   2.32548426739160012800E+018   6.66798109439408364096E+001
      5835   2.32563113446470963200E+018   6.66904287874996981600E+001
      5836   2.32543881735243059200E+018   6.66792491649970884282E+001
      5837   2.32534890177498572800E+018   6.66780786119162627301E+001
      5838   2.32532155244128256000E+018   6.66757339440580381051E+001
      5839   2.32524947967490764800E+018   6.66760388506392729369E+001
      5840   2.32514633366051225600E+018   6.66713298862613896745E+001
      5841   2.32508764269731840000E+018   6.66692981606275196782E+001
      5842   2.32503341285996441600E+018   6.66662526253784193386E+001
      5843   2.32503325241269606400E+018   6.66733618556288263335E+001
      5844   2.32489754371016704000E+018   6.66604981407925123449E+001
      5845   2.32476218721256550400E+018   6.66566457802928908905E+001
      5846   2.32473419915134105600E+018   6.66588364532605623936E+001
      5847   2.32466433836666060800E+018   6.66481673181971103759E+001
      5848   2.32458761590038374400E+018   6.66460963769797416489E+001
      5849   2.32463707834979993600E+018   6.66458046470855975940E+001
      5850   2.32463782410953779200E+018   6.66415923606472944130E+001
      5851   2.32449183366294835200E+018   6.66331177003543757564E+001
      5852   2.32427993818285619200E+018   6.66261211931852557200E+001
      5853   2.32438432540660480000E+018   6.66229573612781535985E+001
      5854   2.32431224052521369600E+018   6.66240007057304097771E+001
      5855   2.32412289871404032000E+018   6.66147467218656856858E+001
      5856   2.32424047887274291200E+018   6.66115778688697588450E+001
      5857   2.32417084186072473600E+018   6.66076951636682679236E+001
      5858   2.32396156178933401600E+018   6.65978755433928313323E+001
      5859   2.32402644672781875200E+018   6.65954534102483677316E+001
      5860   2.32391574173728870400E+018   6.65947985835398839072E+001
      5861   2.32380873603034419200E+018   6.65853510422041239281E+001
      5862   2.32386997192060876800E+018   6.65930200027191148138E+001
      5863   2.32369758256021043200E+018   6.65845435721560079401E+001
      5864   2.32343914973869209600E+018   6.65768169056619427693E+001
      5865   2.32358514652556134400E+018   6.65765293125640909011E+001
      5866   2.32360011885889177600E+018   6.65772206969464690474E+001
      5867   2.32334113663157299200E+018   6.65712853016606089795E+001
      5868   2.32352609166344755200E+018   6.65757490512544762851E+001
      5869   2.32339046891025715200E+018   6.65652299340806621331E+001
      5870   2.32327687856128153600E+018   6.65650612893818873772E+001
      5871   2.32326026498953113600E+018   6.65634677614414016489E+001
      5872   2.32330903010897408000E+018   6.65638404289426972582E+001
      5873   2.32329886260700928000E+018   6.65658176855892378398E+001
      5874   2.32327882256278528000E+018   6.65637476881605323342E+001
      5875   2.32306359472202393600E+018   6.65526454417735635616E+001
      5876   2.32297945181580902400E+018   6.65477073201364390798E+001
      5877   2.32299730119807590400E+018   6.65507992293805870077E+001
      5878   2.32294106918533836800E+018   6.65455774782925004729E+001
      5879   2.32280987085373132800E+018   6.65373727495344127192E+001
      5880   2.32281983121330534400E+018   6.65356192852228645052E+001
      5881   2.32238828337820825600E+018   6.65163820203062670089E+001
      5882   2.32284813214450636800E+018   6.65358743585409371235E+001
      5883   2.32268202067424563200E+018   6.65295441598954511164E+001
      5884   2.32267325292198707200E+018   6.65260243486957705272E+001
      5885   2.32245070176417945600E+018   6.65176872627049675657E+001
      5886   2.32244022624058624000E+018   6.65145811354115465974E+001
      5887   2.32243260665806028800E+018   6.65141710327770425693E+001
      5888   2.32235085744682905600E+018   6.65018013108540202438E+001
      5889   2.32228333868311040000E+018   6.65034459629883514253E+001
      5890   2.32216963867059507200E+018   6.64955093636245493371E+001
      5891   2.32233563789814732800E+018   6.65069104426707440325E+001
      5892   2.32223257600489881600E+018   6.65004248656499896697E+001
      5893   2.32232158651463321600E+018   6.65031667125477525815E+001
      5894   2.32222173640830873600E+018   6.65016664203580347703E+001
      5895   2.32224508234265600000E+018   6.65029254280040760250E+001
      5896   2.32213853887556454400E+018   6.64975715389778656572E+001
      5897   2.32180139293118515200E+018   6.64838655912366220946E+001
      5898   2.32204099290114662400E+018   6.64956388420596766764E+001
      5899   2.32172170030521702400E+018   6.64801523525068631670E+001
      5900   2.32151142078559795200E+018   6.64681547472847711333E+001
      5901   2.32169000161280563200E+018   6.64748284623030372131E+001
      5902   2.32183997444083404800E+018   6.64833466161111914516E+001
      5903   2.32178084925521971200E+018   6.64808822314375191809E+001
      5904   2.32153023599893811200E+018   6.64663880915543217043E+001
      5905   2.32158008334476595200E+018   6.64707470240714144438E+001
      5906   2.32157625481111449600E+018   6.64728043254877434265E+001
      5907   2.32143541375130470400E+018   6.64640967377082887424E+001
      5908   2.32131608758844108800E+018   6.64575109935759655855E+001
      5909   2.32126613594180608000E+018   6.64531564096889866278E+001
      5910   2.32129580898021836800E+018   6.64544745804833496550E+001
      5911   2.32105577305753702400E+018   6.64410647441220021392E+001
      5912   2.32109599520132198400E+018   6.64447632011640507699E+001
      5913   2.32104455016330854400E+018   6.64424532489223480525E+001
      5914   2.32089786975705344000E+018   6.64314325155272769052E+001
      5915   2.32102193916501401600E+018   6.64360581553221294371E+001
      5916   2.32080385366522777600E+018   6.64305341415405763428E+001
      5917   2.32077821061754828800E+018   6.64278539398883793865E+001
      5918   2.32081533088282214400E+018   6.64296315980094647102E+001
      5919   2.32064338553686886400E+018   6.64193686258646067699E+001
      5920   2.32067804857051033600E+018   6.64238444192022114976E+001
      5921   2.32085680653002700800E+018   6.64334189623738069486E+001
      5922   2.32040728285908684800E+018   6.64111718681492817495E+001
      5923   2.32053214062847488000E+018   6.64189009278377966439E+001
      5924   2.32059705592341196800E+018   6.64214926701193348890E+001
      5925   2.32055398997234636800E+018   6.64185123232357597090E+001
      5926   2.32040449619799296000E+018   6.64107024916217056898E+001
      5927   2.32056559692429824000E+018   6.64225645982515544574E+001
      5928   2.32046409854624563200E+018   6.64156738772651493719E+001
      5929   2.32038465873631334400E+018   6.64111080472158050725E+001
      5930   2.32018798546174412800E+018   6.64053887954516284253E+001
      5931   2.32029263117851852800E+018   6.64065014972504030766E+001
      5932   2.32055218774619699200E+018   6.64232466480167573764E+001
      5933   2.32058415108782284800E+018   6.64205920778463934084E+001
      5934   2.32057855757765376000E+018   6.64245470990805415568E+001
      5935   2.32037159137468876800E+018   6.64126268367546117588E+001
      5936   2.32051599235864012800E+018   6.64197125924613374082E+001
      5937   2.32061812973828454400E+018   6.64219346483635035838E+001
      5938   2.32080058445187737600E+018   6.64322336251645566563E+001
      5939   2.32060924653333248000E+018   6.64233711418279426653E+001
      5940   2.32047553100431001600E+018   6.64137347546067076109E+001
      5941   2.32073771063978188800E+018   6.64296151484178807323E+001
      5942   2.32076206474706585600E+018   6.64337927261541807411E+001
      5943   2.32084238360630937600E+018   6.64370979152976275373E+001
      5944   2.32097051856392652800E+018   6.64415616307655767514E+001
      5945   2.32088037791340697600E+018   6.64366242897948353630E+001
      5946   2.32097866034341888000E+018   6.64421753424190626447E+001
      5947   2.32113151682546739200E+018   6.64477949713296993650E+001
      5948   2.32130977363729766400E+018   6.64609092315020291153E+001
      5949   2.32131793124080025600E+018   6.64570526896831523800E+001
      5950   2.32122241320199833600E+018   6.64531496015201668115E+001
      5951   2.32142848117910220800E+018   6.64660773058316891593E+001
      5952   2.32147267858334924800E+018   6.64657318671954584488E+001
      5953   2.32167361243053516800E+018   6.64768464722468337413E+001
      5954   2.32180219392766259200E+018   6.64852093585953554111E+001
      5955   2.32155019774566604800E+018   6.64728812075168633555E+001
      5956   2.32180968957297459200E+018   6.64863627272632840004E+001
      5957   2.32181580411953766400E+018   6.64868663969683098003E+001
      5958   2.32196498110515763200E+018   6.64939215352180497121E+001
      5959   2.32199235022621900800E+018   6.64955560232418605437E+001
      5960   2.32221974868353996800E+018   6.65070056352884932949E+001
      5961   2.32202671027757312000E+018   6.64976436193149851306E+001
      5962   2.32214543630441728000E+018   6.65041412087464465230E+001
      5963   2.32223985533834547200E+018   6.65093230243676458713E+001
      5964   2.32224132980977766400E+018   6.65092136848066388666E+001
      5965   2.32227263424485427200E+018   6.65120804034733055232E+001
      5966   2.32243892698079334400E+018   6.65212018484693317077E+001
      5967   2.32237647903407052800E+018   6.65179132215319128818E+001
      5968   2.32238465791558758400E+018   6.65181149188184548393E+001
      5969   2.31855492400167116800E+018   6.64345178980826034376E+001
      5970   2.31243143801337190400E+018   6.64277774598603940603E+001
      5971   2.30034021638041600000E+018   6.63641784344109879612E+001
      5972   2.29646877812651878400E+018   6.62079296306587252730E+001
      5973   2.28996345849403878400E+018   6.61984111639871457555E+001
      5974   2.29227096858349260800E+018   6.62749383885686853546E+001
      5975   2.29628785542419763200E+018   6.63044040366137750198E+001
      5976   2.29714821249183872000E+018   6.63053883824062779695E+001
      5977   2.29608848193473740800E+018   6.61337558910345819640E+001
      5978   2.29739134187811814400E+018   6.63093398832717753066E+001
      5979   2.29576569107465574400E+018   6.62215235971572866447E+001
      5980   2.29354502735029094400E+018   6.62291756873715655729E+001
      5981   2.28417520344523699200E+018   6.63167155542712265515E+001
      5982   2.28858689037020544000E+018   6.62257310317924918763E+001
      5983   2.29558586077316249600E+018   6.62604148258628953272E+001
      5984   2.29056183010456576000E+018   6.62756100641148151453E+001
      5985   2.28622781239055564800E+018   6.61847234245232272087E+001
      5986   2.29249122439690803200E+018   6.62787495401751129975E+001
      5987   2.28821747627078144000E+018   6.62178537755445546509E+001
      5988   2.28605545702643814400E+018   6.57389283871309118013E+001
      5989   2.28790913198198092800E+018   6.59318756522464610725E+001
      5990   2.29508932149351731200E+018   6.58043249941335233189E+001
      5991   2.29069604096263577600E+018   6.59075562014561455726E+001
      5992   2.28919005383402803200E+018   6.58469180521438204323E+001
      5993   2.28502078739169100800E+018   6.57932720831717716692E+001
      5994   2.28808514212775756800E+018   6.58144576152367477562E+001
      5995   2.29166366836220774400E+018   6.58754354185487471796E+001
      5996   2.28943163019447449600E+018   6.57925772297997610849E+001
      5997   2.29178836699466342400E+018   6.58125050065136889543E+001
      5998   2.29202115027633817600E+018   6.58780267700352197835E+001
      5999   2.28854712874432512000E+018   6.60324393051615174954E+001
      6000   2.29572705764777446400E+018   6.58196637466985379206E+001
      6001   2.28952331302515891200E+018   6.60449578081530006557E+001
      6002   2.29272509619174988800E+018   6.58390223674108625573E+001
      6003   2.30028066231319910400E+018   6.58643687874139089899E+001
      6004   2.30564115115328281600E+018   6.60192482066956500830E+001
      6005   2.31363186476701593600E+018   6.61027571481727562741E+001
      6006   2.31947232757352652800E+018   6.61737820227632340675E+001
      6007   2.31947186937252864000E+018   6.61753494140471048013E+001
      6008   2.31947794252805017600E+018   6.61759924790313078802E+001
      6009   2.31945588587253452800E+018   6.61742086596051990455E+001
      6010   2.31974722002621696000E+018   6.61877749529773495851E+001
      6011   2.31993810721665740800E+018   6.61994647232586999053E+001
      6012   2.31987021995712921600E+018   6.61960419224934071281E+001
      6013   2.31979329754665011200E+018   6.61927146249934565958E+001
      6014   2.31991868703095552000E+018   6.62004123242352733314E+001
      6015   2.32011981699795558400E+018   6.62086925554104084313E+001
      6016   2.32003944275115366400E+018   6.62046335180063465486E+001
      6017   2.31998065355650918400E+018   6.62035374383578272273E+001
      6018   2.32029944147613593600E+018   6.62181924270270911848E+001
      6019   2.32007994706350848000E+018   6.62075600812123497008E+001
      6020   2.32022021468130304000E+018   6.62168477062974574210E+001
      6021   2.32019659734726400000E+018   6.62163558817444055649E+001
      6022   2.32046343882811289600E+018   6.62303522230535151039E+001
      6023   2.32044857652677120000E+018   6.62302684093541671473E+001
      6024   2.32042623864504524800E+018   6.62274807138409187246E+001
      6025   2.32061194466492876800E+018   6.62383286302056006889E+001
      6026   2.32055899085677926400E+018   6.62360755514907566521E+001
      6027   2.32081665530392627200E+018   6.62485368078453547014E+001
      6028   2.32076937027253452800E+018   6.62479146263413980478E+001
      6029   2.32098261235520819200E+018   6.62600208411601983016E+001
      6030   2.32106324347730995200E+018   6.62617214381206309781E+001
      6031   2.32140053024656640000E+018   6.62791378173756697834E+001
      6032   2.32100555133881548800E+018   6.62581985594679707674E+001
      6033   2.32120703823796019200E+018   6.62695619900686381243E+001
      6034   2.32126332021789747200E+018   6.62746204193871193411E+001
      6035   2.32107904148880486400E+018   6.62617260791433153599E+001
      6036   2.32127752443137996800E+018   6.62737480678582357996E+001
      6037   2.32131078180157952000E+018   6.62757093082269221895E+001
      6038   2.32124800091572838400E+018   6.62716494545958170193E+001
      6039   2.32114758433247641600E+018   6.62671468852872322941E+001
      6040   2.32144176503411353600E+018   6.62818599072297871544E+001
      6041   2.32132257617768908800E+018   6.62746219358375299180E+001
      6042   2.32160359137557452800E+018   6.62930210328423612509E+001
      6043   2.32130554284416000000E+018   6.62760410987838923802E+001
      6044   2.32139781198137190400E+018   6.62821524250277036572E+001
      6045   2.32137094590721024000E+018   6.62832388157032710296E+001
      6046   2.32132926003730227200E+018   6.62783804739335238310E+001
      6047   2.32120223850896947200E+018   6.62694688348013869472E+001
      6048   2.32123071512174080000E+018   6.62718430082946383664E+001
      6049   2.32124955363383603200E+018   6.62708337658795727521E+001
      6050   2.32137562210444339200E+018   6.62816414543788852143E+001
      6051   2.32119860528991590400E+018   6.62701442202652373226E+001
      6052   2.32093965598318387200E+018   6.62550208534445488340E+001
      6053   2.32107557863076147200E+018   6.62639644490115387043E+001
      6054   2.32099263409614438400E+018   6.62614872415668543226E+001
      6055   2.32092218721410969600E+018   6.62550521589861745042E+001
      6056   2.32073808392080025600E+018   6.62468230809695768357E+001
      6057   2.32102395227594496000E+018   6.62608172643036397176E+001
      6058   2.32065650938168576000E+018   6.62443971880795743346E+001
      6059   2.32087374399503564800E+018   6.62531236198862671927E+001
      6060   2.32058772488886118400E+018   6.62411774189977364813E+001
      6061   2.32058461568137318400E+018   6.62414258981080621425E+001
      6062   2.32055938940472627200E+018   6.62384456822419309674E+001
      6063   2.32056640747933286400E+018   6.62357421550287170930E+001
      6064   2.32050948317050828800E+018   6.62325116161568558937E+001
      6065   2.32040798873673625600E+018   6.62273684171359633410E+001
      6066   2.32036783175606988800E+018   6.62219661370268255496E+001
      6067   2.32030256517018368000E+018   6.62203082684191457474E+001
      6068   2.32052988471909580800E+018   6.62317007340564458673E+001
      6069   2.32030224572247040000E+018   6.62173036510413766109E+001
      6070   2.32037001171707289600E+018   6.62211888032291682293E+001
      6071   2.32026244078809753600E+018   6.62159009675299472519E+001
      6072   2.32014781328382259200E+018   6.62115397506596394805E+001
      6073   2.32008741818754406400E+018   6.62090739515160038309E+001
      6074   2.31987902663037798400E+018   6.61987343871428919329E+001
      6075   2.31999427082574848000E+018   6.62037919236813792168E+001
      6076   2.31997359737263462400E+018   6.62034155218857307545E+001
      6077   2.31991181614724556800E+018   6.61980646317446002058E+001
      6078   2.31997317614411366400E+018   6.62035294120041015731E+001
      6079   2.31976633231937024000E+018   6.61964108623089373395E+001
      6080   2.31968801046155366400E+018   6.61880426631032747764E+001
      6081   2.31962053719118182400E+018   6.61871899107773771220E+001
      6082   2.31968009184807833600E+018   6.61867889581611450467E+001
      6083   2.31942198006870476800E+018   6.61757352003379679672E+001
      6084   2.31951541433193779200E+018   6.61799280547322013035E+001
      6085   2.31945438417002905600E+018   6.61767346015126918246E+001
      6086   2.31943557024630016000E+018   6.61743010123751531637E+001
      6087   2.31935967394212249600E+018   6.61695221356392977441E+001
      6088   2.31921437156890572800E+018   6.61645558537601061744E+001
      6089   2.31919382525943193600E+018   6.61586993450013380880E+001
      6090   2.31926978775234662400E+018   6.61626621777194969809E+001
      6091   2.31909212580043520000E+018   6.61563265041420578427E+001
      6092   2.31904226481099008000E+018   6.61509085999489201413E+001
      6093   2.31906684851060940800E+018   6.61497585379681396489E+001
      6094   2.31913736584762726400E+018   6.61529617417101576393E+001
      6095   2.31899799434715238400E+018   6.61455905248316042844E+001
      6096   2.31904554544020992000E+018   6.61491641960181624427E+001
      6097   2.31885218805038284800E+018   6.61370080620966547258E+001
      6098   2.31878284711341875200E+018   6.61328918031604615635E+001
      6099   2.31883140689768960000E+018   6.61350778649139527943E+001
      6100   2.31865429964021657600E+018   6.61283794959869766217E+001
      6101   2.31865814596944947200E+018   6.61289409892275443781E+001
      6102   2.31860683069092556800E+018   6.61334405873590327474E+001
      6103   2.31862411582044108800E+018   6.61251970251329623807E+001
      6104   2.31828735071615436800E+018   6.61147465757483843163E+001
      6105   2.31827678003154380800E+018   6.61160918967197659413E+001
      6106   2.31817332843215616000E+018   6.61121708024668919279E+001
      6107   2.31820259542109132800E+018   6.61130579556219686310E+001
      6108   2.31818076798077696000E+018   6.61122913567726158135E+001
      6109   2.31809419521658572800E+018   6.61107013917982015982E+001
      6110   2.31784827805619200000E+018   6.61003725452314796485E+001
      6111   2.31785912910245939200E+018   6.60990906228632439934E+001
      6112   2.31760583019078451200E+018   6.60911733916820480772E+001
      6113   2.31772844426601164800E+018   6.60942022975428500331E+001
      6114   2.31767868450292275200E+018   6.60931344461289853598E+001
      6115   2.31766399782134272000E+018   6.60877244495977294036E+001
      6116   2.31760075679484723200E+018   6.60876069305739974880E+001
      6117   2.31760716359087564800E+018   6.60848931371905194965E+001
      6118   2.31764093859322009600E+018   6.60817317361024691991E+001
      6119   2.31747287815585894400E+018   6.60754185331769718914E+001
      6120   2.31738824323499724800E+018   6.60604768773827686346E+001
      6121   2.31722591403427123200E+018   6.60568290991656823508E+001
      6122   2.31729991832666880000E+018   6.60609336693120354767E+001
      6123   2.31739112564199116800E+018   6.60556332042148284245E+001
      6124   2.31735453809088819200E+018   6.60530204189913519031E+001
      6125   2.31705017134748620800E+018   6.60384209185419024379E+001
      6126   2.31712033142348800000E+018   6.60426936494013290257E+001
      6127   2.31703027401010636800E+018   6.60356361494950050428E+001
      6128   2.31694664622508902400E+018   6.60277066639295782124E+001
      6129   2.31691945506887372800E+018   6.60326138873823964559E+001
      6130   2.31686473167659827200E+018   6.60268811455800772592E+001
      6131   2.31666994109727078400E+018   6.60207088633158036828E+001
      6132   2.31667959331851264000E+018   6.60232745051438456585E+001
      6133   2.31647503173997004800E+018   6.60175662458980099245E+001
      6134   2.31655502005090508800E+018   6.60160721842791673453E+001
      6135   2.31656420204467609600E+018   6.60217962215515399294E+001
      6136   2.31643711235963852800E+018   6.60093654745675593176E+001
      6137   2.31640843003775436800E+018   6.60094390988002857057E+001
      6138   2.31636325811981209600E+018   6.60060403505090533827E+001
      6139   2.31637807176522649600E+018   6.60062424671931893272E+001
      6140   2.31626731211921203200E+018   6.60019686363679909391E+001
      6141   2.31624930087649638400E+018   6.60020978804751052849E+001
      6142   2.31615003309500928000E+018   6.59959634558448442476E+001
      6143   2.31615140011598336000E+018   6.59987596648690413303E+001
      6144   2.31606256298005964800E+018   6.59890555026057228361E+001
      6145   2.31596223195958835200E+018   6.59805718050020146848E+001
      6146   2.31596422595407104000E+018   6.59818450286028763685E+001
      6147   2.31585891419792179200E+018   6.59792193006880296480E+001
      6148   2.31575805857936076800E+018   6.59715718846773597761E+001
      6149   2.31586197732236032000E+018   6.59755330228973235762E+001
      6150   2.31581477653899264000E+018   6.59723133066300277960E+001
      6151   2.31568824461697024000E+018   6.59622620186711969836E+001
      6152   2.31564751044933683200E+018   6.59600647575271210599E+001
      6153   2.31542255991125350400E+018   6.59471421740567365077E+001
      6154   2.31572316146103756800E+018   6.59640505925067088810E+001
      6155   2.31540875358152089600E+018   6.59492211985188845347E+001
      6156   2.31533777846325452800E+018   6.59437288880826599780E+001
      6157   2.31539380940353996800E+018   6.59462242134814715655E+001
      6158   2.31540050077438822400E+018   6.59485353336358457454E+001
      6159   2.31527890750092288000E+018   6.59454002523317512896E+001
      6160   2.31525538278967091200E+018   6.59407126398306075998E+001
      6161   2.31524754937142886400E+018   6.59413844779529512152E+001
      6162   2.31501696174026598400E+018   6.59268051416364784245E+001
      6163   2.31506740585382246400E+018   6.59292572588693843727E+001
      6164   2.31516664576690688000E+018   6.59392559855000826019E+001
      6165   2.31481735240021248000E+018   6.59229491148231687703E+001
      6166   2.31482327245108582400E+018   6.59186462767287224551E+001
      6167   2.31462540393570150400E+018   6.59104689636183422863E+001
      6168   2.31483512306727782400E+018   6.59239972514181715724E+001
      6169   2.31472682488207667200E+018   6.59190451026830146475E+001
      6170   2.31475162190951526400E+018   6.59200453313374481468E+001
      6171   2.31456068506128025600E+018   6.59117298478878979040E+001
      6172   2.31448542761225881600E+018   6.59039585150565727645E+001
      6173   2.31467698389462886400E+018   6.59153971204223694258E+001
      6174   2.31459901423114854400E+018   6.59092125562693240681E+001
      6175   2.31458805022151065600E+018   6.59072706496619531435E+001
      6176   2.31466801050303488000E+018   6.59146293571728136840E+001
      6177   2.31444036791397222400E+018   6.59004192937137389663E+001
      6178   2.31424636088185190400E+018   6.58885293507630223075E+001
      6179   2.31432982343457280000E+018   6.58946760711770735952E+001
      6180   2.31425398238149222400E+018   6.58920636248194142581E+001
      6181   2.31406785534535680000E+018   6.58825869022498267213E+001
      6182   2.31431101686399488000E+018   6.58945040137653990087E+001
      6183   2.31423362544281753600E+018   6.58921100391560941034E+001
      6184   2.31404961199431424000E+018   6.58826127436218911271E+001
      6185   2.31398448555746457600E+018   6.58797143006582359703E+001
      6186   2.31389039958274355200E+018   6.58759440923039392146E+001
      6187   2.31393642488522649600E+018   6.58799374069153884648E+001
      6188   2.31368307849096601600E+018   6.58629043984822857283E+001
      6189   2.31371285538223718400E+018   6.58649060302449100845E+001
      6190   2.31352543978205132800E+018   6.58550789867334316341E+001
      6191   2.31381921120363008000E+018   6.58725000656013719436E+001
      6192   2.31353702290238003200E+018   6.58585169217843002798E+001
      6193   2.31356895075126067200E+018   6.58578203952171321589E+001
      6194   2.31361244614592870400E+018   6.58635608477092091562E+001
      6195   2.31370878899470540800E+018   6.58679629773993582376E+001
      6196   2.31352330129033011200E+018   6.58577760348476459740E+001
      6197   2.31357429122343321600E+018   6.58622790503351325242E+001
      6198   2.31358141175120537600E+018   6.58612598738334327209E+001
      6199   2.31352771324495155200E+018   6.58586113379183899497E+001
      6200   2.31354357146902118400E+018   6.58583429126953632249E+001
      6201   2.31361767591760691200E+018   6.58656373598050350893E+001
      6202   2.31366682289571072000E+018   6.58666667928841604862E+001
      6203   2.31383231214391654400E+018   6.58769773743705968627E+001
      6204   2.31366884460512307200E+018   6.58664873974322091499E+001
      6205   2.31365210068473088000E+018   6.58660311913957201568E+001
      6206   2.31363364335804569600E+018   6.58627571621912011324E+001
      6207   2.31396081771065446400E+018   6.58795419459697342290E+001
      6208   2.31397052570860646400E+018   6.58824579093315918499E+001
      6209   2.31396314028589004800E+018   6.58811274256672874117E+001
      6210   2.31381978997929984000E+018   6.58746502066373267326E+001
      6211   2.31430176946634803200E+018   6.58988599286345788641E+001
      6212   2.31407333020677171200E+018   6.58874970368450902924E+001
      6213   2.31425149728145305600E+018   6.58947863562372049273E+001
      6214   2.31428431453559398400E+018   6.58949439133550782799E+001
      6215   2.31447307105896601600E+018   6.59063984564051565940E+001
      6216   2.31453746509702604800E+018   6.59084340524062213262E+001
      6217   2.31453397033842739200E+018   6.59092695188527954997E+001
      6218   2.31481598275657676800E+018   6.59250398211122359271E+001
      6219   2.31476189736462848000E+018   6.59220459742530948688E+001
      6220   2.31458097065825894400E+018   6.59138855066083948486E+001
      6221   2.31463354871269478400E+018   6.59164704028259933466E+001
      6222   2.31482645478656972800E+018   6.59269098380726177311E+001
      6223   2.31493807862099251200E+018   6.59335379341719658441E+001
      6224   2.31493893589861785600E+018   6.59337975845988211177E+001
      6225   2.31488530809125529600E+018   6.59306363781495150533E+001
      6226   2.31513955842903500800E+018   6.59437276824411497955E+001
      6227   2.31509768336782899200E+018   6.59406456162502223606E+001
      6228   2.31524435494800179200E+018   6.59478665752231876240E+001
      6229   2.31533608130258124800E+018   6.59533448050883635005E+001
      6230   2.31530649885077094400E+018   6.59503269641061109496E+001
      6231   2.31537683610534400000E+018   6.59560570552850009562E+001
      6232   2.31537327033043660800E+018   6.59541847928787490218E+001
      6233   2.31559545666157824000E+018   6.59679979091817898507E+001
      6234   2.30902627621437952000E+018   6.59094695553691138912E+001
      6235   2.29904369748258304000E+018   6.57200406815715467701E+001
      6236   2.28612948400769100800E+018   6.58093835934488993189E+001
      6237   2.28663138838007244800E+018   6.57792422139589945118E+001
      6238   2.28744325331712230400E+018   6.58110784934986128292E+001
      6239   2.29051629261723059200E+018   6.56697482400298042649E+001
      6240   2.29300969778160486400E+018   6.56837977576804092905E+001
      6241   2.28881494743216896000E+018   6.57426270870388265166E+001
      6242   2.29316972235924480000E+018   6.56821869690778470385E+001
      6243   2.28720727439446323200E+018   6.56812980885592736513E+001
      6244   2.28178690920012262400E+018   6.57535471778072491134E+001
      6245   2.28592063683764889600E+018   6.58172404626428004804E+001
      6246   2.28457465759465216000E+018   6.57359838370567928223E+001
      6247   2.28843582069308288000E+018   6.57066542945237443973E+001
      6248   2.28862570802407552000E+018   6.56969277052610323153E+001
      6249   2.27972629022779571200E+018   6.57435155298654336775E+001
      6250   2.27993858081695385600E+018   6.56867048151707422221E+001
      6251   2.28579481347363481600E+018   6.56584205540121956801E+001
      6252   2.28274379025379225600E+018   6.53182817784848879228E+001
      6253   2.28412427668485273600E+018   6.52766680201136608730E+001
      6254   2.28594709450552345600E+018   6.52533812013632399385E+001
      6255   2.27895080874471680000E+018   6.52518513645651552224E+001
      6256   2.27946803389717964800E+018   6.53127333210968146204E+001
      6257   2.28690955459658444800E+018   6.52431901332860348930E+001
      6258   2.28825119786460108800E+018   6.53384420625216506551E+001
      6259   2.28610753133447705600E+018   6.53171613848682852677E+001
      6260   2.28510012074256793600E+018   6.52864780271366527131E+001
      6261   2.28446901167438771200E+018   6.53714290953117966865E+001
      6262   2.28434678278458982400E+018   6.53084771988725947267E+001
      6263   2.28682803783403033600E+018   6.53586007082980557925E+001
      6264   2.28520455188115046400E+018   6.53802854992501920606E+001
      6265   2.28980957952291660800E+018   6.53550864335407339922E+001
      6266   2.28768933234486707200E+018   6.54250840530403650064E+001
      6267   2.28004378421870950400E+018   6.55015023008975134644E+001
      6268   2.29524177889917363200E+018   6.54924709946957221973E+001
      6269   2.30659038847881369600E+018   6.55654366544084155066E+001
      6270   2.31269581006227660800E+018   6.56191223617834822335E+001
      6271   2.31283574822318592000E+018   6.56257508959817954519E+001
      6272   2.31294069419554969600E+018   6.56308914096155859852E+001
      6273   2.31301120819674214400E+018   6.56337291058251395270E+001
      6274   2.31294917987198105600E+018   6.56315080539022801531E+001
      6275   2.31307585870350899200E+018   6.56385144187584188558E+001
      6276   2.31320266745401139200E+018   6.56438393908089778961E+001
      6277   2.31325228772795648000E+018   6.56473234467567721140E+001
      6278   2.31324035257923584000E+018   6.56471251865355753807E+001
      6279   2.31318996354119987200E+018   6.56445938454487531999E+001
      6280   2.31335449819687884800E+018   6.56533587281516446410E+001
      6281   2.31348751620805785600E+018   6.56611683465714435215E+001
      6282   2.31350389418799257600E+018   6.56624023863805916790E+001
      6283   2.31369056927424409600E+018   6.56718521829552770441E+001
      6284   2.31350076762272204800E+018   6.56640199306711309646E+001
      6285   2.31370394829037670400E+018   6.56747232128749374169E+001
      6286   2.31374041893159065600E+018   6.56761427560155652827E+001
      6287   2.31384099855726848000E+018   6.56820092924946692392E+001
      6288   2.31392444426219571200E+018   6.56867144667596676300E+001
      6289   2.31393266261590476800E+018   6.56866081566726478513E+001
      6290   2.31401263380329984000E+018   6.56910423137891683609E+001
      6291   2.31401438236803020800E+018   6.56909205120531254352E+001
      6292   2.31408378099509964800E+018   6.56969027885056675586E+001
      6293   2.31436292804168345600E+018   6.57070487824424844803E+001
      6294   2.31435658218434304000E+018   6.57099762245853327158E+001
      6295   2.31425202383628083200E+018   6.57043453761125419987E+001
      6296   2.31423246029867008000E+018   6.57035168385963714854E+001
      6297   2.31442323376343552000E+018   6.57125475075482796683E+001
      6298   2.31452945478317875200E+018   6.57213625021143315053E+001
      6299   2.31464002060877772800E+018   6.57240855753715180754E+001
      6300   2.31445928308182476800E+018   6.57148477296339876830E+001
      6301   2.31467746505078579200E+018   6.57268765473208276262E+001
      6302   2.31448329030586009600E+018   6.57167265026359501690E+001
      6303   2.31449289247393996800E+018   6.57162267378786850713E+001
      6304   2.31466116333259571200E+018   6.57257716119444239666E+001
      6305   2.31459165536530995200E+018   6.57252206702576557973E+001
      6306   2.31444561926677452800E+018   6.57152743096100522280E+001
      6307   2.31461934649130188800E+018   6.57252626382702800356E+001
      6308   2.31451803962363955200E+018   6.57198702522417192995E+001
      6309   2.31488129658381516800E+018   6.57377991032545736516E+001
      6310   2.31454429685379993600E+018   6.57208193101960915783E+001
      6311   2.31440599023376537600E+018   6.57162608106912529138E+001
      6312   2.31431751078499942400E+018   6.57122776905663812386E+001
      6313   2.31443704981385216000E+018   6.57162412820412527026E+001
      6314   2.31427814683316736000E+018   6.57069411766777875528E+001
      6315   2.31435154800479385600E+018   6.57102342551776530399E+001
      6316   2.31406470737441228800E+018   6.56964329164741087652E+001
      6317   2.31400232592134348800E+018   6.56929431236230954028E+001
      6318   2.31402633155984947200E+018   6.56950165527446188207E+001
      6319   2.31399344410705920000E+018   6.56938385483723408242E+001
      6320   2.31394932884712857600E+018   6.56933056306008182901E+001
      6321   2.31410707700198451200E+018   6.57012363746396630404E+001
      6322   2.31392058122312448000E+018   6.56916860758166194501E+001
      6323   2.31378276144188467200E+018   6.56829209353238496760E+001
      6324   2.31374497434958336000E+018   6.56815326442762028591E+001
      6325   2.31374378265896755200E+018   6.56802682520892489038E+001
      6326   2.31377844491788288000E+018   6.56801585579458304665E+001
      6327   2.31365634728228659200E+018   6.56738589074436163173E+001
      6328   2.31351700730980761600E+018   6.56666217530184894713E+001
      6329   2.31359282049830656000E+018   6.56729884708104236779E+001
      6330   2.31339590463704115200E+018   6.56589223418230858442E+001
      6331   2.31350717743069798400E+018   6.56637897567450607994E+001
      6332   2.31350572059913062400E+018   6.56646052417206647078E+001
      6333   2.31359988100422400000E+018   6.56689956700309807047E+001
      6334   2.31346895711014246400E+018   6.56611063337590508127E+001
      6335   2.31323067576427110400E+018   6.56505246899504726343E+001
      6336   2.31332866738156236800E+018   6.56558074808704361658E+001
      6337   2.31313374335454822400E+018   6.56469327370224817741E+001
      6338   2.31308015519519948800E+018   6.56440227568842260553E+001
      6339   2.31311672648380416000E+018   6.56439068163738994599E+001
      6340   2.31302893817638809600E+018   6.56413720793601100922E+001
      6341   2.31298137795730278400E+018   6.56396101473618642785E+001
      6342   2.31287134357503385600E+018   6.56361066136644382141E+001
      6343   2.31278574969874073600E+018   6.56328371574441433722E+001
      6344   2.31273724512350310400E+018   6.56265728599397135667E+001
      6345   2.31268915458278246400E+018   6.56253611576350834866E+001
      6346   2.31271171744477132800E+018   6.56268115883122646892E+001
      6347   2.31264196972198297600E+018   6.56234231455999434957E+001
      6348   2.31262791150554265600E+018   6.56212572413409560568E+001
      6349   2.31256598998547200000E+018   6.56143412148203566403E+001
      6350   2.31249940425461708800E+018   6.56119647828371199694E+001
      6351   2.31251454580353689600E+018   6.56108306967882128902E+001
      6352   2.31245125815673446400E+018   6.56077216389557378307E+001
      6353   2.31241352779402393600E+018   6.56052773514671798694E+001
      6354   2.31241094648245145600E+018   6.56090852570238354247E+001
      6355   2.31228242484095590400E+018   6.55986057937197841738E+001
      6356   2.31230587709878681600E+018   6.55979465545051425579E+001
      6357   2.31223995569454745600E+018   6.55951709210399798167E+001
      6358   2.31219988125369395200E+018   6.55932935371622676257E+001
      6359   2.31211160927522713600E+018   6.55855751186634847727E+001
      6360   2.31196774104007833600E+018   6.55782599787542750391E+001
      6361   2.31189121020083507200E+018   6.55752781673280082941E+001
      6362   2.31177718916910694400E+018   6.55687166399821848017E+001
      6363   2.31184416010303641600E+018   6.55725495042295705161E+001
      6364   2.31195344934679603200E+018   6.55742293853941475845E+001
      6365   2.31169473908265216000E+018   6.55669548228250533839E+001
      6366   2.31167101207986124800E+018   6.55664269674026058965E+001
      6367   2.31165451660734976000E+018   6.55672622521151851060E+001
      6368   2.31168100503953459200E+018   6.55669141408016997730E+001
      6369   2.31147824640753459200E+018   6.55609357796638079208E+001
      6370   2.31135355369618227200E+018   6.55585985112082880732E+001
      6371   2.31139859913353676800E+018   6.55604378486933683234E+001
      6372   2.31126040875462553600E+018   6.55545094531042309427E+001
      6373   2.31107535184388556800E+018   6.55446791884215116397E+001
      6374   2.31110416917577420800E+018   6.55499266366301185371E+001
      6375   2.31101367402897971200E+018   6.55443036717848173112E+001
      6376   2.31087986743309926400E+018   6.55394976851661539285E+001
      6377   2.31105690566083584000E+018   6.55439272359992912698E+001
      6378   2.31083391315394201600E+018   6.55398190105048854548E+001
      6379   2.31085811542115123200E+018   6.55337996777579121499E+001
      6380   2.31067779524877670400E+018   6.55237304595312650690E+001
      6381   2.31090017221556121600E+018   6.55258115378881456081E+001
      6382   2.31068606136012236800E+018   6.55147884205504311694E+001
      6383   2.31070595772158720000E+018   6.55158912034405744862E+001
      6384   2.31059025306116505600E+018   6.55053208236619326499E+001
      6385   2.31054843502895206400E+018   6.54992413277875726862E+001
      6386   2.31055289629061427200E+018   6.54962673610113910172E+001
      6387   2.31062143240490649600E+018   6.54990123997299065195E+001
      6388   2.31040425741607219200E+018   6.54873619366998838132E+001
      6389   2.31050146893139814400E+018   6.54913878510220115459E+001
      6390   2.31020813278324992000E+018   6.54797153019921154282E+001
      6391   2.31020612087497164800E+018   6.54810822184821859082E+001
      6392   2.31016150957106688000E+018   6.54722782143265789045E+001
      6393   2.31015047722236262400E+018   6.54759472583871371398E+001
      6394   2.31003382643712512000E+018   6.54726547966541261303E+001
      6395   2.30991425013871001600E+018   6.54696700891173719583E+001
      6396   2.30993719383218585600E+018   6.54689552747265821608E+001
      6397   2.30971890312121088000E+018   6.54592189237753956377E+001
      6398   2.30981919871342745600E+018   6.54652940417640962778E+001
      6399   2.30960148871323340800E+018   6.54590082239497661476E+001
      6400   2.30970480271026073600E+018   6.54567977174459088019E+001
      6401   2.30952464162382950400E+018   6.54501997692870958190E+001
      6402   2.30946173194405990400E+018   6.54474843424065255704E+001
      6403   2.30944331593071104000E+018   6.54471630956476673191E+001
      6404   2.30949999872297728000E+018   6.54493683105074097739E+001
      6405   2.30937553070880716800E+018   6.54405857602367007075E+001
      6406   2.30942053530963302400E+018   6.54432435225142654645E+001
      6407   2.30932498663958732800E+018   6.54366846156428749737E+001
      6408   2.30937464516408832000E+018   6.54376613704448146791E+001
      6409   2.30916777180518041600E+018   6.54235781637108573250E+001
      6410   2.30909955336378265600E+018   6.54218041606974907154E+001
      6411   2.30899651615947059200E+018   6.54199894014080172155E+001
      6412   2.30897962849967769600E+018   6.54163581248349288444E+001
      6413   2.30898607489785344000E+018   6.54153465709582633281E+001
      6414   2.30910007357876736000E+018   6.54171076940585720649E+001
      6415   2.30904907705010483200E+018   6.54191771057604256612E+001
      6416   2.30882664965180364800E+018   6.54039120175561805581E+001
      6417   2.30884586316734412800E+018   6.54086813637819091127E+001
      6418   2.30877645109235353600E+018   6.53989182579099264103E+001
      6419   2.30864561758031769600E+018   6.53951205337047127841E+001
      6420   2.30865060150740428800E+018   6.53915864307568881486E+001
      6421   2.30856597770083072000E+018   6.53954393193577487864E+001
      6422   2.30857550278526822400E+018   6.53916210750882527236E+001
      6423   2.30869771295454720000E+018   6.53979935691643703422E+001
      6424   2.30862062318920550400E+018   6.53947370613607716905E+001
      6425   2.30848981077531392000E+018   6.53921288971249197175E+001
      6426   2.30831966102818406400E+018   6.53785388291745022116E+001
      6427   2.30827295356432230400E+018   6.53805079677821794348E+001
      6428   2.30818319959175219200E+018   6.53719197370301685623E+001
      6429   2.30824296343267072000E+018   6.53756173993347715623E+001
      6430   2.30822736319098982400E+018   6.53742467229681238905E+001
      6431   2.30816346949526016000E+018   6.53715780326180890825E+001
      6432   2.30814427582493440000E+018   6.53736636041779632933E+001
      6433   2.30813836653702246400E+018   6.53700606780439130716E+001
      6434   2.30794575151288012800E+018   6.53640923072361914592E+001
      6435   2.30794165055541452800E+018   6.53621819887824244688E+001
      6436   2.30802864930347315200E+018   6.53671323685336602693E+001
      6437   2.30788217216610969600E+018   6.53595735277150140519E+001
      6438   2.30769818035133644800E+018   6.53485044455486132620E+001
      6439   2.30759144891545395200E+018   6.53423144508734452529E+001
      6440   2.30764725770928332800E+018   6.53487082855868521847E+001
      6441   2.30768245426784153600E+018   6.53498340204103840279E+001
      6442   2.30749367052686028800E+018   6.53369605116077849516E+001
      6443   2.30721811246036582400E+018   6.53253736388904826526E+001
      6444   2.30738620669166336000E+018   6.53331078396474254077E+001
      6445   2.30747484301496780800E+018   6.53383593788399537061E+001
      6446   2.30741354316746035200E+018   6.53361127106363284156E+001
      6447   2.30721074572300492800E+018   6.53239134008162523060E+001
      6448   2.30711065518377420800E+018   6.53233885427487592779E+001
      6449   2.30716551590272102400E+018   6.53244466741709430835E+001
      6450   2.30698042500378777600E+018   6.53162139272656219191E+001
      6451   2.30720131276348672000E+018   6.53279827155195107480E+001
      6452   2.30709743651720038400E+018   6.53225232492976743970E+001
      6453   2.30690569128965580800E+018   6.53111898307096083727E+001
      6454   2.30685987205927116800E+018   6.53070419352564641713E+001
      6455   2.30685875868422451200E+018   6.53138226337217844275E+001
      6456   2.30692184545491148800E+018   6.53122358934911488859E+001
      6457   2.30665303203981568000E+018   6.53001494079938566983E+001
      6458   2.30678470280142438400E+018   6.53088996804846715349E+001
      6459   2.30681666493459097600E+018   6.53127863094652525433E+001
      6460   2.30696097791402086400E+018   6.53179405060651703252E+001
      6461   2.30690553400347904000E+018   6.53152822999096116519E+001
      6462   2.30685180867572275200E+018   6.53131801167059933277E+001
      6463   2.30696181385554739200E+018   6.53170405405162313173E+001
      6464   2.30679848119656806400E+018   6.53095698973339011673E+001
      6465   2.30684582302995046400E+018   6.53111542767453983060E+001
      6466   2.30697104218411827200E+018   6.53195728433763065368E+001
      6467   2.30676073796984627200E+018   6.53081183133751039804E+001
      6468   2.30705979108222208000E+018   6.53238181677959346416E+001
      6469   2.30710580351522867200E+018   6.53243712870788613145E+001
      6470   2.30712617874666086400E+018   6.53260243056551104246E+001
      6471   2.30730129775399833600E+018   6.53339139798573711460E+001
      6472   2.30723878431234099200E+018   6.53300559038464569994E+001
      6473   2.30718649502827571200E+018   6.53278919720847710551E+001
      6474   2.30736098348431667200E+018   6.53363123559596630230E+001
      6475   2.30739097146149529600E+018   6.53383863070318824384E+001
      6476   2.30758268365565030400E+018   6.53482317916177208872E+001
      6477   2.30748639424655872000E+018   6.53450440568614396852E+001
      6478   2.30762945054665779200E+018   6.53510141699502611345E+001
      6479   2.30779496326738892800E+018   6.53600429510150462420E+001
      6480   2.30759278371057971200E+018   6.53516285849058107260E+001
      6481   2.30791150253648998400E+018   6.53678896740382668895E+001
      6482   2.30782817873118566400E+018   6.53639061473205629227E+001
      6483   2.30792620001842841600E+018   6.53681010221764040580E+001
      6484   2.30805786017812377600E+018   6.53744038001275811212E+001
      6485   2.30828347820484505600E+018   6.53874129988838603822E+001
      6486   2.30808441657037363200E+018   6.53764296352158709169E+001
      6487   2.30820653735314432000E+018   6.53842459762377217203E+001
      6488   2.30831228687823155200E+018   6.53874755531662543717E+001
      6489   2.30840672915199744000E+018   6.53939881702354597337E+001
      6490   2.30830713303766579200E+018   6.53872316394994896882E+001
      6491   2.30844554491743129600E+018   6.53947951619034455462E+001
      6492   2.30848527781141657600E+018   6.53973851201956080104E+001
      6493   2.30862413632363929600E+018   6.54044401812801510232E+001
      6494   2.30862529556719564800E+018   6.54055881189804892983E+001
      6495   2.30679853888457420800E+018   6.53947831284879299574E+001
      6496   2.29580910558520499200E+018   6.53046230168842356534E+001
      6497   2.28948954519966310400E+018   6.52004454328033915544E+001
      6498   2.28407702254447769600E+018   6.51684557052132475974E+001
      6499   2.28184945753100928000E+018   6.51806979014502445580E+001
      6500   2.28011005232969292800E+018   6.50834815030141129455E+001
      6501   2.27662656148102630400E+018   6.52257696073150867733E+001
      6502   2.28219804411223168000E+018   6.51111153092119394614E+001
      6503   2.28363145553097216000E+018   6.51752668987292764768E+001
      6504   2.28200026377155276800E+018   6.51138218912307564779E+001
      6505   2.28007411884498278400E+018   6.50449839717696107755E+001
      6506   2.28436752258365696000E+018   6.51141441284691495639E+001
      6507   2.28028564504302131200E+018   6.51775282467845613610E+001
      6508   2.27439938029538534400E+018   6.51664805374043822894E+001
      6509   2.28055538789648128000E+018   6.51133693230009242825E+001
      6510   2.27654128504070041600E+018   6.50938575230509570702E+001
      6511   2.27639764258692019200E+018   6.50723447754472772431E+001
      6512   2.27994792601340851200E+018   6.50977946497172439422E+001
      6513   2.27620690534073036800E+018   6.51341613540175785602E+001
      6514   2.26685522003833267200E+018   6.41496586500278311860E+001
      6515   2.27259402478576204800E+018   6.41845938845668086969E+001
      6516   2.27105537614846592000E+018   6.41748805751320361423E+001
      6517   2.27334992402610457600E+018   6.42014350889103155851E+001
      6518   2.27313758934703462400E+018   6.42639525574905690064E+001
      6519   2.27144463063202841600E+018   6.42310877708103333816E+001
      6520   2.27012995752710809600E+018   6.43676011289307581364E+001
      6521   2.27235848993731302400E+018   6.42073050344570646075E+001
      6522   2.27640781628735129600E+018   6.42122619470637658878E+001
      6523   2.26889370862023603200E+018   6.44316874627334215120E+001
      6524   2.27745200310769612800E+018   6.42195156416693606616E+001
      6525   2.27471190952424499200E+018   6.42664256517677898728E+001
      6526   2.28249358090256153600E+018   6.41469834138118102373E+001
      6527   2.27867728637941529600E+018   6.43318151232272867901E+001
      6528   2.27843958223004492800E+018   6.43899660973368241912E+001
      6529   2.28228846063108224000E+018   6.44169739280316235863E+001
      6530   2.29257408407426560000E+018   6.44724579618126512059E+001
      6531   2.29940165900132249600E+018   6.45216255311725461752E+001
      6532   2.29977302473706419200E+018   6.45367507218217610898E+001
      6533   2.29981012050639718400E+018   6.45394199223474913651E+001
      6534   2.29994452332459955200E+018   6.45456795406075372057E+001
      6535   2.29989186881946419200E+018   6.45438594577359481264E+001
      6536   2.30000365258672000000E+018   6.45493002684638810251E+001
      6537   2.30027007534662144000E+018   6.45618950952727885806E+001
      6538   2.30004887172261248000E+018   6.45531919735264949622E+001
      6539   2.30028254852712268800E+018   6.45667067863416974660E+001
      6540   2.30021429100485964800E+018   6.45622517350028033434E+001
      6541   2.30029973837728742400E+018   6.45680505702444378358E+001
      6542   2.30030793091027046400E+018   6.45667578439584559646E+001
      6543   2.30040242584128128000E+018   6.45724576321699004211E+001
      6544   2.30056866154291251200E+018   6.45803722421824630828E+001
      6545   2.30048840515437644800E+018   6.45777090274589227192E+001
      6546   2.30060579807917516800E+018   6.45850397203404327229E+001
      6547   2.30073186713494169600E+018   6.45906063190186472411E+001
      6548   2.30077092949463705600E+018   6.45947611434880855086E+001
      6549   2.30078309573359206400E+018   6.45929134065238486073E+001
      6550   2.30083481702898483200E+018   6.45961939395916431295E+001
      6551   2.30091022330900198400E+018   6.46004070216841910224E+001
      6552   2.30105507617228492800E+018   6.46099470944967464447E+001
      6553   2.30099163541848908800E+018   6.46037962517708450605E+001
      6554   2.30113833484357529600E+018   6.46131789069239630408E+001
      6555   2.30118499885977344000E+018   6.46150165129301541356E+001
      6556   2.30105257942858572800E+018   6.46062188576869829149E+001
      6557   2.30115366199140940800E+018   6.46126388249146117460E+001
      6558   2.30127830371804851200E+018   6.46211903508460494550E+001
      6559   2.30132236579025075200E+018   6.46215131369198871880E+001
      6560   2.30129310080619417600E+018   6.46207533897031822789E+001
      6561   2.30131826901799987200E+018   6.46247658245693088475E+001
      6562   2.30127987673021875200E+018   6.46213331183379295908E+001
      6563   2.30127489943476505600E+018   6.46210259161918685322E+001
      6564   2.30124612373355059200E+018   6.46198143033522143241E+001
      6565   2.30139059982228812800E+018   6.46279024639744079650E+001
      6566   2.30127848230782489600E+018   6.46254790991007013190E+001
      6567   2.30119669650215142400E+018   6.46213542995256489121E+001
      6568   2.30120707982567859200E+018   6.46208964708910116315E+001
      6569   2.30123971047812736000E+018   6.46210671451332814286E+001
      6570   2.30133093109737344000E+018   6.46275723697652324518E+001
      6571   2.30100311863119974400E+018   6.46104590389686421759E+001
      6572   2.30100918095023923200E+018   6.46117436545252985525E+001
      6573   2.30115177659164825600E+018   6.46166501930104288931E+001
      6574   2.30100317599913932800E+018   6.46103518986557645576E+001
      6575   2.30086206391855590400E+018   6.46046797298919983632E+001
      6576   2.30107389317378585600E+018   6.46121586719097535934E+001
      6577   2.30112187478953267200E+018   6.46187984209245911416E+001
      6578   2.30085588901630182400E+018   6.46042331388867836495E+001
      6579   2.30064267560549273600E+018   6.45935794007540380335E+001
      6580   2.30062242905538892800E+018   6.45924216721322608237E+001
      6581   2.30067440546094464000E+018   6.45963909514735377115E+001
      6582   2.30047989982242841600E+018   6.45864054726586687138E+001
      6583   2.30051868812344883200E+018   6.45896291303290013275E+001
      6584   2.30047453055881446400E+018   6.45848689350706450796E+001
      6585   2.30054154535095449600E+018   6.45880483309743453901E+001
      6586   2.30035183312533196800E+018   6.45789098108008374766E+001
      6587   2.30031093750553446400E+018   6.45725169691924776316E+001
      6588   2.30034007705797222400E+018   6.45748982439931182853E+001
      6589   2.30022588707518156800E+018   6.45675550451178139610E+001
      6590   2.30022979910814438400E+018   6.45692535695922629202E+001
      6591   2.30024883405586790400E+018   6.45689324170845821982E+001
      6592   2.30007729210010419200E+018   6.45576793129799284543E+001
      6593   2.30007975070282137600E+018   6.45598760549822117127E+001
      6594   2.30006085202011468800E+018   6.45562830250004111576E+001
      6595   2.30001070751706777600E+018   6.45564699531276460220E+001
      6596   2.29996999609342720000E+018   6.45555577421941961802E+001
      6597   2.29972272657100544000E+018   6.45422391871090184168E+001
      6598   2.29987049520469120000E+018   6.45484901733973970295E+001
      6599   2.29975945262543411200E+018   6.45450926507467528381E+001
      6600   2.29985298999770316800E+018   6.45532128290103912605E+001
      6601   2.29966800485391872000E+018   6.45433676288578084268E+001
      6602   2.29958942735818649600E+018   6.45400925361589798968E+001
      6603   2.29947287729193011200E+018   6.45334650821062183468E+001
      6604   2.29952849064599065600E+018   6.45390140920180641615E+001
      6605   2.29943963568033126400E+018   6.45328314833858627253E+001
      6606   2.29952658374383744000E+018   6.45310657736023927100E+001
      6607   2.29937807373399347200E+018   6.45254723147393605132E+001
      6608   2.29932884453895091200E+018   6.45245628985247066112E+001
      6609   2.29927971543799884800E+018   6.45162334044663765553E+001
      6610   2.29922063818079257600E+018   6.45141869465940089867E+001
      6611   2.29913692279844352000E+018   6.45139576271657944062E+001
      6612   2.29910873609264435200E+018   6.45117824349652266847E+001
      6613   2.29912468110056192000E+018   6.45105495920516602837E+001
      6614   2.29904727210098995200E+018   6.45039688255383225624E+001
      6615   2.29900359784681472000E+018   6.45013564167713866482E+001
      6616   2.29906831102311833600E+018   6.45046721354014493954E+001
      6617   2.29886613625450752000E+018   6.44932671426053616415E+001
      6618   2.29897092537198566400E+018   6.44964718197066559924E+001
      6619   2.29878911895104640000E+018   6.44860953922274973138E+001
      6620   2.29880958242404070400E+018   6.44877059008065458556E+001
      6621   2.29878665103360076800E+018   6.44879051020063940314E+001
      6622   2.29884705246914278400E+018   6.44879657002074822003E+001
      6623   2.29864070152859468800E+018   6.44805503747849257934E+001
      6624   2.29864049882230476800E+018   6.44831192706353562016E+001
      6625   2.29856886635466931200E+018   6.44787575389182023855E+001
      6626   2.29844661524711987200E+018   6.44715865329688000429E+001
      6627   2.29835724975557811200E+018   6.44713370077000291758E+001
      6628   2.29831266847830553600E+018   6.44679872480833608961E+001
      6629   2.29812880315841024000E+018   6.44617901309218410688E+001
      6630   2.29812918448815078400E+018   6.44652739870446112036E+001
      6631   2.29816047284977024000E+018   6.44641677864431557055E+001
      6632   2.29806336281140224000E+018   6.44630172626967805627E+001
      6633   2.29797140533660364800E+018   6.44562056916629018133E+001
      6634   2.29783697189761971200E+018   6.44556133490801954622E+001
      6635   2.29785578764221107200E+018   6.44538340543917769310E+001
      6636   2.29790034094166016000E+018   6.44542415740653495959E+001
      6637   2.29777852015165926400E+018   6.44476018260160401496E+001
      6638   2.29765116349944243200E+018   6.44403096711783973660E+001
      6639   2.29776191644352435200E+018   6.44391866225967504533E+001
      6640   2.29754660094267571200E+018   6.44310672554621390873E+001
      6641   2.29748832872128435200E+018   6.44265400142827644459E+001
      6642   2.29741369915005312000E+018   6.44169688286411741274E+001
      6643   2.29746394967113932800E+018   6.44179454418174799457E+001
      6644   2.29739973578382489600E+018   6.44092046598071306107E+001
      6645   2.29731568668385920000E+018   6.44053186511427355754E+001
      6646   2.29724606592089472000E+018   6.43986038037763677266E+001
      6647   2.29731791700971212800E+018   6.43994458132652880522E+001
      6648   2.29722442672510950400E+018   6.43990503496705883890E+001
      6649   2.29716335155085593600E+018   6.43926029127163417343E+001
      6650   2.29711951690923776000E+018   6.43884504703457736241E+001
      6651   2.29712712624799820800E+018   6.43926531423762327222E+001
      6652   2.29690448742020659200E+018   6.43820081489838997868E+001
      6653   2.29678798464444825600E+018   6.43775382997964413789E+001
      6654   2.29676505221224576000E+018   6.43810364353649475788E+001
      6655   2.29678514529747584000E+018   6.43772449495731393654E+001
      6656   2.29670162469336012800E+018   6.43751851064345714803E+001
      6657   2.29665908866521216000E+018   6.43766427542729928746E+001
      6658   2.29638362504677273600E+018   6.43597373619266335254E+001
      6659   2.29649716994699827200E+018   6.43667624633217485552E+001
      6660   2.29646718824733184000E+018   6.43680955847089393274E+001
      6661   2.29649984713642265600E+018   6.43677700132094514629E+001
      6662   2.29646003249401958400E+018   6.43674277803174419432E+001
      6663   2.29626231521441561600E+018   6.43553397747030118126E+001
      6664   2.29620547388931865600E+018   6.43522461593539816249E+001
      6665   2.29625424319497753600E+018   6.43538780550722151474E+001
      6666   2.29622556964356454400E+018   6.43511061806851785150E+001
      6667   2.29625445133242035200E+018   6.43487495455207181294E+001
      6668   2.29615698383997849600E+018   6.43441740629074416802E+001
      6669   2.29596673047740620800E+018   6.43370954284398521850E+001
      6670   2.29597454551441100800E+018   6.43343060585868471435E+001
      6671   2.29593964867238246400E+018   6.43342045876032102569E+001
      6672   2.29599521022797286400E+018   6.43354625638824444422E+001
      6673   2.29585816281014092800E+018   6.43289431399068121209E+001
      6674   2.29575490996489830400E+018   6.43217877651794651683E+001
      6675   2.29574388829325363200E+018   6.43222023678746239739E+001
      6676   2.29570424319654784000E+018   6.43196029275912337653E+001
      6677   2.29577239368085913600E+018   6.43217660943020774766E+001
      6678   2.29570667107246873600E+018   6.43150334810296300248E+001
      6679   2.29570191777115033600E+018   6.43189949291045905966E+001
      6680   2.29552251419047961600E+018   6.43102102294007664796E+001
      6681   2.29558806066154854400E+018   6.43130176636160655335E+001
      6682   2.29539609083622963200E+018   6.43048220135307389000E+001
      6683   2.29528946328803840000E+018   6.42989579895724574499E+001
      6684   2.29541977828821043200E+018   6.43034999125150221744E+001
      6685   2.29524836757385856000E+018   6.42933841178204801281E+001
      6686   2.29520381080172160000E+018   6.42916886427426135242E+001
      6687   2.29519427938150988800E+018   6.42927572331437175990E+001
      6688   2.29513900140496972800E+018   6.42887899681659433782E+001
      6689   2.29515156110027238400E+018   6.42902124939513583968E+001
      6690   2.29501651756698444800E+018   6.42854217086846375651E+001
      6691   2.29495841749772339200E+018   6.42821595444222708693E+001
      6692   2.29492157680799769600E+018   6.42812694403862252557E+001
      6693   2.29483574015882137600E+018   6.42756003106313329454E+001
      6694   2.29473850501766144000E+018   6.42725378785150383010E+001
      6695   2.29475773886461209600E+018   6.42718357360206908879E+001
      6696   2.29476325078797772800E+018   6.42731453976726925248E+001
      6697   2.29466305233269964800E+018   6.42689404452499672971E+001
      6698   2.29452350065711232000E+018   6.42586482075787870372E+001
      6699   2.29465395536102067200E+018   6.42668566488376882262E+001
      6700   2.29478930086389964800E+018   6.42726323848512350878E+001
      6701   2.29427471789333478400E+018   6.42491075840666070462E+001
      6702   2.29443881250848460800E+018   6.42565714058857082591E+001
      6703   2.29438652140480819200E+018   6.42554085899136566695E+001
      6704   2.29443307725912140800E+018   6.42553678576403655143E+001
      6705   2.29423482753384601600E+018   6.42472064390409940415E+001
      6706   2.29425051843331302400E+018   6.42489617496094496119E+001
      6707   2.29415998413154867200E+018   6.42424710652076669248E+001
      6708   2.29418866479799910400E+018   6.42432557781023660937E+001
      6709   2.29398205795796275200E+018   6.42356320080798468553E+001
      6710   2.29407310733314227200E+018   6.42398041858961619255E+001
      6711   2.29386763814742604800E+018   6.42274579760125874373E+001
      6712   2.29403514989589683200E+018   6.42381576405065430890E+001
      6713   2.29392800817689292800E+018   6.42341197401987642479E+001
      6714   2.29390243349400166400E+018   6.42317111881071554080E+001
      6715   2.29380452522723353600E+018   6.42284900839571122333E+001
      6716   2.29373974506361984000E+018   6.42243918505181881073E+001
      6717   2.29386072755821056000E+018   6.42341993731228200204E+001
      6718   2.29363135689402240000E+018   6.42194982747539739876E+001
      6719   2.29386118651271500800E+018   6.42309743040131593261E+001
      6720   2.29379506150281548800E+018   6.42299409399570464529E+001
      6721   2.29382750867590758400E+018   6.42310988238316014076E+001
      6722   2.29394199983511116800E+018   6.42377971347372067612E+001
      6723   2.29409417359806284800E+018   6.42438664794787968049E+001
      6724   2.29387648605943603200E+018   6.42309004498546869399E+001
      6725   2.29395756317527808000E+018   6.42382676020217360247E+001
      6726   2.29403219708116812800E+018   6.42406561860918685625E+001
      6727   2.29402332293769856000E+018   6.42408950176085653538E+001
      6728   2.29402316831139686400E+018   6.42392079352984666230E+001
      6729   2.29402253182015974400E+018   6.42400988887802242289E+001
      6730   2.29423265841376128000E+018   6.42506099968954202950E+001
      6731   2.29424149641785190400E+018   6.42519073469284762723E+001
      6732   2.29437374164868096000E+018   6.42600955906535915574E+001
      6733   2.29432133830504499200E+018   6.42554990641454111255E+001
      6734   2.29432108004859084800E+018   6.42569234524349326421E+001
      6735   2.29450657425946700800E+018   6.42629943179498610561E+001
      6736   2.29445022437276262400E+018   6.42631023728996950695E+001
      6737   2.29467278252037632000E+018   6.42736494615281941378E+001
      6738   2.29456259350226585600E+018   6.42684765536110234052E+001
      6739   2.29464523611704524800E+018   6.42738574246991305472E+001
      6740   2.29472795544905830400E+018   6.42780728261100762211E+001
      6741   2.29456264913375872000E+018   6.42698051927400371142E+001
      6742   2.29479384008015616000E+018   6.42812226096118735086E+001
      6743   2.29494672390556108800E+018   6.42893745698628436003E+001
      6744   2.29503970556235417600E+018   6.42952802795528128854E+001
      6745   2.29512281722399001600E+018   6.42984243708802267747E+001
      6746   2.29502100765119462400E+018   6.42933730308963475863E+001
      6747   2.29515308350748595200E+018   6.43004139437291115655E+001
      6748   2.29515721244418585600E+018   6.42992154911094644376E+001
      6749   2.29528314477085491200E+018   6.43056117177651742622E+001
      6750   2.29541483315611545600E+018   6.43116582895300865630E+001
      6751   2.29546957550343833600E+018   6.43160991154367849276E+001
      6752   2.29517429139880908800E+018   6.43028129612218322109E+001
      6753   2.28823327570271667200E+018   6.42916204383444096493E+001
      6754   2.28446877795224985600E+018   6.41692147091322766528E+001
      6755   2.27572567528086425600E+018   6.41524341575305214747E+001
      6756   2.26604040743608192000E+018   6.40977422907267424534E+001
      6757   2.26912939066024678400E+018   6.40279948456862797457E+001
      6758   2.27518448438340710400E+018   6.41335891975912062435E+001
      6759   2.27118659825755084800E+018   6.41481843783647605051E+001
      6760   2.27353246240298931200E+018   6.41372677285148142801E+001
      6761   2.27181523801826227200E+018   6.40026472641767583127E+001
      6762   2.26921613406379596800E+018   6.40957792692485099906E+001
      6763   2.27124485135299609600E+018   6.40525102888332895645E+001
      6764   2.27588231844961664000E+018   6.40574595799183299505E+001
      6765   2.26764713575580774400E+018   6.41361572589764961094E+001
      6766   2.26803809002347161600E+018   6.41290065289214652466E+001
      6767   2.26393025035379379200E+018   6.41739344849539321558E+001
      6768   2.26373704631880499200E+018   6.40482739655073629592E+001
      6769   2.26271872151493939200E+018   6.40908304821513752358E+001
      6770   2.27128080934360192000E+018   6.41519624695797716640E+001
      6771   2.25880892366960614400E+018   6.30804910165380405829E+001
      6772   2.25180191589774796800E+018   6.31729150903808616135E+001
      6773   2.26445120038174387200E+018   6.31389279452733589437E+001
      6774   2.26336193067271014400E+018   6.30523215322093335544E+001
      6775   2.25638334736701696000E+018   6.32638236738221522160E+001
      6776   2.26010699912179840000E+018   6.32394759981014473738E+001
      6777   2.26324248389882009600E+018   6.31764937945670013164E+001
      6778   2.26712996043178880000E+018   6.32492231233159714066E+001
      6779   2.26017376559271987200E+018   6.31924291407625204897E+001
      6780   2.25981301961800755200E+018   6.32275087028177722459E+001
      6781   2.26273768274409728000E+018   6.32329420315243524442E+001
      6782   2.26587461314141132800E+018   6.31161742549821909165E+001
      6783   2.26822394185391129600E+018   6.31607089142108364399E+001
      6784   2.26536356808645145600E+018   6.32579684599792813060E+001
      6785   2.26795744885192857600E+018   6.33078572311982767928E+001
      6786   2.27646986985923020800E+018   6.33516105464642862444E+001
      6787   2.28154629173517798400E+018   6.34233833854289841270E+001
      6788   2.28583829883372339200E+018   6.34546572787586526943E+001
      6789   2.28691237361508096000E+018   6.34746822415005524931E+001
      6790   2.28706845904932352000E+018   6.34804311611074822963E+001
      6791   2.28710029653504076800E+018   6.34833978878349967090E+001
      6792   2.28719450326128998400E+018   6.34872479242657377085E+001
      6793   2.28725004614954931200E+018   6.34913399679982077828E+001
      6794   2.28717174869030092800E+018   6.34872855074045858714E+001
      6795   2.28731974299714918400E+018   6.34948010246101048892E+001
      6796   2.28743528315737932800E+018   6.34990432319408739659E+001
      6797   2.28750067437610803200E+018   6.35051462745107997421E+001
      6798   2.28740746678204825600E+018   6.35006051959914259442E+001
      6799   2.28761317044619699200E+018   6.35113686248912188148E+001
      6800   2.28758835741032755200E+018   6.35104531352501453512E+001
      6801   2.28774767885050188800E+018   6.35205387246320256622E+001
      6802   2.28761889661277440000E+018   6.35118878952653957981E+001
      6803   2.28784984394472371200E+018   6.35236848750593097179E+001
      6804   2.28796291254862924800E+018   6.35300360330477076332E+001
      6805   2.28788198520249728000E+018   6.35255661347675371076E+001
      6806   2.28792789056483046400E+018   6.35292442900921727755E+001
      6807   2.28796600237115264000E+018   6.35332310369975417075E+001
      6808   2.28811927061386547200E+018   6.35403449980980710166E+001
      6809   2.28806685233036441600E+018   6.35388607838572667674E+001
      6810   2.28792074484732057600E+018   6.35292206251314937049E+001
      6811   2.28826258581651328000E+018   6.35464334468298019942E+001
      6812   2.28819632131177267200E+018   6.35446201766778031583E+001
      6813   2.28818938954452838400E+018   6.35448534440338264062E+001
      6814   2.28831356193056025600E+018   6.35533740877509103484E+001
      6815   2.28829389368454425600E+018   6.35501284311749898848E+001
      6816   2.28814330254693452800E+018   6.35445607942947674474E+001
      6817   2.28820837305363046400E+018   6.35473048391894792530E+001
      6818   2.28812202268255385600E+018   6.35439554254971881164E+001
      6819   2.28832257422465459200E+018   6.35524128757244923804E+001
      6820   2.28817819286991795200E+018   6.35464508427712573280E+001
      6821   2.28817848737320550400E+018   6.35467640087427909634E+001
      6822   2.28809861849874406400E+018   6.35441197431561022313E+001
      6823   2.28833836174367155200E+018   6.35544834591282850056E+001
      6824   2.28822669964379084800E+018   6.35504135509777370316E+001
      6825   2.28816856713282329600E+018   6.35487693024439508349E+001
      6826   2.28813079043812377600E+018   6.35455742279566777597E+001
      6827   2.28812748437878784000E+018   6.35470047466842871131E+001
      6828   2.28790900575029196800E+018   6.35336075749778288468E+001
      6829   2.28803529032457574400E+018   6.35409004619516579737E+001
      6830   2.28789006924378470400E+018   6.35359126232017956681E+001
      6831   2.28782545058534553600E+018   6.35328864611109622729E+001
      6832   2.28782834984697241600E+018   6.35338465115139570116E+001
      6833   2.28756432467591116800E+018   6.35212059346528619130E+001
      6834   2.28772972562139955200E+018   6.35283250960686700637E+001
      6835   2.28747668384245504000E+018   6.35190027270980621665E+001
      6836   2.28749836908807142400E+018   6.35181368659382883379E+001
      6837   2.28760615799826508800E+018   6.35221450985589797256E+001
      6838   2.28755210397103744000E+018   6.35183794204481486645E+001
      6839   2.28734677409868441600E+018   6.35087626896977965885E+001
      6840   2.28754672880380953600E+018   6.35190725555696147353E+001
      6841   2.28742239483968972800E+018   6.35097449669010742923E+001
      6842   2.28739312208431897600E+018   6.35079403494185541490E+001
      6843   2.28722001747454003200E+018   6.35008440810192595904E+001
      6844   2.28712920171066956800E+018   6.34942684892135389418E+001
      6845   2.28714650902365824000E+018   6.34936217150742336912E+001
      6846   2.28703460634535987200E+018   6.34888594983683347550E+001
      6847   2.28704646264808140800E+018   6.34907449025031738188E+001
      6848   2.28714070243198438400E+018   6.34945043685415200230E+001
      6849   2.28704614623547059200E+018   6.34908737608192268453E+001
      6850   2.28677241631888358400E+018   6.34778859136163404742E+001
      6851   2.28687549518669747200E+018   6.34830806472020015008E+001
      6852   2.28681704118108262400E+018   6.34784421164108394464E+001
      6853   2.28676354693996774400E+018   6.34782899258489337058E+001
      6854   2.28679418021713075200E+018   6.34803094573532860068E+001
      6855   2.28652350073463142400E+018   6.34663406302603121389E+001
      6856   2.28652082102636339200E+018   6.34678809419990273000E+001
      6857   2.28646510182886835200E+018   6.34681256132335605002E+001
      6858   2.28639760421850060800E+018   6.34643297876437202376E+001
      6859   2.28629591665624857600E+018   6.34601465464761318458E+001
      6860   2.28642818306688716800E+018   6.34657688434932296673E+001
      6861   2.28635709797626521600E+018   6.34618777121117076945E+001
      6862   2.28622164042312345600E+018   6.34522058960922166193E+001
      6863   2.28625200879146112000E+018   6.34506623448050959269E+001
      6864   2.28617714525909273600E+018   6.34485007803797103065E+001
      6865   2.28625932144319104000E+018   6.34494012879467490507E+001
      6866   2.28614333824400716800E+018   6.34430885562935813482E+001
      6867   2.28606155840144640000E+018   6.34403530084907956166E+001
      6868   2.28597467222918656000E+018   6.34353924553359718175E+001
      6869   2.28604614501345587200E+018   6.34352689885375937706E+001
      6870   2.28596709141173273600E+018   6.34338212222202955104E+001
      6871   2.28606023234618956800E+018   6.34366063277444922619E+001
      6872   2.28585728838212224000E+018   6.34253111447016024727E+001
      6873   2.28591998439094272000E+018   6.34277865469958115341E+001
      6874   2.28581227303612339200E+018   6.34195105063078798935E+001
      6875   2.28567836769755545600E+018   6.34132397623310239965E+001
      6876   2.28580249319308057600E+018   6.34186338716145101557E+001
      6877   2.28564209028878566400E+018   6.34111245299701451472E+001
      6878   2.28564713760125977600E+018   6.34124733923240810896E+001
      6879   2.28545964561815654400E+018   6.34094374599204471110E+001
      6880   2.28549504472640460800E+018   6.34069457206190278953E+001
      6881   2.28555449579905356800E+018   6.34109066017710389929E+001
      6882   2.28525154355110041600E+018   6.33982356145275147696E+001
      6883   2.28533626646625817600E+018   6.34043400051917203086E+001
      6884   2.28523552412260070400E+018   6.34000991530140751706E+001
      6885   2.28526732439439155200E+018   6.34022554787025214296E+001
      6886   2.28503505063192704000E+018   6.33928226021482501551E+001
      6887   2.28502859955440281600E+018   6.33937808027975577829E+001
      6888   2.28481906748647219200E+018   6.33822215075490973391E+001
      6889   2.28488336283347404800E+018   6.33886542651005413518E+001
      6890   2.28491948043442764800E+018   6.33853509289673482385E+001
      6891   2.28477080539623244800E+018   6.33779341882477140757E+001
      6892   2.28482676646153728000E+018   6.33784244479320975074E+001
      6893   2.28472345740265907200E+018   6.33706259314641542346E+001
      6894   2.28476168291640448000E+018   6.33701358751246530687E+001
      6895   2.28464501829975910400E+018   6.33618310787521750171E+001
      6896   2.28449893691402368000E+018   6.33535644468147083330E+001
      6897   2.28461177101380710400E+018   6.33572085737179904186E+001
      6898   2.28458115550565708800E+018   6.33521845013034763383E+001
      6899   2.28451752754080512000E+018   6.33451727847180379172E+001
      6900   2.28441666943290726400E+018   6.33401607175866487864E+001
      6901   2.28447027372006502400E+018   6.33407731053542519817E+001
      6902   2.28415709787016857600E+018   6.33241218273922257254E+001
      6903   2.28415758555194649600E+018   6.33254660445258750201E+001
      6904   2.28426974335605913600E+018   6.33257703236888218612E+001
      6905   2.28433082031318067200E+018   6.33304789595086958798E+001
      6906   2.28411144875003008000E+018   6.33242736548763502924E+001
      6907   2.28411663305578854400E+018   6.33227324355102041409E+001
      6908   2.28397532373784934400E+018   6.33182298759017001544E+001
      6909   2.28379302471394227200E+018   6.33170225133993298527E+001
      6910   2.28374874245647948800E+018   6.33120413216652551114E+001
      6911   2.28369549933016678400E+018   6.33108329893869026250E+001
      6912   2.28354315180422886400E+018   6.33038312204182673781E+001
      6913   2.28354483710810803200E+018   6.33050630846649937666E+001
      6914   2.28354925871312512000E+018   6.33066412775906641741E+001
      6915   2.28352020723892147200E+018   6.33022681822716890565E+001
      6916   2.28346080356899993600E+018   6.33007501246525308147E+001
      6917   2.28335087455755852800E+018   6.32950952044631094395E+001
      6918   2.28336159063359308800E+018   6.32935792719790057959E+001
      6919   2.28337260889136768000E+018   6.32954075870404366810E+001
      6920   2.28330822092479539200E+018   6.32911841598039757173E+001
      6921   2.28317269577850547200E+018   6.32815773360637408018E+001
      6922   2.28322544109154944000E+018   6.32816434005830004139E+001
      6923   2.28319536465180339200E+018   6.32811022542099905763E+001
      6924   2.28294601033769036800E+018   6.32672635985844280526E+001
      6925   2.28304052877081344000E+018   6.32697231305641523136E+001
      6926   2.28304807420204825600E+018   6.32717758255242657128E+001
      6927   2.28298440622357555200E+018   6.32663092658460541884E+001
      6928   2.28299681079063321600E+018   6.32679572076281218074E+001
      6929   2.28287053191397964800E+018   6.32601053150938241743E+001
      6930   2.28285345645117747200E+018   6.32595044060790314688E+001
      6931   2.28285724139311488000E+018   6.32600804517122909942E+001
      6932   2.28280869831174937600E+018   6.32572661340546957831E+001
      6933   2.28279584670526361600E+018   6.32541054609338502246E+001
      6934   2.28272522991897062400E+018   6.32489294644806818724E+001
      6935   2.28279131929619916800E+018   6.32561291544322088498E+001
      6936   2.28258472655071488000E+018   6.32442522369155710749E+001
      6937   2.28258141016295961600E+018   6.32429882971140671089E+001
      6938   2.28262271090934860800E+018   6.32493623744761848116E+001
      6939   2.28246116963115110400E+018   6.32378651547524484045E+001
      6940   2.28248079691701708800E+018   6.32394155174068046676E+001
      6941   2.28236109676060262400E+018   6.32364218979396142117E+001
      6942   2.28213331284838169600E+018   6.32234112012553666204E+001
      6943   2.28225492974775193600E+018   6.32314065281961745768E+001
      6944   2.28213670740571212800E+018   6.32263006376014686793E+001
      6945   2.28213713006280115200E+018   6.32236561265983141311E+001
      6946   2.28209377562660428800E+018   6.32212792312026792274E+001
      6947   2.28219196997142297600E+018   6.32278535797300307308E+001
      6948   2.28212422478075238400E+018   6.32251296029117781927E+001
      6949   2.28194648803762867200E+018   6.32165417645825371551E+001
      6950   2.28189279398562790400E+018   6.32145736369806101607E+001
      6951   2.28196052624216524800E+018   6.32169514374178973526E+001
      6952   2.28170373433193984000E+018   6.32024283487514466628E+001
      6953   2.28171224966130252800E+018   6.32054514330722838622E+001
      6954   2.28145947086179276800E+018   6.31901683975400487725E+001
      6955   2.28162353791588684800E+018   6.32011714728115308048E+001
      6956   2.28157384512578969600E+018   6.31961832787957931146E+001
      6957   2.28165060301927884800E+018   6.32005614259733761173E+001
      6958   2.28143435965310003200E+018   6.31910307728198077371E+001
      6959   2.28143784362459622400E+018   6.31928232524312178953E+001
      6960   2.28149644876060236800E+018   6.31944168563093953139E+001
      6961   2.28138691509154611200E+018   6.31885799009228534828E+001
      6962   2.28136190546854425600E+018   6.31871651027954399638E+001
      6963   2.28125899133650099200E+018   6.31834574950073815103E+001
      6964   2.28113246549217587200E+018   6.31787305327267105781E+001
      6965   2.28117027240476211200E+018   6.31795449164633069472E+001
      6966   2.28102458421528729600E+018   6.31744567684019173726E+001
      6967   2.28105434543955609600E+018   6.31758460075727228400E+001
      6968   2.28105052012870451200E+018   6.31751500883281948973E+001
      6969   2.28087696655863270400E+018   6.31656113892331632087E+001
      6970   2.28096448179045760000E+018   6.31717100605340746711E+001
      6971   2.28100245533960422400E+018   6.31749620089822485625E+001
      6972   2.28106547529668326400E+018   6.31757426870277711828E+001
      6973   2.28107335212851353600E+018   6.31758327951521607702E+001
      6974   2.28100364878236108800E+018   6.31752201744864620991E+001
      6975   2.28090791442212659200E+018   6.31696607135767536079E+001
      6976   2.28109556910034073600E+018   6.31795867259442971431E+001
      6977   2.28101378057675238400E+018   6.31748987249264644106E+001
      6978   2.28110623024243686400E+018   6.31800042548402984721E+001
      6979   2.28093085793432371200E+018   6.31718034337598268735E+001
      6980   2.28099347748695219200E+018   6.31760838511449307475E+001
      6981   2.28106812612426086400E+018   6.31778190889714537093E+001
      6982   2.28124119521357747200E+018   6.31879706235254730018E+001
      6983   2.28116255933845862400E+018   6.31836253377904597528E+001
      6984   2.28115825046695705600E+018   6.31829271622272585773E+001
      6985   2.28139232796865075200E+018   6.31944411210285466041E+001
      6986   2.28115583274347033600E+018   6.31839800952829193648E+001
      6987   2.28131225579431347200E+018   6.31912306451705774180E+001
      6988   2.28136904382873113600E+018   6.31932387822161345525E+001
      6989   2.28166462515943347200E+018   6.32102335041108389646E+001
      6990   2.28157332185883750400E+018   6.32050961569973637211E+001
      6991   2.28152974057431065600E+018   6.32039442856393733905E+001
      6992   2.28162240061074560000E+018   6.32061017196793741846E+001
      6993   2.28161367696058214400E+018   6.32077855122531673260E+001
      6994   2.28182938759265356800E+018   6.32192310463464579584E+001
      6995   2.28196310615994956800E+018   6.32252368881399391398E+001
      6996   2.28192941307159910400E+018   6.32251394787056710811E+001
      6997   2.28200878807319961600E+018   6.32273008532343112620E+001
      6998   2.28204025639176601600E+018   6.32303662632922680586E+001
      6999   2.28203450111218867200E+018   6.32284892442792667566E+001
      7000   2.28213293020121907200E+018   6.32333957531569197386E+001
      7001   2.28217092208795571200E+018   6.32361839532184930590E+001
      7002   2.28227676240067712000E+018   6.32414221905282474268E+001
      7003   2.28233734251325312000E+018   6.32450182586054552303E+001
      7004   2.28108257260093260800E+018   6.32433701807080339563E+001
      7005   2.27616372866156032000E+018   6.31520776411929531946E+001
      7006   2.27166857082527948800E+018   6.31737326834684367327E+001
      7007   2.26493030048198272000E+018   6.30903370736847151079E+001
      7008   2.26303628767210419200E+018   6.29886907887512847992E+001
      7009   2.25959714793684300800E+018   6.30510822150033334310E+001
      7010   2.26251453821566643200E+018   6.30280268563590695408E+001
      7011   2.25716386654178304000E+018   6.30720339317061657880E+001
      7012   2.26200372253765811200E+018   6.30065726783276076617E+001
      7013   2.25978251789321088000E+018   6.31050772952141230121E+001
      7014   2.26166363865564953600E+018   6.30180381202752357694E+001
      7015   2.25802954519371443200E+018   6.29987486749624849836E+001
      7016   2.25370930900743859200E+018   6.29786082417806838407E+001
      7017   2.25519738121875200000E+018   6.30260348805596208877E+001
      7018   2.25564372590146790400E+018   6.29482616351321624393E+001
      7019   2.25886299315285427200E+018   6.30386672879556257953E+001
      7020   2.26058301279679283200E+018   6.29951856403225178838E+001
      7021   2.25559911060159744000E+018   6.29049984790652771949E+001
      7022   2.23801610712545766400E+018   6.22792611795063919544E+001
      7023   2.24937655846238515200E+018   6.21452839418349469724E+001
      7024   2.23721173491514726400E+018   6.22187469535562911460E+001
      7025   2.25357295695238809600E+018   6.21380342940757302017E+001
      7026   2.24497239841611392000E+018   6.22091000643000882064E+001
      7027   2.24712703934618060800E+018   6.22018644891420251497E+001
      7028   2.25299543979435238400E+018   6.22062468483956862997E+001
      7029   2.25486750496391270400E+018   6.21520366371459545007E+001
      7030   2.24553769107965952000E+018   6.21457102798007881006E+001
      7031   2.25332570809947008000E+018   6.21990526951601623296E+001
      7032   2.24607084583052646400E+018   6.22699109829632106994E+001
      7033   2.25137764574129868800E+018   6.22619808687574334272E+001
      7034   2.25520417247800217600E+018   6.22406169460779423730E+001
      7035   2.25316996945836748800E+018   6.22589975437379834489E+001
      7036   2.26219858264606540800E+018   6.23609699440581906060E+001
      7037   2.26728618071462144000E+018   6.23365011048645101255E+001
      7038   2.26667139932359040000E+018   6.24522113201555555406E+001
      7039   2.27401161038153420800E+018   6.24413269385524571931E+001
      7040   2.27407964872587468800E+018   6.24433123619284558004E+001
      7041   2.27401750913903334400E+018   6.24412919545724420800E+001
      7042   2.27418612063605043200E+018   6.24501186335464808508E+001
      7043   2.27423245580815795200E+018   6.24520613168963976136E+001
      7044   2.27429852730977075200E+018   6.24563558007540393646E+001
      7045   2.27426686362544640000E+018   6.24543848433357879912E+001
      7046   2.27441587234841779200E+018   6.24622991492323080820E+001
      7047   2.27460809152146432000E+018   6.24719328249084142612E+001
      7048   2.27442601688921932800E+018   6.24622160908622632292E+001
      7049   2.27449891812893619200E+018   6.24673033788538063504E+001
      7050   2.27470756216812672000E+018   6.24768194882462637452E+001
      7051   2.27448408785976268800E+018   6.24685589452448439829E+001
      7052   2.27470138064030003200E+018   6.24767075001609910601E+001
      7053   2.27484213629891814400E+018   6.24852255108628753533E+001
      7054   2.27498940507559065600E+018   6.24901793868110431163E+001
      7055   2.27489422293364300800E+018   6.24884015197395328300E+001
      7056   2.27500922087068697600E+018   6.24935159590428881415E+001
      7057   2.27516323750162201600E+018   6.25010463344495192928E+001
      7058   2.27503217870487091200E+018   6.24964770451038020838E+001
      7059   2.27520119683094272000E+018   6.25027016784510252023E+001
      7060   2.27517480862735129600E+018   6.25039104606641728878E+001
      7061   2.27496540852244992000E+018   6.24954881968872939524E+001
      7062   2.27532206453264742400E+018   6.25101649314230485288E+001
      7063   2.27506337160794828800E+018   6.24983049069436233935E+001
      7064   2.27520965342253286400E+018   6.25070655129980039533E+001
      7065   2.27521060231220249600E+018   6.25071297123821310038E+001
      7066   2.27509158961140352000E+018   6.25024999231380320452E+001
      7067   2.27514717439200665600E+018   6.25058747066892479438E+001
      7068   2.27526271251213542400E+018   6.25111842152020997787E+001
      7069   2.27497128289139891200E+018   6.24986055705884737677E+001
      7070   2.27501020405208217600E+018   6.25007675536683606765E+001
      7071   2.27497805019686630400E+018   6.24985419656085170459E+001
      7072   2.27502300041970457600E+018   6.25010798386265093995E+001
      7073   2.27498223438120627200E+018   6.25000700735195664492E+001
      7074   2.27491251364994764800E+018   6.24978369882105155853E+001
      7075   2.27494432625061248000E+018   6.25008895077519426309E+001
      7076   2.27480001583966412800E+018   6.24931960014068650366E+001
      7077   2.27466049185668019200E+018   6.24860797325621888376E+001
      7078   2.27484889890925235200E+018   6.24966516605170241405E+001
      7079   2.27454098237400524800E+018   6.24810171790120421065E+001
      7080   2.27461291669216435200E+018   6.24861440241454602074E+001
      7081   2.27456446086084147200E+018   6.24850672099947317406E+001
      7082   2.27464155103743564800E+018   6.24886598419487100387E+001
      7083   2.27450908046212556800E+018   6.24815463170502241042E+001
      7084   2.27447604812844441600E+018   6.24815153165017775905E+001
      7085   2.27443829795749094400E+018   6.24789330112870757716E+001
      7086   2.27445845689067059200E+018   6.24804744254695592076E+001
      7087   2.27439084410458368000E+018   6.24745078159935545159E+001
      7088   2.27434942982495180800E+018   6.24708890966580270288E+001
      7089   2.27412156037945113600E+018   6.24585481608356118954E+001
      7090   2.27425564611861094400E+018   6.24641382443114778766E+001
      7091   2.27425886390193920000E+018   6.24654115133630511991E+001
      7092   2.27396992201331200000E+018   6.24525987969879281536E+001
      7093   2.27397463019040742400E+018   6.24499106735766460474E+001
      7094   2.27402205949949158400E+018   6.24530236951441324322E+001
      7095   2.27390256758381542400E+018   6.24487769124098122120E+001
      7096   2.27390979792411750400E+018   6.24486823779105222343E+001
      7097   2.27384143727974451200E+018   6.24456429916813462455E+001
      7098   2.27373103641008051200E+018   6.24397069063700200786E+001
      7099   2.27370047721659904000E+018   6.24379435268686719951E+001
      7100   2.27368727714807526400E+018   6.24378708175709462580E+001
      7101   2.27355704829219686400E+018   6.24317598594464513440E+001
      7102   2.27349373236870553600E+018   6.24305981277303558841E+001
      7103   2.27363519970219724800E+018   6.24388791244012395509E+001
      7104   2.27342276956957619200E+018   6.24292544830532847300E+001
      7105   2.27335611763095065600E+018   6.24244295361634513597E+001
      7106   2.27329000907916211200E+018   6.24241522105704760293E+001
      7107   2.27322566755252326400E+018   6.24179738015721241595E+001
      7108   2.27334395668388505600E+018   6.24210703196569838269E+001
      7109   2.27316778315654886400E+018   6.24168079054955100560E+001
      7110   2.27314086236655948800E+018   6.24138411564161046385E+001
      7111   2.27325410456788582400E+018   6.24178126223114659865E+001
      7112   2.27304858461548518400E+018   6.24075401497598818423E+001
      7113   2.27317710866169369600E+018   6.24116568854860034321E+001
      7114   2.27300341699083955200E+018   6.24040023183190442069E+001
      7115   2.27293484708400076800E+018   6.23980077564846169480E+001
      7116   2.27300392685751680000E+018   6.24019287375111773031E+001
      7117   2.27280134911807923200E+018   6.23902120273446811893E+001
      7118   2.27278739292459212800E+018   6.23900591177729211267E+001
      7119   2.27281850378717926400E+018   6.23885622745446255522E+001
      7120   2.27286506571862988800E+018   6.23911316346508115771E+001
      7121   2.27280456328022912000E+018   6.23854636395539401406E+001
      7122   2.27262261514881817600E+018   6.23761687313183088577E+001
      7123   2.27271793532197683200E+018   6.23793625898669645835E+001
      7124   2.27263538741714380800E+018   6.23763538701107904672E+001
      7125   2.27251579439542195200E+018   6.23715080088842555028E+001
      7126   2.27241929923175424000E+018   6.23682716927478466573E+001
      7127   2.27243279024817100800E+018   6.23688320077548610243E+001
      7128   2.27255830245689702400E+018   6.23734153824704762314E+001
      7129   2.27238004426464256000E+018   6.23666077754898324770E+001
      7130   2.27247669155994982400E+018   6.23732979756953014316E+001
      7131   2.27231006980946073600E+018   6.23653275670168056877E+001
      7132   2.27213386573293977600E+018   6.23632951667554138453E+001
      7133   2.27200371423172966400E+018   6.23541367225079952163E+001
      7134   2.27205368019343718400E+018   6.23568824012443982951E+001
      7135   2.27207477301748531200E+018   6.23574851000499350562E+001
      7136   2.27190135144613324800E+018   6.23475722371751075457E+001
      7137   2.27195194253944934400E+018   6.23510216911408363671E+001
      7138   2.27181873776775884800E+018   6.23466468176091623832E+001
      7139   2.27170084974899507200E+018   6.23397917385786186628E+001
      7140   2.27162885866599987200E+018   6.23322926518740629831E+001
      7141   2.27174390578151168000E+018   6.23373867201280233985E+001
      7142   2.27160963441344819200E+018   6.23274437863339798582E+001
      7143   2.27164052883754752000E+018   6.23270358364248338034E+001
      7144   2.27164694074688000000E+018   6.23255150410912861503E+001
      7145   2.27163725117010176000E+018   6.23205972419672846740E+001
      7146   2.27163777581960780800E+018   6.23195645155166815243E+001
      7147   2.27155617856547609600E+018   6.23105685732203653515E+001
      7148   2.27131066913471360000E+018   6.22978271829567589180E+001
      7149   2.27147221204169753600E+018   6.23053832303619472555E+001
      7150   2.27147500440977664000E+018   6.22990725853151374736E+001
      7151   2.27140969540342195200E+018   6.22970669575088109582E+001
      7152   2.27123201467305164800E+018   6.22892319920204045047E+001
      7153   2.27114817171775513600E+018   6.22891385652016538188E+001
      7154   2.27125858621836953600E+018   6.22939383999864375596E+001
      7155   2.27095631843496268800E+018   6.22806812157243712136E+001
      7156   2.27095527076354841600E+018   6.22819712008521051416E+001
      7157   2.27101281723043788800E+018   6.22841873933197121005E+001
      7158   2.27078438110386534400E+018   6.22769177727390044197E+001
      7159   2.27082487210648832000E+018   6.22785444591152597127E+001
      7160   2.27075233692166246400E+018   6.22755892221489375515E+001
      7161   2.27073297891370393600E+018   6.22758441455868023695E+001
      7162   2.27054952011011814400E+018   6.22705481567647893826E+001
      7163   2.27057088819312460800E+018   6.22717593861132456823E+001
      7164   2.27053945812864460800E+018   6.22680862419009599762E+001
      7165   2.27049461797827072000E+018   6.22650870923256078981E+001
      7166   2.27040124913974630400E+018   6.22626811612345036906E+001
      7167   2.27023829408676966400E+018   6.22530459064832726312E+001
      7168   2.27036876751376460800E+018   6.22570476114014468294E+001
      7169   2.27025044661946086400E+018   6.22499710582046290597E+001
      7170   2.27028955700441446400E+018   6.22483948545511793782E+001
      7171   2.27018363291116544000E+018   6.22437735659224742335E+001
      7172   2.27011388150536448000E+018   6.22419240865745564406E+001
      7173   2.27022607493035904000E+018   6.22460268364756288406E+001
      7174   2.27001564919449728000E+018   6.22347697405019957273E+001
      7175   2.27001419295927321600E+018   6.22311794807854781197E+001
      7176   2.27006470101801932800E+018   6.22385927124904654306E+001
      7177   2.26996939737581670400E+018   6.22331157873987947937E+001
      7178   2.26987676927528627200E+018   6.22274284550919745129E+001
      7179   2.26994842613290905600E+018   6.22254569333577478574E+001
      7180   2.26983259031963161600E+018   6.22224358585479535577E+001
      7181   2.26975126937028300800E+018   6.22166129531133478281E+001
      7182   2.26974508366847001600E+018   6.22168860063165709562E+001
      7183   2.26984368734256102400E+018   6.22224635302372561796E+001
      7184   2.26966746881891763200E+018   6.22148991041582988260E+001
      7185   2.26960563930109286400E+018   6.22130429630333878777E+001
      7186   2.26949590119462528000E+018   6.22079311808975532472E+001
      7187   2.26950313806646937600E+018   6.22072297239681759606E+001
      7188   2.26939009130045235200E+018   6.22034502653526502058E+001
      7189   2.26937070272829516800E+018   6.22044173862253160223E+001
      7190   2.26938682235796787200E+018   6.22045103431470920441E+001
      7191   2.26930969552617932800E+018   6.22017685775735671427E+001
      7192   2.26931564194384256000E+018   6.21991474857398785048E+001
      7193   2.26916853355492326400E+018   6.21936732849203721685E+001
      7194   2.26911720500273817600E+018   6.21933031149471489130E+001
      7195   2.26912141813786316800E+018   6.21930588651920501775E+001
      7196   2.26908947645260902400E+018   6.21902989184059151739E+001
      7197   2.26900955594946329600E+018   6.21898949785018757552E+001
      7198   2.26882021374445081600E+018   6.21787240499662559046E+001
      7199   2.26874259747839718400E+018   6.21744133474244335957E+001
      7200   2.26876599430636390400E+018   6.21753339859451656935E+001
      7201   2.26878829824883840000E+018   6.21760599759401131337E+001
      7202   2.26874400600606822400E+018   6.21743064126883027143E+001
      7203   2.26872164119949491200E+018   6.21711100615875480457E+001
      7204   2.26862516970974105600E+018   6.21683239839051680065E+001
      7205   2.26861378475727411200E+018   6.21684339595293877778E+001
      7206   2.26853687406608307200E+018   6.21641025575449077678E+001
      7207   2.26864013461761945600E+018   6.21679779902985458762E+001
      7208   2.26854058828981964800E+018   6.21647820648403168775E+001
      7209   2.26849255781010150400E+018   6.21620263161762238724E+001
      7210   2.26822451842972518400E+018   6.21522900582023964944E+001
      7211   2.26831743742085913600E+018   6.21554776249385483311E+001
      7212   2.26817555868469632000E+018   6.21494811328813625551E+001
      7213   2.26815432044888576000E+018   6.21511612171820715389E+001
      7214   2.26804764517512601600E+018   6.21440281386091442073E+001
      7215   2.26806905259535692800E+018   6.21445763129874535480E+001
      7216   2.26811353911631462400E+018   6.21454146173890862315E+001
      7217   2.26792992119880192000E+018   6.21396237982817183365E+001
      7218   2.26801757742536806400E+018   6.21434173169596988373E+001
      7219   2.26799138159997081600E+018   6.21409623212115249657E+001
      7220   2.26805037023483084800E+018   6.21467651053274110495E+001
      7221   2.26797050103383731200E+018   6.21421410090411328042E+001
      7222   2.26795029361365068800E+018   6.21395365533353682963E+001
      7223   2.26804236922344652800E+018   6.21456308097132890111E+001
      7224   2.26811643158420992000E+018   6.21478777132575714859E+001
      7225   2.26797798660844928000E+018   6.21424627637955993009E+001
      7226   2.26812396727726694400E+018   6.21514833419529963976E+001
      7227   2.26804557219968460800E+018   6.21455660894855341780E+001
      7228   2.26824236331714892800E+018   6.21585335007816084385E+001
      7229   2.26808231246795366400E+018   6.21489393800434086756E+001
      7230   2.26816863923224652800E+018   6.21530560349294205480E+001
      7231   2.26828249743528320000E+018   6.21580365322382917270E+001
      7232   2.26834595021223091200E+018   6.21631646004797957517E+001
      7233   2.26825968604403660800E+018   6.21584938061060725545E+001
      7234   2.26843862245479449600E+018   6.21657924320122674544E+001
      7235   2.26839873744703180800E+018   6.21652753509044657676E+001
      7236   2.26850220507907584000E+018   6.21693849529358359973E+001
      7237   2.26844137547632076800E+018   6.21676810695498218706E+001
      7238   2.26847666806119859200E+018   6.21685142480932029230E+001
      7239   2.26871220465062988800E+018   6.21818937708386769714E+001
      7240   2.26874007122282240000E+018   6.21831327546867882461E+001
      7241   2.26876948534608921600E+018   6.21840179018114724840E+001
      7242   2.26890116111046809600E+018   6.21912140967751483345E+001
      7243   2.26872799424269542400E+018   6.21818400583162329553E+001
      7244   2.26900775594551321600E+018   6.21958114912594695056E+001
      7245   2.26907691184401843200E+018   6.22001914463448315473E+001
      7246   2.26915367556571059200E+018   6.22031289384722256841E+001
      7247   2.26910961859376000000E+018   6.22019992825054757191E+001
      7248   2.26922396806569241600E+018   6.22053800361408377739E+001
      7249   2.26918159191857331200E+018   6.22038856996369418084E+001
      7250   2.26701199388857856000E+018   6.21919932339210177474E+001
      7251   2.25856810234276377600E+018   6.21375627389948803625E+001
      7252   2.25763714782115251200E+018   6.19954951914124663404E+001
      7253   2.25055016106601702400E+018   6.19755250122568952520E+001
      7254   2.24962959156770380800E+018   6.20592310812484910798E+001
      7255   2.25132579967135027200E+018   6.20122210158112991962E+001
      7256   2.24855784329924812800E+018   6.20434131193333939791E+001
      7257   2.24517288575461683200E+018   6.19942017827035058986E+001
      7258   2.24535643200873190400E+018   6.19873152121551882487E+001
      7259   2.24942792933674086400E+018   6.20085310154034985430E+001
      7260   2.24638329704995353600E+018   6.20224755357683150692E+001
      7261   2.23941007396988288000E+018   6.19644848616579437817E+001
      7262   2.24174900188565196800E+018   6.19652326474539236756E+001
      7263   2.24756466789955635200E+018   6.20387676061078821022E+001
      7264   2.24729483703957760000E+018   6.19302368831269802740E+001
      7265   2.24868659156079027200E+018   6.19677983328819834696E+001
      7266   2.23969929373389388800E+018   6.20241020616349416628E+001
      7267   2.25123948886215987200E+018   6.18996971986309532099E+001
      7268   2.23861873848854400000E+018   6.12362594305189062993E+001
      7269   2.22657673187541836800E+018   6.12973246852799960038E+001
      7270   2.23988493426097945600E+018   6.12138006121805346993E+001
      7271   2.23963237673773849600E+018   6.10429208389259301271E+001
      7272   2.23512438724623334400E+018   6.11481676528759976463E+001
      7273   2.23578166708034764800E+018   6.11939902918964335754E+001
      7274   2.23806674114207846400E+018   6.12217651852846813654E+001
      7275   2.23673231725224448000E+018   6.11724323134225187459E+001
      7276   2.24186364983571276800E+018   6.11791251617120792616E+001
      7277   2.23690647673596108800E+018   6.12998722052302582597E+001
      7278   2.24239570110907315200E+018   6.12249905916063212885E+001
      7279   2.24301563741560729600E+018   6.12380325773713494186E+001
      7280   2.24238779595073024000E+018   6.12435889705493181623E+001
      7281   2.24335756735248076800E+018   6.12314449119597270510E+001
      7282   2.24711512565648307200E+018   6.12729895097970356233E+001
      7283   2.25638202512351308800E+018   6.13637567249629611865E+001
      7284   2.26038386464651136000E+018   6.14249633479049634843E+001
      7285   2.26058507470864384000E+018   6.14334695640191625898E+001
      7286   2.26077479148272025600E+018   6.14441331949932632028E+001
      7287   2.26082217278695680000E+018   6.14448745118814443344E+001
      7288   2.26075376074256051200E+018   6.14419622754261851583E+001
      7289   2.26099256298628352000E+018   6.14564412788626484030E+001
      7290   2.26091606028408755200E+018   6.14496004442717946858E+001
      7291   2.26102129343121740800E+018   6.14562169504743636139E+001
      7292   2.26108746435131417600E+018   6.14591298078616645739E+001
      7293   2.26114020364391014400E+018   6.14623163507134790962E+001
      7294   2.26110392597494886400E+018   6.14610953891543871919E+001
      7295   2.26129509410921011200E+018   6.14709848030028069843E+001
      7296   2.26117858913858073600E+018   6.14647988546783992092E+001
      7297   2.26132093831937484800E+018   6.14714959068667852193E+001
      7298   2.26147360830829286400E+018   6.14797476841367469547E+001
      7299   2.26152788909797862400E+018   6.14817458713969315909E+001
      7300   2.26161180936709017600E+018   6.14846735947324702920E+001
      7301   2.26159279201902028800E+018   6.14858776876692729729E+001
      7302   2.26154931539460940800E+018   6.14849352010890086717E+001
      7303   2.26151589514873958400E+018   6.14823809349210890218E+001
      7304   2.26151771388630809600E+018   6.14851347388217064349E+001
      7305   2.26149901426979225600E+018   6.14816785516757349228E+001
      7306   2.26156912293069772800E+018   6.14862055663597075750E+001
      7307   2.26165732680086246400E+018   6.14913823994989243715E+001
      7308   2.26165122422554547200E+018   6.14894693702008439118E+001
      7309   2.26174931627795814400E+018   6.14956782526641987374E+001
      7310   2.26164697675010176000E+018   6.14910421365784500836E+001
      7311   2.26147956527538508800E+018   6.14862605871511149758E+001
      7312   2.26178906694096486400E+018   6.15014986165427544051E+001
      7313   2.26156326175979673600E+018   6.14906391866806245616E+001
      7314   2.26160316653582131200E+018   6.14940101376468319927E+001
      7315   2.26160561620656614400E+018   6.14934039768198843490E+001
      7316   2.26165976711546342400E+018   6.14967994516970293262E+001
      7317   2.26162161725425356800E+018   6.14926955676924578142E+001
      7318   2.26140024991214105600E+018   6.14869490239409302035E+001
      7319   2.26146014961419571200E+018   6.14874288393932033614E+001
      7320   2.26135671357865728000E+018   6.14846808496248797837E+001
      7321   2.26114702009610905600E+018   6.14750999157901603098E+001
      7322   2.26126155324475187200E+018   6.14802460240826675886E+001
      7323   2.26107060507569587200E+018   6.14694097518988087359E+001
      7324   2.26109042419788416000E+018   6.14736748640717607373E+001
      7325   2.26106478142203212800E+018   6.14733646911196061069E+001
      7326   2.26110444959008051200E+018   6.14762446197686571736E+001
      7327   2.26112077574457011200E+018   6.14778108514068080126E+001
      7328   2.26084142622653286400E+018   6.14618536919226343684E+001
      7329   2.26086765958848998400E+018   6.14636282497020758342E+001
      7330   2.26085371127186406400E+018   6.14631068680573307006E+001
      7331   2.26094607085997132800E+018   6.14664041082165795160E+001
      7332   2.26081426949062681600E+018   6.14616332670398435312E+001
      7333   2.26069642910126233600E+018   6.14527107274344359666E+001
      7334   2.26068611453373260800E+018   6.14529867956409816543E+001
      7335   2.26045924786960819200E+018   6.14410175195145242810E+001
      7336   2.26074260158962560000E+018   6.14547951097327995740E+001
      7337   2.26045560799354598400E+018   6.14416035040204988604E+001
      7338   2.26054894329852134400E+018   6.14466839809496789826E+001
      7339   2.26062750872642560000E+018   6.14487715053599359294E+001
      7340   2.26028627361877120000E+018   6.14322920598571542428E+001
      7341   2.26036230450752691200E+018   6.14398457671962390236E+001
      7342   2.26032492934355532800E+018   6.14343019540663490830E+001
      7343   2.26029166595226598400E+018   6.14350064929786299217E+001
      7344   2.26022510653128960000E+018   6.14310216268239983606E+001
      7345   2.26013738898349440000E+018   6.14291231819814598225E+001
      7346   2.25999104489121715200E+018   6.14213973713395589016E+001
      7347   2.25997861383761228800E+018   6.14204131883551269766E+001
      7348   2.26004034409656217600E+018   6.14258426369778405274E+001
      7349   2.25986610754900352000E+018   6.14203745778471912331E+001
      7350   2.25980998002273817600E+018   6.14166525824724729432E+001
      7351   2.25970458721507609600E+018   6.14144552658689804048E+001
      7352   2.25979359659690752000E+018   6.14159705789579106749E+001
      7353   2.25966380628998041600E+018   6.14056672926009525781E+001
      7354   2.25964886311970073600E+018   6.14055779458822357242E+001
      7355   2.25959467755801497600E+018   6.14037306026025930805E+001
      7356   2.25966438340689817600E+018   6.14050185567566373379E+001
      7357   2.25957416515694592000E+018   6.13999842483969260343E+001
      7358   2.25965581906293504000E+018   6.14040907305980780961E+001
      7359   2.25955191684076339200E+018   6.13946883350698939807E+001
      7360   2.25949548296546995200E+018   6.13956534859371956259E+001
      7361   2.25946612266804761600E+018   6.13905295818545297948E+001
      7362   2.25950688880442393600E+018   6.13938962591587724660E+001
      7363   2.25922950850682752000E+018   6.13781208099141508683E+001
      7364   2.25940190645419008000E+018   6.13828272293409042959E+001
      7365   2.25941224722152012800E+018   6.13823763674450617600E+001
      7366   2.25938164795559142400E+018   6.13783813425221396187E+001
      7367   2.25928211098720435200E+018   6.13739546714591668319E+001
      7368   2.25924427038213606400E+018   6.13734638080159413676E+001
      7369   2.25921384872682265600E+018   6.13692478276189987696E+001
      7370   2.25921538009675110400E+018   6.13713005648859635244E+001
      7371   2.25894227112598604800E+018   6.13619552873552080996E+001
      7372   2.25902083672225638400E+018   6.13631604404671620046E+001
      7373   2.25876309512377548800E+018   6.13544147801587484992E+001
      7374   2.25887269097660800000E+018   6.13607862488594832939E+001
      7375   2.25870955360928025600E+018   6.13521341510588413826E+001
      7376   2.25876652447322649600E+018   6.13556525259863008159E+001
      7377   2.25875206358658790400E+018   6.13560484594269937020E+001
      7378   2.25860605314482406400E+018   6.13491380331803952686E+001
      7379   2.25850628209263974400E+018   6.13427701090393711070E+001
      7380   2.25848415554909414400E+018   6.13446356653381030810E+001
      7381   2.25835556896044083200E+018   6.13390752071357283626E+001
      7382   2.25830419479560192000E+018   6.13377827091724370234E+001
      7383   2.25825685278197708800E+018   6.13337193053820044497E+001
      7384   2.25828564129151462400E+018   6.13334543708707329301E+001
      7385   2.25839903298131200000E+018   6.13366592374849446401E+001
      7386   2.25817395765448627200E+018   6.13273754693827584106E+001
      7387   2.25816781168620032000E+018   6.13228796404588649693E+001
      7388   2.25822160901715276800E+018   6.13234642263367746295E+001
      7389   2.25801928533563238400E+018   6.13128321372875930706E+001
      7390   2.25806456357891712000E+018   6.13088901343521115450E+001
      7391   2.25807891212854297600E+018   6.13039421771250445659E+001
      7392   2.25796900910770816000E+018   6.12981921248817016590E+001
      7393   2.25805090151885516800E+018   6.12998141451968550086E+001
      7394   2.25795265961220172800E+018   6.12973561001244107160E+001
      7395   2.25799835882851225600E+018   6.13003480480419042919E+001
      7396   2.25800173557804262400E+018   6.12931785156775745804E+001
      7397   2.25787036395766604800E+018   6.12916472752168530747E+001
      7398   2.25782353577259699200E+018   6.12873581801654623291E+001
      7399   2.25769188371859481600E+018   6.12839569780405710731E+001
      7400   2.25767020223117465600E+018   6.12838546831860853104E+001
      7401   2.25764180428971571200E+018   6.12817524002044535791E+001
      7402   2.25757707504987852800E+018   6.12797718112684322023E+001
      7403   2.25743255566946944000E+018   6.12755654763356361059E+001
      7404   2.25733190858034713600E+018   6.12709520000166492082E+001
      7405   2.25722617467919052800E+018   6.12686229986066663855E+001
      7406   2.25710374728112128000E+018   6.12657500115433606425E+001
      7407   2.25715419431752934400E+018   6.12653899522341802708E+001
      7408   2.25707748894067072000E+018   6.12642969874869507407E+001
      7409   2.25709774009951769600E+018   6.12658375982251257597E+001
      7410   2.25685642993311769600E+018   6.12532823214278607793E+001
      7411   2.25687616327375180800E+018   6.12538842084412067379E+001
      7412   2.25691376219904076800E+018   6.12549245951734988580E+001
      7413   2.25685961964197452800E+018   6.12511613267524737125E+001
      7414   2.25678552551211724800E+018   6.12458149350028620006E+001
      7415   2.25681095510066329600E+018   6.12437215639360204023E+001
      7416   2.25678354322751385600E+018   6.12421629868116497164E+001
      7417   2.25667077789691059200E+018   6.12368287918152347515E+001
      7418   2.25670300510631168000E+018   6.12405198055221831055E+001
      7419   2.25677181605630720000E+018   6.12415303069420033921E+001
      7420   2.25664849528302105600E+018   6.12339511825735129946E+001
      7421   2.25655115461851366400E+018   6.12286823439031309135E+001
      7422   2.25652883246550758400E+018   6.12282290125295673988E+001
      7423   2.25652640464347033600E+018   6.12240011864890689708E+001
      7424   2.25652665456739968000E+018   6.12250855645399596483E+001
      7425   2.25650547323998003200E+018   6.12233148071118549183E+001
      7426   2.25627985541770956800E+018   6.12178708059215850312E+001
      7427   2.25633363974246835200E+018   6.12161216763198510193E+001
      7428   2.25633462558451993600E+018   6.12173867991115585596E+001
      7429   2.25624862175154662400E+018   6.12124821300052772699E+001
      7430   2.25619973328232320000E+018   6.12137377504010942175E+001
      7431   2.25614321742291865600E+018   6.12104525394088554435E+001
      7432   2.25608962447694208000E+018   6.12081983094485408969E+001
      7433   2.25595720459575680000E+018   6.12012020997802110855E+001
      7434   2.25599573083644364800E+018   6.12063672166379788564E+001
      7435   2.25587254552397260800E+018   6.12004499862454522940E+001
      7436   2.25582129798428953600E+018   6.11956825062086764433E+001
      7437   2.25574645859787059200E+018   6.11941905303146214123E+001
      7438   2.25586750937141913600E+018   6.12023570213186829392E+001
      7439   2.25570571880206003200E+018   6.11920712206902166486E+001
      7440   2.25559549401494758400E+018   6.11880597849296634649E+001
      7441   2.25567893423711564800E+018   6.11932497883057067156E+001
      7442   2.25564530121311411200E+018   6.11903038904321761038E+001
      7443   2.25558959294891084800E+018   6.11868303516103750894E+001
      7444   2.25537608430131328000E+018   6.11766739622501631857E+001
      7445   2.25544311612754355200E+018   6.11803269458480016851E+001
      7446   2.25548755935385292800E+018   6.11813402584274044216E+001
      7447   2.25525580737656320000E+018   6.11690434006781629250E+001
      7448   2.25543366487316326400E+018   6.11805191041401883467E+001
      7449   2.25525384303692595200E+018   6.11733093039517257239E+001
      7450   2.25521872840195558400E+018   6.11690373551060346813E+001
      7451   2.25529985648028723200E+018   6.11728483734160661811E+001
      7452   2.25524391395191193600E+018   6.11690099215500495689E+001
      7453   2.25502560211599948800E+018   6.11614650264749357689E+001
      7454   2.25488711002263500800E+018   6.11554063628281383558E+001
      7455   2.25500985099856921600E+018   6.11628590561486191746E+001
      7456   2.25504023973517363200E+018   6.11630780380556302589E+001
      7457   2.25476899482536448000E+018   6.11515775343263285890E+001
      7458   2.25471162911684096000E+018   6.11498535052693128478E+001
      7459   2.25474482743002188800E+018   6.11501496131093347230E+001
      7460   2.25479671862850201600E+018   6.11541807927309051252E+001
      7461   2.25468781780525721600E+018   6.11485346215859593144E+001
      7462   2.25480255691335475200E+018   6.11533472077784594489E+001
      7463   2.25470511787489740800E+018   6.11496413894799459854E+001
      7464   2.25451204676816819200E+018   6.11412914698107883282E+001
      7465   2.25473026019020979200E+018   6.11527379201617051763E+001
      7466   2.25471144994294272000E+018   6.11508931950660965526E+001
      7467   2.25458801998340992000E+018   6.11468640399025886722E+001
      7468   2.25471747141258214400E+018   6.11537686318484574599E+001
      7469   2.25488017044005990400E+018   6.11610281549368224319E+001
      7470   2.25472194097728563200E+018   6.11519075075204057157E+001
      7471   2.25469253550561433600E+018   6.11545595149883922659E+001
      7472   2.25489704312103654400E+018   6.11617672551503162026E+001
      7473   2.25474387072938419200E+018   6.11539726456986940661E+001
      7474   2.25478111520844646400E+018   6.11587025423561314597E+001
      7475   2.25481802663595648000E+018   6.11586966724530824990E+001
      7476   2.25482223366774835200E+018   6.11581787047299130222E+001
      7477   2.25486037048702489600E+018   6.11607497887763216227E+001
      7478   2.25491664006584243200E+018   6.11633205312289689459E+001
      7479   2.25503557513684812800E+018   6.11683246015926087580E+001
      7480   2.25494214663486156800E+018   6.11656687044045952462E+001
      7481   2.25522679529178956800E+018   6.11790374279932862578E+001
      7482   2.25529180457810252800E+018   6.11803543648522278886E+001
      7483   2.25530144407252147200E+018   6.11821262993707577493E+001
      7484   2.25534075556062080000E+018   6.11854047961149163370E+001
      7485   2.25536254385927065600E+018   6.11836349838633068998E+001
      7486   2.25546848057793075200E+018   6.11913963889236356408E+001
      7487   2.25549194481915929600E+018   6.11911431793575104621E+001
      7488   2.25554616855722291200E+018   6.11942817965785081924E+001
      7489   2.25555517454254566400E+018   6.11950620077586506795E+001
      7490   2.25570332084484608000E+018   6.12020613529238843853E+001
      7491   2.25578938581249536000E+018   6.12056248543519885175E+001
      7492   2.25491303686310553600E+018   6.12060745559343786226E+001
      7493   2.24963414436589414400E+018   6.11434975085821079688E+001
      7494   2.24354052359325081600E+018   6.11154574252264879419E+001
      7495   2.24125329621088486400E+018   6.10047843213472376078E+001
      7496   2.23527236271515520000E+018   6.10104692868934250782E+001
      7497   2.23371779145182156800E+018   6.10334412513449606763E+001
      7498   2.23287663900937600000E+018   6.11111508379979682104E+001
      7499   2.23593717480000486400E+018   6.10252536253964308344E+001
      7500   2.24000239541405644800E+018   6.10433023840826436412E+001
      7501   2.24020792344202752000E+018   6.10500017525950156028E+001
      7502   2.23890247062165504000E+018   6.10758492773937504694E+001
      7503   2.22377403685670323200E+018   6.10354047445202638755E+001
      7504   2.23745792756355276800E+018   6.09981126540978664252E+001
      7505   2.22908312979675161600E+018   6.09971986912028469874E+001
      7506   2.23158603061583539200E+018   6.09588982277612458915E+001
      7507   2.23253707774760320000E+018   6.09420733087555035468E+001
      7508   2.23013361087508556800E+018   6.10168826629863190192E+001
      7509   2.22951657649100697600E+018   6.10422244430925289294E+001
      7510   2.22354985808080128000E+018   6.01497118889240667272E+001
      7511   2.22218737619598284800E+018   6.02165240298597836954E+001
      7512   2.21977333493520358400E+018   6.01550989822938575458E+001
      7513   2.22016654269787417600E+018   6.02113028688095894836E+001
      7514   2.22520041535879424000E+018   6.02304911775553577513E+001
      7515   2.22479050120751795200E+018   6.01874687509399208807E+001
      7516   2.22505928153024819200E+018   6.02515134575080253398E+001
      7517   2.22471270364681241600E+018   6.02167476633894978022E+001
      7518   2.22396229607757696000E+018   6.02893745247829997425E+001
      7519   2.22328508945961958400E+018   6.03032135598877516713E+001
      7520   2.22742950017437644800E+018   6.02114028083889465393E+001
      7521   2.23029929560269644800E+018   6.02415522675631720517E+001
      7522   2.22815111179410585600E+018   6.02405215916986946922E+001
      7523   2.22993867627638246400E+018   6.02643769373719138116E+001
      7524   2.23091895992039628800E+018   6.03584534341664777912E+001
      7525   2.24165840414432204800E+018   6.03988321961634255786E+001
      7526   2.24639591127181260800E+018   6.04621207539983274160E+001
      7527   2.24650453860459904000E+018   6.04679305215167985921E+001
      7528   2.24643988888406016000E+018   6.04629396584864480246E+001
      7529   2.24661563502847513600E+018   6.04708269745590882849E+001
      7530   2.24667122124359680000E+018   6.04752894623478596259E+001
      7531   2.24671330330516556800E+018   6.04767966613285139488E+001
      7532   2.24675669008211686400E+018   6.04779528823336463006E+001
      7533   2.24680240937312691200E+018   6.04802660808198311315E+001
      7534   2.24694532536637184000E+018   6.04881206389254089117E+001
      7535   2.24694779411160883200E+018   6.04875855598142706526E+001
      7536   2.24701191736888806400E+018   6.04907754586773265260E+001
      7537   2.24720031495489945600E+018   6.04975026351343672104E+001
      7538   2.24718626880994252800E+018   6.04987325666478525932E+001
      7539   2.24728674590412006400E+018   6.05029137907265877061E+001
      7540   2.24720975889528448000E+018   6.05010894266925234319E+001
      7541   2.24726182908076390400E+018   6.05028848690657881093E+001
      7542   2.24731502772524134400E+018   6.05064658265861297082E+001
      7543   2.24741628380487424000E+018   6.05117217201979755714E+001
      7544   2.24737457220166681600E+018   6.05099412161371219554E+001
      7545   2.24764461268891571200E+018   6.05212954733370409599E+001
      7546   2.24737490516311424000E+018   6.05104097999891550330E+001
      7547   2.24735137717754009600E+018   6.05103689224316312334E+001
      7548   2.24739607208809753600E+018   6.05124992703435111707E+001
      7549   2.24746794448616320000E+018   6.05169283958290336045E+001
      7550   2.24733992483260620800E+018   6.05089756119878856566E+001
      7551   2.24733731410405120000E+018   6.05104975131127957866E+001
      7552   2.24738941542286412800E+018   6.05150312072164879851E+001
      7553   2.24737598139528422400E+018   6.05126183731238143082E+001
      7554   2.24731754353844070400E+018   6.05118732321563257415E+001
      7555   2.24747089300666470400E+018   6.05208667713759709272E+001
      7556   2.24741156724849356800E+018   6.05164566677738022804E+001
      7557   2.24729487458582451200E+018   6.05128471406520347387E+001
      7558   2.24727124178643712000E+018   6.05132372921430317092E+001
      7559   2.24729637362406323200E+018   6.05129003872811850329E+001
      7560   2.24718937360465177600E+018   6.05082204800714009707E+001
      7561   2.24713569315443968000E+018   6.05083588980161053428E+001
      7562   2.24692847683323033600E+018   6.04993686792586800038E+001
      7563   2.24697312976188134400E+018   6.05016718420013930313E+001
      7564   2.24696542533357260800E+018   6.04990209412153561175E+001
      7565   2.24679617537676748800E+018   6.04932188767109479954E+001
      7566   2.24672880842481510400E+018   6.04921537501889687860E+001
      7567   2.24673262633667328000E+018   6.04926128620470322517E+001
      7568   2.24674042334469811200E+018   6.04939487348736051331E+001
      7569   2.24664674988257433600E+018   6.04896511619964698525E+001
      7570   2.24682988613828556800E+018   6.04977566736606888753E+001
      7571   2.24656808660697088000E+018   6.04853836772675492739E+001
      7572   2.24645771618056294400E+018   6.04784283118923511324E+001
      7573   2.24652059808142182400E+018   6.04816161434496208926E+001
      7574   2.24646111974696576000E+018   6.04795784357734831360E+001
      7575   2.24640050522182784000E+018   6.04741588177880728949E+001
      7576   2.24626343662072243200E+018   6.04679156702810942647E+001
      7577   2.24625331019171763200E+018   6.04657960538394263494E+001
      7578   2.24630188718374272000E+018   6.04692521159594775781E+001
      7579   2.24618479071972300800E+018   6.04626413681785948029E+001
      7580   2.24609921331936486400E+018   6.04621203760371273006E+001
      7581   2.24613183235591654400E+018   6.04630456171932664233E+001
      7582   2.24623763442925977600E+018   6.04674993787580206117E+001
      7583   2.24599175263848396800E+018   6.04560528689015015402E+001
      7584   2.24597041184251161600E+018   6.04560531478352842782E+001
      7585   2.24590854486761011200E+018   6.04529850707006417565E+001
      7586   2.24591345828210688000E+018   6.04549558261248094482E+001
      7587   2.24586607621335449600E+018   6.04528444452655762120E+001
      7588   2.24558629635294233600E+018   6.04418199435074470216E+001
      7589   2.24569383702540441600E+018   6.04457398300204999941E+001
      7590   2.24570446731646464000E+018   6.04489368557773971702E+001
      7591   2.24557299898917734400E+018   6.04431783966777729233E+001
      7592   2.24566672317818777600E+018   6.04460867785026891852E+001
      7593   2.24546772616029900800E+018   6.04360809840854713570E+001
      7594   2.24551342443380659200E+018   6.04376883906700967941E+001
      7595   2.24544926533089766400E+018   6.04369900577975229794E+001
      7596   2.24529363245348940800E+018   6.04251880467542363817E+001
      7597   2.24533673055078476800E+018   6.04265550114415290750E+001
      7598   2.24532985154541132800E+018   6.04247570141959968737E+001
      7599   2.24528875150478822400E+018   6.04209909735782062512E+001
      7600   2.24527555752050406400E+018   6.04228115629328144109E+001
      7601   2.24524544546913152000E+018   6.04181904326379068948E+001
      7602   2.24518576822339865600E+018   6.04142561480587758638E+001
      7603   2.24518022495874636800E+018   6.04125048418648020743E+001
      7604   2.24508927994203929600E+018   6.04072399692424752971E+001
      7605   2.24514748572923161600E+018   6.04059851267827028209E+001
      7606   2.24526910739610905600E+018   6.04111747594111534454E+001
      7607   2.24508982162446515200E+018   6.04028632385126229565E+001
      7608   2.24495018113350553600E+018   6.03972649241678141152E+001
      7609   2.24498220957821363200E+018   6.03987494047668391772E+001
      7610   2.24494922874656000000E+018   6.03986439896593694243E+001
      7611   2.24470965120142438400E+018   6.03904510962763652060E+001
      7612   2.24477721789756057600E+018   6.03932466381526538157E+001
      7613   2.24471430583073740800E+018   6.03894618798856299691E+001
      7614   2.24464943450484864000E+018   6.03889495798354971612E+001
      7615   2.24465170411641190400E+018   6.03878605739571199251E+001
      7616   2.24454253961377024000E+018   6.03826698412302604879E+001
      7617   2.24450563191172761600E+018   6.03799052499800055216E+001
      7618   2.24443624819518336000E+018   6.03773723660067034302E+001
      7619   2.24439857774764441600E+018   6.03790766509547083274E+001
      7620   2.24434566308152755200E+018   6.03730601132157644884E+001
      7621   2.24422649133387673600E+018   6.03708648475377245290E+001
      7622   2.24417297904781926400E+018   6.03682009267785062434E+001
      7623   2.24414608117367270400E+018   6.03656721654376369202E+001
      7624   2.24409607888197580800E+018   6.03615004548699900511E+001
      7625   2.24417468623983462400E+018   6.03629107274659020277E+001
      7626   2.24416061104074496000E+018   6.03618325628511414038E+001
      7627   2.24408033429237478400E+018   6.03548914732847450182E+001
      7628   2.24410769605734988800E+018   6.03571449014939886979E+001
      7629   2.24404454185245593600E+018   6.03477874718012401445E+001
      7630   2.24381999622262118400E+018   6.03417485822875505619E+001
      7631   2.24402548022775628800E+018   6.03414774027445162119E+001
      7632   2.24392990083630336000E+018   6.03343193301888547353E+001
      7633   2.24392390099316019200E+018   6.03347669689498715684E+001
      7634   2.24382960863297971200E+018   6.03293014214001530604E+001
      7635   2.24366308197810841600E+018   6.03240925932571983026E+001
      7636   2.24376826755324313600E+018   6.03243912358739180490E+001
      7637   2.24369351037217331200E+018   6.03207184615491485147E+001
      7638   2.24363228474085632000E+018   6.03196473470067999756E+001
      7639   2.24358189881812121600E+018   6.03186845813597400934E+001
      7640   2.24362231553828531200E+018   6.03209681250164067023E+001
      7641   2.24346830541493324800E+018   6.03132254432478021045E+001
      7642   2.24328385325017395200E+018   6.03091491533018242421E+001
      7643   2.24334185498917888000E+018   6.03107392296595250514E+001
      7644   2.24314962179176192000E+018   6.03053593224881936408E+001
      7645   2.24305847923254963200E+018   6.02994457928609719488E+001
      7646   2.24317805246724812800E+018   6.03049497006235881713E+001
      7647   2.24301487307194188800E+018   6.02984341186020529335E+001
      7648   2.24302717325905715200E+018   6.02997327967788478986E+001
      7649   2.24288243029965824000E+018   6.02915656276725258067E+001
      7650   2.24284585850023705600E+018   6.02952107732389563921E+001
      7651   2.24290134841602892800E+018   6.02912390705116081335E+001
      7652   2.24275933479777766400E+018   6.02872585743090567689E+001
      7653   2.24284393030372505600E+018   6.02896250199641130507E+001
      7654   2.24267096357399142400E+018   6.02790632140407112161E+001
      7655   2.24266622792029158400E+018   6.02782112141311472442E+001
      7656   2.24270646742368972800E+018   6.02803231983066609700E+001
      7657   2.24258088951423846400E+018   6.02739555037482617195E+001
      7658   2.24258809729299686400E+018   6.02727436139089363110E+001
      7659   2.24259397808776473600E+018   6.02710939952071385051E+001
      7660   2.24243395925950259200E+018   6.02655294705519111176E+001
      7661   2.24246141760403968000E+018   6.02670377087922091164E+001
      7662   2.24250319516120422400E+018   6.02675053824448241357E+001
      7663   2.24245983704010854400E+018   6.02641050715143720140E+001
      7664   2.24236597693238860800E+018   6.02603288596858774895E+001
      7665   2.24244106194752025600E+018   6.02621303710469362613E+001
      7666   2.24241949307007360000E+018   6.02597903627866671172E+001
      7667   2.24218238336376755200E+018   6.02484540059109079380E+001
      7668   2.24226191004141030400E+018   6.02542752212022278968E+001
      7669   2.24202910291060147200E+018   6.02446897423062992516E+001
      7670   2.24203288019160780800E+018   6.02468502619606525172E+001
      7671   2.24209794761448934400E+018   6.02484873447841380312E+001
      7672   2.24196555191301171200E+018   6.02454290442203159728E+001
      7673   2.24176328555060147200E+018   6.02361060816161355547E+001
      7674   2.24186720767169817600E+018   6.02428843275449921180E+001
      7675   2.24167831317949516800E+018   6.02328183627490716390E+001
      7676   2.24161985597240704000E+018   6.02331406276751408768E+001
      7677   2.24165979854405964800E+018   6.02316309363030413238E+001
      7678   2.24162826158836326400E+018   6.02307272492890533044E+001
      7679   2.24160882455194726400E+018   6.02311725012723968575E+001
      7680   2.24145311844042700800E+018   6.02263934552538344747E+001
      7681   2.24129553210553625600E+018   6.02178725259644238577E+001
      7682   2.24147928453568768000E+018   6.02277767104409988974E+001
      7683   2.24130786095467417600E+018   6.02179697807780840435E+001
      7684   2.24117840359820134400E+018   6.02120547146774640623E+001
      7685   2.24118188134571417600E+018   6.02108915567983089545E+001
      7686   2.24120308502115225600E+018   6.02108143173852496943E+001
      7687   2.24125231280666393600E+018   6.02140526160287308244E+001
      7688   2.24121055575353446400E+018   6.02123161770856896169E+001
      7689   2.24109542322162150400E+018   6.02063694035038210473E+001
      7690   2.24119125625211212800E+018   6.02121905691375971514E+001
      7691   2.24129694417639424000E+018   6.02183384656338276386E+001
      7692   2.24109353960018611200E+018   6.02089880410761963958E+001
      7693   2.24086320593638886400E+018   6.01981117931128224541E+001
      7694   2.24094820148166553600E+018   6.02025210894334747991E+001
      7695   2.24089168583965747200E+018   6.01990756580332231351E+001
      7696   2.24074917608857446400E+018   6.01929432506871933128E+001
      7697   2.24072206421705113600E+018   6.01923593624198716157E+001
      7698   2.24062244470544051200E+018   6.01887714206026558372E+001
      7699   2.24079462567110604800E+018   6.01982456275008175339E+001
      7700   2.24055036283208576000E+018   6.01846897193965517658E+001
      7701   2.24052490167223577600E+018   6.01848223307784664371E+001
      7702   2.24061762638807987200E+018   6.01897377378216233978E+001
      7703   2.24059010824570880000E+018   6.01882329796527315580E+001
      7704   2.24054878740796262400E+018   6.01878358208996004919E+001
      7705   2.24056840011295462400E+018   6.01877283610218114518E+001
      7706   2.24061142900762086400E+018   6.01923596818224027061E+001
      7707   2.24060505742089216000E+018   6.01914797536983812165E+001
      7708   2.24067089594093337600E+018   6.01954241579206055235E+001
      7709   2.24038614401804160000E+018   6.01829009143939970272E+001
      7710   2.24059922636405964800E+018   6.01927556225625721709E+001
      7711   2.24044303853068569600E+018   6.01856445259003862702E+001
      7712   2.24070575798109900800E+018   6.01978620455806563427E+001
      7713   2.24060281947600870400E+018   6.01936596266120957921E+001
      7714   2.24069119099652556800E+018   6.01956819635045903283E+001
      7715   2.24068304887966924800E+018   6.01973561176937081996E+001
      7716   2.24077118097203174400E+018   6.01992466050670387290E+001
      7717   2.24087643626475852800E+018   6.02054023886115246000E+001
      7718   2.24085190017154329600E+018   6.02047826813893252051E+001
      7719   2.24086343915742617600E+018   6.02056098363384322170E+001
      7720   2.24077271745177548800E+018   6.02031041128454447175E+001
      7721   2.24089847108022860800E+018   6.02078860560618167597E+001
      7722   2.24089790815649382400E+018   6.02097564823650159838E+001
      7723   2.24119153492278784000E+018   6.02215029719578112122E+001
      7724   2.24111874857891302400E+018   6.02183078296965774712E+001
      7725   2.24128922003736038400E+018   6.02269625107053840907E+001
      7726   2.24131076986447385600E+018   6.02270207072752654653E+001
      7727   2.24139181887054617600E+018   6.02300759063187172160E+001
      7728   2.24150233096210227200E+018   6.02342325184449123299E+001
      7729   2.24148644345586969600E+018   6.02349632305216360351E+001
      7730   2.24144426453603532800E+018   6.02340048563619063771E+001
      7731   2.24134502951571712000E+018   6.02303169391311357117E+001
      7732   2.23584954549255372800E+018   6.01660102956815094899E+001
      7733   2.22839607421505305600E+018   6.00557280656659386864E+001
      7734   2.22360265264253107200E+018   6.01035842136785802836E+001
      7735   2.22372682197477836800E+018   6.00593617716139647200E+001
      7736   2.22246025430420608000E+018   6.01378989203173048850E+001
      7737   2.22313348952299699200E+018   6.00658809267905908769E+001
      7738   2.21845315631664256000E+018   6.00988873147177073974E+001
      7739   2.22326415498162892800E+018   6.00286432824658149343E+001
      7740   2.21971487219399270400E+018   6.00924309082505203605E+001
      7741   2.22238845516949171200E+018   6.00569925454753388294E+001
      7742   2.21749954777229849600E+018   5.99931765157052367954E+001
      7743   2.22198741768800819200E+018   6.01104961300207136787E+001
      7744   2.21697034015526656000E+018   6.00454629540420867784E+001
      7745   2.21164619656957030400E+018   6.00795537218881747776E+001
      7746   2.21459868004435584000E+018   6.00760590779278800255E+001
      7747   2.21637577282091059200E+018   6.00513759117991057224E+001
      7748   2.20833106560850329600E+018   5.93278343567835690919E+001
      7749   2.20192795322710016000E+018   5.92028571619148991090E+001
      7750   2.20656452041247974400E+018   5.92843547302369060503E+001
      7751   2.20708326183426995200E+018   5.92931646977727453418E+001
      7752   2.20780750734283392000E+018   5.92878623106390705289E+001
      7753   2.20881401900765004800E+018   5.93357537722268730818E+001
      7754   2.21001236544167577600E+018   5.92710537454602288676E+001
      7755   2.21317151761328537600E+018   5.92838297266631002458E+001
      7756   2.21295903299837696000E+018   5.93073781147449992091E+001
      7757   2.21501237996103654400E+018   5.93038659487465338316E+001
      7758   2.21587103690268339200E+018   5.93087102710097795466E+001
      7759   2.21273635398523955200E+018   5.93591944252428262985E+001
      7760   2.21243482164709760000E+018   5.93167271843380206064E+001
      7761   2.21511277617780531200E+018   5.93981502775994272270E+001
      7762   2.21850754197884390400E+018   5.93925670967787695531E+001
      7763   2.22873898246808038400E+018   5.94951677605187612130E+001
      7764   2.23122944530917888000E+018   5.95322517205274266416E+001
      7765   2.23139575655364531200E+018   5.95388281253435920348E+001
      7766   2.23138102319168332800E+018   5.95383224049387891341E+001
      7767   2.23149533128974336000E+018   5.95426754852537030160E+001
      7768   2.23154927080996761600E+018   5.95462188838887911402E+001
      7769   2.23159478038424345600E+018   5.95474335080928085517E+001
      7770   2.23157269687706931200E+018   5.95474239969337659772E+001
      7771   2.23169599085438515200E+018   5.95515909367362397120E+001
      7772   2.23174656935650201600E+018   5.95544684898944680640E+001
      7773   2.23189434221538892800E+018   5.95599805511609190489E+001
      7774   2.23188735926208716800E+018   5.95615733581418780318E+001
      7775   2.23205537715146188800E+018   5.95667670431120654939E+001
      7776   2.23199193640659123200E+018   5.95647767029842896136E+001
      7777   2.23192188618300979200E+018   5.95637868993120989103E+001
      7778   2.23199985234242713600E+018   5.95679034433358438605E+001
      7779   2.23213571394207974400E+018   5.95717898233003708697E+001
      7780   2.23224148419737958400E+018   5.95736907249542539944E+001
      7781   2.23216022440190131200E+018   5.95751242826339293401E+001
      7782   2.23213534879222092800E+018   5.95718348038246929832E+001
      7783   2.23219996370007116800E+018   5.95761339304709380826E+001
      7784   2.23211463119554252800E+018   5.95717689056605266273E+001
      7785   2.23223537422223232000E+018   5.95777597363320339241E+001
      7786   2.23212851914302387200E+018   5.95753916121185440602E+001
      7787   2.23224671488907084800E+018   5.95793499880492163356E+001
      7788   2.23220398418307379200E+018   5.95791413570190329096E+001
      7789   2.23235110700888115200E+018   5.95868019007750149285E+001
      7790   2.23213332279028275200E+018   5.95751028095494419290E+001
      7791   2.23204083976208614400E+018   5.95728851373205188224E+001
      7792   2.23207548029799705600E+018   5.95741608506938931100E+001
      7793   2.23214419717397657600E+018   5.95797126433487349573E+001
      7794   2.23210115988964556800E+018   5.95781548254635495709E+001
      7795   2.23209585459701043200E+018   5.95764741131796142781E+001
      7796   2.23197393883152230400E+018   5.95740615774859989529E+001
      7797   2.23180983622826214400E+018   5.95685779792818621559E+001
      7798   2.23175226268593510400E+018   5.95641689813571062473E+001
      7799   2.23180863827571737600E+018   5.95674825631310795870E+001
      7800   2.23182961538375859200E+018   5.95696587825940468974E+001
      7801   2.23173604444221952000E+018   5.95683637105774437259E+001
      7802   2.23156062900672844800E+018   5.95585852338912218329E+001
      7803   2.23160533245237990400E+018   5.95609642910891352585E+001
      7804   2.23143920921080857600E+018   5.95531790709169399634E+001
      7805   2.23140789589814220800E+018   5.95520973524716694669E+001
      7806   2.23153247806500198400E+018   5.95561155644460953340E+001
      7807   2.23134269015868569600E+018   5.95498572493976823239E+001
      7808   2.23130170920651494400E+018   5.95462543070175911453E+001
      7809   2.23131339391170329600E+018   5.95469606883646846995E+001
      7810   2.23119067900406220800E+018   5.95408277672336154751E+001
      7811   2.23118092387984665600E+018   5.95401552732761558673E+001
      7812   2.23113905816361651200E+018   5.95382048978869065081E+001
      7813   2.23103259599364147200E+018   5.95341834658849506923E+001
      7814   2.23108913765501926400E+018   5.95364182448703900263E+001
      7815   2.23103990694547020800E+018   5.95339318688708303284E+001
      7816   2.23094232195423846400E+018   5.95308181868761820965E+001
      7817   2.23098763075652608000E+018   5.95320117016903793683E+001
      7818   2.23090270986607488000E+018   5.95290844222061892310E+001
      7819   2.23085088732515097600E+018   5.95262372679243227935E+001
      7820   2.23075590637662899200E+018   5.95217733085739837406E+001
      7821   2.23083049596343936000E+018   5.95261181885131733793E+001
      7822   2.23070479998951859200E+018   5.95218960725316392768E+001
      7823   2.23067766879375564800E+018   5.95216174250862692929E+001
      7824   2.23056239601779814400E+018   5.95171913396416911723E+001
      7825   2.23032080616116659200E+018   5.95066466097498221188E+001
      7826   2.23044199605297510400E+018   5.95126835750688556459E+001
      7827   2.23042183995250636800E+018   5.95096711707379313339E+001
      7828   2.23043031752254489600E+018   5.95103985018293215603E+001
      7829   2.23030261361090841600E+018   5.95058196542315940292E+001
      7830   2.23024785185707571200E+018   5.95025803133464137318E+001
      7831   2.23027201165900748800E+018   5.95036486489149112344E+001
      7832   2.23012707905360281600E+018   5.94962444694619492225E+001
      7833   2.23023348793519974400E+018   5.95022611861276757850E+001
      7834   2.23018790086847129600E+018   5.94960464592118967175E+001
      7835   2.23022169812592384000E+018   5.95016235342073898096E+001
      7836   2.23012384908310297600E+018   5.94933857526271765437E+001
      7837   2.23000590707344000000E+018   5.94869478171400274391E+001
      7838   2.23003086544158489600E+018   5.94867930574169960778E+001
      7839   2.22999319462741580800E+018   5.94831327979900876812E+001
      7840   2.22995310607188915200E+018   5.94806155496231099278E+001
      7841   2.22981102671043379200E+018   5.94751200822571490789E+001
      7842   2.22985846205640985600E+018   5.94751599803915098619E+001
      7843   2.22984729365607168000E+018   5.94723603593442931015E+001
      7844   2.22977068398100812800E+018   5.94679258567470370167E+001
      7845   2.22984034604313779200E+018   5.94724501863986390049E+001
      7846   2.22984477210895539200E+018   5.94730861213606942783E+001
      7847   2.22959271918260249600E+018   5.94631939167247480782E+001
      7848   2.22946693040571059200E+018   5.94571045227381418385E+001
      7849   2.22946003416179430400E+018   5.94575727763333432563E+001
      7850   2.22952973806656998400E+018   5.94609551398789903942E+001
      7851   2.22951533429475328000E+018   5.94610797630931173785E+001
      7852   2.22930503523738470400E+018   5.94523337249709697971E+001
      7853   2.22930173809477145600E+018   5.94520064852579537273E+001
      7854   2.22941118612539929600E+018   5.94554122300913263643E+001
      7855   2.22918853835195955200E+018   5.94466097640314572459E+001
      7856   2.22928946281542758400E+018   5.94476208347930779041E+001
      7857   2.22916144907569203200E+018   5.94429108132663586161E+001
      7858   2.22914173289994240000E+018   5.94419779529781422411E+001
      7859   2.22902791401272934400E+018   5.94341499677147453440E+001
      7860   2.22912633393048857600E+018   5.94388360195903473482E+001
      7861   2.22890938620039987200E+018   5.94299685097298251435E+001
      7862   2.22894059891485363200E+018   5.94311346805553242234E+001
      7863   2.22880006555515315200E+018   5.94234571114858809437E+001
      7864   2.22887058248719769600E+018   5.94237661122941958070E+001
      7865   2.22869299181240396800E+018   5.94174228464796456706E+001
      7866   2.22871940927312128000E+018   5.94143978346916910027E+001
      7867   2.22879134269768089600E+018   5.94173210557844626578E+001
      7868   2.22872549284577689600E+018   5.94079240154151477782E+001
      7869   2.22875219997348249600E+018   5.94121320192178359321E+001
      7870   2.22859069239417830400E+018   5.94058669762664450786E+001
      7871   2.22848477488505676800E+018   5.93988048320359425247E+001
      7872   2.22853428760961612800E+018   5.94044441396245943565E+001
      7873   2.22847168013325542400E+018   5.93996485984243420830E+001
      7874   2.22841910049865113600E+018   5.93946054062126265194E+001
      7875   2.22835158482399564800E+018   5.93916812728206409133E+001
      7876   2.22820831961935923200E+018   5.93851215564260499491E+001
      7877   2.22826997988846182400E+018   5.93867627699539752939E+001
      7878   2.22814882723786598400E+018   5.93809162657149443021E+001
      7879   2.22826474134332774400E+018   5.93872678014331469853E+001
      7880   2.22806417685649075200E+018   5.93810186902357486360E+001
      7881   2.22795838958302976000E+018   5.93779134553728624724E+001
      7882   2.22779429429153408000E+018   5.93705902088320769394E+001
      7883   2.22787457540238720000E+018   5.93719834792343590379E+001
      7884   2.22788176513916032000E+018   5.93743551227021271188E+001
      7885   2.22776987450402688000E+018   5.93701613692538288092E+001
      7886   2.22777713572331110400E+018   5.93696068068744366997E+001
      7887   2.22765100158555648000E+018   5.93638636916114990072E+001
      7888   2.22755698176628147200E+018   5.93602711788531607340E+001
      7889   2.22763470651928755200E+018   5.93648972693177157112E+001
      7890   2.22756585582700416000E+018   5.93592353679592363846E+001
      7891   2.22747721813365324800E+018   5.93551691166805142075E+001
      7892   2.22750536781631462400E+018   5.93546544650657992293E+001
      7893   2.22747967730804275200E+018   5.93520744263911623761E+001
      7894   2.22752738531098649600E+018   5.93525401056825003820E+001
      7895   2.22740685107047193600E+018   5.93465158154833503090E+001
      7896   2.22737052096415027200E+018   5.93469281606105312221E+001
      7897   2.22736966954749440000E+018   5.93440234846403598112E+001
      7898   2.22737650013533235200E+018   5.93445748619882849084E+001
      7899   2.22724226684178560000E+018   5.93391671143459049631E+001
      7900   2.22723020992529280000E+018   5.93400077331026452043E+001
      7901   2.22714577098739916800E+018   5.93335958903983211599E+001
      7902   2.22710326453856640000E+018   5.93326176444993507175E+001
      7903   2.22710284293530035200E+018   5.93310273986264675727E+001
      7904   2.22700293015683609600E+018   5.93268898809472702283E+001
      7905   2.22696747074603417600E+018   5.93273217258043246147E+001
      7906   2.22691012970926592000E+018   5.93232932265999792776E+001
      7907   2.22686700643788262400E+018   5.93238278764327731096E+001
      7908   2.22687395274830976000E+018   5.93247237281988191171E+001
      7909   2.22680327986258944000E+018   5.93243212725852444578E+001
      7910   2.22669024825987968000E+018   5.93172869870342651666E+001
      7911   2.22656710186402124800E+018   5.93122611208975243358E+001
      7912   2.22657227740588672000E+018   5.93154370521736495903E+001
      7913   2.22644926031306496000E+018   5.93096854760580285415E+001
      7914   2.22630455781794995200E+018   5.93014264592321183045E+001
      7915   2.22636334610916736000E+018   5.93042990383098995721E+001
      7916   2.22642947149323852800E+018   5.93074092303089628331E+001
      7917   2.22630941596049228800E+018   5.93018941126249998774E+001
      7918   2.22624367249810124800E+018   5.93013484010651268363E+001
      7919   2.22623534514879513600E+018   5.92992576690527002370E+001
      7920   2.22618190655388211200E+018   5.92975550093462757673E+001
      7921   2.22609799596270720000E+018   5.92932106807373386914E+001
      7922   2.22603920083939123200E+018   5.92905536110490416490E+001
      7923   2.22606256841505792000E+018   5.92934318038040828469E+001
      7924   2.22606921773050572800E+018   5.92896455795046790627E+001
      7925   2.22600814870644224000E+018   5.92882841668692108783E+001
      7926   2.22587140406230425600E+018   5.92848503262271364633E+001
      7927   2.22579932326450099200E+018   5.92793038012453266106E+001
      7928   2.22592125126872934400E+018   5.92873710285873229964E+001
      7929   2.22602009267423590400E+018   5.92919606402676251378E+001
      7930   2.22577737343852902400E+018   5.92804648969085974386E+001
      7931   2.22585997312797568000E+018   5.92838504770648242470E+001
      7932   2.22566589189182950400E+018   5.92737706753801489867E+001
      7933   2.22559893565493376000E+018   5.92727065331653477642E+001
      7934   2.22559136529279539200E+018   5.92751476943248363227E+001
      7935   2.22543993503848576000E+018   5.92674980189812359299E+001
      7936   2.22539036335037056000E+018   5.92655447074986554412E+001
      7937   2.22542967786718950400E+018   5.92652201568632790440E+001
      7938   2.22546445931120665600E+018   5.92685881578495568078E+001
      7939   2.22536063187379020800E+018   5.92644493072194435968E+001
      7940   2.22544733208381081600E+018   5.92693464963757392638E+001
      7941   2.22539351374369024000E+018   5.92675271818252156208E+001
      7942   2.22540107204119577600E+018   5.92689512109509522020E+001
      7943   2.22549472246115225600E+018   5.92699569505635608380E+001
      7944   2.22533810895657830400E+018   5.92640259897196486349E+001
      7945   2.22537628459933747200E+018   5.92680784775207030179E+001
      7946   2.22543758451216947200E+018   5.92698611171629252681E+001
      7947   2.22539986750935449600E+018   5.92693792698174419797E+001
      7948   2.22544700443672934400E+018   5.92726693737481795665E+001
      7949   2.22549975930639692800E+018   5.92747198856031971559E+001
      7950   2.22557657736475955200E+018   5.92787918178405561775E+001
      7951   2.22540612425706291200E+018   5.92711929861148476562E+001
      7952   2.22556688372748467200E+018   5.92776155013377987757E+001
      7953   2.22554819528992972800E+018   5.92797884136931827470E+001
      7954   2.22559033438133017600E+018   5.92799071761112656986E+001
      7955   2.22565912511072153600E+018   5.92816713239369406097E+001
      7956   2.22574012207800371200E+018   5.92863470120470310576E+001
      7957   2.22566433108347904000E+018   5.92824495514417790787E+001
      7958   2.22581128397824000000E+018   5.92897562818795265116E+001
      7959   2.22581057949274342400E+018   5.92894485805612490026E+001
      7960   2.22594931477542169600E+018   5.92964907267055707507E+001
      7961   2.22590836340716390400E+018   5.92945901757684836753E+001
      7962   2.22600321308967040000E+018   5.92968866937686200913E+001
      7963   2.22609745641690060800E+018   5.93025166872937816720E+001
      7964   2.22604403962726348800E+018   5.93017144513899907565E+001
      7965   2.22616286296355430400E+018   5.93056998511055510903E+001
      7966   2.22630369648485401600E+018   5.93119839598824967197E+001
      7967   2.22566212687403084800E+018   5.92960629092334485790E+001
      7968   2.21851674449886284800E+018   5.92532963401756020971E+001
      7969   2.21064377470878617600E+018   5.92619948424533617981E+001
      7970   2.20668830051848064000E+018   5.92006404284333527244E+001
      7971   2.20971745323400217600E+018   5.91854121389981528978E+001
      7972   2.20661788542793216000E+018   5.92440733855539178876E+001
      7973   2.20825340218835251200E+018   5.91604403091197070808E+001
      7974   2.20768522913346534400E+018   5.92004657223939361188E+001
      7975   2.20903885093785164800E+018   5.91828561271023190216E+001
      7976   2.20676620001050931200E+018   5.91597061377518045333E+001
      7977   2.20335706961626905600E+018   5.91344091693799782661E+001
      7978   2.20747551442002432000E+018   5.90986696590743108004E+001
      7979   2.20639082877943756800E+018   5.91068794272019033542E+001
      7980   2.20850350544905216000E+018   5.91513476761745167209E+001
      7981   2.20553864183186662400E+018   5.91436516574193902329E+001
      7982   2.20911701536829952000E+018   5.90115019148310011587E+001
      7983   2.20205458683311718400E+018   5.91798819896272263463E+001
      7984   2.18906280019167846400E+018   5.84297463711992932645E+001
      7985   2.19313704169473996800E+018   5.83825932156086651048E+001
      7986   2.19253724039958400000E+018   5.83877560742117509562E+001
      7987   2.19070151210897971200E+018   5.84264339439715811864E+001
      7988   2.19260905706269670400E+018   5.84282202286452942985E+001
      7989   2.19406112614657664000E+018   5.83845781059598607499E+001
      7990   2.19480883663103923200E+018   5.84113054091687899927E+001
      7991   2.19539049339732403200E+018   5.84243430978904640938E+001
      7992   2.19151579579989452800E+018   5.84482199869239806844E+001
      7993   2.19346709660482304000E+018   5.85475987395469061880E+001
      7994   2.19705781421767168000E+018   5.83852353313160392645E+001
      7995   2.19944338745686604800E+018   5.84326892619998474743E+001
      7996   2.19859251847614796800E+018   5.84588697252204099186E+001
      7997   2.19735776517776384000E+018   5.84840940068534678176E+001
      7998   2.20396528877877632000E+018   5.85258226123397093943E+001
      7999   2.21068556865901849600E+018   5.85637918822491556625E+001
      8000   2.21424492965585843200E+018   5.86437579606023504653E+001
      8001   2.21480778342082534400E+018   5.86470489902594138698E+001
      8002   2.21482127404935091200E+018   5.86479874880747829025E+001
      8003   2.21482282265750835200E+018   5.86483365060561041560E+001
      8004   2.21504021217508940800E+018   5.86578608506864043193E+001
      8005   2.21511294063736217600E+018   5.86596446913868589945E+001
      8006   2.21517419045434112000E+018   5.86629510050254907583E+001
      8007   2.21524070402341990400E+018   5.86653387633515919219E+001
      8008   2.21532088359275443200E+018   5.86690978115264556436E+001
      8009   2.21536541154765235200E+018   5.86713374296498741955E+001
      8010   2.21543979463475916800E+018   5.86727208954398307128E+001
      8011   2.21541997582210227200E+018   5.86742506174106495109E+001
      8012   2.21548407592836684800E+018   5.86749405626741236119E+001
      8013   2.21558666918895641600E+018   5.86798163076361518620E+001
      8014   2.21540912060102963200E+018   5.86738856218395810060E+001
      8015   2.21538976575755008000E+018   5.86729078425501384686E+001
      8016   2.21569053930490035200E+018   5.86853873094717073400E+001
      8017   2.21556043393728051200E+018   5.86800786661065743033E+001
      8018   2.21552837091286323200E+018   5.86797952451105331306E+001
      8019   2.21551532948144512000E+018   5.86779012989025261504E+001
      8020   2.21551627059579852800E+018   5.86792586411282783843E+001
      8021   2.21546130228692633600E+018   5.86781309536031372431E+001
      8022   2.21545464550325529600E+018   5.86781601736867415298E+001
      8023   2.21561661588771404800E+018   5.86853048609770908683E+001
      8024   2.21560356057435264000E+018   5.86865151823217843230E+001
      8025   2.21560413291590118400E+018   5.86873626591908248429E+001
      8026   2.21563697419210419200E+018   5.86878831585478693000E+001
      8027   2.21540618755337523200E+018   5.86783612293768115364E+001
      8028   2.21566218200036352000E+018   5.86910093342287098039E+001
      8029   2.21548796004503808000E+018   5.86826875916517352039E+001
      8030   2.21529957655089766400E+018   5.86750462341073202310E+001
      8031   2.21526186552476646400E+018   5.86749254482423268087E+001
      8032   2.21531890624542976000E+018   5.86767934186200150748E+001
      8033   2.21528385536253465600E+018   5.86773332389701280931E+001
      8034   2.21517730768435916800E+018   5.86743221077547332243E+001
      8035   2.21509503802890905600E+018   5.86686471092202737054E+001
      8036   2.21500166331539456000E+018   5.86665475099174855700E+001
      8037   2.21499446512804889600E+018   5.86653578936957487144E+001
      8038   2.21493767876567603200E+018   5.86613833162571083335E+001
      8039   2.21496182234516275200E+018   5.86654065955069938809E+001
      8040   2.21498150395413683200E+018   5.86656642016021692143E+001
      8041   2.21490752762240819200E+018   5.86623758488235651498E+001
      8042   2.21481023398937753600E+018   5.86603649804449744920E+001
      8043   2.21486708539006438400E+018   5.86630684395215880045E+001
      8044   2.21482522043960115200E+018   5.86581534650958857924E+001
      8045   2.21486909193978086400E+018   5.86615131437893921884E+001
      8046   2.21477861051425996800E+018   5.86549892436848168131E+001
      8047   2.21457195802786662400E+018   5.86490755545650586100E+001
      8048   2.21451640979511142400E+018   5.86453068877413628002E+001
      8049   2.21443513809414630400E+018   5.86421405329826939123E+001
      8050   2.21441573987213388800E+018   5.86404324850498142041E+001
      8051   2.21447776664122854400E+018   5.86439381029169055637E+001
      8052   2.21420993548555776000E+018   5.86352089064770396476E+001
      8053   2.21439126443838412800E+018   5.86418011856870222687E+001
      8054   2.21416683076531916800E+018   5.86313728957335342784E+001
      8055   2.21418106455427481600E+018   5.86307835965256245458E+001
      8056   2.21403033740259763200E+018   5.86251484369194244550E+001
      8057   2.21419438018890342400E+018   5.86328871147260883845E+001
      8058   2.21389975029016268800E+018   5.86216828511891492326E+001
      8059   2.21356012439444019200E+018   5.86053260778826938804E+001
      8060   2.21374250192666649600E+018   5.86168036610228071481E+001
      8061   2.21382432755294156800E+018   5.86139822544990920505E+001
      8062   2.21368536443667276800E+018   5.86111592355678325816E+001
      8063   2.21373523835347814400E+018   5.86150046215710389674E+001
      8064   2.21360312831511424000E+018   5.86035104730715161736E+001
      8065   2.21361391448098892800E+018   5.86082648539716046798E+001
      8066   2.21356880360414412800E+018   5.86089906089784093979E+001
      8067   2.21354618233400678400E+018   5.86059905653810844228E+001
      8068   2.21359124277349632000E+018   5.86098266706927688574E+001
      8069   2.21366342832635366400E+018   5.86113440962726244265E+001
      8070   2.21349806442621363200E+018   5.86032199622886835755E+001
      8071   2.21361468349891891200E+018   5.86081174578754371396E+001
      8072   2.21351784321744742400E+018   5.86053598687750820773E+001
      8073   2.21335443463146828800E+018   5.85946933907924076834E+001
      8074   2.21343530123358259200E+018   5.85971267952330094886E+001
      8075   2.21332057905354035200E+018   5.85918636652594599923E+001
      8076   2.21328195300435328000E+018   5.85896732264293191861E+001
      8077   2.21319996524181913600E+018   5.85847088249248884040E+001
      8078   2.21316822064130329600E+018   5.85848590473736976492E+001
      8079   2.21331356634105548800E+018   5.85872137367663015084E+001
      8080   2.21311154991877939200E+018   5.85814270214225203404E+001
      8081   2.21315575382588979200E+018   5.85800501436789318177E+001
      8082   2.21307187850974643200E+018   5.85787399254193985598E+001
      8083   2.21304895483470464000E+018   5.85746523603435136351E+001
      8084   2.21289523390071065600E+018   5.85708557443956934208E+001
      8085   2.21284177424685004800E+018   5.85689686878314503815E+001
      8086   2.21275841373330457600E+018   5.85652756528470703756E+001
      8087   2.21255151139870105600E+018   5.85572874241168506160E+001
      8088   2.21040431473043302400E+018   5.85127621191356368513E+001
      8089   2.21263448141926579200E+018   5.85544361092784768630E+001
      8090   2.21256446689303833600E+018   5.85569845721132082872E+001
      8091   2.21256917248109107200E+018   5.85501068250721345976E+001
      8092   2.21257439027774924800E+018   5.85517888498149901011E+001
      8093   2.21257865268784051200E+018   5.85505223453850973669E+001
      8094   2.21260542207331174400E+018   5.85499872977274762320E+001
      8095   2.21235335665663180800E+018   5.85396672994503788345E+001
      8096   2.21244321195537843200E+018   5.85439653154627066556E+001
      8097   2.21231312637093068800E+018   5.85403427995206868673E+001
      8098   2.21244007144920601600E+018   5.85422094011919611489E+001
      8099   2.21224120490449459200E+018   5.85379762106243219932E+001
      8100   2.21213597704343526400E+018   5.85317277356541509903E+001
      8101   2.21213147239462656000E+018   5.85310304777393000109E+001
      8102   2.21222411788137856000E+018   5.85331402617754505968E+001
      8103   2.21203975749910937600E+018   5.85234706344751600682E+001
      8104   2.21199653487132595200E+018   5.85254014080451625546E+001
      8105   2.21197152070762880000E+018   5.85271682421005650099E+001
      8106   2.21183011828570188800E+018   5.85204581090790725284E+001
      8107   2.21182982885353779200E+018   5.85152009187503168164E+001
      8108   2.21176564648836096000E+018   5.85119305699261005316E+001
      8109   2.21177582368018073600E+018   5.85108781273754630092E+001
      8110   2.21178343900630604800E+018   5.85104781173750794210E+001
      8111   2.21167997479730969600E+018   5.85033456763024943825E+001
      8112   2.21175038186158643200E+018   5.85031098793937971436E+001
      8113   2.21150277854798745600E+018   5.84946950748929808128E+001
      8114   2.21157554295601510400E+018   5.85001198281214769281E+001
      8115   2.21150475093419033600E+018   5.84947656094248813474E+001
      8116   2.21147591070504217600E+018   5.84957118291113928876E+001
      8117   2.21141933488718182400E+018   5.84928783825297600174E+001
      8118   2.21132777844940825600E+018   5.84876512014651197546E+001
      8119   2.21125165262927360000E+018   5.84857806289689321488E+001
      8120   2.21115546524098304000E+018   5.84826301395830725482E+001
      8121   2.21108472049873715200E+018   5.84793396255436377373E+001
      8122   2.21113426991865881600E+018   5.84815501656254070895E+001
      8123   2.21093975438558259200E+018   5.84755563970654534955E+001
      8124   2.21107264921309158400E+018   5.84798698374518082232E+001
      8125   2.21104635907438976000E+018   5.84775500274922137578E+001
      8126   2.21101922460140620800E+018   5.84746870843921371375E+001
      8127   2.21098384080258048000E+018   5.84706390791231811477E+001
      8128   2.21092755493716966400E+018   5.84679782863870798337E+001
      8129   2.21090985184265804800E+018   5.84686148748252705332E+001
      8130   2.21082409280497766400E+018   5.84643237328357017191E+001
      8131   2.21083040062300032000E+018   5.84645295691361752688E+001
      8132   2.21079121778817920000E+018   5.84621012007570470814E+001
      8133   2.21067566542635571200E+018   5.84569104955744833774E+001
      8134   2.21067133943609856000E+018   5.84579675147678017311E+001
      8135   2.21060832412637312000E+018   5.84539845768774739554E+001
      8136   2.21056489793860019200E+018   5.84529278722494964882E+001
      8137   2.21050854715029222400E+018   5.84504720143914084929E+001
      8138   2.21053716475961676800E+018   5.84529776774461709010E+001
      8139   2.21052247192208025600E+018   5.84516419148198096423E+001
      8140   2.21048867409273984000E+018   5.84481421354746544239E+001
      8141   2.21036639127872128000E+018   5.84425291577893304407E+001
      8142   2.21033509499979852800E+018   5.84440503714544306035E+001
      8143   2.21008424717835187200E+018   5.84297644408090448565E+001
      8144   2.21013976690809062400E+018   5.84375327153026091764E+001
      8145   2.21026674498030566400E+018   5.84427212383328580358E+001
      8146   2.21016171644173824000E+018   5.84407059134374335940E+001
      8147   2.21007565811084185600E+018   5.84344365433283812195E+001
      8148   2.20995773532442854400E+018   5.84297008344068515839E+001
      8149   2.20978395436385049600E+018   5.84219071370921554376E+001
      8150   2.20983798887107302400E+018   5.84276116009935506668E+001
      8151   2.20990788379138713600E+018   5.84282776851734695356E+001
      8152   2.20984044419186457600E+018   5.84265675143079761256E+001
      8153   2.20987039022254848000E+018   5.84272455225130613599E+001
      8154   2.20973633667903411200E+018   5.84217560630285319689E+001
      8155   2.20965494052756940800E+018   5.84180993406931747813E+001
      8156   2.20963270209941683200E+018   5.84153300196618161522E+001
      8157   2.20959533946098329600E+018   5.84165903258063394787E+001
      8158   2.20949849521606425600E+018   5.84107965704210201352E+001
      8159   2.20958002855076684800E+018   5.84149389191352881312E+001
      8160   2.20948683741860275200E+018   5.84123597470971276380E+001
      8161   2.20952945058655923200E+018   5.84140256037780645215E+001
      8162   2.20926981098440780800E+018   5.84036602072345445436E+001
      8163   2.20939469033941964800E+018   5.84086939966939766578E+001
      8164   2.20948821619528396800E+018   5.84125714417266337364E+001
      8165   2.20921434369933977600E+018   5.84001958351811154557E+001
      8166   2.20928477311552972800E+018   5.84032821477733534721E+001
      8167   2.20923956427302835200E+018   5.84022060310314543585E+001
      8168   2.20908650880217139200E+018   5.83967339900611008829E+001
      8169   2.20903182762465971200E+018   5.83937870082872834132E+001
      8170   2.20901755250684467200E+018   5.83933742178226395936E+001
      8171   2.20884653620459392000E+018   5.83845857345746139799E+001
      8172   2.20883766127635814400E+018   5.83862607797950303734E+001
      8173   2.20888599266400819200E+018   5.83869577237398615921E+001
      8174   2.20891817871394534400E+018   5.83913720953582284778E+001
      8175   2.20890178466254028800E+018   5.83900253756486122825E+001
      8176   2.20890500988258944000E+018   5.83910091937251891636E+001
      8177   2.20885985724126284800E+018   5.83886345833423945351E+001
      8178   2.20888623880531840000E+018   5.83913491898923382450E+001
      8179   2.20889385776065126400E+018   5.83937630680636274860E+001
      8180   2.20897202780089804800E+018   5.83948868090872181824E+001
      8181   2.20890114690887091200E+018   5.83911132941474377844E+001
      8182   2.20879115659043046400E+018   5.83897005056783768850E+001
      8183   2.20886041211316198400E+018   5.83903805770439703338E+001
      8184   2.20906696491298662400E+018   5.83987424992113588473E+001
      8185   2.20901595679612006400E+018   5.83983584532348345419E+001
      8186   2.20904408721059481600E+018   5.84001688954541009480E+001
      8187   2.20901681226153395200E+018   5.83969252644154437348E+001
      8188   2.20912367997361408000E+018   5.84035489177712747733E+001
      8189   2.20915213494831641600E+018   5.84042046856203214134E+001
      8190   2.20918894501920998400E+018   5.84061296188986602829E+001
      8191   2.20919778352245120000E+018   5.84065535859715296851E+001
      8192   2.20911677512567910400E+018   5.84042494612669429443E+001
      8193   2.20926860058114892800E+018   5.84113827761777102410E+001
      8194   2.20945435775657292800E+018   5.84172335407665670459E+001
      8195   2.20940350585149542400E+018   5.84150217495953754110E+001
      8196   2.20931423464550784000E+018   5.84137060958901699337E+001
      8197   2.20959157896566758400E+018   5.84247789486944668624E+001
      8198   2.20953178506037760000E+018   5.84213613934328108712E+001
      8199   2.20959842649884646400E+018   5.84239180151160724108E+001
      8200   2.20938800221240576000E+018   5.84155960552212363268E+001
      8201   2.20501796807935155200E+018   5.83572138958952493226E+001
      8202   2.19960886669688268800E+018   5.83135906024120416191E+001
      8203   2.19497251241562726400E+018   5.82607269439183994564E+001
      8204   2.19188976730112691200E+018   5.82573930615067254735E+001
      8205   2.18931325281866419200E+018   5.82928933390773806877E+001
      8206   2.18697448117262387200E+018   5.83249297358048366391E+001
      8207   2.19133728033132108800E+018   5.83556499455502191154E+001
      8208   2.19241002079148979200E+018   5.83081849905858362604E+001
      8209   2.18453787380509056000E+018   5.82917407547869359519E+001
      8210   2.19508675676478156800E+018   5.82029818055017571510E+001
      8211   2.19210968833809996800E+018   5.82662216066653400048E+001
      8212   2.19275619722032844800E+018   5.81766879242458330168E+001
      8213   2.19286592436171622400E+018   5.82682089639088403032E+001
      8214   2.18913940155348019200E+018   5.82086199084521140890E+001
      8215   2.18869994360838988800E+018   5.82626611726959993121E+001
      8216   2.19216904300180787200E+018   5.83068362690053234587E+001
      8217   2.17055062560010240000E+018   5.76037735219547002430E+001
      8218   2.17835653017571635200E+018   5.75907809921085132032E+001
      8219   2.17354907859465958400E+018   5.76078427864132081027E+001
      8220   2.17763111694342988800E+018   5.75835760008735846327E+001
      8221   2.17333521316862080000E+018   5.75602850256725275813E+001
      8222   2.17917931193748275200E+018   5.76414174058618229424E+001
      8223   2.18251154035890585600E+018   5.76646244492509296720E+001
      8224   2.17650394584804940800E+018   5.76498676681024164736E+001
      8225   2.18058078052351206400E+018   5.76080340397589267809E+001
      8226   2.17963657671646464000E+018   5.75920624335198922950E+001
      8227   2.18110974940027033600E+018   5.76125443881137258018E+001
      8228   2.17731912113174732800E+018   5.76613306307286777042E+001
      8229   2.18235858124127948800E+018   5.76911301859846616935E+001
      8230   2.18195854049703936000E+018   5.76628215758281967851E+001
      8231   2.18470019313104460800E+018   5.76741430807439527939E+001
      8232   2.18975225350814412800E+018   5.77399884248922390384E+001
      8233   2.19210538251452953600E+018   5.77724684958835155157E+001
      8234   2.19649597272960076800E+018   5.78020177441368900872E+001
      8235   2.19672519181271654400E+018   5.78123934701210728804E+001
      8236   2.19679803906941388800E+018   5.78149260324654505894E+001
      8237   2.19675472488030771200E+018   5.78127511646736991224E+001
      8238   2.19678701179709824000E+018   5.78130058204544070577E+001
      8239   2.19684626019020569600E+018   5.78151499375336683784E+001
      8240   2.19684868544989644800E+018   5.78160682552777487331E+001
      8241   2.19715485454589824000E+018   5.78267871517966227657E+001
      8242   2.19708936094564940800E+018   5.78245933685145345748E+001
      8243   2.19699844424197273600E+018   5.78227901218437310149E+001
      8244   2.19708172577157068800E+018   5.78248448644438397537E+001
      8245   2.19711762822732595200E+018   5.78265666884581150953E+001
      8246   2.19715529816139417600E+018   5.78282569928526584135E+001
      8247   2.19717062499378380800E+018   5.78305366066354835652E+001
      8248   2.19738485213688064000E+018   5.78380882997800327416E+001
      8249   2.19718466439393459200E+018   5.78316610023178725442E+001
      8250   2.19727033530314649600E+018   5.78332679231275861298E+001
      8251   2.19716458984002124800E+018   5.78320009254380877906E+001
      8252   2.19729609815309132800E+018   5.78357957513194733679E+001
      8253   2.19741879402630758400E+018   5.78406745831583251061E+001
      8254   2.19713958801164262400E+018   5.78327769362552501775E+001
      8255   2.19725098885160140800E+018   5.78365899706336890063E+001
      8256   2.19716995993428736000E+018   5.78341732764749920648E+001
      8257   2.19718276120171776000E+018   5.78341407097101054546E+001
      8258   2.19717067440927539200E+018   5.78338139916325175705E+001
      8259   2.19749052327977241600E+018   5.78460949219797484488E+001
      8260   2.19713117681287705600E+018   5.78331273981144988738E+001
      8261   2.19716261861053798400E+018   5.78356396816208686573E+001
      8262   2.19721977384819097600E+018   5.78384657786838829452E+001
      8263   2.19760301781268915200E+018   5.78577118787187814064E+001
      8264   2.19718665988246041600E+018   5.78368521235538892711E+001
      8265   2.19688145403558886400E+018   5.78243716045083360200E+001
      8266   2.19684455773264409600E+018   5.78225352974182769117E+001
      8267   2.19686986176755200000E+018   5.78250696555892815809E+001
      8268   2.19660274314832000000E+018   5.78123701908389193704E+001
      8269   2.19674093431788825600E+018   5.78166166757765367379E+001
      8270   2.19662370255604454400E+018   5.78129036860714151658E+001
      8271   2.19654056438490726400E+018   5.78116768907757929696E+001
      8272   2.19657031463918822400E+018   5.78127940662101877933E+001
      8273   2.19656830891141171200E+018   5.78117336794283787071E+001
      8274   2.19655093278707225600E+018   5.78126447711948117103E+001
      8275   2.19641187250845388800E+018   5.78066478511303216692E+001
      8276   2.19642419452560102400E+018   5.78068096969697364784E+001
      8277   2.19638158210150886400E+018   5.78040285060235135006E+001
      8278   2.19625917280690713600E+018   5.78008624578064669208E+001
      8279   2.19626602981322931200E+018   5.78006715285830523499E+001
      8280   2.19622757823302425600E+018   5.77995260856997177257E+001
      8281   2.19626526325373312000E+018   5.78014596313292656760E+001
      8282   2.19609947246384179200E+018   5.77960865443181219803E+001
      8283   2.19608849635004697600E+018   5.77922174758715812004E+001
      8284   2.19593456209379788800E+018   5.77898715635771722532E+001
      8285   2.19571567299081318400E+018   5.77758866341455004090E+001
      8286   2.19589097021918131200E+018   5.77842801575590954144E+001
      8287   2.19590280895339417600E+018   5.77888241027145284079E+001
      8288   2.19582353664954649600E+018   5.77862891285183195578E+001
      8289   2.19598956160852582400E+018   5.77919136850749097789E+001
      8290   2.19603490649165875200E+018   5.77923024747453624173E+001
      8291   2.19599841609869286400E+018   5.77928483688052310185E+001
      8292   2.19602831965443404800E+018   5.77926898073736268202E+001
      8293   2.19607550036957849600E+018   5.77950456368575729016E+001
      8294   2.19607069986257331200E+018   5.77938206020509070981E+001
      8295   2.19589214402112793600E+018   5.77854712957257490302E+001
      8296   2.19577642146952294400E+018   5.77821168656595887114E+001
      8297   2.19576925932923033600E+018   5.77816443216484287859E+001
      8298   2.19540343825864908800E+018   5.77660778487896564570E+001
      8299   2.19556763721174886400E+018   5.77751438004596593601E+001
      8300   2.19551975209278643200E+018   5.77721951135568403402E+001
      8301   2.19532014112522572800E+018   5.77528667578804117966E+001
      8302   2.19523880580725324800E+018   5.77540894122150803014E+001
      8303   2.19510334636664883200E+018   5.77451317114118936047E+001
      8304   2.19520030993898828800E+018   5.77544067535053997631E+001
      8305   2.19490384421108992000E+018   5.77387172934115042722E+001
      8306   2.19479392250020966400E+018   5.77353802517879088896E+001
      8307   2.19496240320546176000E+018   5.77409183346738927867E+001
      8308   2.19484575024391936000E+018   5.77354873434247224395E+001
      8309   2.19483772526764544000E+018   5.77347988346496023837E+001
      8310   2.19484138692795673600E+018   5.77380767241199421846E+001
      8311   2.19469920676685081600E+018   5.77264424487632368255E+001
      8312   2.19456013296876595200E+018   5.77209132699101061803E+001
      8313   2.19439171580839193600E+018   5.77105892791653332097E+001
      8314   2.19452998931632307200E+018   5.77231823973250826043E+001
      8315   2.19461075469072281600E+018   5.77285877290403490747E+001
      8316   2.19378425144197529600E+018   5.76907720276837778783E+001
      8317   2.19465995257876480000E+018   5.77289305218588637558E+001
      8318   2.19471996156642816000E+018   5.77303840801244518843E+001
      8319   2.19477237016108339200E+018   5.77315941697378534059E+001
      8320   2.19484657149601356800E+018   5.77296598798058653301E+001
      8321   2.19479852076275840000E+018   5.77293373704811259017E+001
      8322   2.19473482515629772800E+018   5.77260628024641277989E+001
      8323   2.19466202577052160000E+018   5.77209594126252412138E+001
      8324   2.19473946595259110400E+018   5.77229797162556721446E+001
      8325   2.19452891996892953600E+018   5.77172349456967808123E+001
      8326   2.19438634027657856000E+018   5.77090567371021165854E+001
      8327   2.19444239771720550400E+018   5.77103381006062292613E+001
      8328   2.19418788044895052800E+018   5.77019074285304327532E+001
      8329   2.19416382774713088000E+018   5.77019049232397591709E+001
      8330   2.19407908358011033600E+018   5.76985280026287696842E+001
      8331   2.19392082797467315200E+018   5.76908499671796661801E+001
      8332   2.19373043488058547200E+018   5.76794182641255801514E+001
      8333   2.19382560002115558400E+018   5.76848603285144108099E+001
      8334   2.19363838653385216000E+018   5.76823352092287322535E+001
      8335   2.19350839160765798400E+018   5.76747034663505004914E+001
      8336   2.19330963531741491200E+018   5.76691209372471291772E+001
      8337   2.19295970839212211200E+018   5.76458828456198020262E+001
      8338   2.19313405123156864000E+018   5.76604578711307453887E+001
      8339   2.19301036405478118400E+018   5.76625554464243066377E+001
      8340   2.19277832339798963200E+018   5.76450683643754686614E+001
      8341   2.19307211799656883200E+018   5.76551225347644376029E+001
      8342   2.19273044190396979200E+018   5.76440495219680784089E+001
      8343   2.19306124579268787200E+018   5.76539950493005832755E+001
      8344   2.19307221917885747200E+018   5.76542594819447273835E+001
      8345   2.19325286451664665600E+018   5.76603383952054286965E+001
      8346   2.19313868316182272000E+018   5.76628599790157565508E+001
      8347   2.19314885320051174400E+018   5.76552002796676745788E+001
      8348   2.19307134690501888000E+018   5.76510367045357625670E+001
      8349   2.19307942935811916800E+018   5.76526453607737607854E+001
      8350   2.19297189614284288000E+018   5.76500247776638161668E+001
      8351   2.19287685557781427200E+018   5.76432644691186908403E+001
      8352   2.19293529955835596800E+018   5.76485390090256899498E+001
      8353   2.19286301991941094400E+018   5.76437079659918651942E+001
      8354   2.19279509107858252800E+018   5.76416424071827790954E+001
      8355   2.19288012634946739200E+018   5.76447041046319341717E+001
      8356   2.19271800479985536000E+018   5.76366391478758544054E+001
      8357   2.19263323468924518400E+018   5.76341782626547782797E+001
      8358   2.19259632197818828800E+018   5.76309943085749907254E+001
      8359   2.19237071288754508800E+018   5.76215628535333834748E+001
      8360   2.19242050978054195200E+018   5.76216074702669445173E+001
      8361   2.19229457558141926400E+018   5.76143594141379296047E+001
      8362   2.19216036950032332800E+018   5.76127892534452641371E+001
      8363   2.19208278416003686400E+018   5.76059944734265911848E+001
      8364   2.19210866697699148800E+018   5.76078832240129301567E+001
      8365   2.19204867354168320000E+018   5.76063958075140405413E+001
      8366   2.19199336960905497600E+018   5.76044803904127817873E+001
      8367   2.19201559191020979200E+018   5.76098042914299810491E+001
      8368   2.19188362100322329600E+018   5.76018551237120917108E+001
      8369   2.19189155846313062400E+018   5.76026540340522572592E+001
      8370   2.19173870564790784000E+018   5.75980876588677688233E+001
      8371   2.19174927527538841600E+018   5.75936796229769711886E+001
      8372   2.19182596591626240000E+018   5.76021851548361709661E+001
      8373   2.19183685795714739200E+018   5.76005559879172395199E+001
      8374   2.19191879186426419200E+018   5.76044684704874043746E+001
      8375   2.19188900785161139200E+018   5.76021437941935445792E+001
      8376   2.19204461396460467200E+018   5.76095596249482255757E+001
      8377   2.19182045704826035200E+018   5.75988466864416537305E+001
      8378   2.19172391552248857600E+018   5.75959188900417302648E+001
      8379   2.19163344522315212800E+018   5.75932760005392267999E+001
      8380   2.19166194205975808000E+018   5.75943554425543524644E+001
      8381   2.19172058732939596800E+018   5.75974550245253809067E+001
      8382   2.19172562909558707200E+018   5.75959827968645967644E+001
      8383   2.19157522681299148800E+018   5.75885175222801777295E+001
      8384   2.19142693571598822400E+018   5.75850267856248976273E+001
      8385   2.19138933549365785600E+018   5.75850573601125574896E+001
      8386   2.19141397320360422400E+018   5.75858721474618562297E+001
      8387   2.19114576209145600000E+018   5.75742062357043451470E+001
      8388   2.19133931666315033600E+018   5.75812403232740450676E+001
      8389   2.19115332310947430400E+018   5.75729689062478158235E+001
      8390   2.19120456738502169600E+018   5.75755624211482199826E+001
      8391   2.19120504504171852800E+018   5.75753497856282692169E+001
      8392   2.19111644698167219200E+018   5.75731990035109788550E+001
      8393   2.19120329830838784000E+018   5.75763973566088793632E+001
      8394   2.19115856930111948800E+018   5.75714409894927499067E+001
      8395   2.19094434305453158400E+018   5.75637850092351186504E+001
      8396   2.19089586407175142400E+018   5.75634262324955727763E+001
      8397   2.19082747503455385600E+018   5.75586527342093106085E+001
      8398   2.19058093646908825600E+018   5.75501379880721515292E+001
      8399   2.19047242519865932800E+018   5.75434224681716628425E+001
      8400   2.19047253487282995200E+018   5.75437202349014356173E+001
      8401   2.19058107002547814400E+018   5.75500192252528748327E+001
      8402   2.19057975596554905600E+018   5.75511352381307688120E+001
      8403   2.19077827994159872000E+018   5.75607201201756950582E+001
      8404   2.19077127116582553600E+018   5.75610368317143965555E+001
      8405   2.19065364885390720000E+018   5.75537839062889702291E+001
      8406   2.19076559061534720000E+018   5.75611102758038768457E+001
      8407   2.19067585039731788800E+018   5.75560962850236919053E+001
      8408   2.19061697346208230400E+018   5.75534855686161037625E+001
      8409   2.19057932668122035200E+018   5.75521967317489213656E+001
      8410   2.19065024542663065600E+018   5.75559806588781484038E+001
      8411   2.19063112183686297600E+018   5.75516480396480929471E+001
      8412   2.19020377987246950400E+018   5.75274886549186916795E+001
      8413   2.19025575631420390400E+018   5.75357520337175927239E+001
      8414   2.19063509416889216000E+018   5.75551162219845480195E+001
      8415   2.19065074112187801600E+018   5.75592847297463450218E+001
      8416   2.19066774335148595200E+018   5.75576685151242841698E+001
      8417   2.19086374971112985600E+018   5.75679577725283806444E+001
      8418   2.19070833885916211200E+018   5.75596540187375111941E+001
      8419   2.19079374806215475200E+018   5.75631265301864303296E+001
      8420   2.19060852121290547200E+018   5.75466062168427114898E+001
      8421   2.19095581508461721600E+018   5.75681017915250592409E+001
      8422   2.19097873004163737600E+018   5.75712653487424645959E+001
      8423   2.19106975220230348800E+018   5.75760324363393181102E+001
      8424   2.19120714972535270400E+018   5.75820827388805227542E+001
      8425   2.19117000523967923200E+018   5.75797018492998446959E+001
      8426   2.19111624090365772800E+018   5.75762107474786262173E+001
      8427   2.19117887244142489600E+018   5.75813917627709486169E+001
      8428   2.19122396768851993600E+018   5.75834582451085452703E+001
      8429   2.19125392506173491200E+018   5.75841449825760278713E+001
      8430   2.18755952349639987200E+018   5.75349600630359319098E+001
      8431   2.18101909369959910400E+018   5.74929260090370917169E+001
      8432   2.17822352688970393600E+018   5.74657428205774252206E+001
      8433   2.17750482241514060800E+018   5.74439895785140848261E+001
      8434   2.17776999260418918400E+018   5.74836034769546060375E+001
      8435   2.17642878723162675200E+018   5.74622314386759285298E+001
      8436   2.17732698531527833600E+018   5.74435116980297735267E+001
      8437   2.17849608246095897600E+018   5.74487603563117446015E+001
      8438   2.17814034322352640000E+018   5.73979114160612695628E+001
      8439   2.17073952237108889600E+018   5.74126050641681970887E+001
      8440   2.17088669087307340800E+018   5.75244932251723923855E+001
      8441   2.17372234800511744000E+018   5.74882544047694139522E+001
      8442   2.17308219703613670400E+018   5.74272636688281821193E+001
      8443   2.17131031335706956800E+018   5.74606724465182594486E+001
      8444   2.17377463355698406400E+018   5.73678013842615470708E+001
      8445   2.16762385540860236800E+018   5.74686831684635066608E+001
      8446   2.17293319278505497600E+018   5.74077276478522762204E+001
      8447   2.16404774747821926400E+018   5.67101144190870840589E+001
      8448   2.15870553859768652800E+018   5.67369456718213314161E+001
      8449   2.16622862392011340800E+018   5.68093160104688976730E+001
      8450   2.16412254833256755200E+018   5.68799496762144016770E+001
      8451   2.16648589346045644800E+018   5.68412269604349305041E+001
      8452   2.16183019418829132800E+018   5.67481518400502693567E+001
      8453   2.16790232385938252800E+018   5.68727325695941772210E+001
      8454   2.16168129652735590400E+018   5.68326601433711502409E+001
      8455   2.16523380239042713600E+018   5.68535291779150142588E+001
      8456   2.16843191664424883200E+018   5.68829959681829677720E+001
      8457   2.16673557934156083200E+018   5.68086716904348563162E+001
      8458   2.17001583093980313600E+018   5.68416703094149511344E+001
      8459   2.17008602449495910400E+018   5.69126949108595212579E+001
      8460   2.16723733825584640000E+018   5.68635133637293037623E+001
      8461   2.16955642554373350400E+018   5.68575943422734155774E+001
      8462   2.17289859218403686400E+018   5.69162520693962790119E+001
      8463   2.17513270423544729600E+018   5.69638322974584738745E+001
      8464   2.17521495762887833600E+018   5.69693209655366388233E+001
      8465   2.17520451782847897600E+018   5.69688137425083382936E+001
      8466   2.17536792427571507200E+018   5.69751820560566457630E+001
      8467   2.17534950701817241600E+018   5.69754848394574864301E+001
      8468   2.17516978702429209600E+018   5.69653159942806226468E+001
      8469   2.17569148865527731200E+018   5.69769551291398883563E+001
      8470   2.17573858808252185600E+018   5.69861043698882312469E+001
      8471   2.17581857328832358400E+018   5.69918282262153539364E+001
      8472   2.17578018090458009600E+018   5.69903978575593725964E+001
      8473   2.17634011043826048000E+018   5.69927724713581369542E+001
      8474   2.17735997980265241600E+018   5.70169210630791170047E+001
      8475   2.17590817016411571200E+018   5.69977283393654587940E+001
      8476   2.17665847070226713600E+018   5.70216397782517603332E+001
      8477   2.17670450578739840000E+018   5.70240448545535443259E+001
      8478   2.17835627477167232000E+018   5.70786475559567421101E+001
      8479   2.17837124929069824000E+018   5.71065837791398465129E+001
      8480   2.17785001784403097600E+018   5.70551849726692452691E+001
      8481   2.17724313193406105600E+018   5.70465402934001488688E+001
      8482   2.17728216798351283200E+018   5.70453583062860403174E+001
      8483   2.17704090324133529600E+018   5.70376524717773989437E+001
      8484   2.17735273060264627200E+018   5.70442023069534869251E+001
      8485   2.17713305894605644800E+018   5.70369047521512015919E+001
      8486   2.17742633099531494400E+018   5.70521903077725127673E+001
      8487   2.17729739579115545600E+018   5.70486367921634496270E+001
      8488   2.17735797068206745600E+018   5.70494457734282107708E+001
      8489   2.17721133416388838400E+018   5.70491097300035434614E+001
      8490   2.17721906566776499200E+018   5.70517073485907602048E+001
      8491   2.17724590318787225600E+018   5.70479008001469125588E+001
      8492   2.17717549631191910400E+018   5.70484787439364353645E+001
      8493   2.17634910816658355200E+018   5.70233028353984181535E+001
      8494   2.17653472491907072000E+018   5.70182489000266627954E+001
      8495   2.17644473691510041600E+018   5.70144706755909282947E+001
      8496   2.17628397715128678400E+018   5.70129365240875713994E+001
      8497   2.17610704452852940800E+018   5.70076478598275926402E+001
      8498   2.17598978798967065600E+018   5.70037699909408885901E+001
      8499   2.17565521246211251200E+018   5.69949454769118801778E+001
      8500   2.17526738051423027200E+018   5.69755848210093702733E+001
      8501   2.17525852185570201600E+018   5.69767439899872485398E+001
      8502   2.17483885374022118400E+018   5.69511171746773428026E+001
      8503   2.17494488067779328000E+018   5.69643099767044063242E+001
      8504   2.17486914462854963200E+018   5.69614197974428648763E+001
      8505   2.17479108296704256000E+018   5.69577235576257194793E+001
      8506   2.17482042911218304000E+018   5.69597905162358060238E+001
      8507   2.17478182787715609600E+018   5.69581104902233406051E+001
      8508   2.17457947810739737600E+018   5.69513779022177573097E+001
      8509   2.17461838645333683200E+018   5.69526227319655902193E+001
      8510   2.17437868421829836800E+018   5.69423641749334592532E+001
      8511   2.17424609243927833600E+018   5.69383540619065442456E+001
      8512   2.17402038351892864000E+018   5.69325956309350829088E+001
      8513   2.17431120251048396800E+018   5.69429526419470235510E+001
      8514   2.17417632939991705600E+018   5.69402934368411024479E+001
      8515   2.17421894315061350400E+018   5.69418886694905026502E+001
      8516   2.17430492803312896000E+018   5.69454442081700094036E+001
      8517   2.17442129979642752000E+018   5.69497773641101971975E+001
      8518   2.17456133278389785600E+018   5.69569619803263904600E+001
      8519   2.17461138806805580800E+018   5.69579196956726931944E+001
      8520   2.17463508693337446400E+018   5.69563482559524345561E+001
      8521   2.17476027090986112000E+018   5.69565404010475972996E+001
      8522   2.17490022462090214400E+018   5.69629247860888838773E+001
      8523   2.17500642575886771200E+018   5.69693480483015548543E+001
      8524   2.17507649708138112000E+018   5.69727035332888291919E+001
      8525   2.17492501936991590400E+018   5.69725510489521624891E+001
      8526   2.17499675540152166400E+018   5.69723986468098431146E+001
      8527   2.17522690001376435200E+018   5.69780175139061171308E+001
      8528   2.17506450532925568000E+018   5.69795401172559863312E+001
      8529   2.17502903655822105600E+018   5.69744245465777296999E+001
      8530   2.17413530749608268800E+018   5.69514327648504945500E+001
      8531   2.17243201278507136000E+018   5.68645101820913438928E+001
      8532   2.17246697309852083200E+018   5.68639361923286301703E+001
      8533   2.17116316958730137600E+018   5.68240187629051192175E+001
      8534   2.17111871083454848000E+018   5.67965448138951458645E+001
      8535   2.17126753806467225600E+018   5.68113077477720125330E+001
      8536   2.17058843587011507200E+018   5.67610782099651700605E+001
      8537   2.17114972870158310400E+018   5.67964802104402792793E+001
      8538   2.17098454646179302400E+018   5.67832122641998466861E+001
      8539   2.17044264865968358400E+018   5.67825060805044401491E+001
      8540   2.17075786238265932800E+018   5.67850370552367493815E+001
      8541   2.17040887855026508800E+018   5.67829800247156626369E+001
      8542   2.17041260510753382400E+018   5.67919775351311031386E+001
      8543   2.16978681808865945600E+018   5.67568102083949099779E+001
      8544   2.17052859565924736000E+018   5.67955343023097967148E+001
      8545   2.17152868624992588800E+018   5.67992317363682346354E+001
      8546   2.17142815213569536000E+018   5.67876730834987810681E+001
      8547   2.17026079181632179200E+018   5.67525791811937736497E+001
      8548   2.16866911549431833600E+018   5.68454147733500647632E+001
      8549   2.16841120625163520000E+018   5.68664295828211621142E+001
      8550   2.17410369898528102400E+018   5.69250904012343639238E+001
      8551   2.17388748909586585600E+018   5.69160811832387807385E+001
      8552   2.17441090432637081600E+018   5.69292247063820582298E+001
      8553   2.17463921660886400000E+018   5.69446351961614354309E+001
      8554   2.17563384100582169600E+018   5.69669641683993219772E+001
      8555   2.17642929652831308800E+018   5.69695858413144620158E+001
      8556   2.17595519015088256000E+018   5.69937055345604974832E+001
      8557   2.17674631472126489600E+018   5.70067189607535382834E+001
      8558   2.17638840005536332800E+018   5.69999673025201545329E+001
      8559   2.17529500443139942400E+018   5.69431979218427173350E+001
      8560   2.17312548993387673600E+018   5.68887970242996985348E+001
      8561   2.17137163669071283200E+018   5.68106313346872653369E+001
      8562   2.17006015987622604800E+018   5.67878199662521296887E+001
      8563   2.16912980345498086400E+018   5.67320781541593532893E+001
      8564   2.16969577810561228800E+018   5.67700067919574635766E+001
      8565   2.16916765892867379200E+018   5.67843952539937433244E+001
      8566   2.16941259511159603200E+018   5.67908711893256565872E+001
      8567   2.16997128071496627200E+018   5.68198190926496025099E+001
      8568   2.16610934400384563200E+018   5.67469413332097829539E+001
      8569   2.17274348325747660800E+018   5.68733026928028451152E+001
      8570   2.17290664298122726400E+018   5.68816187086306470633E+001
      8571   2.17282858924303283200E+018   5.68843135223659146504E+001
      8572   2.17377487776940620800E+018   5.69083237011377960357E+001
      8573   2.17407016617183795200E+018   5.69238935129330414497E+001
      8574   2.17520166398071910400E+018   5.69404919619928548968E+001
      8575   2.17643085544471091200E+018   5.69899432826498397731E+001
      8576   2.17598138869590681600E+018   5.69825862819354895805E+001
      8577   2.17744920859411174400E+018   5.70167995028233463017E+001
      8578   2.17643082144131097600E+018   5.69913840792922101741E+001
      8579   2.17651705587357952000E+018   5.69998048621079860254E+001
      8580   2.17623333274991948800E+018   5.69949020948951314836E+001
      8581   2.17610919099803264000E+018   5.69837987030527131083E+001
      8582   2.17585999642092032000E+018   5.69753303565340161185E+001
      8583   2.17536482566132864000E+018   5.69667409397731105969E+001
      8584   2.17538823756234060800E+018   5.69677829771797306080E+001
      8585   2.17502409855530137600E+018   5.69526778530141442047E+001
      8586   2.17473210704015436800E+018   5.69466781955687579853E+001
      8587   2.17465759660458342400E+018   5.69416604026367849656E+001
      8588   2.17460673647559065600E+018   5.69371604897533458711E+001
      8589   2.17486285609226265600E+018   5.69415103941497022788E+001
      8590   2.17412098206321228800E+018   5.69058630603603035070E+001
      8591   2.17256100699879475200E+018   5.68614880328292500167E+001
      8592   2.17309829429465779200E+018   5.68824048647981683757E+001
      8593   2.17336297013917465600E+018   5.68764927062910032873E+001
      8594   2.17289060831584332800E+018   5.68769783143177960483E+001
      8595   2.17294827975202227200E+018   5.68797107166095869957E+001
      8596   2.17293872872626816000E+018   5.68837377067248226581E+001
      8597   2.17301766738536140800E+018   5.68828409229181986007E+001
      8598   2.17311962557688908800E+018   5.68894448565053707512E+001
      8599   2.17327205017360972800E+018   5.68918629439385554747E+001
      8600   2.17339502425301248000E+018   5.68973218969863694383E+001
      8601   2.17343868328792755200E+018   5.68949113416881786520E+001
      8602   2.17353109169507737600E+018   5.68973218981497552704E+001
      8603   2.17358778698997708800E+018   5.68979367918256784264E+001
      8604   2.17361406742960332800E+018   5.69013602724941378597E+001
      8605   2.17372133967064089600E+018   5.69057691334942816752E+001
      8606   2.17373538437494732800E+018   5.69077594312303958191E+001
      8607   2.17380413276692633600E+018   5.69118915517677734783E+001
      8608   2.17392562491146828800E+018   5.69151352411381807883E+001
      8609   2.17368394364524211200E+018   5.69060611026290246173E+001
      8610   2.17345398797246080000E+018   5.68999675535205540200E+001
      8611   2.17338813536635596800E+018   5.68953518944986171846E+001
      8612   2.17327047017057203200E+018   5.68923220349966456411E+001
      8613   2.17315617198111052800E+018   5.68890233677270558132E+001
      8614   2.17312527349132057600E+018   5.68866867427469173890E+001
      8615   2.17301081920720742400E+018   5.68842196660611421066E+001
      8616   2.17287609844181990400E+018   5.68781156891215786686E+001
      8617   2.17275895489199692800E+018   5.68755801045733733190E+001
      8618   2.17296104650182656000E+018   5.68912075833353583221E+001
      8619   2.17236454743006233600E+018   5.68579958018820263987E+001
      8620   2.17189371053673472000E+018   5.68369067750459535660E+001
      8621   2.17170621944904729600E+018   5.68217959219236163904E+001
      8622   2.16903025937683763200E+018   5.67297219763767088807E+001
      8623   2.16845231003379712000E+018   5.67109360990920308154E+001
      8624   2.16800841293016934400E+018   5.67110318777587067984E+001
      8625   2.16892004032165708800E+018   5.67176176972946279875E+001
      8626   2.16923765608769536000E+018   5.67312389417804112668E+001
      8627   2.16950571086322508800E+018   5.67492435439149218723E+001
      8628   2.16929727244698470400E+018   5.67373330426978768060E+001
      8629   2.16897109222113766400E+018   5.67164720382982139313E+001
      8630   2.16895269720809472000E+018   5.67210560382456279171E+001
      8631   2.16792726983409715200E+018   5.66785231786719236879E+001
      8632   2.16984242662420966400E+018   5.67556949557483676472E+001
      8633   2.16948695536300595200E+018   5.67398591243767995707E+001
      8634   2.16980234924086246400E+018   5.67623988779925170434E+001
      8635   2.16961301857718348800E+018   5.67478990046611500020E+001
      8636   2.16964772955540608000E+018   5.67550980603750261366E+001
      8637   2.16947122681061683200E+018   5.67368599081542939189E+001
      8638   2.16965573754323558400E+018   5.67531923111555443029E+001
      8639   2.16942261863749401600E+018   5.67448728400325421717E+001
      8640   2.16913951441406438400E+018   5.67430402951850112458E+001
      8641   2.16781414891136051200E+018   5.67261380682277902565E+001
      8642   2.16641562481141734400E+018   5.65930059400526843660E+001
      8643   2.16915942046830643200E+018   5.67414568351959118786E+001
      8644   2.16982110937363276800E+018   5.67572100575785398746E+001
      8645   2.17009708842441267200E+018   5.67760300297986475471E+001
      8646   2.17116134042421376000E+018   5.68140027104349769616E+001
      8647   2.17035125818442086400E+018   5.67488466490024947575E+001
      8648   2.16846956004216140800E+018   5.67602209832982680382E+001
      8649   2.16252712552001996800E+018   5.66407271473339335444E+001
      8650   2.16921375703581824000E+018   5.67285106357838841973E+001
      8651   2.17147135736073676800E+018   5.68280922048746006681E+001
      8652   2.17160297926008294400E+018   5.68236940573327657944E+001
      8653   2.17126171743919308800E+018   5.68269257172438244652E+001
      8654   2.17179050973393996800E+018   5.68331268189563942883E+001
      8655   2.17152001184590464000E+018   5.68256149040735252242E+001
      8656   2.17169853563974681600E+018   5.68351905666424173091E+001
      8657   2.17201754308924108800E+018   5.68438333927238730325E+001
      8658   2.16959073530857241600E+018   5.68300754104047314286E+001
      8659   2.16475968782835635200E+018   5.68072133481602250527E+001
      8660   2.16503690321110886400E+018   5.68114087462163084297E+001
      8661   2.16462255833554150400E+018   5.68098037839620033651E+001
      8662   2.16476592723563059200E+018   5.67838762018729639180E+001
      8663   2.16361871726536371200E+018   5.67610302858347708366E+001
      8664   2.16466561646856704000E+018   5.67788307568621704036E+001
      8665   2.16323884797343539200E+018   5.67883496303851060816E+001
      8666   2.16255860667075686400E+018   5.67469722215311946911E+001
      8667   2.16038191080704102400E+018   5.67636825847172303838E+001
      8668   2.16459632509624268800E+018   5.67799730147653463064E+001
      8669   2.16763720502953139200E+018   5.67769408431825084449E+001
      8670   2.16032783381859353600E+018   5.66543475734516164266E+001
      8671   2.16413143892527795200E+018   5.67953743220602049746E+001
      8672   2.16185549564165964800E+018   5.67290917929065940939E+001
      8673   2.15861672156047129600E+018   5.67727318685549349198E+001
      8674   2.17366845006979609600E+018   5.69060001436375202388E+001
      8675   2.17366844996798080000E+018   5.69060001223618883159E+001
      8676   2.17366845067824256000E+018   5.69060002426895934491E+001
      8677   2.17366845026216857600E+018   5.69060001809829785202E+001
      8678   2.17366845049036928000E+018   5.69060002168770679987E+001
      8679   2.17366845074735104000E+018   5.69060002521648229390E+001
      8680   2.17366844990497689600E+018   5.69060001084805762162E+001
      8681   2.17366844981649254400E+018   5.69060000915663692922E+001
      8682   2.17366836968033996800E+018   5.69059861743971282522E+001
      8683   2.17366845155133414400E+018   5.69060004293266672448E+001
      8684   2.17366845514281088000E+018   5.69060007918372789959E+001
      8685   2.17366825132886272000E+018   5.69059677331585476168E+001
      8686   2.17366845515663027200E+018   5.69060010221373104855E+001
      8687   2.17366839608448793600E+018   5.69059903923238792345E+001
      8688   2.17366846959805670400E+018   5.69060029312375164068E+001
      8689   2.17366736695581977600E+018   5.69058996761183308877E+001
      8690   2.17366825673889996800E+018   5.69059743883903976780E+001
      8691   2.17366817536809651200E+018   5.69059632925086589239E+001
      8692   2.17366829669180620800E+018   5.69059722262034242135E+001
      8693   2.17366796345733836800E+018   5.69059292978144526387E+001
      8694   2.17366764801937664000E+018   5.69059240975192821566E+001
      8695   2.17366837999308851200E+018   5.69059907861024143472E+001
      8696   2.17366967173734502400E+018   5.69061770255379784089E+001
      8697   2.17366942687506073600E+018   5.69061165368277741550E+001
      8698   2.17366882199678540800E+018   5.69060453628527724845E+001
      8699   2.17366929067438080000E+018   5.69060886467823863200E+001
      8700   2.17366936418190412800E+018   5.69060992451394511704E+001
      8701   2.17367123280883251200E+018   5.69062291131408812817E+001
      8702   2.17367466217887360000E+018   5.69065678888550792180E+001
      8703   2.17368636394319283200E+018   5.69073988835355848437E+001
      8704   2.17427561138660300800E+018   5.69326535613273279068E+001
      8705   2.17389188410581427200E+018   5.69190395675267737374E+001
      8706   2.17372464978066022400E+018   5.69097022606044262716E+001
      8707   2.17379409959346432000E+018   5.69141214006433244776E+001
      8708   2.17387324284484787200E+018   5.69170349684694301118E+001
      8709   2.17383256926093158400E+018   5.69155289902046206407E+001
      8710   2.17384798212698163200E+018   5.69154372490708126975E+001
      8711   2.17390200442725171200E+018   5.69185276828132273863E+001
      8712   2.17380173872226816000E+018   5.69135834988689950364E+001
      8713   2.17380707026505267200E+018   5.69141738075910765815E+001
      8714   2.17375028014001510400E+018   5.69110712270533340984E+001
      8715   2.17370411866020531200E+018   5.69085667385128672890E+001
      8716   2.17368351029902796800E+018   5.69071098091620442005E+001
      8717   2.17368530450578995200E+018   5.69073529969485250035E+001
      8718   2.17367463357170892800E+018   5.69065183381002839269E+001
      8719   2.17367207585199872000E+018   5.69063686826242971506E+001
      8720   2.17367124214317542400E+018   5.69062830065628588727E+001
      8721   2.17367090043796249600E+018   5.69062390992997180206E+001
      8722   2.17367077287532467200E+018   5.69062441925422959343E+001
      8723   2.17367082790035942400E+018   5.69062418763291404389E+001
      8724   2.17366905895470899200E+018   5.69060926232084014487E+001
      8725   2.17366914461642598400E+018   5.69061168947772202387E+001
      8726   2.17365835163094604800E+018   5.69056477897209802563E+001
      8727   2.17320918009310822400E+018   5.68878425771208853234E+001
      8728   2.17295813106787404800E+018   5.68878847251225678860E+001
      8729   2.17321856686814182400E+018   5.68897235110456662710E+001
      8730   2.17271103101598003200E+018   5.68720633702581892521E+001
      8731   2.17230093505228339200E+018   5.68552855199399118646E+001
      8732   2.17276012046807372800E+018   5.68720548004910213535E+001
      8733   2.17173363598555084800E+018   5.68452873437799226508E+001
      8734   2.17261557636905190400E+018   5.68665493300573317015E+001
      8735   2.17320450418850739200E+018   5.68849885914338244675E+001
      8736   2.17308272721937331200E+018   5.68839296903332467537E+001
      8737   2.17354258870420428800E+018   5.69019780798243672848E+001
      8738   2.17357648662230246400E+018   5.69031459633977192425E+001
      8739   2.17356413152940748800E+018   5.69027320184180567253E+001
      8740   2.17360654721996620800E+018   5.69043869652544742621E+001
      8741   2.17363797795344742400E+018   5.69052220991767683245E+001
      8742   2.17365086967914137600E+018   5.69055600494760938091E+001
      8743   2.17366214386338508800E+018   5.69057831599088430607E+001
      8744   2.17366402649471539200E+018   5.69059459014659339005E+001
      8745   2.17366780251331865600E+018   5.69059926354589791231E+001
      8746   2.17366844108110131200E+018   5.69060097167282137320E+001
      8747   2.17366855696804940800E+018   5.69060167512069767781E+001
      8748   2.17366874347845222400E+018   5.69060396992415817863E+001
      8749   2.17366854131738598400E+018   5.69060153305741778240E+001
      8750   2.17366846820512256000E+018   5.69060061798337315508E+001
      8751   2.17366865536784716800E+018   5.69060291526060595402E+001
      8752   2.17366815715150336000E+018   5.69059852182766903184E+001
      8753   2.17366817288727884800E+018   5.69059844554078608780E+001
      8754   2.17366800636111820800E+018   5.69059676264079357111E+001
      8755   2.17366820291582515200E+018   5.69059907894910210757E+001
      8756   2.17366844836010419200E+018   5.69059999588390041936E+001
      8757   2.17365803292847206400E+018   5.69059208517351251544E+001
      8758   2.17343124444196121600E+018   5.68994089429700977689E+001
      8759   2.17098461329227955200E+018   5.67981477799566008002E+001
      8760   2.16989046108422630400E+018   5.67621831354006189940E+001
      8761   2.17018465966325171200E+018   5.67806801370839124843E+001
      8762   2.16707240304871756800E+018   5.67239305661838741912E+001
      8763   2.16900323371873766400E+018   5.67185977760735511310E+001
      8764   2.17071771932112537600E+018   5.68198923735493011122E+001
      8765   2.17341579877965568000E+018   5.68997189530451237260E+001
      8766   2.17354526583316121600E+018   5.69030732360210791398E+001
      8767   2.17366154577113267200E+018   5.69059877976546317768E+001
      8768   2.17366845017437593600E+018   5.69060188070437149577E+001
      8769   2.17366866016550732800E+018   5.69060027782046589095E+001
      8770   2.17366820837110348800E+018   5.69059874727994383647E+001
      8771   2.17366849491083852800E+018   5.69060092755633277761E+001
      8772   2.17366838064855552000E+018   5.69059999249986177006E+001
      8773   2.17366803207667916800E+018   5.69059658077899257478E+001
      8774   2.17366842668893337600E+018   5.69059981350436956404E+001
      8775   2.17366822679995852800E+018   5.69059829818470817031E+001
      8776   2.17366837559454617600E+018   5.69059942709186046272E+001
      8777   2.17366869026659712000E+018   5.69060214097150378620E+001
      8778   2.17366909053653888000E+018   5.69060632681392135623E+001
      8779   2.17367145292768870400E+018   5.69062854625622307481E+001
      8780   2.17367229944798489600E+018   5.69063723521682334194E+001
      8781   2.17367439372845337600E+018   5.69065024003390007579E+001
      8782   2.17369163655419238400E+018   5.69076599482235394589E+001
      8783   2.17369609381751193600E+018   5.69077971653582252998E+001
      8784   2.17371667317211084800E+018   5.69087771615190618490E+001
      8785   2.17384173168035686400E+018   5.69176439164885934474E+001
      8786   2.17367697168009472000E+018   5.69063990032040365463E+001
      8787   2.17366852572221004800E+018   5.69060124562367022349E+001
      8788   2.17366846577666201600E+018   5.69060026589061251912E+001
      8789   2.17366848475075942400E+018   5.69060046746051284572E+001
      8790   2.17366856851856409600E+018   5.69060121148507036537E+001
      8791   2.17366844903996979200E+018   5.69060003591952536794E+001
      8792   2.17366846547991296000E+018   5.69060023269261421319E+001
      8793   2.17366840414292224000E+018   5.69059992904394675861E+001
      8794   2.17366840276391296000E+018   5.69060007633749833644E+001
      8795   2.17366847682926054400E+018   5.69060011453314587015E+001
      8796   2.17366860467814758400E+018   5.69060198750277095314E+001
      8797   2.17366912015133235200E+018   5.69060752021146285529E+001
      8798   2.17367038323016934400E+018   5.69062433014104556150E+001
      8799   2.17367197640580556800E+018   5.69062235197465398073E+001
      8800   2.17367485639146956800E+018   5.69065956636793188750E+001
      8801   2.17367971738997068800E+018   5.69070247421682111622E+001
      8802   2.17373604828252723200E+018   5.69103007511627865256E+001
      8803   2.17389234019779891200E+018   5.69179659248503284630E+001
      8804   2.17402251240837196800E+018   5.69217947641558836835E+001
      8805   2.17414034493197363200E+018   5.69258474893659141003E+001
      8806   2.17414095741681356800E+018   5.69256620771043415630E+001
      8807   2.17457786146274508800E+018   5.69371118135532654492E+001
      8808   2.17599417270864947200E+018   5.69758750117749173114E+001
      8809   2.17752790639335705600E+018   5.70307675479186855227E+001
      8810   2.17717017085963801600E+018   5.70621898003566414559E+001
      8811   2.17628764550676096000E+018   5.70011948820399325655E+001
      8812   2.17606915659785216000E+018   5.69778439718253864044E+001
      8813   2.17444189898051788800E+018   5.69354917994579068363E+001
      8814   2.17415387557195724800E+018   5.69269268422331506940E+001
      8815   2.17370410380727628800E+018   5.69075691866874464608E+001
      8816   2.17366886309122560000E+018   5.69060366465241074252E+001
      8817   2.17366844654695500800E+018   5.69059995077630915716E+001
      8818   2.17366844992368793600E+018   5.69060001128696271167E+001
      8819   2.17366844992368793600E+018   5.69060001128696271167E+001
      8820   2.17366844992368793600E+018   5.69060001128696271167E+001
      8821   2.17366844992368793600E+018   5.69060001128696271167E+001
      8822   2.17366844992368793600E+018   5.69060001128696271167E+001
      8823   2.17366844992368793600E+018   5.69060001128696271167E+001
      8824   2.17366844992368793600E+018   5.69060001128696271167E+001
      8825   2.17366844992368793600E+018   5.69060001128696271167E+001
      8826   2.17366971893085926400E+018   5.69061171911269028101E+001
      8827   2.17367129751698022400E+018   5.69061777191998245939E+001
      8828   2.17367360291990784000E+018   5.69062311190921334969E+001
      8829   2.17368684611223116800E+018   5.69069618710583782217E+001
      8830   2.17371899835272652800E+018   5.69080062435271329946E+001
      8831   2.17371760734911667200E+018   5.69079261300607868179E+001
      8832   2.17372936303387059200E+018   5.69088526309576039353E+001
      8833   2.17376246230275840000E+018   5.69099836651241801633E+001
      8834   2.17378197276125619200E+018   5.69102634131576579080E+001
      8835   2.17395434481420697600E+018   5.69196634821477971400E+001
      8836   2.17461263888888832000E+018   5.69322891246844235980E+001
      8837   2.17494228440444953600E+018   5.69756203104042739938E+001
      8838   2.17778149752851148800E+018   5.70633600370719378247E+001
      8839   2.17515716310334054400E+018   5.69586236867075683676E+001
      8840   2.17466052987758131200E+018   5.69427367655917677780E+001
      8841   2.17483167901681459200E+018   5.69445203016466692247E+001
      8842   2.17432935687402700800E+018   5.69319033273028125564E+001
      8843   2.17434005004608588800E+018   5.69326219965911661802E+001
      8844   2.17449963802109977600E+018   5.69361137605597136258E+001
      8845   2.17391384304366924800E+018   5.69136034453759407370E+001
      8846   2.17369489016612326400E+018   5.69070695865126552349E+001
      8847   2.17367287368173824000E+018   5.69060864745263828013E+001
      8848   2.17366844992368793600E+018   5.69060001128696271167E+001
      8849   2.17366844992368793600E+018   5.69060001128696271167E+001
      8850   2.17366844992368793600E+018   5.69060001128696271167E+001
      8851   2.17366844992368793600E+018   5.69060001128696271167E+001
      8852   2.17366844992368793600E+018   5.69060001128696271167E+001
      8853   2.17366844992368793600E+018   5.69060001128696271167E+001
      8854   2.17366844992368793600E+018   5.69060001128696271167E+001
      8855   2.17366844992368793600E+018   5.69060001128696271167E+001
      8856   2.17366844992368793600E+018   5.69060001128696271167E+001
      8857   2.17366844992368793600E+018   5.69060001128696271167E+001
      8858   2.17366844992368793600E+018   5.69060001128696271167E+001
      8859   2.17366844992368793600E+018   5.69060001128696271167E+001
      8860   2.17366883253659852800E+018   5.69059914001991486998E+001
      8861   2.17366868985660851200E+018   5.69059958723566978733E+001
      8862   2.17366089435559782400E+018   5.69059415817108273927E+001
      8863   2.17366548131473996800E+018   5.69059317951517869005E+001
      8864   2.17366613407091302400E+018   5.69059945261037967157E+001
      8865   2.17366767525608320000E+018   5.69060067700968730264E+001
      8866   2.17366844992368793600E+018   5.69060001128696271167E+001
      8867   2.17366844992368793600E+018   5.69060001128696271167E+001
      8868   2.17366844992368793600E+018   5.69060001128696271167E+001
      8869   2.17366844992368793600E+018   5.69060001128696271167E+001
      8870   2.17366844992368793600E+018   5.69060001128696271167E+001
      8871   2.17366844992368793600E+018   5.69060001128696271167E+001
      8872   2.17366844992368793600E+018   5.69060001128696271167E+001
      8873   2.17366844992368793600E+018   5.69060001128696271167E+001
      8874   2.17366844992368793600E+018   5.69060001128696271167E+001
      8875   2.17366844992368793600E+018   5.69060001128696271167E+001
      8876   2.17366844992368793600E+018   5.69060001128696271167E+001
      8877   2.17366844992368793600E+018   5.69060001128696271167E+001
      8878   2.17366844992368793600E+018   5.69060001128696271167E+001
      8879   2.17366844992368793600E+018   5.69060001128696271167E+001
      8880   2.17366844992368793600E+018   5.69060001128696271167E+001
      8881   2.17366844992368793600E+018   5.69060001128696271167E+001
      8882   2.17366844992368793600E+018   5.69060001128696271167E+001
      8883   2.17366844992368793600E+018   5.69060001128696271167E+001
      8884   2.17366844992368793600E+018   5.69060001128696271167E+001
      8885   2.17366844992368793600E+018   5.69060001128696271167E+001
      8886   2.17366844992368793600E+018   5.69060001128696271167E+001
      8887   2.17366844992368793600E+018   5.69060001128696271167E+001
      8888   2.17366844992368793600E+018   5.69060001128696271167E+001
      8889   2.17366844992368793600E+018   5.69060001128696271167E+001
      8890   2.17366844992368793600E+018   5.69060001128696271167E+001
      8891   2.17366844992368793600E+018   5.69060001128696271167E+001
      8892   2.17366844992368793600E+018   5.69060001128696271167E+001
      8893   2.17366844992368793600E+018   5.69060001128696271167E+001
      8894   2.17366844992368793600E+018   5.69060001128696271167E+001
      8895   2.17366844992368793600E+018   5.69060001128696271167E+001
      8896   2.17366844992368793600E+018   5.69060001128696271167E+001
      8897   2.17366844992368793600E+018   5.69060001128696271167E+001
      8898   2.17366844992368793600E+018   5.69060001128696271167E+001
      8899   2.25038450599954278400E+018   6.64855283449806933049E+001
      8900   2.15573105125252403200E+018   6.61277680186454546174E+001
      8901   2.23364293029830092800E+018   6.60503246141083764087E+001
      8902   2.26600411479908864000E+018   6.69553724899885054356E+001
      8903   2.29147310581281382400E+018   6.74443598221691473782E+001
      8904   2.17672386668688768000E+018   6.56683159359890993301E+001
      8905   1.91251946259931033600E+018   6.19575290393459212623E+001
      8906   2.12872074239195468800E+018   6.35066666680270728307E+001
      8907   2.05688070708830592000E+018   6.05376858715438288527E+001
      8908   2.21648506499195238400E+018   6.54299239533908831845E+001
      8909   2.06769917579540249600E+018   6.28447712243299179136E+001
      8910   2.19602057193736524800E+018   6.43965811799983356423E+001
      8911   2.23431675430022067200E+018   6.55937540948556403464E+001
      8912   2.10389264464222310400E+018   6.31279031928324414480E+001
      8913   2.18877298417529676800E+018   6.42536099343773230430E+001
      8914   2.26750576819111449600E+018   6.58716483354808275408E+001
      8915   2.23975367410874470400E+018   6.56531111442086654506E+001
      8916   1.58418138265682457600E+018   5.31164526828721079710E+001
      8917   1.68298784651098649600E+018   5.60750809407971004816E+001
      8918   1.89904833620545100800E+018   5.72038482651737680840E+001
      8919   2.01869490853853952000E+018   6.05808633321372909109E+001
      8920   2.10179378900973900800E+018   6.20576475562305631684E+001
      8921   2.13170864991172787200E+018   6.39161386692640860474E+001
      8922   2.22497053599739033600E+018   6.46761810306503122092E+001
      8923   1.63771847541508352000E+018   5.11314929088180747385E+001
      8924   2.09486024994048716800E+018   6.22315823897326367842E+001
      8925   2.16809006091976755200E+018   6.34583100037870053711E+001
      8926   2.18407408679425100800E+018   6.37983952156013742751E+001
      8927   2.16004705496463462400E+018   6.27130059081387685183E+001
      8928   2.22206461912047923200E+018   6.38082318178866003677E+001
      8929   2.08253641001426662400E+018   6.09927627584419838058E+001
      8930   2.16250096386479155200E+018   6.26902986029003201907E+001
      8931   2.11168765667138329600E+018   6.24427517306059840507E+001
      8932   2.20400185463358259200E+018   6.36065367078313101956E+001
      8933   2.18095592538756428800E+018   6.21959213044220859956E+001
      8934   2.23309384817457126400E+018   6.37440980438911921624E+001
      8935   2.19383188997966310400E+018   6.25272254622551528769E+001
      8936   2.25765561616197683200E+018   6.39910346086657000342E+001
      8937   1.97950720187399680000E+018   5.90824527915246093812E+001
      8938   1.94116716143296972800E+018   5.85057571912098026701E+001
      8939   1.96098914221552025600E+018   5.79904696803959254225E+001
      8940   1.98246002027084595200E+018   5.79765674060744444773E+001
      8941   2.16676520179436646400E+018   6.19068977438006058378E+001
      8942   2.07315748252995609600E+018   6.04152720652860182327E+001
      8943   2.07511609365123558400E+018   6.09339397939346198996E+001
      8944   2.20798940444332928000E+018   6.26376532191002652894E+001
      8945   2.11936592490144000000E+018   6.07382153337201131649E+001
      8946   2.14286413770976051200E+018   6.11050105448630347382E+001
      8947   2.19360949606556492800E+018   6.21424483832497216440E+001
      8948   2.14642775074343526400E+018   6.12349472284758959972E+001
      8949   2.24997921248075750400E+018   6.27283611939099543520E+001
      8950   1.93787461637151692800E+018   5.73160433386698926483E+001
      8951   1.93197921538582425600E+018   5.61272370745716671081E+001
      8952   1.84546391061899878400E+018   5.46346987556374017458E+001
      8953   1.82403701161473715200E+018   5.33305938171812670134E+001
      8954   2.08420487210914688000E+018   5.94481572586982238704E+001
      8955   1.96386037462046156800E+018   5.71161797434869811241E+001
      8956   1.98220774918576972800E+018   5.76542959194709041526E+001
      8957   2.15627239378631782400E+018   6.09657825612605748233E+001
      8958   2.13893832272019456000E+018   6.09955932565839020754E+001
      8959   2.13149142776348185600E+018   6.00291681098788032500E+001
      8960   2.21712137757976192000E+018   6.13904609470332260912E+001
      8961   1.83526295423664947200E+018   5.31313977020184822209E+001
      8962   2.06257732947236198400E+018   5.80549736170893524445E+001
      8963   2.11662900726911411200E+018   5.96396715394389289600E+001
      8964   2.17372733844457779200E+018   5.99355519437166606167E+001
      8965   1.91553328032174771200E+018   5.43637179262095742160E+001
      8966   2.11088817117505766400E+018   5.85856169502598049803E+001
      8967   2.15059358179746355200E+018   5.92498682108445038352E+001
      8968   2.17044064000628454400E+018   5.92294980175791465626E+001
      8969   1.93910254105040819200E+018   5.43644341311684016205E+001
      8970   1.98511915230138752000E+018   5.45887484330503411911E+001
      8971   1.93538254818623078400E+018   5.44416535601447080239E+001
      8972   2.13230554479238272000E+018   5.83532511417660444408E+001
      8973   2.06725029263634483200E+018   5.64466517804628082899E+001
      8974   2.06776702667208601600E+018   5.70113595877186014604E+001
      8975   2.16054661546590822400E+018   5.84502260101538979598E+001
      8976   2.07973291519869337600E+018   5.70943505894512739474E+001
      8977   2.17521041194161715200E+018   5.89551637255966554108E+001
      8978   1.92486812937123558400E+018   5.46867123546177751336E+001
      8979   1.91956209684039833600E+018   5.36427754711596165293E+001
      8980   1.88933428936641715200E+018   5.25070473496964140736E+001
      8981   2.08673629643050572800E+018   5.70238083372142554595E+001
      8982   2.05877278794866918400E+018   5.60420447001446646595E+001
      8983   2.02828575782162432000E+018   5.52005753873739593018E+001
      8984   2.04618431257552204800E+018   5.50994582953184774965E+001
      8985   2.13918647059314713600E+018   5.72876161961695018476E+001
      8986   2.10075339212106547200E+018   5.63543328229395754647E+001
      8987   2.15258800296810291200E+018   5.77844708888274851688E+001
      8988   1.83016011833146393600E+018   5.11743428043816592776E+001
      8989   1.80733046453531929600E+018   5.06181737524041253096E+001
      8990   1.92080777490317004800E+018   5.30296800742421510222E+001
      8991   2.08228627662589568000E+018   5.59437227035693709354E+001
      8992   1.96956419704101606400E+018   5.43197268390151180029E+001
      8993   2.02125453706850560000E+018   5.46456732799427911118E+001
      8994   2.11506098537193395200E+018   5.66726884258886016710E+001
      8995   2.06559690132429900800E+018   5.49899074196236483658E+001
      8996   2.07758898370704358400E+018   5.57573701286568734758E+001
      8997   2.15136024467567718400E+018   5.69685692950066950857E+001
      8998   1.76948828108299699200E+018   4.96917720113828451645E+001
      8999   1.78271888399211904000E+018   5.00071904126913366895E+001
      9000   1.79746804141488588800E+018   5.02359853140005228056E+001
      9001   2.03161902402334208000E+018   5.44986141262605414681E+001
      9002   2.09162352000430464000E+018   5.55428946579831190888E+001
      9003   2.17365981376294169600E+018   5.69049855986082491199E+001
      9004   2.17366844952508339200E+018   5.69060000415413114183E+001
      9005   2.17366844992368793600E+018   5.69060001128696271167E+001
      9006   2.17366844992368793600E+018   5.69060001128696271167E+001
      9007   2.17366844992368793600E+018   5.69060001128696271167E+001
      9008   2.17366844992368793600E+018   5.69060001128696271167E+001
      9009   2.17366844992368793600E+018   5.69060001128696271167E+001
      9010   2.17366844992368793600E+018   5.69060001128696271167E+001
      9011   2.17366844992368793600E+018   5.69060001128696271167E+001
      9012   2.17366844992368793600E+018   5.69060001128696271167E+001
      9013   2.17366844992368793600E+018   5.69060001128696271167E+001
      9014   2.17366844992368793600E+018   5.69060001128696271167E+001
      9015   2.17366844992368793600E+018   5.69060001128696271167E+001
      9016   2.17366844992368793600E+018   5.69060001128696271167E+001
      9017   2.17366844992368793600E+018   5.69060001128696271167E+001
      9018   2.17366844992368793600E+018   5.69060001128696271167E+001
      9019   2.17366844992368793600E+018   5.69060001128696271167E+001
      9020   2.17366844992368793600E+018   5.69060001128696271167E+001
      9021   2.17366844992368793600E+018   5.69060001128696271167E+001
      9022   2.17366844992368793600E+018   5.69060001128696271167E+001
      9023   2.17366844992368793600E+018   5.69060001128696271167E+001
      9024   2.17366844992368793600E+018   5.69060001128696271167E+001
      9025   2.17366844992368793600E+018   5.69060001128696271167E+001
      9026   2.17366844992368793600E+018   5.69060001128696271167E+001
      9027   2.17366844992368793600E+018   5.69060001128696271167E+001
      9028   2.17366844992368793600E+018   5.69060001128696271167E+001
      9029   2.17366844992368793600E+018   5.69060001128696271167E+001
      9030   2.17366844992368793600E+018   5.69060001128696271167E+001
      9031   2.17366844992368793600E+018   5.69060001128696271167E+001
      9032   2.17366844992368793600E+018   5.69060001128696271167E+001
      9033   2.17366844992368793600E+018   5.69060001128696271167E+001
      9034   2.17366844992368793600E+018   5.69060001128696271167E+001
      9035   2.17366844992368793600E+018   5.69060001128696271167E+001
      9036   2.17366844992368793600E+018   5.69060001128696271167E+001
      9037   2.17366844992368793600E+018   5.69060001128696271167E+001
      9038   2.17366844992368793600E+018   5.69060001128696271167E+001
      9039   2.17366844992368793600E+018   5.69060001128696271167E+001
      9040   2.17366844992368793600E+018   5.69060001128696271167E+001
      9041   2.17366844992368793600E+018   5.69060001128696271167E+001
      9042   2.17366844992368793600E+018   5.69060001128696271167E+001
      9043   2.17366844992368793600E+018   5.69060001128696271167E+001
      9044   2.17366844992368793600E+018   5.69060001128696271167E+001
      9045   2.17366844992368793600E+018   5.69060001128696271167E+001
      9046   2.17366844992368793600E+018   5.69060001128696271167E+001
      9047   2.17366844992368793600E+018   5.69060001128696271167E+001
      9048   2.17366844992368793600E+018   5.69060001128696271167E+001
      9049   2.17366844992368793600E+018   5.69060001128696271167E+001
      9050   2.17366844992368793600E+018   5.69060001128696271167E+001
      9051   2.17366844992368793600E+018   5.69060001128696271167E+001
      9052   2.17366844992368793600E+018   5.69060001128696271167E+001
      9053   2.17366844992368793600E+018   5.69060001128696271167E+001
      9054   2.17366844992368793600E+018   5.69060001128696271167E+001
      9055   2.17366844992368793600E+018   5.69060001128696271167E+001
      9056   2.17366844992368793600E+018   5.69060001128696271167E+001
      9057   2.17366844992368793600E+018   5.69060001128696271167E+001
      9058   2.17366844992368793600E+018   5.69060001128696271167E+001
      9059   2.17366844992368793600E+018   5.69060001128696271167E+001
      9060   2.17366844992368793600E+018   5.69060001128696271167E+001
      9061   2.17366844992368793600E+018   5.69060001128696271167E+001
      9062   2.17366844992368793600E+018   5.69060001128696271167E+001
      9063   2.17366844992368793600E+018   5.69060001128696271167E+001
      9064   2.17366844992368793600E+018   5.69060001128696271167E+001
      9065   2.17366844992368793600E+018   5.69060001128696271167E+001
      9066   2.17366844992368793600E+018   5.69060001128696271167E+001
      9067   2.17366844992368793600E+018   5.69060001128696271167E+001
      9068   2.17366844992368793600E+018   5.69060001128696271167E+001
      9069   2.17366844992368793600E+018   5.69060001128696271167E+001
      9070   2.17366844992368793600E+018   5.69060001128696271167E+001
      9071   2.17366844992368793600E+018   5.69060001128696271167E+001
      9072   2.17366844992368793600E+018   5.69060001128696271167E+001
      9073   2.17366844992368793600E+018   5.69060001128696271167E+001
      9074   2.17366844992368793600E+018   5.69060001128696271167E+001
      9075   2.17366844992368793600E+018   5.69060001128696271167E+001
      9076   2.17366844992368793600E+018   5.69060001128696271167E+001
      9077   2.17366844992368793600E+018   5.69060001128696271167E+001
      9078   2.17366844992368793600E+018   5.69060001128696271167E+001
      9079   2.17366844992368793600E+018   5.69060001128696271167E+001
      9080   2.17366844992368793600E+018   5.69060001128696271167E+001
      9081   2.17366844992368793600E+018   5.69060001128696271167E+001
      9082   2.17366844992368793600E+018   5.69060001128696271167E+001
      9083   2.17366844992368793600E+018   5.69060001128696271167E+001
      9084   2.17366844992368793600E+018   5.69060001128696271167E+001
      9085   2.17366844992368793600E+018   5.69060001128696271167E+001
      9086   2.17366844992368793600E+018   5.69060001128696271167E+001
      9087   2.17366844992368793600E+018   5.69060001128696271167E+001
      9088   2.17366844992368793600E+018   5.69060001128696271167E+001
      9089   2.17366844992368793600E+018   5.69060001128696271167E+001
      9090   2.17366844992368793600E+018   5.69060001128696271167E+001
      9091   2.17366844992368793600E+018   5.69060001128696271167E+001
      9092   2.17366844992368793600E+018   5.69060001128696271167E+001
      9093   2.17366844992368793600E+018   5.69060001128696271167E+001
      9094   2.17366844992368793600E+018   5.69060001128696271167E+001
      9095   2.17366844992368793600E+018   5.69060001128696271167E+001
      9096   2.17366844992368793600E+018   5.69060001128696271167E+001
      9097   2.17366844992368793600E+018   5.69060001128696271167E+001
      9098   2.17366844992368793600E+018   5.69060001128696271167E+001
      9099   2.17366844992368793600E+018   5.69060001128696271167E+001
      9100   2.17366844992368793600E+018   5.69060001128696271167E+001
      9101   2.17366844992368793600E+018   5.69060001128696271167E+001
      9102   2.17366844992368793600E+018   5.69060001128696271167E+001
      9103   2.17366844992368793600E+018   5.69060001128696271167E+001
      9104   2.17366844992368793600E+018   5.69060001128696271167E+001
      9105   2.17366844992368793600E+018   5.69060001128696271167E+001
      9106   2.17366844992368793600E+018   5.69060001128696271167E+001
      9107   2.17366844992368793600E+018   5.69060001128696271167E+001
      9108   2.17366844992368793600E+018   5.69060001128696271167E+001
      9109   2.17366844992368793600E+018   5.69060001128696271167E+001
      9110   2.17366844992368793600E+018   5.69060001128696271167E+001
      9111   2.17366844992368793600E+018   5.69060001128696271167E+001
      9112   2.17366844992368793600E+018   5.69060001128696271167E+001
      9113   2.17366844992368793600E+018   5.69060001128696271167E+001
      9114   2.17366844992368793600E+018   5.69060001128696271167E+001
      9115   2.17366844992368793600E+018   5.69060001128696271167E+001
      9116   2.17366844992368793600E+018   5.69060001128696271167E+001
      9117   2.17366844992368793600E+018   5.69060001128696271167E+001
      9118   2.17366844992368793600E+018   5.69060001128696271167E+001
      9119   2.17366844992368793600E+018   5.69060001128696271167E+001
      9120   2.17366844992368793600E+018   5.69060001128696271167E+001
      9121   2.17366844992368793600E+018   5.69060001128696271167E+001
      9122   2.17366844992368793600E+018   5.69060001128696271167E+001
      9123   2.17366844992368793600E+018   5.69060001128696271167E+001
      9124   2.17366844992368793600E+018   5.69060001128696271167E+001
      9125   2.17366844992368793600E+018   5.69060001128696271167E+001
      9126   2.17366844992368793600E+018   5.69060001128696271167E+001
      9127   2.17366844992368793600E+018   5.69060001128696271167E+001
      9128   2.17366844992368793600E+018   5.69060001128696271167E+001
      9129   2.17366844992368793600E+018   5.69060001128696271167E+001
      9130   2.17366844992368793600E+018   5.69060001128696271167E+001
      9131   2.17366844992368793600E+018   5.69060001128696271167E+001
      9132   2.17366844992368793600E+018   5.69060001128696271167E+001
      9133   2.17366844992368793600E+018   5.69060001128696271167E+001
      9134   2.17366844992368793600E+018   5.69060001128696271167E+001
      9135   2.17366844992368793600E+018   5.69060001128696271167E+001
      9136   2.17366844992368793600E+018   5.69060001128696271167E+001
      9137   2.17366844992368793600E+018   5.69060001128696271167E+001
      9138   2.17366844992368793600E+018   5.69060001128696271167E+001
      9139   2.17366844992368793600E+018   5.69060001128696271167E+001
      9140   2.17366844992368793600E+018   5.69060001128696271167E+001
      9141   2.17366844992368793600E+018   5.69060001128696271167E+001
      9142   2.17366844992368793600E+018   5.69060001128696271167E+001
      9143   2.17366844992368793600E+018   5.69060001128696271167E+001
      9144   2.17366844992368793600E+018   5.69060001128696271167E+001
      9145   2.17366844992368793600E+018   5.69060001128696271167E+001
      9146   2.17366844992368793600E+018   5.69060001128696271167E+001
      9147   2.17366844992368793600E+018   5.69060001128696271167E+001
      9148   2.17366844992368793600E+018   5.69060001128696271167E+001
      9149   2.17366844992368793600E+018   5.69060001128696271167E+001
      9150   2.17366844992368793600E+018   5.69060001128696271167E+001
      9151   2.17366844992368793600E+018   5.69060001128696271167E+001
      9152   2.17366844992368793600E+018   5.69060001128696271167E+001
      9153   2.17366844992368793600E+018   5.69060001128696271167E+001
      9154   2.17366844992368793600E+018   5.69060001128696271167E+001
      9155   2.17366844992368793600E+018   5.69060001128696271167E+001
      9156   2.17366844992368793600E+018   5.69060001128696271167E+001
      9157   2.17366844992368793600E+018   5.69060001128696271167E+001
      9158   2.17366844992368793600E+018   5.69060001128696271167E+001
      9159   2.17366844992368793600E+018   5.69060001128696271167E+001
      9160   2.17366844992368793600E+018   5.69060001128696271167E+001
      9161   2.17366844992368793600E+018   5.69060001128696271167E+001
      9162   2.17366844992368793600E+018   5.69060001128696271167E+001
      9163   2.17366844992368793600E+018   5.69060001128696271167E+001
      9164   2.17366844992368793600E+018   5.69060001128696271167E+001
      9165   2.17366844992368793600E+018   5.69060001128696271167E+001
      9166   2.17366844992368793600E+018   5.69060001128696271167E+001
      9167   2.17366844992368793600E+018   5.69060001128696271167E+001
      9168   2.17366844992368793600E+018   5.69060001128696271167E+001
      9169   2.17366844992368793600E+018   5.69060001128696271167E+001
      9170   2.17366844992368793600E+018   5.69060001128696271167E+001
      9171   2.17366844992368793600E+018   5.69060001128696271167E+001
      9172   2.17366844992368793600E+018   5.69060001128696271167E+001
      9173   2.17366844992368793600E+018   5.69060001128696271167E+001
      9174   2.17366844992368793600E+018   5.69060001128696271167E+001
      9175   2.17366844992368793600E+018   5.69060001128696271167E+001
      9176   2.17366844992368793600E+018   5.69060001128696271167E+001
      9177   2.17366844992368793600E+018   5.69060001128696271167E+001
      9178   2.17366844992368793600E+018   5.69060001128696271167E+001
      9179   2.17366844992368793600E+018   5.69060001128696271167E+001
      9180   2.17366844992368793600E+018   5.69060001128696271167E+001
      9181   2.17366844992368793600E+018   5.69060001128696271167E+001
      9182   2.17366844992368793600E+018   5.69060001128696271167E+001
      9183   2.17366844992368793600E+018   5.69060001128696271167E+001
      9184   2.17366844992368793600E+018   5.69060001128696271167E+001
      9185   2.17366844992368793600E+018   5.69060001128696271167E+001
      9186   2.17366844992368793600E+018   5.69060001128696271167E+001
      9187   2.17366844992368793600E+018   5.69060001128696271167E+001
      9188   2.17366844992368793600E+018   5.69060001128696271167E+001
      9189   2.17366844992368793600E+018   5.69060001128696271167E+001
      9190   2.17366844992368793600E+018   5.69060001128696271167E+001
      9191   2.17366844992368793600E+018   5.69060001128696271167E+001
      9192   2.17366844992368793600E+018   5.69060001128696271167E+001
      9193   2.17366844992368793600E+018   5.69060001128696271167E+001
      9194   2.17366844992368793600E+018   5.69060001128696271167E+001
      9195   2.17366844992368793600E+018   5.69060001128696271167E+001
      9196   2.17366844992368793600E+018   5.69060001128696271167E+001
      9197   2.17366844992368793600E+018   5.69060001128696271167E+001
      9198   2.17366844992368793600E+018   5.69060001128696271167E+001
      9199   2.17366844992368793600E+018   5.69060001128696271167E+001
      9200   2.17366844992368793600E+018   5.69060001128696271167E+001
      9201   2.17366844992368793600E+018   5.69060001128696271167E+001
      9202   2.17366844992368793600E+018   5.69060001128696271167E+001
      9203   2.17366844992368793600E+018   5.69060001128696271167E+001
      9204   2.17366844992368793600E+018   5.69060001128696271167E+001
      9205   2.17366844992368793600E+018   5.69060001128696271167E+001
      9206   2.17366844992368793600E+018   5.69060001128696271167E+001
      9207   2.17366844992368793600E+018   5.69060001128696271167E+001
      9208   2.17366844992368793600E+018   5.69060001128696271167E+001
      9209   2.17366844992368793600E+018   5.69060001128696271167E+001
      9210   2.17366844992368793600E+018   5.69060001128696271167E+001
      9211   2.17366844992368793600E+018   5.69060001128696271167E+001
      9212   2.17366844992368793600E+018   5.69060001128696271167E+001
      9213   2.17366844992368793600E+018   5.69060001128696271167E+001
      9214   2.17366844992368793600E+018   5.69060001128696271167E+001
      9215   2.17366844992368793600E+018   5.69060001128696271167E+001
      9216   2.17366844992368793600E+018   5.69060001128696271167E+001
      9217   2.17366844992368793600E+018   5.69060001128696271167E+001
      9218   2.17366844992368793600E+018   5.69060001128696271167E+001
      9219   2.17366844992368793600E+018   5.69060001128696271167E+001
      9220   2.17366844992368793600E+018   5.69060001128696271167E+001
      9221   2.17366844992368793600E+018   5.69060001128696271167E+001
      9222   2.17366844992368793600E+018   5.69060001128696271167E+001
      9223   2.17366844992368793600E+018   5.69060001128696271167E+001
      9224   2.17366844992368793600E+018   5.69060001128696271167E+001
      9225   2.17366844992368793600E+018   5.69060001128696271167E+001
      9226   2.17366844992368793600E+018   5.69060001128696271167E+001
      9227   2.17366844992368793600E+018   5.69060001128696271167E+001
      9228   2.17366844992368793600E+018   5.69060001128696271167E+001
      9229   2.17366844992368793600E+018   5.69060001128696271167E+001
      9230   2.17366844992368793600E+018   5.69060001128696271167E+001
      9231   2.17366844992368793600E+018   5.69060001128696271167E+001
      9232   2.17366844992368793600E+018   5.69060001128696271167E+001
      9233   2.17366844992368793600E+018   5.69060001128696271167E+001
      9234   2.17366844992368793600E+018   5.69060001128696271167E+001
      9235   2.17366844992368793600E+018   5.69060001128696271167E+001
      9236   2.17366844992368793600E+018   5.69060001128696271167E+001
      9237   2.17366844992368793600E+018   5.69060001128696271167E+001
      9238   2.17366844992368793600E+018   5.69060001128696271167E+001
      9239   2.17366844992368793600E+018   5.69060001128696271167E+001
      9240   2.17366844992368793600E+018   5.69060001128696271167E+001
      9241   2.17366844992368793600E+018   5.69060001128696271167E+001
      9242   2.17366844992368793600E+018   5.69060001128696271167E+001
      9243   2.17366844992368793600E+018   5.69060001128696271167E+001
      9244   2.17366844992368793600E+018   5.69060001128696271167E+001
      9245   2.17366844992368793600E+018   5.69060001128696271167E+001
      9246   2.17366844992368793600E+018   5.69060001128696271167E+001
      9247   2.17366844992368793600E+018   5.69060001128696271167E+001
      9248   2.17366844992368793600E+018   5.69060001128696271167E+001
      9249   2.17366844992368793600E+018   5.69060001128696271167E+001
      9250   2.17366844992368793600E+018   5.69060001128696271167E+001
      9251   2.17366844992368793600E+018   5.69060001128696271167E+001
      9252   2.17366844992368793600E+018   5.69060001128696271167E+001
      9253   2.17366844992368793600E+018   5.69060001128696271167E+001
      9254   2.17366844992368793600E+018   5.69060001128696271167E+001
      9255   2.17366844992368793600E+018   5.69060001128696271167E+001
      9256   2.17366844992368793600E+018   5.69060001128696271167E+001
      9257   2.17366844992368793600E+018   5.69060001128696271167E+001
      9258   2.17366844992368793600E+018   5.69060001128696271167E+001
      9259   2.17366844992368793600E+018   5.69060001128696271167E+001
      9260   2.17366844992368793600E+018   5.69060001128696271167E+001
      9261   2.17366844992368793600E+018   5.69060001128696271167E+001
      9262   2.17366844992368793600E+018   5.69060001128696271167E+001
      9263   2.17366844992368793600E+018   5.69060001128696271167E+001
      9264   2.17366844992368793600E+018   5.69060001128696271167E+001
      9265   2.17366844992368793600E+018   5.69060001128696271167E+001
      9266   2.17366844992368793600E+018   5.69060001128696271167E+001
      9267   2.17366844992368793600E+018   5.69060001128696271167E+001
      9268   2.17366844992368793600E+018   5.69060001128696271167E+001
      9269   2.17366844992368793600E+018   5.69060001128696271167E+001
      9270   2.17366844992368793600E+018   5.69060001128696271167E+001
      9271   2.17366844992368793600E+018   5.69060001128696271167E+001
      9272   2.17366844992368793600E+018   5.69060001128696271167E+001
      9273   2.17366844992368793600E+018   5.69060001128696271167E+001
      9274   2.17366844992368793600E+018   5.69060001128696271167E+001
      9275   2.17366844992368793600E+018   5.69060001128696271167E+001
      9276   2.17366844992368793600E+018   5.69060001128696271167E+001
      9277   2.17366844992368793600E+018   5.69060001128696271167E+001
      9278   2.17366844992368793600E+018   5.69060001128696271167E+001
      9279   2.17366844992368793600E+018   5.69060001128696271167E+001
      9280   2.17366844992368793600E+018   5.69060001128696271167E+001
      9281   2.17366844992368793600E+018   5.69060001128696271167E+001
      9282   2.17366844992368793600E+018   5.69060001128696271167E+001
      9283   2.17366844992368793600E+018   5.69060001128696271167E+001
      9284   2.17366844992368793600E+018   5.69060001128696271167E+001
      9285   2.17366844992368793600E+018   5.69060001128696271167E+001
      9286   2.17366844992368793600E+018   5.69060001128696271167E+001
      9287   2.17366844992368793600E+018   5.69060001128696271167E+001
      9288   2.17366844992368793600E+018   5.69060001128696271167E+001
      9289   2.17366844992368793600E+018   5.69060001128696271167E+001
      9290   2.17366844992368793600E+018   5.69060001128696271167E+001
      9291   2.17366844992368793600E+018   5.69060001128696271167E+001
      9292   2.17366844992368793600E+018   5.69060001128696271167E+001
      9293   2.17366844992368793600E+018   5.69060001128696271167E+001
      9294   2.17366844992368793600E+018   5.69060001128696271167E+001
      9295   2.17366844992368793600E+018   5.69060001128696271167E+001
      9296   2.17366844992368793600E+018   5.69060001128696271167E+001
      9297   2.17366844992368793600E+018   5.69060001128696271167E+001
      9298   2.17366844992368793600E+018   5.69060001128696271167E+001
      9299   2.17366844992368793600E+018   5.69060001128696271167E+001
      9300   2.17366844992368793600E+018   5.69060001128696271167E+001
      9301   2.17366844992368793600E+018   5.69060001128696271167E+001
      9302   2.17366844992368793600E+018   5.69060001128696271167E+001
      9303   2.17366844992368793600E+018   5.69060001128696271167E+001
      9304   2.17366844992368793600E+018   5.69060001128696271167E+001
      9305   2.17366844992368793600E+018   5.69060001128696271167E+001
      9306   2.17366844992368793600E+018   5.69060001128696271167E+001
      9307   2.17366844992368793600E+018   5.69060001128696271167E+001
      9308   2.17366844992368793600E+018   5.69060001128696271167E+001
      9309   2.17366844992368793600E+018   5.69060001128696271167E+001
      9310   2.17366844992368793600E+018   5.69060001128696271167E+001
      9311   2.17366844992368793600E+018   5.69060001128696271167E+001
      9312   2.17366844992368793600E+018   5.69060001128696271167E+001
      9313   2.17366844992368793600E+018   5.69060001128696271167E+001
      9314   2.17366844992368793600E+018   5.69060001128696271167E+001
      9315   2.17366844992368793600E+018   5.69060001128696271167E+001
      9316   2.17366844992368793600E+018   5.69060001128696271167E+001
      9317   2.17366844992368793600E+018   5.69060001128696271167E+001
      9318   2.17366844992368793600E+018   5.69060001128696271167E+001
      9319   2.17366844992368793600E+018   5.69060001128696271167E+001
      9320   2.17366844992368793600E+018   5.69060001128696271167E+001
      9321   2.17366844992368793600E+018   5.69060001128696271167E+001
      9322   2.17366844992368793600E+018   5.69060001128696271167E+001
      9323   2.17366844992368793600E+018   5.69060001128696271167E+001
      9324   2.17366844992368793600E+018   5.69060001128696271167E+001
      9325   2.17366844992368793600E+018   5.69060001128696271167E+001
      9326   2.17366844992368793600E+018   5.69060001128696271167E+001
      9327   2.17366844992368793600E+018   5.69060001128696271167E+001
      9328   2.17366844992368793600E+018   5.69060001128696271167E+001
      9329   2.17366844992368793600E+018   5.69060001128696271167E+001
      9330   2.17366844992368793600E+018   5.69060001128696271167E+001
      9331   2.17366844992368793600E+018   5.69060001128696271167E+001
      9332   2.17366844992368793600E+018   5.69060001128696271167E+001
      9333   2.17366844992368793600E+018   5.69060001128696271167E+001
      9334   2.17366844992368793600E+018   5.69060001128696271167E+001
      9335   2.17366844992368793600E+018   5.69060001128696271167E+001
      9336   2.17366844992368793600E+018   5.69060001128696271167E+001
      9337   2.17366844992368793600E+018   5.69060001128696271167E+001
      9338   2.17366844992368793600E+018   5.69060001128696271167E+001
      9339   2.17366844992368793600E+018   5.69060001128696271167E+001
      9340   2.17366844992368793600E+018   5.69060001128696271167E+001
      9341   2.17366844992368793600E+018   5.69060001128696271167E+001
      9342   2.17366844992368793600E+018   5.69060001128696271167E+001
      9343   2.17366844992368793600E+018   5.69060001128696271167E+001
      9344   2.17366844992368793600E+018   5.69060001128696271167E+001
      9345   2.17366844992368793600E+018   5.69060001128696271167E+001
      9346   2.17366844992368793600E+018   5.69060001128696271167E+001
      9347   2.17366844992368793600E+018   5.69060001128696271167E+001
      9348   2.17366844992368793600E+018   5.69060001128696271167E+001
      9349   2.17366844992368793600E+018   5.69060001128696271167E+001
      9350   2.17366844992368793600E+018   5.69060001128696271167E+001
      9351   2.17366844992368793600E+018   5.69060001128696271167E+001
      9352   2.17366844992368793600E+018   5.69060001128696271167E+001
      9353   2.17366844992368793600E+018   5.69060001128696271167E+001
      9354   2.17366844992368793600E+018   5.69060001128696271167E+001
      9355   2.17366844992368793600E+018   5.69060001128696271167E+001
      9356   2.17366844992368793600E+018   5.69060001128696271167E+001
      9357   2.17366844992368793600E+018   5.69060001128696271167E+001
      9358   2.17366844992368793600E+018   5.69060001128696271167E+001
      9359   2.17366844992368793600E+018   5.69060001128696271167E+001
      9360   2.17366844992368793600E+018   5.69060001128696271167E+001
      9361   2.17366844992368793600E+018   5.69060001128696271167E+001
      9362   2.17366844992368793600E+018   5.69060001128696271167E+001
      9363   2.17366844992368793600E+018   5.69060001128696271167E+001
      9364   2.17366844992368793600E+018   5.69060001128696271167E+001
      9365   2.17366844992368793600E+018   5.69060001128696271167E+001
      9366   2.17366844992368793600E+018   5.69060001128696271167E+001
      9367   2.17366844992368793600E+018   5.69060001128696271167E+001
      9368   2.17366844992368793600E+018   5.69060001128696271167E+001
      9369   2.17366844992368793600E+018   5.69060001128696271167E+001
      9370   2.17366844992368793600E+018   5.69060001128696271167E+001
      9371   2.17366844992368793600E+018   5.69060001128696271167E+001
      9372   2.17366844992368793600E+018   5.69060001128696271167E+001
      9373   2.17366844992368793600E+018   5.69060001128696271167E+001
      9374   2.17366844992368793600E+018   5.69060001128696271167E+001
      9375   2.17366844992368793600E+018   5.69060001128696271167E+001
      9376   2.17366844992368793600E+018   5.69060001128696271167E+001
      9377   2.17366844992368793600E+018   5.69060001128696271167E+001
      9378   2.17366844992368793600E+018   5.69060001128696271167E+001
      9379   2.17366844992368793600E+018   5.69060001128696271167E+001
      9380   2.17366844992368793600E+018   5.69060001128696271167E+001
      9381   2.17366844992368793600E+018   5.69060001128696271167E+001
      9382   2.17366844992368793600E+018   5.69060001128696271167E+001
      9383   2.17366844992368793600E+018   5.69060001128696271167E+001
      9384   2.17366844992368793600E+018   5.69060001128696271167E+001
      9385   2.17366844992368793600E+018   5.69060001128696271167E+001
      9386   2.17366844992368793600E+018   5.69060001128696271167E+001
      9387   2.17366844992368793600E+018   5.69060001128696271167E+001
      9388   2.17366844992368793600E+018   5.69060001128696271167E+001
      9389   2.17366844992368793600E+018   5.69060001128696271167E+001
      9390   2.17366844992368793600E+018   5.69060001128696271167E+001
      9391   2.17366844992368793600E+018   5.69060001128696271167E+001
      9392   2.17366844992368793600E+018   5.69060001128696271167E+001
      9393   2.17366844992368793600E+018   5.69060001128696271167E+001
      9394   2.17366844992368793600E+018   5.69060001128696271167E+001
      9395   2.17366844992368793600E+018   5.69060001128696271167E+001
      9396   2.17366844992368793600E+018   5.69060001128696271167E+001
      9397   2.17366844992368793600E+018   5.69060001128696271167E+001
      9398   2.17366844992368793600E+018   5.69060001128696271167E+001
      9399   2.17366844992368793600E+018   5.69060001128696271167E+001
      9400   2.17366844992368793600E+018   5.69060001128696271167E+001
      9401   2.17366844992368793600E+018   5.69060001128696271167E+001
      9402   2.17366844992368793600E+018   5.69060001128696271167E+001
      9403   2.17366844992368793600E+018   5.69060001128696271167E+001
      9404   2.17366844992368793600E+018   5.69060001128696271167E+001
      9405   2.17366844992368793600E+018   5.69060001128696271167E+001
      9406   2.17366844992368793600E+018   5.69060001128696271167E+001
      9407   2.17366844992368793600E+018   5.69060001128696271167E+001
      9408   2.17366844992368793600E+018   5.69060001128696271167E+001
      9409   2.17366844992368793600E+018   5.69060001128696271167E+001
      9410   2.17366844992368793600E+018   5.69060001128696271167E+001
      9411   2.17366844992368793600E+018   5.69060001128696271167E+001
      9412   2.17366844992368793600E+018   5.69060001128696271167E+001
      9413   2.17366844992368793600E+018   5.69060001128696271167E+001
      9414   2.17366844992368793600E+018   5.69060001128696271167E+001
      9415   2.17366844992368793600E+018   5.69060001128696271167E+001
      9416   2.17366844992368793600E+018   5.69060001128696271167E+001
      9417   2.17366844992368793600E+018   5.69060001128696271167E+001
      9418   2.17366844992368793600E+018   5.69060001128696271167E+001
      9419   2.17366844992368793600E+018   5.69060001128696271167E+001
      9420   2.17366844992368793600E+018   5.69060001128696271167E+001
      9421   2.17366844992368793600E+018   5.69060001128696271167E+001
      9422   2.17366844992368793600E+018   5.69060001128696271167E+001
      9423   2.17366844992368793600E+018   5.69060001128696271167E+001
      9424   2.17366844992368793600E+018   5.69060001128696271167E+001
      9425   2.17366844992368793600E+018   5.69060001128696271167E+001
      9426   2.17366844992368793600E+018   5.69060001128696271167E+001
      9427   2.17366844992368793600E+018   5.69060001128696271167E+001
      9428   2.17366844992368793600E+018   5.69060001128696271167E+001
      9429   2.17366844992368793600E+018   5.69060001128696271167E+001
      9430   2.17366844992368793600E+018   5.69060001128696271167E+001
      9431   2.17366844992368793600E+018   5.69060001128696271167E+001
      9432   2.17366844992368793600E+018   5.69060001128696271167E+001
      9433   2.17366844992368793600E+018   5.69060001128696271167E+001
      9434   2.17366844992368793600E+018   5.69060001128696271167E+001
      9435   2.17366844992368793600E+018   5.69060001128696271167E+001
      9436   2.17366844992368793600E+018   5.69060001128696271167E+001
      9437   2.17366844992368793600E+018   5.69060001128696271167E+001
      9438   2.17366844992368793600E+018   5.69060001128696271167E+001
      9439   2.17366844992368793600E+018   5.69060001128696271167E+001
      9440   2.17366844992368793600E+018   5.69060001128696271167E+001
      9441   2.17366844992368793600E+018   5.69060001128696271167E+001
      9442   2.17366844992368793600E+018   5.69060001128696271167E+001
      9443   2.17366844992368793600E+018   5.69060001128696271167E+001
      9444   2.17366844992368793600E+018   5.69060001128696271167E+001
      9445   2.17366844992368793600E+018   5.69060001128696271167E+001
      9446   2.17366844992368793600E+018   5.69060001128696271167E+001
      9447   2.17366844992368793600E+018   5.69060001128696271167E+001
      9448   2.17366844992368793600E+018   5.69060001128696271167E+001
      9449   2.17366844992368793600E+018   5.69060001128696271167E+001
      9450   2.17366844992368793600E+018   5.69060001128696271167E+001
      9451   2.17366844992368793600E+018   5.69060001128696271167E+001
      9452   2.17366844992368793600E+018   5.69060001128696271167E+001
      9453   2.17366844992368793600E+018   5.69060001128696271167E+001
      9454   2.17366844992368793600E+018   5.69060001128696271167E+001
      9455   2.17366844992368793600E+018   5.69060001128696271167E+001
      9456   2.17366844992368793600E+018   5.69060001128696271167E+001
      9457   2.17366844992368793600E+018   5.69060001128696271167E+001
      9458   2.17366844992368793600E+018   5.69060001128696271167E+001
      9459   2.17366844992368793600E+018   5.69060001128696271167E+001
      9460   2.17366844992368793600E+018   5.69060001128696271167E+001
      9461   2.17366844992368793600E+018   5.69060001128696271167E+001
      9462   2.17366844992368793600E+018   5.69060001128696271167E+001
      9463   2.17366844992368793600E+018   5.69060001128696271167E+001
      9464   2.17366844992368793600E+018   5.69060001128696271167E+001
      9465   2.17366844992368793600E+018   5.69060001128696271167E+001
      9466   2.17366844992368793600E+018   5.69060001128696271167E+001
      9467   2.17366844992368793600E+018   5.69060001128696271167E+001
      9468   2.17366844992368793600E+018   5.69060001128696271167E+001
      9469   2.17366844992368793600E+018   5.69060001128696271167E+001
      9470   2.17366844992368793600E+018   5.69060001128696271167E+001
      9471   2.17366844992368793600E+018   5.69060001128696271167E+001
      9472   2.17366844992368793600E+018   5.69060001128696271167E+001
      9473   2.17366844992368793600E+018   5.69060001128696271167E+001
      9474   2.17366844992368793600E+018   5.69060001128696271167E+001
      9475   2.17366844992368793600E+018   5.69060001128696271167E+001
      9476   2.17366844992368793600E+018   5.69060001128696271167E+001
      9477   2.17366844992368793600E+018   5.69060001128696271167E+001
      9478   2.17366844992368793600E+018   5.69060001128696271167E+001
      9479   2.17366844992368793600E+018   5.69060001128696271167E+001
      9480   2.17366844992368793600E+018   5.69060001128696271167E+001
      9481   2.17366844992368793600E+018   5.69060001128696271167E+001
      9482   2.17366844992368793600E+018   5.69060001128696271167E+001
      9483   2.17366844992368793600E+018   5.69060001128696271167E+001
      9484   2.17366844992368793600E+018   5.69060001128696271167E+001
      9485   2.17366844992368793600E+018   5.69060001128696271167E+001
      9486   2.17366844992368793600E+018   5.69060001128696271167E+001
      9487   2.17366844992368793600E+018   5.69060001128696271167E+001
      9488   2.17366844992368793600E+018   5.69060001128696271167E+001
      9489   2.17366844992368793600E+018   5.69060001128696271167E+001
      9490   2.17366844992368793600E+018   5.69060001128696271167E+001
      9491   2.17366844992368793600E+018   5.69060001128696271167E+001
      9492   2.17366844992368793600E+018   5.69060001128696271167E+001
      9493   2.17366844992368793600E+018   5.69060001128696271167E+001
      9494   2.17366844992368793600E+018   5.69060001128696271167E+001
      9495   2.17366844992368793600E+018   5.69060001128696271167E+001
      9496   2.17366844992368793600E+018   5.69060001128696271167E+001
      9497   2.17366844992368793600E+018   5.69060001128696271167E+001
      9498   2.17366844992368793600E+018   5.69060001128696271167E+001
      9499   2.17366844992368793600E+018   5.69060001128696271167E+001
      9500   2.17366844992368793600E+018   5.69060001128696271167E+001
      9501   2.17366844992368793600E+018   5.69060001128696271167E+001
      9502   2.17366844992368793600E+018   5.69060001128696271167E+001
      9503   2.17366844992368793600E+018   5.69060001128696271167E+001
      9504   2.17366844992368793600E+018   5.69060001128696271167E+001
      9505   2.17366844992368793600E+018   5.69060001128696271167E+001
      9506   2.17366844992368793600E+018   5.69060001128696271167E+001
      9507   2.17366844992368793600E+018   5.69060001128696271167E+001
      9508   2.17366844992368793600E+018   5.69060001128696271167E+001
      9509   2.17366844992368793600E+018   5.69060001128696271167E+001
      9510   2.17366844992368793600E+018   5.69060001128696271167E+001
      9511   2.17366844992368793600E+018   5.69060001128696271167E+001
      9512   2.17366844992368793600E+018   5.69060001128696271167E+001
      9513   2.17366844992368793600E+018   5.69060001128696271167E+001
      9514   2.17366844992368793600E+018   5.69060001128696271167E+001
      9515   2.17366844992368793600E+018   5.69060001128696271167E+001
      9516   2.17366844992368793600E+018   5.69060001128696271167E+001
      9517   2.17366844992368793600E+018   5.69060001128696271167E+001
      9518   2.17366844992368793600E+018   5.69060001128696271167E+001
      9519   2.17366844992368793600E+018   5.69060001128696271167E+001
      9520   2.17366844992368793600E+018   5.69060001128696271167E+001
      9521   2.17366844992368793600E+018   5.69060001128696271167E+001
      9522   2.17366844992368793600E+018   5.69060001128696271167E+001
      9523   2.17366844992368793600E+018   5.69060001128696271167E+001
      9524   2.17366844992368793600E+018   5.69060001128696271167E+001
      9525   2.17366844992368793600E+018   5.69060001128696271167E+001
      9526   2.17366844992368793600E+018   5.69060001128696271167E+001
      9527   2.17366844992368793600E+018   5.69060001128696271167E+001
      9528   2.17366844992368793600E+018   5.69060001128696271167E+001
      9529   2.17366844992368793600E+018   5.69060001128696271167E+001
      9530   2.17366844992368793600E+018   5.69060001128696271167E+001
      9531   2.17366844992368793600E+018   5.69060001128696271167E+001
      9532   2.17366844992368793600E+018   5.69060001128696271167E+001
      9533   2.17366844992368793600E+018   5.69060001128696271167E+001
      9534   2.17366844992368793600E+018   5.69060001128696271167E+001
      9535   2.17366844992368793600E+018   5.69060001128696271167E+001
      9536   2.17366844992368793600E+018   5.69060001128696271167E+001
      9537   2.17366844992368793600E+018   5.69060001128696271167E+001
      9538   2.17366844992368793600E+018   5.69060001128696271167E+001
      9539   2.17366844992368793600E+018   5.69060001128696271167E+001
      9540   2.17366844992368793600E+018   5.69060001128696271167E+001
      9541   2.17366844992368793600E+018   5.69060001128696271167E+001
      9542   2.17366844992368793600E+018   5.69060001128696271167E+001
      9543   2.17366844992368793600E+018   5.69060001128696271167E+001
      9544   2.17366844992368793600E+018   5.69060001128696271167E+001
      9545   2.17366844992368793600E+018   5.69060001128696271167E+001
      9546   2.17366844992368793600E+018   5.69060001128696271167E+001
      9547   2.17366844992368793600E+018   5.69060001128696271167E+001
      9548   2.17366844992368793600E+018   5.69060001128696271167E+001
      9549   2.17366844992368793600E+018   5.69060001128696271167E+001
      9550   2.17366844992368793600E+018   5.69060001128696271167E+001
      9551   2.17366844992368793600E+018   5.69060001128696271167E+001
      9552   2.17366844992368793600E+018   5.69060001128696271167E+001
      9553   2.17366844992368793600E+018   5.69060001128696271167E+001
      9554   2.17366844992368793600E+018   5.69060001128696271167E+001
      9555   2.17366844992368793600E+018   5.69060001128696271167E+001
      9556   2.17366844992368793600E+018   5.69060001128696271167E+001
      9557   2.17366844992368793600E+018   5.69060001128696271167E+001
      9558   2.17366844992368793600E+018   5.69060001128696271167E+001
      9559   2.17366844992368793600E+018   5.69060001128696271167E+001
      9560   2.17366844992368793600E+018   5.69060001128696271167E+001
      9561   2.17366844992368793600E+018   5.69060001128696271167E+001
      9562   2.17366844992368793600E+018   5.69060001128696271167E+001
      9563   2.17366844992368793600E+018   5.69060001128696271167E+001
      9564   2.17366844992368793600E+018   5.69060001128696271167E+001
      9565   2.17366844992368793600E+018   5.69060001128696271167E+001
      9566   2.17366844992368793600E+018   5.69060001128696271167E+001
      9567   2.17366844992368793600E+018   5.69060001128696271167E+001
      9568   2.17366844992368793600E+018   5.69060001128696271167E+001
      9569   2.17366844992368793600E+018   5.69060001128696271167E+001
      9570   2.17366844992368793600E+018   5.69060001128696271167E+001
      9571   2.17366844992368793600E+018   5.69060001128696271167E+001
      9572   2.17366844992368793600E+018   5.69060001128696271167E+001
      9573   2.17366844992368793600E+018   5.69060001128696271167E+001
      9574   2.17366844992368793600E+018   5.69060001128696271167E+001
      9575   2.17366844992368793600E+018   5.69060001128696271167E+001
      9576   2.17366844992368793600E+018   5.69060001128696271167E+001
      9577   2.17366844992368793600E+018   5.69060001128696271167E+001
      9578   2.17366844992368793600E+018   5.69060001128696271167E+001
      9579   2.17366844992368793600E+018   5.69060001128696271167E+001
      9580   2.17366844992368793600E+018   5.69060001128696271167E+001
      9581   2.17366844992368793600E+018   5.69060001128696271167E+001
      9582   2.17366844992368793600E+018   5.69060001128696271167E+001
      9583   2.17366844992368793600E+018   5.69060001128696271167E+001
      9584   2.17366844992368793600E+018   5.69060001128696271167E+001
      9585   2.17366844992368793600E+018   5.69060001128696271167E+001
      9586   2.17366844992368793600E+018   5.69060001128696271167E+001
      9587   2.17366844992368793600E+018   5.69060001128696271167E+001
      9588   2.17366844992368793600E+018   5.69060001128696271167E+001
      9589   2.17366844992368793600E+018   5.69060001128696271167E+001
      9590   2.17366844992368793600E+018   5.69060001128696271167E+001
      9591   2.17366844992368793600E+018   5.69060001128696271167E+001
      9592   2.17366844992368793600E+018   5.69060001128696271167E+001
      9593   2.17366844992368793600E+018   5.69060001128696271167E+001
      9594   2.17366844992368793600E+018   5.69060001128696271167E+001
      9595   2.17366844992368793600E+018   5.69060001128696271167E+001
      9596   2.17366844992368793600E+018   5.69060001128696271167E+001
      9597   2.17366844992368793600E+018   5.69060001128696271167E+001
      9598   2.16055522965898752000E+018   5.66831150584562024619E+001
      9599   2.15460139984427212800E+018   5.68356915645463587339E+001
      9600   2.16177003272104755200E+018   5.71321146570701685619E+001
      9601   2.16865749910729216000E+018   5.72218214874496027278E+001
      9602   2.17910973274234931200E+018   5.74433685443007675531E+001
      9603   2.18219292949799526400E+018   5.74799879032116294297E+001
      9604   2.16585680794896793600E+018   5.75157084081409735177E+001
      9605   2.18175584053937049600E+018   5.74740589701591986227E+001
      9606   2.17135311630187264000E+018   5.75572697734510470013E+001
      9607   2.18026334626087244800E+018   5.76258721998609431125E+001
      9608   2.17181079734505446400E+018   5.78370127607919286561E+001
      9609   2.18487032018194457600E+018   5.78631190749713155697E+001
      9610   2.18469769956952320000E+018   5.78582467143688390365E+001
      9611   2.19689081474123212800E+018   5.81339592085530725285E+001
      9612   2.18644892069089177600E+018   5.81748445609318594052E+001
      9613   2.19053497040957388800E+018   5.84610157945846893313E+001
      9614   2.19334245538049484800E+018   5.83240347424351384120E+001
      9615   2.19520739138706688000E+018   5.83431871834651758491E+001
      9616   2.18092386149473408000E+018   5.84807575498489313759E+001
      9617   2.18729764688019020800E+018   5.83362972275754216867E+001
      9618   2.19592427865897267200E+018   5.86597819952117234266E+001
      9619   2.20142926294153804800E+018   5.87766288470911604236E+001
      9620   2.20269782388125056000E+018   5.87759282716888833420E+001
      9621   2.20827133564725990400E+018   5.90335957046630142031E+001
      9622   2.20421314205132876800E+018   5.91733911166386477021E+001
      9623   2.21008244098876620800E+018   5.91645954836996281756E+001
      9624   2.20889972372999910400E+018   5.92733105440389138607E+001
      9625   2.20098315045705190400E+018   5.92341929313142827596E+001
      9626   2.20722725223823769600E+018   5.92789681653466757894E+001
      9627   2.20289387623031910400E+018   5.94642782682359438695E+001
      9628   2.20855205567464550400E+018   5.95584463491719589001E+001
      9629   2.21939184747428249600E+018   5.95761094608423249497E+001
      9630   2.20743394942947148800E+018   5.97387984009131187690E+001
      9631   2.21547573020055244800E+018   5.99726245296281845754E+001
      9632   2.22756417803957376000E+018   6.01435698602007278168E+001
      9633   2.22243567411269068800E+018   5.99520966304145588310E+001
      9634   2.22338929265058355200E+018   6.01670786190155624240E+001
      9635   2.22119327538959052800E+018   6.04324883610557392899E+001
      9636   2.23581137756244531200E+018   6.08717879926812486246E+001
      9637   2.22998876183477836800E+018   6.10723581137641886585E+001
      9638   2.24033207677578931200E+018   6.12451905880585840691E+001
      9639   2.23534045987000294400E+018   6.15930038322170787524E+001
      9640   2.24375213658573772800E+018   6.19687158553361356894E+001
      9641   2.23781829047318553600E+018   6.21014269044420288424E+001
      9642   2.24263293381465344000E+018   6.23300370688313662981E+001
      9643   2.24124134146876339200E+018   6.24278958318909857894E+001
      9644   2.25561646467967923200E+018   6.25540124884041048858E+001
      9645   2.23224701012143974400E+018   6.26575577275841268943E+001
      9646   2.25495024722898073600E+018   6.27896064732858931734E+001
      9647   2.26379000922643788800E+018   6.27621975417837845157E+001
      9648   2.25952734168358528000E+018   6.26569789614817338474E+001
      9649   2.25958201422864281600E+018   6.30017720890401804468E+001
      9650   2.25002623284825728000E+018   6.30318940800687173009E+001
      9651   2.24498110823951104000E+018   6.30858988554831867646E+001
      9652   2.25587407823768294400E+018   6.27884284576334721351E+001
      9653   2.25441362067829862400E+018   6.30929812350390974984E+001
      9654   2.25171582878389145600E+018   6.32869255128138163968E+001
      9655   2.26106937429552870400E+018   6.34749116717341692606E+001
      9656   2.25407451709643468800E+018   6.34524063888186162785E+001
      9657   2.25755882731421926400E+018   6.35043704530428669841E+001
      9658   2.25558998244500249600E+018   6.36543842022544410497E+001
      9659   2.26522833308648729600E+018   6.36714636300509013722E+001
      9660   2.26699734208811904000E+018   6.38579892444418177888E+001
      9661   2.26035793952278553600E+018   6.39558184330598464840E+001
      9662   2.27852552140063923200E+018   6.39119085631013845727E+001
      9663   2.25762018364823116800E+018   6.41955618719857596943E+001
      9664   2.28136937233962265600E+018   6.43636823548999359446E+001
      9665   2.26821206517760281600E+018   6.41552064294399997380E+001
      9666   2.25462130701925478400E+018   6.42508677059347945715E+001
      9667   2.27749681159070361600E+018   6.42114433105653148459E+001
      9668   2.27151902432218777600E+018   6.42527020825889536582E+001
      9669   2.27721588145440640000E+018   6.44866919367442363864E+001
      9670   2.28462142615595980800E+018   6.46422747969938313872E+001
      9671   2.26669390313231820800E+018   6.49132132198692914926E+001
      9672   2.29254615471745331200E+018   6.51511389586752471814E+001
      9673   2.28264775501834956800E+018   6.52840085591757315342E+001
      9674   2.28542866418816947200E+018   6.51878475853348930968E+001
      9675   2.28523810511775180800E+018   6.52581212453359995607E+001
      9676   2.28495899782056524800E+018   6.57213468460780063651E+001
      9677   2.28611860020459980800E+018   6.58452830380959994727E+001
      9678   2.29090457950268825600E+018   6.60019148464667608778E+001
      9679   2.30387650151160243200E+018   6.62253872762045290301E+001
      9680   2.28653060455211238400E+018   6.62097832837515198889E+001
      9681   2.29257835509184409600E+018   6.63197030501098225841E+001
      9682   2.30619510134274457600E+018   6.66053952652661536149E+001
      9683   2.29665953992079283200E+018   6.66803910651070879112E+001
      9684   2.29892004201503078400E+018   6.66919960929111397263E+001
      9685   2.31296746658617804800E+018   6.69062912358603938401E+001
      9686   2.32255036782339379200E+018   6.69179944020752799361E+001
      9687   2.29513940618736051200E+018   6.68676720580786394521E+001
      9688   2.29626364795632947200E+018   6.69125568366055034630E+001
      9689   2.29199052562943488000E+018   6.70528805251241664109E+001
      9690   2.30665820244636211200E+018   6.69406853474085892231E+001
      9691   2.30750186524408473600E+018   6.69198826184079536006E+001
      9692   2.29141019706758732800E+018   6.72164648645858733289E+001
      9693   2.30279802495498675200E+018   6.71085953398572598871E+001
      9694   2.27493357968937088000E+018   6.71793880397395781756E+001
      9695   2.27606429956305152000E+018   6.74914488998302459777E+001
      9696   2.29195528949040435200E+018   6.73406192165345203193E+001
      9697   2.25357940212141363200E+018   6.70773201507048639769E+001
      9698   2.32037781536042956800E+018   6.70986141707059147166E+001
      9699   2.28939685213446758400E+018   6.76089435049591571669E+001
      9700   2.29648464860102348800E+018   6.73229307236613294663E+001
      9701   2.28798911762699238400E+018   6.72185855983075697395E+001
      9702   2.24275565142971136000E+018   6.63722120737800196366E+001
      9703   2.31870196279190937600E+018   6.78593364564751482249E+001
      9704   2.29899479798171366400E+018   6.77659545098827464926E+001
      9705   2.20003853861996057600E+018   6.55852523706574999096E+001
      9706   2.31482564071396608000E+018   6.81471791920247511598E+001
      9707   2.30635198027198617600E+018   6.79314666585071478266E+001
      9708   2.26231439420095897600E+018   6.73266918043836426477E+001
      9709   2.11581180891982054400E+018   6.43805232537968379347E+001
      9710   2.33760192724158105600E+018   6.89580836243554102793E+001
      9711   2.32494592715591321600E+018   6.87696238991657509132E+001
      9712   2.33374778564107724800E+018   6.88253289997091428631E+001
      9713   2.32480944183578675200E+018   6.90066454474023061039E+001
      9714   2.31453551681836544000E+018   6.87269064895592549647E+001
      9715   2.32737836872805324800E+018   6.90298548575849935105E+001
      9716   2.08929034894352921600E+018   6.39335525686756014352E+001
      9717   2.30418848850351718400E+018   6.79726124906409552295E+001
      9718   2.33086780063182950400E+018   6.87647585569413166695E+001
      9719   2.35302241380467302400E+018   6.88528145128344277737E+001
      9720   2.32823708054835148800E+018   6.84217530507446980437E+001
      9721   2.33193570886800025600E+018   6.82441636332593049019E+001
      9722   2.32140049770049382400E+018   6.81884800546622642514E+001
      9723   2.17366844992368793600E+018   5.69060001128696271167E+001
      9724   2.17366844992368793600E+018   5.69060001128696271167E+001
      9725   2.17366844992368793600E+018   5.69060001128696271167E+001
      9726   2.17366844992368793600E+018   5.69060001128696271167E+001
      9727   2.17366844992368793600E+018   5.69060001128696271167E+001
      9728   2.17366844992368793600E+018   5.69060001128696271167E+001
      9729   2.17366844992368793600E+018   5.69060001128696271167E+001
      9730   2.17366844992368793600E+018   5.69060001128696271167E+001
      9731   2.17366844992368793600E+018   5.69060001128696271167E+001
      9732   2.17366844992368793600E+018   5.69060001128696271167E+001
      9733   2.17366844992368793600E+018   5.69060001128696271167E+001
      9734   2.17366844992368793600E+018   5.69060001128696271167E+001
      9735   2.17366844992368793600E+018   5.69060001128696271167E+001
      9736   2.17366844992368793600E+018   5.69060001128696271167E+001
      9737   2.17366844992368793600E+018   5.69060001128696271167E+001
      9738   2.17366844992368793600E+018   5.69060001128696271167E+001
      9739   2.17366844992368793600E+018   5.69060001128696271167E+001
      9740   2.17366844992368793600E+018   5.69060001128696271167E+001
      9741   2.17366844992368793600E+018   5.69060001128696271167E+001
      9742   2.17366844992368793600E+018   5.69060001128696271167E+001
      9743   2.17366844992368793600E+018   5.69060001128696271167E+001
      9744   2.17366844992368793600E+018   5.69060001128696271167E+001
      9745   2.17366844992368793600E+018   5.69060001128696271167E+001
      9746   2.17366844992368793600E+018   5.69060001128696271167E+001
      9747   2.17366844992368793600E+018   5.69060001128696271167E+001
      9748   2.17366844992368793600E+018   5.69060001128696271167E+001
      9749   2.17366844992368793600E+018   5.69060001128696271167E+001
      9750   2.17366844992368793600E+018   5.69060001128696271167E+001
      9751   2.17366844992368793600E+018   5.69060001128696271167E+001
      9752   2.17366844992368793600E+018   5.69060001128696271167E+001
      9753   2.17366844992368793600E+018   5.69060001128696271167E+001
      9754   2.17366844992368793600E+018   5.69060001128696271167E+001
      9755   2.17366844992368793600E+018   5.69060001128696271167E+001
      9756   2.17366844992368793600E+018   5.69060001128696271167E+001
      9757   2.17366844992368793600E+018   5.69060001128696271167E+001
      9758   2.17366844992368793600E+018   5.69060001128696271167E+001
      9759   2.17366844992368793600E+018   5.69060001128696271167E+001
      9760   2.17366844992368793600E+018   5.69060001128696271167E+001
      9761   2.17366844992368793600E+018   5.69060001128696271167E+001
      9762   2.17366844992368793600E+018   5.69060001128696271167E+001
      9763   2.17366844992368793600E+018   5.69060001128696271167E+001
      9764   2.17366844992368793600E+018   5.69060001128696271167E+001
      9765   2.17366844992368793600E+018   5.69060001128696271167E+001
      9766   2.17366844992368793600E+018   5.69060001128696271167E+001
      9767   2.17366844992368793600E+018   5.69060001128696271167E+001
      9768   2.17366844992368793600E+018   5.69060001128696271167E+001
      9769   2.17366844992368793600E+018   5.69060001128696271167E+001
      9770   2.17366844992368793600E+018   5.69060001128696271167E+001
      9771   2.17366844992368793600E+018   5.69060001128696271167E+001
      9772   2.17366844992368793600E+018   5.69060001128696271167E+001
      9773   2.17366844992368793600E+018   5.69060001128696271167E+001
      9774   2.17366844992368793600E+018   5.69060001128696271167E+001
      9775   2.17366844992368793600E+018   5.69060001128696271167E+001
      9776   2.17366844992368793600E+018   5.69060001128696271167E+001
      9777   2.17366844992368793600E+018   5.69060001128696271167E+001
      9778   2.17366844992368793600E+018   5.69060001128696271167E+001
      9779   2.17366844992368793600E+018   5.69060001128696271167E+001
      9780   2.17366844992368793600E+018   5.69060001128696271167E+001
      9781   2.17366844992368793600E+018   5.69060001128696271167E+001
      9782   2.17366844992368793600E+018   5.69060001128696271167E+001
      9783   2.17366844992368793600E+018   5.69060001128696271167E+001
      9784   2.17366844992368793600E+018   5.69060001128696271167E+001
      9785   2.17366844992368793600E+018   5.69060001128696271167E+001
      9786   2.17366844992368793600E+018   5.69060001128696271167E+001
      9787   2.17366844992368793600E+018   5.69060001128696271167E+001
      9788   2.17366844992368793600E+018   5.69060001128696271167E+001
      9789   2.17366844992368793600E+018   5.69060001128696271167E+001
      9790   2.17366844992368793600E+018   5.69060001128696271167E+001
      9791   2.17366844992368793600E+018   5.69060001128696271167E+001
      9792   2.17366844992368793600E+018   5.69060001128696271167E+001
      9793   2.17366844992368793600E+018   5.69060001128696271167E+001
      9794   2.17366844992368793600E+018   5.69060001128696271167E+001
      9795   2.17366844992368793600E+018   5.69060001128696271167E+001
      9796   2.17366844992368793600E+018   5.69060001128696271167E+001
      9797   2.17366844992368793600E+018   5.69060001128696271167E+001
      9798   2.17366844992368793600E+018   5.69060001128696271167E+001
      9799   2.17366844992368793600E+018   5.69060001128696271167E+001
      9800   2.17366844992368793600E+018   5.69060001128696271167E+001
      9801   2.17366844992368793600E+018   5.69060001128696271167E+001
      9802   2.17366844992368793600E+018   5.69060001128696271167E+001
      9803   2.17366844992368793600E+018   5.69060001128696271167E+001
      9804   2.17366844992368793600E+018   5.69060001128696271167E+001
      9805   2.17366844992368793600E+018   5.69060001128696271167E+001
      9806   2.17366844992368793600E+018   5.69060001128696271167E+001
      9807   2.17366844992368793600E+018   5.69060001128696271167E+001
      9808   2.17366844992368793600E+018   5.69060001128696271167E+001
      9809   2.17366844992368793600E+018   5.69060001128696271167E+001
      9810   2.17366844992368793600E+018   5.69060001128696271167E+001
      9811   2.17366844992368793600E+018   5.69060001128696271167E+001
      9812   2.17366844992368793600E+018   5.69060001128696271167E+001
      9813   2.17366844992368793600E+018   5.69060001128696271167E+001
      9814   2.17366844992368793600E+018   5.69060001128696271167E+001
      9815   2.17366844992368793600E+018   5.69060001128696271167E+001
      9816   2.17366844992368793600E+018   5.69060001128696271167E+001
      9817   2.17366844992368793600E+018   5.69060001128696271167E+001
      9818   2.17366844992368793600E+018   5.69060001128696271167E+001
      9819   2.17366844992368793600E+018   5.69060001128696271167E+001
      9820   2.17366844992368793600E+018   5.69060001128696271167E+001
      9821   2.17366844992368793600E+018   5.69060001128696271167E+001
      9822   2.17366844992368793600E+018   5.69060001128696271167E+001
      9823   2.17366844992368793600E+018   5.69060001128696271167E+001
      9824   2.17366844992368793600E+018   5.69060001128696271167E+001
      9825   2.17366844992368793600E+018   5.69060001128696271167E+001
      9826   2.17366844992368793600E+018   5.69060001128696271167E+001
      9827   2.17366844992368793600E+018   5.69060001128696271167E+001
      9828   2.17366844992368793600E+018   5.69060001128696271167E+001
      9829   2.17366844992368793600E+018   5.69060001128696271167E+001
      9830   2.17366844992368793600E+018   5.69060001128696271167E+001
      9831   2.17366844992368793600E+018   5.69060001128696271167E+001
      9832   2.17366844992368793600E+018   5.69060001128696271167E+001
      9833   2.17366844992368793600E+018   5.69060001128696271167E+001
      9834   2.17366844992368793600E+018   5.69060001128696271167E+001
      9835   2.17366844992368793600E+018   5.69060001128696271167E+001
      9836   2.17366844992368793600E+018   5.69060001128696271167E+001
      9837   2.17366844992368793600E+018   5.69060001128696271167E+001
      9838   2.17366844992368793600E+018   5.69060001128696271167E+001
      9839   2.17366844992368793600E+018   5.69060001128696271167E+001
      9840   2.17366844992368793600E+018   5.69060001128696271167E+001
      9841   2.17366844992368793600E+018   5.69060001128696271167E+001
      9842   2.17366844992368793600E+018   5.69060001128696271167E+001
      9843   2.17366844992368793600E+018   5.69060001128696271167E+001
      9844   2.17366844992368793600E+018   5.69060001128696271167E+001
      9845   2.17366844992368793600E+018   5.69060001128696271167E+001
      9846   2.17366844992368793600E+018   5.69060001128696271167E+001
      9847   2.17366844992368793600E+018   5.69060001128696271167E+001
      9848   2.17366844992368793600E+018   5.69060001128696271167E+001
      9849   2.17366844992368793600E+018   5.69060001128696271167E+001
      9850   2.17366844992368793600E+018   5.69060001128696271167E+001
      9851   2.17366844992368793600E+018   5.69060001128696271167E+001
      9852   2.17366844992368793600E+018   5.69060001128696271167E+001
      9853   2.17366844992368793600E+018   5.69060001128696271167E+001
      9854   2.17366844992368793600E+018   5.69060001128696271167E+001
      9855   2.17366844992368793600E+018   5.69060001128696271167E+001
      9856   2.17366844992368793600E+018   5.69060001128696271167E+001
      9857   2.17366844992368793600E+018   5.69060001128696271167E+001
      9858   2.17366844992368793600E+018   5.69060001128696271167E+001
      9859   2.17366844992368793600E+018   5.69060001128696271167E+001
      9860   2.17366844992368793600E+018   5.69060001128696271167E+001
      9861   2.17366844992368793600E+018   5.69060001128696271167E+001
      9862   2.17366844992368793600E+018   5.69060001128696271167E+001
      9863   2.17366844992368793600E+018   5.69060001128696271167E+001
      9864   2.17366844992368793600E+018   5.69060001128696271167E+001
      9865   2.17366844992368793600E+018   5.69060001128696271167E+001
      9866   2.17366844992368793600E+018   5.69060001128696271167E+001
      9867   2.17366844992368793600E+018   5.69060001128696271167E+001
      9868   2.17366844992368793600E+018   5.69060001128696271167E+001
      9869   2.17366844992368793600E+018   5.69060001128696271167E+001
      9870   2.17366844992368793600E+018   5.69060001128696271167E+001
      9871   2.17366844992368793600E+018   5.69060001128696271167E+001
      9872   2.17366844992368793600E+018   5.69060001128696271167E+001
      9873   2.17366844992368793600E+018   5.69060001128696271167E+001
      9874   2.17366844992368793600E+018   5.69060001128696271167E+001
      9875   2.17366844992368793600E+018   5.69060001128696271167E+001
      9876   2.17366844992368793600E+018   5.69060001128696271167E+001
      9877   2.17366844992368793600E+018   5.69060001128696271167E+001
      9878   2.17366844992368793600E+018   5.69060001128696271167E+001
      9879   2.17366844992368793600E+018   5.69060001128696271167E+001
      9880   2.17366844992368793600E+018   5.69060001128696271167E+001
      9881   2.17366844992368793600E+018   5.69060001128696271167E+001
      9882   2.17366844992368793600E+018   5.69060001128696271167E+001
      9883   2.17366844992368793600E+018   5.69060001128696271167E+001
      9884   2.17366844992368793600E+018   5.69060001128696271167E+001
      9885   2.17366844992368793600E+018   5.69060001128696271167E+001
      9886   2.17366844992368793600E+018   5.69060001128696271167E+001
      9887   2.17366844992368793600E+018   5.69060001128696271167E+001
      9888   2.17366844992368793600E+018   5.69060001128696271167E+001
      9889   2.17366844992368793600E+018   5.69060001128696271167E+001
      9890   2.17366844992368793600E+018   5.69060001128696271167E+001
      9891   2.17366844992368793600E+018   5.69060001128696271167E+001
      9892   2.17366844992368793600E+018   5.69060001128696271167E+001
      9893   2.17366844992368793600E+018   5.69060001128696271167E+001
      9894   2.17366844992368793600E+018   5.69060001128696271167E+001
      9895   2.17366844992368793600E+018   5.69060001128696271167E+001
      9896   2.17366844992368793600E+018   5.69060001128696271167E+001
      9897   2.17366844992368793600E+018   5.69060001128696271167E+001
      9898   2.17366844992368793600E+018   5.69060001128696271167E+001
      9899   2.17366844992368793600E+018   5.69060001128696271167E+001
      9900   2.17366844992368793600E+018   5.69060001128696271167E+001
      9901   2.17366844992368793600E+018   5.69060001128696271167E+001
      9902   2.17366844992368793600E+018   5.69060001128696271167E+001
      9903   2.17366844992368793600E+018   5.69060001128696271167E+001
      9904   2.17366844992368793600E+018   5.69060001128696271167E+001
      9905   2.17366844992368793600E+018   5.69060001128696271167E+001
      9906   2.17366844992368793600E+018   5.69060001128696271167E+001
      9907   2.17366844992368793600E+018   5.69060001128696271167E+001
      9908   2.17366844992368793600E+018   5.69060001128696271167E+001
      9909   2.17366844992368793600E+018   5.69060001128696271167E+001
      9910   2.17366844992368793600E+018   5.69060001128696271167E+001
      9911   2.17366844992368793600E+018   5.69060001128696271167E+001
      9912   2.17366844992368793600E+018   5.69060001128696271167E+001
      9913   2.17366846736349593600E+018   5.69060009563347435346E+001
      9914   2.17366844992368793600E+018   5.69060001128696271167E+001
      9915   2.17366844992368793600E+018   5.69060001128696271167E+001
      9916   2.17366844992368793600E+018   5.69060001128696271167E+001
      9917   2.17366844992368793600E+018   5.69060001128696271167E+001
      9918   2.17366844992368793600E+018   5.69060001128696271167E+001
      9919   2.17366844992368793600E+018   5.69060001128696271167E+001
      9920   2.17366844992368793600E+018   5.69060001128696271167E+001
      9921   2.17366844992368793600E+018   5.69060001128696271167E+001
      9922   2.17366844992368793600E+018   5.69060001128696271167E+001
      9923   2.17366844992368793600E+018   5.69060001128696271167E+001
      9924   2.17366844992368793600E+018   5.69060001128696271167E+001
      9925   2.17366844992368793600E+018   5.69060001128696271167E+001
      9926   2.17366844992368793600E+018   5.69060001128696271167E+001
      9927   2.17366844992368793600E+018   5.69060001128696271167E+001
      9928   2.17366844992368793600E+018   5.69060001128696271167E+001
      9929   2.17366844992368793600E+018   5.69060001128696271167E+001
      9930   2.17366844992368793600E+018   5.69060001128696271167E+001
      9931   2.17366844992368793600E+018   5.69060001128696271167E+001
      9932   2.17366844992368793600E+018   5.69060001128696271167E+001
      9933   2.17366844992368793600E+018   5.69060001128696271167E+001
      9934   2.17366844992368793600E+018   5.69060001128696271167E+001
      9935   2.17366844992368793600E+018   5.69060001128696271167E+001
      9936   2.17366844992368793600E+018   5.69060001128696271167E+001
      9937   2.17366844992368793600E+018   5.69060001128696271167E+001
      9938   2.17366844992368793600E+018   5.69060001128696271167E+001
      9939   2.17366844992368793600E+018   5.69060001128696271167E+001
      9940   2.17366844992368793600E+018   5.69060001128696271167E+001
      9941   2.17366844992368793600E+018   5.69060001128696271167E+001
      9942   2.17366844992368793600E+018   5.69060001128696271167E+001
      9943   2.17366844992368793600E+018   5.69060001128696271167E+001
      9944   2.17366844992368793600E+018   5.69060001128696271167E+001
      9945   2.17366844992368793600E+018   5.69060001128696271167E+001
      9946   2.17366844992368793600E+018   5.69060001128696271167E+001
      9947   2.17366844992368793600E+018   5.69060001128696271167E+001
      9948   2.17366844992368793600E+018   5.69060001128696271167E+001
      9949   2.17366844992368793600E+018   5.69060001128696271167E+001
      9950   2.17366844992368793600E+018   5.69060001128696271167E+001
      9951   2.17366844992368793600E+018   5.69060001128696271167E+001
      9952   2.17366844992368793600E+018   5.69060001128696271167E+001
      9953   2.17366844992368793600E+018   5.69060001128696271167E+001
      9954   2.17366844992368793600E+018   5.69060001128696271167E+001
      9955   2.17366844992368793600E+018   5.69060001128696271167E+001
      9956   2.17366844992368793600E+018   5.69060001128696271167E+001
      9957   2.17366844992368793600E+018   5.69060001128696271167E+001
      9958   2.17366844992368793600E+018   5.69060001128696271167E+001
      9959   2.17366844992368793600E+018   5.69060001128696271167E+001
      9960   2.17366844992368793600E+018   5.69060001128696271167E+001
      9961   2.17366844992368793600E+018   5.69060001128696271167E+001
      9962   2.17366844992368793600E+018   5.69060001128696271167E+001
      9963   2.17366844992368793600E+018   5.69060001128696271167E+001
      9964   2.17366844992368793600E+018   5.69060001128696271167E+001
      9965   2.17366844992368793600E+018   5.69060001128696271167E+001
      9966   2.17366844992368793600E+018   5.69060001128696271167E+001
      9967   2.17366844992368793600E+018   5.69060001128696271167E+001
      9968   2.17366844992368793600E+018   5.69060001128696271167E+001
      9969   2.17366844992368793600E+018   5.69060001128696271167E+001
      9970   2.17366844992368793600E+018   5.69060001128696271167E+001
      9971   2.17366844992368793600E+018   5.69060001128696271167E+001
      9972   2.17366844992368793600E+018   5.69060001128696271167E+001
      9973   2.17366844992368793600E+018   5.69060001128696271167E+001
      9974   2.17366844992368793600E+018   5.69060001128696271167E+001
      9975   2.17366844992368793600E+018   5.69060001128696271167E+001
      9976   2.17366844992368793600E+018   5.69060001128696271167E+001
      9977   2.17366844992368793600E+018   5.69060001128696271167E+001
      9978   2.17366844992368793600E+018   5.69060001128696271167E+001
      9979   2.17366844992368793600E+018   5.69060001128696271167E+001
      9980   2.17366844992368793600E+018   5.69060001128696271167E+001
      9981   2.17366844992368793600E+018   5.69060001128696271167E+001
      9982   2.17366844992368793600E+018   5.69060001128696271167E+001
      9983   2.17366844992368793600E+018   5.69060001128696271167E+001
      9984   2.17366844992368793600E+018   5.69060001128696271167E+001
      9985   2.17366844992368793600E+018   5.69060001128696271167E+001
      9986   2.17366844992368793600E+018   5.69060001128696271167E+001
      9987   2.17366844992368793600E+018   5.69060001128696271167E+001
      9988   2.17366844992368793600E+018   5.69060001128696271167E+001
      9989   2.17366844992368793600E+018   5.69060001128696271167E+001
      9990   2.17366844992368793600E+018   5.69060001128696271167E+001
      9991   2.17366844992368793600E+018   5.69060001128696271167E+001
      9992   2.17366844992368793600E+018   5.69060001128696271167E+001
      9993   2.17366844992368793600E+018   5.69060001128696271167E+001
      9994   2.17366844992368793600E+018   5.69060001128696271167E+001
      9995   2.17366844992368793600E+018   5.69060001128696271167E+001
      9996   2.17366844992368793600E+018   5.69060001128696271167E+001
      9997   2.17366844992368793600E+018   5.69060001128696271167E+001
      9998   2.17366844992368793600E+018   5.69060001128696271167E+001
      9999   2.17366844992368793600E+018   5.69060001128696271167E+001
     10000   2.17366844992368793600E+018   5.69060001128696271167E+001
     10001   2.17366844992368793600E+018   5.69060001128696271167E+001
     10002   2.17366844992368793600E+018   5.69060001128696271167E+001
     10003   2.17366844992368793600E+018   5.69060001128696271167E+001
     10004   2.17366844992368793600E+018   5.69060001128696271167E+001
     10005   2.17366844992368793600E+018   5.69060001128696271167E+001
     10006   2.17366844992368793600E+018   5.69060001128696271167E+001
     10007   2.17366844992368793600E+018   5.69060001128696271167E+001
     10008   2.17366844992368793600E+018   5.69060001128696271167E+001
     10009   2.17366844992368793600E+018   5.69060001128696271167E+001
     10010   2.17366844992368793600E+018   5.69060001128696271167E+001
     10011   2.17366844992368793600E+018   5.69060001128696271167E+001
     10012   2.17366844992368793600E+018   5.69060001128696271167E+001
     10013   2.17366844992368793600E+018   5.69060001128696271167E+001
     10014   2.17366844992368793600E+018   5.69060001128696271167E+001
     10015   2.17366844992368793600E+018   5.69060001128696271167E+001
     10016   2.17366844992368793600E+018   5.69060001128696271167E+001
     10017   2.17366844992368793600E+018   5.69060001128696271167E+001
     10018   2.17366844992368793600E+018   5.69060001128696271167E+001
     10019   2.17366844992368793600E+018   5.69060001128696271167E+001
     10020   2.17366844992368793600E+018   5.69060001128696271167E+001
     10021   2.17366844992368793600E+018   5.69060001128696271167E+001
     10022   2.17366844992368793600E+018   5.69060001128696271167E+001
     10023   2.17366844992368793600E+018   5.69060001128696271167E+001
     10024   2.17366844992368793600E+018   5.69060001128696271167E+001
     10025   2.17366844992368793600E+018   5.69060001128696271167E+001
     10026   2.17366844992368793600E+018   5.69060001128696271167E+001
     10027   2.17366844992368793600E+018   5.69060001128696271167E+001
     10028   2.17366844992368793600E+018   5.69060001128696271167E+001
     10029   2.17366844992368793600E+018   5.69060001128696271167E+001
     10030   2.17366844992368793600E+018   5.69060001128696271167E+001
     10031   2.17366844992368793600E+018   5.69060001128696271167E+001
     10032   2.17366844992368793600E+018   5.69060001128696271167E+001
     10033   2.17366844992368793600E+018   5.69060001128696271167E+001
     10034   2.17366844992368793600E+018   5.69060001128696271167E+001
     10035   2.17366844992368793600E+018   5.69060001128696271167E+001
     10036   2.17366844992368793600E+018   5.69060001128696271167E+001
     10037   2.17366844992368793600E+018   5.69060001128696271167E+001
     10038   2.17366844992368793600E+018   5.69060001128696271167E+001
     10039   2.17366844992368793600E+018   5.69060001128696271167E+001
     10040   2.17366844992368793600E+018   5.69060001128696271167E+001
     10041   2.17366844992368793600E+018   5.69060001128696271167E+001
     10042   2.17366844992368793600E+018   5.69060001128696271167E+001
     10043   2.17366844992368793600E+018   5.69060001128696271167E+001
     10044   2.17366844992368793600E+018   5.69060001128696271167E+001
     10045   2.17366844992368793600E+018   5.69060001128696271167E+001
     10046   2.17366844992368793600E+018   5.69060001128696271167E+001
     10047   2.17366844992368793600E+018   5.69060001128696271167E+001
     10048   2.17366844992368793600E+018   5.69060001128696271167E+001
     10049   2.17366844992368793600E+018   5.69060001128696271167E+001
     10050   2.17366844992368793600E+018   5.69060001128696271167E+001
     10051   2.17366844992368793600E+018   5.69060001128696271167E+001
     10052   2.17366844992368793600E+018   5.69060001128696271167E+001
     10053   2.17366844992368793600E+018   5.69060001128696271167E+001
     10054   2.17366844992368793600E+018   5.69060001128696271167E+001
     10055   2.17366844992368793600E+018   5.69060001128696271167E+001
     10056   2.17366844992368793600E+018   5.69060001128696271167E+001
     10057   2.17366844992368793600E+018   5.69060001128696271167E+001
     10058   2.17366844992368793600E+018   5.69060001128696271167E+001
     10059   2.17366844992368793600E+018   5.69060001128696271167E+001
     10060   2.17366844992368793600E+018   5.69060001128696271167E+001
     10061   2.17366844992368793600E+018   5.69060001128696271167E+001
     10062   2.17366844992368793600E+018   5.69060001128696271167E+001
     10063   2.17366844992368793600E+018   5.69060001128696271167E+001
     10064   2.17366844992368793600E+018   5.69060001128696271167E+001
     10065   2.17366844992368793600E+018   5.69060001128696271167E+001
     10066   2.17366844992368793600E+018   5.69060001128696271167E+001
     10067   2.17366844992368793600E+018   5.69060001128696271167E+001
     10068   2.17366844992368793600E+018   5.69060001128696271167E+001
     10069   2.17366844992368793600E+018   5.69060001128696271167E+001
     10070   2.17366844992368793600E+018   5.69060001128696271167E+001
     10071   2.17366844992368793600E+018   5.69060001128696271167E+001
     10072   2.17366844992368793600E+018   5.69060001128696271167E+001
     10073   2.17366844992368793600E+018   5.69060001128696271167E+001
     10074   2.17366844992368793600E+018   5.69060001128696271167E+001
     10075   2.17366844992368793600E+018   5.69060001128696271167E+001
     10076   2.17366844992368793600E+018   5.69060001128696271167E+001
     10077   2.17366844992368793600E+018   5.69060001128696271167E+001
     10078   2.17366844992368793600E+018   5.69060001128696271167E+001
     10079   2.17366844992368793600E+018   5.69060001128696271167E+001
     10080   2.17366844992368793600E+018   5.69060001128696271167E+001
     10081   2.17366844992368793600E+018   5.69060001128696271167E+001
     10082   2.17366844992368793600E+018   5.69060001128696271167E+001
     10083   2.17366844992368793600E+018   5.69060001128696271167E+001
     10084   2.17366844992368793600E+018   5.69060001128696271167E+001
     10085   2.17366844992368793600E+018   5.69060001128696271167E+001
     10086   2.17366844992368793600E+018   5.69060001128696271167E+001
     10087   2.17366844992368793600E+018   5.69060001128696271167E+001
     10088   2.17366844992368793600E+018   5.69060001128696271167E+001
     10089   2.17366844992368793600E+018   5.69060001128696271167E+001
     10090   2.17366844992368793600E+018   5.69060001128696271167E+001
     10091   2.17366844992368793600E+018   5.69060001128696271167E+001
     10092   2.17366844992368793600E+018   5.69060001128696271167E+001
     10093   2.17366844992368793600E+018   5.69060001128696271167E+001
     10094   2.17366844992368793600E+018   5.69060001128696271167E+001
     10095   2.17366844992368793600E+018   5.69060001128696271167E+001
     10096   2.17366844992368793600E+018   5.69060001128696271167E+001
     10097   2.17366844992368793600E+018   5.69060001128696271167E+001
     10098   2.17366844992368793600E+018   5.69060001128696271167E+001
     10099   2.17366844992368793600E+018   5.69060001128696271167E+001
     10100   2.17366844992368793600E+018   5.69060001128696271167E+001
     10101   2.17366844992368793600E+018   5.69060001128696271167E+001
     10102   2.17366844992368793600E+018   5.69060001128696271167E+001
     10103   2.17366844992368793600E+018   5.69060001128696271167E+001
     10104   2.17366844992368793600E+018   5.69060001128696271167E+001
     10105   2.17367456475140454400E+018   5.69060913953755473926E+001
     10106   2.17366844992368793600E+018   5.69060001128696271167E+001
     10107   2.17366844992368793600E+018   5.69060001128696271167E+001
     10108   2.17366844992368793600E+018   5.69060001128696271167E+001
     10109   2.17366844992368793600E+018   5.69060001128696271167E+001
     10110   2.17366844992368793600E+018   5.69060001128696271167E+001
     10111   2.17366844992368793600E+018   5.69060001128696271167E+001
     10112   2.17366844992368793600E+018   5.69060001128696271167E+001
     10113   2.17366844992368793600E+018   5.69060001128696271167E+001
     10114   2.17366844992368793600E+018   5.69060001128696271167E+001
     10115   2.17366844992368793600E+018   5.69060001128696271167E+001
     10116   2.17366844992368793600E+018   5.69060001128696271167E+001
     10117   2.17366844992368793600E+018   5.69060001128696271167E+001
     10118   2.17366844992368793600E+018   5.69060001128696271167E+001
     10119   2.17366844992368793600E+018   5.69060001128696271167E+001
     10120   2.17366844992368793600E+018   5.69060001128696271167E+001
     10121   2.17366844992368793600E+018   5.69060001128696271167E+001
     10122   2.17366844992368793600E+018   5.69060001128696271167E+001
     10123   2.17366844992368793600E+018   5.69060001128696271167E+001
     10124   2.17366844992368793600E+018   5.69060001128696271167E+001
     10125   2.17366844992368793600E+018   5.69060001128696271167E+001
     10126   2.17366844992368793600E+018   5.69060001128696271167E+001
     10127   2.17366844992368793600E+018   5.69060001128696271167E+001
     10128   2.17366844992368793600E+018   5.69060001128696271167E+001
     10129   2.17366844992368793600E+018   5.69060001128696271167E+001
     10130   2.17366844992368793600E+018   5.69060001128696271167E+001
     10131   2.17366844992368793600E+018   5.69060001128696271167E+001
     10132   2.17366844992368793600E+018   5.69060001128696271167E+001
     10133   2.17366844992368793600E+018   5.69060001128696271167E+001
     10134   2.17366844992368793600E+018   5.69060001128696271167E+001
     10135   2.17366844992368793600E+018   5.69060001128696271167E+001
     10136   2.17366844992368793600E+018   5.69060001128696271167E+001
     10137   2.17366844992368793600E+018   5.69060001128696271167E+001
     10138   2.17366844992368793600E+018   5.69060001128696271167E+001
     10139   2.17366844992368793600E+018   5.69060001128696271167E+001
     10140   2.17366844992368793600E+018   5.69060001128696271167E+001
     10141   2.17366844992368793600E+018   5.69060001128696271167E+001
     10142   2.17366844992368793600E+018   5.69060001128696271167E+001
     10143   2.17366844992368793600E+018   5.69060001128696271167E+001
     10144   2.17366844992368793600E+018   5.69060001128696271167E+001
     10145   2.17366844992368793600E+018   5.69060001128696271167E+001
     10146   2.17366844992368793600E+018   5.69060001128696271167E+001
     10147   2.17366844992368793600E+018   5.69060001128696271167E+001
     10148   2.17366844992368793600E+018   5.69060001128696271167E+001
     10149   2.17366844992368793600E+018   5.69060001128696271167E+001
     10150   2.17366844992368793600E+018   5.69060001128696271167E+001
     10151   2.17366844992368793600E+018   5.69060001128696271167E+001
     10152   2.17366844992368793600E+018   5.69060001128696271167E+001
     10153   2.17366844992368793600E+018   5.69060001128696271167E+001
     10154   2.17366844992368793600E+018   5.69060001128696271167E+001
     10155   2.17366844992368793600E+018   5.69060001128696271167E+001
     10156   2.17366844992368793600E+018   5.69060001128696271167E+001
     10157   2.17366844992368793600E+018   5.69060001128696271167E+001
     10158   2.17366844992368793600E+018   5.69060001128696271167E+001
     10159   2.17366844992368793600E+018   5.69060001128696271167E+001
     10160   2.17366844992368793600E+018   5.69060001128696271167E+001
     10161   2.17366844992368793600E+018   5.69060001128696271167E+001
     10162   2.17366844992368793600E+018   5.69060001128696271167E+001
     10163   2.17366844992368793600E+018   5.69060001128696271167E+001
     10164   2.17366844992368793600E+018   5.69060001128696271167E+001
     10165   2.17366844992368793600E+018   5.69060001128696271167E+001
     10166   2.17366844992368793600E+018   5.69060001128696271167E+001
     10167   2.17366844992368793600E+018   5.69060001128696271167E+001
     10168   2.17366844992368793600E+018   5.69060001128696271167E+001
     10169   2.17366844992368793600E+018   5.69060001128696271167E+001
     10170   2.17366844992368793600E+018   5.69060001128696271167E+001
     10171   2.17366844992368793600E+018   5.69060001128696271167E+001
     10172   2.17366844992368793600E+018   5.69060001128696271167E+001
     10173   2.17366844992368793600E+018   5.69060001128696271167E+001
     10174   2.17366844992368793600E+018   5.69060001128696271167E+001
     10175   2.17366844992368793600E+018   5.69060001128696271167E+001
     10176   2.17366844992368793600E+018   5.69060001128696271167E+001
     10177   2.17366844992368793600E+018   5.69060001128696271167E+001
     10178   2.17366844992368793600E+018   5.69060001128696271167E+001
     10179   2.17366844992368793600E+018   5.69060001128696271167E+001
     10180   2.17366844992368793600E+018   5.69060001128696271167E+001
     10181   2.17366844992368793600E+018   5.69060001128696271167E+001
     10182   2.17366844992368793600E+018   5.69060001128696271167E+001
     10183   2.17366844992368793600E+018   5.69060001128696271167E+001
     10184   2.17366844992368793600E+018   5.69060001128696271167E+001
     10185   2.17366844992368793600E+018   5.69060001128696271167E+001
     10186   2.17366844992368793600E+018   5.69060001128696271167E+001
     10187   2.17366844992368793600E+018   5.69060001128696271167E+001
     10188   2.17366844992368793600E+018   5.69060001128696271167E+001
     10189   2.17366844992368793600E+018   5.69060001128696271167E+001
     10190   2.17366844992368793600E+018   5.69060001128696271167E+001
     10191   2.17366844992368793600E+018   5.69060001128696271167E+001
     10192   2.17366844992368793600E+018   5.69060001128696271167E+001
     10193   2.17366844992368793600E+018   5.69060001128696271167E+001
     10194   2.17366844992368793600E+018   5.69060001128696271167E+001
     10195   2.17366844992368793600E+018   5.69060001128696271167E+001
     10196   2.17366844992368793600E+018   5.69060001128696271167E+001
     10197   2.17366844992368793600E+018   5.69060001128696271167E+001
     10198   2.17366844992368793600E+018   5.69060001128696271167E+001
     10199   2.17366844992368793600E+018   5.69060001128696271167E+001
     10200   2.17366844992368793600E+018   5.69060001128696271167E+001
     10201   2.17366844992368793600E+018   5.69060001128696271167E+001
     10202   2.17366844992368793600E+018   5.69060001128696271167E+001
     10203   2.17366844992368793600E+018   5.69060001128696271167E+001
     10204   2.17366844992368793600E+018   5.69060001128696271167E+001
     10205   2.17366844992368793600E+018   5.69060001128696271167E+001
     10206   2.17366844992368793600E+018   5.69060001128696271167E+001
     10207   2.17366844992368793600E+018   5.69060001128696271167E+001
     10208   2.17366844992368793600E+018   5.69060001128696271167E+001
     10209   2.17366844992368793600E+018   5.69060001128696271167E+001
     10210   2.17366844992368793600E+018   5.69060001128696271167E+001
     10211   2.17366844992368793600E+018   5.69060001128696271167E+001
     10212   2.17366844992368793600E+018   5.69060001128696271167E+001
     10213   2.17366844992368793600E+018   5.69060001128696271167E+001
     10214   2.17366844992368793600E+018   5.69060001128696271167E+001
     10215   2.17366844992368793600E+018   5.69060001128696271167E+001
     10216   2.17366844992368793600E+018   5.69060001128696271167E+001
     10217   2.17366844992368793600E+018   5.69060001128696271167E+001
     10218   2.17366844992368793600E+018   5.69060001128696271167E+001
     10219   2.17366844992368793600E+018   5.69060001128696271167E+001
     10220   2.17366844992368793600E+018   5.69060001128696271167E+001
     10221   2.17366844992368793600E+018   5.69060001128696271167E+001
     10222   2.17366844992368793600E+018   5.69060001128696271167E+001
     10223   2.17366844992368793600E+018   5.69060001128696271167E+001
     10224   2.17366844992368793600E+018   5.69060001128696271167E+001
     10225   2.17366844992368793600E+018   5.69060001128696271167E+001
     10226   2.17366844992368793600E+018   5.69060001128696271167E+001
     10227   2.17366844992368793600E+018   5.69060001128696271167E+001
     10228   2.17366844992368793600E+018   5.69060001128696271167E+001
     10229   2.17366844992368793600E+018   5.69060001128696271167E+001
     10230   2.17366844992368793600E+018   5.69060001128696271167E+001
     10231   2.17366844992368793600E+018   5.69060001128696271167E+001
     10232   2.17366844992368793600E+018   5.69060001128696271167E+001
     10233   2.17366844992368793600E+018   5.69060001128696271167E+001
     10234   2.17366844992368793600E+018   5.69060001128696271167E+001
     10235   2.17366844992368793600E+018   5.69060001128696271167E+001
     10236   2.17366844992368793600E+018   5.69060001128696271167E+001
     10237   2.17366844992368793600E+018   5.69060001128696271167E+001
     10238   2.17366844992368793600E+018   5.69060001128696271167E+001
     10239   2.17366844992368793600E+018   5.69060001128696271167E+001
     10240   2.17366844992368793600E+018   5.69060001128696271167E+001
     10241   2.17366844992368793600E+018   5.69060001128696271167E+001
     10242   2.17366844992368793600E+018   5.69060001128696271167E+001
     10243   2.17366844992368793600E+018   5.69060001128696271167E+001
     10244   2.17366844992368793600E+018   5.69060001128696271167E+001
     10245   2.17366844992368793600E+018   5.69060001128696271167E+001
     10246   2.17366844992368793600E+018   5.69060001128696271167E+001
     10247   2.17366844992368793600E+018   5.69060001128696271167E+001
     10248   2.17366844992368793600E+018   5.69060001128696271167E+001
     10249   2.17366844992368793600E+018   5.69060001128696271167E+001
     10250   2.17366844992368793600E+018   5.69060001128696271167E+001
     10251   2.17366844992368793600E+018   5.69060001128696271167E+001
     10252   2.17366844992368793600E+018   5.69060001128696271167E+001
     10253   2.17366844992368793600E+018   5.69060001128696271167E+001
     10254   2.17366844992368793600E+018   5.69060001128696271167E+001
     10255   2.17366844992368793600E+018   5.69060001128696271167E+001
     10256   2.17366844992368793600E+018   5.69060001128696271167E+001
     10257   2.17366844992368793600E+018   5.69060001128696271167E+001
     10258   2.17366844992368793600E+018   5.69060001128696271167E+001
     10259   2.17366844992368793600E+018   5.69060001128696271167E+001
     10260   2.17366844992368793600E+018   5.69060001128696271167E+001
     10261   2.17366844992368793600E+018   5.69060001128696271167E+001
     10262   2.17366844992368793600E+018   5.69060001128696271167E+001
     10263   2.17366844992368793600E+018   5.69060001128696271167E+001
     10264   2.17366844992368793600E+018   5.69060001128696271167E+001
     10265   2.17366844992368793600E+018   5.69060001128696271167E+001
     10266   2.17366844992368793600E+018   5.69060001128696271167E+001
     10267   2.17366844992368793600E+018   5.69060001128696271167E+001
     10268   2.17366844992368793600E+018   5.69060001128696271167E+001
     10269   2.17366844992368793600E+018   5.69060001128696271167E+001
     10270   2.17366844992368793600E+018   5.69060001128696271167E+001
     10271   2.17366844992368793600E+018   5.69060001128696271167E+001
     10272   2.17366844992368793600E+018   5.69060001128696271167E+001
     10273   2.17366844992368793600E+018   5.69060001128696271167E+001
     10274   2.17366844992368793600E+018   5.69060001128696271167E+001
     10275   2.17366844992368793600E+018   5.69060001128696271167E+001
     10276   2.17366844992368793600E+018   5.69060001128696271167E+001
     10277   2.17366844992368793600E+018   5.69060001128696271167E+001
     10278   2.17366844992368793600E+018   5.69060001128696271167E+001
     10279   2.17366844992368793600E+018   5.69060001128696271167E+001
     10280   2.17366844992368793600E+018   5.69060001128696271167E+001
     10281   2.17366844992368793600E+018   5.69060001128696271167E+001
     10282   2.17366844992368793600E+018   5.69060001128696271167E+001
     10283   2.17366844992368793600E+018   5.69060001128696271167E+001
     10284   2.17366844992368793600E+018   5.69060001128696271167E+001
     10285   2.17366844992368793600E+018   5.69060001128696271167E+001
     10286   2.17366844992368793600E+018   5.69060001128696271167E+001
     10287   2.17366844992368793600E+018   5.69060001128696271167E+001
     10288   2.17366844992368793600E+018   5.69060001128696271167E+001
     10289   2.17366844992368793600E+018   5.69060001128696271167E+001
     10290   2.17366844992368793600E+018   5.69060001128696271167E+001
     10291   2.17366844992368793600E+018   5.69060001128696271167E+001
     10292   2.17366844992368793600E+018   5.69060001128696271167E+001
     10293   2.17366844992368793600E+018   5.69060001128696271167E+001
     10294   2.17366844992368793600E+018   5.69060001128696271167E+001
     10295   2.17366844992368793600E+018   5.69060001128696271167E+001
     10296   2.17366844992368793600E+018   5.69060001128696271167E+001
     10297   2.17366844992368793600E+018   5.69060001128696271167E+001
     10298   2.17366844992368793600E+018   5.69060001128696271167E+001
     10299   2.17366844992368793600E+018   5.69060001128696271167E+001
     10300   2.17366844992368793600E+018   5.69060001128696271167E+001
     10301   2.17366844992368793600E+018   5.69060001128696271167E+001
     10302   2.17366844992368793600E+018   5.69060001128696271167E+001
     10303   2.17366844992368793600E+018   5.69060001128696271167E+001
     10304   2.17366844992368793600E+018   5.69060001128696271167E+001
     10305   2.17366844992368793600E+018   5.69060001128696271167E+001
     10306   2.17366844992368793600E+018   5.69060001128696271167E+001
     10307   2.17366844992368793600E+018   5.69060001128696271167E+001
     10308   2.17366844992368793600E+018   5.69060001128696271167E+001
     10309   2.17366844992368793600E+018   5.69060001128696271167E+001
     10310   2.17366844992368793600E+018   5.69060001128696271167E+001
     10311   2.17366844992368793600E+018   5.69060001128696271167E+001
     10312   2.17366844992368793600E+018   5.69060001128696271167E+001
     10313   2.17366844992368793600E+018   5.69060001128696271167E+001
     10314   2.17366844992368793600E+018   5.69060001128696271167E+001
     10315   2.17366844992368793600E+018   5.69060001128696271167E+001
     10316   2.17366844992368793600E+018   5.69060001128696271167E+001
     10317   2.17366844992368793600E+018   5.69060001128696271167E+001
     10318   2.17366844992368793600E+018   5.69060001128696271167E+001
     10319   2.17366844992368793600E+018   5.69060001128696271167E+001
     10320   2.17366844992368793600E+018   5.69060001128696271167E+001
     10321   2.17366844992368793600E+018   5.69060001128696271167E+001
     10322   2.17366844992368793600E+018   5.69060001128696271167E+001
     10323   2.17366844992368793600E+018   5.69060001128696271167E+001
     10324   2.17366844992368793600E+018   5.69060001128696271167E+001
     10325   2.17366844992368793600E+018   5.69060001128696271167E+001
     10326   2.17366844992368793600E+018   5.69060001128696271167E+001
     10327   2.17366844992368793600E+018   5.69060001128696271167E+001
     10328   2.17366844992368793600E+018   5.69060001128696271167E+001
     10329   2.17366844992368793600E+018   5.69060001128696271167E+001
     10330   2.17366844992368793600E+018   5.69060001128696271167E+001
     10331   2.17366844992368793600E+018   5.69060001128696271167E+001
     10332   2.17366844992368793600E+018   5.69060001128696271167E+001
     10333   2.17366844992368793600E+018   5.69060001128696271167E+001
     10334   2.17366844992368793600E+018   5.69060001128696271167E+001
